#
# A fatal error has been detected by the Java Runtime Environment:
#
#  EXCEPTION_ACCESS_VIOLATION (0xc0000005) at pc=0x0000000000000000, pid=14420, tid=13776
#
# JRE version: Java(TM) SE Runtime Environment (22.0.2+9) (build 22.0.2+9-70)
# Java VM: Java HotSpot(TM) 64-Bit Server VM (22.0.2+9-70, mixed mode, sharing, tiered, compressed oops, compressed class ptrs, g1 gc, windows-amd64)
# Problematic frame:
# C  [jdwp.dll+0x161bf]
#
# No core dump will be written. Minidumps are not enabled by default on client versions of Windows
#
# If you would like to submit a bug report, please visit:
#   https://bugreport.java.com/bugreport/crash.jsp
# The crash happened outside the Java Virtual Machine in native code.
# See problematic frame for where to report the bug.
#

---------------  S U M M A R Y ------------

Command Line: -agentlib:jdwp=transport=dt_socket,server=n,suspend=y,address=localhost:8712 -XX:+ShowCodeDetailsInExceptionMessages com.csproject.Main

Host: 11th Gen Intel(R) Core(TM) i5-11320H @ 3.20GHz, 8 cores, 15G,  Windows 10 , 64 bit Build 19041 (10.0.19041.5072)
Time: Tue Dec 10 20:00:41 2024  Windows 10 , 64 bit Build 19041 (10.0.19041.5072) elapsed time: 33.918819 seconds (0d 0h 0m 33s)

---------------  T H R E A D  ---------------

Current thread (0x000001479bca9110):  JavaThread "main"             [_thread_in_native, id=13776, stack(0x00000023b6f00000,0x00000023b7000000) (1024K)]

Stack: [0x00000023b6f00000,0x00000023b7000000],  sp=0x00000023b6ffec30,  free space=1019k
Native frames: (J=compiled Java code, j=interpreted, Vv=VM code, C=native code)

Java frames: (J=compiled Java code, j=interpreted, Vv=VM code)
j  java.lang.Shutdown.halt0(I)V+0 java.base@22.0.2
j  java.lang.Shutdown.halt(I)V+7 java.base@22.0.2
j  java.lang.Shutdown.exit(I)V+16 java.base@22.0.2
j  java.lang.Runtime.exit(I)V+14 java.base@22.0.2
j  java.lang.System.exit(I)V+4 java.base@22.0.2
j  com.csproject.jMEMain.simpleUpdate(F)V+467
J 4361 c2 com.jme3.app.SimpleApplication.update()V (235 bytes) @ 0x00000147abe00a4c [0x00000147abe00020+0x0000000000000a2c]
J 4369 c2 com.jme3.system.lwjgl.LwjglWindow.runLoop()V (220 bytes) @ 0x00000147abe0f670 [0x00000147abe0f5e0+0x0000000000000090]
j  com.jme3.system.lwjgl.LwjglWindow.run()V+51
j  com.jme3.system.lwjgl.LwjglWindow.create(Z)V+27
j  com.jme3.app.LegacyApplication.start(Lcom/jme3/system/JmeContext$Type;Z)V+92
j  com.jme3.app.LegacyApplication.start()V+5
j  com.jme3.app.SimpleApplication.start()V+51
j  com.csproject.jMEMain.main([Ljava/lang/String;)V+9
j  com.csproject.Main.main([Ljava/lang/String;)V+1
v  ~StubRoutines::call_stub 0x00000147ab52100d

siginfo: EXCEPTION_ACCESS_VIOLATION (0xc0000005), data execution prevention violation at address 0x0000000000000000


Registers:
RAX=0x0000014783020000, RBX=0x0000014799a9aa80, RCX=0x000001479bca94d0, RDX=0x0000014799a9aa80
RSP=0x00000023b6ffec28, RBP=0x00007fff5c7b0428, RSI=0x00000023b6ffecd0, RDI=0x000001479bca94d0
R8 =0x0000000000010002, R9 =0x0000000000000000, R10=0x00007fff31bc0000, R11=0x00000023b6ffebf8
R12=0x0000000000000006, R13=0x000001479bca1010, R14=0x0000000000000000, R15=0x0000000000000000
RIP=0x0000000000000000, EFLAGS=0x0000000000010202


Register to memory mapping:

RAX=0x0000014783020000 points into unknown readable memory: 0x0000000000000000 | 00 00 00 00 00 00 00 00
RBX=0x0000014799a9aa80 points into unknown readable memory: 0x000000071222af00 | 00 af 22 12 07 00 00 00
RCX=0x000001479bca94d0 points into unknown readable memory: 0x0000014783020000 | 00 00 02 83 47 01 00 00
RDX=0x0000014799a9aa80 points into unknown readable memory: 0x000000071222af00 | 00 af 22 12 07 00 00 00
RSP=0x00000023b6ffec28 is pointing into the stack for thread: 0x000001479bca9110
RBP=0x00007fff5c7b0428 jdwp.dll
RSI=0x00000023b6ffecd0 is pointing into the stack for thread: 0x000001479bca9110
RDI=0x000001479bca94d0 points into unknown readable memory: 0x0000014783020000 | 00 00 02 83 47 01 00 00
R8 =0x0000000000010002 is an unknown value
R9 =0x0 is null
R10=0x00007fff31bc0000 VCRUNTIME140.dll
R11=0x00000023b6ffebf8 is pointing into the stack for thread: 0x000001479bca9110
R12=0x0000000000000006 is an unknown value
R13=0x000001479bca1010 points into unknown readable memory: 0x00007fff0dd976b0 | b0 76 d9 0d ff 7f 00 00
R14=0x0 is null
R15=0x0 is null

Top of Stack: (sp=0x00000023b6ffec28)
0x00000023b6ffec28:   00007fff5c7961bf 0000014799a9aa80
0x00000023b6ffec38:   00000023b6ffecd0 0000000000000000
0x00000023b6ffec48:   0000000000000000 00002e043dc43233
0x00000023b6ffec58:   0000014799a6cca0 0000000000000003
0x00000023b6ffec68:   0000000000000002 000001479bca96f0
0x00000023b6ffec78:   00007fff5c794529 0000014799a9aa80
0x00000023b6ffec88:   00007fff5c7b0428 000001479bca9110
0x00000023b6ffec98:   000001479bca94d0 00007fff0d8650b4
0x00000023b6ffeca8:   00007fff73f47eac 0000000000000000
0x00000023b6ffecb8:   00007fff76861910 0000000000000000
0x00000023b6ffecc8:   00007fff76875887 0000000000000006
0x00000023b6ffecd8:   0000014799a9aa80 0000000000000000
0x00000023b6ffece8:   0000000000000000 0000000000000000
0x00000023b6ffecf8:   0000000000000000 0000000000000000
0x00000023b6ffed08:   0000000000000000 0000000000000000
0x00000023b6ffed18:   0000000000000000 0000000000000000
0x00000023b6ffed28:   000001479bca96f0 0000014799a61390
0x00000023b6ffed38:   00007fff0d757f11 0000000000000000
0x00000023b6ffed48:   000001478010aa10 000001479bca9110
0x00000023b6ffed58:   0000000000000000 0000000000000000
0x00000023b6ffed68:   00007fff73f53177 0000014799a62010
0x00000023b6ffed78:   000001479bca9780 000001479bca9790
0x00000023b6ffed88:   000001479bca9b68 00000000000003d8
0x00000023b6ffed98:   000001479bca9110 000001479bca9110
0x00000023b6ffeda8:   0000014799a623d0 000001479bca9b70
0x00000023b6ffedb8:   000001479bca9b80 000001479bca9c58
0x00000023b6ffedc8:   00000000000000d8 00000023b6fff9b0
0x00000023b6ffedd8:   0000000000000000 0000000000000020
0x00000023b6ffede8:   000001479bca2aa0 000001479bca9110
0x00000023b6ffedf8:   00000023b6ffee30 00007fff0de1a500
0x00000023b6ffee08:   00007fff0de1b480 0000000000000020
0x00000023b6ffee18:   000001479bd2df80 000001479bca9110 

Instructions: (pc=0x00007fff5c7961bf)
0x00007fff5c7960bf:   2c 41 b8 61 02 00 00 48 8d 0d cb 6e 01 00 48 8b
0x00007fff5c7960cf:   d3 e8 7f 50 00 00 41 8b cc e8 33 a0 ff ff 48 8b
0x00007fff5c7960df:   d0 48 8d 0d 89 a4 01 00 e8 10 51 00 00 4c 8b 4e
0x00007fff5c7960ef:   28 48 8d 0d 91 a4 01 00 4c 8b 46 20 48 8b 56 08
0x00007fff5c7960ff:   e8 4c 0d 01 00 48 8b 05 e5 0f 02 00 f6 80 10 02
0x00007fff5c79610f:   00 00 02 74 28 41 b8 6a 02 00 00 48 8d 0d a3 62
0x00007fff5c79611f:   01 00 48 8b d3 e8 2b 50 00 00 48 8d 15 88 63 01
0x00007fff5c79612f:   00 48 8d 0d a1 62 01 00 e8 c0 50 00 00 48 8b 07
0x00007fff5c79613f:   48 8b cf ff 50 78 48 8b 0d a4 0f 02 00 4c 8b f8
0x00007fff5c79614f:   f6 81 10 02 00 00 02 74 28 41 b8 6b 02 00 00 48
0x00007fff5c79615f:   8d 0d 5f 62 01 00 48 8b d3 e8 e7 4f 00 00 48 8d
0x00007fff5c79616f:   15 7c 63 01 00 48 8d 0d 5d 62 01 00 e8 7c 50 00
0x00007fff5c79617f:   00 48 8b 07 48 8b cf ff 90 88 00 00 00 83 3d 19
0x00007fff5c79618f:   0b 02 00 00 76 0c e8 ce 5b ff ff 83 25 0b 0b 02
0x00007fff5c79619f:   00 00 48 8b 5e 08 48 85 db 74 4b 48 8b 05 3f 0f
0x00007fff5c7961af:   02 00 80 78 13 00 74 0b 48 8b cb e8 f5 06 01 00
0x00007fff5c7961bf:   88 46 10 4d 8b c7 48 8b d6 41 8a ce e8 08 a1 00
0x00007fff5c7961cf:   00 48 8b e8 48 85 c0 75 25 48 8b cb e8 c0 44 00
0x00007fff5c7961df:   00 84 c0 0f 84 ea 00 00 00 48 8b d3 41 8a ce e8
0x00007fff5c7961ef:   ad 13 00 00 eb e3 e8 0e 0e 00 00 48 8b e8 4c 8b
0x00007fff5c7961ff:   cd 44 88 74 24 20 45 8b c4 48 8b d6 48 8b cf e8
0x00007fff5c79620f:   e1 00 00 00 83 3e 14 75 0b 48 8b 05 d1 0e 02 00
0x00007fff5c79621f:   c6 40 10 01 48 85 db 75 08 48 8b cd e8 0c 53 ff
0x00007fff5c79622f:   ff 48 8b 05 b9 0e 02 00 4d 85 ff 74 43 f6 80 10
0x00007fff5c79623f:   02 00 00 02 74 2c 41 b8 b3 02 00 00 48 8d 15 d6
0x00007fff5c79624f:   a1 01 00 48 8d 0d 6b 61 01 00 e8 f6 4e 00 00 48
0x00007fff5c79625f:   8d 15 1b 7d 01 00 48 8d 0d 6c 61 01 00 e8 8b 4f
0x00007fff5c79626f:   00 00 48 8b 07 49 8b d7 48 8b cf ff 50 68 eb 41
0x00007fff5c79627f:   f6 80 10 02 00 00 02 74 2c 41 b8 b5 02 00 00 48
0x00007fff5c79628f:   8d 15 93 a1 01 00 48 8d 0d 28 61 01 00 e8 b3 4e
0x00007fff5c79629f:   00 00 48 8d 15 48 62 01 00 48 8d 0d 29 61 01 00
0x00007fff5c7962af:   e8 48 4f 00 00 48 8b 07 48 8b cf ff 90 88 00 00 


Stack slot to memory mapping:

stack at sp + 0 slots: 0x0000014799a9aa80 points into unknown readable memory: 0x000000071222af00 | 00 af 22 12 07 00 00 00
stack at sp + 1 slots: 0x00000023b6ffecd0 is pointing into the stack for thread: 0x000001479bca9110
stack at sp + 2 slots: 0x0 is null
stack at sp + 3 slots: 0x0 is null
stack at sp + 4 slots: 0x00002e043dc43233 is an unknown value
stack at sp + 5 slots: 0x0000014799a6cca0 points into unknown readable memory: 0x0000004000000001 | 01 00 00 00 40 00 00 00
stack at sp + 6 slots: 0x0000000000000003 is an unknown value
stack at sp + 7 slots: 0x0000000000000002 is an unknown value


Compiled method (c2) 34087 4361       4       com.jme3.app.SimpleApplication::update (235 bytes)
 total in heap  [0x00000147abdff710,0x00000147abe0b3a0] = 48272
 relocation     [0x00000147abdff868,0x00000147abdffff8] = 1936
 constants      [0x00000147abe00000,0x00000147abe00020] = 32
 main code      [0x00000147abe00020,0x00000147abe06b70] = 27472
 stub code      [0x00000147abe06b70,0x00000147abe06d00] = 400
 oops           [0x00000147abe06d00,0x00000147abe06d28] = 40
 metadata       [0x00000147abe06d28,0x00000147abe071b0] = 1160
 scopes data    [0x00000147abe071b0,0x00000147abe09808] = 9816
 scopes pcs     [0x00000147abe09808,0x00000147abe0aa98] = 4752
 dependencies   [0x00000147abe0aa98,0x00000147abe0abf8] = 352
 handler table  [0x00000147abe0abf8,0x00000147abe0b0c0] = 1224
 nul chk table  [0x00000147abe0b0c0,0x00000147abe0b3a0] = 736


[Constant Pool]
             Address          hex4                    hex8      
  0x00000147abe00000:   0x00000000      0x3089705f00000000      
  0x00000147abe00004:   0x3089705f                              
  0x00000147abe00008:   0x3f800000      0x3c75c28f3f800000      
  0x00000147abe0000c:   0x3c75c28f                              
  0x00000147abe00010:   0x00000000      0x41cdcd6500000000      
  0x00000147abe00014:   0x41cdcd65                              
  0x00000147abe00018:   0xf4f4f4f4      0xf4f4f4f4f4f4f4f4      
  0x00000147abe0001c:   0xf4f4f4f4                              

[MachCode]
[Entry Point]
  # {method} {0x00000147fc401f90} 'update' '()V' in 'com/jme3/app/SimpleApplication'
  #           [sp+0xf0]  (sp of caller)
  0x00000147abe00020: ;   {no_reloc}
  0x00000147abe00020: 448b 5208 | 49bb 0000 | 00bb 4701 | 0000 4d03 | d349 3bc2 

  0x00000147abe00034: ;   {runtime_call ic_miss_stub}
  0x00000147abe00034: 0f85 46e9 | 76ff 6690 | 0f1f 4000 
[Verified Entry Point]
  0x00000147abe00040: 8984 2400 | 80ff ff55 | 4881 ece0 | 0000 0090 | 4181 7f20 | 0500 0000 | 0f85 066b | 0000 4889 
  0x00000147abe00060: 5424 208b | 6a5c 85ed | 0f85 f239 | 0000 8b72 

  0x00000147abe00070: ;   {oop(a 'java/lang/Class'{0x0000000704c86c60} = 'com/jme3/audio/AudioContext')}
  0x00000147abe00070: 1849 ba60 | 6cc8 0407 | 0000 0041 | 8b6a 7045 | 8b54 ec08 

  0x00000147abe00084: ;   {metadata('java/lang/ThreadLocal')}
  0x00000147abe00084: 4181 faa8 | 060f 000f | 85e3 3900 | 004d 8d1c | ec4d 8b97 | 8803 0000 | 4d8b 0245 | 8b48 4c43 
  0x00000147abe000a4: 8b7c cc14 

  0x00000147abe000a8: ; implicit exception: dispatches to 0x00000147abe05a3c
  0x00000147abe000a8: 418b 4cfc | 0c44 8d51 | ff45 2353 | 0c85 c90f | 86cf 3900 | 0049 8d1c | fc42 8b5c | 9310 418b 
  0x00000147abe000c8: 44dc 0c48 | 8bd0 48c1 | e203 493b | d30f 85f1 | 3900 0041 | 807f 3800 | 0f85 9b2e | 0000 4189 
  0x00000147abe000e8: 74dc 1c4c | 8bd6 49c1 | e203 4d8d | 1cdc 4d33 | d349 c1ea | 154d 85d2 | 741e 85f6 | 741a 49c1 
  0x00000147abe00108: eb09 48b9 | 0000 2eb0 | 4701 0000 | 4903 cb80 | 3902 0f85 | 992e 0000 | 4c8b 5424 | 2041 8b6a 
  0x00000147abe00128: 5c85 ed0f | 85e3 3900 | 0045 8b52 | 6044 8954 | 2450 4585 | d20f 8405 | 3900 004b | 8d14 d44f 
  0x00000147abe00148: 8d54 d40c | 4c89 5424 | 2841 8b32 | 488b de48 | c1e3 034c | 8bf3 49bd | 0000 2eb0 | 4701 0000 
  0x00000147abe00168: ; implicit exception: dispatches to 0x00000147abe05a04
  0x00000147abe00168: 418b 7e0c | 85ff 0f85 | 491a 0000 | 418b 6e10 | 85ed 0f85 | 112b 0000 

  0x00000147abe00180: ;   {no_reloc}
  0x00000147abe00180: 493b de0f | 8539 2b00 | 004c 8b54 | 2420 c4c1 | 7a10 420c 

  0x00000147abe00194: ;   {section_word}
  0x00000147abe00194: c5f8 2e05 | 64fe ffff | 7a06 0f84 | 3443 0000 | 410f b66a | 1185 ed0f | 855b 4300 | 0041 8b72 
  0x00000147abe001b4: 3449 8b5c | f410 49ba | 20d2 880d | ff7f 0000 

  0x00000147abe001c4: ;   {other}
  0x00000147abe001c4: 41ff d20f | 1f84 0000 | 0000 004c | 8b54 2420 | 410f b66a | 1048 2bc3 | 492b 44f4 

  0x00000147abe001e0: ;   {section_word}
  0x00000147abe001e0: 18c5 fa10 | 0d1f feff | ffc4 e1fa 

  0x00000147abe001ec: ;   {section_word}
  0x00000147abe001ec: 2ac0 c5fa | 5915 0efe | ffff c5fa | 1154 2428 | c4c1 7a11 | 54f4 0cc5 | f25e cac4 | c17a 114c 
  0x00000147abe0020c: f420 49ba | 20d2 880d | ff7f 0000 

  0x00000147abe00218: ;   {other}
  0x00000147abe00218: 41ff d20f | 1f84 0000 | 0000 0048 | 2bc3 4989 | 44f4 1885 | ed0f 84ed | 4200 004c | 8b54 2420 
  0x00000147abe00238: 418b 6a5c | 85ed 0f85 | 583a 0000 | 458b 4254 

  0x00000147abe00248: ; implicit exception: dispatches to 0x00000147abe05a88
  0x00000147abe00248: 438b 6cc4 | 38c5 fa10 | 4424 28c4 | 817a 1144 

  0x00000147abe00258: ;   {section_word}
  0x00000147abe00258: c40c c5fa | 100d aafd | ffff c5f8 | 2ec8 0f86 | b22e 0000 | 41bb 0100 | 0000 4788 | 5cc4 3645 
  0x00000147abe00278: 8b54 ec08 

  0x00000147abe0027c: ;   {metadata('com/jme3/input/lwjgl/GlfwKeyInput')}
  0x00000147abe0027c: 4181 fab8 | f01a 010f | 8527 3a00 | 00c5 fa11 | 4424 304c | 896c 2428 | 48c1 e503 | 4f8d 14c4 
  0x00000147abe0029c: 4c89 5424 | 3844 8944 | 2434 48ba | 203a 1537 | ff7f 0000 

  0x00000147abe002b0: ;   {static_call}
  0x00000147abe002b0: 6666 90e8 

  0x00000147abe002b4: ; ImmutableOopMap {rbp=Oop [32]=Oop [52]=NarrowOop [56]=Oop }
                      ;*invokestatic invokeD {reexecute=0 rethrow=0 return_oop=0}
                      ; - org.lwjgl.glfw.GLFW::glfwGetTime@5 (line 4439)
                      ; - com.jme3.input.lwjgl.GlfwKeyInput::getInputTimeNanos@0 (line 187)
                      ; - com.jme3.input.InputManager::update@25 (line 901)
                      ; - com.jme3.app.LegacyApplication::update@91 (line 724)
                      ; - com.jme3.app.SimpleApplication::update@20 (line 246)
  0x00000147abe002b4: 0857 edff 

  0x00000147abe002b8: ;   {other}
  0x00000147abe002b8: 0f1f 8400 | a80b 0000 

  0x00000147abe002c0: ;   {section_word}
  0x00000147abe002c0: c5fb 5905 | 48fd ffff | 448b 5424 | 3447 8b5c | d438 43c6 | 44d4 3401 | c461 fb2c 

  0x00000147abe002dc: ;   {external_word}
  0x00000147abe002dc: c04c 3b05 | dc0f 72ff | 0f84 6568 | 0000 4d8b | c84f 2b4c | d418 4f89 | 4cd4 2047 | 8b4c dc08 
  0x00000147abe002fc: ;   {metadata('com/jme3/input/lwjgl/GlfwKeyInput')}
  0x00000147abe002fc: 4181 f9b8 | f01a 010f | 85c7 3900 | 0049 c1e3 | 0341 8b6b | 1441 8b4c | ec14 458b | 4ccc 0c45 
  0x00000147abe0031c: 85c9 0f84 | 1042 0000 | 418b 5b10 

  0x00000147abe00328: ; implicit exception: dispatches to 0x00000147abe05b3c
  0x00000147abe00328: 458b 4cdc 

  0x00000147abe0032c: ;   {metadata('java/util/ArrayDeque')}
  0x00000147abe0032c: 0841 81f9 | d0ba 1b00 | 0f85 ca39 | 0000 4d8d | 0cdc 418b | 490c 418b | 7910 3bcf | 0f85 8225 
  0x00000147abe0034c: 0000 438b | 6cd4 3c45 | 8b4c ec08 

  0x00000147abe00358: ;   {metadata('com/jme3/input/lwjgl/GlfwMouseInput')}
  0x00000147abe00358: 4181 f978 | ca1a 010f | 85d7 3900 | 004d 8d1c | ec41 8b6b | 5485 ed0f | 85e7 4100 | 0041 8b5b 
  0x00000147abe00378: 3441 8b4c 

  0x00000147abe0037c: ;   {metadata('java/util/ArrayDeque')}
  0x00000147abe0037c: dc08 81f9 | d0ba 1b00 | 0f85 ce39 | 0000 4d8d | 0cdc 418b | 790c 458b | 4910 413b | f90f 8524 
  0x00000147abe0039c: 2600 0041 | 8b6b 3845 | 8b4c ec08 

  0x00000147abe003a8: ;   {metadata('java/util/ArrayDeque')}
  0x00000147abe003a8: 4181 f9d0 | ba1b 000f | 85db 3900 | 004d 8d0c | ec41 8b59 | 0c45 8b49 | 1041 3bd9 | 0f85 ea39 
  0x00000147abe003c8: 0000 438b | 6cd4 4085 | ed0f 85a9 | 4100 0043 | 8b6c d444 | 85ed 0f85 | 043a 0000 | 4c89 4424 
  0x00000147abe003e8: 4047 8864 | d434 4489 | 5424 3448 | 8b54 2438 | 488b 6c24 

  0x00000147abe003fc: ;   {optimized virtual_call}
  0x00000147abe003fc: 2066 90e8 

  0x00000147abe00400: ; ImmutableOopMap {rbp=Oop [32]=Oop [52]=NarrowOop [56]=Oop }
                      ;*invokespecial processQueue {reexecute=0 rethrow=0 return_oop=0}
                      ; - com.jme3.input.InputManager::update@102 (line 917)
                      ; - com.jme3.app.LegacyApplication::update@91 (line 724)
                      ; - com.jme3.app.SimpleApplication::update@20 (line 246)
  0x00000147abe00400: dc10 0100 

  0x00000147abe00404: ;   {other}
  0x00000147abe00404: 0f1f 8400 | f40c 0001 | 448b 5424 | 3447 8b44 | d458 438b | 6cc4 2045 | 8b5c ec0c | 4585 db0f 
  0x00000147abe00424: 86db 3900 | 0045 8b4c | ec10 478b | 5cc4 1045 | 85db 0f8e | bc00 0000 | 4b8d 14c4 | 33c9 33ff 
  0x00000147abe00444: 413b cb0f | 8dfb 4700 | 0045 85c9 | 0f85 5e28 | 0000 478b | 5cc4 208d | 6f01 438b | 74dc 0c3b 
  0x00000147abe00464: ee0f 83a9 | 4700 004b | 8d1c dc4c | 63cf 468b | 4c8b 1445 | 85c9 0f85 | 8100 0000 | 83c7 023b 
  0x00000147abe00484: fe7d 2666 | 0f1f 8400 | 0000 0000 | 3bfe 7319 | 448b 4cbb | 1049 8b87 

  0x00000147abe0049c: ; ImmutableOopMap {r10=NarrowOop r11=NarrowOop r8=NarrowOop r9=NarrowOop rbx=Oop rdx=Oop [32]=Oop [56]=Oop }
                      ;*ifnull {reexecute=1 rethrow=0 return_oop=0}
                      ; - (reexecute) com.jme3.util.IntMap$IntMapIterator::next@86 (line 279)
                      ; - com.jme3.util.IntMap$IntMapIterator::next@1 (line 228)
                      ; - com.jme3.input.InputManager::invokeUpdateActions@18 (line 210)
                      ; - com.jme3.input.InputManager::update@106 (line 918)
                      ; - com.jme3.app.LegacyApplication::update@91 (line 724)
                      ; - com.jme3.app.SimpleApplication::update@20 (line 246)
  0x00000147abe0049c: 6004 0000 

  0x00000147abe004a0: ;   {poll}
  0x00000147abe004a0: 8500 4585 | c975 5cff | c73b fe7c | e3ba e4ff | ffff 488b | 6c24 20c5 | fa10 4424 | 30c5 fa11 
  0x00000147abe004c0: 4424 2848 | 8b5c 2440 | 4889 5c24 | 3089 7c24 | 3889 4c24 | 3c44 894c | 2440 4489 | 5424 4844 
  0x00000147abe004e0: 895c 244c | 4489 4424 

  0x00000147abe004e8: ;   {runtime_call UncommonTrapBlob}
  0x00000147abe004e8: 5066 90e8 

  0x00000147abe004ec: ; ImmutableOopMap {rbp=Oop [64]=NarrowOop [72]=NarrowOop [76]=NarrowOop [80]=NarrowOop }
                      ;*aaload {reexecute=0 rethrow=0 return_oop=0}
                      ; - com.jme3.util.IntMap$IntMapIterator::next@78 (line 278)
                      ; - com.jme3.util.IntMap$IntMapIterator::next@1 (line 228)
                      ; - com.jme3.input.InputManager::invokeUpdateActions@18 (line 210)
                      ; - com.jme3.input.InputManager::update@106 (line 918)
                      ; - com.jme3.app.LegacyApplication::update@91 (line 724)
                      ; - com.jme3.app.SimpleApplication::update@20 (line 246)
  0x00000147abe004ec: 1078 77ff 

  0x00000147abe004f0: ;   {other}
  0x00000147abe004f0: 0f1f 8400 | e00d 0003 | 33f6 33ff | e91d 0300 | 008b fd43 | 8b5c cc14 | 4b8d 34cc | 448b 5e0c 
  0x00000147abe00510: 448b 4e10 | ffc1 438b 

  0x00000147abe00518: ;   {metadata('java/lang/Long')}
  0x00000147abe00518: 44cc 0881 | f8c8 0f03 | 000f 8585 | 5000 0044 | 895c 2464 | 4889 7424 | 6889 5c24 | 6089 7c24 
  0x00000147abe00538: 5c89 4c24 | 5848 8954 | 2450 4489 | 4424 4c4f | 8b5c d418 | 4489 5424 | 484f 8b54 | d410 4f8d 
  0x00000147abe00558: 04cc 4d8b | 4010 4c89 | 4424 704d | 3bd0 0f8c | e829 0000 | 4d2b da4c | 895c 2478 | 4d85 db0f 
  0x00000147abe00578: 8e4b 0200 | 0044 8b5c | 2448 430f | b66c dc36 | 85ed 0f84 | 0447 0000 | 458b d347 | 8b54 d450 
  0x00000147abe00598: 418b ca47 | 8b54 d420 | 8b6c 2464 | 4123 6ccc | 1447 8b44 | d40c 413b | e80f 8361 | 4100 0049 
  0x00000147abe005b8: c1e2 0345 | 8b54 aa10 | 4585 d20f | 84ab 4100 | 0049 c1e2 | 0345 8b5a | 0c44 3b5c | 2464 0f85 
  0x00000147abe005d8: 7231 0000 | 418b 6a10 

  0x00000147abe005e0: ; implicit exception: dispatches to 0x00000147abe04774
  0x00000147abe005e0: 458b 5cec 

  0x00000147abe005e4: ;   {metadata('java/util/ArrayList')}
  0x00000147abe005e4: 0841 81fb | 28e3 0900 | 0f85 a650 | 0000 4d8d | 14ec 4c89 | 9424 8000 | 0000 458b | 5a10 4489 
  0x00000147abe00604: 9c24 8800 | 0000 458d | 53ff 418b | ca45 85d2 | 0f8c ae01 | 0000 448b | 5c24 48c4 | 817a 1044 
  0x00000147abe00624: dc0c 448b | 8424 8800 | 0000 4585 | c00f 8c71 | 4400 0041 | 3bc8 0f83 | 8c41 0000 | 4c8b 9424 
  0x00000147abe00644: 8000 0000 | 458b 5a14 | 448b d144 | 8994 248c | 0000 0047 | 8b54 dc0c | 448b 8c24 | 8c00 0000 
  0x00000147abe00664: 453b ca0f | 83fb 4100 | 004f 8d14 | dc43 8b6c | 8a10 458b 

  0x00000147abe00678: ;   {metadata('com/jme3/input/InputManager$Mapping')}
  0x00000147abe00678: 5cec 0841 | 81fb e09d | 1b01 0f85 | 6050 0000 | 4d8d 14ec | 4c89 9424 | 9000 0000 | 458b 5214 
  0x00000147abe00698: 4489 9424 | 9800 0000 

  0x00000147abe006a0: ; implicit exception: dispatches to 0x00000147abe06710
  0x00000147abe006a0: 478b 5cd4 | 1044 899c | 249c 0000 | 0049 c1e2 | 034c 8994 | 24a0 0000 | 0044 8b94 | 249c 0000 
  0x00000147abe006c0: 0041 ffca | 4585 d20f | 8cca 0000 | 0044 8b84 | 249c 0000 | 0066 6666 | 0f1f 8400 | 0000 0000 
  0x00000147abe006e0: 4585 c00f | 8c57 4400 | 0045 3bd0 | 0f83 0642 | 0000 448b | 9c24 9800 | 0000 478b | 44dc 1445 
  0x00000147abe00700: 8bda 4489 | 9c24 a800 | 0000 478b | 5cc4 0c8b | 8c24 a800 | 0000 413b | cb0f 83ad | 4200 004f 
  0x00000147abe00720: 8d1c c445 | 8b54 8b10 | 4489 9424 | ac00 0000 

  0x00000147abe00730: ; implicit exception: dispatches to 0x00000147abe06880
  0x00000147abe00730: 478b 54d4 

  0x00000147abe00734: ;   {metadata('com/csproject/InputAppState')}
  0x00000147abe00734: 0841 81fa | 8889 2001 | 0f85 0527 | 0000 448b | 9424 ac00 | 0000 4b8d | 2cd4 448b 

  0x00000147abe00750: ;   {metadata('com/csproject/InputAppState')}
  0x00000147abe00750: 5508 4181 | fa88 8920 | 010f 855a | 2600 004d | 8b97 6004 | 0000 448b | 9c24 ac00 | 0000 49c1 
  0x00000147abe00770: e303 8b8c | 24a8 0000 

  0x00000147abe00778: ; ImmutableOopMap {r11=Oop [32]=Oop [56]=Oop [72]=NarrowOop [76]=NarrowOop [80]=Oop [96]=NarrowOop [104]=Oop [128]=Oop [144]=Oop [152]=NarrowOop [160]=Oop }
                      ;*goto {reexecute=1 rethrow=0 return_oop=0}
                      ; - (reexecute) com.jme3.input.InputManager::invokeAnalogs@128 (line 243)
                      ; - com.jme3.input.InputManager::invokeUpdateActions@76 (line 217)
                      ; - com.jme3.input.InputManager::update@106 (line 918)
                      ; - com.jme3.app.LegacyApplication::update@91 (line 724)
                      ; - com.jme3.app.SimpleApplication::update@20 (line 246)
                      ;   {poll}
  0x00000147abe00778: 00ff c941 | 8502 85c9 | 7c18 448b | 9c24 9800 | 0000 478b | 44dc 1044 | 8bd1 e949 | ffff ff41 
  0x00000147abe00798: 8bca 4d8b | 9760 0400 | 0044 8b9c | 248c 0000 

  0x00000147abe007a8: ; ImmutableOopMap {[32]=Oop [56]=Oop [72]=NarrowOop [76]=NarrowOop [80]=Oop [96]=NarrowOop [104]=Oop [128]=Oop [144]=Oop [160]=Oop }
                      ;*goto {reexecute=1 rethrow=0 return_oop=0}
                      ; - (reexecute) com.jme3.input.InputManager::invokeAnalogs@134 (line 239)
                      ; - com.jme3.input.InputManager::invokeUpdateActions@76 (line 217)
                      ; - com.jme3.input.InputManager::update@106 (line 918)
                      ; - com.jme3.app.LegacyApplication::update@91 (line 724)
                      ; - com.jme3.app.SimpleApplication::update@20 (line 246)
  0x00000147abe007a8: 0041 ffcb 

  0x00000147abe007ac: ;   {poll}
  0x00000147abe007ac: 4185 0245 | 85db 7c14 | 4c8b 9424 | 8000 0000 | 458b 4210 | 418b cbe9 | 66fe ffff | 4d8b 9760 
  0x00000147abe007cc: ; ImmutableOopMap {[32]=Oop [56]=Oop [72]=NarrowOop [76]=NarrowOop [80]=Oop [96]=NarrowOop [104]=Oop }
                      ;*goto {reexecute=1 rethrow=0 return_oop=0}
                      ; - (reexecute) com.jme3.input.InputManager::invokeUpdateActions@79 (line 219)
                      ; - com.jme3.input.InputManager::update@106 (line 918)
                      ; - com.jme3.app.LegacyApplication::update@91 (line 724)
                      ; - com.jme3.app.SimpleApplication::update@20 (line 246)
                      ;   {poll}
  0x00000147abe007cc: 0400 0041 | 8502 448b | 5424 4c47 | 8b5c d410 | 448b 4424 | 5845 3bc3 | 7d21 448b | 5424 4844 
  0x00000147abe007ec: 8b44 244c | 448b 4c24 | 6048 8b54 | 2450 8b4c | 2458 8b7c | 245c e93d | fcff ff44 | 8b54 2448 
  0x00000147abe0080c: 448b 4424 | 4c44 8b4c | 2460 8b74 | 2458 8b7c | 245c 438b | 5cd4 5c41 | 8b6c dc20 

  0x00000147abe00828: ; implicit exception: dispatches to 0x00000147abe05cac
  0x00000147abe00828: 418b 4cec | 0c85 c90f | 86f3 3500 | 0045 8b5c | dc10 4585 | db0f 8fe5 | 3200 004f | 8b5c d418 
  0x00000147abe00848: 4f89 5cd4 | 104c 8b5c | 2440 4f89 | 5cd4 184c | 8b54 2420 | 418b 4a18 

  0x00000147abe00860: ; implicit exception: dispatches to 0x00000147abe06380
  0x00000147abe00860: 458b 5ccc | 0841 8b6a | 5c85 ed0f | 85ef 3500 | 0045 8b42 | 34c4 817a | 1044 c40c 

  0x00000147abe0087c: ;   {metadata('com/jme3/audio/openal/ALAudioRenderer')}
  0x00000147abe0087c: 4181 fbc0 | 211b 010f | 85eb 3500 | 004d 8d04 | cc41 8b68 | 4885 ed0f | 84c7 3200 | 004d 8d0c 
  0x00000147abe0089c: ec48 8d9c | 24d0 0000 | 0049 8b01 | a802 0f85 | 2300 0000 | 4883 c801 | 4889 03f0 | 490f b119 
  0x00000147abe008bc: 0f84 3700 | 0000 482b | c448 2507 | f0ff ff48 | 8903 e924 | 0000 004c | 8bd8 4833 | c0f0 4d0f 
  0x00000147abe008dc: b17b 3e48 | c703 0300 | 0000 7411 | 4c3b f875 | 1549 ff83 | 8600 0000 | 4833 c075 | 0949 ff87 
  0x00000147abe008fc: 5805 0000 | 33c0 0f85 | 8c35 0000 | 4c89 4c24 | 404c 8944 | 2438 c5fa | 1144 2430 | 4c89 5424 
  0x00000147abe0091c: 2049 8bd0 

  0x00000147abe00920: ;   {optimized virtual_call}
  0x00000147abe00920: 6666 90e8 

  0x00000147abe00924: ; ImmutableOopMap {rbp=NarrowOop [32]=Oop [56]=Oop [64]=Oop }
                      ;*invokevirtual updateInRenderThread {reexecute=0 rethrow=0 return_oop=0}
                      ; - com.jme3.audio.openal.ALAudioRenderer::update@9 (line 850)
                      ; - com.jme3.app.LegacyApplication::update@131 (line 729)
                      ; - com.jme3.app.SimpleApplication::update@20 (line 246)
  0x00000147abe00924: 98d5 f5ff 

  0x00000147abe00928: ;   {other}
  0x00000147abe00928: 0f1f 8400 | 1812 0007 | 4c8b 5c24 | 4048 8d84 | 24d0 0000 | 0048 8338 | 000f 8479 | 0000 004d 
  0x00000147abe00948: 8b13 41f6 | c202 0f84 | 6200 0000 | 4983 ba86 | 0000 0000 | 7409 49ff | 8a86 0000 | 00eb 4b49 
  0x00000147abe00968: 8b82 9600 | 0000 490b | 828e 0000 | 0075 0a49 | c742 3e00 | 0000 00eb | 3d49 83ba | 9e00 0000 
  0x00000147abe00988: 0074 2248 | 33c0 49c7 | 423e 0000 | 0000 f083 | 0424 0049 | 83ba 9e00 | 0000 0075 | 0df0 4d0f 
  0x00000147abe009a8: b17a 3e75 | 0583 c801 | eb0c a800 | eb08 4c8b | 10f0 4d0f | b113 750a | 49ff 8f58 | 0500 0045 
  0x00000147abe009c8: 33d2 0f85 | 0635 0000 | 4c8b 5c24 | 20c4 c17a 

  0x00000147abe009d8: ;   {section_word}
  0x00000147abe009d8: 104b 0cc5 | f82e 0d1d | f6ff ff7a | 060f 84b1 | 3b00 0041 | 0fb6 6b11 | 85ed 0f85 | d83b 0000 
  0x00000147abe009f8: 458b 5334 

  0x00000147abe009fc: ; implicit exception: dispatches to 0x00000147abe05d10
  0x00000147abe009fc: c481 7259 | 4cd4 0c41 | 8b6b 5c85 | ed0f 85ef | 3400 0045 | 8b53 5845 | 85d2 0f84 | 6431 0000 
  0x00000147abe00a1c: c5fa 114c | 2450 4c89 | 5c24 304b | 8d14 d4c5 

  0x00000147abe00a2c: ;   {optimized virtual_call}
  0x00000147abe00a2c: f828 c1e8 

  0x00000147abe00a30: ; ImmutableOopMap {[32]=Oop [48]=Oop }
                      ;*invokevirtual update {reexecute=0 rethrow=0 return_oop=0}
                      ; - com.jme3.app.SimpleApplication::update@77 (line 255)
  0x00000147abe00a30: acdc fcff 

  0x00000147abe00a34: ;   {other}
  0x00000147abe00a34: 0f1f 8400 | 2413 0008 | 488b 5424 | 20c5 fa10 

  0x00000147abe00a44: ;   {optimized virtual_call}
  0x00000147abe00a44: 4424 50e8 

  0x00000147abe00a48: ; ImmutableOopMap {[32]=Oop [48]=Oop }
                      ;*invokevirtual simpleUpdate {reexecute=0 rethrow=0 return_oop=0}
                      ; - com.jme3.app.SimpleApplication::update@82 (line 258)
  0x00000147abe00a48: b460 0200 

  0x00000147abe00a4c: ;   {other}
  0x00000147abe00a4c: 0f1f 8400 | 3c13 0009 | 4c8b 5424 | 2041 8b6a | 5c85 ed0f | 85b3 3400 | 0041 8b6a | 6445 8b54 
  0x00000147abe00a6c: ;   {metadata('com/jme3/scene/Node')}
  0x00000147abe00a6c: ec08 4181 | fa10 3200 | 010f 85b1 | 3400 004d | 8d14 ec4c | 8954 2458 | 418b 4a4c 

  0x00000147abe00a88: ; implicit exception: dispatches to 0x00000147abe05d4c
  0x00000147abe00a88: 458b 5ccc | 0c45 85db | 0f84 d100 | 0000 418b | 6ccc 1885 | ed0f 8427 | 1a00 0045 | 8b54 ec08 
  0x00000147abe00aa8: ;   {metadata('com/jme3/scene/control/Control'[])}
  0x00000147abe00aa8: 4181 fad0 | 9521 010f | 85b7 4c00 | 004d 8d0c | ec45 8b59 | 0c45 85db | 0f86 a100 | 0000 458d 
  0x00000147abe00ac8: 53ff 453b | d30f 8345 | 3b00 0045 | 33c0 4489 | 5c24 54eb | 3866 6690 | 488b 4c24 | 20e9 8b08 
  0x00000147abe00ae8: 0000 660f | 1f44 0000 | 4c8b 4c24 | 20e9 b304 | 0000 660f | 1f44 0000 | 4c8b 4424 | 20e9 e300 
  0x00000147abe00b08: 0000 660f | 1f44 0000 | 4c8b 4c24 | 2043 8b6c | 8110 4489 | 4424 384c | 894c 2420 | 488b d548 
  0x00000147abe00b28: c1e2 03c5 | fa10 4424 | 50c5 fa11 | 4424 3cc5 | f828 c8c5 | fa11 4c24 | 4848 b8ff | ffff ffff 
  0x00000147abe00b48: ;   {virtual_call}
  0x00000147abe00b48: ffff ffe8 

  0x00000147abe00b4c: ; ImmutableOopMap {rbp=NarrowOop [32]=Oop [48]=Oop [88]=Oop }
                      ;*invokeinterface update {reexecute=0 rethrow=0 return_oop=0}
                      ; - com.jme3.scene.Spatial::runControlUpdate@43 (line 737)
                      ; - com.jme3.scene.Spatial::updateLogicalState@2 (line 880)
                      ; - com.jme3.scene.Node::updateLogicalState@2 (line 231)
                      ; - com.jme3.app.SimpleApplication::update@109 (line 261)
  0x00000147abe00b4c: 30e8 76ff 

  0x00000147abe00b50: ;   {other}
  0x00000147abe00b50: 0f1f 8400 | 4014 000a | 448b 4424 | 3841 ffc0 | 443b 4424 | 547c a94c | 8b54 2458 | 453b 6258 
  0x00000147abe00b70: 0f84 631f | 0000 4c8b | 5424 3041 | 8b6a 6845 | 8b54 ec08 

  0x00000147abe00b84: ;   {metadata('com/jme3/scene/Node')}
  0x00000147abe00b84: 4181 fa10 | 3200 010f | 85bb 3300 | 004d 8d14 | ec4c 8954 | 2458 458b | 4a4c 478b | 5ccc 0c45 
  0x00000147abe00ba4: 85db 0f84 | 9700 0000 | 438b 6ccc | 1885 ed0f | 8405 1b00 | 0045 8b54 

  0x00000147abe00bbc: ;   {metadata('com/jme3/scene/control/Control'[])}
  0x00000147abe00bbc: ec08 4181 | fad0 9521 | 010f 85d5 | 4b00 004d | 8d04 ec45 | 8b58 0c45 | 85db 766b | 458d 53ff 
  0x00000147abe00bdc: 453b d30f | 836b 3a00 | 0045 33d2 | 4489 5c24 | 5443 8b6c | 9010 4489 | 5424 384c | 8944 2420 
  0x00000147abe00bfc: 488b d548 | c1e2 03c5 | fa10 4424 | 50c5 fa11 | 4424 3cc5 | f828 c8c5 | fa11 4c24 | 4848 b8ff 
  0x00000147abe00c1c: ffff ffff 

  0x00000147abe00c20: ;   {virtual_call}
  0x00000147abe00c20: ffff ffe8 

  0x00000147abe00c24: ; ImmutableOopMap {rbp=NarrowOop [32]=Oop [48]=Oop [88]=Oop }
                      ;*invokeinterface update {reexecute=0 rethrow=0 return_oop=0}
                      ; - com.jme3.scene.Spatial::runControlUpdate@43 (line 737)
                      ; - com.jme3.scene.Spatial::updateLogicalState@2 (line 880)
                      ; - com.jme3.scene.Node::updateLogicalState@2 (line 231)
                      ; - com.jme3.app.SimpleApplication::update@117 (line 262)
  0x00000147abe00c24: 58e7 76ff 

  0x00000147abe00c28: ;   {other}
  0x00000147abe00c28: 0f1f 8400 | 1815 000b | 448b 5424 | 3841 ffc2 | 443b 5424 | 540f 8cbd | feff ff4c | 8b54 2458 
  0x00000147abe00c48: 453b 6258 | 0f84 121f | 0000 4c8b | 5424 3045 | 8b52 6447 | 8b5c d410 | 4585 db0f | 84af 0300 
  0x00000147abe00c68: 0041 8beb | 83e5 040f | 8513 3a00 | 004b 8d14 | d441 f6c3 | 010f 84b7 | 0200 0047 | 8b5c d458 
  0x00000147abe00c88: ; implicit exception: dispatches to 0x00000147abe0639c
  0x00000147abe00c88: 438b 4cdc | 4847 8b5c | d444 438b | 7cd4 4845 | 8b44 fc10 

  0x00000147abe00c9c: ; implicit exception: dispatches to 0x00000147abe060f8
  0x00000147abe00c9c: 478b 4cdc | 1045 85c0 | 0f84 3235 | 0000 c481 | 7a10 4ccc | 0cc4 817a | 114c c40c | 418b 74fc 
  0x00000147abe00cbc: 0c43 8b44 | dc0c c481 | 7a10 44cc | 14c4 817a | 1144 c414 | c481 7a10 | 4ccc 10c4 | 817a 114c 
  0x00000147abe00cdc: c410 85f6 | 0f84 2235 | 0000 c441 | 7a10 44c4 | 0cc4 417a | 1144 f40c | 458b 4cfc | 1443 8b6c 
  0x00000147abe00cfc: dc14 c4c1 | 7a10 7cc4 | 10c4 c17a | 117c f410 | c4c1 7a10 | 4cc4 18c4 | c17a 114c | f418 c441 
  0x00000147abe00d1c: 7a10 54c4 | 14c4 417a 

  0x00000147abe00d24: ;   {no_reloc}
  0x00000147abe00d24: 1154 f414 | 4585 c90f | 8403 3500 | 00c4 c17a | 1054 ec0c | c481 7a11 | 54cc 0cc4 | c17a 1044 
  0x00000147abe00d44: ec14 c481 | 7a11 44cc | 14c4 c17a | 1064 ec10 | c481 7a11 | 64cc 1041 | 8b6c cc14 

  0x00000147abe00d60: ; implicit exception: dispatches to 0x00000147abe063b8
  0x00000147abe00d60: c4c1 7a10 | 5cec 0cc4 | c17a 1074 | ec14 418b | 5ccc 0cc5 | ca59 c0c4 | 817a 1144 | cc14 c4c1 
  0x00000147abe00d80: 7a10 6cec | 10c5 e259 | c2c4 817a | 1144 cc0c | c5d2 59d4 | c481 7a11 | 54cc 10c4 | c17a 1044 
  0x00000147abe00da0: dc0c 4889 | 5424 2044 | 8954 2438 | c4c1 7a10 | 5cdc 18c4 | c17a 1054 | dc14 c572 | 59e3 c572 
  0x00000147abe00dc0: 59da c53a | 59f2 c5c2 | 59e2 c52a | 59cb c542 | 59eb c5ba | 59d3 c4c1 | 7a10 6cdc | 10c5 fa59 
  0x00000147abe00de0: c1c5 f259 | ddc5 aa59 | cdc4 c17a | 1074 ec14 | c481 4a59 | 6cc4 14c4 | 817a 116c | c414 c5fa 
  0x00000147abe00e00: 58c9 c4c1 | 7a10 44ec | 0cc4 817a | 596c c40c | c481 7a11 | 6cc4 0cc5 | f25c c4c4 | c17a 1064 
  0x00000147abe00e20: ec10 c481 

  0x00000147abe00e24: ;   {no_reloc}
  0x00000147abe00e24: 5a59 4cc4 | 10c4 817a | 114c c410 | c5fa 58ca | c4c1 7a11 | 4cf4 0cc4 | c17a 1044 | dc0c c5c2 
  0x00000147abe00e44: 59c8 49c1 

  0x00000147abe00e48: ;   {external_word}
  0x00000147abe00e48: e003 c5f8 | 5705 2e04 | 72ff c4c1 | 7a59 e2c4 | c17a 59c0 | c5da 58db | c4c1 6258 | dec4 c162 
  0x00000147abe00e68: 58d5 c4c1 | 7a11 54f4 | 10c4 c17a | 105c dc10 | c5ba 59d3 | c5c2 59e3 | c5f2 5cca | c5fa 5cd4 
  0x00000147abe00e88: c4c1 7258 | c3c4 c17a | 58c9 c4c1 | 7a11 4cf4 | 14c4 c17a | 1044 dc14 | c4c1 7a59 | cac5 ea5c 
  0x00000147abe00ea8: c1c4 c17a | 58cc c4c1 | 7a11 4cf4 | 1849 8d14 | dc4d 8d14 | fc89 7c24 | 4049 8d2c | cc89 4c24 
  0x00000147abe00ec8: 3c4c 8954 

  0x00000147abe00ecc: ;   {optimized virtual_call}
  0x00000147abe00ecc: 2458 90e8 

  0x00000147abe00ed0: ; ImmutableOopMap {rbp=Oop [32]=Oop [48]=Oop [56]=NarrowOop [60]=NarrowOop [64]=NarrowOop [88]=Oop }
                      ;*invokevirtual multLocal {reexecute=0 rethrow=0 return_oop=1}
                      ; - com.jme3.math.Transform::combineWithParent@48 (line 207)
                      ; - com.jme3.scene.Spatial::updateWorldTransforms@82 (line 652)
                      ; - com.jme3.scene.Node::updateGeometricState@31 (line 258)
                      ; - com.jme3.app.SimpleApplication::update@124 (line 264)
  0x00000147abe00ed0: acdf 76ff 

  0x00000147abe00ed4: ;   {other}
  0x00000147abe00ed4: 0f1f 8400 | c417 000c | 448b 4c24 | 3c43 8b6c | cc10 4885 | c00f 8471 | 3300 00c4 | c17a 1044 
  0x00000147abe00ef4: ec0c c5fa | 5848 0cc5 | fa11 480c | 448b 5424 | 3847 8b5c | d410 4183 | e3fe 4789 | 5cd4 10c4 
  0x00000147abe00f14: c17a 104c | ec14 c5f2 | 5840 14c5 | fa11 4014 | c4c1 7a10 | 4cec 10c5 | f258 4010 | c5fa 1140 
  0x00000147abe00f34: 1048 8b54 | 2420 418b | eb83 e510 | 0f85 5a37 | 0000 438b | 5cd4 5c41 | 83e3 f747 | 895c d410 
  0x00000147abe00f54: ; implicit exception: dispatches to 0x00000147abe060ac
  0x00000147abe00f54: 458b 5cdc | 0c45 85db | 0f84 9700 | 0000 418b | 6cdc 1885 | ed0f 848b | 1100 0045 | 8b44 ec08 
  0x00000147abe00f74: ;   {metadata('com/jme3/scene/Spatial'[])}
  0x00000147abe00f74: 4181 f890 | 951a 010f | 8583 4800 | 004d 8d0c | ec45 8b41 | 0c45 85c0 | 766b 458d | 58ff 453b 
  0x00000147abe00f94: d80f 839d | 3300 0045 | 33db 4489 | 5424 4848 | 8954 2440 | 4489 4424 | 3c43 8b6c | 9910 4489 
  0x00000147abe00fb4: 5c24 384c | 894c 2420 | 488b d548 | c1e2 0366 | 9048 b8ff | ffff ffff 

  0x00000147abe00fcc: ;   {virtual_call}
  0x00000147abe00fcc: ffff ffe8 

  0x00000147abe00fd0: ; ImmutableOopMap {rbp=NarrowOop [32]=Oop [48]=Oop [64]=Oop [72]=NarrowOop }
                      ;*invokevirtual updateGeometricState {reexecute=0 rethrow=0 return_oop=0}
                      ; - com.jme3.scene.Node::updateGeometricState@97 (line 272)
                      ; - com.jme3.app.SimpleApplication::update@124 (line 264)
  0x00000147abe00fd0: 145b 86ff 

  0x00000147abe00fd4: ;   {other}
  0x00000147abe00fd4: 0f1f 8400 | c418 000d | 448b 5c24 | 3841 ffc3 | 443b 5c24 | 3c0f 8c01 | fbff ff44 | 8b54 2448 
  0x00000147abe00ff4: 488b 5424 | 4043 8b6c | d410 83e5 | 020f 84b1 | 3600 0048 

  0x00000147abe01008: ;   {optimized virtual_call}
  0x00000147abe01008: 8bea 90e8 

  0x00000147abe0100c: ; ImmutableOopMap {rbp=Oop [48]=Oop }
                      ;*invokevirtual updateWorldBound {reexecute=0 rethrow=0 return_oop=0}
                      ; - com.jme3.scene.Node::updateGeometricState@116 (line 277)
                      ; - com.jme3.app.SimpleApplication::update@124 (line 264)
  0x00000147abe0100c: d0f3 edff 

  0x00000147abe01010: ;   {other}
  0x00000147abe01010: 0f1f 8400 | 0019 000e | 4c8b 5424 | 3045 8b52 | 6847 8b5c | d410 4585 | db0f 84b1 | 0300 0041 
  0x00000147abe01030: 8beb 83e5 | 040f 8595 | 3600 004b | 8d14 d441 | f6c3 010f | 84b9 0200 | 0047 8b44 | d458 438b 
  0x00000147abe01050: 4cc4 4847 | 8b5c d444 | 438b 7cd4 | 4845 8b44 | fc10 478b | 4cdc 1045 | 85c0 0f84 | 1832 0000 
  0x00000147abe01070: ; implicit exception: dispatches to 0x00000147abe06238
  0x00000147abe01070: c481 7a10 | 4ccc 0cc4 | 817a 114c | c40c 418b | 74fc 0c43 | 8b5c dc0c | c481 7a10 | 44cc 14c4 
  0x00000147abe01090: 817a 1144 | c414 c481 | 7a10 4ccc | 10c4 817a | 114c c410 | 85f6 0f84 | 0832 0000 

  0x00000147abe010ac: ; implicit exception: dispatches to 0x00000147abe06264
  0x00000147abe010ac: c441 7a10 | 44dc 0cc4 | 417a 1144 | f40c 458b | 4cfc 1443 | 8b6c dc14 | c4c1 7a10 | 7cdc 10c4 
  0x00000147abe010cc: c17a 117c | f410 c4c1 | 7a10 4cdc | 18c4 c17a | 114c f418 | c441 7a10 | 54dc 14c4 | 417a 1154 
  0x00000147abe010ec: f414 4585 | c90f 84e9 | 3100 00c4 | c17a 1054 | ec0c c481 | 7a11 54cc | 0cc4 c17a | 1044 ec14 
  0x00000147abe0110c: ;   {no_reloc}
  0x00000147abe0110c: c481 7a11 | 44cc 14c4 | c17a 1064 | ec10 c481 | 7a11 64cc | 1041 8b6c | cc14 c4c1 | 7a10 5cec 
  0x00000147abe0112c: 0cc4 c17a | 1074 ec14 | 418b 5ccc | 0cc5 ca59 | c0c4 817a | 1144 cc14 | c4c1 7a10 | 6cec 10c5 
  0x00000147abe0114c: e259 c2c4 | 817a 1144 | cc0c c5d2 | 59d4 c481 | 7a11 54cc | 10c4 c17a | 1044 dc0c | 4889 5424 
  0x00000147abe0116c: 2044 8954 | 2438 c4c1 | 7a10 5cdc | 18c4 c17a | 1054 dc14 | c572 59e3 | c572 59da | c53a 59f2 
  0x00000147abe0118c: c5c2 59e2 | c52a 59cb | c542 59eb | c5ba 59d3 | c4c1 7a10 | 6cdc 10c5 | fa59 c1c5 | f259 ddc5 
  0x00000147abe011ac: aa59 cdc4 | c17a 1074 | ec14 c481 | 4a59 6cc4 | 14c4 817a | 116c c414 | c5fa 58c9 | c4c1 7a10 
  0x00000147abe011cc: 44ec 0cc4 | 817a 596c | c40c c481 | 7a11 6cc4 | 0cc5 f25c | c4c4 c17a | 1064 ec10 | c481 5a59 
  0x00000147abe011ec: 4cc4 10c4 | 817a 114c | c410 c5fa | 58ca c4c1 | 7a11 4cf4 | 0cc4 c17a | 1044 dc0c | c5c2 59c8 
  0x00000147abe0120c: ;   {no_reloc}
  0x00000147abe0120c: 49c1 e003 

  0x00000147abe01210: ;   {external_word}
  0x00000147abe01210: c5f8 5705 | 6800 72ff | c4c1 7a59 | e2c4 c17a | 59c0 c5da | 58db c4c1 | 6258 dec4 | c162 58d5 
  0x00000147abe01230: c4c1 7a11 | 54f4 10c4 | c17a 105c | dc10 c5ba | 59d3 c5c2 | 59e3 c5f2 | 5cca c5fa | 5cd4 c4c1 
  0x00000147abe01250: 7258 c3c4 | c17a 58c9 | c4c1 7a11 | 4cf4 14c4 | c17a 1044 | dc14 c4c1 | 7a59 cac5 | ea5c c1c4 
  0x00000147abe01270: c17a 58cc | c4c1 7a11 | 4cf4 1849 | 8d14 dc4d | 8d14 fc89 | 7c24 4049 | 8d2c cc89 | 4c24 3c4c 
  0x00000147abe01290: 8954 2458 

  0x00000147abe01294: ;   {optimized virtual_call}
  0x00000147abe01294: 6666 90e8 

  0x00000147abe01298: ; ImmutableOopMap {rbp=Oop [32]=Oop [48]=Oop [56]=NarrowOop [60]=NarrowOop [64]=NarrowOop [88]=Oop }
                      ;*invokevirtual multLocal {reexecute=0 rethrow=0 return_oop=1}
                      ; - com.jme3.math.Transform::combineWithParent@48 (line 207)
                      ; - com.jme3.scene.Spatial::updateWorldTransforms@82 (line 652)
                      ; - com.jme3.scene.Node::updateGeometricState@31 (line 258)
                      ; - com.jme3.app.SimpleApplication::update@131 (line 265)
  0x00000147abe01298: e4db 76ff 

  0x00000147abe0129c: ;   {other}
  0x00000147abe0129c: 0f1f 8400 | 8c1b 000f | 448b 4c24 | 3c43 8b6c | cc10 4885 | c00f 8455 | 3000 00c4 | c17a 1044 
  0x00000147abe012bc: ec0c c5fa | 5848 0cc5 | fa11 480c | 448b 5424 | 3847 8b5c | d410 4183 | e3fe 4789 | 5cd4 10c4 
  0x00000147abe012dc: c17a 104c | ec14 c5f2 | 5840 14c5 | fa11 4014 | c4c1 7a10 | 4cec 10c5 | f258 4010 | c5fa 1140 
  0x00000147abe012fc: 1048 8b54 | 2420 418b | eb83 e510 | 0f85 da33 | 0000 438b | 5cd4 5c41 | 83e3 f747 | 895c d410 
  0x00000147abe0131c: ; implicit exception: dispatches to 0x00000147abe060c4
  0x00000147abe0131c: 458b 5cdc | 0c45 85db | 0f84 9700 | 0000 418b | 6cdc 1885 | ed0f 84ab | 0f00 0045 | 8b44 ec08 
  0x00000147abe0133c: ;   {metadata('com/jme3/scene/Spatial'[])}
  0x00000147abe0133c: 4181 f890 | 951a 010f | 85d3 4400 | 0049 8d0c | ec44 8b41 | 0c45 85c0 | 766b 458d | 58ff 453b 
  0x00000147abe0135c: d80f 83fd | 2f00 0045 | 33c9 4489 | 5424 4848 | 8954 2440 | 4489 4424 | 3c42 8b6c | 8910 4489 
  0x00000147abe0137c: 4c24 3848 | 894c 2420 | 488b d548 | c1e2 0366 | 9048 b8ff | ffff ffff 

  0x00000147abe01394: ;   {virtual_call}
  0x00000147abe01394: ffff ffe8 

  0x00000147abe01398: ; ImmutableOopMap {rbp=NarrowOop [32]=Oop [48]=Oop [64]=Oop [72]=NarrowOop }
                      ;*invokevirtual updateGeometricState {reexecute=0 rethrow=0 return_oop=0}
                      ; - com.jme3.scene.Node::updateGeometricState@97 (line 272)
                      ; - com.jme3.app.SimpleApplication::update@131 (line 265)
  0x00000147abe01398: 4c57 86ff 

  0x00000147abe0139c: ;   {other}
  0x00000147abe0139c: 0f1f 8400 | 8c1c 0010 | 448b 4c24 | 3841 ffc1 | 443b 4c24 | 3c0f 8c29 | f7ff ff44 | 8b54 2448 
  0x00000147abe013bc: 488b 5424 | 4043 8b6c | d410 83e5 | 020f 8431 | 3300 0048 

  0x00000147abe013d0: ;   {optimized virtual_call}
  0x00000147abe013d0: 8bea 90e8 

  0x00000147abe013d4: ; ImmutableOopMap {rbp=Oop [48]=Oop }
                      ;*invokevirtual updateWorldBound {reexecute=0 rethrow=0 return_oop=0}
                      ; - com.jme3.scene.Node::updateGeometricState@116 (line 277)
                      ; - com.jme3.app.SimpleApplication::update@131 (line 265)
  0x00000147abe013d4: 08f0 edff 

  0x00000147abe013d8: ;   {other}
  0x00000147abe013d8: 0f1f 8400 | c81c 0011 | 4c8b 5424 | 3041 8b6a | 5c85 ed0f | 857b 2b00 | 0041 8b7a | 2045 8b6a 
  0x00000147abe013f8: 5847 8b4c | ec10 4585 | c90f 8495 | 2700 004f | 8d1c cc4b | 8d34 ec48 | 8d9c 24d0 | 0000 0049 
  0x00000147abe01418: 8b03 a802 | 0f85 2300 | 0000 4883 | c801 4889 | 03f0 490f | b11b 0f84 | 3700 0000 | 482b c448 
  0x00000147abe01438: 2507 f0ff | ff48 8903 | e924 0000 | 004c 8bd0 | 4833 c0f0 | 4d0f b17a | 3e48 c703 | 0300 0000 
  0x00000147abe01458: 7411 4c3b | f875 1549 | ff82 8600 | 0000 4833 | c075 0949 | ff87 5805 | 0000 33c0 | 0f85 062b 
  0x00000147abe01478: 0000 438b | 4cec 1041 | 8b6c cc18 | 85ed 0f84 | 6008 0000 | 458b 44ec 

  0x00000147abe01490: ;   {metadata('com/jme3/app/state/AppState'[])}
  0x00000147abe01490: 0841 81f8 | 583d 0001 | 0f85 9a41 | 0000 488d | 8424 d000 | 0000 4883 | 3800 0f84 | 7900 0000 
  0x00000147abe014b0: 4d8b 1341 | f6c2 020f | 8462 0000 | 0049 83ba | 8600 0000 | 0074 0949 | ff8a 8600 | 0000 eb4b 
  0x00000147abe014d0: 498b 8296 | 0000 0049 | 0b82 8e00 | 0000 750a | 49c7 423e | 0000 0000 | eb3d 4983 | ba9e 0000 
  0x00000147abe014f0: 0000 7422 | 4833 c049 | c742 3e00 | 0000 00f0 | 8304 2400 | 4983 ba9e | 0000 0000 | 750d f04d 
  0x00000147abe01510: 0fb1 7a3e | 7505 83c8 | 01eb 0ca8 | 00eb 084c | 8b10 f04d | 0fb1 1375 | 0a49 ff8f | 5805 0000 
  0x00000147abe01530: 4533 d20f | 85a1 2a00 | 004d 8d04 | ec45 8b58 | 0c45 85db | 0f86 b100 | 0000 458d | 53ff 453b 
  0x00000147abe01550: d30f 8335 | 2c00 004c | 8bcf 49c1 | e103 4533 | d289 7c24 | 4044 896c | 2458 4889 | 7424 2044 
  0x00000147abe01570: 895c 2454 | 4c89 4c24 | 60eb 1a0f | 1f44 0000 | 448b 5c24 | 20e9 9c02 | 0000 660f | 1f44 0000 
  0x00000147abe01590: ;   {no_reloc}
  0x00000147abe01590: 4c8b 4424 | 3843 8b6c | 9010 4489 | 5424 444c | 8944 2438 | 488b d548 | c1e2 0366 | 9048 b890 
  0x00000147abe015b0: 02d3 8347 

  0x00000147abe015b4: ;   {virtual_call}
  0x00000147abe015b4: 0100 00e8 

  0x00000147abe015b8: ; ImmutableOopMap {rbp=NarrowOop [32]=Oop [48]=Oop [56]=Oop [64]=NarrowOop [88]=NarrowOop [96]=Oop }
                      ;*invokeinterface isEnabled {reexecute=0 rethrow=0 return_oop=0}
                      ; - com.jme3.app.state.AppStateManager::render@29 (line 368)
                      ; - com.jme3.app.SimpleApplication::update@161 (line 269)
  0x00000147abe015b8: 3c7e 8fff 

  0x00000147abe015bc: ;   {other}
  0x00000147abe015bc: 0f1f 8400 | ac1e 0012 | 85c0 0f84 | 5123 0000 | 498d 14ec | 4c8b 4424 | 6048 b8a0 | 01d3 8347 
  0x00000147abe015dc: ;   {virtual_call}
  0x00000147abe015dc: 0100 00e8 

  0x00000147abe015e0: ; ImmutableOopMap {rbp=NarrowOop [32]=Oop [48]=Oop [56]=Oop [64]=NarrowOop [88]=NarrowOop [96]=Oop }
                      ;*invokeinterface render {reexecute=0 rethrow=0 return_oop=0}
                      ; - com.jme3.app.state.AppStateManager::render@40 (line 369)
                      ; - com.jme3.app.SimpleApplication::update@161 (line 269)
  0x00000147abe015e0: ec51 86ff 

  0x00000147abe015e4: ;   {other}
  0x00000147abe015e4: 0f1f 8400 | d41e 0013 | 448b 5424 | 4441 ffc2 | 443b 5424 | 547c 954c | 8b54 2430 | 418b 6a5c 
  0x00000147abe01604: 85ed 0f85 | f629 0000 | 458b 4a20 | 418b 6a2c 

  0x00000147abe01614: ; implicit exception: dispatches to 0x00000147abe05e3c
  0x00000147abe01614: 458b 54ec 

  0x00000147abe01618: ;   {metadata('com/jme3/system/lwjgl/LwjglDisplay')}
  0x00000147abe01618: 0841 81fa | e0f5 0101 | 0f85 ee29 | 0000 48c1 | e503 448b | 5d14 478b | 44dc 0c33 | ff45 85c0 
  0x00000147abe01638: 400f 95c7 

  0x00000147abe0163c: ; implicit exception: dispatches to 0x00000147abe05e90
  0x00000147abe0163c: 438b 6ccc | 2445 8b54 

  0x00000147abe01644: ;   {metadata('com/jme3/renderer/opengl/GLRenderer')}
  0x00000147abe01644: ec08 4181 | faa8 dc18 | 010f 8511 | 4000 0047 | 8b5c cc28 

  0x00000147abe01658: ; implicit exception: dispatches to 0x00000147abe05edc
  0x00000147abe01658: 438b 5cdc | 2485 db0f | 8453 2500 | 0044 895c | 243c 897c | 2438 4489 | 4424 2044 | 894c 2424 
  0x00000147abe01678: 49ba 20d2 | 880d ff7f | 0000 41ff 

  0x00000147abe01684: ;   {other}
  0x00000147abe01684: d20f 1f84 | 0000 0000 | 0049 2b44 | dc10 4d8b | 8fb8 0100 | 004d 8bd1 | 4983 c210 | 448b 5c24 
  0x00000147abe016a4: 2449 c1e3 | 034c 895c | 2440 448b | 4424 3c4b | 8d2c c4c4 | e1f2 2ac8 

  0x00000147abe016bc: ;   {section_word}
  0x00000147abe016bc: c5f2 5905 | 40e9 ffff | c5fa 1144 | 2448 4d3b | 97c8 0100 | 000f 834f | 1a00 004d | 8997 b801 
  0x00000147abe016dc: 0000 410f | 0d8a c000 | 0000 49c7 | 0101 0000 

  0x00000147abe016ec: ;   {metadata('java/lang/Float')}
  0x00000147abe016ec: 0041 c741 | 0838 cd02 | 0045 8961 | 0cc5 fa10 | 4424 48c4 | c17a 1141 | 0c41 807f | 3800 0f85 
  0x00000147abe0170c: f718 0000 | 448b 5424 | 3c4c 8bdd | 498b c948 | c1e9 0343 | 894c d428 | 4d8b c14d | 33c3 49c1 
  0x00000147abe0172c: e815 4d85 | c074 1a49 | c1eb 0948 | b900 002e | b047 0100 | 0049 03cb | 8039 020f | 852f 1900 
  0x00000147abe0174c: 0047 8b44 | d424 c481 | 7a10 4cc4 | 0c4d 8b8f | b801 0000 | 4d8b d949 | 83c3 104d | 3b9f c801 
  0x00000147abe0176c: 0000 0f83 | d419 0000 | 4d89 9fb8 | 0100 0041 | 0f0d 8bc0 | 0000 0049 | c701 0100 

  0x00000147abe01788: ;   {metadata('java/lang/Float')}
  0x00000147abe01788: 0000 41c7 | 4108 38cd | 0200 4589 | 610c c4c1 | 7a11 490c | 4180 7f38 | 000f 859d | 1800 004c 
  0x00000147abe017a8: 8bdd 4d8b | c149 c1e8 | 0347 8944 | d42c 4d8b | d14d 33d3 | 49c1 ea15 | 4d85 d274 | 1a49 c1eb 
  0x00000147abe017c8: 0948 b900 | 002e b047 | 0100 0049 | 03cb 8039 | 020f 85f1 | 1800 0044 | 8b54 2424 | 438b 6cd4 
  0x00000147abe017e8: 5485 ed0f | 8553 2800 | 0047 8b44 | d42c 438b | 6cc4 1085 | ed0f 8fe1 | 2d00 0043 | 8b74 d430 
  0x00000147abe01808: ; implicit exception: dispatches to 0x00000147abe05f4c
  0x00000147abe01808: 418b 6cf4 | 1085 ed0f | 8ec6 0000 | 0044 8b5c | 2420 4585 | db0f 8465 | 2b00 0045 | 33c0 458b 
  0x00000147abe01828: 4cf4 1045 | 85c9 0f8c | cc21 0000 | 453b c10f | 832b 2100 | 0045 8b4c | f414 418b | c843 8b7c 
  0x00000147abe01848: cc0c 3bcf | 0f83 6221 | 0000 4f8d | 04cc 418b | 5c88 1045 | 8b44 dc08 

  0x00000147abe01860: ;   {metadata('com/jme3/renderer/ViewPort')}
  0x00000147abe01860: 4181 f898 | af1a 010f | 8567 3f00 | 004d 8d0c | dc45 8b41 | 2445 85c0 | 0f85 fa27 | 0000 4c89 
  0x00000147abe01880: 4c24 4889 | 4c24 2444 | 895c 2420 | 418b ea48 | 8b54 2440 | 4d8b c1c5 | fa10 4424 | 50c5 fa11 
  0x00000147abe018a0: ;   {optimized virtual_call}
  0x00000147abe018a0: 4424 3ce8 

  0x00000147abe018a4: ; ImmutableOopMap {rbp=NarrowOop [48]=Oop [64]=Oop [72]=Oop }
                      ;*invokevirtual renderViewPort {reexecute=0 rethrow=0 return_oop=0}
                      ; - com.jme3.renderer.RenderManager::render@149 (line 1158)
                      ; - com.jme3.app.SimpleApplication::update@197 (line 272)
  0x00000147abe018a4: 98dd fbff 

  0x00000147abe018a8: ;   {other}
  0x00000147abe018a8: 0f1f 8400 | 9821 0014 | 448b d543 | 8b74 d430 | 448b 4424 | 2441 ffc0 

  0x00000147abe018c0: ; implicit exception: dispatches to 0x00000147abe059cc
  0x00000147abe018c0: 458b 5cf4 | 1045 3bc3 | 0f8c b2fc | ffff 438b | 6cd4 5485 | ed0f 85dd | 2a00 0043 | 8b4c d434 
  0x00000147abe018e0: ; implicit exception: dispatches to 0x00000147abe05f6c
  0x00000147abe018e0: 418b 6ccc | 1085 ed0f | 8eb9 0000 | 0044 8b44 | 2420 4585 | c00f 841a | 2b00 0033 | db66 6690 
  0x00000147abe01900: ; implicit exception: dispatches to 0x00000147abe05f94
  0x00000147abe01900: 418b 6ccc | 1085 ed0f | 8caf 2700 | 003b dd0f | 83d7 2200 | 0045 8b5c | cc14 448b | c347 8b4c 
  0x00000147abe01920: dc0c 453b | c10f 8309 | 2300 0049 | c1e3 0343 | 8b6c 8310 

  0x00000147abe01934: ; implicit exception: dispatches to 0x00000147abe0600c
  0x00000147abe01934: 458b 5cec 

  0x00000147abe01938: ;   {metadata('com/jme3/renderer/ViewPort')}
  0x00000147abe01938: 0841 81fb | 98af 1a01 | 0f85 ee3e | 0000 4d8d | 1cec 418b | 6b24 85ed | 0f85 402b | 0000 4c89 
  0x00000147abe01958: 5c24 4844 | 8944 2420 | 418b ea48 | 8b54 2440 | 4d8b c3c5 | fa10 4424 | 50c5 fa11 

  0x00000147abe01974: ;   {optimized virtual_call}
  0x00000147abe01974: 4424 24e8 

  0x00000147abe01978: ; ImmutableOopMap {rbp=NarrowOop [48]=Oop [64]=Oop [72]=Oop }
                      ;*invokevirtual renderViewPort {reexecute=0 rethrow=0 return_oop=0}
                      ; - com.jme3.renderer.RenderManager::render@219 (line 1166)
                      ; - com.jme3.app.SimpleApplication::update@197 (line 272)
  0x00000147abe01978: c4dc fbff 

  0x00000147abe0197c: ;   {other}
  0x00000147abe0197c: 0f1f 8400 | 6c22 0015 | 448b d543 | 8b4c d434 | 448b 5c24 | 2041 ffc3 

  0x00000147abe01994: ; implicit exception: dispatches to 0x00000147abe06070
  0x00000147abe01994: 458b 4ccc | 1045 3bd9 | 7d08 418b | dbe9 5aff | ffff 488b | 7424 308b | 7e58 458b | 54fc 1045 
  0x00000147abe019b4: 85d2 0f84 | c822 0000 | 4d8d 2cfc | 4f8d 0cd4 | 488d 9c24 | d000 0000 | 498b 01a8 | 020f 8523 
  0x00000147abe019d4: 0000 0048 | 83c8 0148 | 8903 f049 | 0fb1 190f | 8437 0000 | 0048 2bc4 | 4825 07f0 | ffff 4889 
  0x00000147abe019f4: 03e9 2400 | 0000 4c8b | d848 33c0 | f04d 0fb1 | 7b3e 48c7 | 0303 0000 | 0074 114c | 3bf8 7515 
  0x00000147abe01a14: 49ff 8386 | 0000 0048 | 33c0 7509 | 49ff 8758 | 0500 0033 | c00f 85d1 | 2600 0041 | 8b4c fc10 
  0x00000147abe01a34: ; implicit exception: dispatches to 0x00000147abe06050
  0x00000147abe01a34: 418b 6ccc | 1885 ed0f | 84cc 0400 | 0045 8b44 

  0x00000147abe01a44: ;   {metadata('com/jme3/app/state/AppState'[])}
  0x00000147abe01a44: ec08 4181 | f858 3d00 | 010f 85f9 | 3c00 0048 | 8d84 24d0 | 0000 0048 | 8338 000f | 8479 0000 
  0x00000147abe01a64: 004d 8b11 | 41f6 c202 | 0f84 6200 | 0000 4983 | ba86 0000 | 0000 7409 | 49ff 8a86 | 0000 00eb 
  0x00000147abe01a84: 4b49 8b82 | 9600 0000 | 490b 828e | 0000 0075 | 0a49 c742 | 3e00 0000 | 00eb 3d49 | 83ba 9e00 
  0x00000147abe01aa4: 0000 0074 | 2248 33c0 | 49c7 423e | 0000 0000 | f083 0424 | 0049 83ba | 9e00 0000 | 0075 0df0 
  0x00000147abe01ac4: 4d0f b17a | 3e75 0583 | c801 eb0c | a800 eb08 | 4c8b 10f0 | 4d0f b111 | 750a 49ff | 8f58 0500 
  0x00000147abe01ae4: 0045 33d2 | 0f85 5d26 | 0000 4d8d | 04ec 458b | 500c 4585 | d20f 869d | 0000 0045 | 8d5a ff45 
  0x00000147abe01b04: 3bda 0f83 | ac26 0000 | 4533 db48 | 8974 2420 | 897c 2448 | 4c89 6c24 | 2844 8954 | 2444 eb11 
  0x00000147abe01b24: 0f1f 8400 | 0000 0000 | 6666 6690 | 4c8b 4424 | 3043 8b6c | 9810 4489 | 5c24 404c | 8944 2430 
  0x00000147abe01b44: ;   {no_reloc}
  0x00000147abe01b44: 488b d548 | c1e2 0366 | 9048 b8f0 | 02d3 8347 

  0x00000147abe01b54: ;   {virtual_call}
  0x00000147abe01b54: 0100 00e8 

  0x00000147abe01b58: ; ImmutableOopMap {rbp=NarrowOop [32]=Oop [40]=Oop [48]=Oop [72]=NarrowOop }
                      ;*invokeinterface isEnabled {reexecute=0 rethrow=0 return_oop=0}
                      ; - com.jme3.app.state.AppStateManager::postRender@27 (line 380)
                      ; - com.jme3.app.SimpleApplication::update@212 (line 274)
  0x00000147abe01b58: 9c78 8fff 

  0x00000147abe01b5c: ;   {other}
  0x00000147abe01b5c: 0f1f 8400 | 4c24 0016 | 85c0 0f84 | dc1d 0000 | 498d 14ec | 9048 b8b0 | 03d3 8347 

  0x00000147abe01b78: ;   {virtual_call}
  0x00000147abe01b78: 0100 00e8 

  0x00000147abe01b7c: ; ImmutableOopMap {rbp=NarrowOop [32]=Oop [40]=Oop [48]=Oop [72]=NarrowOop }
                      ;*invokeinterface postRender {reexecute=0 rethrow=0 return_oop=0}
                      ; - com.jme3.app.state.AppStateManager::postRender@37 (line 381)
                      ; - com.jme3.app.SimpleApplication::update@212 (line 274)
  0x00000147abe01b7c: 7874 8fff 

  0x00000147abe01b80: ;   {other}
  0x00000147abe01b80: 0f1f 8400 | 7024 0017 | 448b 5c24 | 4041 ffc3 | 443b 5c24 | 447c 9948 | 8b74 2420 | 8b6e 5c85 
  0x00000147abe01ba0: ed0f 85cc | 2500 0048 | 81c4 e000 

  0x00000147abe01bac: ;   {poll_return}
  0x00000147abe01bac: 0000 5d49 | 3ba7 5804 | 0000 0f87 | 7d4f 0000 | c341 807f | 3800 0f85 | b715 0000 | 4d33 db8b 
  0x00000147abe01bcc: c7f0 450f | b15e 0c40 | 0f94 c540 | 0fb6 ed85 | ed0f 8432 | 3600 004c | 3bf3 0f84 | e300 0000 
  0x00000147abe01bec: 458b 5e10 | 4489 5c24 | 5845 85db | 0f84 3636 | 0000 413b | f30f 84c8 | 0000 0041 | 807f 3800 
  0x00000147abe01c0c: 0f85 9415 | 0000 8bc6 | 448b 5c24 | 584c 8b54 | 2428 f045 | 0fb1 1a40 | 0f94 c540 | 0fb6 ed85 
  0x00000147abe01c2c: ed74 2a49 | c1e3 034d | 33da 49c1 | eb15 4d85 | db74 1a49 | c1ea 0948 | b900 002e | b047 0100 
  0x00000147abe01c4c: 0049 03ca | 8039 020f | 85af 1500 | 0085 ed0f | 840f 3600 | 0085 f60f | 8463 3000 | 0049 8d1c 
  0x00000147abe01c6c: f449 8d6c | f410 4180 | 7f38 000f | 8554 1500 | 0089 7500 | 4c8b d34c | 8bdd 4d33 | d349 c1ea 
  0x00000147abe01c8c: 154d 85d2 | 743d 49c1 | eb09 4d03 | eb41 807d | 0002 742f | 4d8b 5740 | 4d8b 5f48 | f083 4424 
  0x00000147abe01cac: ;   {no_reloc}
  0x00000147abe01cac: c000 4180 | 7d00 0074 | 1a45 8865 | 004d 85d2 | 0f84 5230 | 0000 4f89 | 6c13 f849 | 83c2 f84d 
  0x00000147abe01ccc: 8957 40ba | ecff ffff | 488b 6c24 | 2089 7c24 

  0x00000147abe01cdc: ;   {runtime_call UncommonTrapBlob}
  0x00000147abe01cdc: 3066 90e8 

  0x00000147abe01ce0: ; ImmutableOopMap {rbp=Oop [48]=NarrowOop }
                      ;*checkcast {reexecute=0 rethrow=0 return_oop=0}
                      ; - com.jme3.app.LegacyApplication::runQueuedTasks@7 (line 699)
                      ; - com.jme3.app.LegacyApplication::update@27 (line 715)
                      ; - com.jme3.app.SimpleApplication::update@20 (line 246)
  0x00000147abe01ce0: 1c60 77ff 

  0x00000147abe01ce4: ;   {other}
  0x00000147abe01ce4: 0f1f 8400 | d425 0018 | 418b 6ccc | 1445 8b54 | cc10 498d | 1ccc 4d8b | c249 c1e0 | 0385 ed0f 
  0x00000147abe01d04: 85ee 0000 | 0048 895c | 2460 8be9 | 4889 7424 | 584c 895c | 2448 4489 | 4c24 4044 | 896c 243c 
  0x00000147abe01d24: 897c 2438 | 4c8b 5424 | 304c 8954 | 2420 488b | d345 33c9 

  0x00000147abe01d38: ;   {optimized virtual_call}
  0x00000147abe01d38: 6666 90e8 

  0x00000147abe01d3c: ; ImmutableOopMap {rbp=NarrowOop [32]=Oop [56]=NarrowOop [60]=NarrowOop [64]=NarrowOop [72]=Oop [88]=Oop [96]=Oop }
                      ;*invokevirtual createArray {reexecute=0 rethrow=0 return_oop=1}
                      ; - com.jme3.util.SafeArrayList::createArray@6 (line 129)
                      ; - com.jme3.util.SafeArrayList::getArray@22 (line 143)
                      ; - com.jme3.app.state.AppStateManager::getStates@11 (line 127)
                      ; - com.jme3.app.state.AppStateManager::render@1 (line 366)
                      ; - com.jme3.app.SimpleApplication::update@161 (line 269)
  0x00000147abe01d3c: 40d1 76ff 

  0x00000147abe01d40: ;   {other}
  0x00000147abe01d40: 0f1f 8400 | 3026 0019 | 488b d841 | 807f 3800 | 0f85 6a1a | 0000 448b | d54c 8bcb | 4d8b d949 
  0x00000147abe01d60: c1eb 0347 | 895c d418 | 4c8b 5c24 | 604d 8bc1 | 4d33 c349 | c1e8 154d | 85c0 0f84 | 5901 0000 
  0x00000147abe01d80: 4d85 c90f | 8450 0100 | 0049 c1eb | 0948 b900 | 002e b047 | 0100 0049 | 03cb 8039 | 020f 8436 
  0x00000147abe01da0: 0100 004d | 8b5f 484d | 8b47 40f0 | 8344 24c0 | 0080 3900 | 0f84 1f01 | 0000 4488 | 214d 85c0 
  0x00000147abe01dc0: 7523 418b | fa49 8bd7 | 49ba 103f | 4d0d ff7f | 0000 41ff 

  0x00000147abe01dd4: ;   {other}
  0x00000147abe01dd4: d20f 1f84 | 0000 0000 | 0044 8bd7 | e9f4 0000 | 004b 894c | 03f8 4983 | c0f8 4d89 | 4740 e9e2 
  0x00000147abe01df4: 0000 0045 | 8b54 ec08 

  0x00000147abe01dfc: ;   {metadata('java/util/ArrayList')}
  0x00000147abe01dfc: 4181 fa28 | e309 000f | 850b 3200 | 0048 895c | 2460 894c | 2444 4889 | 7424 584c | 895c 2448 
  0x00000147abe01e1c: 4489 4c24 | 4044 896c | 243c 897c | 2438 4c8b | 5424 304c | 8954 2420 | 4d8d 14ec | 4d8b ca45 
  0x00000147abe01e3c: 8b59 1049 | 8be9 488b | d345 8bcb | 4489 4c24 

  0x00000147abe01e4c: ;   {optimized virtual_call}
  0x00000147abe01e4c: 5466 90e8 

  0x00000147abe01e50: ; ImmutableOopMap {rbp=Oop [32]=Oop [56]=NarrowOop [60]=NarrowOop [64]=NarrowOop [68]=NarrowOop [72]=Oop [88]=Oop [96]=Oop }
                      ;*invokevirtual createArray {reexecute=0 rethrow=0 return_oop=1}
                      ; - com.jme3.util.SafeArrayList::createArray@6 (line 129)
                      ; - com.jme3.util.SafeArrayList::getArray@46 (line 148)
                      ; - com.jme3.app.state.AppStateManager::getStates@11 (line 127)
                      ; - com.jme3.app.state.AppStateManager::render@1 (line 366)
                      ; - com.jme3.app.SimpleApplication::update@161 (line 269)
  0x00000147abe01e50: 2cd0 76ff 

  0x00000147abe01e54: ;   {other}
  0x00000147abe01e54: 0f1f 8400 | 4427 001a | 488b d54c | 8bc0 488b 

  0x00000147abe01e64: ;   {optimized virtual_call}
  0x00000147abe01e64: 6c24 20e8 

  0x00000147abe01e68: ; ImmutableOopMap {rbp=Oop [32]=Oop [56]=NarrowOop [60]=NarrowOop [64]=NarrowOop [68]=NarrowOop [72]=Oop [88]=Oop [96]=Oop }
                      ;*invokeinterface toArray {reexecute=0 rethrow=0 return_oop=1}
                      ; - com.jme3.util.SafeArrayList::getArray@49 (line 148)
                      ; - com.jme3.app.state.AppStateManager::getStates@11 (line 127)
                      ; - com.jme3.app.state.AppStateManager::render@1 (line 366)
                      ; - com.jme3.app.SimpleApplication::update@161 (line 269)
  0x00000147abe01e68: 14d0 76ff 

  0x00000147abe01e6c: ;   {other}
  0x00000147abe01e6c: 0f1f 8400 | 5c27 001b | 488b d841 | 807f 3800 | 0f85 d413 | 0000 448b | 5424 444c | 8bcb 4d8b 
  0x00000147abe01e8c: d949 c1eb | 0347 895c | d418 4c8b | 5c24 604d | 8bc1 4d33 | c349 c1e8 | 154d 85c0 | 741f 4d85 
  0x00000147abe01eac: c974 1a49 | c1eb 0948 | b900 002e | b047 0100 | 0049 03cb | 8039 020f | 8576 1400 | 0041 807f 
  0x00000147abe01ecc: 3800 0f85 | bf13 0000 | 4789 64d4 | 1443 8b6c | d418 85ed | 0f84 6f2e | 0000 4c8b | 5424 204c 
  0x00000147abe01eec: 8954 2430 | 8b7c 2438 | 448b 6c24 | 3c44 8b4c | 2440 4c8b | 5c24 4848 | 8b74 2458 | e97f f5ff 
  0x00000147abe01f0c: ff45 8b5c | cc10 418b | 6ccc 1449 | 8d14 cc4d | 8bc3 49c1 | e003 85ed | 0f85 da00 | 0000 4889 
  0x00000147abe01f2c: 5424 488b | e94c 894c | 2440 4c89 | 6c24 3844 | 8954 2434 | 897c 2430 | 4889 7424 | 2045 33c9 
  0x00000147abe01f4c: ;   {optimized virtual_call}
  0x00000147abe01f4c: 6666 90e8 

  0x00000147abe01f50: ; ImmutableOopMap {rbp=NarrowOop [32]=Oop [48]=NarrowOop [52]=NarrowOop [56]=Oop [64]=Oop [72]=Oop }
                      ;*invokevirtual createArray {reexecute=0 rethrow=0 return_oop=1}
                      ; - com.jme3.util.SafeArrayList::createArray@6 (line 129)
                      ; - com.jme3.util.SafeArrayList::getArray@22 (line 143)
                      ; - com.jme3.app.state.AppStateManager::getStates@11 (line 127)
                      ; - com.jme3.app.state.AppStateManager::postRender@1 (line 378)
                      ; - com.jme3.app.SimpleApplication::update@212 (line 274)
  0x00000147abe01f50: 2ccf 76ff 

  0x00000147abe01f54: ;   {other}
  0x00000147abe01f54: 0f1f 8400 | 4428 001c | 488b d841 | 807f 3800 | 0f85 9118 | 0000 8bfd | 4c8b c34d | 8bd0 49c1 
  0x00000147abe01f74: ea03 4589 | 54fc 184c | 8b54 2448 | 4d8b d84d | 33da 49c1 | eb15 4d85 | db0f 843d | 0100 004d 
  0x00000147abe01f94: 85c0 0f84 | 3401 0000 | 49c1 ea09 | 4c8b 4424 | 284d 03c2 | 4180 3802 | 0f84 1e01 | 0000 4d8b 
  0x00000147abe01fb4: 5748 4d8b | 5f40 f083 | 4424 c000 | 4180 3800 | 0f84 0601 | 0000 4588 | 204d 85db | 7520 498b 
  0x00000147abe01fd4: c849 8bd7 | 49ba 103f | 4d0d ff7f | 0000 41ff 

  0x00000147abe01fe4: ;   {other}
  0x00000147abe01fe4: d20f 1f84 | 0000 0000 | 00e9 de00 | 0000 4f89 | 441a f849 | 83c3 f84d | 895f 40e9 | cc00 0000 
  0x00000147abe02004: 418b 5cec 

  0x00000147abe02008: ;   {metadata('java/util/ArrayList')}
  0x00000147abe02008: 0881 fb28 | e309 000f | 8533 3000 | 0048 8954 | 2458 894c | 2448 4c89 | 4c24 404c | 896c 2438 
  0x00000147abe02028: 4489 5424 | 3489 7c24 | 3048 8974 | 2420 4d8d | 14ec 458b | 5a10 498b | ea45 8bcb | 4489 5c24 
  0x00000147abe02048: ;   {optimized virtual_call}
  0x00000147abe02048: 5466 90e8 

  0x00000147abe0204c: ; ImmutableOopMap {rbp=Oop [32]=Oop [48]=NarrowOop [52]=NarrowOop [56]=Oop [64]=Oop [72]=NarrowOop [88]=Oop }
                      ;*invokevirtual createArray {reexecute=0 rethrow=0 return_oop=1}
                      ; - com.jme3.util.SafeArrayList::createArray@6 (line 129)
                      ; - com.jme3.util.SafeArrayList::getArray@46 (line 148)
                      ; - com.jme3.app.state.AppStateManager::getStates@11 (line 127)
                      ; - com.jme3.app.state.AppStateManager::postRender@1 (line 378)
                      ; - com.jme3.app.SimpleApplication::update@212 (line 274)
  0x00000147abe0204c: 30ce 76ff 

  0x00000147abe02050: ;   {other}
  0x00000147abe02050: 0f1f 8400 | 4029 001d | 488b d54c | 8bc0 488b 

  0x00000147abe02060: ;   {optimized virtual_call}
  0x00000147abe02060: 6c24 20e8 

  0x00000147abe02064: ; ImmutableOopMap {rbp=Oop [32]=Oop [48]=NarrowOop [52]=NarrowOop [56]=Oop [64]=Oop [72]=NarrowOop [88]=Oop }
                      ;*invokeinterface toArray {reexecute=0 rethrow=0 return_oop=1}
                      ; - com.jme3.util.SafeArrayList::getArray@49 (line 148)
                      ; - com.jme3.app.state.AppStateManager::getStates@11 (line 127)
                      ; - com.jme3.app.state.AppStateManager::postRender@1 (line 378)
                      ; - com.jme3.app.SimpleApplication::update@212 (line 274)
  0x00000147abe02064: 18ce 76ff 

  0x00000147abe02068: ;   {other}
  0x00000147abe02068: 0f1f 8400 | 5829 001e | 488b d841 | 807f 3800 | 0f85 8512 | 0000 8b7c | 2448 4c8b | c34d 8bd0 
  0x00000147abe02088: 49c1 ea03 | 4589 54fc | 184c 8b54 | 2458 4d8b | d84d 33da | 49c1 eb15 | 4d85 db74 | 1b4d 85c0 
  0x00000147abe020a8: 7416 49c1 | ea09 4c8b | 4424 284d | 03c2 4180 | 3802 0f85 | d312 0000 | 4180 7f38 | 000f 8500 
  0x00000147abe020c8: 1200 0045 | 8964 fc14 | 418b 6cfc | 1885 ed0f | 848f 2c00 | 0048 8b74 | 2420 8b7c | 2430 448b 
  0x00000147abe020e8: 5424 344c | 8b6c 2438 | 4c8b 4c24 | 40e9 47f9 | ffff 418b | 6cdc 1445 | 8b44 dc10 | 4d8d 1cdc 
  0x00000147abe02108: 49c1 e003 | 85ed 0f85 | d800 0000 | 4c89 5c24 | 488b eb48 | 8954 2440 | 4489 5424 | 384c 8b54 
  0x00000147abe02128: 2430 4c89 | 5424 2049 | 8bd3 4533 

  0x00000147abe02134: ;   {optimized virtual_call}
  0x00000147abe02134: c966 90e8 

  0x00000147abe02138: ; ImmutableOopMap {rbp=NarrowOop [32]=Oop [56]=NarrowOop [64]=Oop [72]=Oop }
                      ;*invokevirtual createArray {reexecute=0 rethrow=0 return_oop=1}
                      ; - com.jme3.util.SafeArrayList::createArray@6 (line 129)
                      ; - com.jme3.util.SafeArrayList::getArray@22 (line 143)
                      ; - com.jme3.scene.Node::updateGeometricState@73 (line 271)
                      ; - com.jme3.app.SimpleApplication::update@124 (line 264)
  0x00000147abe02138: 44cd 76ff 

  0x00000147abe0213c: ;   {other}
  0x00000147abe0213c: 0f1f 8400 | 2c2a 001f | 488b f841 | 807f 3800 | 0f85 e316 | 0000 8bdd | 4c8b c74d | 8bd8 49c1 
  0x00000147abe0215c: eb03 4589 | 5cdc 184c | 8b54 2448 | 4d8b d84d | 33da 49c1 | eb15 4d85 | db0f 8441 | 0100 004d 
  0x00000147abe0217c: 85c0 0f84 | 3801 0000 | 49c1 ea09 | 48b9 0000 | 2eb0 4701 | 0000 4903 | ca80 3902 | 0f84 1e01 
  0x00000147abe0219c: 0000 4d8b | 5748 4d8b | 5f40 f083 | 4424 c000 | 8039 000f | 8407 0100 | 0044 8821 | 4d85 db75 
  0x00000147abe021bc: 1d49 8bd7 | 49ba 103f | 4d0d ff7f | 0000 41ff 

  0x00000147abe021cc: ;   {other}
  0x00000147abe021cc: d20f 1f84 | 0000 0000 | 00e9 e200 | 0000 4b89 | 4c1a f849 | 83c3 f84d | 895f 40e9 | d000 0000 
  0x00000147abe021ec: 458b 4cec 

  0x00000147abe021f0: ;   {metadata('java/util/ArrayList')}
  0x00000147abe021f0: 0841 81f9 | 28e3 0900 | 0f85 b22e | 0000 4c89 | 5c24 4889 | 5c24 3c48 | 8954 2440 | 4489 5424 
  0x00000147abe02210: 384c 8b54 | 2430 4c89 | 5424 204d | 8d14 ec45 | 8b5a 1049 | 8bea 488b | 5424 4845 | 8bcb 4489 
  0x00000147abe02230: ;   {optimized virtual_call}
  0x00000147abe02230: 5c24 34e8 

  0x00000147abe02234: ; ImmutableOopMap {rbp=Oop [32]=Oop [56]=NarrowOop [60]=NarrowOop [64]=Oop [72]=Oop }
                      ;*invokevirtual createArray {reexecute=0 rethrow=0 return_oop=1}
                      ; - com.jme3.util.SafeArrayList::createArray@6 (line 129)
                      ; - com.jme3.util.SafeArrayList::getArray@46 (line 148)
                      ; - com.jme3.scene.Node::updateGeometricState@73 (line 271)
                      ; - com.jme3.app.SimpleApplication::update@124 (line 264)
  0x00000147abe02234: 48cc 76ff 

  0x00000147abe02238: ;   {other}
  0x00000147abe02238: 0f1f 8400 | 282b 0020 | 488b d54c | 8bc0 488b 

  0x00000147abe02248: ;   {optimized virtual_call}
  0x00000147abe02248: 6c24 20e8 

  0x00000147abe0224c: ; ImmutableOopMap {rbp=Oop [32]=Oop [56]=NarrowOop [60]=NarrowOop [64]=Oop [72]=Oop }
                      ;*invokeinterface toArray {reexecute=0 rethrow=0 return_oop=1}
                      ; - com.jme3.util.SafeArrayList::getArray@49 (line 148)
                      ; - com.jme3.scene.Node::updateGeometricState@73 (line 271)
                      ; - com.jme3.app.SimpleApplication::update@124 (line 264)
  0x00000147abe0224c: 30cc 76ff 

  0x00000147abe02250: ;   {other}
  0x00000147abe02250: 0f1f 8400 | 402b 0021 | 488b f841 | 807f 3800 | 0f85 7f11 | 0000 8b5c | 243c 4c8b | c74d 8bd0 
  0x00000147abe02270: 49c1 ea03 | 4589 54dc | 184c 8b54 | 2448 4d8b | d84d 33da | 49c1 eb15 | 4d85 db74 | 1f4d 85c0 
  0x00000147abe02290: 741a 49c1 | ea09 48b9 | 0000 2eb0 | 4701 0000 | 4903 ca80 | 3902 0f85 | 2112 0000 | 4180 7f38 
  0x00000147abe022b0: 000f 856a | 1100 0045 | 8964 dc14 | 418b 6cdc | 1885 ed0f | 84c7 2a00 | 004c 8b54 | 2420 4c89 
  0x00000147abe022d0: 5424 3044 | 8b54 2438 | 488b 5424 | 40e9 8dec | ffff 418b | 6cdc 1445 | 8b44 dc10 | 4d8d 1cdc 
  0x00000147abe022f0: 49c1 e003 | 85ed 0f85 | d800 0000 | 4c89 5c24 | 488b eb48 | 8954 2440 | 4489 5424 | 384c 8b54 
  0x00000147abe02310: 2430 4c89 | 5424 2049 | 8bd3 4533 

  0x00000147abe0231c: ;   {optimized virtual_call}
  0x00000147abe0231c: c966 90e8 

  0x00000147abe02320: ; ImmutableOopMap {rbp=NarrowOop [32]=Oop [56]=NarrowOop [64]=Oop [72]=Oop }
                      ;*invokevirtual createArray {reexecute=0 rethrow=0 return_oop=1}
                      ; - com.jme3.util.SafeArrayList::createArray@6 (line 129)
                      ; - com.jme3.util.SafeArrayList::getArray@22 (line 143)
                      ; - com.jme3.scene.Node::updateGeometricState@73 (line 271)
                      ; - com.jme3.app.SimpleApplication::update@131 (line 265)
  0x00000147abe02320: 5ccb 76ff 

  0x00000147abe02324: ;   {other}
  0x00000147abe02324: 0f1f 8400 | 142c 0022 | 488b f841 | 807f 3800 | 0f85 3515 | 0000 8bdd | 4c8b c74d | 8bd8 49c1 
  0x00000147abe02344: eb03 4589 | 5cdc 184c | 8b54 2448 | 4d8b d84d | 33da 49c1 | eb15 4d85 | db0f 8441 | 0100 004d 
  0x00000147abe02364: 85c0 0f84 | 3801 0000 | 49c1 ea09 | 48b9 0000 | 2eb0 4701 | 0000 4903 | ca80 3902 | 0f84 1e01 
  0x00000147abe02384: 0000 4d8b | 5748 4d8b | 5f40 f083 | 4424 c000 | 8039 000f | 8407 0100 | 0044 8821 | 4d85 db75 
  0x00000147abe023a4: 1d49 8bd7 | 49ba 103f | 4d0d ff7f | 0000 41ff 

  0x00000147abe023b4: ;   {other}
  0x00000147abe023b4: d20f 1f84 | 0000 0000 | 00e9 e200 | 0000 4b89 | 4c1a f849 | 83c3 f84d | 895f 40e9 | d000 0000 
  0x00000147abe023d4: 458b 4cec 

  0x00000147abe023d8: ;   {metadata('java/util/ArrayList')}
  0x00000147abe023d8: 0841 81f9 | 28e3 0900 | 0f85 f62c | 0000 4c89 | 5c24 4889 | 5c24 3c48 | 8954 2440 | 4489 5424 
  0x00000147abe023f8: 384c 8b54 | 2430 4c89 | 5424 204d | 8d14 ec45 | 8b4a 1049 | 8bea 488b | 5424 4844 | 894c 2434 
  0x00000147abe02418: ;   {optimized virtual_call}
  0x00000147abe02418: 6666 90e8 

  0x00000147abe0241c: ; ImmutableOopMap {rbp=Oop [32]=Oop [56]=NarrowOop [60]=NarrowOop [64]=Oop [72]=Oop }
                      ;*invokevirtual createArray {reexecute=0 rethrow=0 return_oop=1}
                      ; - com.jme3.util.SafeArrayList::createArray@6 (line 129)
                      ; - com.jme3.util.SafeArrayList::getArray@46 (line 148)
                      ; - com.jme3.scene.Node::updateGeometricState@73 (line 271)
                      ; - com.jme3.app.SimpleApplication::update@131 (line 265)
  0x00000147abe0241c: 60ca 76ff 

  0x00000147abe02420: ;   {other}
  0x00000147abe02420: 0f1f 8400 | 102d 0023 | 488b d54c | 8bc0 488b 

  0x00000147abe02430: ;   {optimized virtual_call}
  0x00000147abe02430: 6c24 20e8 

  0x00000147abe02434: ; ImmutableOopMap {rbp=Oop [32]=Oop [56]=NarrowOop [60]=NarrowOop [64]=Oop [72]=Oop }
                      ;*invokeinterface toArray {reexecute=0 rethrow=0 return_oop=1}
                      ; - com.jme3.util.SafeArrayList::getArray@49 (line 148)
                      ; - com.jme3.scene.Node::updateGeometricState@73 (line 271)
                      ; - com.jme3.app.SimpleApplication::update@131 (line 265)
  0x00000147abe02434: 48ca 76ff 

  0x00000147abe02438: ;   {other}
  0x00000147abe02438: 0f1f 8400 | 282d 0024 | 488b f841 | 807f 3800 | 0f85 0b10 | 0000 8b5c | 243c 4c8b | c74d 8bd0 
  0x00000147abe02458: 49c1 ea03 | 4589 54dc | 184c 8b54 | 2448 4d8b | d84d 33da | 49c1 eb15 | 4d85 db74 | 1f4d 85c0 
  0x00000147abe02478: 741a 49c1 | ea09 48b9 | 0000 2eb0 | 4701 0000 | 4903 ca80 | 3902 0f85 | 8710 0000 | 4180 7f38 
  0x00000147abe02498: 000f 85f6 | 0f00 0045 | 8964 dc14 | 418b 6cdc | 1885 ed0f | 84f7 2800 | 004c 8b54 | 2420 4c89 
  0x00000147abe024b8: 5424 3044 | 8b54 2438 | 488b 5424 | 40e9 6dee | ffff 418b | 6ccc 1445 | 8b54 cc10 | 4d8d 1ccc 
  0x00000147abe024d8: 4d8b c249 | c1e0 0385 | ed0f 85d9 | 0000 004c | 895c 2438 | 8be9 4c8b | 5424 584c | 8954 2440 
  0x00000147abe024f8: 498b d345 | 33c9 c5fa | 104c 2450 | c5fa 114c 

  0x00000147abe02508: ;   {optimized virtual_call}
  0x00000147abe02508: 2434 90e8 

  0x00000147abe0250c: ; ImmutableOopMap {rbp=NarrowOop [32]=Oop [56]=Oop [64]=Oop }
                      ;*invokevirtual createArray {reexecute=0 rethrow=0 return_oop=1}
                      ; - com.jme3.util.SafeArrayList::createArray@6 (line 129)
                      ; - com.jme3.util.SafeArrayList::getArray@22 (line 143)
                      ; - com.jme3.scene.Spatial::runControlUpdate@15 (line 736)
                      ; - com.jme3.scene.Spatial::updateLogicalState@2 (line 880)
                      ; - com.jme3.scene.Node::updateLogicalState@2 (line 231)
                      ; - com.jme3.app.SimpleApplication::update@109 (line 261)
  0x00000147abe0250c: 70c9 76ff 

  0x00000147abe02510: ;   {other}
  0x00000147abe02510: 0f1f 8400 | 002e 0025 | 488b f841 | 807f 3800 | 0f85 8313 | 0000 8bdd | 4c8b c74d | 8bd0 49c1 
  0x00000147abe02530: ea03 4589 | 54dc 184c | 8b54 2438 | 4d8b d84d | 33da 49c1 | eb15 4d85 | db0f 8449 | 0100 004d 
  0x00000147abe02550: 85c0 0f84 | 4001 0000 | 49c1 ea09 | 48b9 0000 | 2eb0 4701 | 0000 4903 | ca80 3902 | 0f84 2601 
  0x00000147abe02570: 0000 4d8b | 5748 4d8b | 5f40 f083 | 4424 c000 | 8039 000f | 840f 0100 | 0044 8821 | 4d85 db75 
  0x00000147abe02590: 1d49 8bd7 | 49ba 103f | 4d0d ff7f | 0000 41ff 

  0x00000147abe025a0: ;   {other}
  0x00000147abe025a0: d20f 1f84 | 0000 0000 | 00e9 ea00 | 0000 4b89 | 4c1a f849 | 83c3 f84d | 895f 40e9 | d800 0000 
  0x00000147abe025c0: 458b 54ec 

  0x00000147abe025c4: ;   {metadata('java/util/ArrayList')}
  0x00000147abe025c4: 0841 81fa | 28e3 0900 | 0f85 7e2b | 0000 4c89 | 5c24 4889 | 4c24 384c | 8b54 2458 | 4c89 5424 
  0x00000147abe025e4: 404d 8d14 | ec45 8b5a | 1049 8bea | 488b 5424 | 4845 8bcb | c5fa 104c | 2450 c5fa | 114c 2434 
  0x00000147abe02604: c5fa 114c | 243c 4489 

  0x00000147abe0260c: ;   {optimized virtual_call}
  0x00000147abe0260c: 5c24 54e8 

  0x00000147abe02610: ; ImmutableOopMap {rbp=Oop [32]=Oop [56]=NarrowOop [64]=Oop [72]=Oop }
                      ;*invokevirtual createArray {reexecute=0 rethrow=0 return_oop=1}
                      ; - com.jme3.util.SafeArrayList::createArray@6 (line 129)
                      ; - com.jme3.util.SafeArrayList::getArray@46 (line 148)
                      ; - com.jme3.scene.Spatial::runControlUpdate@15 (line 736)
                      ; - com.jme3.scene.Spatial::updateLogicalState@2 (line 880)
                      ; - com.jme3.scene.Node::updateLogicalState@2 (line 231)
                      ; - com.jme3.app.SimpleApplication::update@109 (line 261)
  0x00000147abe02610: 6cc8 76ff 

  0x00000147abe02614: ;   {other}
  0x00000147abe02614: 0f1f 8400 | 042f 0026 | 488b d54c | 8bc0 488b 

  0x00000147abe02624: ;   {optimized virtual_call}
  0x00000147abe02624: 6c24 20e8 

  0x00000147abe02628: ; ImmutableOopMap {rbp=Oop [32]=Oop [56]=NarrowOop [64]=Oop [72]=Oop }
                      ;*invokeinterface toArray {reexecute=0 rethrow=0 return_oop=1}
                      ; - com.jme3.util.SafeArrayList::getArray@49 (line 148)
                      ; - com.jme3.scene.Spatial::runControlUpdate@15 (line 736)
                      ; - com.jme3.scene.Spatial::updateLogicalState@2 (line 880)
                      ; - com.jme3.scene.Node::updateLogicalState@2 (line 231)
                      ; - com.jme3.app.SimpleApplication::update@109 (line 261)
  0x00000147abe02628: 54c8 76ff 

  0x00000147abe0262c: ;   {other}
  0x00000147abe0262c: 0f1f 8400 | 1c2f 0027 | 488b f841 | 807f 3800 | 0f85 5f0f | 0000 8b5c | 2438 4c8b | c74d 8bd8 
  0x00000147abe0264c: 49c1 eb03 | 4589 5cdc | 184c 8b54 | 2448 4d8b | d84d 33da | 49c1 eb15 | 4d85 db74 | 1f4d 85c0 
  0x00000147abe0266c: 741a 49c1 | ea09 48b9 | 0000 2eb0 | 4701 0000 | 4903 ca80 | 3902 0f85 | c90f 0000 | 4180 7f38 
  0x00000147abe0268c: 000f 85d6 | 0e00 0045 | 8964 dc14 | 418b 6cdc | 1885 ed0f | 841b 2700 | 004c 8b54 | 2420 4c89 
  0x00000147abe026ac: 5424 304c | 8b54 2440 | 4c89 5424 | 58e9 e5e3 | ffff 438b | 6ccc 1447 | 8b54 cc10 | 4f8d 1ccc 
  0x00000147abe026cc: 4d8b c249 | c1e0 0385 | ed0f 85e5 | 0000 004c | 895c 2438 | 418b e94c | 8b54 2458 | 4c89 5424 
  0x00000147abe026ec: 404c 8b54 | 2430 4c89 | 5424 2049 | 8bd3 4533 | c9c5 fa10 | 4c24 50c5 | fa11 4c24 

  0x00000147abe02708: ;   {optimized virtual_call}
  0x00000147abe02708: 3466 90e8 

  0x00000147abe0270c: ; ImmutableOopMap {rbp=NarrowOop [32]=Oop [56]=Oop [64]=Oop }
                      ;*invokevirtual createArray {reexecute=0 rethrow=0 return_oop=1}
                      ; - com.jme3.util.SafeArrayList::createArray@6 (line 129)
                      ; - com.jme3.util.SafeArrayList::getArray@22 (line 143)
                      ; - com.jme3.scene.Spatial::runControlUpdate@15 (line 736)
                      ; - com.jme3.scene.Spatial::updateLogicalState@2 (line 880)
                      ; - com.jme3.scene.Node::updateLogicalState@2 (line 231)
                      ; - com.jme3.app.SimpleApplication::update@117 (line 262)
  0x00000147abe0270c: 70c7 76ff 

  0x00000147abe02710: ;   {other}
  0x00000147abe02710: 0f1f 8400 | 0030 0028 | 488b d841 | 807f 3800 | 0f85 bd11 | 0000 8bfd | 4c8b c34d | 8bd0 49c1 
  0x00000147abe02730: ea03 4589 | 54fc 184c | 8b54 2438 | 4d8b d84d | 33da 49c1 | eb15 4d85 | db0f 8451 | 0100 004d 
  0x00000147abe02750: 85c0 0f84 | 4801 0000 | 49c1 ea09 | 48b9 0000 | 2eb0 4701 | 0000 4903 | ca80 3902 | 0f84 2e01 
  0x00000147abe02770: 0000 4d8b | 5748 4d8b | 5f40 f083 | 4424 c000 | 8039 000f | 8417 0100 | 0044 8821 | 4d85 db75 
  0x00000147abe02790: 1d49 8bd7 | 49ba 103f | 4d0d ff7f | 0000 41ff 

  0x00000147abe027a0: ;   {other}
  0x00000147abe027a0: d20f 1f84 | 0000 0000 | 00e9 f200 | 0000 4b89 | 4c1a f849 | 83c3 f84d | 895f 40e9 | e000 0000 
  0x00000147abe027c0: 458b 54ec 

  0x00000147abe027c4: ;   {metadata('java/util/ArrayList')}
  0x00000147abe027c4: 0841 81fa | 28e3 0900 | 0f85 ba29 | 0000 4c89 | 5c24 4844 | 894c 2438 | 4c8b 5424 | 584c 8954 
  0x00000147abe027e4: 2440 4c8b | 5424 304c | 8954 2420 | 4d8d 14ec | 458b 4a10 | 498b ea48 | 8b54 2448 | c5fa 104c 
  0x00000147abe02804: 2450 c5fa | 114c 2434 | c5fa 114c | 243c 4489 

  0x00000147abe02814: ;   {optimized virtual_call}
  0x00000147abe02814: 4c24 54e8 

  0x00000147abe02818: ; ImmutableOopMap {rbp=Oop [32]=Oop [56]=NarrowOop [64]=Oop [72]=Oop }
                      ;*invokevirtual createArray {reexecute=0 rethrow=0 return_oop=1}
                      ; - com.jme3.util.SafeArrayList::createArray@6 (line 129)
                      ; - com.jme3.util.SafeArrayList::getArray@46 (line 148)
                      ; - com.jme3.scene.Spatial::runControlUpdate@15 (line 736)
                      ; - com.jme3.scene.Spatial::updateLogicalState@2 (line 880)
                      ; - com.jme3.scene.Node::updateLogicalState@2 (line 231)
                      ; - com.jme3.app.SimpleApplication::update@117 (line 262)
  0x00000147abe02818: 64c6 76ff 

  0x00000147abe0281c: ;   {other}
  0x00000147abe0281c: 0f1f 8400 | 0c31 0029 | 488b d54c | 8bc0 488b 

  0x00000147abe0282c: ;   {optimized virtual_call}
  0x00000147abe0282c: 6c24 20e8 

  0x00000147abe02830: ; ImmutableOopMap {rbp=Oop [32]=Oop [56]=NarrowOop [64]=Oop [72]=Oop }
                      ;*invokeinterface toArray {reexecute=0 rethrow=0 return_oop=1}
                      ; - com.jme3.util.SafeArrayList::getArray@49 (line 148)
                      ; - com.jme3.scene.Spatial::runControlUpdate@15 (line 736)
                      ; - com.jme3.scene.Spatial::updateLogicalState@2 (line 880)
                      ; - com.jme3.scene.Node::updateLogicalState@2 (line 231)
                      ; - com.jme3.app.SimpleApplication::update@117 (line 262)
  0x00000147abe02830: 4cc6 76ff 

  0x00000147abe02834: ;   {other}
  0x00000147abe02834: 0f1f 8400 | 2431 002a | 488b d841 | 807f 3800 | 0f85 930d | 0000 8b7c | 2438 4c8b | c34d 8bd8 
  0x00000147abe02854: 49c1 eb03 | 4589 5cfc | 184c 8b54 | 2448 4d8b | d84d 33da | 49c1 eb15 | 4d85 db74 | 1f4d 85c0 
  0x00000147abe02874: 741a 49c1 | ea09 48b9 | 0000 2eb0 | 4701 0000 | 4903 ca80 | 3902 0f85 | 0f0e 0000 | 4180 7f38 
  0x00000147abe02894: 000f 857e | 0d00 0045 | 8964 fc14 | 418b 6cfc | 1885 ed0f | 8443 2500 | 004c 8b54 | 2420 4c89 
  0x00000147abe028b4: 5424 304c | 8b54 2440 | 4c89 5424 | 58e9 f3e2 | ffff 448b | 5424 404c | 8b44 2448 | 418b 6b20 
  0x00000147abe028d4: ; implicit exception: dispatches to 0x00000147abe06984
  0x00000147abe028d4: 418b 4cdc 

  0x00000147abe028d8: ;   {metadata('java/util/ArrayDeque')}
  0x00000147abe028d8: 0881 f9d0 | ba1b 000f | 850b 2600 | 004c 895c | 2450 4c89 | 4424 4844 | 8954 2440 | 4d8d 14dc 
  0x00000147abe028f8: 498b d24c | 8954 2460 

  0x00000147abe02900: ;   {optimized virtual_call}
  0x00000147abe02900: 6666 90e8 

  0x00000147abe02904: ; ImmutableOopMap {rbp=NarrowOop [32]=Oop [56]=Oop [64]=NarrowOop [80]=Oop [96]=Oop }
                      ;*invokevirtual pollFirst {reexecute=0 rethrow=0 return_oop=1}
                      ; - java.util.ArrayDeque::poll@1 (line 536)
                      ; - com.jme3.input.lwjgl.GlfwKeyInput::update@31 (line 161)
                      ; - com.jme3.input.InputManager::update@50 (line 906)
                      ; - com.jme3.app.LegacyApplication::update@91 (line 724)
                      ; - com.jme3.app.SimpleApplication::update@20 (line 246)
  0x00000147abe02904: 5814 28f8 

  0x00000147abe02908: ;   {other}
  0x00000147abe02908: 0f1f 8400 | f831 002b 

  0x00000147abe02910: ; implicit exception: dispatches to 0x00000147abe069f8
  0x00000147abe02910: 448b 5008 

  0x00000147abe02914: ;   {metadata('com/jme3/input/event/KeyInputEvent')}
  0x00000147abe02914: 4181 fa70 | 3422 010f | 8534 2c00 | 004c 8bc8 

  0x00000147abe02924: ; implicit exception: dispatches to 0x00000147abe06a14
  0x00000147abe02924: 458b 54ec 

  0x00000147abe02928: ;   {metadata('com/jme3/input/InputManager')}
  0x00000147abe02928: 0841 81fa | d80b 1b01 | 0f85 0e26 | 0000 48c1 | e503 440f | b65d 3445 | 85db 0f84 | 1c25 0000 
  0x00000147abe02948: 448b 4564 | 4585 c00f | 843b 2500 | 004b 8d14 | c44d 8bc1 | 4c89 4c24 

  0x00000147abe02960: ;   {optimized virtual_call}
  0x00000147abe02960: 6066 90e8 

  0x00000147abe02964: ; ImmutableOopMap {rbp=Oop [32]=Oop [56]=Oop [64]=NarrowOop [80]=Oop [96]=Oop }
                      ;*invokevirtual add {reexecute=0 rethrow=0 return_oop=0}
                      ; - com.jme3.input.InputManager::onKeyEvent@22 (line 484)
                      ; - com.jme3.input.lwjgl.GlfwKeyInput::update@39 (line 161)
                      ; - com.jme3.input.InputManager::update@50 (line 906)
                      ; - com.jme3.app.LegacyApplication::update@91 (line 724)
                      ; - com.jme3.app.SimpleApplication::update@20 (line 246)
  0x00000147abe02964: 780b d9ff 

  0x00000147abe02968: ;   {other}
  0x00000147abe02968: 0f1f 8400 | 5832 002c | 4d8b 9760 

  0x00000147abe02974: ; ImmutableOopMap {[32]=Oop [56]=Oop [64]=NarrowOop [80]=Oop }
                      ;*goto {reexecute=1 rethrow=0 return_oop=0}
                      ; - (reexecute) com.jme3.input.lwjgl.GlfwKeyInput::update@44 (line 161)
                      ; - com.jme3.input.InputManager::update@50 (line 906)
                      ; - com.jme3.app.LegacyApplication::update@91 (line 724)
                      ; - com.jme3.app.SimpleApplication::update@20 (line 246)
                      ;   {poll}
  0x00000147abe02974: 0400 0041 | 8502 4c8b | 5c24 5041 | 8b5b 1045 | 8b44 dc08 

  0x00000147abe02988: ;   {metadata('java/util/ArrayDeque')}
  0x00000147abe02988: 4181 f8d0 | ba1b 000f | 85db 2500 | 004d 8d14 | dc45 8b42 | 0c45 8b4a | 1045 3bc1 | 0f85 1cff 
  0x00000147abe029a8: ffff 448b | 5424 404c | 8b44 2448 | e995 d9ff | ff44 8b54 | 2440 4c8b | 4424 4841 | 8b6b 4045 
  0x00000147abe029c8: 8b4c dc08 

  0x00000147abe029cc: ;   {metadata('java/util/ArrayDeque')}
  0x00000147abe029cc: 4181 f9d0 | ba1b 000f | 85ef 2400 | 004c 895c | 2450 4c89 | 4424 4844 | 8954 2440 | 4d8d 14dc 
  0x00000147abe029ec: 498b d24c | 8954 2460 

  0x00000147abe029f4: ;   {optimized virtual_call}
  0x00000147abe029f4: 6666 90e8 

  0x00000147abe029f8: ; ImmutableOopMap {rbp=NarrowOop [32]=Oop [56]=Oop [64]=NarrowOop [80]=Oop [96]=Oop }
                      ;*invokevirtual pollFirst {reexecute=0 rethrow=0 return_oop=1}
                      ; - java.util.ArrayDeque::poll@1 (line 536)
                      ; - com.jme3.input.lwjgl.GlfwMouseInput::update@122 (line 298)
                      ; - com.jme3.input.InputManager::update@59 (line 907)
                      ; - com.jme3.app.LegacyApplication::update@91 (line 724)
                      ; - com.jme3.app.SimpleApplication::update@20 (line 246)
  0x00000147abe029f8: 84c4 76ff 

  0x00000147abe029fc: ;   {other}
  0x00000147abe029fc: 0f1f 8400 | ec32 002e 

  0x00000147abe02a04: ; implicit exception: dispatches to 0x00000147abe069a8
  0x00000147abe02a04: 448b 5808 

  0x00000147abe02a08: ;   {metadata('com/jme3/input/event/MouseMotionEvent')}
  0x00000147abe02a08: 4181 fb88 | 111b 010f | 856b 2b00 | 004c 8bc0 

  0x00000147abe02a18: ; implicit exception: dispatches to 0x00000147abe069c4
  0x00000147abe02a18: 458b 5cec 

  0x00000147abe02a1c: ;   {metadata('com/jme3/input/InputManager')}
  0x00000147abe02a1c: 0841 81fb | d80b 1b01 | 0f85 ee24 | 0000 c4c1 | 722a 481c | c4c1 7a2a | 4018 48c1 | e503 448b 
  0x00000147abe02a3c: 5548 4585 | d20f 84d9 | 2300 004c | 8944 2458 | 4b8d 14d4 

  0x00000147abe02a50: ;   {optimized virtual_call}
  0x00000147abe02a50: 6666 90e8 

  0x00000147abe02a54: ; ImmutableOopMap {rbp=Oop [32]=Oop [56]=Oop [64]=NarrowOop [80]=Oop [88]=Oop }
                      ;*invokevirtual set {reexecute=0 rethrow=0 return_oop=1}
                      ; - com.jme3.input.InputManager::onMouseMotionEvent@14 (line 440)
                      ; - com.jme3.input.lwjgl.GlfwMouseInput::update@130 (line 298)
                      ; - com.jme3.input.InputManager::update@59 (line 907)
                      ; - com.jme3.app.LegacyApplication::update@91 (line 724)
                      ; - com.jme3.app.SimpleApplication::update@20 (line 246)
  0x00000147abe02a54: 28c4 76ff 

  0x00000147abe02a58: ;   {other}
  0x00000147abe02a58: 0f1f 8400 | 4833 002f | 440f b655 | 3445 85d2 | 7426 448b | 5564 4585 | d20f 8461 | 2500 004b 
  0x00000147abe02a78: 8d14 d44c | 8b44 2458 

  0x00000147abe02a80: ;   {optimized virtual_call}
  0x00000147abe02a80: 6666 90e8 

  0x00000147abe02a84: ; ImmutableOopMap {rbp=Oop [32]=Oop [56]=Oop [64]=NarrowOop [80]=Oop [88]=Oop }
                      ;*invokevirtual add {reexecute=0 rethrow=0 return_oop=0}
                      ; - com.jme3.input.InputManager::onMouseMotionEvent@30 (line 442)
                      ; - com.jme3.input.lwjgl.GlfwMouseInput::update@130 (line 298)
                      ; - com.jme3.input.InputManager::update@59 (line 907)
                      ; - com.jme3.app.LegacyApplication::update@91 (line 724)
                      ; - com.jme3.app.SimpleApplication::update@20 (line 246)
  0x00000147abe02a84: f8c3 76ff 

  0x00000147abe02a88: ;   {other}
  0x00000147abe02a88: 0f1f 8400 | 7833 0030 | 4d8b 9760 

  0x00000147abe02a94: ; ImmutableOopMap {[32]=Oop [56]=Oop [64]=NarrowOop [80]=Oop }
                      ;*goto {reexecute=1 rethrow=0 return_oop=0}
                      ; - (reexecute) com.jme3.input.lwjgl.GlfwMouseInput::update@135 (line 298)
                      ; - com.jme3.input.InputManager::update@59 (line 907)
                      ; - com.jme3.app.LegacyApplication::update@91 (line 724)
                      ; - com.jme3.app.SimpleApplication::update@20 (line 246)
                      ;   {poll}
  0x00000147abe02a94: 0400 0041 | 8502 4c8b | 5c24 5041 | 8b5b 3445 | 8b54 dc08 

  0x00000147abe02aa8: ;   {metadata('java/util/ArrayDeque')}
  0x00000147abe02aa8: 4181 fad0 | ba1b 000f | 85ef 2400 | 004d 8d14 | dc45 8b4a | 0c45 8b52 | 1045 3bca | 0f85 effe 
  0x00000147abe02ac8: ffff 448b | 5424 404c | 8b44 2448 | e9c6 d8ff | ff48 8b54 | 2458 c5fa | 104c 2450 | c5fa 114c 
  0x00000147abe02ae8: ;   {optimized virtual_call}
  0x00000147abe02ae8: 243c 90e8 

  0x00000147abe02aec: ; ImmutableOopMap {[48]=Oop [88]=Oop }
                      ;*invokespecial getUpdateList {reexecute=0 rethrow=0 return_oop=1}
                      ; - com.jme3.scene.Node::updateLogicalState@14 (line 241)
                      ; - com.jme3.app.SimpleApplication::update@109 (line 261)
  0x00000147abe02aec: 30d6 faff 

  0x00000147abe02af0: ;   {other}
  0x00000147abe02af0: 0f1f 8400 | e033 0032 | 4885 c00f | 846f 2500 | 0048 8bd0 | c5fa 104c | 243c c5fa | 114c 2424 
  0x00000147abe02b10: ;   {optimized virtual_call}
  0x00000147abe02b10: 6666 90e8 

  0x00000147abe02b14: ; ImmutableOopMap {[48]=Oop [88]=Oop }
                      ;*invokevirtual getArray {reexecute=0 rethrow=0 return_oop=1}
                      ; - com.jme3.scene.Node::updateLogicalState@17 (line 241)
                      ; - com.jme3.app.SimpleApplication::update@109 (line 261)
  0x00000147abe02b14: c890 e5ff 

  0x00000147abe02b18: ;   {other}
  0x00000147abe02b18: 0f1f 8400 | 0834 0033 

  0x00000147abe02b20: ; implicit exception: dispatches to 0x00000147abe06a90
  0x00000147abe02b20: 448b 5008 

  0x00000147abe02b24: ;   {metadata('com/jme3/scene/Spatial'[])}
  0x00000147abe02b24: 4181 fa90 | 951a 010f | 85cf 2a00 | 004c 8bc0 | 458b 500c | 4585 d20f | 8635 e0ff | ff45 8d4a 
  0x00000147abe02b44: ff45 3bca | 0f83 ba25 | 0000 33ed | 4c8b 5c24 | 584c 895c | 2440 4489 | 5424 48e9 | 9100 0000 
  0x00000147abe02b64: 488b 5424 | 58c5 fa10 | 4c24 50c5 | fa11 4c24 

  0x00000147abe02b74: ;   {optimized virtual_call}
  0x00000147abe02b74: 3c66 90e8 

  0x00000147abe02b78: ; ImmutableOopMap {[48]=Oop [88]=Oop }
                      ;*invokespecial getUpdateList {reexecute=0 rethrow=0 return_oop=1}
                      ; - com.jme3.scene.Node::updateLogicalState@14 (line 241)
                      ; - com.jme3.app.SimpleApplication::update@117 (line 262)
  0x00000147abe02b78: a4d5 faff 

  0x00000147abe02b7c: ;   {other}
  0x00000147abe02b7c: 0f1f 8400 | 6c34 0034 | 4885 c00f | 8403 2500 | 0048 8bd0 | c5fa 104c | 243c c5fa | 114c 2424 
  0x00000147abe02b9c: ;   {optimized virtual_call}
  0x00000147abe02b9c: 6666 90e8 

  0x00000147abe02ba0: ; ImmutableOopMap {[48]=Oop [88]=Oop }
                      ;*invokevirtual getArray {reexecute=0 rethrow=0 return_oop=1}
                      ; - com.jme3.scene.Node::updateLogicalState@17 (line 241)
                      ; - com.jme3.app.SimpleApplication::update@117 (line 262)
  0x00000147abe02ba0: 3c90 e5ff 

  0x00000147abe02ba4: ;   {other}
  0x00000147abe02ba4: 0f1f 8400 | 9434 0035 

  0x00000147abe02bac: ; implicit exception: dispatches to 0x00000147abe06aa4
  0x00000147abe02bac: 448b 5008 

  0x00000147abe02bb0: ;   {metadata('com/jme3/scene/Spatial'[])}
  0x00000147abe02bb0: 4181 fa90 | 951a 010f | 855f 2a00 | 004c 8bc0 | 458b 500c | 4585 d20f | 8685 e0ff | ff45 8d4a 
  0x00000147abe02bd0: ff45 3bca | 0f83 5225 | 0000 33ed | 4c8b 5c24 | 584c 895c | 2440 4489 | 5424 48eb | 5966 6690 
  0x00000147abe02bf0: 4c8b 4424 | 3845 8b54 | a810 4c89 | 4424 3849 | 8bd2 48c1 | e203 4489 | 5424 20c5 | fa10 4424 
  0x00000147abe02c10: 50c5 f828 | c8c5 fa11 | 4c24 2466 | 9048 b8ff | ffff ffff 

  0x00000147abe02c24: ;   {virtual_call}
  0x00000147abe02c24: ffff ffe8 

  0x00000147abe02c28: ; ImmutableOopMap {[32]=NarrowOop [48]=Oop [56]=Oop [64]=Oop }
                      ;*invokevirtual updateLogicalState {reexecute=0 rethrow=0 return_oop=0}
                      ; - com.jme3.scene.Node::updateLogicalState@45 (line 242)
                      ; - com.jme3.app.SimpleApplication::update@109 (line 261)
  0x00000147abe02c28: 1c3f 86ff 

  0x00000147abe02c2c: ;   {other}
  0x00000147abe02c2c: 0f1f 8400 | 1c35 0036 | ffc5 3b6c | 2448 7cb4 | e935 dfff | ff4c 8b44 | 2438 458b | 54a8 104c 
  0x00000147abe02c4c: 8944 2438 | 498b d248 | c1e2 0344 | 8954 2420 | c5fa 1044 | 2450 c5f8 | 28c8 c5fa | 114c 2424 
  0x00000147abe02c6c: 9048 b8ff | ffff ffff 

  0x00000147abe02c74: ;   {virtual_call}
  0x00000147abe02c74: ffff ffe8 

  0x00000147abe02c78: ; ImmutableOopMap {[32]=NarrowOop [48]=Oop [56]=Oop [64]=Oop }
                      ;*invokevirtual updateLogicalState {reexecute=0 rethrow=0 return_oop=0}
                      ; - com.jme3.scene.Node::updateLogicalState@45 (line 242)
                      ; - com.jme3.app.SimpleApplication::update@117 (line 262)
  0x00000147abe02c78: cc3e 86ff 

  0x00000147abe02c7c: ;   {other}
  0x00000147abe02c7c: 0f1f 8400 | 6c35 0037 | ffc5 3b6c | 2448 7cb5 | e9c1 dfff | ff4d 8d14 | ec4d 3bf2 | 0f84 9227 
  0x00000147abe02c9c: 0000 498b | bf60 0400 | 004c 8b44 

  0x00000147abe02ca8: ; ImmutableOopMap {r10=Oop r8=Oop rbx=Oop rdx=Oop [40]=Derived_oop_rdx rsi=NarrowOop [32]=Oop [80]=NarrowOop }
                      ;*goto {reexecute=1 rethrow=0 return_oop=0}
                      ; - (reexecute) java.util.concurrent.ConcurrentLinkedQueue::poll@81 (line 385)
                      ; - com.jme3.app.LegacyApplication::runQueuedTasks@4 (line 699)
                      ; - com.jme3.app.LegacyApplication::update@27 (line 715)
                      ; - com.jme3.app.SimpleApplication::update@20 (line 246)
                      ;   {poll}
  0x00000147abe02ca8: 2420 8507 | 4d8b f2e9 | b4d4 ffff | 438b 5ccc | 144b 8d34 | cce9 4ad8 | ffff 4180 | 7f38 000f 
  0x00000147abe02cc8: 8520 0a00 | 004d 8bd6 | 49c1 ea03 | 8bc6 4c8b | 5c24 28f0 | 450f b113 | 400f 94c5 | 400f b6ed 
  0x00000147abe02ce8: 85ed 7429 | 4d8b d64d | 33d3 49c1 | ea15 4d85 | d274 1a49 | c1eb 0948 | b900 002e | b047 0100 
  0x00000147abe02d08: 0049 03cb | 8039 020f | 855d 0a00 | 0085 ed0f | 846c 2700 | 0085 f60f | 846b 2500 | 0049 8d1c 
  0x00000147abe02d28: f449 8d7c | f410 4180 | 7f38 000f | 85df 0900 | 0089 374c | 8bd3 4c8b | df4d 33d3 | 49c1 ea15 
  0x00000147abe02d48: 4d85 d20f | 8438 d4ff | ff49 c1eb | 0948 b900 | 002e b047 | 0100 0049 | 03cb 8039 | 020f 841e 
  0x00000147abe02d68: d4ff ff4d | 8b57 404d | 8b5f 48f0 | 8344 24c0 | 0080 3900 | 0f84 07d4 | ffff 4488 | 214d 85d2 
  0x00000147abe02d88: 751d 498b | d749 ba10 | 3f4d 0dff | 7f00 0041 

  0x00000147abe02d98: ;   {other}
  0x00000147abe02d98: ffd2 0f1f | 8400 0000 | 0000 e9e2 | d3ff ff4b | 894c 13f8 | 4983 c2f8 | 4d89 5740 | e9d0 d3ff 
  0x00000147abe02db8: ;   {metadata('com/jme3/input/ChaseCamera')}
  0x00000147abe02db8: ff41 81fa | 00a6 2101 

  0x00000147abe02dc0: ;   {metadata('com/jme3/input/controls/AnalogListener')}
  0x00000147abe02dc0: 7424 48b8 | 08a4 21bc | 4701 0000 | 48be 0000 | 00bb 4701 | 0000 4903 | f24c 8b5e | 204c 3bd8 
  0x00000147abe02de0: 0f85 7601 

  0x00000147abe02de4: ;   {metadata('com/jme3/input/ChaseCamera')}
  0x00000147abe02de4: 0000 4181 | fa00 a621 | 010f 8581 | 2a00 00c5 | fa11 4424 | 344c 8bd5 | 4d8b da4c | 8b94 2490 
  0x00000147abe02e04: 0000 0045 | 8b52 0c44 | 8b44 2448 | c481 7a10 | 4cc4 0c4d | 8bc2 49c1 | e003 498b | d348 8b6c 
  0x00000147abe02e24: 2420 4c89 | 9c24 c800 

  0x00000147abe02e2c: ;   {optimized virtual_call}
  0x00000147abe02e2c: 0000 90e8 

  0x00000147abe02e30: ; ImmutableOopMap {rbp=Oop [32]=Oop [56]=Oop [72]=NarrowOop [76]=NarrowOop [80]=Oop [96]=NarrowOop [104]=Oop [128]=Oop [144]=Oop [152]=NarrowOop [160]=Oop [172]=NarrowOop [200]=Oop }
                      ;*invokeinterface onAnalog {reexecute=0 rethrow=0 return_oop=0}
                      ; - com.jme3.input.InputManager::invokeAnalogs@120 (line 247)
                      ; - com.jme3.input.InputManager::invokeUpdateActions@76 (line 217)
                      ; - com.jme3.input.InputManager::update@106 (line 918)
                      ; - com.jme3.app.LegacyApplication::update@91 (line 724)
                      ; - com.jme3.app.SimpleApplication::update@20 (line 246)
  0x00000147abe02e30: 4cc0 76ff 

  0x00000147abe02e34: ;   {other}
  0x00000147abe02e34: 0f1f 8400 | 2437 0039 | c5fa 1044 | 2434 e918 

  0x00000147abe02e44: ;   {metadata('com/jme3/input/ChaseCamera')}
  0x00000147abe02e44: d9ff ff41 | 81fa 00a6 | 2101 0f84 | eed8 ffff 

  0x00000147abe02e54: ;   {metadata('com/jme3/input/controls/InputListener')}
  0x00000147abe02e54: 48b8 a838 | 00bc 4701 | 0000 48be | 0000 00bb | 4701 0000 | 4903 f24c | 8b56 204c | 3bd0 0f84 
  0x00000147abe02e74: cad8 ffff | 488b 7e28 | 8b0f 4883 | c708 4885 | c0f2 48af | 0f85 0400 | 0000 4889 | 4620 0f84 
  0x00000147abe02e94: aad8 ffff | bade ffff | ff48 8b6c | 2420 c5fa | 104c 2430 | c5fa 114c | 2428 4c8b | 5424 404c 
  0x00000147abe02eb4: 8954 2430 | 448b 5424 | 5c44 8954 | 242c 448b | 5c24 5844 | 895c 2438 | 448b 5424 | 4844 8954 
  0x00000147abe02ed4: 2440 4c8b | 5424 684c | 8954 2450 | 4c8b 5424 | 704c 8954 | 2458 4c8b | 5424 784c | 8954 2468 
  0x00000147abe02ef4: c5fa 1144 | 2470 4c8b | 9424 8000 | 0000 4c89 | 5424 7844 | 8b9c 2488 | 0000 0044 | 895c 2474 
  0x00000147abe02f14: 448b 9c24 | 8c00 0000 | 4489 9c24 | 8000 0000 | 4c8b 9424 | 9000 0000 | 4c89 9424 | 8800 0000 
  0x00000147abe02f34: 448b 9c24 | 9800 0000 | 4489 9c24 | 8400 0000 

  0x00000147abe02f44: ;   {runtime_call UncommonTrapBlob}
  0x00000147abe02f44: 6666 90e8 

  0x00000147abe02f48: ; ImmutableOopMap {rbp=Oop [64]=NarrowOop [72]=NarrowOop [76]=NarrowOop [80]=Oop [96]=NarrowOop [120]=Oop [132]=NarrowOop [136]=Oop [172]=NarrowOop }
                      ;*checkcast {reexecute=0 rethrow=0 return_oop=0}
                      ; - com.jme3.input.InputManager::invokeAnalogs@92 (line 244)
                      ; - com.jme3.input.InputManager::invokeUpdateActions@76 (line 217)
                      ; - com.jme3.input.InputManager::update@106 (line 918)
                      ; - com.jme3.app.LegacyApplication::update@91 (line 724)
                      ; - com.jme3.app.SimpleApplication::update@20 (line 246)
  0x00000147abe02f48: b44d 77ff 

  0x00000147abe02f4c: ;   {other}
  0x00000147abe02f4c: 0f1f 8400 | 3c38 003a | 4d8b d0e9 | 10d6 ffff | 488b 7e28 | 8b0f 4883 | c708 4885 | c0f2 48af 
  0x00000147abe02f6c: 0f85 0400 | 0000 4889 | 4620 0f84 | 6afe ffff | e9de d7ff | ff45 8b5c | dc1c 4585 | db0f 8457 
  0x00000147abe02f8c: d1ff ff4d | 8b57 2849 | 8bcb 48c1 | e103 4d85 | d20f 8455 | 1400 004d | 8b5f 304b | 894c 13f8 
  0x00000147abe02fac: 4983 c2f8 | 4d89 5728 | e92d d1ff | ff4d 8b57 | 404d 8b5f | 48f0 8344 | 24c0 0080 | 3900 0f84 
  0x00000147abe02fcc: 50d1 ffff | 4488 214d | 85d2 751d | 498b d749 | ba10 3f4d | 0dff 7f00 | 0041 ffd2 

  0x00000147abe02fe8: ;   {other}
  0x00000147abe02fe8: 0f1f 8400 | 0000 0000 | e92b d1ff | ff4b 894c | 13f8 4983 | c2f8 4d89 | 5740 e919 | d1ff ff44 
  0x00000147abe03008: 8b54 243c | 478b 5cd4 | 2845 85db | 0f84 fbe6 | ffff 4d8b | 4728 498b | cb48 c1e1 | 034d 85c0 
  0x00000147abe03028: 0f84 1614 | 0000 4d8b | 5f30 4b89 | 4c03 f849 | 83c0 f84d | 8947 28e9 | d1e6 ffff | 478b 44d4 
  0x00000147abe03048: 2c45 85c0 | 0f84 55e7 | ffff 4d8b | 5f28 498b | c848 c1e1 | 034d 85db | 0f84 0714 | 0000 4d8b 
  0x00000147abe03068: 4730 4b89 | 4c18 f849 | 83c3 f84d | 895f 28e9 | 2be7 ffff | 4d8b 5f40 | 4d8b 4748 | f083 4424 
  0x00000147abe03088: c000 8039 | 000f 84ba | e6ff ff44 | 8821 4d85 | db75 2341 | 8bfa 498b | d749 ba10 | 3f4d 0dff 
  0x00000147abe030a8: 7f00 0041 

  0x00000147abe030ac: ;   {other}
  0x00000147abe030ac: ffd2 0f1f | 8400 0000 | 0000 448b | d7e9 8fe6 | ffff 4b89 | 4c18 f849 | 83c3 f84d | 895f 40e9 
  0x00000147abe030cc: 7de6 ffff | 4d8b 5740 | 4d8b 5f48 | f083 4424 | c000 8039 | 000f 84f8 | e6ff ff44 | 8821 4d85 
  0x00000147abe030ec: d275 1d49 | 8bd7 49ba | 103f 4d0d | ff7f 0000 

  0x00000147abe030fc: ;   {other}
  0x00000147abe030fc: 41ff d20f | 1f84 0000 | 0000 00e9 | d3e6 ffff | 4b89 4c13 | f849 83c2 | f84d 8957 | 40e9 c1e6 
  0x00000147abe0311c: ffff 4533 | dbe9 4cd1 

  0x00000147abe03124: ;   {metadata('java/lang/Float')}
  0x00000147abe03124: ffff 48ba | 38cd 02bb | 4701 0000 

  0x00000147abe03130: ;   {runtime_call _new_instance_Java}
  0x00000147abe03130: 6666 90e8 

  0x00000147abe03134: ; ImmutableOopMap {rbp=Oop [36]=NarrowOop [48]=Oop [60]=NarrowOop [64]=Oop }
                      ;*new {reexecute=0 rethrow=0 return_oop=1}
                      ; - java.lang.Float::valueOf@0 (line 545)
                      ; - com.jme3.shader.UniformBindingManager::newFrame@8 (line 271)
                      ; - com.jme3.renderer.RenderManager::render@15 (line 1144)
                      ; - com.jme3.app.SimpleApplication::update@197 (line 272)
  0x00000147abe03134: 4804 86ff 

  0x00000147abe03138: ;   {other}
  0x00000147abe03138: 0f1f 8400 | 283a 003b | 4c8b c8e9 | b1e5 ffff | c5fa 114c | 2448 4489 

  0x00000147abe03150: ;   {metadata('java/lang/Float')}
  0x00000147abe03150: 5424 3c48 | ba38 cd02 | bb47 0100 

  0x00000147abe0315c: ;   {runtime_call _new_instance_Java}
  0x00000147abe0315c: 0066 90e8 

  0x00000147abe03160: ; ImmutableOopMap {rbp=Oop [36]=NarrowOop [48]=Oop [60]=NarrowOop [64]=Oop }
                      ;*new {reexecute=0 rethrow=0 return_oop=1}
                      ; - java.lang.Float::valueOf@0 (line 545)
                      ; - com.jme3.shader.UniformBindingManager::newFrame@22 (line 272)
                      ; - com.jme3.renderer.RenderManager::render@15 (line 1144)
                      ; - com.jme3.app.SimpleApplication::update@197 (line 272)
  0x00000147abe03160: 1c04 86ff 

  0x00000147abe03164: ;   {other}
  0x00000147abe03164: 0f1f 8400 | 543a 003c | 448b 5424 | 3cc5 fa10 | 4c24 484c | 8bc8 e917 | e6ff ff4d | 8b57 2849 
  0x00000147abe03184: 8d0c fc4d | 85d2 0f84 | a41b 0000 | 4d8b 5f30 | 4b89 4c13 | f849 83c2 | f84d 8957 | 28e9 22ea 
  0x00000147abe031a4: ffff 85f6 | 0f84 64ea | ffff 4d8b | 5728 4d85 | d20f 8419 | 2000 004d | 8b5f 304b | 895c 13f8 
  0x00000147abe031c4: 4983 c2f8 | 4d89 5728 | e941 eaff | ff44 8b5d | 0045 85db | 0f84 9fea | ffff 4d8b | 5728 498b 
  0x00000147abe031e4: cb48 c1e1 | 034d 85d2 | 0f84 0620 | 0000 4d8b | 5f30 4b89 | 4c13 f849 | 83c2 f84d | 8957 28e9 
  0x00000147abe03204: 75ea ffff | 4d8b 5740 | 4d8b 5f48 | f083 4424 | c000 8039 | 000f 843a | eaff ff44 | 8821 4d85 
  0x00000147abe03224: d275 1d49 | 8bd7 49ba | 103f 4d0d | ff7f 0000 

  0x00000147abe03234: ;   {other}
  0x00000147abe03234: 41ff d20f | 1f84 0000 | 0000 00e9 | 15ea ffff | 4b89 4c13 | f849 83c2 | f84d 8957 | 40e9 03ea 
  0x00000147abe03254: ffff 448b | 5424 4447 | 8b44 d418 | 4585 c00f | 841e ecff | ff4d 8b5f | 2849 8bc8 | 48c1 e103 
  0x00000147abe03274: 4d85 db0f | 844b 2000 | 004d 8b47 | 304b 894c | 18f8 4983 | c3f8 4d89 | 5f28 e9f4 | ebff ff47 
  0x00000147abe03294: 8b5c d414 | 4585 db0f | 8433 ecff | ff4d 8b47 | 2849 8bcb | 48c1 e103 | 4d85 c00f | 8436 2000 
  0x00000147abe032b4: 004d 8b5f | 304b 894c | 03f8 4983 | c0f8 4d89 | 4728 e909 | ecff ff45 | 8b54 fc14 | 4585 d20f 
  0x00000147abe032d4: 84f2 edff | ff4d 8b5f | 2849 8bca | 48c1 e103 | 4d85 db0f | 8421 2000 | 004d 8b57 | 304b 894c 
  0x00000147abe032f4: 1af8 4983 | c3f8 4d89 | 5f28 e9c8 | edff ff8b | 7c24 4845 | 8b54 fc18 | 4585 d20f | 846d edff 
  0x00000147abe03314: ff4d 8b5f | 2849 8bca | 48c1 e103 | 4d85 db0f | 8402 2000 | 004d 8b57 | 304b 894c | 1af8 4983 
  0x00000147abe03334: ;   {no_reloc}
  0x00000147abe03334: c3f8 4d89 | 5f28 e943 | edff ff4d | 8b5f 484d | 8b47 40f0 | 8344 24c0 | 0080 3900 | 0f84 73eb 
  0x00000147abe03354: ffff 4488 | 214d 85c0 | 7523 418b | fa49 8bd7 | 49ba 103f | 4d0d ff7f | 0000 41ff 

  0x00000147abe03370: ;   {other}
  0x00000147abe03370: d20f 1f84 | 0000 0000 | 0044 8bd7 | e948 ebff | ff4b 894c | 03f8 4983 | c0f8 4d89 | 4740 e936 
  0x00000147abe03390: ebff ff4d | 8b57 484d | 8b5f 40f0 | 8344 24c0 | 0041 8038 | 000f 8415 | edff ff45 | 8820 4d85 
  0x00000147abe033b0: db75 2049 | 8bc8 498b | d749 ba10 | 3f4d 0dff | 7f00 0041 

  0x00000147abe033c4: ;   {other}
  0x00000147abe033c4: ffd2 0f1f | 8400 0000 | 0000 e9ed | ecff ff4f | 8944 1af8 | 4983 c3f8 | 4d89 5f40 | e9db ecff 
  0x00000147abe033e4: ff8b 5c24 | 3c45 8b5c | dc18 4585 | db0f 8473 | eeff ff4d | 8b57 2849 | 8bcb 48c1 | e103 4d85 
  0x00000147abe03404: d20f 843d | 1f00 004d | 8b5f 304b | 894c 13f8 | 4983 c2f8 | 4d89 5728 | e949 eeff | ff45 8b54 
  0x00000147abe03424: dc14 4585 | d20f 8488 | eeff ff4d | 8b5f 2849 | 8bca 48c1 | e103 4d85 | db0f 8422 | 1f00 004d 
  0x00000147abe03444: 8b57 304b | 894c 1af8 | 4983 c3f8 | 4d89 5f28 | e95e eeff | ff8b 5c24 | 3c45 8b5c | dc18 4585 
  0x00000147abe03464: db0f 84e7 | efff ff4d | 8b57 2849 | 8bcb 48c1 | e103 4d85 | d20f 8420 | 1f00 004d | 8b5f 304b 
  0x00000147abe03484: 894c 13f8 | 4983 c2f8 | 4d89 5728 | e9bd efff | ff45 8b54 | dc14 4585 | d20f 84fc | efff ff4d 
  0x00000147abe034a4: 8b5f 2849 | 8bca 48c1 | e103 4d85 | db0f 84cb | 1e00 004d | 8b57 304b | 894c 1af8 | 4983 c3f8 
  0x00000147abe034c4: ;   {no_reloc}
  0x00000147abe034c4: 4d89 5f28 | e9d2 efff | ff4d 8b57 | 484d 8b5f | 40f0 8344 | 24c0 0080 | 3900 0f84 | c8ed ffff 
  0x00000147abe034e4: 4488 214d | 85db 751d | 498b d749 | ba10 3f4d | 0dff 7f00 | 0041 ffd2 

  0x00000147abe034fc: ;   {other}
  0x00000147abe034fc: 0f1f 8400 | 0000 0000 | e9a3 edff | ff4b 894c | 1af8 4983 | c3f8 4d89 | 5f40 e991 | edff ff4d 
  0x00000147abe0351c: 8b57 484d | 8b5f 40f0 | 8344 24c0 | 0080 3900 | 0f84 62ef | ffff 4488 | 214d 85db | 751d 498b 
  0x00000147abe0353c: d749 ba10 | 3f4d 0dff | 7f00 0041 

  0x00000147abe03548: ;   {other}
  0x00000147abe03548: ffd2 0f1f | 8400 0000 | 0000 e93d | efff ff4b | 894c 1af8 | 4983 c3f8 | 4d89 5f40 | e92b efff 
  0x00000147abe03568: ff45 8b5c | dc14 4585 | db0f 841c | f1ff ff4d | 8b57 2849 | 8bcb 48c1 | e103 4d85 | d20f 8431 
  0x00000147abe03588: 1e00 004d | 8b5f 304b | 894c 13f8 | 4983 c2f8 | 4d89 5728 | e9f2 f0ff | ff8b 5c24 | 3845 8b54 
  0x00000147abe035a8: dc18 4585 | d20f 8493 | f0ff ff4d | 8b5f 2849 | 8bca 48c1 | e103 4d85 | db0f 8412 | 1e00 004d 
  0x00000147abe035c8: 8b57 304b | 894c 1af8 | 4983 c3f8 | 4d89 5f28 | e969 f0ff | ff8b 7c24 | 3845 8b54 | fc18 4585 
  0x00000147abe035e8: d20f 845f | f2ff ff4d | 8b5f 2849 | 8bca 48c1 | e103 4d85 | db0f 8410 | 1e00 004d | 8b57 304b 
  0x00000147abe03608: 894c 1af8 | 4983 c3f8 | 4d89 5f28 | e935 f2ff | ff45 8b5c | fc14 4585 | db0f 8474 | f2ff ff4d 
  0x00000147abe03628: 8b57 2849 | 8bcb 48c1 | e103 4d85 | d20f 84bb | 1d00 004d | 8b5f 304b | 894c 13f8 | 4983 c2f8 
  0x00000147abe03648: ;   {no_reloc}
  0x00000147abe03648: 4d89 5728 | e94a f2ff | ff4d 8b57 | 484d 8b5f | 40f0 8344 | 24c0 0080 | 3900 0f84 | 20f0 ffff 
  0x00000147abe03668: 4488 214d | 85db 751d | 498b d749 | ba10 3f4d | 0dff 7f00 | 0041 ffd2 

  0x00000147abe03680: ;   {other}
  0x00000147abe03680: 0f1f 8400 | 0000 0000 | e9fb efff | ff4b 894c | 1af8 4983 | c3f8 4d89 | 5f40 e9e9 | efff ff4d 
  0x00000147abe036a0: 8b57 484d | 8b5f 40f0 | 8344 24c0 | 0080 3900 | 0f84 daf1 | ffff 4488 | 214d 85db | 751d 498b 
  0x00000147abe036c0: d749 ba10 | 3f4d 0dff | 7f00 0041 

  0x00000147abe036cc: ;   {other}
  0x00000147abe036cc: ffd2 0f1f | 8400 0000 | 0000 e9b5 | f1ff ff4b | 894c 1af8 | 4983 c3f8 | 4d89 5f40 | e9a3 f1ff 
  0x00000147abe036ec: ff85 f60f | 84d8 f5ff | ff4d 8b57 | 284d 85d2 | 0f84 4a1d | 0000 4d8b | 5f30 4b89 | 5c13 f849 
  0x00000147abe0370c: 83c2 f84d | 8957 28e9 | b5f5 ffff | 448b 1f45 | 85db 0f84 | 15f6 ffff | 4d8b 5728 | 498b cb48 
  0x00000147abe0372c: c1e1 034d | 85d2 0f84 | 341d 0000 | 4d8b 5f30 | 4b89 4c13 | f849 83c2 | f84d 8957 | 28e9 ebf5 
  0x00000147abe0374c: ffff 4d8b | 9f60 0400 | 0045 8b52 | 144d 8d04 

  0x00000147abe0375c: ; ImmutableOopMap {r10=NarrowOop r8=Oop rcx=NarrowOop [32]=Oop [56]=Oop [72]=NarrowOop [76]=NarrowOop [80]=Oop [96]=NarrowOop [104]=Oop }
                      ;*goto {reexecute=1 rethrow=0 return_oop=0}
                      ; - (reexecute) com.jme3.util.IntMap::get@36 (line 142)
                      ; - com.jme3.input.InputManager::invokeAnalogs@5 (line 229)
                      ; - com.jme3.input.InputManager::invokeUpdateActions@76 (line 217)
                      ; - com.jme3.input.InputManager::update@106 (line 918)
                      ; - com.jme3.app.LegacyApplication::update@91 (line 724)
                      ; - com.jme3.app.SimpleApplication::update@20 (line 246)
                      ;   {poll}
  0x00000147abe0375c: cc41 8503 | 4585 d20f | 840b 1000 | 0049 c1e2 | 03e9 5bce | ffff 4d8b | 5740 4d8b | 5f48 f083 
  0x00000147abe0377c: 4424 c000 | 8039 000f | 848c f5ff | ff44 8821 | 4d85 d275 | 1d49 8bd7 | 49ba 103f | 4d0d ff7f 
  0x00000147abe0379c: 0000 41ff 

  0x00000147abe037a0: ;   {other}
  0x00000147abe037a0: d20f 1f84 | 0000 0000 | 00e9 67f5 | ffff 4b89 | 4c13 f849 | 83c2 f84d | 8957 40e9 | 55f5 ffff 
  0x00000147abe037c0: 448b d547 | 8b44 d418 | 4585 c00f | 8488 e5ff | ff4d 8b5f | 2849 8bc8 | 48c1 e103 | 4d85 db0f 
  0x00000147abe037e0: 84bf 1c00 | 004d 8b47 | 304b 894c | 18f8 4983 | c3f8 4d89 | 5f28 e95e | e5ff ff8b | fd45 8b54 
  0x00000147abe03800: fc18 4585 | d20f 8461 | e7ff ff4d | 8b5f 2849 | 8bca 48c1 | e103 4d85 | db0f 84a5 | 1c00 004d 
  0x00000147abe03820: 8b57 304b | 894c 1af8 | 4983 c3f8 | 4d89 5f28 | e937 e7ff | ff8b dd45 | 8b54 dc18 | 4585 d20f 
  0x00000147abe03840: 840f e9ff | ff4d 8b5f | 2849 8bca | 48c1 e103 | 4d85 db0f | 8488 1c00 | 004d 8b57 | 304b 894c 
  0x00000147abe03860: 1af8 4983 | c3f8 4d89 | 5f28 e9e5 | e8ff ff8b | dd45 8b54 | dc18 4585 | d20f 84bd | eaff ff4d 
  0x00000147abe03880: 8b5f 2849 | 8bca 48c1 | e103 4d85 | db0f 846b | 1c00 004d | 8b57 304b | 894c 1af8 | 4983 c3f8 
  0x00000147abe038a0: ;   {no_reloc}
  0x00000147abe038a0: 4d89 5f28 | e993 eaff | ff8b dd45 | 8b5c dc18 | 4585 db0f | 846f ecff | ff4d 8b57 | 2849 8bcb 
  0x00000147abe038c0: 48c1 e103 | 4d85 d20f | 844e 1c00 | 004d 8b5f | 304b 894c | 13f8 4983 | c2f8 4d89 | 5728 e945 
  0x00000147abe038e0: ecff ff8b | fd45 8b5c | fc18 4585 | db0f 8435 | eeff ff4d | 8b57 2849 | 8bcb 48c1 | e103 4d85 
  0x00000147abe03900: d20f 8431 | 1c00 004d | 8b5f 304b | 894c 13f8 | 4983 c2f8 | 4d89 5728 | e90b eeff | ffba 45ff 
  0x00000147abe03920: ffff 4c8b | 5424 304c | 8954 2420 | 448b 5424 | 4044 8954 | 242c 8944 

  0x00000147abe03938: ;   {runtime_call UncommonTrapBlob}
  0x00000147abe03938: 2448 90e8 

  0x00000147abe0393c: ; ImmutableOopMap {rbp=NarrowOop [32]=Oop [44]=NarrowOop [56]=Oop [88]=NarrowOop }
                      ;*ifeq {reexecute=1 rethrow=0 return_oop=0}
                      ; - (reexecute) com.jme3.app.state.AppStateManager::render@34 (line 368)
                      ; - com.jme3.app.SimpleApplication::update@161 (line 269)
  0x00000147abe0393c: c043 77ff 

  0x00000147abe03940: ;   {other}
  0x00000147abe03940: 0f1f 8400 | 3042 003e | ba45 ffff | ff44 8b5c | 2444 4489 | 5c24 2c89 

  0x00000147abe03958: ;   {runtime_call UncommonTrapBlob}
  0x00000147abe03958: 4424 44e8 

  0x00000147abe0395c: ; ImmutableOopMap {rbp=NarrowOop [32]=Oop [48]=Oop [72]=NarrowOop }
                      ;*ifeq {reexecute=1 rethrow=0 return_oop=0}
                      ; - (reexecute) com.jme3.app.state.AppStateManager::postRender@32 (line 380)
                      ; - com.jme3.app.SimpleApplication::update@212 (line 274)
  0x00000147abe0395c: a043 77ff 

  0x00000147abe03960: ;   {other}
  0x00000147abe03960: 0f1f 8400 | 5042 003f | bae4 ffff | ff48 8b6c | 2430 c5fa | 1044 2450 | 4489 5424 | 24c5 f828 
  0x00000147abe03980: c8c5 fa11 | 4c24 2844 | 8b54 2438 | 4489 5424 | 2c89 7424 | 3444 8944 | 2438 4489 | 4424 3c44 
  0x00000147abe039a0: 894c 2448 

  0x00000147abe039a4: ;   {runtime_call UncommonTrapBlob}
  0x00000147abe039a4: 6666 90e8 

  0x00000147abe039a8: ; ImmutableOopMap {rbp=Oop [36]=NarrowOop [52]=NarrowOop }
                      ;*invokestatic checkIndex {reexecute=0 rethrow=0 return_oop=0}
                      ; - java.util.Objects::checkIndex@3 (line 365)
                      ; - java.util.ArrayList::get@5 (line 428)
                      ; - com.jme3.renderer.RenderManager::render@125 (line 1156)
                      ; - com.jme3.app.SimpleApplication::update@197 (line 272)
  0x00000147abe039a8: 5443 77ff 

  0x00000147abe039ac: ;   {other}
  0x00000147abe039ac: 0f1f 8400 | 9c42 0040 | bae4 ffff | ff48 8b6c | 2430 c5fa | 1044 2450 | 4489 5424 | 24c5 f828 
  0x00000147abe039cc: c8c5 fa11 | 4c24 2844 | 8b54 2438 | 4489 5424 | 2c44 8944 | 2430 8974 | 243c 894c | 2440 4489 
  0x00000147abe039ec: 4c24 4489 

  0x00000147abe039f0: ;   {runtime_call UncommonTrapBlob}
  0x00000147abe039f0: 4c24 48e8 

  0x00000147abe039f4: ; ImmutableOopMap {rbp=Oop [36]=NarrowOop [60]=NarrowOop [68]=NarrowOop }
                      ;*aaload {reexecute=0 rethrow=0 return_oop=0}
                      ; - java.util.ArrayList::elementData@5 (line 412)
                      ; - java.util.ArrayList::get@11 (line 429)
                      ; - com.jme3.renderer.RenderManager::render@125 (line 1156)
                      ; - com.jme3.app.SimpleApplication::update@197 (line 272)
  0x00000147abe039f4: 0843 77ff 

  0x00000147abe039f8: ;   {other}
  0x00000147abe039f8: 0f1f 8400 | e842 0041 | bacc ffff | ff48 8b6c | 2430 c5fa | 104c 2450 | 4489 5424 | 24c5 fa11 
  0x00000147abe03a18: 4c24 2844 | 8b5c 2438 | 4489 5c24 | 2c89 7424 | 3444 8944 | 2438 4489 | 4424 3c44 | 894c 2448 
  0x00000147abe03a38: ;   {runtime_call UncommonTrapBlob}
  0x00000147abe03a38: 6666 90e8 

  0x00000147abe03a3c: ; ImmutableOopMap {rbp=Oop [36]=NarrowOop [52]=NarrowOop }
                      ;*invokestatic checkIndex {reexecute=0 rethrow=0 return_oop=0}
                      ; - java.util.Objects::checkIndex@3 (line 365)
                      ; - java.util.ArrayList::get@5 (line 428)
                      ; - com.jme3.renderer.RenderManager::render@125 (line 1156)
                      ; - com.jme3.app.SimpleApplication::update@197 (line 272)
  0x00000147abe03a3c: c042 77ff 

  0x00000147abe03a40: ;   {other}
  0x00000147abe03a40: 0f1f 8400 | 3043 0042 | baf6 ffff | ff48 8b6c 

  0x00000147abe03a50: ;   {runtime_call UncommonTrapBlob}
  0x00000147abe03a50: 2420 90e8 

  0x00000147abe03a54: ; ImmutableOopMap {rbp=Oop }
                      ;*invokevirtual poll {reexecute=0 rethrow=0 return_oop=0}
                      ; - com.jme3.app.LegacyApplication::runQueuedTasks@4 (line 699)
                      ; - com.jme3.app.LegacyApplication::update@27 (line 715)
                      ; - com.jme3.app.SimpleApplication::update@20 (line 246)
  0x00000147abe03a54: a842 77ff 

  0x00000147abe03a58: ;   {other}
  0x00000147abe03a58: 0f1f 8400 | 4843 0043 | baec ffff 

  0x00000147abe03a64: ;   {runtime_call UncommonTrapBlob}
  0x00000147abe03a64: ff66 90e8 

  0x00000147abe03a68: ; ImmutableOopMap {rbp=NarrowOop [32]=Oop }
                      ;*ifnull {reexecute=1 rethrow=0 return_oop=0}
                      ; - (reexecute) com.jme3.app.SimpleApplication::update@4 (line 244)
  0x00000147abe03a68: 9442 77ff 

  0x00000147abe03a6c: ;   {other}
  0x00000147abe03a6c: 0f1f 8400 | 5c43 0044 | bade ffff | ff89 7424 

  0x00000147abe03a7c: ;   {runtime_call UncommonTrapBlob}
  0x00000147abe03a7c: 3466 90e8 

  0x00000147abe03a80: ; ImmutableOopMap {rbp=NarrowOop [32]=Oop [52]=NarrowOop }
                      ;*invokevirtual set {reexecute=0 rethrow=0 return_oop=0}
                      ; - com.jme3.audio.AudioContext::setAudioRenderer@4 (line 44)
                      ; - com.jme3.app.LegacyApplication::update@4 (line 712)
                      ; - com.jme3.app.SimpleApplication::update@20 (line 246)
  0x00000147abe03a80: 7c42 77ff 

  0x00000147abe03a84: ;   {other}
  0x00000147abe03a84: 0f1f 8400 | 7443 0045 | bae4 ffff | ff48 8b6c | 2420 8974 | 242c 4c89 | 5c24 384c | 8944 2440 
  0x00000147abe03aa4: 8974 2448 | 4489 4c24 | 504c 895c | 2458 894c | 2464 897c | 246c 4489 

  0x00000147abe03abc: ;   {runtime_call UncommonTrapBlob}
  0x00000147abe03abc: 5424 70e8 

  0x00000147abe03ac0: ; ImmutableOopMap {rbp=Oop [44]=NarrowOop [56]=Oop [64]=Oop [72]=NarrowOop [80]=NarrowOop [88]=Oop [108]=NarrowOop }
                      ;*aaload {reexecute=0 rethrow=0 return_oop=0}
                      ; - java.lang.ThreadLocal$ThreadLocalMap::set@23 (line 549)
                      ; - java.lang.ThreadLocal::set@13 (line 265)
                      ; - java.lang.ThreadLocal::set@5 (line 251)
                      ; - com.jme3.audio.AudioContext::setAudioRenderer@4 (line 44)
                      ; - com.jme3.app.LegacyApplication::update@4 (line 712)
                      ; - com.jme3.app.SimpleApplication::update@20 (line 246)
  0x00000147abe03ac0: 3c42 77ff 

  0x00000147abe03ac4: ;   {other}
  0x00000147abe03ac4: 0f1f 8400 | b443 0046 | 33ed 493b | d340 0f94 | c5ba 45ff | ffff 8974 | 2434 4c89 | 5c24 404c 
  0x00000147abe03ae4: 8944 2448 | 8974 2450 | 4489 4c24 | 584c 895c | 2460 897c | 2468 894c | 246c 4489 | 5424 7089 
  0x00000147abe03b04: ;   {runtime_call UncommonTrapBlob}
  0x00000147abe03b04: 5c24 74e8 

  0x00000147abe03b08: ; ImmutableOopMap {[32]=Oop [52]=NarrowOop [64]=Oop [72]=Oop [80]=NarrowOop [88]=NarrowOop [96]=Oop [104]=NarrowOop [116]=NarrowOop }
                      ;*ifeq {reexecute=1 rethrow=0 return_oop=0}
                      ; - (reexecute) java.lang.ThreadLocal$ThreadLocalMap::set@37 (line 552)
                      ; - java.lang.ThreadLocal::set@13 (line 265)
                      ; - java.lang.ThreadLocal::set@5 (line 251)
                      ; - com.jme3.audio.AudioContext::setAudioRenderer@4 (line 44)
                      ; - com.jme3.app.LegacyApplication::update@4 (line 712)
                      ; - com.jme3.app.SimpleApplication::update@20 (line 246)
  0x00000147abe03b08: f441 77ff 

  0x00000147abe03b0c: ;   {other}
  0x00000147abe03b0c: 0f1f 8400 | fc43 0047 | baec ffff 

  0x00000147abe03b18: ;   {runtime_call UncommonTrapBlob}
  0x00000147abe03b18: ff66 90e8 

  0x00000147abe03b1c: ; ImmutableOopMap {rbp=NarrowOop [32]=Oop }
                      ;*ifnull {reexecute=1 rethrow=0 return_oop=0}
                      ; - (reexecute) com.jme3.app.LegacyApplication::update@11 (line 714)
                      ; - com.jme3.app.SimpleApplication::update@20 (line 246)
  0x00000147abe03b1c: e041 77ff 

  0x00000147abe03b20: ;   {other}
  0x00000147abe03b20: 0f1f 8400 | 1044 0048 | 458b 44ec | 1033 ed45 | 85db 400f | 9fc5 ba45 | ffff ff4c | 8b5c 2440 
  0x00000147abe03b40: 4c89 5c24 | 3844 8954 | 2440 4489 | 4424 4489 

  0x00000147abe03b50: ;   {runtime_call UncommonTrapBlob}
  0x00000147abe03b50: 5c24 48e8 

  0x00000147abe03b54: ; ImmutableOopMap {[32]=Oop [64]=NarrowOop [68]=NarrowOop [72]=NarrowOop }
                      ;*ifeq {reexecute=1 rethrow=0 return_oop=0}
                      ; - (reexecute) com.jme3.input.InputManager::invokeUpdateActions@96 (line 221)
                      ; - com.jme3.input.InputManager::update@106 (line 918)
                      ; - com.jme3.app.LegacyApplication::update@91 (line 724)
                      ; - com.jme3.app.SimpleApplication::update@20 (line 246)
  0x00000147abe03b54: a841 77ff 

  0x00000147abe03b58: ;   {other}
  0x00000147abe03b58: 0f1f 8400 | 4844 0049 | baf6 ffff | ff49 8bea | 4c89 4424 | 28c5 fa11 

  0x00000147abe03b70: ;   {runtime_call UncommonTrapBlob}
  0x00000147abe03b70: 4424 30e8 

  0x00000147abe03b74: ; ImmutableOopMap {rbp=Oop [40]=Oop }
                      ;*monitorenter {reexecute=0 rethrow=0 return_oop=0}
                      ; - com.jme3.audio.openal.ALAudioRenderer::update@6 (line 849)
                      ; - com.jme3.app.LegacyApplication::update@131 (line 729)
                      ; - com.jme3.app.SimpleApplication::update@20 (line 246)
  0x00000147abe03b74: 8841 77ff 

  0x00000147abe03b78: ;   {other}
  0x00000147abe03b78: 0f1f 8400 | 6844 004a | baf6 ffff | ff49 8beb | c5fa 114c 

  0x00000147abe03b8c: ;   {runtime_call UncommonTrapBlob}
  0x00000147abe03b8c: 2424 90e8 

  0x00000147abe03b90: ; ImmutableOopMap {rbp=Oop }
                      ;*invokevirtual update {reexecute=0 rethrow=0 return_oop=0}
                      ; - com.jme3.app.SimpleApplication::update@77 (line 255)
  0x00000147abe03b90: 6c41 77ff 

  0x00000147abe03b94: ;   {other}
  0x00000147abe03b94: 0f1f 8400 | 8444 004b | baf6 ffff | ff89 7c24 | 2444 896c 

  0x00000147abe03ba8: ;   {runtime_call UncommonTrapBlob}
  0x00000147abe03ba8: 242c 90e8 

  0x00000147abe03bac: ; ImmutableOopMap {[36]=NarrowOop [44]=NarrowOop [48]=Oop }
                      ;*monitorenter {reexecute=0 rethrow=0 return_oop=0}
                      ; - com.jme3.app.state.AppStateManager::getStates@6 (line 126)
                      ; - com.jme3.app.state.AppStateManager::render@1 (line 366)
                      ; - com.jme3.app.SimpleApplication::update@161 (line 269)
  0x00000147abe03bac: 5041 77ff 

  0x00000147abe03bb0: ;   {other}
  0x00000147abe03bb0: 0f1f 8400 | a044 004c | baf6 ffff | ff48 8b6c | 2430 c5fa | 104c 2450 | 4489 4c24 | 24c5 fa11 
  0x00000147abe03bd0: 4c24 2889 | 7c24 2c44 | 895c 2434 

  0x00000147abe03bdc: ;   {runtime_call UncommonTrapBlob}
  0x00000147abe03bdc: 6666 90e8 

  0x00000147abe03be0: ; ImmutableOopMap {rbp=Oop [36]=NarrowOop [52]=NarrowOop }
                      ;*invokevirtual getTimeInSeconds {reexecute=0 rethrow=0 return_oop=0}
                      ; - com.jme3.shader.UniformBindingManager::newFrame@5 (line 271)
                      ; - com.jme3.renderer.RenderManager::render@15 (line 1144)
                      ; - com.jme3.app.SimpleApplication::update@197 (line 272)
  0x00000147abe03be0: 1c41 77ff 

  0x00000147abe03be4: ;   {other}
  0x00000147abe03be4: 0f1f 8400 | d444 004d | bae4 ffff | ff4c 8b5c | 2430 4c89 | 5c24 20c5 | fa10 4424 | 5044 8954 
  0x00000147abe03c04: 242c c5f8 | 28c8 c5fa | 114c 2430 | 448b 5424 | 3844 8954 | 2434 894c | 243c 895c | 2440 895c 
  0x00000147abe03c24: ;   {runtime_call UncommonTrapBlob}
  0x00000147abe03c24: 2444 90e8 

  0x00000147abe03c28: ; ImmutableOopMap {[32]=Oop [44]=NarrowOop [60]=NarrowOop }
                      ;*invokestatic checkIndex {reexecute=0 rethrow=0 return_oop=0}
                      ; - java.util.Objects::checkIndex@3 (line 365)
                      ; - java.util.ArrayList::get@5 (line 428)
                      ; - com.jme3.renderer.RenderManager::render@195 (line 1164)
                      ; - com.jme3.app.SimpleApplication::update@197 (line 272)
  0x00000147abe03c28: d440 77ff 

  0x00000147abe03c2c: ;   {other}
  0x00000147abe03c2c: 0f1f 8400 | 1c45 004e | bae4 ffff | ff48 8b6c | 2430 c5fa | 1044 2450 | 4489 5424 | 24c5 f828 
  0x00000147abe03c4c: c8c5 fa11 | 4c24 2844 | 8b4c 2438 | 4489 4c24 | 2c89 5c24 | 3089 4c24 | 3c44 8944 | 2440 4489 
  0x00000147abe03c6c: 5c24 4444 | 8944 2448 

  0x00000147abe03c74: ;   {runtime_call UncommonTrapBlob}
  0x00000147abe03c74: 6666 90e8 

  0x00000147abe03c78: ; ImmutableOopMap {rbp=Oop [36]=NarrowOop [60]=NarrowOop [68]=NarrowOop }
                      ;*aaload {reexecute=0 rethrow=0 return_oop=0}
                      ; - java.util.ArrayList::elementData@5 (line 412)
                      ; - java.util.ArrayList::get@11 (line 429)
                      ; - com.jme3.renderer.RenderManager::render@195 (line 1164)
                      ; - com.jme3.app.SimpleApplication::update@197 (line 272)
  0x00000147abe03c78: 8440 77ff 

  0x00000147abe03c7c: ;   {other}
  0x00000147abe03c7c: 0f1f 8400 | 6c45 004f | baf6 ffff | ff89 7c24 

  0x00000147abe03c8c: ;   {runtime_call UncommonTrapBlob}
  0x00000147abe03c8c: 2866 90e8 

  0x00000147abe03c90: ; ImmutableOopMap {[40]=NarrowOop [48]=Oop }
                      ;*monitorenter {reexecute=0 rethrow=0 return_oop=0}
                      ; - com.jme3.app.state.AppStateManager::getStates@6 (line 126)
                      ; - com.jme3.app.state.AppStateManager::postRender@1 (line 378)
                      ; - com.jme3.app.SimpleApplication::update@212 (line 274)
  0x00000147abe03c90: 6c40 77ff 

  0x00000147abe03c94: ;   {other}
  0x00000147abe03c94: 0f1f 8400 | 8445 0050 | baec ffff 

  0x00000147abe03ca0: ;   {runtime_call UncommonTrapBlob}
  0x00000147abe03ca0: ff66 90e8 

  0x00000147abe03ca4: ; ImmutableOopMap {rbp=NarrowOop [32]=Oop }
                      ;*ifnull {reexecute=1 rethrow=0 return_oop=0}
                      ; - (reexecute) com.jme3.app.LegacyApplication::update@65 (line 723)
                      ; - com.jme3.app.SimpleApplication::update@20 (line 246)
  0x00000147abe03ca4: 5840 77ff 

  0x00000147abe03ca8: ;   {other}
  0x00000147abe03ca8: 0f1f 8400 | 9845 0051 | bade ffff | ffc5 fa11 | 4424 3044 | 8944 2434 

  0x00000147abe03cc0: ;   {runtime_call UncommonTrapBlob}
  0x00000147abe03cc0: 6666 90e8 

  0x00000147abe03cc4: ; ImmutableOopMap {rbp=NarrowOop [32]=Oop [52]=NarrowOop }
                      ;*invokeinterface getInputTimeNanos {reexecute=0 rethrow=0 return_oop=0}
                      ; - com.jme3.input.InputManager::update@25 (line 901)
                      ; - com.jme3.app.LegacyApplication::update@91 (line 724)
                      ; - com.jme3.app.SimpleApplication::update@20 (line 246)
  0x00000147abe03cc4: 3840 77ff 

  0x00000147abe03cc8: ;   {other}
  0x00000147abe03cc8: 0f1f 8400 | b845 0052 | bade ffff | ff48 8b6c | 2420 c5fa | 1044 2430 | c5fa 1144 | 2428 4c89 
  0x00000147abe03ce8: 4424 3044 | 8954 242c | 4489 5c24 

  0x00000147abe03cf4: ;   {runtime_call UncommonTrapBlob}
  0x00000147abe03cf4: 3866 90e8 

  0x00000147abe03cf8: ; ImmutableOopMap {rbp=Oop [44]=NarrowOop [56]=NarrowOop }
                      ;*invokeinterface update {reexecute=0 rethrow=0 return_oop=0}
                      ; - com.jme3.input.InputManager::update@50 (line 906)
                      ; - com.jme3.app.LegacyApplication::update@91 (line 724)
                      ; - com.jme3.app.SimpleApplication::update@20 (line 246)
  0x00000147abe03cf8: 0440 77ff 

  0x00000147abe03cfc: ;   {other}
  0x00000147abe03cfc: 0f1f 8400 | ec45 0053 | bade ffff | ff48 8b6c | 2420 c5fa | 104c 2430 | c5fa 114c | 2428 4c89 
  0x00000147abe03d1c: 4424 3044 | 8954 242c | 4c89 5c24 | 3889 5c24 

  0x00000147abe03d2c: ;   {runtime_call UncommonTrapBlob}
  0x00000147abe03d2c: 4066 90e8 

  0x00000147abe03d30: ; ImmutableOopMap {rbp=Oop [44]=NarrowOop [56]=Oop [64]=NarrowOop }
                      ;*invokeinterface isEmpty {reexecute=0 rethrow=0 return_oop=0}
                      ; - com.jme3.input.lwjgl.GlfwKeyInput::update@15 (line 160)
                      ; - com.jme3.input.InputManager::update@50 (line 906)
                      ; - com.jme3.app.LegacyApplication::update@91 (line 724)
                      ; - com.jme3.app.SimpleApplication::update@20 (line 246)
  0x00000147abe03d30: cc3f 77ff 

  0x00000147abe03d34: ;   {other}
  0x00000147abe03d34: 0f1f 8400 | 2446 0054 | bade ffff | ff4c 8944 | 2438 4489 

  0x00000147abe03d48: ;   {runtime_call UncommonTrapBlob}
  0x00000147abe03d48: 5424 34e8 

  0x00000147abe03d4c: ; ImmutableOopMap {rbp=NarrowOop [32]=Oop [52]=NarrowOop }
                      ;*invokeinterface update {reexecute=0 rethrow=0 return_oop=0}
                      ; - com.jme3.input.InputManager::update@59 (line 907)
                      ; - com.jme3.app.LegacyApplication::update@91 (line 724)
                      ; - com.jme3.app.SimpleApplication::update@20 (line 246)
  0x00000147abe03d4c: b03f 77ff 

  0x00000147abe03d50: ;   {other}
  0x00000147abe03d50: 0f1f 8400 | 4046 0055 | bade ffff | ff48 8b6c | 2420 c5fa | 104c 2430 | c5fa 114c | 2428 4c89 
  0x00000147abe03d70: 4424 3044 | 8954 242c | 4c89 5c24 | 3889 5c24 

  0x00000147abe03d80: ;   {runtime_call UncommonTrapBlob}
  0x00000147abe03d80: 4066 90e8 

  0x00000147abe03d84: ; ImmutableOopMap {rbp=Oop [44]=NarrowOop [56]=Oop [64]=NarrowOop }
                      ;*invokeinterface isEmpty {reexecute=0 rethrow=0 return_oop=0}
                      ; - com.jme3.input.lwjgl.GlfwMouseInput::update@106 (line 297)
                      ; - com.jme3.input.InputManager::update@59 (line 907)
                      ; - com.jme3.app.LegacyApplication::update@91 (line 724)
                      ; - com.jme3.app.SimpleApplication::update@20 (line 246)
  0x00000147abe03d84: 783f 77ff 

  0x00000147abe03d88: ;   {other}
  0x00000147abe03d88: 0f1f 8400 | 7846 0056 | bade ffff | ff4c 8944 | 2438 4489 | 5424 344c | 895c 2440 

  0x00000147abe03da4: ;   {runtime_call UncommonTrapBlob}
  0x00000147abe03da4: 6666 90e8 

  0x00000147abe03da8: ; ImmutableOopMap {rbp=NarrowOop [32]=Oop [52]=NarrowOop [64]=Oop }
                      ;*invokeinterface isEmpty {reexecute=0 rethrow=0 return_oop=0}
                      ; - com.jme3.input.lwjgl.GlfwMouseInput::update@142 (line 301)
                      ; - com.jme3.input.InputManager::update@59 (line 907)
                      ; - com.jme3.app.LegacyApplication::update@91 (line 724)
                      ; - com.jme3.app.SimpleApplication::update@20 (line 246)
  0x00000147abe03da8: 543f 77ff 

  0x00000147abe03dac: ;   {other}
  0x00000147abe03dac: 0f1f 8400 | 9c46 0057 | ba45 ffff | ff48 8b6c | 2420 c5fa | 1044 2430 | c5fa 1144 | 2428 4c89 
  0x00000147abe03dcc: 4424 3044 | 8954 242c | 4c89 5c24 

  0x00000147abe03dd8: ;   {runtime_call UncommonTrapBlob}
  0x00000147abe03dd8: 3866 90e8 

  0x00000147abe03ddc: ; ImmutableOopMap {rbp=Oop [44]=NarrowOop [56]=Oop }
                      ;*ifne {reexecute=1 rethrow=0 return_oop=0}
                      ; - (reexecute) com.jme3.input.lwjgl.GlfwMouseInput::update@147 (line 301)
                      ; - com.jme3.input.InputManager::update@59 (line 907)
                      ; - com.jme3.app.LegacyApplication::update@91 (line 724)
                      ; - com.jme3.app.SimpleApplication::update@20 (line 246)
  0x00000147abe03ddc: 203f 77ff 

  0x00000147abe03de0: ;   {other}
  0x00000147abe03de0: 0f1f 8400 | d046 0058 | baec ffff | ff4c 8944 | 2438 4489 

  0x00000147abe03df4: ;   {runtime_call UncommonTrapBlob}
  0x00000147abe03df4: 5424 34e8 

  0x00000147abe03df8: ; ImmutableOopMap {rbp=NarrowOop [32]=Oop [52]=NarrowOop }
                      ;*ifnull {reexecute=1 rethrow=0 return_oop=0}
                      ; - (reexecute) com.jme3.input.InputManager::update@84 (line 911)
                      ; - com.jme3.app.LegacyApplication::update@91 (line 724)
                      ; - com.jme3.app.SimpleApplication::update@20 (line 246)
  0x00000147abe03df8: 043f 77ff 

  0x00000147abe03dfc: ;   {other}
  0x00000147abe03dfc: 0f1f 8400 | ec46 0059 | bae4 ffff | ff4c 8b5c | 2440 4c89 | 5c24 3844 | 8944 2448 

  0x00000147abe03e18: ;   {runtime_call UncommonTrapBlob}
  0x00000147abe03e18: 6666 90e8 

  0x00000147abe03e1c: ; ImmutableOopMap {rbp=NarrowOop [32]=Oop [52]=NarrowOop [72]=NarrowOop }
                      ;*aaload {reexecute=0 rethrow=0 return_oop=0}
                      ; - com.jme3.util.IntMap$IntMapIterator::beginUse@9 (line 249)
                      ; - com.jme3.util.IntMap::iterator@10 (line 224)
                      ; - com.jme3.input.InputManager::invokeUpdateActions@4 (line 210)
                      ; - com.jme3.input.InputManager::update@106 (line 918)
                      ; - com.jme3.app.LegacyApplication::update@91 (line 724)
                      ; - com.jme3.app.SimpleApplication::update@20 (line 246)
  0x00000147abe03e1c: e03e 77ff 

  0x00000147abe03e20: ;   {other}
  0x00000147abe03e20: 0f1f 8400 | 1047 005a | bae4 ffff | ff4c 8b5c | 2440 4c89 | 5c24 3889 | 7c24 3489 | 7424 4044 
  0x00000147abe03e40: 8954 2448 | 895c 2450 | 4489 4c24 | 5444 8944 

  0x00000147abe03e50: ;   {runtime_call UncommonTrapBlob}
  0x00000147abe03e50: 2458 90e8 

  0x00000147abe03e54: ; ImmutableOopMap {rbp=NarrowOop [32]=Oop [72]=NarrowOop [80]=NarrowOop [84]=NarrowOop [88]=NarrowOop }
                      ;*aaload {reexecute=0 rethrow=0 return_oop=0}
                      ; - com.jme3.util.IntMap$IntMapIterator::beginUse@9 (line 249)
                      ; - com.jme3.util.IntMap::iterator@10 (line 224)
                      ; - com.jme3.input.InputManager::invokeUpdateActions@86 (line 221)
                      ; - com.jme3.input.InputManager::update@106 (line 918)
                      ; - com.jme3.app.LegacyApplication::update@91 (line 724)
                      ; - com.jme3.app.SimpleApplication::update@20 (line 246)
  0x00000147abe03e54: a83e 77ff 

  0x00000147abe03e58: ;   {other}
  0x00000147abe03e58: 0f1f 8400 | 4847 005b | baec ffff 

  0x00000147abe03e64: ;   {runtime_call UncommonTrapBlob}
  0x00000147abe03e64: ff66 90e8 

  0x00000147abe03e68: ; ImmutableOopMap {rbp=NarrowOop [32]=Oop }
                      ;*ifnull {reexecute=1 rethrow=0 return_oop=0}
                      ; - (reexecute) com.jme3.app.LegacyApplication::update@105 (line 728)
                      ; - com.jme3.app.SimpleApplication::update@20 (line 246)
  0x00000147abe03e68: 943e 77ff 

  0x00000147abe03e6c: ;   {other}
  0x00000147abe03e6c: 0f1f 8400 | 5c47 005c | bade ffff | ff49 8bea | 894c 2428 | c5fa 1144 

  0x00000147abe03e84: ;   {runtime_call UncommonTrapBlob}
  0x00000147abe03e84: 242c 90e8 

  0x00000147abe03e88: ; ImmutableOopMap {rbp=Oop [40]=NarrowOop }
                      ;*invokeinterface update {reexecute=0 rethrow=0 return_oop=0}
                      ; - com.jme3.app.LegacyApplication::update@131 (line 729)
                      ; - com.jme3.app.SimpleApplication::update@20 (line 246)
  0x00000147abe03e88: 743e 77ff 

  0x00000147abe03e8c: ;   {other}
  0x00000147abe03e8c: 0f1f 8400 | 7c47 005d | 4c89 4c24 | 404c 8944 | 2438 c5fa | 1144 2430 | 498b d14c | 8d84 24d0 
  0x00000147abe03eac: ;   {runtime_call _complete_monitor_locking_Java}
  0x00000147abe03eac: 0000 00e8 

  0x00000147abe03eb0: ; ImmutableOopMap {rbp=NarrowOop [32]=Oop [56]=Oop [64]=Oop }
                      ;*monitorenter {reexecute=0 rethrow=0 return_oop=0}
                      ; - com.jme3.audio.openal.ALAudioRenderer::update@6 (line 849)
                      ; - com.jme3.app.LegacyApplication::update@131 (line 729)
                      ; - com.jme3.app.SimpleApplication::update@20 (line 246)
  0x00000147abe03eb0: 4c60 86ff 

  0x00000147abe03eb4: ;   {other}
  0x00000147abe03eb4: 0f1f 8400 | a447 005e | 4c8b 5424 | 20c5 fa10 | 4424 304c | 8b44 2438 | 4c8b 4c24 | 40e9 32ca 
  0x00000147abe03ed4: ffff 498b | cb48 8d94 | 24d0 0000 | 004d 8bc7 | 49ba d0a7 | 8f0d ff7f | 0000 41ff 

  0x00000147abe03ef0: ;   {other}
  0x00000147abe03ef0: d20f 1f84 | 0000 0000 | 00e9 d2ca | ffff baec | ffff ffc5 | fa11 4c24 

  0x00000147abe03f08: ;   {runtime_call UncommonTrapBlob}
  0x00000147abe03f08: 2866 90e8 

  0x00000147abe03f0c: ; ImmutableOopMap {rbp=NarrowOop [32]=Oop }
                      ;*ifnull {reexecute=1 rethrow=0 return_oop=0}
                      ; - (reexecute) com.jme3.app.SimpleApplication::update@57 (line 254)
  0x00000147abe03f0c: f03d 77ff 

  0x00000147abe03f10: ;   {other}
  0x00000147abe03f10: 0f1f 8400 | 0048 005f | baec ffff 

  0x00000147abe03f1c: ;   {runtime_call UncommonTrapBlob}
  0x00000147abe03f1c: ff66 90e8 

  0x00000147abe03f20: ; ImmutableOopMap {rbp=NarrowOop [32]=Oop }
                      ;*ifnull {reexecute=1 rethrow=0 return_oop=0}
                      ; - (reexecute) com.jme3.app.SimpleApplication::update@89 (line 260)
  0x00000147abe03f20: dc3d 77ff 

  0x00000147abe03f24: ;   {other}
  0x00000147abe03f24: 0f1f 8400 | 1448 0060 | bade ffff | ffc5 fa10 | 4c24 50c5 | fa11 4c24 

  0x00000147abe03f3c: ;   {runtime_call UncommonTrapBlob}
  0x00000147abe03f3c: 2c66 90e8 

  0x00000147abe03f40: ; ImmutableOopMap {rbp=NarrowOop [32]=Oop }
                      ;*invokevirtual updateLogicalState {reexecute=0 rethrow=0 return_oop=0}
                      ; - com.jme3.app.SimpleApplication::update@109 (line 261)
  0x00000147abe03f40: bc3d 77ff 

  0x00000147abe03f44: ;   {other}
  0x00000147abe03f44: 0f1f 8400 | 3448 0061 | bade ffff | ffc5 fa10 | 4c24 50c5 | fa11 4c24 

  0x00000147abe03f5c: ;   {runtime_call UncommonTrapBlob}
  0x00000147abe03f5c: 2c66 90e8 

  0x00000147abe03f60: ; ImmutableOopMap {rbp=NarrowOop [48]=Oop }
                      ;*invokevirtual updateLogicalState {reexecute=0 rethrow=0 return_oop=0}
                      ; - com.jme3.app.SimpleApplication::update@117 (line 262)
  0x00000147abe03f60: 9c3d 77ff 

  0x00000147abe03f64: ;   {other}
  0x00000147abe03f64: 0f1f 8400 | 5448 0062 | baec ffff 

  0x00000147abe03f70: ;   {runtime_call UncommonTrapBlob}
  0x00000147abe03f70: ff66 90e8 

  0x00000147abe03f74: ; ImmutableOopMap {rbp=NarrowOop [48]=Oop }
                      ;*ifnull {reexecute=1 rethrow=0 return_oop=0}
                      ; - (reexecute) com.jme3.app.SimpleApplication::update@138 (line 268)
  0x00000147abe03f74: 883d 77ff 

  0x00000147abe03f78: ;   {other}
  0x00000147abe03f78: 0f1f 8400 | 6848 0063 | 4889 7424 | 484c 895c | 2440 4489 | 4c24 3844 | 896c 2424 | 897c 2420 
  0x00000147abe03f98: 488b 6c24 | 3049 8bd3 | 4c8d 8424 | d000 0000 

  0x00000147abe03fa8: ;   {runtime_call _complete_monitor_locking_Java}
  0x00000147abe03fa8: 6666 90e8 

  0x00000147abe03fac: ; ImmutableOopMap {rbp=Oop [32]=NarrowOop [36]=NarrowOop [56]=NarrowOop [64]=Oop [72]=Oop }
                      ;*monitorenter {reexecute=0 rethrow=0 return_oop=0}
                      ; - com.jme3.app.state.AppStateManager::getStates@6 (line 126)
                      ; - com.jme3.app.state.AppStateManager::render@1 (line 366)
                      ; - com.jme3.app.SimpleApplication::update@161 (line 269)
  0x00000147abe03fac: 505f 86ff 

  0x00000147abe03fb0: ;   {other}
  0x00000147abe03fb0: 0f1f 8400 | a048 0064 | 4889 6c24 | 308b 7c24 | 2044 8b6c | 2424 448b | 4c24 384c | 8b5c 2440 
  0x00000147abe03fd0: 488b 7424 | 48e9 a0d4 | ffff 498b | cb48 8d94 | 24d0 0000 | 004d 8bc7 | 49ba d0a7 | 8f0d ff7f 
  0x00000147abe03ff0: 0000 41ff 

  0x00000147abe03ff4: ;   {other}
  0x00000147abe03ff4: d20f 1f84 | 0000 0000 | 00e9 37d5 | ffff baec 

  0x00000147abe04004: ;   {runtime_call UncommonTrapBlob}
  0x00000147abe04004: ffff ffe8 

  0x00000147abe04008: ; ImmutableOopMap {rbp=NarrowOop [48]=Oop }
                      ;*ifnull {reexecute=1 rethrow=0 return_oop=0}
                      ; - (reexecute) com.jme3.app.SimpleApplication::update@168 (line 271)
  0x00000147abe04008: f43c 77ff 

  0x00000147abe0400c: ;   {other}
  0x00000147abe0400c: 0f1f 8400 | fc48 0065 | bade ffff | ff4c 8b54 | 2430 4c89 | 5424 20c5 | fa10 4c24 | 5044 894c 
  0x00000147abe0402c: 242c c5fa | 114c 2430 

  0x00000147abe04034: ;   {runtime_call UncommonTrapBlob}
  0x00000147abe04034: 6666 90e8 

  0x00000147abe04038: ; ImmutableOopMap {rbp=NarrowOop [32]=Oop [44]=NarrowOop }
                      ;*invokeinterface isRenderable {reexecute=0 rethrow=0 return_oop=0}
                      ; - com.jme3.app.SimpleApplication::update@192 (line 272)
  0x00000147abe04038: c43c 77ff 

  0x00000147abe0403c: ;   {other}
  0x00000147abe0403c: 0f1f 8400 | 2c49 0066 | baec ffff | ff4c 8b5c | 2430 4c89 | 5c24 20c5 | fa10 4424 | 5044 8954 
  0x00000147abe0405c: 242c c5f8 | 28c8 c5fa | 114c 2430 

  0x00000147abe04068: ;   {runtime_call UncommonTrapBlob}
  0x00000147abe04068: 6666 90e8 

  0x00000147abe0406c: ; ImmutableOopMap {rbp=NarrowOop [32]=Oop [44]=NarrowOop }
                      ;*ifnull {reexecute=1 rethrow=0 return_oop=0}
                      ; - (reexecute) com.jme3.renderer.RenderManager::render@22 (line 1146)
                      ; - com.jme3.app.SimpleApplication::update@197 (line 272)
  0x00000147abe0406c: 903c 77ff 

  0x00000147abe04070: ;   {other}
  0x00000147abe04070: 0f1f 8400 | 6049 0067 | ba45 ffff | ff48 8b6c | 2430 c5fa | 1044 2450 | 4489 5424 | 24c5 f828 
  0x00000147abe04090: c8c5 fa11 | 4c24 2844 | 8b54 2438 | 4489 5424 | 2c89 4c24 | 304c 894c | 2438 4489 

  0x00000147abe040ac: ;   {runtime_call UncommonTrapBlob}
  0x00000147abe040ac: 4424 34e8 

  0x00000147abe040b0: ; ImmutableOopMap {rbp=Oop [36]=NarrowOop [52]=NarrowOop [56]=Oop }
                      ;*ifnonnull {reexecute=1 rethrow=0 return_oop=0}
                      ; - (reexecute) com.jme3.renderer.RenderManager::render@138 (line 1157)
                      ; - com.jme3.app.SimpleApplication::update@197 (line 272)
  0x00000147abe040b0: 4c3c 77ff 

  0x00000147abe040b4: ;   {other}
  0x00000147abe040b4: 0f1f 8400 | a449 0068 | bacc ffff | ff4c 8b5c | 2430 4c89 | 5c24 20c5 | fa10 4c24 | 5044 8954 
  0x00000147abe040d4: 242c c5fa | 114c 2430 | 448b 5c24 | 3844 895c | 2434 894c | 243c 895c | 2440 895c 

  0x00000147abe040f0: ;   {runtime_call UncommonTrapBlob}
  0x00000147abe040f0: 2444 90e8 

  0x00000147abe040f4: ; ImmutableOopMap {[32]=Oop [44]=NarrowOop [60]=NarrowOop }
                      ;*invokestatic checkIndex {reexecute=0 rethrow=0 return_oop=0}
                      ; - java.util.Objects::checkIndex@3 (line 365)
                      ; - java.util.ArrayList::get@5 (line 428)
                      ; - com.jme3.renderer.RenderManager::render@195 (line 1164)
                      ; - com.jme3.app.SimpleApplication::update@197 (line 272)
  0x00000147abe040f4: 083c 77ff 

  0x00000147abe040f8: ;   {other}
  0x00000147abe040f8: 0f1f 8400 | e849 0069 | 4c89 4c24 | 384c 896c | 2430 4489 | 5424 2489 | 7c24 2048 | 8bee 498b 
  0x00000147abe04118: d14c 8d84 | 24d0 0000 

  0x00000147abe04120: ;   {runtime_call _complete_monitor_locking_Java}
  0x00000147abe04120: 0066 90e8 

  0x00000147abe04124: ; ImmutableOopMap {rbp=Oop [32]=NarrowOop [36]=NarrowOop [48]=Oop [56]=Oop }
                      ;*monitorenter {reexecute=0 rethrow=0 return_oop=0}
                      ; - com.jme3.app.state.AppStateManager::getStates@6 (line 126)
                      ; - com.jme3.app.state.AppStateManager::postRender@1 (line 378)
                      ; - com.jme3.app.SimpleApplication::update@212 (line 274)
  0x00000147abe04124: d85d 86ff 

  0x00000147abe04128: ;   {other}
  0x00000147abe04128: 0f1f 8400 | 184a 006a | 488b f58b | 7c24 2044 | 8b54 2424 | 4c8b 6c24 | 304c 8b4c | 2438 e9e4 
  0x00000147abe04148: d8ff ff49 | 8bc9 488d | 9424 d000 | 0000 4d8b | c749 bad0 | a78f 0dff | 7f00 0041 

  0x00000147abe04164: ;   {other}
  0x00000147abe04164: ffd2 0f1f | 8400 0000 | 0000 e97b | d9ff ffba | ecff ffff | 4889 7424 

  0x00000147abe0417c: ;   {runtime_call UncommonTrapBlob}
  0x00000147abe0417c: 2066 90e8 

  0x00000147abe04180: ; ImmutableOopMap {rbp=NarrowOop [32]=Oop }
                      ;*ifnull {reexecute=1 rethrow=0 return_oop=0}
                      ; - (reexecute) com.jme3.app.SimpleApplication::update@219 (line 276)
  0x00000147abe04180: 7c3b 77ff 

  0x00000147abe04184: ;   {other}
  0x00000147abe04184: 0f1f 8400 | 744a 006b | ba76 ffff | ff48 8b6c | 2430 897c | 2424 4c89 | 4424 3044 | 895c 243c 
  0x00000147abe041a4: 4489 6c24 

  0x00000147abe041a8: ;   {runtime_call UncommonTrapBlob}
  0x00000147abe041a8: 4066 90e8 

  0x00000147abe041ac: ; ImmutableOopMap {rbp=Oop [36]=NarrowOop [48]=Oop [64]=NarrowOop }
                      ;*if_icmpge {reexecute=1 rethrow=0 return_oop=0}
                      ; - (reexecute) com.jme3.app.state.AppStateManager::render@18 (line 367)
                      ; - com.jme3.app.SimpleApplication::update@161 (line 269)
  0x00000147abe041ac: 503b 77ff 

  0x00000147abe041b0: ;   {other}
  0x00000147abe041b0: 0f1f 8400 | a04a 006c | ba76 ffff | ff48 8bee | 4c89 4424 | 3044 8954 | 2438 897c 

  0x00000147abe041cc: ;   {runtime_call UncommonTrapBlob}
  0x00000147abe041cc: 243c 90e8 

  0x00000147abe041d0: ; ImmutableOopMap {rbp=Oop [48]=Oop [60]=NarrowOop }
                      ;*if_icmpge {reexecute=1 rethrow=0 return_oop=0}
                      ; - (reexecute) com.jme3.app.state.AppStateManager::postRender@16 (line 379)
                      ; - com.jme3.app.SimpleApplication::update@212 (line 274)
  0x00000147abe041d0: 2c3b 77ff 

  0x00000147abe041d4: ;   {other}
  0x00000147abe041d4: 0f1f 8400 | c44a 006d | baf6 ffff | ff48 8b6c | 2430 4489 | 5424 2889 | 7c24 2c44 | 895c 2430 
  0x00000147abe041f4: 4489 4c24 

  0x00000147abe041f8: ;   {runtime_call UncommonTrapBlob}
  0x00000147abe041f8: 3466 90e8 

  0x00000147abe041fc: ; ImmutableOopMap {rbp=Oop [40]=NarrowOop [44]=NarrowOop [48]=NarrowOop [52]=NarrowOop }
                      ;*invokevirtual set {reexecute=0 rethrow=0 return_oop=0}
                      ; - com.jme3.math.Transform::set@8 (line 346)
                      ; - com.jme3.scene.Spatial::updateWorldTransforms@67 (line 651)
                      ; - com.jme3.scene.Node::updateGeometricState@31 (line 258)
                      ; - com.jme3.app.SimpleApplication::update@124 (line 264)
  0x00000147abe041fc: 003b 77ff 

  0x00000147abe04200: ;   {other}
  0x00000147abe04200: 0f1f 8400 | f04a 006e | baf6 ffff | ff48 8b6c | 2430 4489 | 5424 2889 | 7c24 2c44 | 895c 2430 
  0x00000147abe04220: 8944 2434 

  0x00000147abe04224: ;   {runtime_call UncommonTrapBlob}
  0x00000147abe04224: 6666 90e8 

  0x00000147abe04228: ; ImmutableOopMap {rbp=Oop [40]=NarrowOop [44]=NarrowOop [48]=NarrowOop [52]=NarrowOop }
                      ;*invokevirtual set {reexecute=0 rethrow=0 return_oop=0}
                      ; - com.jme3.math.Transform::set@20 (line 347)
                      ; - com.jme3.scene.Spatial::updateWorldTransforms@67 (line 651)
                      ; - com.jme3.scene.Node::updateGeometricState@31 (line 258)
                      ; - com.jme3.app.SimpleApplication::update@124 (line 264)
  0x00000147abe04228: d43a 77ff 

  0x00000147abe0422c: ;   {other}
  0x00000147abe0422c: 0f1f 8400 | 1c4b 006f | baf6 ffff | ff4c 8b44 | 2430 4c89 | 4424 2044 | 8954 2430 | 897c 2434 
  0x00000147abe0424c: 4489 5c24 

  0x00000147abe04250: ;   {runtime_call UncommonTrapBlob}
  0x00000147abe04250: 3866 90e8 

  0x00000147abe04254: ; ImmutableOopMap {rbp=NarrowOop [32]=Oop [48]=NarrowOop [52]=NarrowOop [56]=NarrowOop }
                      ;*invokevirtual set {reexecute=0 rethrow=0 return_oop=0}
                      ; - com.jme3.math.Transform::set@32 (line 348)
                      ; - com.jme3.scene.Spatial::updateWorldTransforms@67 (line 651)
                      ; - com.jme3.scene.Node::updateGeometricState@31 (line 258)
                      ; - com.jme3.app.SimpleApplication::update@124 (line 264)
  0x00000147abe04254: a83a 77ff 

  0x00000147abe04258: ;   {other}
  0x00000147abe04258: 0f1f 8400 | 484b 0070 | baf6 ffff | ff4c 8b54 | 2430 4c89 | 5424 2044 | 8b54 2438 | 4489 5424 
  0x00000147abe04278: ;   {runtime_call UncommonTrapBlob}
  0x00000147abe04278: 3066 90e8 

  0x00000147abe0427c: ; ImmutableOopMap {rbp=NarrowOop [32]=Oop [48]=NarrowOop [60]=NarrowOop [64]=NarrowOop }
                      ;*invokevirtual addLocal {reexecute=0 rethrow=0 return_oop=0}
                      ; - com.jme3.math.Transform::combineWithParent@55 (line 208)
                      ; - com.jme3.scene.Spatial::updateWorldTransforms@82 (line 652)
                      ; - com.jme3.scene.Node::updateGeometricState@31 (line 258)
                      ; - com.jme3.app.SimpleApplication::update@124 (line 264)
  0x00000147abe0427c: 803a 77ff 

  0x00000147abe04280: ;   {other}
  0x00000147abe04280: 0f1f 8400 | 704b 0071 | baf6 ffff | ff48 8b6c | 2430 4489 | 5424 2889 | 7c24 2c44 | 895c 2430 
  0x00000147abe042a0: 4489 4c24 

  0x00000147abe042a4: ;   {runtime_call UncommonTrapBlob}
  0x00000147abe042a4: 3466 90e8 

  0x00000147abe042a8: ; ImmutableOopMap {rbp=Oop [40]=NarrowOop [44]=NarrowOop [48]=NarrowOop [52]=NarrowOop }
                      ;*invokevirtual set {reexecute=0 rethrow=0 return_oop=0}
                      ; - com.jme3.math.Transform::set@8 (line 346)
                      ; - com.jme3.scene.Spatial::updateWorldTransforms@67 (line 651)
                      ; - com.jme3.scene.Node::updateGeometricState@31 (line 258)
                      ; - com.jme3.app.SimpleApplication::update@131 (line 265)
  0x00000147abe042a8: 543a 77ff 

  0x00000147abe042ac: ;   {other}
  0x00000147abe042ac: 0f1f 8400 | 9c4b 0072 | baf6 ffff | ff48 8b6c | 2430 4489 | 5424 2889 | 7c24 2c44 | 895c 2430 
  0x00000147abe042cc: 895c 2434 

  0x00000147abe042d0: ;   {runtime_call UncommonTrapBlob}
  0x00000147abe042d0: 6666 90e8 

  0x00000147abe042d4: ; ImmutableOopMap {rbp=Oop [40]=NarrowOop [44]=NarrowOop [48]=NarrowOop [52]=NarrowOop }
                      ;*invokevirtual set {reexecute=0 rethrow=0 return_oop=0}
                      ; - com.jme3.math.Transform::set@20 (line 347)
                      ; - com.jme3.scene.Spatial::updateWorldTransforms@67 (line 651)
                      ; - com.jme3.scene.Node::updateGeometricState@31 (line 258)
                      ; - com.jme3.app.SimpleApplication::update@131 (line 265)
  0x00000147abe042d4: 283a 77ff 

  0x00000147abe042d8: ;   {other}
  0x00000147abe042d8: 0f1f 8400 | c84b 0073 | baf6 ffff | ff4c 8b44 | 2430 4c89 | 4424 2044 | 8954 2430 | 897c 2434 
  0x00000147abe042f8: 4489 5c24 

  0x00000147abe042fc: ;   {runtime_call UncommonTrapBlob}
  0x00000147abe042fc: 3866 90e8 

  0x00000147abe04300: ; ImmutableOopMap {rbp=NarrowOop [32]=Oop [48]=NarrowOop [52]=NarrowOop [56]=NarrowOop }
                      ;*invokevirtual set {reexecute=0 rethrow=0 return_oop=0}
                      ; - com.jme3.math.Transform::set@32 (line 348)
                      ; - com.jme3.scene.Spatial::updateWorldTransforms@67 (line 651)
                      ; - com.jme3.scene.Node::updateGeometricState@31 (line 258)
                      ; - com.jme3.app.SimpleApplication::update@131 (line 265)
  0x00000147abe04300: fc39 77ff 

  0x00000147abe04304: ;   {other}
  0x00000147abe04304: 0f1f 8400 | f44b 0074 | baf6 ffff | ff4c 8b54 | 2430 4c89 | 5424 2044 | 8b5c 2438 | 458b d344 
  0x00000147abe04324: 8954 2430 

  0x00000147abe04328: ;   {runtime_call UncommonTrapBlob}
  0x00000147abe04328: 6666 90e8 

  0x00000147abe0432c: ; ImmutableOopMap {rbp=NarrowOop [32]=Oop [48]=NarrowOop [60]=NarrowOop [64]=NarrowOop }
                      ;*invokevirtual addLocal {reexecute=0 rethrow=0 return_oop=0}
                      ; - com.jme3.math.Transform::combineWithParent@55 (line 208)
                      ; - com.jme3.scene.Spatial::updateWorldTransforms@82 (line 652)
                      ; - com.jme3.scene.Node::updateGeometricState@31 (line 258)
                      ; - com.jme3.app.SimpleApplication::update@131 (line 265)
  0x00000147abe0432c: d039 77ff 

  0x00000147abe04330: ;   {other}
  0x00000147abe04330: 0f1f 8400 | 204c 0075 | ba76 ffff | ff48 8b6c | 2430 4c89 | 4c24 2844 | 8944 2430 | 4489 5424 
  0x00000147abe04350: ;   {runtime_call UncommonTrapBlob}
  0x00000147abe04350: 3466 90e8 

  0x00000147abe04354: ; ImmutableOopMap {rbp=Oop [40]=Oop [52]=NarrowOop }
                      ;*if_icmpge {reexecute=1 rethrow=0 return_oop=0}
                      ; - (reexecute) com.jme3.scene.Node::updateGeometricState@87 (line 271)
                      ; - com.jme3.app.SimpleApplication::update@124 (line 264)
  0x00000147abe04354: a839 77ff 

  0x00000147abe04358: ;   {other}
  0x00000147abe04358: 0f1f 8400 | 484c 0076 | ba76 ffff | ff48 8b6c | 2430 4889 | 4c24 2844 | 8944 2430 | 4489 5424 
  0x00000147abe04378: ;   {runtime_call UncommonTrapBlob}
  0x00000147abe04378: 3466 90e8 

  0x00000147abe0437c: ; ImmutableOopMap {rbp=Oop [40]=Oop [52]=NarrowOop }
                      ;*if_icmpge {reexecute=1 rethrow=0 return_oop=0}
                      ; - (reexecute) com.jme3.scene.Node::updateGeometricState@87 (line 271)
                      ; - com.jme3.app.SimpleApplication::update@131 (line 265)
  0x00000147abe0437c: 8039 77ff 

  0x00000147abe04380: ;   {other}
  0x00000147abe04380: 0f1f 8400 | 704c 0077 | ba76 ffff | ff4c 8b5c | 2430 4c89 | 5c24 20c5 | fa10 4c24 | 5044 8954 
  0x00000147abe043a0: 242c c5fa | 114c 2430 

  0x00000147abe043a8: ;   {runtime_call UncommonTrapBlob}
  0x00000147abe043a8: 6666 90e8 

  0x00000147abe043ac: ; ImmutableOopMap {[32]=Oop [44]=NarrowOop }
                      ;*if_icmpge {reexecute=1 rethrow=0 return_oop=0}
                      ; - (reexecute) com.jme3.renderer.RenderManager::render@117 (line 1155)
                      ; - com.jme3.app.SimpleApplication::update@197 (line 272)
  0x00000147abe043ac: 5039 77ff 

  0x00000147abe043b0: ;   {other}
  0x00000147abe043b0: 0f1f 8400 | a04c 0078 | baec ffff | ff4c 8b5c | 2430 4c89 | 5c24 20c5 | fa10 4424 | 3c44 8954 
  0x00000147abe043d0: 242c c5f8 | 28c8 c5fa | 114c 2430 | 448b 5424 | 3844 8954 | 2434 4489 

  0x00000147abe043e8: ;   {runtime_call UncommonTrapBlob}
  0x00000147abe043e8: 4424 38e8 

  0x00000147abe043ec: ; ImmutableOopMap {rbp=NarrowOop [32]=Oop [44]=NarrowOop }
                      ;*ifnull {reexecute=1 rethrow=0 return_oop=0}
                      ; - (reexecute) com.jme3.renderer.RenderManager::render@162 (line 1162)
                      ; - com.jme3.app.SimpleApplication::update@197 (line 272)
  0x00000147abe043ec: 1039 77ff 

  0x00000147abe043f0: ;   {other}
  0x00000147abe043f0: 0f1f 8400 | e04c 0079 | 498b d749 | ba30 3f4d | 0dff 7f00 | 0041 ffd2 

  0x00000147abe04408: ;   {other}
  0x00000147abe04408: 0f1f 8400 | 0000 0000 | e9d1 bcff | ffba 76ff | ffff 4c8b | 5c24 304c | 895c 2420 | c5fa 104c 
  0x00000147abe04428: 2450 4489 | 5424 2cc5 | fa11 4c24 

  0x00000147abe04434: ;   {runtime_call UncommonTrapBlob}
  0x00000147abe04434: 3066 90e8 

  0x00000147abe04438: ; ImmutableOopMap {[32]=Oop [44]=NarrowOop }
                      ;*if_icmpge {reexecute=1 rethrow=0 return_oop=0}
                      ; - (reexecute) com.jme3.renderer.RenderManager::render@187 (line 1163)
                      ; - com.jme3.app.SimpleApplication::update@197 (line 272)
  0x00000147abe04438: c438 77ff 

  0x00000147abe0443c: ;   {other}
  0x00000147abe0443c: 0f1f 8400 | 2c4d 007a | 498b f941 | 8bda 498b | d749 ba30 | 3f4d 0dff | 7f00 0041 

  0x00000147abe04458: ;   {other}
  0x00000147abe04458: ffd2 0f1f | 8400 0000 | 0000 448b | d34c 8bcf | e9a8 d2ff | ff49 8bf9 | 418b da49 | 8bd7 49ba 
  0x00000147abe04478: 303f 4d0d | ff7f 0000 

  0x00000147abe04480: ;   {other}
  0x00000147abe04480: 41ff d20f | 1f84 0000 | 0000 0044 | 8bd3 4c8b | cfe9 11d3 | ffff ba45 | ffff ff4c | 8b4c 2430 
  0x00000147abe044a0: 4c89 4c24 | 20c5 fa10 | 4c24 5044 | 8954 242c | c5fa 114c | 2430 448b | 4c24 3844 | 894c 2434 
  0x00000147abe044c0: 4489 4424 | 384c 895c 

  0x00000147abe044c8: ;   {runtime_call UncommonTrapBlob}
  0x00000147abe044c8: 2440 90e8 

  0x00000147abe044cc: ; ImmutableOopMap {rbp=NarrowOop [32]=Oop [44]=NarrowOop [64]=Oop }
                      ;*ifnonnull {reexecute=1 rethrow=0 return_oop=0}
                      ; - (reexecute) com.jme3.renderer.RenderManager::render@208 (line 1165)
                      ; - com.jme3.app.SimpleApplication::update@197 (line 272)
  0x00000147abe044cc: 3038 77ff 

  0x00000147abe044d0: ;   {other}
  0x00000147abe044d0: 0f1f 8400 | c04d 007b 

  0x00000147abe044d8: ;   {section_word}
  0x00000147abe044d8: c5f8 2e05 | 20bb ffff | bdff ffff | ff0f 8a0e | 0000 000f | 8208 0000 | 0040 0f95 | c540 0fb6 
  0x00000147abe044f8: edba 45ff 

  0x00000147abe044fc: ;   {runtime_call UncommonTrapBlob}
  0x00000147abe044fc: ffff 90e8 

  0x00000147abe04500: ; ImmutableOopMap {[32]=Oop }
                      ;*ifeq {reexecute=1 rethrow=0 return_oop=0}
                      ; - (reexecute) com.jme3.app.LegacyApplication::update@36 (line 717)
                      ; - com.jme3.app.SimpleApplication::update@20 (line 246)
  0x00000147abe04500: fc37 77ff 

  0x00000147abe04504: ;   {other}
  0x00000147abe04504: 0f1f 8400 | f44d 007c | ba45 ffff 

  0x00000147abe04510: ;   {runtime_call UncommonTrapBlob}
  0x00000147abe04510: ff66 90e8 

  0x00000147abe04514: ; ImmutableOopMap {[32]=Oop }
                      ;*ifeq {reexecute=1 rethrow=0 return_oop=0}
                      ; - (reexecute) com.jme3.app.LegacyApplication::update@43 (line 717)
                      ; - com.jme3.app.SimpleApplication::update@20 (line 246)
  0x00000147abe04514: e837 77ff 

  0x00000147abe04518: ;   {other}
  0x00000147abe04518: 0f1f 8400 | 084e 007d | ba45 ffff 

  0x00000147abe04524: ;   {runtime_call UncommonTrapBlob}
  0x00000147abe04524: ff66 90e8 

  0x00000147abe04528: ; ImmutableOopMap {[32]=Oop }
                      ;*ifeq {reexecute=1 rethrow=0 return_oop=0}
                      ; - (reexecute) com.jme3.app.LegacyApplication::update@58 (line 722)
                      ; - com.jme3.app.SimpleApplication::update@20 (line 246)
  0x00000147abe04528: d437 77ff 

  0x00000147abe0452c: ;   {other}
  0x00000147abe0452c: 0f1f 8400 | 1c4e 007e | 33ed 4585 | c940 0f95 | c5ba 45ff | ffff 4c89 | 4424 384c | 895c 2440 
  0x00000147abe0454c: ;   {runtime_call UncommonTrapBlob}
  0x00000147abe0454c: 6666 90e8 

  0x00000147abe04550: ; ImmutableOopMap {[32]=Oop [52]=NarrowOop [64]=Oop }
                      ;*ifne {reexecute=1 rethrow=0 return_oop=0}
                      ; - (reexecute) com.jme3.input.lwjgl.GlfwKeyInput::update@7 (line 156)
                      ; - com.jme3.input.InputManager::update@50 (line 906)
                      ; - com.jme3.app.LegacyApplication::update@91 (line 724)
                      ; - com.jme3.app.SimpleApplication::update@20 (line 246)
  0x00000147abe04550: ac37 77ff 

  0x00000147abe04554: ;   {other}
  0x00000147abe04554: 0f1f 8400 | 444e 007f | ba45 ffff | ff4c 8944 | 2438 4489 | 5424 344c | 895c 2440 

  0x00000147abe04570: ;   {runtime_call UncommonTrapBlob}
  0x00000147abe04570: 6666 90e8 

  0x00000147abe04574: ; ImmutableOopMap {rbp=NarrowOop [32]=Oop [52]=NarrowOop [64]=Oop }
                      ;*ifnull {reexecute=1 rethrow=0 return_oop=0}
                      ; - (reexecute) com.jme3.input.lwjgl.GlfwMouseInput::update@4 (line 286)
                      ; - com.jme3.input.InputManager::update@59 (line 907)
                      ; - com.jme3.app.LegacyApplication::update@91 (line 724)
                      ; - com.jme3.app.SimpleApplication::update@20 (line 246)
  0x00000147abe04574: 8837 77ff 

  0x00000147abe04578: ;   {other}
  0x00000147abe04578: 0f1f 8400 | 684e 0080 | ba45 ffff | ff4c 8944 | 2438 4489 

  0x00000147abe0458c: ;   {runtime_call UncommonTrapBlob}
  0x00000147abe0458c: 5424 34e8 

  0x00000147abe04590: ; ImmutableOopMap {rbp=NarrowOop [32]=Oop [52]=NarrowOop }
                      ;*ifnull {reexecute=1 rethrow=0 return_oop=0}
                      ; - (reexecute) com.jme3.input.InputManager::update@68 (line 908)
                      ; - com.jme3.app.LegacyApplication::update@91 (line 724)
                      ; - com.jme3.app.SimpleApplication::update@20 (line 246)
  0x00000147abe04590: 6c37 77ff 

  0x00000147abe04594: ;   {other}
  0x00000147abe04594: 0f1f 8400 | 844e 0081 

  0x00000147abe0459c: ;   {section_word}
  0x00000147abe0459c: c5f8 2e0d | 5cba ffff | bdff ffff | ff0f 8a0e | 0000 000f | 8208 0000 | 0040 0f95 | c540 0fb6 
  0x00000147abe045bc: edba 45ff 

  0x00000147abe045c0: ;   {runtime_call UncommonTrapBlob}
  0x00000147abe045c0: ffff 90e8 

  0x00000147abe045c4: ; ImmutableOopMap {[32]=Oop }
                      ;*ifeq {reexecute=1 rethrow=0 return_oop=0}
                      ; - (reexecute) com.jme3.app.SimpleApplication::update@29 (line 247)
  0x00000147abe045c4: 3837 77ff 

  0x00000147abe045c8: ;   {other}
  0x00000147abe045c8: 0f1f 8400 | b84e 0082 | ba45 ffff 

  0x00000147abe045d4: ;   {runtime_call UncommonTrapBlob}
  0x00000147abe045d4: ff66 90e8 

  0x00000147abe045d8: ; ImmutableOopMap {[32]=Oop }
                      ;*ifeq {reexecute=1 rethrow=0 return_oop=0}
                      ; - (reexecute) com.jme3.app.SimpleApplication::update@36 (line 247)
  0x00000147abe045d8: 2437 77ff 

  0x00000147abe045dc: ;   {other}
  0x00000147abe045dc: 0f1f 8400 | cc4e 0083 | ba45 ffff | ff4c 8b5c | 2430 4c89 | 5c24 20c5 | fa10 4424 | 5044 8954 
  0x00000147abe045fc: 242c c5f8 | 28c8 c5fa | 114c 2430 

  0x00000147abe04608: ;   {runtime_call UncommonTrapBlob}
  0x00000147abe04608: 6666 90e8 

  0x00000147abe0460c: ; ImmutableOopMap {[32]=Oop [44]=NarrowOop }
                      ;*if_icmpge {reexecute=1 rethrow=0 return_oop=0}
                      ; - (reexecute) com.jme3.renderer.RenderManager::render@47 (line 1147)
                      ; - com.jme3.app.SimpleApplication::update@197 (line 272)
  0x00000147abe0460c: f036 77ff 

  0x00000147abe04610: ;   {other}
  0x00000147abe04610: 0f1f 8400 | 004f 0084 | ba76 ffff | ff48 8b6c | 2430 c5fa | 1044 2450 | c5f8 28c8 | c5fa 114c 
  0x00000147abe04630: 2424 c5fa | 114c 2438 | 4c89 4c24 | 4844 895c 

  0x00000147abe04640: ;   {runtime_call UncommonTrapBlob}
  0x00000147abe04640: 2454 90e8 

  0x00000147abe04644: ; ImmutableOopMap {rbp=Oop [72]=Oop [88]=Oop }
                      ;*if_icmpge {reexecute=1 rethrow=0 return_oop=0}
                      ; - (reexecute) com.jme3.scene.Spatial::runControlUpdate@31 (line 736)
                      ; - com.jme3.scene.Spatial::updateLogicalState@2 (line 880)
                      ; - com.jme3.scene.Node::updateLogicalState@2 (line 231)
                      ; - com.jme3.app.SimpleApplication::update@109 (line 261)
  0x00000147abe04644: b836 77ff 

  0x00000147abe04648: ;   {other}
  0x00000147abe04648: 0f1f 8400 | 384f 0085 | ba76 ffff | ff48 8b6c | 2430 c5fa | 1044 2450 | c5f8 28c8 | c5fa 114c 
  0x00000147abe04668: 2424 c5fa | 114c 2438 | 4c89 4424 | 4844 895c 

  0x00000147abe04678: ;   {runtime_call UncommonTrapBlob}
  0x00000147abe04678: 2454 90e8 

  0x00000147abe0467c: ; ImmutableOopMap {rbp=Oop [72]=Oop [88]=Oop }
                      ;*if_icmpge {reexecute=1 rethrow=0 return_oop=0}
                      ; - (reexecute) com.jme3.scene.Spatial::runControlUpdate@31 (line 736)
                      ; - com.jme3.scene.Spatial::updateLogicalState@2 (line 880)
                      ; - com.jme3.scene.Node::updateLogicalState@2 (line 231)
                      ; - com.jme3.app.SimpleApplication::update@117 (line 262)
  0x00000147abe0467c: 8036 77ff 

  0x00000147abe04680: ;   {other}
  0x00000147abe04680: 0f1f 8400 | 704f 0086 | ba45 ffff | ff44 8954 

  0x00000147abe04690: ;   {runtime_call UncommonTrapBlob}
  0x00000147abe04690: 242c 90e8 

  0x00000147abe04694: ; ImmutableOopMap {[44]=NarrowOop [48]=Oop }
                      ;*ifeq {reexecute=1 rethrow=0 return_oop=0}
                      ; - (reexecute) com.jme3.scene.Node::updateGeometricState@14 (line 252)
                      ; - com.jme3.app.SimpleApplication::update@124 (line 264)
  0x00000147abe04694: 6836 77ff 

  0x00000147abe04698: ;   {other}
  0x00000147abe04698: 0f1f 8400 | 884f 0087 | ba45 ffff | ff44 8954 

  0x00000147abe046a8: ;   {runtime_call UncommonTrapBlob}
  0x00000147abe046a8: 242c 90e8 

  0x00000147abe046ac: ; ImmutableOopMap {[44]=NarrowOop [48]=Oop }
                      ;*ifeq {reexecute=1 rethrow=0 return_oop=0}
                      ; - (reexecute) com.jme3.scene.Node::updateGeometricState@41 (line 260)
                      ; - com.jme3.app.SimpleApplication::update@124 (line 264)
  0x00000147abe046ac: 5036 77ff 

  0x00000147abe046b0: ;   {other}
  0x00000147abe046b0: 0f1f 8400 | a04f 0088 | ba45 ffff | ff44 8954 

  0x00000147abe046c0: ;   {runtime_call UncommonTrapBlob}
  0x00000147abe046c0: 242c 90e8 

  0x00000147abe046c4: ; ImmutableOopMap {[44]=NarrowOop [48]=Oop }
                      ;*ifeq {reexecute=1 rethrow=0 return_oop=0}
                      ; - (reexecute) com.jme3.scene.Node::updateGeometricState@112 (line 276)
                      ; - com.jme3.app.SimpleApplication::update@124 (line 264)
  0x00000147abe046c4: 3836 77ff 

  0x00000147abe046c8: ;   {other}
  0x00000147abe046c8: 0f1f 8400 | b84f 0089 | ba45 ffff | ff44 8954 

  0x00000147abe046d8: ;   {runtime_call UncommonTrapBlob}
  0x00000147abe046d8: 242c 90e8 

  0x00000147abe046dc: ; ImmutableOopMap {[44]=NarrowOop [48]=Oop }
                      ;*ifeq {reexecute=1 rethrow=0 return_oop=0}
                      ; - (reexecute) com.jme3.scene.Node::updateGeometricState@14 (line 252)
                      ; - com.jme3.app.SimpleApplication::update@131 (line 265)
  0x00000147abe046dc: 2036 77ff 

  0x00000147abe046e0: ;   {other}
  0x00000147abe046e0: 0f1f 8400 | d04f 008a | ba45 ffff | ff44 8954 

  0x00000147abe046f0: ;   {runtime_call UncommonTrapBlob}
  0x00000147abe046f0: 242c 90e8 

  0x00000147abe046f4: ; ImmutableOopMap {[44]=NarrowOop [48]=Oop }
                      ;*ifeq {reexecute=1 rethrow=0 return_oop=0}
                      ; - (reexecute) com.jme3.scene.Node::updateGeometricState@41 (line 260)
                      ; - com.jme3.app.SimpleApplication::update@131 (line 265)
  0x00000147abe046f4: 0836 77ff 

  0x00000147abe046f8: ;   {other}
  0x00000147abe046f8: 0f1f 8400 | e84f 008b | ba45 ffff | ff44 8954 

  0x00000147abe04708: ;   {runtime_call UncommonTrapBlob}
  0x00000147abe04708: 242c 90e8 

  0x00000147abe0470c: ; ImmutableOopMap {[44]=NarrowOop [48]=Oop }
                      ;*ifeq {reexecute=1 rethrow=0 return_oop=0}
                      ; - (reexecute) com.jme3.scene.Node::updateGeometricState@112 (line 276)
                      ; - com.jme3.app.SimpleApplication::update@131 (line 265)
  0x00000147abe0470c: f035 77ff 

  0x00000147abe04710: ;   {other}
  0x00000147abe04710: 0f1f 8400 | 0050 008c | bae4 ffff | ff4c 8b5c | 2440 4c89 | 5c24 3889 | 7c24 3444 | 8b44 2458 
  0x00000147abe04730: 4489 4424 | 4044 8b5c | 2448 4489 | 5c24 4448 | 8974 2450 | 4c8b 5c24 | 704c 895c | 2468 4c8b 
  0x00000147abe04750: 5c24 784c | 895c 2470 | 894c 2478 | 4489 9424 | 8000 0000 

  0x00000147abe04764: ;   {runtime_call UncommonTrapBlob}
  0x00000147abe04764: 6666 90e8 

  0x00000147abe04768: ; ImmutableOopMap {[32]=Oop [68]=NarrowOop [76]=NarrowOop [80]=Oop [96]=NarrowOop [120]=NarrowOop [128]=NarrowOop }
                      ;*aaload {reexecute=0 rethrow=0 return_oop=0}
                      ; - com.jme3.util.IntMap::get@12 (line 142)
                      ; - com.jme3.input.InputManager::invokeAnalogs@5 (line 229)
                      ; - com.jme3.input.InputManager::invokeUpdateActions@76 (line 217)
                      ; - com.jme3.input.InputManager::update@106 (line 918)
                      ; - com.jme3.app.LegacyApplication::update@91 (line 724)
                      ; - com.jme3.app.SimpleApplication::update@20 (line 246)
  0x00000147abe04768: 9435 77ff 

  0x00000147abe0476c: ;   {other}
  0x00000147abe0476c: 0f1f 8400 | 5c50 008d | baf4 ffff | ff48 8b6c | 2420 c5fa | 104c 2430 | c5fa 114c | 2428 4c8b 
  0x00000147abe0478c: 5424 404c | 8954 2430 | 448b 5424 | 5c44 8954 | 242c 448b | 5c24 5844 | 895c 2438 | 448b 5424 
  0x00000147abe047ac: 4844 8954 | 2440 4c8b | 5424 684c | 8954 2450 

  0x00000147abe047bc: ;   {runtime_call UncommonTrapBlob}
  0x00000147abe047bc: 6666 90e8 

  0x00000147abe047c0: ; ImmutableOopMap {rbp=Oop [64]=NarrowOop [72]=NarrowOop [76]=NarrowOop [80]=Oop [96]=NarrowOop }
                      ;*checkcast {reexecute=0 rethrow=0 return_oop=0}
                      ; - com.jme3.input.InputManager::invokeAnalogs@8 (line 229)
                      ; - com.jme3.input.InputManager::invokeUpdateActions@76 (line 217)
                      ; - com.jme3.input.InputManager::update@106 (line 918)
                      ; - com.jme3.app.LegacyApplication::update@91 (line 724)
                      ; - com.jme3.app.SimpleApplication::update@20 (line 246)
  0x00000147abe047c0: 3c35 77ff 

  0x00000147abe047c4: ;   {other}
  0x00000147abe047c4: 0f1f 8400 | b450 008e | c4c1 797e | c1ba e4ff | ffff 488b | 6c24 20c5 | fa10 4424 | 30c5 fa11 
  0x00000147abe047e4: 4424 284c | 8b54 2440 | 4c89 5424 | 3044 8b5c | 245c 4489 | 5c24 2c44 | 8b54 2458 | 4489 5424 
  0x00000147abe04804: 3844 8b5c | 2448 458b | d344 8954 | 2440 4c8b | 5424 684c | 8954 2450 | 4c8b 5424 | 704c 8954 
  0x00000147abe04824: 2458 4c8b | 5424 784c | 8954 2468 | 4489 4c24 | 7044 8b9c | 2488 0000 | 0044 895c | 2474 898c 
  0x00000147abe04844: 248c 0000 | 0089 8c24 | 9000 0000 | 4489 8424 | 9c00 0000 

  0x00000147abe04858: ;   {runtime_call UncommonTrapBlob}
  0x00000147abe04858: 6666 90e8 

  0x00000147abe0485c: ; ImmutableOopMap {rbp=Oop [64]=NarrowOop [72]=NarrowOop [76]=NarrowOop [80]=Oop [96]=NarrowOop [128]=Oop }
                      ;*invokestatic checkIndex {reexecute=0 rethrow=0 return_oop=0}
                      ; - java.util.Objects::checkIndex@3 (line 365)
                      ; - java.util.ArrayList::get@5 (line 428)
                      ; - com.jme3.input.InputManager::invokeAnalogs@52 (line 240)
                      ; - com.jme3.input.InputManager::invokeUpdateActions@76 (line 217)
                      ; - com.jme3.input.InputManager::update@106 (line 918)
                      ; - com.jme3.app.LegacyApplication::update@91 (line 724)
                      ; - com.jme3.app.SimpleApplication::update@20 (line 246)
  0x00000147abe0485c: a034 77ff 

  0x00000147abe04860: ;   {other}
  0x00000147abe04860: 0f1f 8400 | 5051 008f | bae4 ffff | ff48 8b6c | 2420 c5fa | 104c 2430 | c5fa 114c | 2428 4c8b 
  0x00000147abe04880: 5424 404c | 8954 2430 | 448b 5424 | 5c44 8954 | 242c 448b | 4424 5844 | 8944 2438 | 448b 4424 
  0x00000147abe048a0: 4845 8bd0 | 4489 5424 | 404c 8b54 | 2468 4c89 | 5424 504c | 8b54 2470 | 4c89 5424 | 584c 8b54 
  0x00000147abe048c0: 2478 4c89 | 5424 68c5 | fa11 4424 | 7044 8b84 | 2488 0000 | 0044 8944 | 2474 898c | 2488 0000 
  0x00000147abe048e0: 0044 899c | 249c 0000 

  0x00000147abe048e8: ;   {runtime_call UncommonTrapBlob}
  0x00000147abe048e8: 0066 90e8 

  0x00000147abe048ec: ; ImmutableOopMap {rbp=Oop [64]=NarrowOop [72]=NarrowOop [76]=NarrowOop [80]=Oop [96]=NarrowOop [128]=Oop [156]=NarrowOop }
                      ;*aaload {reexecute=0 rethrow=0 return_oop=0}
                      ; - java.util.ArrayList::elementData@5 (line 412)
                      ; - java.util.ArrayList::get@11 (line 429)
                      ; - com.jme3.input.InputManager::invokeAnalogs@52 (line 240)
                      ; - com.jme3.input.InputManager::invokeUpdateActions@76 (line 217)
                      ; - com.jme3.input.InputManager::update@106 (line 918)
                      ; - com.jme3.app.LegacyApplication::update@91 (line 724)
                      ; - com.jme3.app.SimpleApplication::update@20 (line 246)
  0x00000147abe048ec: 1034 77ff 

  0x00000147abe048f0: ;   {other}
  0x00000147abe048f0: 0f1f 8400 | e051 0090 | c5f9 7ec1 | bae4 ffff | ff48 8b6c | 2420 c5fa | 1044 2430 | c5fa 1144 
  0x00000147abe04910: 2428 4c8b | 5c24 404c | 895c 2430 | 448b 4c24 | 5c44 894c | 242c 448b | 5c24 5844 | 895c 2438 
  0x00000147abe04930: 448b 4c24 | 4844 894c | 2440 4c8b | 5c24 684c | 895c 2450 | 4c8b 5c24 | 704c 895c | 2458 4c8b 
  0x00000147abe04950: 5c24 784c | 895c 2468 | 894c 2470 | 4c8b 9c24 | 8000 0000 | 4c89 5c24 | 7844 8b8c | 2488 0000 
  0x00000147abe04970: 0044 894c | 2474 448b | 9c24 8c00 | 0000 4489 | 9c24 8000 | 0000 4c8b | 9c24 9000 | 0000 4c89 
  0x00000147abe04990: 9c24 8800 | 0000 448b | 9c24 9c00 | 0000 4489 | 9c24 9000 | 0000 4489 | 9424 9c00 | 0000 4489 
  0x00000147abe049b0: 9424 a000 | 0000 4489 | 8424 ac00 

  0x00000147abe049bc: ;   {runtime_call UncommonTrapBlob}
  0x00000147abe049bc: 0000 90e8 

  0x00000147abe049c0: ; ImmutableOopMap {rbp=Oop [64]=NarrowOop [72]=NarrowOop [76]=NarrowOop [80]=Oop [96]=NarrowOop [120]=Oop [136]=Oop [152]=NarrowOop }
                      ;*invokestatic checkIndex {reexecute=0 rethrow=0 return_oop=0}
                      ; - java.util.Objects::checkIndex@3 (line 365)
                      ; - java.util.ArrayList::get@5 (line 428)
                      ; - com.jme3.input.InputManager::invokeAnalogs@89 (line 244)
                      ; - com.jme3.input.InputManager::invokeUpdateActions@76 (line 217)
                      ; - com.jme3.input.InputManager::update@106 (line 918)
                      ; - com.jme3.app.LegacyApplication::update@91 (line 724)
                      ; - com.jme3.app.SimpleApplication::update@20 (line 246)
  0x00000147abe049c0: 3c33 77ff 

  0x00000147abe049c4: ;   {other}
  0x00000147abe049c4: 0f1f 8400 | b452 0091 | bae4 ffff | ff48 8b6c | 2420 c5fa | 104c 2430 | c5fa 114c | 2428 4c8b 
  0x00000147abe049e4: 5c24 404c | 895c 2430 | 448b 5c24 | 5c44 895c | 242c 448b | 4c24 5844 | 894c 2438 | 448b 4c24 
  0x00000147abe04a04: 4844 894c | 2440 4c8b | 5c24 684c | 895c 2450 | 4c8b 5c24 | 704c 895c | 2458 4c8b | 5c24 784c 
  0x00000147abe04a24: 895c 2468 | c5fa 1144 | 2470 4c8b | 9c24 8000 | 0000 4c89 | 5c24 7844 | 8b8c 2488 | 0000 0044 
  0x00000147abe04a44: 894c 2474 | 448b 9c24 | 8c00 0000 | 4489 9c24 | 8000 0000 | 4c8b 9c24 | 9000 0000 | 4c89 9c24 
  0x00000147abe04a64: 8800 0000 | 448b 9c24 | 9c00 0000 | 4489 9c24 | 9000 0000 | 4489 9424 | 9400 0000 | 448b 9424 
  0x00000147abe04a84: a800 0000 | 4489 9424 | a400 0000 | 4489 8424 | ac00 0000 

  0x00000147abe04a98: ;   {runtime_call UncommonTrapBlob}
  0x00000147abe04a98: 6666 90e8 

  0x00000147abe04a9c: ; ImmutableOopMap {rbp=Oop [64]=NarrowOop [72]=NarrowOop [76]=NarrowOop [80]=Oop [96]=NarrowOop [120]=Oop [136]=Oop [152]=NarrowOop [172]=NarrowOop }
                      ;*aaload {reexecute=0 rethrow=0 return_oop=0}
                      ; - java.util.ArrayList::elementData@5 (line 412)
                      ; - java.util.ArrayList::get@11 (line 429)
                      ; - com.jme3.input.InputManager::invokeAnalogs@89 (line 244)
                      ; - com.jme3.input.InputManager::invokeUpdateActions@76 (line 217)
                      ; - com.jme3.input.InputManager::update@106 (line 918)
                      ; - com.jme3.app.LegacyApplication::update@91 (line 724)
                      ; - com.jme3.app.SimpleApplication::update@20 (line 246)
  0x00000147abe04a9c: 6032 77ff 

  0x00000147abe04aa0: ;   {other}
  0x00000147abe04aa0: 0f1f 8400 | 9053 0092 | bacc ffff | ff48 8b6c | 2420 c5fa | 104c 2430 | c5fa 114c | 2428 4c8b 
  0x00000147abe04ac0: 5424 404c | 8954 2430 | 448b 5424 | 5c44 8954 | 242c 448b | 5c24 5844 | 895c 2438 | 448b 5c24 
  0x00000147abe04ae0: 4845 8bd3 | 4489 5424 | 404c 8b54 | 2468 4c89 | 5424 504c | 8b54 2470 | 4c89 5424 | 584c 8b54 
  0x00000147abe04b00: 2478 4c89 | 5424 68c5 | fa11 4424 | 7044 8b9c | 2488 0000 | 0044 895c | 2474 898c | 248c 0000 
  0x00000147abe04b20: 0089 8c24 | 9000 0000 | 4489 8424 | 9c00 0000 

  0x00000147abe04b30: ;   {runtime_call UncommonTrapBlob}
  0x00000147abe04b30: 6666 90e8 

  0x00000147abe04b34: ; ImmutableOopMap {rbp=Oop [64]=NarrowOop [72]=NarrowOop [76]=NarrowOop [80]=Oop [96]=NarrowOop [128]=Oop }
                      ;*invokestatic checkIndex {reexecute=0 rethrow=0 return_oop=0}
                      ; - java.util.Objects::checkIndex@3 (line 365)
                      ; - java.util.ArrayList::get@5 (line 428)
                      ; - com.jme3.input.InputManager::invokeAnalogs@52 (line 240)
                      ; - com.jme3.input.InputManager::invokeUpdateActions@76 (line 217)
                      ; - com.jme3.input.InputManager::update@106 (line 918)
                      ; - com.jme3.app.LegacyApplication::update@91 (line 724)
                      ; - com.jme3.app.SimpleApplication::update@20 (line 246)
  0x00000147abe04b34: c831 77ff 

  0x00000147abe04b38: ;   {other}
  0x00000147abe04b38: 0f1f 8400 | 2854 0093 | bacc ffff | ff48 8b6c | 2420 c5fa | 104c 2430 | c5fa 114c | 2428 4c8b 
  0x00000147abe04b58: 5c24 404c | 895c 2430 | 448b 5c24 | 5c44 895c | 242c 448b | 4c24 5844 | 894c 2438 | 448b 5c24 
  0x00000147abe04b78: 4844 895c | 2440 4c8b | 5c24 684c | 895c 2450 | 4c8b 5c24 | 704c 895c | 2458 4c8b | 5c24 784c 
  0x00000147abe04b98: 895c 2468 | c5fa 1144 | 2470 4c8b | 9c24 8000 | 0000 4c89 | 5c24 7844 | 8b9c 2488 | 0000 0044 
  0x00000147abe04bb8: 895c 2474 | 448b 8c24 | 8c00 0000 | 4489 8c24 | 8000 0000 | 4c8b 9c24 | 9000 0000 | 4c89 9c24 
  0x00000147abe04bd8: 8800 0000 | 448b 8c24 | 9c00 0000 | 4489 8c24 | 9000 0000 | 4489 9424 | 9c00 0000 | 4489 9424 
  0x00000147abe04bf8: a000 0000 | 4489 8424 | ac00 0000 

  0x00000147abe04c04: ;   {runtime_call UncommonTrapBlob}
  0x00000147abe04c04: 6666 90e8 

  0x00000147abe04c08: ; ImmutableOopMap {rbp=Oop [64]=NarrowOop [72]=NarrowOop [76]=NarrowOop [80]=Oop [96]=NarrowOop [120]=Oop [136]=Oop [152]=NarrowOop }
                      ;*invokestatic checkIndex {reexecute=0 rethrow=0 return_oop=0}
                      ; - java.util.Objects::checkIndex@3 (line 365)
                      ; - java.util.ArrayList::get@5 (line 428)
                      ; - com.jme3.input.InputManager::invokeAnalogs@89 (line 244)
                      ; - com.jme3.input.InputManager::invokeUpdateActions@76 (line 217)
                      ; - com.jme3.input.InputManager::update@106 (line 918)
                      ; - com.jme3.app.LegacyApplication::update@91 (line 724)
                      ; - com.jme3.app.SimpleApplication::update@20 (line 246)
  0x00000147abe04c08: f430 77ff 

  0x00000147abe04c0c: ;   {other}
  0x00000147abe04c0c: 0f1f 8400 | fc54 0094 | bae4 ffff | ff48 8b5c | 2440 4889 | 5c24 3889 | 4c24 3444 | 8954 2444 
  0x00000147abe04c2c: 4489 5c24 | 4844 894c | 244c 4489 

  0x00000147abe04c38: ;   {runtime_call UncommonTrapBlob}
  0x00000147abe04c38: 4424 50e8 

  0x00000147abe04c3c: ; ImmutableOopMap {[32]=Oop [68]=NarrowOop [72]=NarrowOop [76]=NarrowOop [80]=NarrowOop }
                      ;*aaload {reexecute=0 rethrow=0 return_oop=0}
                      ; - com.jme3.util.IntMap$IntMapIterator::next@78 (line 278)
                      ; - com.jme3.util.IntMap$IntMapIterator::next@1 (line 228)
                      ; - com.jme3.input.InputManager::invokeUpdateActions@18 (line 210)
                      ; - com.jme3.input.InputManager::update@106 (line 918)
                      ; - com.jme3.app.LegacyApplication::update@91 (line 724)
                      ; - com.jme3.app.SimpleApplication::update@20 (line 246)
  0x00000147abe04c3c: c030 77ff 

  0x00000147abe04c40: ;   {other}
  0x00000147abe04c40: 0f1f 8400 | 3055 0095 | ba45 ffff | ff48 8b6c | 2420 c5fa | 104c 2430 | c5fa 114c | 2428 488b 
  0x00000147abe04c60: 5c24 4048 | 895c 2430 | 897c 2438 | 894c 243c | 4489 5424 | 4444 895c | 2448 4489 | 4c24 4c44 
  0x00000147abe04c80: 8944 2450 

  0x00000147abe04c84: ;   {runtime_call UncommonTrapBlob}
  0x00000147abe04c84: 6666 90e8 

  0x00000147abe04c88: ; ImmutableOopMap {rbp=Oop [68]=NarrowOop [76]=NarrowOop [80]=NarrowOop }
                      ;*if_icmplt {reexecute=1 rethrow=0 return_oop=0}
                      ; - (reexecute) com.jme3.util.IntMap$IntMapIterator::next@11 (line 259)
                      ; - com.jme3.util.IntMap$IntMapIterator::next@1 (line 228)
                      ; - com.jme3.input.InputManager::invokeUpdateActions@18 (line 210)
                      ; - com.jme3.input.InputManager::update@106 (line 918)
                      ; - com.jme3.app.LegacyApplication::update@91 (line 724)
                      ; - com.jme3.app.SimpleApplication::update@20 (line 246)
  0x00000147abe04c88: 7430 77ff 

  0x00000147abe04c8c: ;   {other}
  0x00000147abe04c8c: 0f1f 8400 | 7c55 0096 | ba45 ffff | ff4c 8b54 | 2440 4c89 | 5424 3889 | 7c24 3489 | 4c24 4044 
  0x00000147abe04cac: 8b54 2448 | 4489 5424 | 4448 8974 | 2450 4c89 

  0x00000147abe04cbc: ;   {runtime_call UncommonTrapBlob}
  0x00000147abe04cbc: 4424 68e8 

  0x00000147abe04cc0: ; ImmutableOopMap {[32]=Oop [68]=NarrowOop [76]=NarrowOop [80]=Oop [96]=NarrowOop }
                      ;*ifne {reexecute=1 rethrow=0 return_oop=0}
                      ; - (reexecute) com.jme3.input.InputManager::computeAnalogValue@4 (line 178)
                      ; - com.jme3.input.InputManager::invokeUpdateActions@72 (line 217)
                      ; - com.jme3.input.InputManager::update@106 (line 918)
                      ; - com.jme3.app.LegacyApplication::update@91 (line 724)
                      ; - com.jme3.app.SimpleApplication::update@20 (line 246)
  0x00000147abe04cc0: 3c30 77ff 

  0x00000147abe04cc4: ;   {other}
  0x00000147abe04cc4: 0f1f 8400 | b455 0097 | ba5c ffff | ff48 8b6c | 2420 4c89 | 7424 3089 | 7c24 3848 | 8944 24f8 
  0x00000147abe04ce4: 8b44 2450 | 8944 243c | 488b 4424 | f844 8b54 | 2458 8974 | 244c 458b | da44 895c | 2450 8974 
  0x00000147abe04d04: ;   {runtime_call UncommonTrapBlob}
  0x00000147abe04d04: 2454 90e8 

  0x00000147abe04d08: ; ImmutableOopMap {rbp=Oop [48]=Oop [56]=NarrowOop [60]=NarrowOop [76]=NarrowOop [80]=NarrowOop [84]=NarrowOop }
                      ;*ifnonnull {reexecute=1 rethrow=0 return_oop=0}
                      ; - (reexecute) java.util.Objects::requireNonNull@1 (line 219)
                      ; - java.lang.invoke.VarHandleReferences$FieldInstanceReadWrite::setRelease@16 (line 172)
                      ; - java.lang.invoke.VarHandleGuards::guard_LL_V@45 (line 53)
                      ; - java.util.concurrent.ConcurrentLinkedQueue::updateHead@22 (line 293)
                      ; - java.util.concurrent.ConcurrentLinkedQueue::poll@48 (line 391)
                      ; - com.jme3.app.LegacyApplication::runQueuedTasks@4 (line 699)
                      ; - com.jme3.app.LegacyApplication::update@27 (line 715)
                      ; - com.jme3.app.SimpleApplication::update@20 (line 246)
  0x00000147abe04d08: f42f 77ff 

  0x00000147abe04d0c: ;   {other}
  0x00000147abe04d0c: 0f1f 8400 | fc55 0098 | 498b cd49 | 8bd7 49ba | 103f 4d0d | ff7f 0000 

  0x00000147abe04d24: ;   {other}
  0x00000147abe04d24: 41ff d20f | 1f84 0000 | 0000 00e9 | 9bcf ffff | 8bee 498b | d749 ba30 | 3f4d 0dff | 7f00 0041 
  0x00000147abe04d44: ;   {other}
  0x00000147abe04d44: ffd2 0f1f | 8400 0000 | 0000 8bf5 | e973 ceff | ffba f4ff | ffff 488b 

  0x00000147abe04d5c: ;   {runtime_call UncommonTrapBlob}
  0x00000147abe04d5c: 6c24 20e8 

  0x00000147abe04d60: ; ImmutableOopMap {rbp=Oop [56]=NarrowOop [60]=NarrowOop [64]=NarrowOop }
                      ;*checkcast {reexecute=0 rethrow=0 return_oop=0}
                      ; - com.jme3.app.state.AppStateManager::getStates@14 (line 127)
                      ; - com.jme3.app.state.AppStateManager::render@1 (line 366)
                      ; - com.jme3.app.SimpleApplication::update@161 (line 269)
  0x00000147abe04d60: 9c2f 77ff 

  0x00000147abe04d64: ;   {other}
  0x00000147abe04d64: 0f1f 8400 | 5456 0099 | baf4 ffff | ff48 8b6c | 2420 448b | 5c24 3044 | 895c 2428 

  0x00000147abe04d80: ;   {runtime_call UncommonTrapBlob}
  0x00000147abe04d80: 6666 90e8 

  0x00000147abe04d84: ; ImmutableOopMap {rbp=Oop [40]=NarrowOop [52]=NarrowOop }
                      ;*checkcast {reexecute=0 rethrow=0 return_oop=0}
                      ; - com.jme3.app.state.AppStateManager::getStates@14 (line 127)
                      ; - com.jme3.app.state.AppStateManager::postRender@1 (line 378)
                      ; - com.jme3.app.SimpleApplication::update@212 (line 274)
  0x00000147abe04d84: 782f 77ff 

  0x00000147abe04d88: ;   {other}
  0x00000147abe04d88: 0f1f 8400 | 7856 009a | baf4 ffff | ff48 8b6c 

  0x00000147abe04d98: ;   {runtime_call UncommonTrapBlob}
  0x00000147abe04d98: 2420 90e8 

  0x00000147abe04d9c: ; ImmutableOopMap {rbp=Oop [56]=NarrowOop }
                      ;*checkcast {reexecute=0 rethrow=0 return_oop=0}
                      ; - com.jme3.scene.Node::updateGeometricState@76 (line 271)
                      ; - com.jme3.app.SimpleApplication::update@124 (line 264)
  0x00000147abe04d9c: 602f 77ff 

  0x00000147abe04da0: ;   {other}
  0x00000147abe04da0: 0f1f 8400 | 9056 009b | baf4 ffff | ff48 8b6c 

  0x00000147abe04db0: ;   {runtime_call UncommonTrapBlob}
  0x00000147abe04db0: 2420 90e8 

  0x00000147abe04db4: ; ImmutableOopMap {rbp=Oop [56]=NarrowOop }
                      ;*checkcast {reexecute=0 rethrow=0 return_oop=0}
                      ; - com.jme3.scene.Node::updateGeometricState@76 (line 271)
                      ; - com.jme3.app.SimpleApplication::update@131 (line 265)
  0x00000147abe04db4: 482f 77ff 

  0x00000147abe04db8: ;   {other}
  0x00000147abe04db8: 0f1f 8400 | a856 009c | baf4 ffff | ff48 8b6c | 2420 c5fa | 1044 2450 | c5fa 1144 | 2424 c5f8 
  0x00000147abe04dd8: 28c8 c5fa | 114c 2438 

  0x00000147abe04de0: ;   {runtime_call UncommonTrapBlob}
  0x00000147abe04de0: 6666 90e8 

  0x00000147abe04de4: ; ImmutableOopMap {rbp=Oop [64]=Oop }
                      ;*checkcast {reexecute=0 rethrow=0 return_oop=0}
                      ; - com.jme3.scene.Spatial::runControlUpdate@18 (line 736)
                      ; - com.jme3.scene.Spatial::updateLogicalState@2 (line 880)
                      ; - com.jme3.scene.Node::updateLogicalState@2 (line 231)
                      ; - com.jme3.app.SimpleApplication::update@109 (line 261)
  0x00000147abe04de4: 182f 77ff 

  0x00000147abe04de8: ;   {other}
  0x00000147abe04de8: 0f1f 8400 | d856 009d | baf4 ffff | ff48 8b6c | 2420 c5fa | 1044 2450 | c5fa 1144 | 2424 c5f8 
  0x00000147abe04e08: 28c8 c5fa | 114c 2438 

  0x00000147abe04e10: ;   {runtime_call UncommonTrapBlob}
  0x00000147abe04e10: 6666 90e8 

  0x00000147abe04e14: ; ImmutableOopMap {rbp=Oop [64]=Oop }
                      ;*checkcast {reexecute=0 rethrow=0 return_oop=0}
                      ; - com.jme3.scene.Spatial::runControlUpdate@18 (line 736)
                      ; - com.jme3.scene.Spatial::updateLogicalState@2 (line 880)
                      ; - com.jme3.scene.Node::updateLogicalState@2 (line 231)
                      ; - com.jme3.app.SimpleApplication::update@117 (line 262)
  0x00000147abe04e14: e82e 77ff 

  0x00000147abe04e18: ;   {other}
  0x00000147abe04e18: 0f1f 8400 | 0857 009e | baf6 ffff | ff4c 8b54 | 2448 4c89 | 5424 3844 | 8b54 2440 | 4489 5424 
  0x00000147abe04e38: 344c 8b54 | 2450 4c89 | 5424 404c | 8944 2448 | c5fa 1144 | 2450 c5fa | 114c 2454 

  0x00000147abe04e54: ;   {runtime_call UncommonTrapBlob}
  0x00000147abe04e54: 6666 90e8 

  0x00000147abe04e58: ; ImmutableOopMap {rbp=Oop [32]=Oop [52]=NarrowOop [64]=Oop [72]=Oop }
                      ;*invokevirtual set {reexecute=0 rethrow=0 return_oop=0}
                      ; - com.jme3.input.InputManager::onMouseMotionEvent@14 (line 440)
                      ; - com.jme3.input.lwjgl.GlfwMouseInput::update@130 (line 298)
                      ; - com.jme3.input.InputManager::update@59 (line 907)
                      ; - com.jme3.app.LegacyApplication::update@91 (line 724)
                      ; - com.jme3.app.SimpleApplication::update@20 (line 246)
  0x00000147abe04e58: a42e 77ff 

  0x00000147abe04e5c: ;   {other}
  0x00000147abe04e5c: 0f1f 8400 | 4c57 009f | ba54 0000 | 004c 8b54 | 2448 4c89 | 5424 3844 | 8b5c 2440 | 4489 5c24 
  0x00000147abe04e7c: 344c 894c 

  0x00000147abe04e80: ;   {runtime_call UncommonTrapBlob}
  0x00000147abe04e80: 2448 90e8 

  0x00000147abe04e84: ; ImmutableOopMap {rbp=Oop [32]=Oop [52]=NarrowOop [72]=Oop [80]=Oop }
                      ;*new {reexecute=0 rethrow=0 return_oop=0}
                      ; - com.jme3.input.InputManager::onKeyEvent@7 (line 481)
                      ; - com.jme3.input.lwjgl.GlfwKeyInput::update@39 (line 161)
                      ; - com.jme3.input.InputManager::update@50 (line 906)
                      ; - com.jme3.app.LegacyApplication::update@91 (line 724)
                      ; - com.jme3.app.SimpleApplication::update@20 (line 246)
  0x00000147abe04e84: 782e 77ff 

  0x00000147abe04e88: ;   {other}
  0x00000147abe04e88: 0f1f 8400 | 7857 00a0 | baf6 ffff | ff4c 8b54 | 2448 4c89 | 5424 3844 | 8b54 2440 | 4489 5424 
  0x00000147abe04ea8: 344c 8b54 | 2450 4c89 | 5424 404c | 894c 2450 

  0x00000147abe04eb8: ;   {runtime_call UncommonTrapBlob}
  0x00000147abe04eb8: 6666 90e8 

  0x00000147abe04ebc: ; ImmutableOopMap {rbp=Oop [32]=Oop [52]=NarrowOop [64]=Oop [80]=Oop }
                      ;*invokevirtual add {reexecute=0 rethrow=0 return_oop=0}
                      ; - com.jme3.input.InputManager::onKeyEvent@22 (line 484)
                      ; - com.jme3.input.lwjgl.GlfwKeyInput::update@39 (line 161)
                      ; - com.jme3.input.InputManager::update@50 (line 906)
                      ; - com.jme3.app.LegacyApplication::update@91 (line 724)
                      ; - com.jme3.app.SimpleApplication::update@20 (line 246)
  0x00000147abe04ebc: 402e 77ff 

  0x00000147abe04ec0: ;   {other}
  0x00000147abe04ec0: 0f1f 8400 | b057 00a1 | bade ffff | ff4c 8944 | 2438 4489 | 5424 344c | 895c 2440 | 895c 2448 
  0x00000147abe04ee0: ;   {runtime_call UncommonTrapBlob}
  0x00000147abe04ee0: 6666 90e8 

  0x00000147abe04ee4: ; ImmutableOopMap {rbp=NarrowOop [32]=Oop [52]=NarrowOop [64]=Oop [72]=NarrowOop }
                      ;*invokeinterface poll {reexecute=0 rethrow=0 return_oop=0}
                      ; - com.jme3.input.lwjgl.GlfwMouseInput::update@122 (line 298)
                      ; - com.jme3.input.InputManager::update@59 (line 907)
                      ; - com.jme3.app.LegacyApplication::update@91 (line 724)
                      ; - com.jme3.app.SimpleApplication::update@20 (line 246)
  0x00000147abe04ee4: 182e 77ff 

  0x00000147abe04ee8: ;   {other}
  0x00000147abe04ee8: 0f1f 8400 | d857 00a2 | bade ffff | ff4c 8944 | 2438 4489 | 5424 344c | 895c 2440 | 895c 2448 
  0x00000147abe04f08: ;   {runtime_call UncommonTrapBlob}
  0x00000147abe04f08: 6666 90e8 

  0x00000147abe04f0c: ; ImmutableOopMap {rbp=NarrowOop [32]=Oop [52]=NarrowOop [64]=Oop [72]=NarrowOop }
                      ;*invokeinterface poll {reexecute=0 rethrow=0 return_oop=0}
                      ; - com.jme3.input.lwjgl.GlfwKeyInput::update@31 (line 161)
                      ; - com.jme3.input.InputManager::update@50 (line 906)
                      ; - com.jme3.app.LegacyApplication::update@91 (line 724)
                      ; - com.jme3.app.SimpleApplication::update@20 (line 246)
  0x00000147abe04f0c: f02d 77ff 

  0x00000147abe04f10: ;   {other}
  0x00000147abe04f10: 0f1f 8400 | 0058 00a3 | bade ffff | ff4c 8b54 | 2448 4c89 | 5424 3844 | 8b54 2440 | 4489 5424 
  0x00000147abe04f30: 344c 8944 

  0x00000147abe04f34: ;   {runtime_call UncommonTrapBlob}
  0x00000147abe04f34: 2448 90e8 

  0x00000147abe04f38: ; ImmutableOopMap {rbp=NarrowOop [32]=Oop [52]=NarrowOop [72]=Oop [80]=Oop }
                      ;*invokeinterface onMouseMotionEvent {reexecute=0 rethrow=0 return_oop=0}
                      ; - com.jme3.input.lwjgl.GlfwMouseInput::update@130 (line 298)
                      ; - com.jme3.input.InputManager::update@59 (line 907)
                      ; - com.jme3.app.LegacyApplication::update@91 (line 724)
                      ; - com.jme3.app.SimpleApplication::update@20 (line 246)
  0x00000147abe04f38: c42d 77ff 

  0x00000147abe04f3c: ;   {other}
  0x00000147abe04f3c: 0f1f 8400 | 2c58 00a4 | bade ffff | ff4c 8b54 | 2448 4c89 | 5424 3844 | 8b54 2440 | 4489 5424 
  0x00000147abe04f5c: 344c 894c 

  0x00000147abe04f60: ;   {runtime_call UncommonTrapBlob}
  0x00000147abe04f60: 2448 90e8 

  0x00000147abe04f64: ; ImmutableOopMap {rbp=NarrowOop [32]=Oop [52]=NarrowOop [72]=Oop [80]=Oop }
                      ;*invokeinterface onKeyEvent {reexecute=0 rethrow=0 return_oop=0}
                      ; - com.jme3.input.lwjgl.GlfwKeyInput::update@39 (line 161)
                      ; - com.jme3.input.InputManager::update@50 (line 906)
                      ; - com.jme3.app.LegacyApplication::update@91 (line 724)
                      ; - com.jme3.app.SimpleApplication::update@20 (line 246)
  0x00000147abe04f64: 982d 77ff 

  0x00000147abe04f68: ;   {other}
  0x00000147abe04f68: 0f1f 8400 | 5858 00a5 | bade ffff | ff48 8b6c | 2420 c5fa | 1044 2430 | c5fa 1144 | 2428 448b 
  0x00000147abe04f88: 4424 4044 | 8944 242c | 895c 2440 

  0x00000147abe04f94: ;   {runtime_call UncommonTrapBlob}
  0x00000147abe04f94: 6666 90e8 

  0x00000147abe04f98: ; ImmutableOopMap {rbp=Oop [44]=NarrowOop [64]=NarrowOop [80]=Oop }
                      ;*invokeinterface isEmpty {reexecute=0 rethrow=0 return_oop=0}
                      ; - com.jme3.input.lwjgl.GlfwKeyInput::update@15 (line 160)
                      ; - com.jme3.input.InputManager::update@50 (line 906)
                      ; - com.jme3.app.LegacyApplication::update@91 (line 724)
                      ; - com.jme3.app.SimpleApplication::update@20 (line 246)
  0x00000147abe04f98: 642d 77ff 

  0x00000147abe04f9c: ;   {other}
  0x00000147abe04f9c: 0f1f 8400 | 8c58 00a6 | bade ffff | ff48 8b6c | 2420 c5fa | 1044 2430 | c5fa 1144 | 2428 448b 
  0x00000147abe04fbc: 4424 4044 | 8944 242c | 895c 2440 

  0x00000147abe04fc8: ;   {runtime_call UncommonTrapBlob}
  0x00000147abe04fc8: 6666 90e8 

  0x00000147abe04fcc: ; ImmutableOopMap {rbp=Oop [44]=NarrowOop [64]=NarrowOop [80]=Oop }
                      ;*invokeinterface isEmpty {reexecute=0 rethrow=0 return_oop=0}
                      ; - com.jme3.input.lwjgl.GlfwMouseInput::update@106 (line 297)
                      ; - com.jme3.input.InputManager::update@59 (line 907)
                      ; - com.jme3.app.LegacyApplication::update@91 (line 724)
                      ; - com.jme3.app.SimpleApplication::update@20 (line 246)
  0x00000147abe04fcc: 302d 77ff 

  0x00000147abe04fd0: ;   {other}
  0x00000147abe04fd0: 0f1f 8400 | c058 00a7 | baf6 ffff | ff4c 8b54 | 2448 4c89 | 5424 3844 | 8b5c 2440 | 4489 5c24 
  0x00000147abe04ff0: 344c 8b54 | 2450 4c89 | 5424 404c | 8b54 2458 | 4c89 5424 

  0x00000147abe05004: ;   {runtime_call UncommonTrapBlob}
  0x00000147abe05004: 5066 90e8 

  0x00000147abe05008: ; ImmutableOopMap {rbp=Oop [32]=Oop [52]=NarrowOop [64]=Oop [80]=Oop [88]=Oop }
                      ;*invokevirtual add {reexecute=0 rethrow=0 return_oop=0}
                      ; - com.jme3.input.InputManager::onMouseMotionEvent@30 (line 442)
                      ; - com.jme3.input.lwjgl.GlfwMouseInput::update@130 (line 298)
                      ; - com.jme3.input.InputManager::update@59 (line 907)
                      ; - com.jme3.app.LegacyApplication::update@91 (line 724)
                      ; - com.jme3.app.SimpleApplication::update@20 (line 246)
  0x00000147abe05008: f42c 77ff 

  0x00000147abe0500c: ;   {other}
  0x00000147abe0500c: 0f1f 8400 | fc58 00a8 | bade ffff | ff4c 8b54 | 2430 4c89 | 5424 2089 | 7c24 2c44 | 896c 2434 
  0x00000147abe0502c: 4489 4c24 | 3c89 4c24 | 4489 4c24 

  0x00000147abe05038: ;   {runtime_call UncommonTrapBlob}
  0x00000147abe05038: 4866 90e8 

  0x00000147abe0503c: ; ImmutableOopMap {rbp=NarrowOop [32]=Oop [44]=NarrowOop [52]=NarrowOop [60]=NarrowOop [68]=NarrowOop [72]=NarrowOop }
                      ;*invokeinterface size {reexecute=0 rethrow=0 return_oop=0}
                      ; - com.jme3.util.SafeArrayList::getArray@41 (line 148)
                      ; - com.jme3.app.state.AppStateManager::getStates@11 (line 127)
                      ; - com.jme3.app.state.AppStateManager::render@1 (line 366)
                      ; - com.jme3.app.SimpleApplication::update@161 (line 269)
  0x00000147abe0503c: c02c 77ff 

  0x00000147abe05040: ;   {other}
  0x00000147abe05040: 0f1f 8400 | 3059 00a9 | bade ffff | ff48 8974 | 2420 897c | 2430 4489 | 5424 3889 | 4c24 4089 
  0x00000147abe05060: ;   {runtime_call UncommonTrapBlob}
  0x00000147abe05060: 4c24 44e8 

  0x00000147abe05064: ; ImmutableOopMap {rbp=NarrowOop [32]=Oop [48]=NarrowOop [56]=NarrowOop [64]=NarrowOop [68]=NarrowOop }
                      ;*invokeinterface size {reexecute=0 rethrow=0 return_oop=0}
                      ; - com.jme3.util.SafeArrayList::getArray@41 (line 148)
                      ; - com.jme3.app.state.AppStateManager::getStates@11 (line 127)
                      ; - com.jme3.app.state.AppStateManager::postRender@1 (line 378)
                      ; - com.jme3.app.SimpleApplication::update@212 (line 274)
  0x00000147abe05064: 982c 77ff 

  0x00000147abe05068: ;   {other}
  0x00000147abe05068: 0f1f 8400 | 5859 00aa | baf6 ffff | ffc5 fa10 | 4c24 3cc5 | fa11 4c24 

  0x00000147abe05080: ;   {runtime_call UncommonTrapBlob}
  0x00000147abe05080: 2466 90e8 

  0x00000147abe05084: ; ImmutableOopMap {[48]=Oop [88]=Oop }
                      ;*invokevirtual getArray {reexecute=0 rethrow=0 return_oop=0}
                      ; - com.jme3.scene.Node::updateLogicalState@17 (line 241)
                      ; - com.jme3.app.SimpleApplication::update@109 (line 261)
  0x00000147abe05084: 782c 77ff 

  0x00000147abe05088: ;   {other}
  0x00000147abe05088: 0f1f 8400 | 7859 00ab | baf6 ffff | ffc5 fa10 | 4c24 3cc5 | fa11 4c24 

  0x00000147abe050a0: ;   {runtime_call UncommonTrapBlob}
  0x00000147abe050a0: 2466 90e8 

  0x00000147abe050a4: ; ImmutableOopMap {[48]=Oop [88]=Oop }
                      ;*invokevirtual getArray {reexecute=0 rethrow=0 return_oop=0}
                      ; - com.jme3.scene.Node::updateLogicalState@17 (line 241)
                      ; - com.jme3.app.SimpleApplication::update@117 (line 262)
  0x00000147abe050a4: 582c 77ff 

  0x00000147abe050a8: ;   {other}
  0x00000147abe050a8: 0f1f 8400 | 9859 00ac | bade ffff | ff4c 8b5c | 2430 4c89 | 5c24 2044 | 8954 242c | 895c 2434 
  0x00000147abe050c8: 895c 2438 

  0x00000147abe050cc: ;   {runtime_call UncommonTrapBlob}
  0x00000147abe050cc: 6666 90e8 

  0x00000147abe050d0: ; ImmutableOopMap {rbp=NarrowOop [32]=Oop [44]=NarrowOop [52]=NarrowOop [56]=NarrowOop }
                      ;*invokeinterface size {reexecute=0 rethrow=0 return_oop=0}
                      ; - com.jme3.util.SafeArrayList::getArray@41 (line 148)
                      ; - com.jme3.scene.Node::updateGeometricState@73 (line 271)
                      ; - com.jme3.app.SimpleApplication::update@124 (line 264)
  0x00000147abe050d0: 2c2c 77ff 

  0x00000147abe050d4: ;   {other}
  0x00000147abe050d4: 0f1f 8400 | c459 00ad | bade ffff | ff4c 8b5c | 2430 4c89 | 5c24 2044 | 8954 242c | 895c 2434 
  0x00000147abe050f4: 895c 2438 

  0x00000147abe050f8: ;   {runtime_call UncommonTrapBlob}
  0x00000147abe050f8: 6666 90e8 

  0x00000147abe050fc: ; ImmutableOopMap {rbp=NarrowOop [32]=Oop [44]=NarrowOop [52]=NarrowOop [56]=NarrowOop }
                      ;*invokeinterface size {reexecute=0 rethrow=0 return_oop=0}
                      ; - com.jme3.util.SafeArrayList::getArray@41 (line 148)
                      ; - com.jme3.scene.Node::updateGeometricState@73 (line 271)
                      ; - com.jme3.app.SimpleApplication::update@131 (line 265)
  0x00000147abe050fc: 002c 77ff 

  0x00000147abe05100: ;   {other}
  0x00000147abe05100: 0f1f 8400 | f059 00ae | ba76 ffff | ff48 8b6c | 2430 4c89 | 4424 3044 | 8954 243c 

  0x00000147abe0511c: ;   {runtime_call UncommonTrapBlob}
  0x00000147abe0511c: 6666 90e8 

  0x00000147abe05120: ; ImmutableOopMap {rbp=Oop [48]=Oop [88]=Oop }
                      ;*if_icmpge {reexecute=1 rethrow=0 return_oop=0}
                      ; - (reexecute) com.jme3.scene.Node::updateLogicalState@33 (line 241)
                      ; - com.jme3.app.SimpleApplication::update@109 (line 261)
  0x00000147abe05120: dc2b 77ff 

  0x00000147abe05124: ;   {other}
  0x00000147abe05124: 0f1f 8400 | 145a 00af | ba76 ffff | ff48 8b6c | 2430 4c89 | 4424 3044 | 8954 243c 

  0x00000147abe05140: ;   {runtime_call UncommonTrapBlob}
  0x00000147abe05140: 6666 90e8 

  0x00000147abe05144: ; ImmutableOopMap {rbp=Oop [48]=Oop [88]=Oop }
                      ;*if_icmpge {reexecute=1 rethrow=0 return_oop=0}
                      ; - (reexecute) com.jme3.scene.Node::updateLogicalState@33 (line 241)
                      ; - com.jme3.app.SimpleApplication::update@117 (line 262)
  0x00000147abe05144: b82b 77ff 

  0x00000147abe05148: ;   {other}
  0x00000147abe05148: 0f1f 8400 | 385a 00b0 | bade ffff | ffc5 fa10 | 4c24 504c | 8b54 2458 | c5fa 114c | 242c 4c89 
  0x00000147abe05168: 5424 38c5 | fa11 4c24 | 404c 8954 | 2448 894c | 2454 894c 

  0x00000147abe0517c: ;   {runtime_call UncommonTrapBlob}
  0x00000147abe0517c: 2458 90e8 

  0x00000147abe05180: ; ImmutableOopMap {rbp=NarrowOop [32]=Oop [56]=Oop [72]=Oop [84]=NarrowOop [88]=NarrowOop }
                      ;*invokeinterface size {reexecute=0 rethrow=0 return_oop=0}
                      ; - com.jme3.util.SafeArrayList::getArray@41 (line 148)
                      ; - com.jme3.scene.Spatial::runControlUpdate@15 (line 736)
                      ; - com.jme3.scene.Spatial::updateLogicalState@2 (line 880)
                      ; - com.jme3.scene.Node::updateLogicalState@2 (line 231)
                      ; - com.jme3.app.SimpleApplication::update@109 (line 261)
  0x00000147abe05180: 7c2b 77ff 

  0x00000147abe05184: ;   {other}
  0x00000147abe05184: 0f1f 8400 | 745a 00b1 | bade ffff | ff4c 8b54 | 2430 4c89 | 5424 20c5 | fa10 4c24 | 504c 8b54 
  0x00000147abe051a4: 2458 c5fa | 114c 242c | 4c89 5424 | 38c5 fa11 | 4c24 404c | 8954 2448 | 4489 4c24 | 5444 894c 
  0x00000147abe051c4: ;   {runtime_call UncommonTrapBlob}
  0x00000147abe051c4: 2458 90e8 

  0x00000147abe051c8: ; ImmutableOopMap {rbp=NarrowOop [32]=Oop [56]=Oop [72]=Oop [84]=NarrowOop [88]=NarrowOop }
                      ;*invokeinterface size {reexecute=0 rethrow=0 return_oop=0}
                      ; - com.jme3.util.SafeArrayList::getArray@41 (line 148)
                      ; - com.jme3.scene.Spatial::runControlUpdate@15 (line 736)
                      ; - com.jme3.scene.Spatial::updateLogicalState@2 (line 880)
                      ; - com.jme3.scene.Node::updateLogicalState@2 (line 231)
                      ; - com.jme3.app.SimpleApplication::update@117 (line 262)
  0x00000147abe051c8: 342b 77ff 

  0x00000147abe051cc: ;   {other}
  0x00000147abe051cc: 0f1f 8400 | bc5a 00b2 | 8bee 488b | cb49 8bd7 | 49ba 303f | 4d0d ff7f | 0000 41ff 

  0x00000147abe051e8: ;   {other}
  0x00000147abe051e8: d20f 1f84 | 0000 0000 | 008b f5e9 | 1aca ffff | 498b d749 | ba30 3f4d | 0dff 7f00 | 0041 ffd2 
  0x00000147abe05208: ;   {other}
  0x00000147abe05208: 0f1f 8400 | 0000 0000 | e968 caff | ffba 45ff | ffff 4c89 | 7424 3889 | 7c24 4089 

  0x00000147abe05224: ;   {runtime_call UncommonTrapBlob}
  0x00000147abe05224: 7424 48e8 

  0x00000147abe05228: ; ImmutableOopMap {[32]=Oop [56]=Oop [64]=NarrowOop [72]=NarrowOop [80]=NarrowOop }
                      ;*ifeq {reexecute=1 rethrow=0 return_oop=0}
                      ; - (reexecute) java.util.concurrent.ConcurrentLinkedQueue::poll@24 (line 387)
                      ; - com.jme3.app.LegacyApplication::runQueuedTasks@4 (line 699)
                      ; - com.jme3.app.LegacyApplication::update@27 (line 715)
                      ; - com.jme3.app.SimpleApplication::update@20 (line 246)
  0x00000147abe05228: d42a 77ff 

  0x00000147abe0522c: ;   {other}
  0x00000147abe0522c: 0f1f 8400 | 1c5b 00b3 | ba45 ffff | ff48 8b6c | 2420 4c89 | 7424 3089 | 7c24 3848 | 8944 24f8 
  0x00000147abe0524c: 8b44 2450 | 8944 243c | 488b 4424 | f889 7424 | 4c44 895c 

  0x00000147abe05260: ;   {runtime_call UncommonTrapBlob}
  0x00000147abe05260: 2450 90e8 

  0x00000147abe05264: ; ImmutableOopMap {rbp=Oop [48]=Oop [56]=NarrowOop [60]=NarrowOop [76]=NarrowOop [80]=NarrowOop [88]=NarrowOop }
                      ;*ifnull {reexecute=1 rethrow=0 return_oop=0}
                      ; - (reexecute) java.util.concurrent.ConcurrentLinkedQueue::poll@40 (line 391)
                      ; - com.jme3.app.LegacyApplication::runQueuedTasks@4 (line 699)
                      ; - com.jme3.app.LegacyApplication::update@27 (line 715)
                      ; - com.jme3.app.SimpleApplication::update@20 (line 246)
  0x00000147abe05264: 982a 77ff 

  0x00000147abe05268: ;   {other}
  0x00000147abe05268: 0f1f 8400 | 585b 00b4 | ba45 ffff | ff4c 8974 | 2438 897c | 2440 8974 

  0x00000147abe05280: ;   {runtime_call UncommonTrapBlob}
  0x00000147abe05280: 2454 90e8 

  0x00000147abe05284: ; ImmutableOopMap {[32]=Oop [56]=Oop [64]=NarrowOop [80]=NarrowOop [84]=NarrowOop [88]=NarrowOop }
                      ;*ifeq {reexecute=1 rethrow=0 return_oop=0}
                      ; - (reexecute) java.util.concurrent.ConcurrentLinkedQueue::updateHead@14 (line 292)
                      ; - java.util.concurrent.ConcurrentLinkedQueue::poll@48 (line 391)
                      ; - com.jme3.app.LegacyApplication::runQueuedTasks@4 (line 699)
                      ; - com.jme3.app.LegacyApplication::update@27 (line 715)
                      ; - com.jme3.app.SimpleApplication::update@20 (line 246)
  0x00000147abe05284: 782a 77ff 

  0x00000147abe05288: ;   {other}
  0x00000147abe05288: 0f1f 8400 | 785b 00b5 | ba5c ffff | ff48 8b6c | 2420 4c89 | 7424 3848 | 8944 24f8 | 8b44 2450 
  0x00000147abe052a8: 8944 2440 | 488b 4424 | f889 7424 | 4c89 7424 

  0x00000147abe052b8: ;   {runtime_call UncommonTrapBlob}
  0x00000147abe052b8: 5066 90e8 

  0x00000147abe052bc: ; ImmutableOopMap {rbp=Oop [56]=Oop [64]=NarrowOop [76]=NarrowOop [80]=NarrowOop }
                      ;*ifnonnull {reexecute=1 rethrow=0 return_oop=0}
                      ; - (reexecute) java.util.Objects::requireNonNull@1 (line 219)
                      ; - java.lang.invoke.VarHandleReferences$FieldInstanceReadWrite::setRelease@16 (line 172)
                      ; - java.lang.invoke.VarHandleGuards::guard_LL_V@45 (line 53)
                      ; - java.util.concurrent.ConcurrentLinkedQueue::updateHead@22 (line 293)
                      ; - java.util.concurrent.ConcurrentLinkedQueue::poll@66 (line 395)
                      ; - com.jme3.app.LegacyApplication::runQueuedTasks@4 (line 699)
                      ; - com.jme3.app.LegacyApplication::update@27 (line 715)
                      ; - com.jme3.app.SimpleApplication::update@20 (line 246)
  0x00000147abe052bc: 402a 77ff 

  0x00000147abe052c0: ;   {other}
  0x00000147abe052c0: 0f1f 8400 | b05b 00b6 | 418b fa49 | 8bd7 49ba | 303f 4d0d | ff7f 0000 

  0x00000147abe052d8: ;   {other}
  0x00000147abe052d8: 41ff d20f | 1f84 0000 | 0000 0044 | 8bd7 e99c | cbff ff41 | 8bda 498b | d749 ba30 | 3f4d 0dff 
  0x00000147abe052f8: 7f00 0041 

  0x00000147abe052fc: ;   {other}
  0x00000147abe052fc: ffd2 0f1f | 8400 0000 | 0000 448b | d3e9 c6cb | ffff 498b | d749 ba30 | 3f4d 0dff | 7f00 0041 
  0x00000147abe0531c: ;   {other}
  0x00000147abe0531c: ffd2 0f1f | 8400 0000 | 0000 e9a0 | cdff ff49 | 8bd7 49ba | 303f 4d0d | ff7f 0000 

  0x00000147abe05338: ;   {other}
  0x00000147abe05338: 41ff d20f | 1f84 0000 | 0000 00e9 | 3acd ffff | 498b d749 | ba30 3f4d | 0dff 7f00 | 0041 ffd2 
  0x00000147abe05358: ;   {other}
  0x00000147abe05358: 0f1f 8400 | 0000 0000 | e905 cfff | ff49 8bd7 | 49ba 303f | 4d0d ff7f | 0000 41ff 

  0x00000147abe05374: ;   {other}
  0x00000147abe05374: d20f 1f84 | 0000 0000 | 00e9 35cf | ffff 498b | d749 ba30 | 3f4d 0dff | 7f00 0041 

  0x00000147abe05390: ;   {other}
  0x00000147abe05390: ffd2 0f1f | 8400 0000 | 0000 e900 | d1ff ff49 | 8bd7 49ba | 303f 4d0d | ff7f 0000 

  0x00000147abe053ac: ;   {other}
  0x00000147abe053ac: 41ff d20f | 1f84 0000 | 0000 00e9 | 96d0 ffff | 498b d749 | ba30 3f4d | 0dff 7f00 | 0041 ffd2 
  0x00000147abe053cc: ;   {other}
  0x00000147abe053cc: 0f1f 8400 | 0000 0000 | e9ba d2ff | ff49 8bd7 | 49ba 303f | 4d0d ff7f | 0000 41ff 

  0x00000147abe053e8: ;   {other}
  0x00000147abe053e8: d20f 1f84 | 0000 0000 | 00e9 50d2 | ffff 498b | d749 ba30 | 3f4d 0dff | 7f00 0041 

  0x00000147abe05404: ;   {other}
  0x00000147abe05404: ffd2 0f1f | 8400 0000 | 0000 e988 | d4ff ff49 | 8bd7 49ba | 303f 4d0d | ff7f 0000 

  0x00000147abe05420: ;   {other}
  0x00000147abe05420: 41ff d20f | 1f84 0000 | 0000 00e9 | 1ed4 ffff | ba45 ffff | ff4c 8974 | 2440 8974 

  0x00000147abe0543c: ;   {runtime_call UncommonTrapBlob}
  0x00000147abe0543c: 244c 90e8 

  0x00000147abe05440: ; ImmutableOopMap {rbp=NarrowOop [32]=Oop [64]=Oop [76]=NarrowOop [80]=NarrowOop }
                      ;*if_acmpne {reexecute=1 rethrow=0 return_oop=0}
                      ; - (reexecute) java.util.concurrent.ConcurrentLinkedQueue::poll@73 (line 398)
                      ; - com.jme3.app.LegacyApplication::runQueuedTasks@4 (line 699)
                      ; - com.jme3.app.LegacyApplication::update@27 (line 715)
                      ; - com.jme3.app.SimpleApplication::update@20 (line 246)
  0x00000147abe05440: bc28 77ff 

  0x00000147abe05444: ;   {other}
  0x00000147abe05444: 0f1f 8400 | 345d 00b7 | 488b cb49 | 8bd7 49ba | 303f 4d0d | ff7f 0000 

  0x00000147abe0545c: ;   {other}
  0x00000147abe0545c: 41ff d20f | 1f84 0000 | 0000 00e9 | 61d8 ffff | 498b d749 | ba30 3f4d | 0dff 7f00 | 0041 ffd2 
  0x00000147abe0547c: ;   {other}
  0x00000147abe0547c: 0f1f 8400 | 0000 0000 | e9b0 d8ff | ffba 45ff | ffff 4c89 | 7424 4089 

  0x00000147abe05494: ;   {runtime_call UncommonTrapBlob}
  0x00000147abe05494: 7424 54e8 

  0x00000147abe05498: ; ImmutableOopMap {[32]=Oop [64]=Oop [80]=NarrowOop [84]=NarrowOop }
                      ;*ifeq {reexecute=1 rethrow=0 return_oop=0}
                      ; - (reexecute) java.util.concurrent.ConcurrentLinkedQueue::updateHead@14 (line 292)
                      ; - java.util.concurrent.ConcurrentLinkedQueue::poll@66 (line 395)
                      ; - com.jme3.app.LegacyApplication::runQueuedTasks@4 (line 699)
                      ; - com.jme3.app.LegacyApplication::update@27 (line 715)
                      ; - com.jme3.app.SimpleApplication::update@20 (line 246)
  0x00000147abe05498: 6428 77ff 

  0x00000147abe0549c: ;   {other}
  0x00000147abe0549c: 0f1f 8400 | 8c5d 00b8 | 498b d749 | ba30 3f4d | 0dff 7f00 | 0041 ffd2 

  0x00000147abe054b4: ;   {other}
  0x00000147abe054b4: 0f1f 8400 | 0000 0000 | 448b d5e9 | 95c8 ffff | 498b d749 | ba30 3f4d | 0dff 7f00 | 0041 ffd2 
  0x00000147abe054d4: ;   {other}
  0x00000147abe054d4: 0f1f 8400 | 0000 0000 | e98b caff | ff49 8bd7 | 49ba 303f | 4d0d ff7f | 0000 41ff 

  0x00000147abe054f0: ;   {other}
  0x00000147abe054f0: d20f 1f84 | 0000 0000 | 00e9 56cc | ffff 498b | d749 ba30 | 3f4d 0dff | 7f00 0041 

  0x00000147abe0550c: ;   {other}
  0x00000147abe0550c: ffd2 0f1f | 8400 0000 | 0000 e921 | ceff ff49 | 8bd7 49ba | 303f 4d0d | ff7f 0000 

  0x00000147abe05528: ;   {other}
  0x00000147abe05528: 41ff d20f | 1f84 0000 | 0000 00e9 | f0cf ffff | 498b d749 | ba30 3f4d | 0dff 7f00 | 0041 ffd2 
  0x00000147abe05548: ;   {other}
  0x00000147abe05548: 0f1f 8400 | 0000 0000 | e9d3 d1ff | ffba deff | ffff 4c8b | 5424 484c | 8954 2438 | 448b 5424 
  0x00000147abe05568: 4044 8954 | 2434 4889 

  0x00000147abe05570: ;   {runtime_call UncommonTrapBlob}
  0x00000147abe05570: 4424 48e8 

  0x00000147abe05574: ; ImmutableOopMap {rbp=NarrowOop [32]=Oop [52]=NarrowOop [72]=Oop [80]=Oop }
                      ;*checkcast {reexecute=0 rethrow=0 return_oop=0}
                      ; - com.jme3.input.lwjgl.GlfwKeyInput::update@36 (line 161)
                      ; - com.jme3.input.InputManager::update@50 (line 906)
                      ; - com.jme3.app.LegacyApplication::update@91 (line 724)
                      ; - com.jme3.app.SimpleApplication::update@20 (line 246)
  0x00000147abe05574: 8827 77ff 

  0x00000147abe05578: ;   {other}
  0x00000147abe05578: 0f1f 8400 | 685e 00b9 | bade ffff | ff4c 8b5c | 2448 4c89 | 5c24 3844 | 8b5c 2440 | 4489 5c24 
  0x00000147abe05598: 3448 8944 

  0x00000147abe0559c: ;   {runtime_call UncommonTrapBlob}
  0x00000147abe0559c: 2448 90e8 

  0x00000147abe055a0: ; ImmutableOopMap {rbp=NarrowOop [32]=Oop [52]=NarrowOop [72]=Oop [80]=Oop }
                      ;*checkcast {reexecute=0 rethrow=0 return_oop=0}
                      ; - com.jme3.input.lwjgl.GlfwMouseInput::update@127 (line 298)
                      ; - com.jme3.input.InputManager::update@59 (line 907)
                      ; - com.jme3.app.LegacyApplication::update@91 (line 724)
                      ; - com.jme3.app.SimpleApplication::update@20 (line 246)
  0x00000147abe055a0: 5c27 77ff 

  0x00000147abe055a4: ;   {other}
  0x00000147abe055a4: 0f1f 8400 | 945e 00ba | bade ffff | ff48 8b6c | 2420 c5fa | 104c 2430 | c5fa 114c | 2428 488b 
  0x00000147abe055c4: 4424 4048 | 8944 2430 | 897c 242c | 894c 2438 | 4489 5424 | 4048 8974 | 2448 4489 | 5c24 4444 
  0x00000147abe055e4: 894c 2450 | 895c 2454 | 4489 4424 

  0x00000147abe055f0: ;   {runtime_call UncommonTrapBlob}
  0x00000147abe055f0: 5866 90e8 

  0x00000147abe055f4: ; ImmutableOopMap {rbp=Oop [64]=NarrowOop [72]=Oop [80]=NarrowOop [84]=NarrowOop [88]=NarrowOop }
                      ;*checkcast {reexecute=0 rethrow=0 return_oop=0}
                      ; - com.jme3.input.InputManager::invokeUpdateActions@36 (line 213)
                      ; - com.jme3.input.InputManager::update@106 (line 918)
                      ; - com.jme3.app.LegacyApplication::update@91 (line 724)
                      ; - com.jme3.app.SimpleApplication::update@20 (line 246)
  0x00000147abe055f4: 0827 77ff 

  0x00000147abe055f8: ;   {other}
  0x00000147abe055f8: 0f1f 8400 | e85e 00bb | bade ffff | ff48 8b6c | 2430 4889 

  0x00000147abe0560c: ;   {runtime_call UncommonTrapBlob}
  0x00000147abe0560c: 4424 30e8 

  0x00000147abe05610: ; ImmutableOopMap {rbp=Oop [48]=Oop [88]=Oop }
                      ;*checkcast {reexecute=0 rethrow=0 return_oop=0}
                      ; - com.jme3.scene.Node::updateLogicalState@20 (line 241)
                      ; - com.jme3.app.SimpleApplication::update@109 (line 261)
  0x00000147abe05610: ec26 77ff 

  0x00000147abe05614: ;   {other}
  0x00000147abe05614: 0f1f 8400 | 045f 00bc | bade ffff | ff48 8b6c | 2430 4889 

  0x00000147abe05628: ;   {runtime_call UncommonTrapBlob}
  0x00000147abe05628: 4424 30e8 

  0x00000147abe0562c: ; ImmutableOopMap {rbp=Oop [48]=Oop [88]=Oop }
                      ;*checkcast {reexecute=0 rethrow=0 return_oop=0}
                      ; - com.jme3.scene.Node::updateLogicalState@20 (line 241)
                      ; - com.jme3.app.SimpleApplication::update@117 (line 262)
  0x00000147abe0562c: d026 77ff 

  0x00000147abe05630: ;   {other}
  0x00000147abe05630: 0f1f 8400 | 205f 00bd | bade ffff | ff4c 8b54 | 2430 4c89 | 5424 2089 | 7c24 2c44 | 896c 2434 
  0x00000147abe05650: 4489 4c24 

  0x00000147abe05654: ;   {runtime_call UncommonTrapBlob}
  0x00000147abe05654: 3c66 90e8 

  0x00000147abe05658: ; ImmutableOopMap {rbp=NarrowOop [32]=Oop [44]=NarrowOop [52]=NarrowOop [60]=NarrowOop }
                      ;*checkcast {reexecute=0 rethrow=0 return_oop=0}
                      ; - com.jme3.app.state.AppStateManager::getStates@14 (line 127)
                      ; - com.jme3.app.state.AppStateManager::render@1 (line 366)
                      ; - com.jme3.app.SimpleApplication::update@161 (line 269)
  0x00000147abe05658: a426 77ff 

  0x00000147abe0565c: ;   {other}
  0x00000147abe0565c: 0f1f 8400 | 4c5f 00be | bade ffff | ff4c 8b54 | 2430 4c89 | 5424 20c5 | fa10 4c24 | 5044 894c 
  0x00000147abe0567c: 242c c5fa | 114c 2430 | 897c 2434 

  0x00000147abe05688: ;   {runtime_call UncommonTrapBlob}
  0x00000147abe05688: 6666 90e8 

  0x00000147abe0568c: ; ImmutableOopMap {rbp=NarrowOop [32]=Oop [44]=NarrowOop }
                      ;*instanceof {reexecute=0 rethrow=0 return_oop=0}
                      ; - com.jme3.renderer.RenderManager::render@4 (line 1140)
                      ; - com.jme3.app.SimpleApplication::update@197 (line 272)
  0x00000147abe0568c: 7026 77ff 

  0x00000147abe05690: ;   {other}
  0x00000147abe05690: 0f1f 8400 | 805f 00bf | bade ffff | ff4c 8b54 | 2440 4c89 | 5424 3844 | 8b54 245c | 4489 5424 
  0x00000147abe056b0: 3444 8b5c | 2458 4489 | 5c24 4044 | 8b54 2448 | 4489 5424 | 444c 8b54 | 2468 4c89 | 5424 504c 
  0x00000147abe056d0: 8b54 2470 | 4c89 5424 

  0x00000147abe056d8: ;   {runtime_call UncommonTrapBlob}
  0x00000147abe056d8: 6866 90e8 

  0x00000147abe056dc: ; ImmutableOopMap {rbp=NarrowOop [32]=Oop [68]=NarrowOop [76]=NarrowOop [80]=Oop [96]=NarrowOop }
                      ;*checkcast {reexecute=0 rethrow=0 return_oop=0}
                      ; - com.jme3.input.InputManager::invokeAnalogs@8 (line 229)
                      ; - com.jme3.input.InputManager::invokeUpdateActions@76 (line 217)
                      ; - com.jme3.input.InputManager::update@106 (line 918)
                      ; - com.jme3.app.LegacyApplication::update@91 (line 724)
                      ; - com.jme3.app.SimpleApplication::update@20 (line 246)
  0x00000147abe056dc: 2026 77ff 

  0x00000147abe056e0: ;   {other}
  0x00000147abe056e0: 0f1f 8400 | d05f 00c0 | bade ffff | ff4c 8b54 | 2440 4c89 | 5424 3844 | 8b44 245c | 4489 4424 
  0x00000147abe05700: 3444 8b54 | 2458 4489 | 5424 404c | 8b54 2468 | 4c89 5424 | 504c 8b54 | 2470 4c89 | 5424 684c 
  0x00000147abe05720: 8b54 2478 | 4c89 5424 | 70c5 fa11 | 4424 7844 | 8b9c 2488 | 0000 0044 | 895c 247c 

  0x00000147abe0573c: ;   {runtime_call UncommonTrapBlob}
  0x00000147abe0573c: 6666 90e8 

  0x00000147abe05740: ; ImmutableOopMap {rbp=NarrowOop [32]=Oop [72]=NarrowOop [76]=NarrowOop [80]=Oop [96]=NarrowOop [128]=Oop }
                      ;*checkcast {reexecute=0 rethrow=0 return_oop=0}
                      ; - com.jme3.input.InputManager::invokeAnalogs@55 (line 240)
                      ; - com.jme3.input.InputManager::invokeUpdateActions@76 (line 217)
                      ; - com.jme3.input.InputManager::update@106 (line 918)
                      ; - com.jme3.app.LegacyApplication::update@91 (line 724)
                      ; - com.jme3.app.SimpleApplication::update@20 (line 246)
  0x00000147abe05740: bc25 77ff 

  0x00000147abe05744: ;   {other}
  0x00000147abe05744: 0f1f 8400 | 3460 00c1 | bade ffff | ff48 8974 | 2420 897c | 2430 4489 

  0x00000147abe0575c: ;   {runtime_call UncommonTrapBlob}
  0x00000147abe0575c: 5424 38e8 

  0x00000147abe05760: ; ImmutableOopMap {rbp=NarrowOop [32]=Oop [48]=NarrowOop [56]=NarrowOop }
                      ;*checkcast {reexecute=0 rethrow=0 return_oop=0}
                      ; - com.jme3.app.state.AppStateManager::getStates@14 (line 127)
                      ; - com.jme3.app.state.AppStateManager::postRender@1 (line 378)
                      ; - com.jme3.app.SimpleApplication::update@212 (line 274)
  0x00000147abe05760: 9c25 77ff 

  0x00000147abe05764: ;   {other}
  0x00000147abe05764: 0f1f 8400 | 5460 00c2 | bade ffff | ff4c 8b54 | 2430 4c89 | 5424 20c5 | fa10 4424 | 50c5 f828 
  0x00000147abe05784: c8c5 fa11 | 4c24 2cc5 | fa11 4c24 

  0x00000147abe05790: ;   {runtime_call UncommonTrapBlob}
  0x00000147abe05790: 4066 90e8 

  0x00000147abe05794: ; ImmutableOopMap {rbp=NarrowOop [32]=Oop [88]=Oop }
                      ;*checkcast {reexecute=0 rethrow=0 return_oop=0}
                      ; - com.jme3.scene.Spatial::runControlUpdate@18 (line 736)
                      ; - com.jme3.scene.Spatial::updateLogicalState@2 (line 880)
                      ; - com.jme3.scene.Node::updateLogicalState@2 (line 231)
                      ; - com.jme3.app.SimpleApplication::update@109 (line 261)
  0x00000147abe05794: 6825 77ff 

  0x00000147abe05798: ;   {other}
  0x00000147abe05798: 0f1f 8400 | 8860 00c3 | bade ffff | ff4c 8b54 | 2430 4c89 | 5424 20c5 | fa10 4424 | 50c5 f828 
  0x00000147abe057b8: c8c5 fa11 | 4c24 2cc5 | fa11 4c24 

  0x00000147abe057c4: ;   {runtime_call UncommonTrapBlob}
  0x00000147abe057c4: 4066 90e8 

  0x00000147abe057c8: ; ImmutableOopMap {rbp=NarrowOop [32]=Oop [88]=Oop }
                      ;*checkcast {reexecute=0 rethrow=0 return_oop=0}
                      ; - com.jme3.scene.Spatial::runControlUpdate@18 (line 736)
                      ; - com.jme3.scene.Spatial::updateLogicalState@2 (line 880)
                      ; - com.jme3.scene.Node::updateLogicalState@2 (line 231)
                      ; - com.jme3.app.SimpleApplication::update@117 (line 262)
  0x00000147abe057c8: 3425 77ff 

  0x00000147abe057cc: ;   {other}
  0x00000147abe057cc: 0f1f 8400 | bc60 00c4 | bade ffff | ff48 8b6c | 2430 c5fa | 104c 2450 | 4489 5424 | 24c5 fa11 
  0x00000147abe057ec: 4c24 2889 | 4c24 3089 

  0x00000147abe057f4: ;   {runtime_call UncommonTrapBlob}
  0x00000147abe057f4: 5c24 34e8 

  0x00000147abe057f8: ; ImmutableOopMap {rbp=Oop [36]=NarrowOop [52]=NarrowOop }
                      ;*checkcast {reexecute=0 rethrow=0 return_oop=0}
                      ; - com.jme3.renderer.RenderManager::render@128 (line 1156)
                      ; - com.jme3.app.SimpleApplication::update@197 (line 272)
  0x00000147abe057f8: 0425 77ff 

  0x00000147abe057fc: ;   {other}
  0x00000147abe057fc: 0f1f 8400 | ec60 00c5 | bade ffff | ff44 8954 

  0x00000147abe0580c: ;   {runtime_call UncommonTrapBlob}
  0x00000147abe0580c: 242c 90e8 

  0x00000147abe05810: ; ImmutableOopMap {rbp=NarrowOop [44]=NarrowOop [48]=Oop }
                      ;*checkcast {reexecute=0 rethrow=0 return_oop=0}
                      ; - com.jme3.scene.Node::updateGeometricState@76 (line 271)
                      ; - com.jme3.app.SimpleApplication::update@124 (line 264)
  0x00000147abe05810: ec24 77ff 

  0x00000147abe05814: ;   {other}
  0x00000147abe05814: 0f1f 8400 | 0461 00c6 | bade ffff | ff44 8954 

  0x00000147abe05824: ;   {runtime_call UncommonTrapBlob}
  0x00000147abe05824: 242c 90e8 

  0x00000147abe05828: ; ImmutableOopMap {rbp=NarrowOop [44]=NarrowOop [48]=Oop }
                      ;*checkcast {reexecute=0 rethrow=0 return_oop=0}
                      ; - com.jme3.scene.Node::updateGeometricState@76 (line 271)
                      ; - com.jme3.app.SimpleApplication::update@131 (line 265)
  0x00000147abe05828: d424 77ff 

  0x00000147abe0582c: ;   {other}
  0x00000147abe0582c: 0f1f 8400 | 1c61 00c7 | bade ffff | ff4c 8b5c | 2430 4c89 | 5c24 20c5 | fa10 4424 | 5044 8954 
  0x00000147abe0584c: 242c c5f8 | 28c8 c5fa | 114c 2430 | 448b 5424 | 3844 8954 | 2434 4489 

  0x00000147abe05864: ;   {runtime_call UncommonTrapBlob}
  0x00000147abe05864: 4424 38e8 

  0x00000147abe05868: ; ImmutableOopMap {rbp=NarrowOop [32]=Oop [44]=NarrowOop }
                      ;*checkcast {reexecute=0 rethrow=0 return_oop=0}
                      ; - com.jme3.renderer.RenderManager::render@198 (line 1164)
                      ; - com.jme3.app.SimpleApplication::update@197 (line 272)
  0x00000147abe05868: 9424 77ff 

  0x00000147abe0586c: ;   {other}
  0x00000147abe0586c: 0f1f 8400 | 5c61 00c8 | bade ffff | ff4c 8b54 | 2440 4c89 | 5424 3844 | 8b54 245c | 4489 5424 
  0x00000147abe0588c: 3444 8b5c | 2458 4489 | 5c24 4044 | 8b54 2448 | 4489 5424 | 444c 8b54 | 2468 4c89 | 5424 504c 
  0x00000147abe058ac: 8b54 2470 | 4c89 5424 | 684c 8b54 | 2478 4c89 | 5424 70c5 | fa11 4424 | 7844 8b94 | 2488 0000 
  0x00000147abe058cc: 0044 8954 | 247c 448b | 9c24 8c00 | 0000 4489 | 9c24 8800 | 0000 448b | 9424 9800 | 0000 4489 
  0x00000147abe058ec: 9424 8c00 | 0000 448b | 9c24 9c00 | 0000 4489 | 9c24 9800 

  0x00000147abe05900: ;   {runtime_call UncommonTrapBlob}
  0x00000147abe05900: 0000 90e8 

  0x00000147abe05904: ; ImmutableOopMap {rbp=Oop [32]=Oop [68]=NarrowOop [76]=NarrowOop [80]=Oop [96]=NarrowOop [128]=Oop [140]=NarrowOop [144]=Oop }
                      ;*checkcast {reexecute=0 rethrow=0 return_oop=0}
                      ; - com.jme3.input.InputManager::invokeAnalogs@107 (line 247)
                      ; - com.jme3.input.InputManager::invokeUpdateActions@76 (line 217)
                      ; - com.jme3.input.InputManager::update@106 (line 918)
                      ; - com.jme3.app.LegacyApplication::update@91 (line 724)
                      ; - com.jme3.app.SimpleApplication::update@20 (line 246)
  0x00000147abe05904: f823 77ff 

  0x00000147abe05908: ;   {other}
  0x00000147abe05908: 0f1f 8400 | f861 00c9 | ba9d ffff | ff48 8944 

  0x00000147abe05918: ;   {runtime_call UncommonTrapBlob}
  0x00000147abe05918: 2440 90e8 

  0x00000147abe0591c: ; ImmutableOopMap {rbp=NarrowOop [32]=Oop [56]=Oop [64]=Oop }
                      ;*astore_3 {reexecute=0 rethrow=0 return_oop=0}
                      ; - com.jme3.audio.openal.ALAudioRenderer::update@17 (line 851)
                      ; - com.jme3.app.LegacyApplication::update@131 (line 729)
                      ; - com.jme3.app.SimpleApplication::update@20 (line 246)
  0x00000147abe0591c: e023 77ff 

  0x00000147abe05920: ;   {other}
  0x00000147abe05920: 0f1f 8400 | 1062 00ca | baf6 ffff | ff48 8b6c | 2430 c5fa | 1044 2450 | 4489 5424 | 24c5 f828 
  0x00000147abe05940: c8c5 fa11 | 4c24 2844 | 8944 2434 

  0x00000147abe0594c: ;   {runtime_call UncommonTrapBlob}
  0x00000147abe0594c: 6666 90e8 

  0x00000147abe05950: ; ImmutableOopMap {rbp=Oop [36]=NarrowOop }
                      ;*invokevirtual get {reexecute=0 rethrow=0 return_oop=0}
                      ; - com.jme3.renderer.RenderManager::render@125 (line 1156)
                      ; - com.jme3.app.SimpleApplication::update@197 (line 272)
  0x00000147abe05950: ac23 77ff 

  0x00000147abe05954: ;   {other}
  0x00000147abe05954: 0f1f 8400 | 4462 00cb | baf6 ffff | ff48 8b6c | 2430 c5fa | 104c 2450 | 4489 5424 | 24c5 fa11 
  0x00000147abe05974: 4c24 2844 | 8b5c 2438 | 4489 5c24 | 2c44 8944 | 2430 8974 | 243c 894c | 2440 894c 

  0x00000147abe05990: ;   {runtime_call UncommonTrapBlob}
  0x00000147abe05990: 2444 90e8 

  0x00000147abe05994: ; ImmutableOopMap {rbp=Oop [36]=NarrowOop [60]=NarrowOop }
                      ;*aaload {reexecute=0 rethrow=0 return_oop=0}
                      ; - java.util.ArrayList::elementData@5 (line 412)
                      ; - java.util.ArrayList::get@11 (line 429)
                      ; - com.jme3.renderer.RenderManager::render@125 (line 1156)
                      ; - com.jme3.app.SimpleApplication::update@197 (line 272)
  0x00000147abe05994: 6823 77ff 

  0x00000147abe05998: ;   {other}
  0x00000147abe05998: 0f1f 8400 | 8862 00cc | baf4 ffff | ff48 8b6c | 2430 c5fa | 104c 2450 | 4489 5424 | 24c5 fa11 
  0x00000147abe059b8: 4c24 2889 

  0x00000147abe059bc: ;   {runtime_call UncommonTrapBlob}
  0x00000147abe059bc: 4c24 30e8 

  0x00000147abe059c0: ; ImmutableOopMap {rbp=Oop [36]=NarrowOop }
                      ;*checkcast {reexecute=0 rethrow=0 return_oop=0}
                      ; - com.jme3.renderer.RenderManager::render@128 (line 1156)
                      ; - com.jme3.app.SimpleApplication::update@197 (line 272)
  0x00000147abe059c0: 3c23 77ff 

  0x00000147abe059c4: ;   {other}
  0x00000147abe059c4: 0f1f 8400 | b462 00cd | baf6 ffff | ff48 8b6c | 2430 c5fa | 104c 243c | 4489 5424 | 24c5 fa11 
  0x00000147abe059e4: 4c24 2844 | 8b5c 2438 | 4489 5c24 | 2c44 8944 

  0x00000147abe059f4: ;   {runtime_call UncommonTrapBlob}
  0x00000147abe059f4: 2434 90e8 

  0x00000147abe059f8: ; ImmutableOopMap {rbp=Oop [36]=NarrowOop [72]=Oop }
                      ;*invokevirtual size {reexecute=0 rethrow=0 return_oop=0}
                      ; - com.jme3.renderer.RenderManager::render@114 (line 1155)
                      ; - com.jme3.app.SimpleApplication::update@197 (line 272)
  0x00000147abe059f8: 0423 77ff 

  0x00000147abe059fc: ;   {other}
  0x00000147abe059fc: 0f1f 8400 | ec62 00ce | baf6 ffff | ff48 8b6c | 2420 8974 

  0x00000147abe05a10: ;   {runtime_call UncommonTrapBlob}
  0x00000147abe05a10: 2434 90e8 

  0x00000147abe05a14: ; ImmutableOopMap {rbp=Oop [52]=NarrowOop [80]=NarrowOop }
                      ;*getfield item {reexecute=1 rethrow=0 return_oop=0}
                      ; - (reexecute) java.util.concurrent.ConcurrentLinkedQueue::poll@8 (line 387)
                      ; - com.jme3.app.LegacyApplication::runQueuedTasks@4 (line 699)
                      ; - com.jme3.app.LegacyApplication::update@27 (line 715)
                      ; - com.jme3.app.SimpleApplication::update@20 (line 246)
  0x00000147abe05a14: e822 77ff 

  0x00000147abe05a18: ;   {other}
  0x00000147abe05a18: 0f1f 8400 | 0863 00cf | baf6 ffff | ff48 8b6c | 2420 8974 

  0x00000147abe05a2c: ;   {runtime_call UncommonTrapBlob}
  0x00000147abe05a2c: 242c 90e8 

  0x00000147abe05a30: ; ImmutableOopMap {rbp=Oop [44]=NarrowOop }
                      ;*invokevirtual set {reexecute=0 rethrow=0 return_oop=0}
                      ; - com.jme3.audio.AudioContext::setAudioRenderer@4 (line 44)
                      ; - com.jme3.app.LegacyApplication::update@4 (line 712)
                      ; - com.jme3.app.SimpleApplication::update@20 (line 246)
  0x00000147abe05a30: cc22 77ff 

  0x00000147abe05a34: ;   {other}
  0x00000147abe05a34: 0f1f 8400 | 2463 00d0 | baf6 ffff | ff48 8b6c | 2420 8974 | 242c 4c89 | 5c24 384c | 8944 2440 
  0x00000147abe05a54: 8974 2448 | 4489 4c24 | 504c 895c 

  0x00000147abe05a60: ;   {runtime_call UncommonTrapBlob}
  0x00000147abe05a60: 2458 90e8 

  0x00000147abe05a64: ; ImmutableOopMap {rbp=Oop [44]=NarrowOop [56]=Oop [64]=Oop [72]=NarrowOop [80]=NarrowOop [88]=Oop }
                      ;*arraylength {reexecute=0 rethrow=0 return_oop=0}
                      ; - java.lang.ThreadLocal$ThreadLocalMap::set@6 (line 546)
                      ; - java.lang.ThreadLocal::set@13 (line 265)
                      ; - java.lang.ThreadLocal::set@5 (line 251)
                      ; - com.jme3.audio.AudioContext::setAudioRenderer@4 (line 44)
                      ; - com.jme3.app.LegacyApplication::update@4 (line 712)
                      ; - com.jme3.app.SimpleApplication::update@20 (line 246)
  0x00000147abe05a64: 9822 77ff 

  0x00000147abe05a68: ;   {other}
  0x00000147abe05a68: 0f1f 8400 | 5863 00d1 | baf6 ffff | ff49 8bea 

  0x00000147abe05a78: ;   {runtime_call UncommonTrapBlob}
  0x00000147abe05a78: 6666 90e8 

  0x00000147abe05a7c: ; ImmutableOopMap {rbp=Oop }
                      ;*invokevirtual update {reexecute=0 rethrow=0 return_oop=0}
                      ; - com.jme3.app.LegacyApplication::update@51 (line 720)
                      ; - com.jme3.app.SimpleApplication::update@20 (line 246)
  0x00000147abe05a7c: 8022 77ff 

  0x00000147abe05a80: ;   {other}
  0x00000147abe05a80: 0f1f 8400 | 7063 00d2 | baf6 ffff | ff49 8bea 

  0x00000147abe05a90: ;   {runtime_call UncommonTrapBlob}
  0x00000147abe05a90: 6666 90e8 

  0x00000147abe05a94: ; ImmutableOopMap {rbp=Oop }
                      ;*invokevirtual update {reexecute=0 rethrow=0 return_oop=0}
                      ; - com.jme3.app.LegacyApplication::update@91 (line 724)
                      ; - com.jme3.app.SimpleApplication::update@20 (line 246)
  0x00000147abe05a94: 6822 77ff 

  0x00000147abe05a98: ;   {other}
  0x00000147abe05a98: 0f1f 8400 | 8863 00d3 | baf6 ffff | ff48 8b6c | 2420 4489 

  0x00000147abe05aac: ;   {runtime_call UncommonTrapBlob}
  0x00000147abe05aac: 4424 2ce8 

  0x00000147abe05ab0: ; ImmutableOopMap {rbp=Oop [44]=NarrowOop }
                      ;*invokeinterface getInputTimeNanos {reexecute=0 rethrow=0 return_oop=0}
                      ; - com.jme3.input.InputManager::update@25 (line 901)
                      ; - com.jme3.app.LegacyApplication::update@91 (line 724)
                      ; - com.jme3.app.SimpleApplication::update@20 (line 246)
  0x00000147abe05ab0: 4c22 77ff 

  0x00000147abe05ab4: ;   {other}
  0x00000147abe05ab4: 0f1f 8400 | a463 00d4 | baf6 ffff | ff48 8b6c | 2420 c5fa | 104c 2430 | c5fa 114c | 2428 4c89 
  0x00000147abe05ad4: 4424 3044 | 8954 242c 

  0x00000147abe05adc: ;   {runtime_call UncommonTrapBlob}
  0x00000147abe05adc: 6666 90e8 

  0x00000147abe05ae0: ; ImmutableOopMap {rbp=Oop [44]=NarrowOop }
                      ;*invokeinterface update {reexecute=0 rethrow=0 return_oop=0}
                      ; - com.jme3.input.InputManager::update@50 (line 906)
                      ; - com.jme3.app.LegacyApplication::update@91 (line 724)
                      ; - com.jme3.app.SimpleApplication::update@20 (line 246)
  0x00000147abe05ae0: 1c22 77ff 

  0x00000147abe05ae4: ;   {other}
  0x00000147abe05ae4: 0f1f 8400 | d463 00d5 | baf6 ffff | ff48 8b6c | 2420 c5fa | 104c 2430 | c5fa 114c | 2428 4c89 
  0x00000147abe05b04: 4424 3044 | 8954 242c | 4c89 5c24 

  0x00000147abe05b10: ;   {runtime_call UncommonTrapBlob}
  0x00000147abe05b10: 3866 90e8 

  0x00000147abe05b14: ; ImmutableOopMap {rbp=Oop [44]=NarrowOop [56]=Oop }
                      ;*invokevirtual isRenderable {reexecute=0 rethrow=0 return_oop=0}
                      ; - com.jme3.input.lwjgl.GlfwKeyInput::update@4 (line 156)
                      ; - com.jme3.input.InputManager::update@50 (line 906)
                      ; - com.jme3.app.LegacyApplication::update@91 (line 724)
                      ; - com.jme3.app.SimpleApplication::update@20 (line 246)
  0x00000147abe05b14: e821 77ff 

  0x00000147abe05b18: ;   {other}
  0x00000147abe05b18: 0f1f 8400 | 0864 00d6 | baf6 ffff | ff4c 8944 | 2438 4c89 

  0x00000147abe05b2c: ;   {runtime_call UncommonTrapBlob}
  0x00000147abe05b2c: 5c24 40e8 

  0x00000147abe05b30: ; ImmutableOopMap {rbp=NarrowOop [32]=Oop [52]=NarrowOop [64]=Oop }
                      ;*invokevirtual get {reexecute=0 rethrow=0 return_oop=0}
                      ; - com.jme3.system.lwjgl.LwjglContext::isRenderable@4 (line 497)
                      ; - com.jme3.input.lwjgl.GlfwKeyInput::update@4 (line 156)
                      ; - com.jme3.input.InputManager::update@50 (line 906)
                      ; - com.jme3.app.LegacyApplication::update@91 (line 724)
                      ; - com.jme3.app.SimpleApplication::update@20 (line 246)
  0x00000147abe05b30: cc21 77ff 

  0x00000147abe05b34: ;   {other}
  0x00000147abe05b34: 0f1f 8400 | 2464 00d7 | baf6 ffff | ff48 8b6c | 2420 c5fa | 1044 2430 | c5fa 1144 | 2428 4c89 
  0x00000147abe05b54: 4424 3044 | 8954 242c | 4c89 5c24 

  0x00000147abe05b60: ;   {runtime_call UncommonTrapBlob}
  0x00000147abe05b60: 3866 90e8 

  0x00000147abe05b64: ; ImmutableOopMap {rbp=Oop [44]=NarrowOop [56]=Oop }
                      ;*invokeinterface isEmpty {reexecute=0 rethrow=0 return_oop=0}
                      ; - com.jme3.input.lwjgl.GlfwKeyInput::update@15 (line 160)
                      ; - com.jme3.input.InputManager::update@50 (line 906)
                      ; - com.jme3.app.LegacyApplication::update@91 (line 724)
                      ; - com.jme3.app.SimpleApplication::update@20 (line 246)
  0x00000147abe05b64: 9821 77ff 

  0x00000147abe05b68: ;   {other}
  0x00000147abe05b68: 0f1f 8400 | 5864 00d8 | baf6 ffff | ff48 8b6c | 2420 c5fa | 104c 2430 | c5fa 114c | 2428 4c89 
  0x00000147abe05b88: 4424 3044 | 8954 242c 

  0x00000147abe05b90: ;   {runtime_call UncommonTrapBlob}
  0x00000147abe05b90: 6666 90e8 

  0x00000147abe05b94: ; ImmutableOopMap {rbp=Oop [44]=NarrowOop }
                      ;*invokeinterface update {reexecute=0 rethrow=0 return_oop=0}
                      ; - com.jme3.input.InputManager::update@59 (line 907)
                      ; - com.jme3.app.LegacyApplication::update@91 (line 724)
                      ; - com.jme3.app.SimpleApplication::update@20 (line 246)
  0x00000147abe05b94: 6821 77ff 

  0x00000147abe05b98: ;   {other}
  0x00000147abe05b98: 0f1f 8400 | 8864 00d9 | baf6 ffff | ff48 8b6c | 2420 c5fa | 1044 2430 | c5fa 1144 | 2428 4c89 
  0x00000147abe05bb8: 4424 3044 | 8954 242c | 4c89 5c24 

  0x00000147abe05bc4: ;   {runtime_call UncommonTrapBlob}
  0x00000147abe05bc4: 3866 90e8 

  0x00000147abe05bc8: ; ImmutableOopMap {rbp=Oop [44]=NarrowOop [56]=Oop }
                      ;*invokeinterface isEmpty {reexecute=0 rethrow=0 return_oop=0}
                      ; - com.jme3.input.lwjgl.GlfwMouseInput::update@106 (line 297)
                      ; - com.jme3.input.InputManager::update@59 (line 907)
                      ; - com.jme3.app.LegacyApplication::update@91 (line 724)
                      ; - com.jme3.app.SimpleApplication::update@20 (line 246)
  0x00000147abe05bc8: 3421 77ff 

  0x00000147abe05bcc: ;   {other}
  0x00000147abe05bcc: 0f1f 8400 | bc64 00da | baf6 ffff | ff48 8b6c | 2420 c5fa | 104c 2430 | c5fa 114c | 2428 4c89 
  0x00000147abe05bec: 4424 3044 | 8954 242c | 4c89 5c24 

  0x00000147abe05bf8: ;   {runtime_call UncommonTrapBlob}
  0x00000147abe05bf8: 3866 90e8 

  0x00000147abe05bfc: ; ImmutableOopMap {rbp=Oop [44]=NarrowOop [56]=Oop }
                      ;*invokeinterface isEmpty {reexecute=0 rethrow=0 return_oop=0}
                      ; - com.jme3.input.lwjgl.GlfwMouseInput::update@142 (line 301)
                      ; - com.jme3.input.InputManager::update@59 (line 907)
                      ; - com.jme3.app.LegacyApplication::update@91 (line 724)
                      ; - com.jme3.app.SimpleApplication::update@20 (line 246)
  0x00000147abe05bfc: 0021 77ff 

  0x00000147abe05c00: ;   {other}
  0x00000147abe05c00: 0f1f 8400 | f064 00db | baf6 ffff | ff48 8b6c | 2420 c5fa | 104c 2430 | c5fa 114c | 2428 4489 
  0x00000147abe05c20: ;   {runtime_call UncommonTrapBlob}
  0x00000147abe05c20: 5424 38e8 

  0x00000147abe05c24: ; ImmutableOopMap {rbp=Oop [56]=NarrowOop }
                      ;*invokevirtual iterator {reexecute=0 rethrow=0 return_oop=0}
                      ; - com.jme3.input.InputManager::invokeUpdateActions@4 (line 210)
                      ; - com.jme3.input.InputManager::update@106 (line 918)
                      ; - com.jme3.app.LegacyApplication::update@91 (line 724)
                      ; - com.jme3.app.SimpleApplication::update@20 (line 246)
  0x00000147abe05c24: d820 77ff 

  0x00000147abe05c28: ;   {other}
  0x00000147abe05c28: 0f1f 8400 | 1865 00dc | baf6 ffff | ff48 8b6c | 2420 c5fa | 1044 2430 | c5fa 1144 | 2428 4c8b 
  0x00000147abe05c48: 5c24 404c | 895c 2430 | 4489 5424 | 3844 8944 

  0x00000147abe05c58: ;   {runtime_call UncommonTrapBlob}
  0x00000147abe05c58: 2440 90e8 

  0x00000147abe05c5c: ; ImmutableOopMap {rbp=Oop [56]=NarrowOop [64]=NarrowOop }
                      ;*aaload {reexecute=0 rethrow=0 return_oop=0}
                      ; - com.jme3.util.IntMap$IntMapIterator::beginUse@9 (line 249)
                      ; - com.jme3.util.IntMap::iterator@10 (line 224)
                      ; - com.jme3.input.InputManager::invokeUpdateActions@4 (line 210)
                      ; - com.jme3.input.InputManager::update@106 (line 918)
                      ; - com.jme3.app.LegacyApplication::update@91 (line 724)
                      ; - com.jme3.app.SimpleApplication::update@20 (line 246)
  0x00000147abe05c5c: a020 77ff 

  0x00000147abe05c60: ;   {other}
  0x00000147abe05c60: 0f1f 8400 | 5065 00dd | baf6 ffff | ff48 8b6c | 2420 c5fa | 1044 2430 | c5fa 1144 | 2428 4c8b 
  0x00000147abe05c80: 5c24 404c | 895c 2430 | 897c 242c | 8974 2438 | 4489 5424 | 4044 894c | 2444 4489 

  0x00000147abe05c9c: ;   {runtime_call UncommonTrapBlob}
  0x00000147abe05c9c: 4424 48e8 

  0x00000147abe05ca0: ; ImmutableOopMap {rbp=Oop [64]=NarrowOop [68]=NarrowOop [72]=NarrowOop }
                      ;*invokevirtual iterator {reexecute=0 rethrow=0 return_oop=0}
                      ; - com.jme3.input.InputManager::invokeUpdateActions@86 (line 221)
                      ; - com.jme3.input.InputManager::update@106 (line 918)
                      ; - com.jme3.app.LegacyApplication::update@91 (line 724)
                      ; - com.jme3.app.SimpleApplication::update@20 (line 246)
  0x00000147abe05ca0: 5c20 77ff 

  0x00000147abe05ca4: ;   {other}
  0x00000147abe05ca4: 0f1f 8400 | 9465 00de | baf6 ffff | ff48 8b6c | 2420 c5fa | 104c 2430 | c5fa 114c | 2428 4c8b 
  0x00000147abe05cc4: 5c24 404c | 895c 2430 | 897c 242c | 8974 2438 | 4489 5424 | 4089 5c24 | 4844 894c | 244c 4489 
  0x00000147abe05ce4: ;   {runtime_call UncommonTrapBlob}
  0x00000147abe05ce4: 4424 50e8 

  0x00000147abe05ce8: ; ImmutableOopMap {rbp=Oop [64]=NarrowOop [72]=NarrowOop [76]=NarrowOop [80]=NarrowOop }
                      ;*aaload {reexecute=0 rethrow=0 return_oop=0}
                      ; - com.jme3.util.IntMap$IntMapIterator::beginUse@9 (line 249)
                      ; - com.jme3.util.IntMap::iterator@10 (line 224)
                      ; - com.jme3.input.InputManager::invokeUpdateActions@86 (line 221)
                      ; - com.jme3.input.InputManager::update@106 (line 918)
                      ; - com.jme3.app.LegacyApplication::update@91 (line 724)
                      ; - com.jme3.app.SimpleApplication::update@20 (line 246)
  0x00000147abe05ce8: 1420 77ff 

  0x00000147abe05cec: ;   {other}
  0x00000147abe05cec: 0f1f 8400 | dc65 00df | baf6 ffff | ff49 8bea | 894c 2428 

  0x00000147abe05d00: ;   {runtime_call UncommonTrapBlob}
  0x00000147abe05d00: 6666 90e8 

  0x00000147abe05d04: ; ImmutableOopMap {rbp=Oop [40]=NarrowOop }
                      ;*invokevirtual getTimePerFrame {reexecute=0 rethrow=0 return_oop=0}
                      ; - com.jme3.app.LegacyApplication::update@128 (line 729)
                      ; - com.jme3.app.SimpleApplication::update@20 (line 246)
  0x00000147abe05d04: f81f 77ff 

  0x00000147abe05d08: ;   {other}
  0x00000147abe05d08: 0f1f 8400 | f865 00e0 | baf6 ffff | ff49 8beb 

  0x00000147abe05d18: ;   {runtime_call UncommonTrapBlob}
  0x00000147abe05d18: 6666 90e8 

  0x00000147abe05d1c: ; ImmutableOopMap {rbp=Oop }
                      ;*invokevirtual getTimePerFrame {reexecute=0 rethrow=0 return_oop=0}
                      ; - com.jme3.app.SimpleApplication::update@44 (line 251)
  0x00000147abe05d1c: e01f 77ff 

  0x00000147abe05d20: ;   {other}
  0x00000147abe05d20: 0f1f 8400 | 1066 00e1 | baf6 ffff | ff48 8b6c | 2420 c5fa | 104c 2450 | c5fa 114c 

  0x00000147abe05d3c: ;   {runtime_call UncommonTrapBlob}
  0x00000147abe05d3c: 2424 90e8 

  0x00000147abe05d40: ; ImmutableOopMap {rbp=Oop }
                      ;*invokevirtual updateLogicalState {reexecute=0 rethrow=0 return_oop=0}
                      ; - com.jme3.app.SimpleApplication::update@109 (line 261)
  0x00000147abe05d40: bc1f 77ff 

  0x00000147abe05d44: ;   {other}
  0x00000147abe05d44: 0f1f 8400 | 3466 00e2 | baf6 ffff | ff48 8b6c | 2420 c5fa | 104c 2450 | c5fa 114c | 2424 4c89 
  0x00000147abe05d64: 5424 30c5 | fa11 4c24 | 384c 8954 

  0x00000147abe05d70: ;   {runtime_call UncommonTrapBlob}
  0x00000147abe05d70: 2440 90e8 

  0x00000147abe05d74: ; ImmutableOopMap {rbp=Oop [48]=Oop [64]=Oop }
                      ;*invokevirtual isEmpty {reexecute=0 rethrow=0 return_oop=0}
                      ; - com.jme3.scene.Spatial::runControlUpdate@4 (line 732)
                      ; - com.jme3.scene.Spatial::updateLogicalState@2 (line 880)
                      ; - com.jme3.scene.Node::updateLogicalState@2 (line 231)
                      ; - com.jme3.app.SimpleApplication::update@109 (line 261)
  0x00000147abe05d74: 881f 77ff 

  0x00000147abe05d78: ;   {other}
  0x00000147abe05d78: 0f1f 8400 | 6866 00e3 | baf6 ffff | ffc5 fa10 | 4c24 50c5 | fa11 4c24 

  0x00000147abe05d90: ;   {runtime_call UncommonTrapBlob}
  0x00000147abe05d90: 2466 90e8 

  0x00000147abe05d94: ; ImmutableOopMap {[48]=Oop }
                      ;*invokevirtual updateLogicalState {reexecute=0 rethrow=0 return_oop=0}
                      ; - com.jme3.app.SimpleApplication::update@117 (line 262)
  0x00000147abe05d94: 681f 77ff 

  0x00000147abe05d98: ;   {other}
  0x00000147abe05d98: 0f1f 8400 | 8866 00e4 | baf6 ffff | ff48 8b6c | 2430 c5fa | 104c 2450 | c5fa 114c | 2424 4c89 
  0x00000147abe05db8: 5424 30c5 | fa11 4c24 | 384c 8954 

  0x00000147abe05dc4: ;   {runtime_call UncommonTrapBlob}
  0x00000147abe05dc4: 2440 90e8 

  0x00000147abe05dc8: ; ImmutableOopMap {rbp=Oop [48]=Oop [64]=Oop }
                      ;*invokevirtual isEmpty {reexecute=0 rethrow=0 return_oop=0}
                      ; - com.jme3.scene.Spatial::runControlUpdate@4 (line 732)
                      ; - com.jme3.scene.Spatial::updateLogicalState@2 (line 880)
                      ; - com.jme3.scene.Node::updateLogicalState@2 (line 231)
                      ; - com.jme3.app.SimpleApplication::update@117 (line 262)
  0x00000147abe05dc8: 341f 77ff 

  0x00000147abe05dcc: ;   {other}
  0x00000147abe05dcc: 0f1f 8400 | bc66 00e5 | baf6 ffff 

  0x00000147abe05dd8: ;   {runtime_call UncommonTrapBlob}
  0x00000147abe05dd8: ff66 90e8 

  0x00000147abe05ddc: ; ImmutableOopMap {[48]=Oop }
                      ;*invokevirtual updateGeometricState {reexecute=0 rethrow=0 return_oop=0}
                      ; - com.jme3.app.SimpleApplication::update@124 (line 264)
  0x00000147abe05ddc: 201f 77ff 

  0x00000147abe05de0: ;   {other}
  0x00000147abe05de0: 0f1f 8400 | d066 00e6 | baf6 ffff 

  0x00000147abe05dec: ;   {runtime_call UncommonTrapBlob}
  0x00000147abe05dec: ff66 90e8 

  0x00000147abe05df0: ; ImmutableOopMap {[48]=Oop }
                      ;*invokevirtual updateGeometricState {reexecute=0 rethrow=0 return_oop=0}
                      ; - com.jme3.app.SimpleApplication::update@131 (line 265)
  0x00000147abe05df0: 0c1f 77ff 

  0x00000147abe05df4: ;   {other}
  0x00000147abe05df4: 0f1f 8400 | e466 00e7 | baf6 ffff | ff89 7c24 

  0x00000147abe05e04: ;   {runtime_call UncommonTrapBlob}
  0x00000147abe05e04: 2466 90e8 

  0x00000147abe05e08: ; ImmutableOopMap {[36]=NarrowOop [48]=Oop }
                      ;*invokevirtual render {reexecute=0 rethrow=0 return_oop=0}
                      ; - com.jme3.app.SimpleApplication::update@161 (line 269)
  0x00000147abe05e08: f41e 77ff 

  0x00000147abe05e0c: ;   {other}
  0x00000147abe05e0c: 0f1f 8400 | fc66 00e8 | baf6 ffff | ff48 8b6c | 2430 897c | 2424 4489 | 6c24 2c44 | 894c 2434 
  0x00000147abe05e2c: ;   {runtime_call UncommonTrapBlob}
  0x00000147abe05e2c: 6666 90e8 

  0x00000147abe05e30: ; ImmutableOopMap {rbp=Oop [36]=NarrowOop [44]=NarrowOop [52]=NarrowOop }
                      ;*invokevirtual getArray {reexecute=0 rethrow=0 return_oop=0}
                      ; - com.jme3.app.state.AppStateManager::getStates@11 (line 127)
                      ; - com.jme3.app.state.AppStateManager::render@1 (line 366)
                      ; - com.jme3.app.SimpleApplication::update@161 (line 269)
  0x00000147abe05e30: cc1e 77ff 

  0x00000147abe05e34: ;   {other}
  0x00000147abe05e34: 0f1f 8400 | 2467 00e9 | baf6 ffff | ffc5 fa10 | 4c24 5044 | 894c 2424 | c5fa 114c 

  0x00000147abe05e50: ;   {runtime_call UncommonTrapBlob}
  0x00000147abe05e50: 2428 90e8 

  0x00000147abe05e54: ; ImmutableOopMap {[36]=NarrowOop [48]=Oop }
                      ;*invokeinterface isRenderable {reexecute=0 rethrow=0 return_oop=0}
                      ; - com.jme3.app.SimpleApplication::update@192 (line 272)
  0x00000147abe05e54: a81e 77ff 

  0x00000147abe05e58: ;   {other}
  0x00000147abe05e58: 0f1f 8400 | 4867 00ea | baf6 ffff | ff4c 8b54 | 2430 4c89 | 5424 20c5 | fa10 4c24 | 5044 894c 
  0x00000147abe05e78: 242c c5fa | 114c 2430 

  0x00000147abe05e80: ;   {runtime_call UncommonTrapBlob}
  0x00000147abe05e80: 6666 90e8 

  0x00000147abe05e84: ; ImmutableOopMap {rbp=Oop [32]=Oop [44]=NarrowOop }
                      ;*invokevirtual get {reexecute=0 rethrow=0 return_oop=0}
                      ; - com.jme3.system.lwjgl.LwjglContext::isRenderable@4 (line 497)
                      ; - com.jme3.app.SimpleApplication::update@192 (line 272)
  0x00000147abe05e84: 781e 77ff 

  0x00000147abe05e88: ;   {other}
  0x00000147abe05e88: 0f1f 8400 | 7867 00eb | baf6 ffff | ffc5 fa10 | 4c24 50c5 | fa11 4c24 | 2489 7c24 

  0x00000147abe05ea4: ;   {runtime_call UncommonTrapBlob}
  0x00000147abe05ea4: 2866 90e8 

  0x00000147abe05ea8: ; ImmutableOopMap {[48]=Oop }
                      ;*invokevirtual render {reexecute=0 rethrow=0 return_oop=0}
                      ; - com.jme3.app.SimpleApplication::update@197 (line 272)
  0x00000147abe05ea8: 541e 77ff 

  0x00000147abe05eac: ;   {other}
  0x00000147abe05eac: 0f1f 8400 | 9c67 00ec | baf4 ffff | ffc5 fa10 | 4c24 5044 | 894c 2424 | c5fa 114c | 2428 897c 
  0x00000147abe05ecc: ;   {runtime_call UncommonTrapBlob}
  0x00000147abe05ecc: 242c 90e8 

  0x00000147abe05ed0: ; ImmutableOopMap {[36]=NarrowOop [48]=Oop }
                      ;*instanceof {reexecute=0 rethrow=0 return_oop=0}
                      ; - com.jme3.renderer.RenderManager::render@4 (line 1140)
                      ; - com.jme3.app.SimpleApplication::update@197 (line 272)
  0x00000147abe05ed0: 2c1e 77ff 

  0x00000147abe05ed4: ;   {other}
  0x00000147abe05ed4: 0f1f 8400 | c467 00ed | baf6 ffff | ffc5 fa10 | 4c24 5044 | 894c 2424 | c5fa 114c | 2428 897c 
  0x00000147abe05ef4: ;   {runtime_call UncommonTrapBlob}
  0x00000147abe05ef4: 242c 90e8 

  0x00000147abe05ef8: ; ImmutableOopMap {[36]=NarrowOop [48]=Oop }
                      ;*invokevirtual newFrame {reexecute=0 rethrow=0 return_oop=0}
                      ; - com.jme3.renderer.RenderManager::render@15 (line 1144)
                      ; - com.jme3.app.SimpleApplication::update@197 (line 272)
  0x00000147abe05ef8: 041e 77ff 

  0x00000147abe05efc: ;   {other}
  0x00000147abe05efc: 0f1f 8400 | ec67 00ee | baf6 ffff | ff48 8b6c | 2430 c5fa | 104c 2450 | c5fa 114c | 2428 4489 
  0x00000147abe05f1c: ;   {runtime_call UncommonTrapBlob}
  0x00000147abe05f1c: 5424 34e8 

  0x00000147abe05f20: ; ImmutableOopMap {rbp=Oop [36]=NarrowOop [52]=NarrowOop }
                      ;*invokevirtual getTimePerFrame {reexecute=0 rethrow=0 return_oop=0}
                      ; - com.jme3.shader.UniformBindingManager::newFrame@19 (line 272)
                      ; - com.jme3.renderer.RenderManager::render@15 (line 1144)
                      ; - com.jme3.app.SimpleApplication::update@197 (line 272)
  0x00000147abe05f20: dc1d 77ff 

  0x00000147abe05f24: ;   {other}
  0x00000147abe05f24: 0f1f 8400 | 1468 00ef | baf6 ffff | ffc5 fa10 | 4c24 50c5 | fa11 4c24 

  0x00000147abe05f3c: ;   {runtime_call UncommonTrapBlob}
  0x00000147abe05f3c: 2866 90e8 

  0x00000147abe05f40: ; ImmutableOopMap {[36]=NarrowOop [48]=Oop }
                      ;*invokevirtual size {reexecute=0 rethrow=0 return_oop=0}
                      ; - com.jme3.renderer.RenderManager::render@44 (line 1147)
                      ; - com.jme3.app.SimpleApplication::update@197 (line 272)
  0x00000147abe05f40: bc1d 77ff 

  0x00000147abe05f44: ;   {other}
  0x00000147abe05f44: 0f1f 8400 | 3468 00f0 | baf6 ffff | ffc5 fa10 | 4c24 50c5 | fa11 4c24 

  0x00000147abe05f5c: ;   {runtime_call UncommonTrapBlob}
  0x00000147abe05f5c: 2866 90e8 

  0x00000147abe05f60: ; ImmutableOopMap {[36]=NarrowOop [48]=Oop }
                      ;*invokevirtual size {reexecute=0 rethrow=0 return_oop=0}
                      ; - com.jme3.renderer.RenderManager::render@114 (line 1155)
                      ; - com.jme3.app.SimpleApplication::update@197 (line 272)
  0x00000147abe05f60: 9c1d 77ff 

  0x00000147abe05f64: ;   {other}
  0x00000147abe05f64: 0f1f 8400 | 5468 00f1 | baf6 ffff | ffc5 fa10 | 4424 5044 | 8954 2424 | c5f8 28c8 | c5fa 114c 
  0x00000147abe05f84: ;   {runtime_call UncommonTrapBlob}
  0x00000147abe05f84: 2428 90e8 

  0x00000147abe05f88: ; ImmutableOopMap {[36]=NarrowOop [48]=Oop }
                      ;*invokevirtual size {reexecute=0 rethrow=0 return_oop=0}
                      ; - com.jme3.renderer.RenderManager::render@184 (line 1163)
                      ; - com.jme3.app.SimpleApplication::update@197 (line 272)
  0x00000147abe05f88: 741d 77ff 

  0x00000147abe05f8c: ;   {other}
  0x00000147abe05f8c: 0f1f 8400 | 7c68 00f2 | baf6 ffff | ff48 8b6c | 2430 c5fa | 1044 2450 | 4489 5424 | 24c5 f828 
  0x00000147abe05fac: c8c5 fa11 | 4c24 2889 

  0x00000147abe05fb4: ;   {runtime_call UncommonTrapBlob}
  0x00000147abe05fb4: 5c24 34e8 

  0x00000147abe05fb8: ; ImmutableOopMap {rbp=Oop [36]=NarrowOop }
                      ;*invokevirtual get {reexecute=0 rethrow=0 return_oop=0}
                      ; - com.jme3.renderer.RenderManager::render@195 (line 1164)
                      ; - com.jme3.app.SimpleApplication::update@197 (line 272)
  0x00000147abe05fb8: 441d 77ff 

  0x00000147abe05fbc: ;   {other}
  0x00000147abe05fbc: 0f1f 8400 | ac68 00f3 | baf6 ffff | ff48 8b6c | 2430 c5fa | 1044 2450 | 4489 5424 | 24c5 f828 
  0x00000147abe05fdc: c8c5 fa11 | 4c24 2844 | 8b5c 2438 | 4489 5c24 | 2c89 5c24 | 3089 4c24 | 3c44 8944 | 2440 4489 
  0x00000147abe05ffc: ;   {runtime_call UncommonTrapBlob}
  0x00000147abe05ffc: 4424 44e8 

  0x00000147abe06000: ; ImmutableOopMap {rbp=Oop [36]=NarrowOop [60]=NarrowOop }
                      ;*aaload {reexecute=0 rethrow=0 return_oop=0}
                      ; - java.util.ArrayList::elementData@5 (line 412)
                      ; - java.util.ArrayList::get@11 (line 429)
                      ; - com.jme3.renderer.RenderManager::render@195 (line 1164)
                      ; - com.jme3.app.SimpleApplication::update@197 (line 272)
  0x00000147abe06000: fc1c 77ff 

  0x00000147abe06004: ;   {other}
  0x00000147abe06004: 0f1f 8400 | f468 00f4 | baf4 ffff | ff48 8b6c | 2430 c5fa | 104c 2450 | 4489 5424 | 24c5 fa11 
  0x00000147abe06024: 4c24 2844 | 8944 2430 

  0x00000147abe0602c: ;   {runtime_call UncommonTrapBlob}
  0x00000147abe0602c: 6666 90e8 

  0x00000147abe06030: ; ImmutableOopMap {rbp=Oop [36]=NarrowOop }
                      ;*checkcast {reexecute=0 rethrow=0 return_oop=0}
                      ; - com.jme3.renderer.RenderManager::render@198 (line 1164)
                      ; - com.jme3.app.SimpleApplication::update@197 (line 272)
  0x00000147abe06030: cc1c 77ff 

  0x00000147abe06034: ;   {other}
  0x00000147abe06034: 0f1f 8400 | 2469 00f5 | baf6 ffff 

  0x00000147abe06040: ;   {runtime_call UncommonTrapBlob}
  0x00000147abe06040: ff66 90e8 

  0x00000147abe06044: ; ImmutableOopMap {[48]=Oop }
                      ;*invokevirtual postRender {reexecute=0 rethrow=0 return_oop=0}
                      ; - com.jme3.app.SimpleApplication::update@212 (line 274)
  0x00000147abe06044: b81c 77ff 

  0x00000147abe06048: ;   {other}
  0x00000147abe06048: 0f1f 8400 | 3869 00f6 | baf6 ffff | ff48 8bee | 897c 2428 | 4489 5424 

  0x00000147abe06060: ;   {runtime_call UncommonTrapBlob}
  0x00000147abe06060: 3066 90e8 

  0x00000147abe06064: ; ImmutableOopMap {rbp=Oop [40]=NarrowOop [48]=NarrowOop }
                      ;*invokevirtual getArray {reexecute=0 rethrow=0 return_oop=0}
                      ; - com.jme3.app.state.AppStateManager::getStates@11 (line 127)
                      ; - com.jme3.app.state.AppStateManager::postRender@1 (line 378)
                      ; - com.jme3.app.SimpleApplication::update@212 (line 274)
  0x00000147abe06064: 981c 77ff 

  0x00000147abe06068: ;   {other}
  0x00000147abe06068: 0f1f 8400 | 5869 00f7 | baf6 ffff | ff48 8b6c | 2430 c5fa | 1044 2424 | 4489 5424 | 24c5 f828 
  0x00000147abe06088: c8c5 fa11 | 4c24 2844 | 8b54 2438 | 4489 5424 | 2c44 895c 

  0x00000147abe0609c: ;   {runtime_call UncommonTrapBlob}
  0x00000147abe0609c: 2434 90e8 

  0x00000147abe060a0: ; ImmutableOopMap {rbp=Oop [36]=NarrowOop [72]=Oop }
                      ;*invokevirtual size {reexecute=0 rethrow=0 return_oop=0}
                      ; - com.jme3.renderer.RenderManager::render@184 (line 1163)
                      ; - com.jme3.app.SimpleApplication::update@197 (line 272)
  0x00000147abe060a0: 5c1c 77ff 

  0x00000147abe060a4: ;   {other}
  0x00000147abe060a4: 0f1f 8400 | 9469 00f8 | baf6 ffff | ff44 8954 

  0x00000147abe060b4: ;   {runtime_call UncommonTrapBlob}
  0x00000147abe060b4: 2424 90e8 

  0x00000147abe060b8: ; ImmutableOopMap {[36]=NarrowOop [48]=Oop }
                      ;*invokevirtual isEmpty {reexecute=0 rethrow=0 return_oop=0}
                      ; - com.jme3.scene.Node::updateGeometricState@63 (line 265)
                      ; - com.jme3.app.SimpleApplication::update@124 (line 264)
  0x00000147abe060b8: 441c 77ff 

  0x00000147abe060bc: ;   {other}
  0x00000147abe060bc: 0f1f 8400 | ac69 00f9 | baf6 ffff | ff44 8954 

  0x00000147abe060cc: ;   {runtime_call UncommonTrapBlob}
  0x00000147abe060cc: 2424 90e8 

  0x00000147abe060d0: ; ImmutableOopMap {[36]=NarrowOop [48]=Oop }
                      ;*invokevirtual isEmpty {reexecute=0 rethrow=0 return_oop=0}
                      ; - com.jme3.scene.Node::updateGeometricState@63 (line 265)
                      ; - com.jme3.app.SimpleApplication::update@131 (line 265)
  0x00000147abe060d0: 2c1c 77ff 

  0x00000147abe060d4: ;   {other}
  0x00000147abe060d4: 0f1f 8400 | c469 00fa | baf6 ffff | ff44 8954 | 2428 4489 

  0x00000147abe060e8: ;   {runtime_call UncommonTrapBlob}
  0x00000147abe060e8: 5c24 2ce8 

  0x00000147abe060ec: ; ImmutableOopMap {[40]=NarrowOop [44]=NarrowOop [48]=Oop }
                      ;*invokevirtual set {reexecute=0 rethrow=0 return_oop=0}
                      ; - com.jme3.scene.Spatial::updateWorldTransforms@67 (line 651)
                      ; - com.jme3.scene.Node::updateGeometricState@31 (line 258)
                      ; - com.jme3.app.SimpleApplication::update@124 (line 264)
  0x00000147abe060ec: 101c 77ff 

  0x00000147abe060f0: ;   {other}
  0x00000147abe060f0: 0f1f 8400 | e069 00fb | baf6 ffff | ff48 8b6c | 2430 4489 | 5424 2889 | 7c24 2c44 | 8944 2430 
  0x00000147abe06110: ;   {runtime_call UncommonTrapBlob}
  0x00000147abe06110: 6666 90e8 

  0x00000147abe06114: ; ImmutableOopMap {rbp=Oop [40]=NarrowOop [44]=NarrowOop [48]=NarrowOop }
                      ;*getfield translation {reexecute=1 rethrow=0 return_oop=0}
                      ; - (reexecute) com.jme3.math.Transform::set@5 (line 346)
                      ; - com.jme3.scene.Spatial::updateWorldTransforms@67 (line 651)
                      ; - com.jme3.scene.Node::updateGeometricState@31 (line 258)
                      ; - com.jme3.app.SimpleApplication::update@124 (line 264)
  0x00000147abe06114: e81b 77ff 

  0x00000147abe06118: ;   {other}
  0x00000147abe06118: 0f1f 8400 | 086a 00fc | baf6 ffff | ff48 8b6c | 2430 4489 | 5424 2889 | 7c24 2c44 | 895c 2430 
  0x00000147abe06138: 4489 4424 

  0x00000147abe0613c: ;   {runtime_call UncommonTrapBlob}
  0x00000147abe0613c: 3866 90e8 

  0x00000147abe06140: ; ImmutableOopMap {rbp=Oop [40]=NarrowOop [44]=NarrowOop [48]=NarrowOop [56]=NarrowOop }
                      ;*getfield x {reexecute=1 rethrow=0 return_oop=0}
                      ; - (reexecute) com.jme3.math.Vector3f::set@2 (line 152)
                      ; - com.jme3.math.Transform::set@8 (line 346)
                      ; - com.jme3.scene.Spatial::updateWorldTransforms@67 (line 651)
                      ; - com.jme3.scene.Node::updateGeometricState@31 (line 258)
                      ; - com.jme3.app.SimpleApplication::update@124 (line 264)
  0x00000147abe06140: bc1b 77ff 

  0x00000147abe06144: ;   {other}
  0x00000147abe06144: 0f1f 8400 | 346a 00fd | baf6 ffff | ff48 8b6c | 2430 4489 | 5424 2889 | 7c24 2c44 | 895c 2430 
  0x00000147abe06164: 8974 2438 

  0x00000147abe06168: ;   {runtime_call UncommonTrapBlob}
  0x00000147abe06168: 6666 90e8 

  0x00000147abe0616c: ; ImmutableOopMap {rbp=Oop [40]=NarrowOop [44]=NarrowOop [48]=NarrowOop [56]=NarrowOop }
                      ;*getfield x {reexecute=1 rethrow=0 return_oop=0}
                      ; - (reexecute) com.jme3.math.Quaternion::set@2 (line 149)
                      ; - com.jme3.math.Transform::set@20 (line 347)
                      ; - com.jme3.scene.Spatial::updateWorldTransforms@67 (line 651)
                      ; - com.jme3.scene.Node::updateGeometricState@31 (line 258)
                      ; - com.jme3.app.SimpleApplication::update@124 (line 264)
  0x00000147abe0616c: 901b 77ff 

  0x00000147abe06170: ;   {other}
  0x00000147abe06170: 0f1f 8400 | 606a 00fe | baf6 ffff | ff48 8b6c | 2430 4489 | 5424 2889 | 7c24 2c44 | 895c 2430 
  0x00000147abe06190: 4489 4c24 

  0x00000147abe06194: ;   {runtime_call UncommonTrapBlob}
  0x00000147abe06194: 3866 90e8 

  0x00000147abe06198: ; ImmutableOopMap {rbp=Oop [40]=NarrowOop [44]=NarrowOop [48]=NarrowOop [56]=NarrowOop }
                      ;*getfield x {reexecute=1 rethrow=0 return_oop=0}
                      ; - (reexecute) com.jme3.math.Vector3f::set@2 (line 152)
                      ; - com.jme3.math.Transform::set@32 (line 348)
                      ; - com.jme3.scene.Spatial::updateWorldTransforms@67 (line 651)
                      ; - com.jme3.scene.Node::updateGeometricState@31 (line 258)
                      ; - com.jme3.app.SimpleApplication::update@124 (line 264)
  0x00000147abe06198: 641b 77ff 

  0x00000147abe0619c: ;   {other}
  0x00000147abe0619c: 0f1f 8400 | 8c6a 00ff | baf6 ffff | ff48 8b6c | 2430 4489 | 5424 2889 | 7c24 2c44 | 894c 2430 
  0x00000147abe061bc: ;   {runtime_call UncommonTrapBlob}
  0x00000147abe061bc: 6666 90e8 

  0x00000147abe061c0: ; ImmutableOopMap {rbp=Oop [40]=NarrowOop [44]=NarrowOop [48]=NarrowOop }
                      ;*getfield scale {reexecute=1 rethrow=0 return_oop=0}
                      ; - (reexecute) com.jme3.math.Transform::combineWithParent@5 (line 198)
                      ; - com.jme3.scene.Spatial::updateWorldTransforms@82 (line 652)
                      ; - com.jme3.scene.Node::updateGeometricState@31 (line 258)
                      ; - com.jme3.app.SimpleApplication::update@124 (line 264)
  0x00000147abe061c0: 3c1b 77ff 

  0x00000147abe061c4: ;   {other}
  0x00000147abe061c4: 0f1f 8400 | 0000 0000 | baf6 ffff | ff48 8b6c | 2430 4489 | 5424 2889 | 7c24 2c89 | 4c24 3089 
  0x00000147abe061e4: ;   {runtime_call UncommonTrapBlob}
  0x00000147abe061e4: 7424 38e8 

  0x00000147abe061e8: ; ImmutableOopMap {rbp=Oop [40]=NarrowOop [44]=NarrowOop [48]=NarrowOop [56]=NarrowOop }
                      ;*invokevirtual mult {reexecute=0 rethrow=0 return_oop=0}
                      ; - com.jme3.math.Transform::combineWithParent@24 (line 200)
                      ; - com.jme3.scene.Spatial::updateWorldTransforms@82 (line 652)
                      ; - com.jme3.scene.Node::updateGeometricState@31 (line 258)
                      ; - com.jme3.app.SimpleApplication::update@124 (line 264)
  0x00000147abe061e8: 141b 77ff 

  0x00000147abe061ec: ;   {other}
  0x00000147abe061ec: 0f1f 8400 | 0000 0000 | baf6 ffff | ff44 8954 | 2428 4489 

  0x00000147abe06200: ;   {runtime_call UncommonTrapBlob}
  0x00000147abe06200: 5c24 2ce8 

  0x00000147abe06204: ; ImmutableOopMap {[40]=NarrowOop [44]=NarrowOop [48]=Oop }
                      ;*invokevirtual set {reexecute=0 rethrow=0 return_oop=0}
                      ; - com.jme3.scene.Spatial::updateWorldTransforms@67 (line 651)
                      ; - com.jme3.scene.Node::updateGeometricState@31 (line 258)
                      ; - com.jme3.app.SimpleApplication::update@131 (line 265)
  0x00000147abe06204: f81a 77ff 

  0x00000147abe06208: ;   {other}
  0x00000147abe06208: 0f1f 8400 | 0000 0000 | baf6 ffff | ff48 8b6c | 2430 4489 | 5424 2889 | 7c24 2c44 | 8944 2430 
  0x00000147abe06228: ;   {runtime_call UncommonTrapBlob}
  0x00000147abe06228: 6666 90e8 

  0x00000147abe0622c: ; ImmutableOopMap {rbp=Oop [40]=NarrowOop [44]=NarrowOop [48]=NarrowOop }
                      ;*getfield translation {reexecute=1 rethrow=0 return_oop=0}
                      ; - (reexecute) com.jme3.math.Transform::set@5 (line 346)
                      ; - com.jme3.scene.Spatial::updateWorldTransforms@67 (line 651)
                      ; - com.jme3.scene.Node::updateGeometricState@31 (line 258)
                      ; - com.jme3.app.SimpleApplication::update@131 (line 265)
  0x00000147abe0622c: d01a 77ff 

  0x00000147abe06230: ;   {other}
  0x00000147abe06230: 0f1f 8400 | 0000 0000 | baf6 ffff | ff48 8b6c | 2430 4489 | 5424 2889 | 7c24 2c44 | 895c 2430 
  0x00000147abe06250: 4489 4424 

  0x00000147abe06254: ;   {runtime_call UncommonTrapBlob}
  0x00000147abe06254: 3866 90e8 

  0x00000147abe06258: ; ImmutableOopMap {rbp=Oop [40]=NarrowOop [44]=NarrowOop [48]=NarrowOop [56]=NarrowOop }
                      ;*getfield x {reexecute=1 rethrow=0 return_oop=0}
                      ; - (reexecute) com.jme3.math.Vector3f::set@2 (line 152)
                      ; - com.jme3.math.Transform::set@8 (line 346)
                      ; - com.jme3.scene.Spatial::updateWorldTransforms@67 (line 651)
                      ; - com.jme3.scene.Node::updateGeometricState@31 (line 258)
                      ; - com.jme3.app.SimpleApplication::update@131 (line 265)
  0x00000147abe06258: a41a 77ff 

  0x00000147abe0625c: ;   {other}
  0x00000147abe0625c: 0f1f 8400 | 0000 0000 | baf6 ffff | ff48 8b6c | 2430 4489 | 5424 2889 | 7c24 2c44 | 895c 2430 
  0x00000147abe0627c: 8974 2438 

  0x00000147abe06280: ;   {runtime_call UncommonTrapBlob}
  0x00000147abe06280: 6666 90e8 

  0x00000147abe06284: ; ImmutableOopMap {rbp=Oop [40]=NarrowOop [44]=NarrowOop [48]=NarrowOop [56]=NarrowOop }
                      ;*getfield x {reexecute=1 rethrow=0 return_oop=0}
                      ; - (reexecute) com.jme3.math.Quaternion::set@2 (line 149)
                      ; - com.jme3.math.Transform::set@20 (line 347)
                      ; - com.jme3.scene.Spatial::updateWorldTransforms@67 (line 651)
                      ; - com.jme3.scene.Node::updateGeometricState@31 (line 258)
                      ; - com.jme3.app.SimpleApplication::update@131 (line 265)
  0x00000147abe06284: 781a 77ff 

  0x00000147abe06288: ;   {other}
  0x00000147abe06288: 0f1f 8400 | 0000 0000 | baf6 ffff | ff48 8b6c | 2430 4489 | 5424 2889 | 7c24 2c44 | 895c 2430 
  0x00000147abe062a8: 4489 4c24 

  0x00000147abe062ac: ;   {runtime_call UncommonTrapBlob}
  0x00000147abe062ac: 3866 90e8 

  0x00000147abe062b0: ; ImmutableOopMap {rbp=Oop [40]=NarrowOop [44]=NarrowOop [48]=NarrowOop [56]=NarrowOop }
                      ;*getfield x {reexecute=1 rethrow=0 return_oop=0}
                      ; - (reexecute) com.jme3.math.Vector3f::set@2 (line 152)
                      ; - com.jme3.math.Transform::set@32 (line 348)
                      ; - com.jme3.scene.Spatial::updateWorldTransforms@67 (line 651)
                      ; - com.jme3.scene.Node::updateGeometricState@31 (line 258)
                      ; - com.jme3.app.SimpleApplication::update@131 (line 265)
  0x00000147abe062b0: 4c1a 77ff 

  0x00000147abe062b4: ;   {other}
  0x00000147abe062b4: 0f1f 8400 | 0000 0000 | baf6 ffff | ff48 8b6c | 2430 4489 | 5424 2889 | 7c24 2c44 | 894c 2430 
  0x00000147abe062d4: ;   {runtime_call UncommonTrapBlob}
  0x00000147abe062d4: 6666 90e8 

  0x00000147abe062d8: ; ImmutableOopMap {rbp=Oop [40]=NarrowOop [44]=NarrowOop [48]=NarrowOop }
                      ;*getfield scale {reexecute=1 rethrow=0 return_oop=0}
                      ; - (reexecute) com.jme3.math.Transform::combineWithParent@5 (line 198)
                      ; - com.jme3.scene.Spatial::updateWorldTransforms@82 (line 652)
                      ; - com.jme3.scene.Node::updateGeometricState@31 (line 258)
                      ; - com.jme3.app.SimpleApplication::update@131 (line 265)
  0x00000147abe062d8: 241a 77ff 

  0x00000147abe062dc: ;   {other}
  0x00000147abe062dc: 0f1f 8400 | 0000 0000 | baf6 ffff | ff48 8b6c | 2430 4489 | 5424 2889 | 7c24 2c89 | 4c24 3089 
  0x00000147abe062fc: ;   {runtime_call UncommonTrapBlob}
  0x00000147abe062fc: 7424 38e8 

  0x00000147abe06300: ; ImmutableOopMap {rbp=Oop [40]=NarrowOop [44]=NarrowOop [48]=NarrowOop [56]=NarrowOop }
                      ;*invokevirtual mult {reexecute=0 rethrow=0 return_oop=0}
                      ; - com.jme3.math.Transform::combineWithParent@24 (line 200)
                      ; - com.jme3.scene.Spatial::updateWorldTransforms@82 (line 652)
                      ; - com.jme3.scene.Node::updateGeometricState@31 (line 258)
                      ; - com.jme3.app.SimpleApplication::update@131 (line 265)
  0x00000147abe06300: fc19 77ff 

  0x00000147abe06304: ;   {other}
  0x00000147abe06304: 0f1f 8400 | 0000 0000 | ba45 ffff | ff48 8b6c | 2420 8974 | 242c 4c89 | 5c24 384c | 8944 2440 
  0x00000147abe06324: 8974 2448 | 4489 4c24 

  0x00000147abe0632c: ;   {runtime_call UncommonTrapBlob}
  0x00000147abe0632c: 5066 90e8 

  0x00000147abe06330: ; ImmutableOopMap {rbp=Oop [44]=NarrowOop [56]=Oop [64]=Oop [72]=NarrowOop [80]=NarrowOop }
                      ;*ifnull {reexecute=1 rethrow=0 return_oop=0}
                      ; - (reexecute) java.lang.ThreadLocal::set@7 (line 264)
                      ; - java.lang.ThreadLocal::set@5 (line 251)
                      ; - com.jme3.audio.AudioContext::setAudioRenderer@4 (line 44)
                      ; - com.jme3.app.LegacyApplication::update@4 (line 712)
                      ; - com.jme3.app.SimpleApplication::update@20 (line 246)
  0x00000147abe06330: cc19 77ff 

  0x00000147abe06334: ;   {other}
  0x00000147abe06334: 0f1f 8400 | 0000 0000 | ba45 ffff | ff48 8b6c | 2420 8974 | 242c 4c89 | 5c24 384c | 8944 2440 
  0x00000147abe06354: 8974 2448 | 4489 4c24 | 504c 895c | 2458 897c | 2460 894c | 2464 4489 | 5424 6889 

  0x00000147abe06370: ;   {runtime_call UncommonTrapBlob}
  0x00000147abe06370: 5c24 70e8 

  0x00000147abe06374: ; ImmutableOopMap {rbp=Oop [44]=NarrowOop [56]=Oop [64]=Oop [72]=NarrowOop [80]=NarrowOop [88]=Oop [96]=NarrowOop [112]=NarrowOop }
                      ;*ifnull {reexecute=1 rethrow=0 return_oop=0}
                      ; - (reexecute) java.lang.ThreadLocal$ThreadLocalMap::set@28 (line 550)
                      ; - java.lang.ThreadLocal::set@13 (line 265)
                      ; - java.lang.ThreadLocal::set@5 (line 251)
                      ; - com.jme3.audio.AudioContext::setAudioRenderer@4 (line 44)
                      ; - com.jme3.app.LegacyApplication::update@4 (line 712)
                      ; - com.jme3.app.SimpleApplication::update@20 (line 246)
  0x00000147abe06374: 8819 77ff 

  0x00000147abe06378: ;   {other}
  0x00000147abe06378: 0f1f 8400 | 0000 0000 | ba45 ffff | ff49 8bea | 894c 2428 

  0x00000147abe0638c: ;   {runtime_call UncommonTrapBlob}
  0x00000147abe0638c: 6666 90e8 

  0x00000147abe06390: ; ImmutableOopMap {rbp=Oop [40]=NarrowOop }
                      ;*ifnull {reexecute=1 rethrow=0 return_oop=0}
                      ; - (reexecute) com.jme3.app.LegacyApplication::update@98 (line 727)
                      ; - com.jme3.app.SimpleApplication::update@20 (line 246)
  0x00000147abe06390: 6c19 77ff 

  0x00000147abe06394: ;   {other}
  0x00000147abe06394: 0f1f 8400 | 0000 0000 | ba45 ffff | ff44 8954 | 2428 4489 

  0x00000147abe063a8: ;   {runtime_call UncommonTrapBlob}
  0x00000147abe063a8: 5c24 2ce8 

  0x00000147abe063ac: ; ImmutableOopMap {[40]=NarrowOop [44]=NarrowOop [48]=Oop }
                      ;*ifnonnull {reexecute=1 rethrow=0 return_oop=0}
                      ; - (reexecute) com.jme3.scene.Spatial::updateWorldTransforms@4 (line 645)
                      ; - com.jme3.scene.Node::updateGeometricState@31 (line 258)
                      ; - com.jme3.app.SimpleApplication::update@124 (line 264)
  0x00000147abe063ac: 5019 77ff 

  0x00000147abe063b0: ;   {other}
  0x00000147abe063b0: 0f1f 8400 | 0000 0000 | ba45 ffff | ff4c 8b5c | 2430 4c89 | 5c24 2044 | 8954 2430 | 897c 2434 
  0x00000147abe063d0: 894c 2438 | 4489 4c24 

  0x00000147abe063d8: ;   {runtime_call UncommonTrapBlob}
  0x00000147abe063d8: 3c66 90e8 

  0x00000147abe063dc: ; ImmutableOopMap {rbp=NarrowOop [32]=Oop [48]=NarrowOop [52]=NarrowOop [56]=NarrowOop [60]=NarrowOop }
                      ;*if_acmpne {reexecute=1 rethrow=0 return_oop=0}
                      ; - (reexecute) com.jme3.math.Vector3f::multLocal@2 (line 525)
                      ; - com.jme3.math.Transform::combineWithParent@8 (line 198)
                      ; - com.jme3.scene.Spatial::updateWorldTransforms@82 (line 652)
                      ; - com.jme3.scene.Node::updateGeometricState@31 (line 258)
                      ; - com.jme3.app.SimpleApplication::update@124 (line 264)
  0x00000147abe063dc: 2019 77ff 

  0x00000147abe063e0: ;   {other}
  0x00000147abe063e0: 0f1f 8400 | 0000 0000 | ba45 ffff | ff4c 8b54 | 2430 4c89 | 5424 2044 | 8b54 2438 | 4489 5424 
  0x00000147abe06400: 3044 8b5c | 2440 4489 | 5c24 3448 | 8944 2440 

  0x00000147abe06410: ;   {runtime_call UncommonTrapBlob}
  0x00000147abe06410: 6666 90e8 

  0x00000147abe06414: ; ImmutableOopMap {rbp=NarrowOop [32]=Oop [48]=NarrowOop [52]=NarrowOop [60]=NarrowOop [64]=Oop }
                      ;*if_acmpne {reexecute=1 rethrow=0 return_oop=0}
                      ; - (reexecute) com.jme3.math.Vector3f::addLocal@2 (line 204)
                      ; - com.jme3.math.Transform::combineWithParent@55 (line 208)
                      ; - com.jme3.scene.Spatial::updateWorldTransforms@82 (line 652)
                      ; - com.jme3.scene.Node::updateGeometricState@31 (line 258)
                      ; - com.jme3.app.SimpleApplication::update@124 (line 264)
  0x00000147abe06414: e818 77ff 

  0x00000147abe06418: ;   {other}
  0x00000147abe06418: 0f1f 8400 | 0000 0000 | ba45 ffff | ff44 8954 | 2428 4489 

  0x00000147abe0642c: ;   {runtime_call UncommonTrapBlob}
  0x00000147abe0642c: 4424 2ce8 

  0x00000147abe06430: ; ImmutableOopMap {[40]=NarrowOop [44]=NarrowOop [48]=Oop }
                      ;*ifnonnull {reexecute=1 rethrow=0 return_oop=0}
                      ; - (reexecute) com.jme3.scene.Spatial::updateWorldTransforms@4 (line 645)
                      ; - com.jme3.scene.Node::updateGeometricState@31 (line 258)
                      ; - com.jme3.app.SimpleApplication::update@131 (line 265)
  0x00000147abe06430: cc18 77ff 

  0x00000147abe06434: ;   {other}
  0x00000147abe06434: 0f1f 8400 | 0000 0000 | ba45 ffff | ff4c 8b5c | 2430 4c89 | 5c24 2044 | 8954 2430 | 897c 2434 
  0x00000147abe06454: 894c 2438 | 4489 4c24 

  0x00000147abe0645c: ;   {runtime_call UncommonTrapBlob}
  0x00000147abe0645c: 3c66 90e8 

  0x00000147abe06460: ; ImmutableOopMap {rbp=NarrowOop [32]=Oop [48]=NarrowOop [52]=NarrowOop [56]=NarrowOop [60]=NarrowOop }
                      ;*if_acmpne {reexecute=1 rethrow=0 return_oop=0}
                      ; - (reexecute) com.jme3.math.Vector3f::multLocal@2 (line 525)
                      ; - com.jme3.math.Transform::combineWithParent@8 (line 198)
                      ; - com.jme3.scene.Spatial::updateWorldTransforms@82 (line 652)
                      ; - com.jme3.scene.Node::updateGeometricState@31 (line 258)
                      ; - com.jme3.app.SimpleApplication::update@131 (line 265)
  0x00000147abe06460: 9c18 77ff 

  0x00000147abe06464: ;   {other}
  0x00000147abe06464: 0f1f 8400 | 0000 0000 | ba45 ffff | ff4c 8b54 | 2430 4c89 | 5424 2044 | 8b5c 2438 | 458b d344 
  0x00000147abe06484: 8954 2430 | 448b 5424 | 4044 8954 | 2434 4889 

  0x00000147abe06494: ;   {runtime_call UncommonTrapBlob}
  0x00000147abe06494: 4424 40e8 

  0x00000147abe06498: ; ImmutableOopMap {rbp=NarrowOop [32]=Oop [48]=NarrowOop [52]=NarrowOop [60]=NarrowOop [64]=Oop }
                      ;*if_acmpne {reexecute=1 rethrow=0 return_oop=0}
                      ; - (reexecute) com.jme3.math.Vector3f::addLocal@2 (line 204)
                      ; - com.jme3.math.Transform::combineWithParent@55 (line 208)
                      ; - com.jme3.scene.Spatial::updateWorldTransforms@82 (line 652)
                      ; - com.jme3.scene.Node::updateGeometricState@31 (line 258)
                      ; - com.jme3.app.SimpleApplication::update@131 (line 265)
  0x00000147abe06498: 6418 77ff 

  0x00000147abe0649c: ;   {other}
  0x00000147abe0649c: 0f1f 8400 | 0000 0000 | 488b e8eb | 0848 8be8 | eb03 488b | e8ba 9dff | ffff 448b | 5424 3844 
  0x00000147abe064bc: 8954 242c | 448b 5c24 | 3c44 895c 

  0x00000147abe064c8: ;   {runtime_call UncommonTrapBlob}
  0x00000147abe064c8: 2434 90e8 

  0x00000147abe064cc: ; ImmutableOopMap {rbp=Oop [32]=Oop [44]=NarrowOop [52]=NarrowOop [64]=NarrowOop }
                      ;*astore_2 {reexecute=0 rethrow=0 return_oop=0}
                      ; - com.jme3.app.state.AppStateManager::getStates@20 (line 128)
                      ; - com.jme3.app.state.AppStateManager::render@1 (line 366)
                      ; - com.jme3.app.SimpleApplication::update@161 (line 269)
  0x00000147abe064cc: 3018 77ff 

  0x00000147abe064d0: ;   {other}
  0x00000147abe064d0: 0f1f 8400 | 0000 0000 | 488b e8eb | 0848 8be8 | eb03 488b | e8ba 9dff 

  0x00000147abe064e8: ;   {runtime_call UncommonTrapBlob}
  0x00000147abe064e8: ffff 90e8 

  0x00000147abe064ec: ; ImmutableOopMap {rbp=Oop [32]=Oop [48]=NarrowOop [52]=NarrowOop }
                      ;*astore_2 {reexecute=0 rethrow=0 return_oop=0}
                      ; - com.jme3.app.state.AppStateManager::getStates@20 (line 128)
                      ; - com.jme3.app.state.AppStateManager::postRender@1 (line 378)
                      ; - com.jme3.app.SimpleApplication::update@212 (line 274)
  0x00000147abe064ec: 1018 77ff 

  0x00000147abe064f0: ;   {other}
  0x00000147abe064f0: 0f1f 8400 | 0000 0000 | baf4 ffff | ff48 8b6c | 2420 c5fa | 1044 2430 | c5fa 1144 | 2428 4c8b 
  0x00000147abe06510: 4c24 404c | 894c 2430 | 897c 242c | 894c 2438 | 4489 5424 | 4048 8974 | 2448 4489 | 5c24 4489 
  0x00000147abe06530: 5c24 5044 | 8944 2454 

  0x00000147abe06538: ;   {runtime_call UncommonTrapBlob}
  0x00000147abe06538: 6666 90e8 

  0x00000147abe0653c: ; ImmutableOopMap {rbp=Oop [64]=NarrowOop [72]=Oop [80]=NarrowOop [84]=NarrowOop }
                      ;*checkcast {reexecute=0 rethrow=0 return_oop=0}
                      ; - com.jme3.input.InputManager::invokeUpdateActions@36 (line 213)
                      ; - com.jme3.input.InputManager::update@106 (line 918)
                      ; - com.jme3.app.LegacyApplication::update@91 (line 724)
                      ; - com.jme3.app.SimpleApplication::update@20 (line 246)
  0x00000147abe0653c: c017 77ff 

  0x00000147abe06540: ;   {other}
  0x00000147abe06540: 0f1f 8400 | 0000 0000 | baf6 ffff | ff48 8b6c | 2420 c5fa | 104c 2430 | c5fa 114c | 2428 4c8b 
  0x00000147abe06560: 5424 404c | 8954 2430 | 897c 242c | 448b 5c24 | 5844 895c | 2438 448b | 5424 4844 | 8954 2440 
  0x00000147abe06580: 4889 7424 | 5044 8b54 | 2464 4489 | 5424 444c | 8944 2458 

  0x00000147abe06594: ;   {runtime_call UncommonTrapBlob}
  0x00000147abe06594: 6666 90e8 

  0x00000147abe06598: ; ImmutableOopMap {rbp=Oop [64]=NarrowOop [72]=NarrowOop [76]=NarrowOop [80]=Oop [96]=NarrowOop }
                      ;*invokevirtual get {reexecute=0 rethrow=0 return_oop=0}
                      ; - com.jme3.input.InputManager::invokeAnalogs@5 (line 229)
                      ; - com.jme3.input.InputManager::invokeUpdateActions@76 (line 217)
                      ; - com.jme3.input.InputManager::update@106 (line 918)
                      ; - com.jme3.app.LegacyApplication::update@91 (line 724)
                      ; - com.jme3.app.SimpleApplication::update@20 (line 246)
  0x00000147abe06598: 6417 77ff 

  0x00000147abe0659c: ;   {other}
  0x00000147abe0659c: 0f1f 8400 | 0000 0000 | baf6 ffff | ff4c 8b54 | 2440 4c89 | 5424 3889 | 7c24 3444 | 8b5c 2458 
  0x00000147abe065bc: 4489 5c24 | 4044 8b54 | 2448 4489 | 5424 4448 | 8974 2450 | 4c8b 5424 | 704c 8954 | 2468 4c8b 
  0x00000147abe065dc: 5424 784c | 8954 2470 | 894c 2478 

  0x00000147abe065e8: ;   {runtime_call UncommonTrapBlob}
  0x00000147abe065e8: 6666 90e8 

  0x00000147abe065ec: ; ImmutableOopMap {[32]=Oop [68]=NarrowOop [76]=NarrowOop [80]=Oop [96]=NarrowOop [120]=NarrowOop }
                      ;*aaload {reexecute=0 rethrow=0 return_oop=0}
                      ; - com.jme3.util.IntMap::get@12 (line 142)
                      ; - com.jme3.input.InputManager::invokeAnalogs@5 (line 229)
                      ; - com.jme3.input.InputManager::invokeUpdateActions@76 (line 217)
                      ; - com.jme3.input.InputManager::update@106 (line 918)
                      ; - com.jme3.app.LegacyApplication::update@91 (line 724)
                      ; - com.jme3.app.SimpleApplication::update@20 (line 246)
  0x00000147abe065ec: 1017 77ff 

  0x00000147abe065f0: ;   {other}
  0x00000147abe065f0: 0f1f 8400 | 0000 0000 | c4c1 797e | c2ba f6ff | ffff 488b | 6c24 20c5 | fa10 4424 | 30c5 fa11 
  0x00000147abe06610: 4424 284c | 8b5c 2440 | 4c89 5c24 | 3044 8b44 | 245c 4489 | 4424 2c44 | 8b5c 2458 | 4489 5c24 
  0x00000147abe06630: 3844 8b44 | 2448 4489 | 4424 404c | 8b5c 2468 | 4c89 5c24 | 504c 8b5c | 2470 4c89 | 5c24 584c 
  0x00000147abe06650: 8b5c 2478 | 4c89 5c24 | 6844 8954 | 2470 4c8b | 9424 8000 | 0000 4c89 | 5424 7844 | 8b94 2488 
  0x00000147abe06670: 0000 0044 | 8954 2474 | 898c 2488 

  0x00000147abe0667c: ;   {runtime_call UncommonTrapBlob}
  0x00000147abe0667c: 0000 00e8 

  0x00000147abe06680: ; ImmutableOopMap {rbp=Oop [64]=NarrowOop [72]=NarrowOop [76]=NarrowOop [80]=Oop [96]=NarrowOop [120]=Oop }
                      ;*aaload {reexecute=0 rethrow=0 return_oop=0}
                      ; - java.util.ArrayList::elementData@5 (line 412)
                      ; - java.util.ArrayList::get@11 (line 429)
                      ; - com.jme3.input.InputManager::invokeAnalogs@52 (line 240)
                      ; - com.jme3.input.InputManager::invokeUpdateActions@76 (line 217)
                      ; - com.jme3.input.InputManager::update@106 (line 918)
                      ; - com.jme3.app.LegacyApplication::update@91 (line 724)
                      ; - com.jme3.app.SimpleApplication::update@20 (line 246)
  0x00000147abe06680: 7c16 77ff 

  0x00000147abe06684: ;   {other}
  0x00000147abe06684: 0f1f 8400 | 0000 0000 | c4c1 797e | c3ba f4ff | ffff 488b | 6c24 20c5 | fa10 4424 | 30c5 fa11 
  0x00000147abe066a4: 4424 284c | 8b54 2440 | 4c89 5424 | 3044 8b44 | 245c 4489 | 4424 2c44 | 8b54 2458 | 4489 5424 
  0x00000147abe066c4: 3844 8b44 | 2448 458b | d044 8954 | 2440 4c8b | 5424 684c | 8954 2450 | 4c8b 5424 | 704c 8954 
  0x00000147abe066e4: 2458 4c8b | 5424 784c | 8954 2468 | 4489 5c24 | 704c 8b94 | 2480 0000 | 004c 8954 

  0x00000147abe06700: ;   {runtime_call UncommonTrapBlob}
  0x00000147abe06700: 2478 90e8 

  0x00000147abe06704: ; ImmutableOopMap {rbp=Oop [64]=NarrowOop [72]=NarrowOop [76]=NarrowOop [80]=Oop [96]=NarrowOop [120]=Oop }
                      ;*checkcast {reexecute=0 rethrow=0 return_oop=0}
                      ; - com.jme3.input.InputManager::invokeAnalogs@55 (line 240)
                      ; - com.jme3.input.InputManager::invokeUpdateActions@76 (line 217)
                      ; - com.jme3.input.InputManager::update@106 (line 918)
                      ; - com.jme3.app.LegacyApplication::update@91 (line 724)
                      ; - com.jme3.app.SimpleApplication::update@20 (line 246)
  0x00000147abe06704: f815 77ff 

  0x00000147abe06708: ;   {other}
  0x00000147abe06708: 0f1f 8400 | 0000 0000 | c4c1 797e | c2ba f6ff | ffff 488b | 6c24 20c5 | fa10 4424 | 30c5 fa11 
  0x00000147abe06728: 4424 284c | 8b5c 2440 | 4c89 5c24 | 3044 8b44 | 245c 4489 | 4424 2c44 | 8b5c 2458 | 4489 5c24 
  0x00000147abe06748: 3844 8b44 | 2448 4489 | 4424 404c | 8b5c 2468 | 4c89 5c24 | 504c 8b5c | 2470 4c89 | 5c24 584c 
  0x00000147abe06768: 8b5c 2478 | 4c89 5c24 | 6844 8954 | 2470 4c8b | 9424 8000 | 0000 4c89 | 5424 7844 | 8b94 2488 
  0x00000147abe06788: 0000 0044 | 8954 2474 | 4489 8c24 | 8000 0000 

  0x00000147abe06798: ;   {runtime_call UncommonTrapBlob}
  0x00000147abe06798: 6666 90e8 

  0x00000147abe0679c: ; ImmutableOopMap {rbp=Oop [64]=NarrowOop [72]=NarrowOop [76]=NarrowOop [80]=Oop [96]=NarrowOop [120]=Oop [144]=Oop }
                      ;*invokevirtual size {reexecute=0 rethrow=0 return_oop=0}
                      ; - com.jme3.input.InputManager::invokeAnalogs@69 (line 242)
                      ; - com.jme3.input.InputManager::invokeUpdateActions@76 (line 217)
                      ; - com.jme3.input.InputManager::update@106 (line 918)
                      ; - com.jme3.app.LegacyApplication::update@91 (line 724)
                      ; - com.jme3.app.SimpleApplication::update@20 (line 246)
  0x00000147abe0679c: 6015 77ff 

  0x00000147abe067a0: ;   {other}
  0x00000147abe067a0: 0f1f 8400 | 0000 0000 | c4c1 797e | c0ba f6ff | ffff 488b | 6c24 20c5 | fa10 4424 | 30c5 fa11 
  0x00000147abe067c0: 4424 284c | 8b5c 2440 | 4c89 5c24 | 3044 8b4c | 245c 4489 | 4c24 2c44 | 8b5c 2458 | 4489 5c24 
  0x00000147abe067e0: 3844 8b4c | 2448 4489 | 4c24 404c | 8b5c 2468 | 4c89 5c24 | 504c 8b5c | 2470 4c89 | 5c24 584c 
  0x00000147abe06800: 8b5c 2478 | 4c89 5c24 | 6844 8944 | 2470 4c8b | 9c24 8000 | 0000 4c89 | 5c24 7844 | 8b84 2488 
  0x00000147abe06820: 0000 0044 | 8944 2474 | 448b 9c24 | 8c00 0000 | 4489 9c24 | 8000 0000 | 4c8b 9c24 | 9000 0000 
  0x00000147abe06840: 4c89 9c24 | 8800 0000 | 448b 9c24 | 9c00 0000 | 4489 9c24 | 9000 0000 | 4489 9424 | 9400 0000 
  0x00000147abe06860: 448b 9424 | a800 0000 | 4489 9424 | a400 0000 

  0x00000147abe06870: ;   {runtime_call UncommonTrapBlob}
  0x00000147abe06870: 6666 90e8 

  0x00000147abe06874: ; ImmutableOopMap {rbp=Oop [64]=NarrowOop [72]=NarrowOop [76]=NarrowOop [80]=Oop [96]=NarrowOop [120]=Oop [136]=Oop [152]=NarrowOop }
                      ;*aaload {reexecute=0 rethrow=0 return_oop=0}
                      ; - java.util.ArrayList::elementData@5 (line 412)
                      ; - java.util.ArrayList::get@11 (line 429)
                      ; - com.jme3.input.InputManager::invokeAnalogs@89 (line 244)
                      ; - com.jme3.input.InputManager::invokeUpdateActions@76 (line 217)
                      ; - com.jme3.input.InputManager::update@106 (line 918)
                      ; - com.jme3.app.LegacyApplication::update@91 (line 724)
                      ; - com.jme3.app.SimpleApplication::update@20 (line 246)
  0x00000147abe06874: 8814 77ff 

  0x00000147abe06878: ;   {other}
  0x00000147abe06878: 0f1f 8400 | 0000 0000 | c4c1 797e | c3ba f4ff | ffff 488b | 6c24 20c5 | fa10 4424 | 30c5 fa11 
  0x00000147abe06898: 4424 284c | 8b54 2440 | 4c89 5424 | 3044 8b44 | 245c 4489 | 4424 2c44 | 8b54 2458 | 4489 5424 
  0x00000147abe068b8: 3844 8b44 | 2448 458b | d044 8954 | 2440 4c8b | 5424 684c | 8954 2450 | 4c8b 5424 | 704c 8954 
  0x00000147abe068d8: 2458 4c8b | 5424 784c | 8954 2468 | 4489 5c24 | 704c 8b94 | 2480 0000 | 004c 8954 | 2478 448b 
  0x00000147abe068f8: 9c24 8800 | 0000 4489 | 5c24 7444 | 8b94 248c | 0000 0044 | 8994 2480 | 0000 004c | 8b94 2490 
  0x00000147abe06918: 0000 004c | 8994 2488 

  0x00000147abe06920: ;   {runtime_call UncommonTrapBlob}
  0x00000147abe06920: 0000 00e8 

  0x00000147abe06924: ; ImmutableOopMap {rbp=Oop [64]=NarrowOop [72]=NarrowOop [76]=NarrowOop [80]=Oop [96]=NarrowOop [120]=Oop [136]=Oop [152]=NarrowOop }
                      ;*checkcast {reexecute=0 rethrow=0 return_oop=0}
                      ; - com.jme3.input.InputManager::invokeAnalogs@92 (line 244)
                      ; - com.jme3.input.InputManager::invokeUpdateActions@76 (line 217)
                      ; - com.jme3.input.InputManager::update@106 (line 918)
                      ; - com.jme3.app.LegacyApplication::update@91 (line 724)
                      ; - com.jme3.app.SimpleApplication::update@20 (line 246)
  0x00000147abe06924: d813 77ff 

  0x00000147abe06928: ;   {other}
  0x00000147abe06928: 0f1f 8400 | 0000 0000 | baf6 ffff | ff4c 8b5c | 2440 4c89 | 5c24 3889 | 4c24 3444 | 8954 2444 
  0x00000147abe06948: 4489 4c24 | 4844 8944 

  0x00000147abe06950: ;   {runtime_call UncommonTrapBlob}
  0x00000147abe06950: 244c 90e8 

  0x00000147abe06954: ; ImmutableOopMap {[32]=Oop [68]=NarrowOop [72]=NarrowOop [76]=NarrowOop }
                      ;*aaload {reexecute=0 rethrow=0 return_oop=0}
                      ; - com.jme3.util.IntMap$IntMapIterator::next@78 (line 278)
                      ; - com.jme3.util.IntMap$IntMapIterator::next@1 (line 228)
                      ; - com.jme3.input.InputManager::invokeUpdateActions@18 (line 210)
                      ; - com.jme3.input.InputManager::update@106 (line 918)
                      ; - com.jme3.app.LegacyApplication::update@91 (line 724)
                      ; - com.jme3.app.SimpleApplication::update@20 (line 246)
  0x00000147abe06954: a813 77ff 

  0x00000147abe06958: ;   {other}
  0x00000147abe06958: 0f1f 8400 | 0000 0000 | baf6 ffff | ff4c 8944 | 2438 4489 | 5424 344c | 895c 2440 

  0x00000147abe06974: ;   {runtime_call UncommonTrapBlob}
  0x00000147abe06974: 6666 90e8 

  0x00000147abe06978: ; ImmutableOopMap {rbp=NarrowOop [32]=Oop [52]=NarrowOop [64]=Oop }
                      ;*invokeinterface poll {reexecute=0 rethrow=0 return_oop=0}
                      ; - com.jme3.input.lwjgl.GlfwMouseInput::update@122 (line 298)
                      ; - com.jme3.input.InputManager::update@59 (line 907)
                      ; - com.jme3.app.LegacyApplication::update@91 (line 724)
                      ; - com.jme3.app.SimpleApplication::update@20 (line 246)
  0x00000147abe06978: 8413 77ff 

  0x00000147abe0697c: ;   {other}
  0x00000147abe0697c: 0f1f 8400 | 0000 0000 | baf6 ffff | ff4c 8944 | 2438 4489 | 5424 344c | 895c 2440 

  0x00000147abe06998: ;   {runtime_call UncommonTrapBlob}
  0x00000147abe06998: 6666 90e8 

  0x00000147abe0699c: ; ImmutableOopMap {rbp=NarrowOop [32]=Oop [52]=NarrowOop [64]=Oop }
                      ;*invokeinterface poll {reexecute=0 rethrow=0 return_oop=0}
                      ; - com.jme3.input.lwjgl.GlfwKeyInput::update@31 (line 161)
                      ; - com.jme3.input.InputManager::update@50 (line 906)
                      ; - com.jme3.app.LegacyApplication::update@91 (line 724)
                      ; - com.jme3.app.SimpleApplication::update@20 (line 246)
  0x00000147abe0699c: 6013 77ff 

  0x00000147abe069a0: ;   {other}
  0x00000147abe069a0: 0f1f 8400 | 0000 0000 | baf4 ffff | ff44 8b54 | 2440 4489 

  0x00000147abe069b4: ;   {runtime_call UncommonTrapBlob}
  0x00000147abe069b4: 5424 34e8 

  0x00000147abe069b8: ; ImmutableOopMap {rbp=NarrowOop [32]=Oop [52]=NarrowOop [80]=Oop }
                      ;*checkcast {reexecute=0 rethrow=0 return_oop=0}
                      ; - com.jme3.input.lwjgl.GlfwMouseInput::update@127 (line 298)
                      ; - com.jme3.input.InputManager::update@59 (line 907)
                      ; - com.jme3.app.LegacyApplication::update@91 (line 724)
                      ; - com.jme3.app.SimpleApplication::update@20 (line 246)
  0x00000147abe069b8: 4413 77ff 

  0x00000147abe069bc: ;   {other}
  0x00000147abe069bc: 0f1f 8400 | 0000 0000 | baf6 ffff | ff48 8b6c | 2420 c5fa | 104c 2430 | c5fa 114c | 2428 448b 
  0x00000147abe069dc: 5424 4044 | 8954 242c | 4c89 4424 

  0x00000147abe069e8: ;   {runtime_call UncommonTrapBlob}
  0x00000147abe069e8: 4066 90e8 

  0x00000147abe069ec: ; ImmutableOopMap {rbp=Oop [44]=NarrowOop [64]=Oop [80]=Oop }
                      ;*invokeinterface onMouseMotionEvent {reexecute=0 rethrow=0 return_oop=0}
                      ; - com.jme3.input.lwjgl.GlfwMouseInput::update@130 (line 298)
                      ; - com.jme3.input.InputManager::update@59 (line 907)
                      ; - com.jme3.app.LegacyApplication::update@91 (line 724)
                      ; - com.jme3.app.SimpleApplication::update@20 (line 246)
  0x00000147abe069ec: 1013 77ff 

  0x00000147abe069f0: ;   {other}
  0x00000147abe069f0: 0f1f 8400 | 0000 0000 | baf4 ffff | ff44 8b54 | 2440 4489 

  0x00000147abe06a04: ;   {runtime_call UncommonTrapBlob}
  0x00000147abe06a04: 5424 34e8 

  0x00000147abe06a08: ; ImmutableOopMap {rbp=NarrowOop [32]=Oop [52]=NarrowOop [80]=Oop }
                      ;*checkcast {reexecute=0 rethrow=0 return_oop=0}
                      ; - com.jme3.input.lwjgl.GlfwKeyInput::update@36 (line 161)
                      ; - com.jme3.input.InputManager::update@50 (line 906)
                      ; - com.jme3.app.LegacyApplication::update@91 (line 724)
                      ; - com.jme3.app.SimpleApplication::update@20 (line 246)
  0x00000147abe06a08: f412 77ff 

  0x00000147abe06a0c: ;   {other}
  0x00000147abe06a0c: 0f1f 8400 | 0000 0000 | baf6 ffff | ff48 8b6c | 2420 c5fa | 104c 2430 | c5fa 114c | 2428 448b 
  0x00000147abe06a2c: 5424 4044 | 8954 242c | 4c89 4c24 

  0x00000147abe06a38: ;   {runtime_call UncommonTrapBlob}
  0x00000147abe06a38: 4066 90e8 

  0x00000147abe06a3c: ; ImmutableOopMap {rbp=Oop [44]=NarrowOop [64]=Oop [80]=Oop }
                      ;*invokeinterface onKeyEvent {reexecute=0 rethrow=0 return_oop=0}
                      ; - com.jme3.input.lwjgl.GlfwKeyInput::update@39 (line 161)
                      ; - com.jme3.input.InputManager::update@50 (line 906)
                      ; - com.jme3.app.LegacyApplication::update@91 (line 724)
                      ; - com.jme3.app.SimpleApplication::update@20 (line 246)
  0x00000147abe06a3c: c012 77ff 

  0x00000147abe06a40: ;   {other}
  0x00000147abe06a40: 0f1f 8400 | 0000 0000 | baf6 ffff | ff48 8b6c | 2420 c5fa | 1044 2430 | c5fa 1144 

  0x00000147abe06a5c: ;   {runtime_call UncommonTrapBlob}
  0x00000147abe06a5c: 2428 90e8 

  0x00000147abe06a60: ; ImmutableOopMap {rbp=Oop [64]=NarrowOop [80]=Oop }
                      ;*invokeinterface isEmpty {reexecute=0 rethrow=0 return_oop=0}
                      ; - com.jme3.input.lwjgl.GlfwKeyInput::update@15 (line 160)
                      ; - com.jme3.input.InputManager::update@50 (line 906)
                      ; - com.jme3.app.LegacyApplication::update@91 (line 724)
                      ; - com.jme3.app.SimpleApplication::update@20 (line 246)
  0x00000147abe06a60: 9c12 77ff 

  0x00000147abe06a64: ;   {other}
  0x00000147abe06a64: 0f1f 8400 | 0000 0000 | baf6 ffff | ff48 8b6c | 2420 c5fa | 1044 2430 | c5fa 1144 

  0x00000147abe06a80: ;   {runtime_call UncommonTrapBlob}
  0x00000147abe06a80: 2428 90e8 

  0x00000147abe06a84: ; ImmutableOopMap {rbp=Oop [64]=NarrowOop [80]=Oop }
                      ;*invokeinterface isEmpty {reexecute=0 rethrow=0 return_oop=0}
                      ; - com.jme3.input.lwjgl.GlfwMouseInput::update@106 (line 297)
                      ; - com.jme3.input.InputManager::update@59 (line 907)
                      ; - com.jme3.app.LegacyApplication::update@91 (line 724)
                      ; - com.jme3.app.SimpleApplication::update@20 (line 246)
  0x00000147abe06a84: 7812 77ff 

  0x00000147abe06a88: ;   {other}
  0x00000147abe06a88: 0f1f 8400 | 0000 0000 | baf4 ffff 

  0x00000147abe06a94: ;   {runtime_call UncommonTrapBlob}
  0x00000147abe06a94: ff66 90e8 

  0x00000147abe06a98: ; ImmutableOopMap {[48]=Oop [88]=Oop }
                      ;*checkcast {reexecute=0 rethrow=0 return_oop=0}
                      ; - com.jme3.scene.Node::updateLogicalState@20 (line 241)
                      ; - com.jme3.app.SimpleApplication::update@109 (line 261)
  0x00000147abe06a98: 6412 77ff 

  0x00000147abe06a9c: ;   {other}
  0x00000147abe06a9c: 0f1f 8400 | 0000 0000 | baf4 ffff 

  0x00000147abe06aa8: ;   {runtime_call UncommonTrapBlob}
  0x00000147abe06aa8: ff66 90e8 

  0x00000147abe06aac: ; ImmutableOopMap {[48]=Oop [88]=Oop }
                      ;*checkcast {reexecute=0 rethrow=0 return_oop=0}
                      ; - com.jme3.scene.Node::updateLogicalState@20 (line 241)
                      ; - com.jme3.app.SimpleApplication::update@117 (line 262)
  0x00000147abe06aac: 5012 77ff 

  0x00000147abe06ab0: ;   {other}
  0x00000147abe06ab0: 0f1f 8400 | 0000 0000 | eb53 eb51 | eb3a eb3f | eb44 eb50 | eb55 eb37 | eb35 eb3a | eb38 eb44 
  0x00000147abe06ad0: eb42 eb47 | eb45 eb27 | eb25 eb2a | eb28 eb18 | eb16 eb14 | eb12 eb10 | eb2a eb2f | 488b d0eb 
  0x00000147abe06af0: 3b48 8bd0 | eb36 eb00 | 488b d0eb | 2feb 0048 | 8bd0 eb28 | eb00 488b | d0eb 21eb | 0048 8bd0 
  0x00000147abe06b10: eb1a eb00 | 488b d0eb | 13eb 0048 | 8bd0 eb0c | eb00 488b | d0eb 05eb | 0048 8bd0 | 4881 c4e0 
  0x00000147abe06b30: 0000 005d 

  0x00000147abe06b34: ;   {runtime_call _rethrow_Java}
  0x00000147abe06b34: e9c7 3c86 

  0x00000147abe06b38: ;   {internal_word}
  0x00000147abe06b38: ff49 baaf | 1be0 ab47 | 0100 004d | 8997 7004 

  0x00000147abe06b48: ;   {runtime_call SafepointBlob}
  0x00000147abe06b48: 0000 e931 | 0077 ff48 | 83ec 08c5 | fb11 0424 

  0x00000147abe06b58: ;   {runtime_call StubRoutines (initial stubs)}
  0x00000147abe06b58: e895 a671 | ff41 58e9 | 8697 ffff 

  0x00000147abe06b64: ;   {runtime_call StubRoutines (final stubs)}
  0x00000147abe06b64: e857 9477 | ffe9 f094 | ffff f4f4 
[Stub Code]
  0x00000147abe06b70: ;   {no_reloc}
  0x00000147abe06b70: 48bb 0000 | 0000 0000 

  0x00000147abe06b78: ;   {runtime_call}
  0x00000147abe06b78: 0000 e9fb 

  0x00000147abe06b7c: ;   {static_stub}
  0x00000147abe06b7c: ffff ff48 | bb00 0000 | 0000 0000 

  0x00000147abe06b88: ;   {runtime_call}
  0x00000147abe06b88: 00e9 fbff 

  0x00000147abe06b8c: ;   {static_stub}
  0x00000147abe06b8c: ffff 48bb | a818 40fc | 4701 0000 

  0x00000147abe06b98: ;   {runtime_call I2C/C2I adapters}
  0x00000147abe06b98: e96b 2179 

  0x00000147abe06b9c: ;   {static_stub}
  0x00000147abe06b9c: ff48 bb00 | 0000 0000 

  0x00000147abe06ba4: ;   {runtime_call}
  0x00000147abe06ba4: 0000 00e9 | fbff ffff 

  0x00000147abe06bac: ;   {static_stub}
  0x00000147abe06bac: 48bb 0000 | 0000 0000 

  0x00000147abe06bb4: ;   {runtime_call}
  0x00000147abe06bb4: 0000 e9fb 

  0x00000147abe06bb8: ;   {static_stub}
  0x00000147abe06bb8: ffff ff48 | bb00 0000 | 0000 0000 

  0x00000147abe06bc4: ;   {runtime_call}
  0x00000147abe06bc4: 00e9 fbff 

  0x00000147abe06bc8: ;   {static_stub}
  0x00000147abe06bc8: ffff 48bb | 0000 0000 | 0000 0000 

  0x00000147abe06bd4: ;   {runtime_call}
  0x00000147abe06bd4: e9fb ffff 

  0x00000147abe06bd8: ;   {static_stub}
  0x00000147abe06bd8: ff48 bb00 | 0000 0000 

  0x00000147abe06be0: ;   {runtime_call}
  0x00000147abe06be0: 0000 00e9 | fbff ffff 

  0x00000147abe06be8: ;   {static_stub}
  0x00000147abe06be8: 48bb 0000 | 0000 0000 

  0x00000147abe06bf0: ;   {runtime_call}
  0x00000147abe06bf0: 0000 e9fb 

  0x00000147abe06bf4: ;   {static_stub}
  0x00000147abe06bf4: ffff ff48 | bb00 0000 | 0000 0000 

  0x00000147abe06c00: ;   {runtime_call}
  0x00000147abe06c00: 00e9 fbff 

  0x00000147abe06c04: ;   {static_stub}
  0x00000147abe06c04: ffff 48bb | 0000 0000 | 0000 0000 

  0x00000147abe06c10: ;   {runtime_call}
  0x00000147abe06c10: e9fb ffff 

  0x00000147abe06c14: ;   {static_stub}
  0x00000147abe06c14: ff48 bb00 | 0000 0000 

  0x00000147abe06c1c: ;   {runtime_call}
  0x00000147abe06c1c: 0000 00e9 | fbff ffff 

  0x00000147abe06c24: ;   {static_stub}
  0x00000147abe06c24: 48bb 0000 | 0000 0000 

  0x00000147abe06c2c: ;   {runtime_call}
  0x00000147abe06c2c: 0000 e9fb 

  0x00000147abe06c30: ;   {static_stub}
  0x00000147abe06c30: ffff ff48 | bb00 0000 | 0000 0000 

  0x00000147abe06c3c: ;   {runtime_call}
  0x00000147abe06c3c: 00e9 fbff 

  0x00000147abe06c40: ;   {static_stub}
  0x00000147abe06c40: ffff 48bb | 0000 0000 | 0000 0000 

  0x00000147abe06c4c: ;   {runtime_call}
  0x00000147abe06c4c: e9fb ffff 

  0x00000147abe06c50: ;   {static_stub}
  0x00000147abe06c50: ff48 bb00 | 0000 0000 

  0x00000147abe06c58: ;   {runtime_call}
  0x00000147abe06c58: 0000 00e9 | fbff ffff 

  0x00000147abe06c60: ;   {static_stub}
  0x00000147abe06c60: 48bb 0000 | 0000 0000 

  0x00000147abe06c68: ;   {runtime_call}
  0x00000147abe06c68: 0000 e9fb 

  0x00000147abe06c6c: ;   {static_stub}
  0x00000147abe06c6c: ffff ff48 | bb00 0000 | 0000 0000 

  0x00000147abe06c78: ;   {runtime_call}
  0x00000147abe06c78: 00e9 fbff 

  0x00000147abe06c7c: ;   {static_stub}
  0x00000147abe06c7c: ffff 48bb | 0000 0000 | 0000 0000 

  0x00000147abe06c88: ;   {runtime_call}
  0x00000147abe06c88: e9fb ffff 

  0x00000147abe06c8c: ;   {static_stub}
  0x00000147abe06c8c: ff48 bb00 | 0000 0000 

  0x00000147abe06c94: ;   {runtime_call}
  0x00000147abe06c94: 0000 00e9 | fbff ffff 

  0x00000147abe06c9c: ;   {static_stub}
  0x00000147abe06c9c: 48bb 0000 | 0000 0000 

  0x00000147abe06ca4: ;   {runtime_call}
  0x00000147abe06ca4: 0000 e9fb 

  0x00000147abe06ca8: ;   {static_stub}
  0x00000147abe06ca8: ffff ff48 | bb00 0000 | 0000 0000 

  0x00000147abe06cb4: ;   {runtime_call}
  0x00000147abe06cb4: 00e9 fbff 

  0x00000147abe06cb8: ;   {static_stub}
  0x00000147abe06cb8: ffff 48bb | 0000 0000 | 0000 0000 

  0x00000147abe06cc4: ;   {runtime_call}
  0x00000147abe06cc4: e9fb ffff 

  0x00000147abe06cc8: ;   {static_stub}
  0x00000147abe06cc8: ff48 bb00 | 0000 0000 

  0x00000147abe06cd0: ;   {runtime_call}
  0x00000147abe06cd0: 0000 00e9 | fbff ffff 

  0x00000147abe06cd8: ;   {static_stub}
  0x00000147abe06cd8: 48bb 0000 | 0000 0000 

  0x00000147abe06ce0: ;   {runtime_call}
  0x00000147abe06ce0: 0000 e9fb 

  0x00000147abe06ce4: ;   {runtime_call ExceptionBlob}
  0x00000147abe06ce4: ffff ffe9 | 94cb 85ff 
[Deopt Handler Code]
  0x00000147abe06cec: e800 0000 | 0048 832c 

  0x00000147abe06cf4: ;   {runtime_call DeoptimizationBlob}
  0x00000147abe06cf4: 2405 e925 | 1377 fff4 | f4f4 f4f4 
[/MachCode]


Compiled method (c2) 34248 4369   !   4       com.jme3.system.lwjgl.LwjglWindow::runLoop (220 bytes)
 total in heap  [0x00000147abe0f310,0x00000147abe10dd0] = 6848
 relocation     [0x00000147abe0f468,0x00000147abe0f5d8] = 368
 main code      [0x00000147abe0f5e0,0x00000147abe100e8] = 2824
 stub code      [0x00000147abe100e8,0x00000147abe10178] = 144
 oops           [0x00000147abe10178,0x00000147abe101a8] = 48
 metadata       [0x00000147abe101a8,0x00000147abe10370] = 456
 scopes data    [0x00000147abe10370,0x00000147abe108a8] = 1336
 scopes pcs     [0x00000147abe108a8,0x00000147abe10bf8] = 848
 dependencies   [0x00000147abe10bf8,0x00000147abe10c78] = 128
 handler table  [0x00000147abe10c78,0x00000147abe10d50] = 216
 nul chk table  [0x00000147abe10d50,0x00000147abe10dd0] = 128

[Constant Pool (empty)]

[MachCode]
[Entry Point]
  # {method} {0x00000147fcb16d98} 'runLoop' '()V' in 'com/jme3/system/lwjgl/LwjglWindow'
  #           [sp+0x80]  (sp of caller)
  0x00000147abe0f5e0: 448b 5208 | 49bb 0000 | 00bb 4701 | 0000 4d03 | d349 3bc2 

  0x00000147abe0f5f4: ;   {runtime_call ic_miss_stub}
  0x00000147abe0f5f4: 0f85 86f3 | 75ff 6690 | 0f1f 4000 
[Verified Entry Point]
  0x00000147abe0f600: 8984 2400 | 80ff ff55 | 4883 ec70 | 4181 7f20 | 0500 0000 | 0f85 c40a | 0000 4889 | 5424 3044 
  0x00000147abe0f620: 8b52 5445 | 85d2 0f84 | 2f05 0000 | 4533 db47 | 875c d40c | 4585 db0f | 852f 0600 | 0044 8b52 
  0x00000147abe0f640: 1047 8b5c | d40c 4585 | db0f 843d | 0600 0044 | 8b52 3047 | 8b44 d408 

  0x00000147abe0f658: ;   {metadata('com/csproject/jMEMain')}
  0x00000147abe0f658: 4181 f898 | 1900 010f | 850f 0500 | 004b 8d14 

  0x00000147abe0f668: ;   {optimized virtual_call}
  0x00000147abe0f668: d466 90e8 

  0x00000147abe0f66c: ; ImmutableOopMap {[48]=Oop }
                      ;*invokeinterface update {reexecute=0 rethrow=0 return_oop=0}
                      ; - com.jme3.system.lwjgl.LwjglWindow::runLoop@37 (line 530)
  0x00000147abe0f66c: d009 ffff 

  0x00000147abe0f670: ;   {other}
  0x00000147abe0f670: 0f1f 8400 | 6003 0000 | 4c8b 5424 | 3045 8b52 | 1447 8b5c | d40c 4585 | db0f 8425 | 0600 004c 
  0x00000147abe0f690: 8b54 2430 | 450f b652 | 4e45 85d2 | 0f84 3a06 | 0000 4c8b | 5424 3045 | 0fb6 5a4d | 4585 db0f 
  0x00000147abe0f6b0: 8443 0600 | 0049 8b52 | 4048 85d2 | 0f84 5206 | 0000 49b8 | 501b 1537 | ff7f 0000 

  0x00000147abe0f6cc: ;   {static_call}
  0x00000147abe0f6cc: 488b eae8 

  0x00000147abe0f6d0: ; ImmutableOopMap {[48]=Oop }
                      ;*invokestatic invokePV {reexecute=0 rethrow=0 return_oop=0}
                      ; - org.lwjgl.glfw.GLFW::glfwSwapBuffers@17 (line 4565)
                      ; - com.jme3.system.lwjgl.LwjglWindow::runLoop@70 (line 539)
  0x00000147abe0f6d0: 6cc9 efff 

  0x00000147abe0f6d4: ;   {other}
  0x00000147abe0f6d4: 0f1f 8400 | c403 0001 | 4c8b 5424 | 3045 8b52 | 2c47 8b44 

  0x00000147abe0f6e8: ;   {metadata('com/jme3/renderer/opengl/GLRenderer')}
  0x00000147abe0f6e8: d408 4181 | f8a8 dc18 | 010f 8599 | 0400 0049 | c1e2 0341 | 8b5a 4c45 | 8b5c dc14 

  0x00000147abe0f704: ; implicit exception: dispatches to 0x00000147abe0ff80
  0x00000147abe0f704: 478b 4cdc | 0c47 8b5c | dc10 453b | cb0f 8595 | 0400 0045 | 8b5c dc0c 

  0x00000147abe0f71c: ; implicit exception: dispatches to 0x00000147abe0ffa0
  0x00000147abe0f71c: 478b 4cdc 

  0x00000147abe0f720: ;   {metadata('java/lang/ref/ReferenceQueue')}
  0x00000147abe0f720: 0841 81f9 | b89d 0300 | 0f85 9e04 | 0000 49c1 | e303 453b | 630c 0f85 | 3c03 0000 

  0x00000147abe0f73c: ;   {oop(a 'com/jme3/opencl/OpenCLObjectManager'{0x0000000707a000c0})}
  0x00000147abe0f73c: 49bb c000 | a007 0700 | 0000 458b | 4310 478b | 5cc4 0c47 | 8b4c dc14 | 4585 c90f | 85b7 0400 
  0x00000147abe0f75c: ;   {oop(a 'java/util/logging/Logger'{0x0000000707a000d8})}
  0x00000147abe0f75c: 0049 bbd8 | 00a0 0707 | 0000 0045 | 8b43 1047 | 8b5c c40c 

  0x00000147abe0f770: ;   {oop(a 'java/util/logging/Level'{0x00000007049c1060})}
  0x00000147abe0f770: 49b8 6010 | 9c04 0700 | 0000 458b | 480c 453b | cb0f 8dc7 | 0200 0045 | 8b5a 6447 | 8b4c dc08 
  0x00000147abe0f790: ;   {metadata('com/jme3/renderer/lwjgl/LwjglGL')}
  0x00000147abe0f790: 4181 f9e8 | cd18 010f | 8557 0400 | 004c 8b54 | 2430 450f | b652 4d45 | 85d2 0f84 | 9005 0000 
  0x00000147abe0f7b0: 4c8b 5424 | 3045 8b42 | 4841 8b4a | 1845 8b4c | cc24 438b | 5ccc 0c85 | db0f 8671 | 0400 0044 
  0x00000147abe0f7d0: 8d53 ff4b | 8d14 cc49 

  0x00000147abe0f7d8: ;   {oop("FrameRate"{0x000000071236bdd8})}
  0x00000147abe0f7d8: 8d3c cc49 | bbd8 bd36 | 1207 0000 | 0041 8b73 | 0c85 f60f | 858e 0000 | 0041 0fb6 | 7311 85f6 
  0x00000147abe0f7f8: 0f85 4502 | 0000 4889 | 7c24 2048 | 8954 2418 | 4489 5424 | 1089 5c24 | 0c44 894c | 2408 894c 
  0x00000147abe0f818: 2404 4489 

  0x00000147abe0f81c: ;   {oop([B{0x000000071236bdf0})}
  0x00000147abe0f81c: 0424 48ba | f0bd 3612 | 0700 0000 | 488b 6c24 

  0x00000147abe0f82c: ;   {static_call}
  0x00000147abe0f82c: 1866 90e8 

  0x00000147abe0f830: ; ImmutableOopMap {rbp=Oop [4]=NarrowOop [8]=NarrowOop [32]=Oop [48]=Oop }
                      ;*invokestatic hashCode {reexecute=0 rethrow=0 return_oop=0}
                      ; - java.lang.String::hashCode@27 (line 2411)
                      ; - java.util.HashMap::hash@9 (line 338)
                      ; - java.util.HashMap::getNode@23 (line 576)
                      ; - java.util.HashMap::get@2 (line 564)
                      ; - com.jme3.system.AppSettings::getInteger@2 (line 485)
                      ; - com.jme3.system.AppSettings::getFrameRate@3 (line 917)
                      ; - com.jme3.system.lwjgl.LwjglWindow::runLoop@120 (line 553)
  0x00000147abe0f830: 4c00 76ff 

  0x00000147abe0f834: ;   {other}
  0x00000147abe0f834: 0f1f 8400 | 2405 0002 | 85c0 0f84 | e402 0000 

  0x00000147abe0f844: ;   {oop("FrameRate"{0x000000071236bdd8})}
  0x00000147abe0f844: 49ba d8bd | 3612 0700 | 0000 4189 | 420c 448b | d841 c1eb | 1044 33d8 | 448b 5424 | 1045 23d3 
  0x00000147abe0f864: 448b 0424 | 8b4c 2404 | 448b 4c24 | 088b 5c24 | 0c48 8bd5 | 488b 7c24 | 20eb 0d44 | 8bde 41c1 
  0x00000147abe0f884: eb10 4433 | de45 23d3 | 428b 4492 | 1045 8b54 | c40c 498d | 34c4 453b | d30f 8428 | 0100 0041 
  0x00000147abe0f8a4: 8b6c c418 | 85ed 0f84 | e804 0000 | 458b 54c4 

  0x00000147abe0f8b4: ;   {metadata('java/util/HashMap$TreeNode')}
  0x00000147abe0f8b4: 0841 81fa | c8b1 1500 | 0f84 f604 | 0000 4d8d | 2cec 458b | 550c 453b | d374 1c41 | 8b6d 184d 
  0x00000147abe0f8d4: 8b97 6004 

  0x00000147abe0f8d8: ; ImmutableOopMap {r9=NarrowOop rcx=NarrowOop rdi=Oop rdx=Oop rsi=Oop rax=NarrowOop rbp=NarrowOop [48]=Oop }
                      ;*ifnonnull {reexecute=1 rethrow=0 return_oop=0}
                      ; - (reexecute) java.util.HashMap::getNode@145 (line 587)
                      ; - java.util.HashMap::get@2 (line 564)
                      ; - com.jme3.system.AppSettings::getInteger@2 (line 485)
                      ; - com.jme3.system.AppSettings::getFrameRate@3 (line 917)
                      ; - com.jme3.system.lwjgl.LwjglWindow::runLoop@120 (line 553)
                      ;   {poll}
  0x00000147abe0f8d8: 0000 4185 | 0285 ed0f | 84b3 0400 | 004d 8d2c | eceb db41 

  0x00000147abe0f8ec: ;   {oop("FrameRate"{0x000000071236bdd8})}
  0x00000147abe0f8ec: 8b6d 1081 | fdbb d746 | e274 6b89 | 4424 4c4c | 896c 2450 | 895c 2448 | 4489 4c24 | 4489 4c24 
  0x00000147abe0f90c: 4044 8944 | 243c 4489 | 5c24 384c | 8bc5 49c1 | e003 4889 | 7c24 0848 | 897c 2410 | 4889 5424 
  0x00000147abe0f92c: 2048 8974 

  0x00000147abe0f930: ;   {oop("FrameRate"{0x000000071236bdd8})}
  0x00000147abe0f930: 2428 48ba | d8bd 3612 | 0700 0000 

  0x00000147abe0f93c: ;   {optimized virtual_call}
  0x00000147abe0f93c: 6666 90e8 

  0x00000147abe0f940: ; ImmutableOopMap {rbp=NarrowOop [8]=Oop [16]=Oop [32]=Oop [40]=Oop [48]=Oop [64]=NarrowOop [68]=NarrowOop [76]=NarrowOop [80]=Oop }
                      ;*invokevirtual equals {reexecute=0 rethrow=0 return_oop=0}
                      ; - java.util.HashMap::getNode@128 (line 585)
                      ; - java.util.HashMap::get@2 (line 564)
                      ; - com.jme3.system.AppSettings::getInteger@2 (line 485)
                      ; - com.jme3.system.AppSettings::getFrameRate@3 (line 917)
                      ; - com.jme3.system.lwjgl.LwjglWindow::runLoop@120 (line 553)
  0x00000147abe0f940: 3cf5 75ff 

  0x00000147abe0f944: ;   {other}
  0x00000147abe0f944: 0f1f 8400 | 3406 0004 | 85c0 0f84 | d404 0000 | 448b 4424 | 3c8b 4c24 | 404c 8b6c | 2450 498b 
  0x00000147abe0f964: f544 8b5e | 1447 8b54 

  0x00000147abe0f96c: ;   {metadata('java/lang/Integer')}
  0x00000147abe0f96c: dc08 4181 | fa68 fe01 | 000f 8561 | 0500 004f | 8d14 dc45 | 8b5a 0c45 | 3bc3 0f85 | d003 0000 
  0x00000147abe0f98c: 4c8b 5424 | 3045 8b52 | 4845 85d2 | 0f8f de03 | 0000 48ba | a068 1537 | ff7f 0000 

  0x00000147abe0f9a8: ;   {static_call}
  0x00000147abe0f9a8: 6666 90e8 

  0x00000147abe0f9ac: ; ImmutableOopMap {[48]=Oop }
                      ;*invokestatic invokeV {reexecute=0 rethrow=0 return_oop=0}
                      ; - org.lwjgl.glfw.GLFW::glfwPollEvents@8 (line 3094)
                      ; - com.jme3.system.lwjgl.LwjglWindow::runLoop@216 (line 576)
  0x00000147abe0f9ac: 10d2 efff 

  0x00000147abe0f9b0: ;   {other}
  0x00000147abe0f9b0: 0f1f 8400 | a006 0005 | 4883 c470 

  0x00000147abe0f9bc: ;   {poll_return}
  0x00000147abe0f9bc: 5d49 3ba7 | 5804 0000 | 0f87 fe06 | 0000 c341 | 8b6c c410 

  0x00000147abe0f9d0: ;   {oop("FrameRate"{0x000000071236bdd8})}
  0x00000147abe0f9d0: 81fd bbd7 | 46e2 748d | 8944 2444 | 4889 7424 | 4889 5c24 | 4044 894c | 243c 894c | 2438 4489 
  0x00000147abe0f9f0: 4424 2c44 | 895c 2428 | 4c8b c549 | c1e0 0348 | 897c 2408 | 4889 7c24 | 1048 8954 

  0x00000147abe0fa0c: ;   {oop("FrameRate"{0x000000071236bdd8})}
  0x00000147abe0fa0c: 2420 48ba | d8bd 3612 | 0700 0000 

  0x00000147abe0fa18: ;   {optimized virtual_call}
  0x00000147abe0fa18: 6666 90e8 

  0x00000147abe0fa1c: ; ImmutableOopMap {rbp=NarrowOop [8]=Oop [16]=Oop [32]=Oop [48]=Oop [56]=NarrowOop [60]=NarrowOop [68]=NarrowOop [72]=Oop }
                      ;*invokevirtual equals {reexecute=0 rethrow=0 return_oop=0}
                      ; - java.util.HashMap::getNode@63 (line 578)
                      ; - java.util.HashMap::get@2 (line 564)
                      ; - com.jme3.system.AppSettings::getInteger@2 (line 485)
                      ; - com.jme3.system.AppSettings::getFrameRate@3 (line 917)
                      ; - com.jme3.system.lwjgl.LwjglWindow::runLoop@120 (line 553)
  0x00000147abe0fa1c: 60f4 75ff 

  0x00000147abe0fa20: ;   {other}
  0x00000147abe0fa20: 0f1f 8400 | 1007 0006 | 85c0 0f84 | c603 0000 | 448b 4424 | 2c8b 4c24 | 3848 8b74 | 2448 e922 
  0x00000147abe0fa40: ffff ff45 | 33db 4533 | d2e9 3efe | ffff 4181 | fbff ffff | 7f0f 842c | fdff ffba | 45ff ffff 
  0x00000147abe0fa60: 488b 6c24 | 304c 8914 

  0x00000147abe0fa68: ;   {runtime_call UncommonTrapBlob}
  0x00000147abe0fa68: 2466 90e8 

  0x00000147abe0fa6c: ; ImmutableOopMap {rbp=Oop [0]=Oop }
                      ;*ifne {reexecute=1 rethrow=0 return_oop=0}
                      ; - (reexecute) java.util.logging.Logger::log@5 (line 1029)
                      ; - com.jme3.opencl.OpenCLObjectManager::deleteUnusedObjects@18 (line 84)
                      ; - com.jme3.renderer.opengl.GLRenderer::postFrame@11 (line 1118)
                      ; - com.jme3.system.lwjgl.LwjglWindow::runLoop@100 (line 549)
  0x00000147abe0fa6c: 9082 76ff 

  0x00000147abe0fa70: ;   {other}
  0x00000147abe0fa70: 0f1f 8400 | 6007 0007 | 458b 4318 | 4585 c00f | 84d3 0300 | 004c 895c | 2420 4c89 | 5424 1848 
  0x00000147abe0fa90: ff74 2430 | 488f 4424 | 084b 8d14 | c449 8d2c | dc89 5c24 

  0x00000147abe0faa4: ;   {optimized virtual_call}
  0x00000147abe0faa4: 1066 90e8 

  0x00000147abe0faa8: ; ImmutableOopMap {rbp=Oop [8]=Oop [16]=NarrowOop [24]=Oop [32]=Oop [48]=Oop }
                      ;*invokevirtual lock {reexecute=0 rethrow=0 return_oop=0}
                      ; - java.lang.ref.ReferenceQueue::poll@13 (line 182)
                      ; - com.jme3.util.NativeObjectManager::deleteUnused@54 (line 183)
                      ; - com.jme3.renderer.opengl.GLRenderer::postFrame@5 (line 1117)
                      ; - com.jme3.system.lwjgl.LwjglWindow::runLoop@100 (line 549)
  0x00000147abe0faa8: d4f3 75ff 

  0x00000147abe0faac: ;   {other}
  0x00000147abe0faac: 0f1f 8400 | 9c07 0008 | 488b 5424 

  0x00000147abe0fab8: ;   {optimized virtual_call}
  0x00000147abe0fab8: 2066 90e8 

  0x00000147abe0fabc: ; ImmutableOopMap {rbp=Oop [8]=Oop [16]=NarrowOop [24]=Oop [32]=Oop [48]=Oop }
                      ;*invokevirtual poll0 {reexecute=0 rethrow=0 return_oop=1}
                      ; - java.lang.ref.ReferenceQueue::poll@17 (line 184)
                      ; - com.jme3.util.NativeObjectManager::deleteUnused@54 (line 183)
                      ; - com.jme3.renderer.opengl.GLRenderer::postFrame@5 (line 1117)
                      ; - com.jme3.system.lwjgl.LwjglWindow::runLoop@100 (line 549)
  0x00000147abe0fabc: c0f3 75ff 

  0x00000147abe0fac0: ;   {other}
  0x00000147abe0fac0: 0f1f 8400 | b007 0009 | 4889 4424 | 284c 8b54 | 2420 458b | 5a18 4585 | db0f 84a1 | 0300 004b 
  0x00000147abe0fae0: 8d14 dc4c 

  0x00000147abe0fae4: ;   {optimized virtual_call}
  0x00000147abe0fae4: 8914 24e8 

  0x00000147abe0fae8: ; ImmutableOopMap {rbp=Oop [0]=Oop [8]=Oop [16]=NarrowOop [24]=Oop [40]=Oop [48]=Oop }
                      ;*invokevirtual unlock {reexecute=0 rethrow=0 return_oop=0}
                      ; - java.lang.ref.ReferenceQueue::poll@25 (line 186)
                      ; - com.jme3.util.NativeObjectManager::deleteUnused@54 (line 183)
                      ; - com.jme3.renderer.opengl.GLRenderer::postFrame@5 (line 1117)
                      ; - com.jme3.system.lwjgl.LwjglWindow::runLoop@100 (line 549)
  0x00000147abe0fae8: 94f3 75ff 

  0x00000147abe0faec: ;   {other}
  0x00000147abe0faec: 0f1f 8400 | dc07 000a | 4c8b 5424 | 284d 85d2 | 0f84 ea02 | 0000 458b 

  0x00000147abe0fb04: ;   {metadata('com/jme3/util/NativeObjectManager$NativeObjectRef')}
  0x00000147abe0fb04: 5a08 4181 | fb00 d821 | 010f 859d | 0300 0049 | 8bea ba54 

  0x00000147abe0fb18: ;   {runtime_call UncommonTrapBlob}
  0x00000147abe0fb18: ffff ffe8 

  0x00000147abe0fb1c: ; ImmutableOopMap {rbp=Oop [16]=NarrowOop [24]=Oop [48]=Oop }
                      ;*ifnonnull {reexecute=1 rethrow=0 return_oop=0}
                      ; - (reexecute) com.jme3.util.NativeObjectManager::deleteUnused@62 (line 184)
                      ; - com.jme3.renderer.opengl.GLRenderer::postFrame@5 (line 1117)
                      ; - com.jme3.system.lwjgl.LwjglWindow::runLoop@100 (line 549)
  0x00000147abe0fb1c: e081 76ff 

  0x00000147abe0fb20: ;   {other}
  0x00000147abe0fb20: 0f1f 8400 | 1008 000b 

  0x00000147abe0fb28: ;   {oop("FrameRate"{0x000000071236bdd8})}
  0x00000147abe0fb28: 49ba d8bd | 3612 0700 | 0000 41c6 | 4211 0145 | 33db 4533 | d244 8b04 | 248b 4c24 | 0444 8b4c 
  0x00000147abe0fb48: 2408 8b5c | 240c 488b | d548 8b7c | 2420 e931 | fdff ffba | f6ff ffff | 488b 6c24 

  0x00000147abe0fb64: ;   {runtime_call UncommonTrapBlob}
  0x00000147abe0fb64: 3066 90e8 

  0x00000147abe0fb68: ; ImmutableOopMap {rbp=Oop }
                      ;*invokevirtual getAndSet {reexecute=0 rethrow=0 return_oop=0}
                      ; - com.jme3.system.lwjgl.LwjglWindow::runLoop@5 (line 522)
  0x00000147abe0fb68: 9481 76ff 

  0x00000147abe0fb6c: ;   {other}
  0x00000147abe0fb6c: 0f1f 8400 | 5c08 000c | bade ffff | ff48 8b6c | 2430 4489 

  0x00000147abe0fb80: ;   {runtime_call UncommonTrapBlob}
  0x00000147abe0fb80: 1424 90e8 

  0x00000147abe0fb84: ; ImmutableOopMap {rbp=Oop [0]=NarrowOop }
                      ;*invokeinterface update {reexecute=0 rethrow=0 return_oop=0}
                      ; - com.jme3.system.lwjgl.LwjglWindow::runLoop@37 (line 530)
  0x00000147abe0fb84: 7881 76ff 

  0x00000147abe0fb88: ;   {other}
  0x00000147abe0fb88: 0f1f 8400 | 7808 000d | bade ffff | ff48 8b6c | 2430 4489 

  0x00000147abe0fb9c: ;   {runtime_call UncommonTrapBlob}
  0x00000147abe0fb9c: 1424 90e8 

  0x00000147abe0fba0: ; ImmutableOopMap {rbp=Oop [0]=NarrowOop }
                      ;*invokeinterface postFrame {reexecute=0 rethrow=0 return_oop=0}
                      ; - com.jme3.system.lwjgl.LwjglWindow::runLoop@100 (line 549)
  0x00000147abe0fba0: 5c81 76ff 

  0x00000147abe0fba4: ;   {other}
  0x00000147abe0fba4: 0f1f 8400 | 9408 000e | ba45 ffff | ff48 8b6c | 2430 895c | 2408 4c89 

  0x00000147abe0fbbc: ;   {runtime_call UncommonTrapBlob}
  0x00000147abe0fbbc: 5424 10e8 

  0x00000147abe0fbc0: ; ImmutableOopMap {rbp=Oop [8]=NarrowOop [16]=Oop }
                      ;*ifne {reexecute=1 rethrow=0 return_oop=0}
                      ; - (reexecute) com.jme3.util.NativeObjectManager::deleteUnused@15 (line 175)
                      ; - com.jme3.renderer.opengl.GLRenderer::postFrame@5 (line 1117)
                      ; - com.jme3.system.lwjgl.LwjglWindow::runLoop@100 (line 549)
  0x00000147abe0fbc0: 3c81 76ff 

  0x00000147abe0fbc4: ;   {other}
  0x00000147abe0fbc4: 0f1f 8400 | b408 000f | bade ffff | ff48 8b6c | 2430 895c | 2408 4c89 | 5424 1044 | 895c 240c 
  0x00000147abe0fbe4: ;   {runtime_call UncommonTrapBlob}
  0x00000147abe0fbe4: 6666 90e8 

  0x00000147abe0fbe8: ; ImmutableOopMap {rbp=Oop [8]=NarrowOop [12]=NarrowOop [16]=Oop }
                      ;*invokevirtual poll {reexecute=0 rethrow=0 return_oop=0}
                      ; - com.jme3.util.NativeObjectManager::deleteUnused@54 (line 183)
                      ; - com.jme3.renderer.opengl.GLRenderer::postFrame@5 (line 1117)
                      ; - com.jme3.system.lwjgl.LwjglWindow::runLoop@100 (line 549)
  0x00000147abe0fbe8: 1481 76ff 

  0x00000147abe0fbec: ;   {other}
  0x00000147abe0fbec: 0f1f 8400 | dc08 0010 | bade ffff | ff48 8b6c | 2430 4c89 | 1424 4489 

  0x00000147abe0fc04: ;   {runtime_call UncommonTrapBlob}
  0x00000147abe0fc04: 5c24 08e8 

  0x00000147abe0fc08: ; ImmutableOopMap {rbp=Oop [0]=Oop [8]=NarrowOop }
                      ;*invokeinterface resetStats {reexecute=0 rethrow=0 return_oop=0}
                      ; - com.jme3.renderer.opengl.GLRenderer::postFrame@18 (line 1119)
                      ; - com.jme3.system.lwjgl.LwjglWindow::runLoop@100 (line 549)
  0x00000147abe0fc08: f480 76ff 

  0x00000147abe0fc0c: ;   {other}
  0x00000147abe0fc0c: 0f1f 8400 | fc08 0011 | 4533 c045 | 85c9 410f | 94c0 ba45 | ffff ff48 | 8b6c 2430 | 4c89 1424 
  0x00000147abe0fc2c: 4489 4424 

  0x00000147abe0fc30: ;   {runtime_call UncommonTrapBlob}
  0x00000147abe0fc30: 0866 90e8 

  0x00000147abe0fc34: ; ImmutableOopMap {rbp=Oop [0]=Oop }
                      ;*ifeq {reexecute=1 rethrow=0 return_oop=0}
                      ; - (reexecute) com.jme3.opencl.OpenCLObjectManager::deleteUnusedObjects@7 (line 83)
                      ; - com.jme3.renderer.opengl.GLRenderer::postFrame@11 (line 1118)
                      ; - com.jme3.system.lwjgl.LwjglWindow::runLoop@100 (line 549)
  0x00000147abe0fc34: c880 76ff 

  0x00000147abe0fc38: ;   {other}
  0x00000147abe0fc38: 0f1f 8400 | 2809 0012 | ba45 ffff | ff49 8bea | 4489 0424 | 894c 2408 | 894c 240c | 4489 4c24 
  0x00000147abe0fc58: 1489 5c24 

  0x00000147abe0fc5c: ;   {runtime_call UncommonTrapBlob}
  0x00000147abe0fc5c: 1c66 90e8 

  0x00000147abe0fc60: ; ImmutableOopMap {rbp=Oop [8]=NarrowOop [12]=NarrowOop [20]=NarrowOop }
                      ;*ifle {reexecute=1 rethrow=0 return_oop=0}
                      ; - (reexecute) java.util.HashMap::getNode@14 (line 575)
                      ; - java.util.HashMap::get@2 (line 564)
                      ; - com.jme3.system.AppSettings::getInteger@2 (line 485)
                      ; - com.jme3.system.AppSettings::getFrameRate@3 (line 917)
                      ; - com.jme3.system.lwjgl.LwjglWindow::runLoop@120 (line 553)
  0x00000147abe0fc60: 9c80 76ff 

  0x00000147abe0fc64: ;   {other}
  0x00000147abe0fc64: 0f1f 8400 | 5409 0013 | ba45 ffff | ff48 8b6c | 2430 4489 | 1424 4489 

  0x00000147abe0fc7c: ;   {runtime_call UncommonTrapBlob}
  0x00000147abe0fc7c: 5c24 04e8 

  0x00000147abe0fc80: ; ImmutableOopMap {rbp=Oop [0]=NarrowOop }
                      ;*ifeq {reexecute=1 rethrow=0 return_oop=0}
                      ; - (reexecute) java.util.concurrent.atomic.AtomicBoolean::getAndSet@16 (line 175)
                      ; - com.jme3.system.lwjgl.LwjglWindow::runLoop@5 (line 522)
  0x00000147abe0fc80: 7c80 76ff 

  0x00000147abe0fc84: ;   {other}
  0x00000147abe0fc84: 0f1f 8400 | 7409 0014 | 4533 c045 | 85db 410f | 95c0 ba45 | ffff ff48 | 8b6c 2430 | 4489 0424 
  0x00000147abe0fca4: ;   {runtime_call UncommonTrapBlob}
  0x00000147abe0fca4: 6666 90e8 

  0x00000147abe0fca8: ; ImmutableOopMap {rbp=Oop }
                      ;*ifne {reexecute=1 rethrow=0 return_oop=0}
                      ; - (reexecute) com.jme3.system.lwjgl.LwjglWindow::runLoop@22 (line 526)
  0x00000147abe0fca8: 5480 76ff 

  0x00000147abe0fcac: ;   {other}
  0x00000147abe0fcac: 0f1f 8400 | 9c09 0015 | 4533 d245 | 85db 410f | 95c2 ba45 | ffff ff48 | 8b6c 2430 | 4489 1424 
  0x00000147abe0fccc: ;   {runtime_call UncommonTrapBlob}
  0x00000147abe0fccc: 6666 90e8 

  0x00000147abe0fcd0: ; ImmutableOopMap {rbp=Oop }
                      ;*ifeq {reexecute=1 rethrow=0 return_oop=0}
                      ; - (reexecute) com.jme3.system.lwjgl.LwjglWindow::runLoop@49 (line 535)
  0x00000147abe0fcd0: 2c80 76ff 

  0x00000147abe0fcd4: ;   {other}
  0x00000147abe0fcd4: 0f1f 8400 | c409 0016 | ba45 ffff | ff48 8b6c | 2430 4489 

  0x00000147abe0fce8: ;   {runtime_call UncommonTrapBlob}
  0x00000147abe0fce8: 1424 90e8 

  0x00000147abe0fcec: ; ImmutableOopMap {rbp=Oop }
                      ;*ifeq {reexecute=1 rethrow=0 return_oop=0}
                      ; - (reexecute) com.jme3.system.lwjgl.LwjglWindow::runLoop@56 (line 538)
  0x00000147abe0fcec: 1080 76ff 

  0x00000147abe0fcf0: ;   {other}
  0x00000147abe0fcf0: 0f1f 8400 | e009 0017 | ba45 ffff | ff49 8bea | 4489 1c24 

  0x00000147abe0fd04: ;   {runtime_call UncommonTrapBlob}
  0x00000147abe0fd04: 6666 90e8 

  0x00000147abe0fd08: ; ImmutableOopMap {rbp=Oop }
                      ;*ifeq {reexecute=1 rethrow=0 return_oop=0}
                      ; - (reexecute) com.jme3.system.lwjgl.LwjglWindow::runLoop@63 (line 538)
  0x00000147abe0fd08: f47f 76ff 

  0x00000147abe0fd0c: ;   {other}
  0x00000147abe0fd0c: 0f1f 8400 | fc09 0018 | 4533 d249 | 3bd2 bdff | ffff ff7c | 0840 0f95 | c540 0fb6 | ed48 8954 
  0x00000147abe0fd2c: 2410 ba45 

  0x00000147abe0fd30: ;   {runtime_call UncommonTrapBlob}
  0x00000147abe0fd30: ffff ffe8 

  0x00000147abe0fd34: ; ImmutableOopMap {[48]=Oop }
                      ;*ifne {reexecute=1 rethrow=0 return_oop=0}
                      ; - (reexecute) org.lwjgl.system.Checks::check@3 (line 99)
                      ; - org.lwjgl.glfw.GLFW::glfwSwapBuffers@11 (line 4563)
                      ; - com.jme3.system.lwjgl.LwjglWindow::runLoop@70 (line 539)
  0x00000147abe0fd34: c87f 76ff 

  0x00000147abe0fd38: ;   {other}
  0x00000147abe0fd38: 0f1f 8400 | 280a 0019 | ba45 ffff | ff48 8b6c | 2430 4489 

  0x00000147abe0fd4c: ;   {runtime_call UncommonTrapBlob}
  0x00000147abe0fd4c: 1424 90e8 

  0x00000147abe0fd50: ; ImmutableOopMap {rbp=Oop }
                      ;*ifeq {reexecute=1 rethrow=0 return_oop=0}
                      ; - (reexecute) com.jme3.system.lwjgl.LwjglWindow::runLoop@109 (line 552)
  0x00000147abe0fd50: ac7f 76ff 

  0x00000147abe0fd54: ;   {other}
  0x00000147abe0fd54: 0f1f 8400 | 440a 001a | ba45 ffff | ff48 8b6c | 2430 4489 | 0424 4489 

  0x00000147abe0fd6c: ;   {runtime_call UncommonTrapBlob}
  0x00000147abe0fd6c: 5c24 04e8 

  0x00000147abe0fd70: ; ImmutableOopMap {rbp=Oop }
                      ;*if_icmpeq {reexecute=1 rethrow=0 return_oop=0}
                      ; - (reexecute) com.jme3.system.lwjgl.LwjglWindow::runLoop@123 (line 553)
  0x00000147abe0fd70: 8c7f 76ff 

  0x00000147abe0fd74: ;   {other}
  0x00000147abe0fd74: 0f1f 8400 | 640a 001b | ba45 ffff | ff48 8b6c | 2430 4489 

  0x00000147abe0fd88: ;   {runtime_call UncommonTrapBlob}
  0x00000147abe0fd88: 1424 90e8 

  0x00000147abe0fd8c: ; ImmutableOopMap {rbp=Oop }
                      ;*ifle {reexecute=1 rethrow=0 return_oop=0}
                      ; - (reexecute) com.jme3.system.lwjgl.LwjglWindow::runLoop@159 (line 563)
  0x00000147abe0fd8c: 707f 76ff 

  0x00000147abe0fd90: ;   {other}
  0x00000147abe0fd90: 0f1f 8400 | 800a 001c | baf4 ffff | ff48 8b6c | 2430 4489 | 0424 894c 

  0x00000147abe0fda8: ;   {runtime_call UncommonTrapBlob}
  0x00000147abe0fda8: 2408 90e8 

  0x00000147abe0fdac: ; ImmutableOopMap {rbp=Oop [8]=NarrowOop }
                      ;*checkcast {reexecute=0 rethrow=0 return_oop=0}
                      ; - com.jme3.system.AppSettings::getInteger@5 (line 485)
                      ; - com.jme3.system.AppSettings::getFrameRate@3 (line 917)
                      ; - com.jme3.system.lwjgl.LwjglWindow::runLoop@120 (line 553)
  0x00000147abe0fdac: 507f 76ff 

  0x00000147abe0fdb0: ;   {other}
  0x00000147abe0fdb0: 0f1f 8400 | a00a 001d | ba45 ffff | ff44 8944 | 2408 894c | 2410 894c | 2414 4489 | 4c24 1c89 
  0x00000147abe0fdd0: 4424 2089 | 5c24 2444 | 895c 2428 

  0x00000147abe0fddc: ;   {runtime_call UncommonTrapBlob}
  0x00000147abe0fddc: 6666 90e8 

  0x00000147abe0fde0: ; ImmutableOopMap {rbp=NarrowOop [16]=NarrowOop [20]=NarrowOop [28]=NarrowOop [32]=NarrowOop [48]=Oop }
                      ;*ifeq {reexecute=1 rethrow=0 return_oop=0}
                      ; - (reexecute) java.util.HashMap::getNode@85 (line 581)
                      ; - java.util.HashMap::get@2 (line 564)
                      ; - com.jme3.system.AppSettings::getInteger@2 (line 485)
                      ; - com.jme3.system.AppSettings::getFrameRate@3 (line 917)
                      ; - com.jme3.system.lwjgl.LwjglWindow::runLoop@120 (line 553)
  0x00000147abe0fde0: 1c7f 76ff 

  0x00000147abe0fde4: ;   {other}
  0x00000147abe0fde4: 0f1f 8400 | d40a 001e | 4c8b 5424 | 18e9 46f9 | ffff ba45 | ffff ff44 | 8b54 242c | 4489 5424 
  0x00000147abe0fe04: 0844 8b5c | 2438 4489 | 5c24 1044 | 895c 2414 | 8944 242c 

  0x00000147abe0fe18: ;   {runtime_call UncommonTrapBlob}
  0x00000147abe0fe18: 6666 90e8 

  0x00000147abe0fe1c: ; ImmutableOopMap {rbp=NarrowOop [16]=NarrowOop [20]=NarrowOop [48]=Oop [60]=NarrowOop [68]=NarrowOop }
                      ;*ifeq {reexecute=1 rethrow=0 return_oop=0}
                      ; - (reexecute) java.util.HashMap::getNode@66 (line 578)
                      ; - java.util.HashMap::get@2 (line 564)
                      ; - com.jme3.system.AppSettings::getInteger@2 (line 485)
                      ; - com.jme3.system.AppSettings::getFrameRate@3 (line 917)
                      ; - com.jme3.system.lwjgl.LwjglWindow::runLoop@120 (line 553)
  0x00000147abe0fe1c: e07e 76ff 

  0x00000147abe0fe20: ;   {other}
  0x00000147abe0fe20: 0f1f 8400 | 100b 001f | ba45 ffff | ff4c 8b54 | 2430 4c89 | 1424 448b | 5c24 4044 | 895c 2410 
  0x00000147abe0fe40: 4489 5c24 | 1489 4424 

  0x00000147abe0fe48: ;   {runtime_call UncommonTrapBlob}
  0x00000147abe0fe48: 3466 90e8 

  0x00000147abe0fe4c: ; ImmutableOopMap {rbp=NarrowOop [0]=Oop [16]=NarrowOop [20]=NarrowOop [68]=NarrowOop [76]=NarrowOop [80]=Oop }
                      ;*ifeq {reexecute=1 rethrow=0 return_oop=0}
                      ; - (reexecute) java.util.HashMap::getNode@131 (line 585)
                      ; - java.util.HashMap::get@2 (line 564)
                      ; - com.jme3.system.AppSettings::getInteger@2 (line 485)
                      ; - com.jme3.system.AppSettings::getFrameRate@3 (line 917)
                      ; - com.jme3.system.lwjgl.LwjglWindow::runLoop@120 (line 553)
  0x00000147abe0fe4c: b07e 76ff 

  0x00000147abe0fe50: ;   {other}
  0x00000147abe0fe50: 0f1f 8400 | 400b 0020 | baf6 ffff | ff48 8b6c | 2430 895c | 2408 4c89 | 5424 104c | 895c 2418 
  0x00000147abe0fe70: ;   {runtime_call UncommonTrapBlob}
  0x00000147abe0fe70: 6666 90e8 

  0x00000147abe0fe74: ; ImmutableOopMap {rbp=Oop [8]=NarrowOop [16]=Oop [24]=Oop }
                      ;*invokevirtual lock {reexecute=0 rethrow=0 return_oop=0}
                      ; - java.lang.ref.ReferenceQueue::poll@13 (line 182)
                      ; - com.jme3.util.NativeObjectManager::deleteUnused@54 (line 183)
                      ; - com.jme3.renderer.opengl.GLRenderer::postFrame@5 (line 1117)
                      ; - com.jme3.system.lwjgl.LwjglWindow::runLoop@100 (line 549)
  0x00000147abe0fe74: 887e 76ff 

  0x00000147abe0fe78: ;   {other}
  0x00000147abe0fe78: 0f1f 8400 | 680b 0021 | baf6 ffff | ff48 8b6c | 2408 4c8b | 5c24 184c | 891c 2444 | 8b5c 2410 
  0x00000147abe0fe98: 4489 5c24 | 084c 8954 

  0x00000147abe0fea0: ;   {runtime_call UncommonTrapBlob}
  0x00000147abe0fea0: 2418 90e8 

  0x00000147abe0fea4: ; ImmutableOopMap {rbp=Oop [0]=Oop [8]=NarrowOop [24]=Oop [40]=Oop }
                      ;*invokevirtual unlock {reexecute=0 rethrow=0 return_oop=0}
                      ; - java.lang.ref.ReferenceQueue::poll@25 (line 186)
                      ; - com.jme3.util.NativeObjectManager::deleteUnused@54 (line 183)
                      ; - com.jme3.renderer.opengl.GLRenderer::postFrame@5 (line 1117)
                      ; - com.jme3.system.lwjgl.LwjglWindow::runLoop@100 (line 549)
  0x00000147abe0fea4: 587e 76ff 

  0x00000147abe0fea8: ;   {other}
  0x00000147abe0fea8: 0f1f 8400 | 980b 0022 | bade ffff | ff48 8b6c | 2408 4c8b | 5c24 1844 | 8b44 2410 | 4489 4424 
  0x00000147abe0fec8: 084c 895c 

  0x00000147abe0fecc: ;   {runtime_call UncommonTrapBlob}
  0x00000147abe0fecc: 2410 90e8 

  0x00000147abe0fed0: ; ImmutableOopMap {rbp=Oop [8]=NarrowOop [16]=Oop [40]=Oop }
                      ;*checkcast {reexecute=0 rethrow=0 return_oop=0}
                      ; - com.jme3.util.NativeObjectManager::deleteUnused@57 (line 183)
                      ; - com.jme3.renderer.opengl.GLRenderer::postFrame@5 (line 1117)
                      ; - com.jme3.system.lwjgl.LwjglWindow::runLoop@100 (line 549)
  0x00000147abe0fed0: 2c7e 76ff 

  0x00000147abe0fed4: ;   {other}
  0x00000147abe0fed4: 0f1f 8400 | c40b 0023 | bade ffff | ff48 8b6c | 2430 4489 | 0424 894c | 2408 4489 

  0x00000147abe0fef0: ;   {runtime_call UncommonTrapBlob}
  0x00000147abe0fef0: 5c24 0ce8 

  0x00000147abe0fef4: ; ImmutableOopMap {rbp=Oop [8]=NarrowOop [12]=NarrowOop }
                      ;*checkcast {reexecute=0 rethrow=0 return_oop=0}
                      ; - com.jme3.system.AppSettings::getInteger@5 (line 485)
                      ; - com.jme3.system.AppSettings::getFrameRate@3 (line 917)
                      ; - com.jme3.system.lwjgl.LwjglWindow::runLoop@120 (line 553)
  0x00000147abe0fef4: 087e 76ff 

  0x00000147abe0fef8: ;   {other}
  0x00000147abe0fef8: 0f1f 8400 | e80b 0024 | ba9d ffff | ff48 8b6c | 2430 4889 

  0x00000147abe0ff0c: ;   {runtime_call UncommonTrapBlob}
  0x00000147abe0ff0c: 0424 90e8 

  0x00000147abe0ff10: ; ImmutableOopMap {rbp=Oop [0]=Oop }
                      ;*astore_1 {reexecute=0 rethrow=0 return_oop=0}
                      ; - com.jme3.system.lwjgl.LwjglWindow::runLoop@76 (line 541)
  0x00000147abe0ff10: ec7d 76ff 

  0x00000147abe0ff14: ;   {other}
  0x00000147abe0ff14: 0f1f 8400 | 040c 0025 | baf6 ffff | ff48 8b6c 

  0x00000147abe0ff24: ;   {runtime_call UncommonTrapBlob}
  0x00000147abe0ff24: 2430 90e8 

  0x00000147abe0ff28: ; ImmutableOopMap {rbp=Oop }
                      ;*invokevirtual get {reexecute=0 rethrow=0 return_oop=0}
                      ; - com.jme3.system.lwjgl.LwjglWindow::runLoop@19 (line 526)
  0x00000147abe0ff28: d47d 76ff 

  0x00000147abe0ff2c: ;   {other}
  0x00000147abe0ff2c: 0f1f 8400 | 1c0c 0026 | baf6 ffff | ff48 8b6c 

  0x00000147abe0ff3c: ;   {runtime_call UncommonTrapBlob}
  0x00000147abe0ff3c: 2430 90e8 

  0x00000147abe0ff40: ; ImmutableOopMap {rbp=Oop }
                      ;*invokeinterface update {reexecute=0 rethrow=0 return_oop=0}
                      ; - com.jme3.system.lwjgl.LwjglWindow::runLoop@37 (line 530)
  0x00000147abe0ff40: bc7d 76ff 

  0x00000147abe0ff44: ;   {other}
  0x00000147abe0ff44: 0f1f 8400 | 340c 0027 | baf6 ffff | ff48 8b6c 

  0x00000147abe0ff54: ;   {runtime_call UncommonTrapBlob}
  0x00000147abe0ff54: 2430 90e8 

  0x00000147abe0ff58: ; ImmutableOopMap {rbp=Oop }
                      ;*invokevirtual get {reexecute=0 rethrow=0 return_oop=0}
                      ; - com.jme3.system.lwjgl.LwjglWindow::runLoop@46 (line 535)
  0x00000147abe0ff58: a47d 76ff 

  0x00000147abe0ff5c: ;   {other}
  0x00000147abe0ff5c: 0f1f 8400 | 4c0c 0028 | baf6 ffff | ff48 8b6c | 2430 4c89 

  0x00000147abe0ff70: ;   {runtime_call UncommonTrapBlob}
  0x00000147abe0ff70: 5424 08e8 

  0x00000147abe0ff74: ; ImmutableOopMap {rbp=Oop [8]=Oop }
                      ;*invokevirtual deleteUnused {reexecute=0 rethrow=0 return_oop=0}
                      ; - com.jme3.renderer.opengl.GLRenderer::postFrame@5 (line 1117)
                      ; - com.jme3.system.lwjgl.LwjglWindow::runLoop@100 (line 549)
  0x00000147abe0ff74: 887d 76ff 

  0x00000147abe0ff78: ;   {other}
  0x00000147abe0ff78: 0f1f 8400 | 680c 0029 | baf6 ffff | ff48 8b6c | 2430 895c | 2408 4c89 

  0x00000147abe0ff90: ;   {runtime_call UncommonTrapBlob}
  0x00000147abe0ff90: 5424 10e8 

  0x00000147abe0ff94: ; ImmutableOopMap {rbp=Oop [8]=NarrowOop [16]=Oop }
                      ;*invokevirtual isEmpty {reexecute=0 rethrow=0 return_oop=0}
                      ; - com.jme3.util.NativeObjectManager::deleteUnused@12 (line 175)
                      ; - com.jme3.renderer.opengl.GLRenderer::postFrame@5 (line 1117)
                      ; - com.jme3.system.lwjgl.LwjglWindow::runLoop@100 (line 549)
  0x00000147abe0ff94: 687d 76ff 

  0x00000147abe0ff98: ;   {other}
  0x00000147abe0ff98: 0f1f 8400 | 880c 002a | baf6 ffff | ff48 8b6c | 2430 895c | 2408 4c89 

  0x00000147abe0ffb0: ;   {runtime_call UncommonTrapBlob}
  0x00000147abe0ffb0: 5424 10e8 

  0x00000147abe0ffb4: ; ImmutableOopMap {rbp=Oop [8]=NarrowOop [16]=Oop }
                      ;*invokevirtual poll {reexecute=0 rethrow=0 return_oop=0}
                      ; - com.jme3.util.NativeObjectManager::deleteUnused@54 (line 183)
                      ; - com.jme3.renderer.opengl.GLRenderer::postFrame@5 (line 1117)
                      ; - com.jme3.system.lwjgl.LwjglWindow::runLoop@100 (line 549)
  0x00000147abe0ffb4: 487d 76ff 

  0x00000147abe0ffb8: ;   {other}
  0x00000147abe0ffb8: 0f1f 8400 | a80c 002b | baf6 ffff | ff48 8b6c | 2430 4c89 

  0x00000147abe0ffcc: ;   {runtime_call UncommonTrapBlob}
  0x00000147abe0ffcc: 1424 90e8 

  0x00000147abe0ffd0: ; ImmutableOopMap {rbp=Oop [0]=Oop }
                      ;*invokevirtual isEmpty {reexecute=0 rethrow=0 return_oop=0}
                      ; - com.jme3.opencl.OpenCLObjectManager::deleteUnusedObjects@4 (line 83)
                      ; - com.jme3.renderer.opengl.GLRenderer::postFrame@11 (line 1118)
                      ; - com.jme3.system.lwjgl.LwjglWindow::runLoop@100 (line 549)
  0x00000147abe0ffd0: 2c7d 76ff 

  0x00000147abe0ffd4: ;   {other}
  0x00000147abe0ffd4: 0f1f 8400 | c40c 002c | baf6 ffff | ff48 8b6c | 2430 4c89 | 1424 4489 

  0x00000147abe0ffec: ;   {runtime_call UncommonTrapBlob}
  0x00000147abe0ffec: 4424 08e8 

  0x00000147abe0fff0: ; ImmutableOopMap {rbp=Oop [0]=Oop [8]=NarrowOop }
                      ;*invokevirtual isEmpty {reexecute=0 rethrow=0 return_oop=0}
                      ; - java.util.HashSet::isEmpty@4 (line 200)
                      ; - com.jme3.opencl.OpenCLObjectManager::deleteUnusedObjects@4 (line 83)
                      ; - com.jme3.renderer.opengl.GLRenderer::postFrame@11 (line 1118)
                      ; - com.jme3.system.lwjgl.LwjglWindow::runLoop@100 (line 549)
  0x00000147abe0fff0: 0c7d 76ff 

  0x00000147abe0fff4: ;   {other}
  0x00000147abe0fff4: 0f1f 8400 | e40c 002d | baf6 ffff | ff48 8b6c | 2430 4c89 

  0x00000147abe10008: ;   {runtime_call UncommonTrapBlob}
  0x00000147abe10008: 1424 90e8 

  0x00000147abe1000c: ; ImmutableOopMap {rbp=Oop [0]=Oop }
                      ;*getfield levelValue {reexecute=1 rethrow=0 return_oop=0}
                      ; - (reexecute) java.util.logging.Logger::isLoggable@4 (line 2036)
                      ; - java.util.logging.Logger::log@2 (line 1029)
                      ; - com.jme3.opencl.OpenCLObjectManager::deleteUnusedObjects@18 (line 84)
                      ; - com.jme3.renderer.opengl.GLRenderer::postFrame@11 (line 1118)
                      ; - com.jme3.system.lwjgl.LwjglWindow::runLoop@100 (line 549)
  0x00000147abe1000c: f07c 76ff 

  0x00000147abe10010: ;   {other}
  0x00000147abe10010: 0f1f 8400 | 000d 002e | baf6 ffff | ff48 8b6c | 2430 4c89 

  0x00000147abe10024: ;   {runtime_call UncommonTrapBlob}
  0x00000147abe10024: 1424 90e8 

  0x00000147abe10028: ; ImmutableOopMap {rbp=Oop [0]=Oop }
                      ;*invokeinterface resetStats {reexecute=0 rethrow=0 return_oop=0}
                      ; - com.jme3.renderer.opengl.GLRenderer::postFrame@18 (line 1119)
                      ; - com.jme3.system.lwjgl.LwjglWindow::runLoop@100 (line 549)
  0x00000147abe10028: d47c 76ff 

  0x00000147abe1002c: ;   {other}
  0x00000147abe1002c: 0f1f 8400 | 1c0d 002f | baf6 ffff | ff49 8bea | 4489 0424 

  0x00000147abe10040: ;   {runtime_call UncommonTrapBlob}
  0x00000147abe10040: 6666 90e8 

  0x00000147abe10044: ; ImmutableOopMap {rbp=Oop }
                      ;*invokevirtual getFrameRate {reexecute=0 rethrow=0 return_oop=0}
                      ; - com.jme3.system.lwjgl.LwjglWindow::runLoop@120 (line 553)
  0x00000147abe10044: b87c 76ff 

  0x00000147abe10048: ;   {other}
  0x00000147abe10048: 0f1f 8400 | 380d 0030 | ba45 ffff | ff48 8b6c | 2430 4489 

  0x00000147abe1005c: ;   {runtime_call UncommonTrapBlob}
  0x00000147abe1005c: 1424 90e8 

  0x00000147abe10060: ; ImmutableOopMap {rbp=Oop [0]=NarrowOop }
                      ;*ifnull {reexecute=1 rethrow=0 return_oop=0}
                      ; - (reexecute) com.jme3.system.lwjgl.LwjglWindow::runLoop@93 (line 548)
  0x00000147abe10060: 9c7c 76ff 

  0x00000147abe10064: ;   {other}
  0x00000147abe10064: 0f1f 8400 | 540d 0031 | eb00 488b | d0eb 1148 | 8bd0 eb0c | 488b d0eb | 07eb 02eb | 0048 8bd0 
  0x00000147abe10084: 4883 c470 

  0x00000147abe10088: ;   {runtime_call _rethrow_Java}
  0x00000147abe10088: 5de9 72a7 | 85ff ba9d | ffff ff48 | 8b6c 2408 | 4c8b 5c24 | 1844 8b44 | 2410 4489 | 4424 084c 
  0x00000147abe100a8: 895c 2410 | 4c8b 5c24 | 204c 895c | 2418 4889 

  0x00000147abe100b8: ;   {runtime_call UncommonTrapBlob}
  0x00000147abe100b8: 4424 20e8 

  0x00000147abe100bc: ; ImmutableOopMap {rbp=Oop [8]=NarrowOop [16]=Oop [24]=Oop [32]=Oop }
                      ;*astore_2 {reexecute=0 rethrow=0 return_oop=0}
                      ; - java.lang.ref.ReferenceQueue::poll@30 (line 186)
                      ; - com.jme3.util.NativeObjectManager::deleteUnused@54 (line 183)
                      ; - com.jme3.renderer.opengl.GLRenderer::postFrame@5 (line 1117)
                      ; - com.jme3.system.lwjgl.LwjglWindow::runLoop@100 (line 549)
  0x00000147abe100bc: 407c 76ff 

  0x00000147abe100c0: ;   {other}
  0x00000147abe100c0: 0f1f 8400 | b00d 0032 

  0x00000147abe100c8: ;   {internal_word}
  0x00000147abe100c8: 49ba bdf9 | e0ab 4701 | 0000 4d89 | 9770 0400 

  0x00000147abe100d8: ;   {runtime_call SafepointBlob}
  0x00000147abe100d8: 00e9 a26a 

  0x00000147abe100dc: ;   {runtime_call StubRoutines (final stubs)}
  0x00000147abe100dc: 76ff e8dd | fe76 ffe9 | 32f5 ffff 
[Stub Code]
  0x00000147abe100e8: ;   {no_reloc}
  0x00000147abe100e8: 48bb 0000 | 0000 0000 

  0x00000147abe100f0: ;   {runtime_call}
  0x00000147abe100f0: 0000 e9fb 

  0x00000147abe100f4: ;   {static_stub}
  0x00000147abe100f4: ffff ff48 | bb00 0000 | 0000 0000 

  0x00000147abe10100: ;   {runtime_call}
  0x00000147abe10100: 00e9 fbff 

  0x00000147abe10104: ;   {static_stub}
  0x00000147abe10104: ffff 48bb | 0000 0000 | 0000 0000 

  0x00000147abe10110: ;   {runtime_call}
  0x00000147abe10110: e9fb ffff 

  0x00000147abe10114: ;   {static_stub}
  0x00000147abe10114: ff48 bb00 | 0000 0000 

  0x00000147abe1011c: ;   {runtime_call}
  0x00000147abe1011c: 0000 00e9 | fbff ffff 

  0x00000147abe10124: ;   {static_stub}
  0x00000147abe10124: 48bb 0000 | 0000 0000 

  0x00000147abe1012c: ;   {runtime_call}
  0x00000147abe1012c: 0000 e9fb 

  0x00000147abe10130: ;   {static_stub}
  0x00000147abe10130: ffff ff48 | bb00 0000 | 0000 0000 

  0x00000147abe1013c: ;   {runtime_call}
  0x00000147abe1013c: 00e9 fbff 

  0x00000147abe10140: ;   {static_stub}
  0x00000147abe10140: ffff 48bb | 0000 0000 | 0000 0000 

  0x00000147abe1014c: ;   {runtime_call}
  0x00000147abe1014c: e9fb ffff 

  0x00000147abe10150: ;   {static_stub}
  0x00000147abe10150: ff48 bb00 | 0000 0000 

  0x00000147abe10158: ;   {runtime_call}
  0x00000147abe10158: 0000 00e9 | fbff ffff 
[Exception Handler]
  0x00000147abe10160: ;   {runtime_call ExceptionBlob}
  0x00000147abe10160: e91b 3785 | ffe8 0000 | 0000 4883 

  0x00000147abe1016c: ;   {runtime_call DeoptimizationBlob}
  0x00000147abe1016c: 2c24 05e9 | ac7e 76ff | f4f4 f4f4 
[/MachCode]


---------------  P R O C E S S  ---------------

Threads class SMR info:
_java_thread_list=0x0000014783d30320, length=19, elements={
0x000001479bca9110, 0x00000147bac30690, 0x00000147bac316a0, 0x00000147bac32550,
0x00000147bac35950, 0x00000147bac366b0, 0x00000147bac3cb90, 0x00000147bac412a0,
0x00000147bac44840, 0x0000014780143680, 0x0000014780165fe0, 0x0000014780168fa0,
0x00000147bac3aac0, 0x00000147bac3c500, 0x00000147bac3d8b0, 0x00000147bac3be70,
0x0000014780a6dd70, 0x0000014780a71f10, 0x0000014782d03050
}

Java Threads: ( => current thread )
=>0x000001479bca9110 JavaThread "main"                              [_thread_in_native, id=13776, stack(0x00000023b6f00000,0x00000023b7000000) (1024K)]
  0x00000147bac30690 JavaThread "Reference Handler"          daemon [_thread_blocked, id=12420, stack(0x00000023b7700000,0x00000023b7800000) (1024K)]
  0x00000147bac316a0 JavaThread "Finalizer"                  daemon [_thread_blocked, id=10080, stack(0x00000023b7800000,0x00000023b7900000) (1024K)]
  0x00000147bac32550 JavaThread "Signal Dispatcher"          daemon [_thread_blocked, id=17852, stack(0x00000023b7900000,0x00000023b7a00000) (1024K)]
  0x00000147bac35950 JavaThread "Attach Listener"            daemon [_thread_blocked, id=1536, stack(0x00000023b7a00000,0x00000023b7b00000) (1024K)]
  0x00000147bac366b0 JavaThread "Service Thread"             daemon [_thread_blocked, id=16076, stack(0x00000023b7b00000,0x00000023b7c00000) (1024K)]
  0x00000147bac3cb90 JavaThread "Monitor Deflation Thread"   daemon [_thread_blocked, id=20364, stack(0x00000023b7c00000,0x00000023b7d00000) (1024K)]
  0x00000147bac412a0 JavaThread "C2 CompilerThread0"         daemon [_thread_blocked, id=19580, stack(0x00000023b7d00000,0x00000023b7e00000) (1024K)]
  0x00000147bac44840 JavaThread "C1 CompilerThread0"         daemon [_thread_blocked, id=1076, stack(0x00000023b7e00000,0x00000023b7f00000) (1024K)]
  0x0000014780143680 JavaThread "JDWP Transport Listener: dt_socket" daemon [_thread_blocked, id=19012, stack(0x00000023b7f00000,0x00000023b8000000) (1024K)]
  0x0000014780165fe0 JavaThread "JDWP Event Helper Thread"   daemon [_thread_blocked, id=3016, stack(0x00000023b8000000,0x00000023b8100000) (1024K)]
  0x0000014780168fa0 JavaThread "JDWP Command Reader"        daemon [_thread_in_native, id=17824, stack(0x00000023b8100000,0x00000023b8200000) (1024K)]
  0x00000147bac3aac0 JavaThread "Notification Thread"        daemon [_thread_blocked, id=6604, stack(0x00000023b8200000,0x00000023b8300000) (1024K)]
  0x00000147bac3c500 JavaThread "Common-Cleaner"             daemon [_thread_blocked, id=14624, stack(0x00000023b8300000,0x00000023b8400000) (1024K)]
  0x00000147bac3d8b0 JavaThread "Java2D Disposer"            daemon [_thread_blocked, id=16648, stack(0x00000023b8500000,0x00000023b8600000) (1024K)]
  0x00000147bac3be70 JavaThread "TimerQueue"                 daemon [_thread_blocked, id=18820, stack(0x00000023b9200000,0x00000023b9300000) (1024K)]
  0x0000014780a6dd70 JavaThread "Thread to free LWJGL byte buffers" daemon [_thread_blocked, id=13132, stack(0x00000023b9900000,0x00000023b9a00000) (1024K)]
  0x0000014780a71f10 JavaThread "jME3 Audio Decoder"         daemon [_thread_blocked, id=11348, stack(0x00000023b8400000,0x00000023b8500000) (1024K)]
  0x0000014782d03050 JavaThread "AWT-Shutdown"                      [_thread_blocked, id=10508, stack(0x00000023b9f00000,0x00000023ba000000) (1024K)]
Total: 19

Other Threads:
  0x00000147bac0eee0 VMThread "VM Thread"                           [id=15884, stack(0x00000023b7600000,0x00000023b7700000) (1024K)]
  0x000001479bd1d390 WorkerThread "GC Thread#0"                     [id=8584, stack(0x00000023b7000000,0x00000023b7100000) (1024K)]
  0x0000014782216330 WorkerThread "GC Thread#1"                     [id=15140, stack(0x00000023b8a00000,0x00000023b8b00000) (1024K)]
  0x0000014783245bc0 WorkerThread "GC Thread#2"                     [id=17252, stack(0x00000023b8b00000,0x00000023b8c00000) (1024K)]
  0x00000147822a4610 WorkerThread "GC Thread#3"                     [id=20092, stack(0x00000023b8c00000,0x00000023b8d00000) (1024K)]
  0x00000147821dda60 WorkerThread "GC Thread#4"                     [id=3112, stack(0x00000023b8d00000,0x00000023b8e00000) (1024K)]
  0x00000147821dde10 WorkerThread "GC Thread#5"                     [id=1948, stack(0x00000023b8e00000,0x00000023b8f00000) (1024K)]
  0x0000014782cd4520 WorkerThread "GC Thread#6"                     [id=22048, stack(0x00000023b8f00000,0x00000023b9000000) (1024K)]
  0x0000014780a39320 WorkerThread "GC Thread#7"                     [id=9120, stack(0x00000023b9000000,0x00000023b9100000) (1024K)]
  0x000001479bd2df80 ConcurrentGCThread "G1 Main Marker"            terminated
  0x000001479bd2ea90 WorkerThread "G1 Conc#0"                       [id=19004, stack(0x00000023b7200000,0x00000023b7300000) (1024K)]
  0x0000014783f57950 WorkerThread "G1 Conc#1"                       [id=8072, stack(0x00000023b9e00000,0x00000023b9f00000) (1024K)]
  0x00000147baac9a80 ConcurrentGCThread "G1 Refine#0"               terminated
  0x000001479bca2aa0 ConcurrentGCThread "G1 Service"                terminated
Total: 14

Threads with active compile tasks:
Total: 0

VM state: not at safepoint (normal execution)

VM Mutex/Monitor currently owned by a thread: None

Heap address: 0x0000000704000000, size: 4032 MB, Compressed Oops mode: Zero based, Oop shift amount: 3

CDS archive(s) mapped at: [0x00000147bb000000-0x00000147bbc60000-0x00000147bbc60000), size 12976128, SharedBaseAddress: 0x00000147bb000000, ArchiveRelocationMode: 1.
Compressed class space mapped at: 0x00000147bc000000-0x00000147fc000000, reserved size: 1073741824
Narrow klass base: 0x00000147bb000000, Narrow klass shift: 0, Narrow klass range: 0x41000000

GC Precious Log:
 CardTable entry size: 512
 Card Set container configuration: InlinePtr #cards 4 size 8 Array Of Cards #cards 16 size 48 Howl #buckets 8 coarsen threshold 3686 Howl Bitmap #cards 512 size 80 coarsen threshold 460 Card regions per heap region 1 cards per card region 4096
 CPUs: 8 total, 8 available
 Memory: 16126M
 Large Page Support: Disabled
 NUMA Support: Disabled
 Compressed Oops: Enabled (Zero based)
 Heap Region Size: 2M
 Heap Min Capacity: 8M
 Heap Initial Capacity: 252M
 Heap Max Capacity: 4032M
 Pre-touch: Disabled
 Parallel Workers: 8
 Concurrent Workers: 2
 Concurrent Refinement Workers: 8
 Periodic GC: Disabled

Heap:
 garbage-first heap   total reserved 4128768K, committed 153600K, used 72116K [0x0000000704000000, 0x0000000800000000)
  region size 2048K, 28 young (57344K), 1 survivors (2048K)
 Metaspace       used 22842K, committed 23168K, reserved 1114112K
  class space    used 2096K, committed 2240K, reserved 1048576K

Heap Regions: E=young(eden), S=young(survivor), O=old, HS=humongous(starts), HC=humongous(continues), CS=collection set, F=free, TAMS=top-at-mark-start, PB=parsable bottom
|   0|0x0000000704000000, 0x0000000704200000, 0x0000000704200000|100%|HS|  |TAMS 0x0000000704000000| PB 0x0000000704000000| Complete |  0
|   1|0x0000000704200000, 0x0000000704377b48, 0x0000000704400000| 73%| O|  |TAMS 0x0000000704200000| PB 0x0000000704200000| Untracked |  0
|   2|0x0000000704400000, 0x0000000704600000, 0x0000000704600000|100%|HS|  |TAMS 0x0000000704400000| PB 0x0000000704400000| Complete |  0
|   3|0x0000000704600000, 0x0000000704800000, 0x0000000704800000|100%| O|  |TAMS 0x0000000704600000| PB 0x0000000704600000| Untracked |  0
|   4|0x0000000704800000, 0x00000007049fffe8, 0x0000000704a00000| 99%| O|  |TAMS 0x0000000704800000| PB 0x0000000704800000| Untracked |  0
|   5|0x0000000704a00000, 0x0000000704c00000, 0x0000000704c00000|100%| O|  |TAMS 0x0000000704a00000| PB 0x0000000704a00000| Untracked |  0
|   6|0x0000000704c00000, 0x0000000704e00000, 0x0000000704e00000|100%| O|  |TAMS 0x0000000704c00000| PB 0x0000000704c00000| Untracked |  0
|   7|0x0000000704e00000, 0x0000000705000000, 0x0000000705000000|100%| O|  |TAMS 0x0000000704e00000| PB 0x0000000704e00000| Untracked |  0
|   8|0x0000000705000000, 0x0000000705000000, 0x0000000705200000|  0%| F|  |TAMS 0x0000000705000000| PB 0x0000000705000000| Untracked |  0
|   9|0x0000000705200000, 0x0000000705200000, 0x0000000705400000|  0%| F|  |TAMS 0x0000000705200000| PB 0x0000000705200000| Untracked |  0
|  10|0x0000000705400000, 0x0000000705466540, 0x0000000705600000| 19%| O|  |TAMS 0x0000000705400000| PB 0x0000000705400000| Untracked |  0
|  11|0x0000000705600000, 0x0000000705600000, 0x0000000705800000|  0%| F|  |TAMS 0x0000000705600000| PB 0x0000000705600000| Untracked |  0
|  12|0x0000000705800000, 0x0000000705800000, 0x0000000705a00000|  0%| F|  |TAMS 0x0000000705800000| PB 0x0000000705800000| Untracked |  0
|  13|0x0000000705a00000, 0x0000000705a00000, 0x0000000705c00000|  0%| F|  |TAMS 0x0000000705a00000| PB 0x0000000705a00000| Untracked |  0
|  14|0x0000000705c00000, 0x0000000705c00000, 0x0000000705e00000|  0%| F|  |TAMS 0x0000000705c00000| PB 0x0000000705c00000| Untracked |  0
|  15|0x0000000705e00000, 0x0000000705e00000, 0x0000000706000000|  0%| F|  |TAMS 0x0000000705e00000| PB 0x0000000705e00000| Untracked |  0
|  16|0x0000000706000000, 0x0000000706000000, 0x0000000706200000|  0%| F|  |TAMS 0x0000000706000000| PB 0x0000000706000000| Untracked |  0
|  17|0x0000000706200000, 0x0000000706200000, 0x0000000706400000|  0%| F|  |TAMS 0x0000000706200000| PB 0x0000000706200000| Untracked |  0
|  18|0x0000000706400000, 0x0000000706400000, 0x0000000706600000|  0%| F|  |TAMS 0x0000000706400000| PB 0x0000000706400000| Untracked |  0
|  19|0x0000000706600000, 0x0000000706600000, 0x0000000706800000|  0%| F|  |TAMS 0x0000000706600000| PB 0x0000000706600000| Untracked |  0
|  20|0x0000000706800000, 0x0000000706800000, 0x0000000706a00000|  0%| F|  |TAMS 0x0000000706800000| PB 0x0000000706800000| Untracked |  0
|  21|0x0000000706a00000, 0x0000000706a00000, 0x0000000706c00000|  0%| F|  |TAMS 0x0000000706a00000| PB 0x0000000706a00000| Untracked |  0
|  22|0x0000000706c00000, 0x0000000706c00000, 0x0000000706e00000|  0%| F|  |TAMS 0x0000000706c00000| PB 0x0000000706c00000| Untracked |  0
|  23|0x0000000706e00000, 0x0000000706e00000, 0x0000000707000000|  0%| F|  |TAMS 0x0000000706e00000| PB 0x0000000706e00000| Untracked |  0
|  24|0x0000000707000000, 0x0000000707000000, 0x0000000707200000|  0%| F|  |TAMS 0x0000000707000000| PB 0x0000000707000000| Untracked |  0
|  25|0x0000000707200000, 0x0000000707200000, 0x0000000707400000|  0%| F|  |TAMS 0x0000000707200000| PB 0x0000000707200000| Untracked |  0
|  26|0x0000000707400000, 0x0000000707400000, 0x0000000707600000|  0%| F|  |TAMS 0x0000000707400000| PB 0x0000000707400000| Untracked |  0
|  27|0x0000000707600000, 0x0000000707600000, 0x0000000707800000|  0%| F|  |TAMS 0x0000000707600000| PB 0x0000000707600000| Untracked |  0
|  28|0x0000000707800000, 0x0000000707800000, 0x0000000707a00000|  0%| F|  |TAMS 0x0000000707800000| PB 0x0000000707800000| Untracked |  0
|  29|0x0000000707a00000, 0x0000000707a8f100, 0x0000000707c00000| 27%| S|CS|TAMS 0x0000000707a00000| PB 0x0000000707a00000| Complete |  0
|  30|0x0000000707c00000, 0x0000000707c00000, 0x0000000707e00000|  0%| F|  |TAMS 0x0000000707c00000| PB 0x0000000707c00000| Untracked |  0
|  31|0x0000000707e00000, 0x0000000707e00000, 0x0000000708000000|  0%| F|  |TAMS 0x0000000707e00000| PB 0x0000000707e00000| Untracked |  0
|  32|0x0000000708000000, 0x0000000708000000, 0x0000000708200000|  0%| F|  |TAMS 0x0000000708000000| PB 0x0000000708000000| Untracked |  0
|  33|0x0000000708200000, 0x0000000708200000, 0x0000000708400000|  0%| F|  |TAMS 0x0000000708200000| PB 0x0000000708200000| Untracked |  0
|  34|0x0000000708400000, 0x0000000708400000, 0x0000000708600000|  0%| F|  |TAMS 0x0000000708400000| PB 0x0000000708400000| Untracked |  0
|  35|0x0000000708600000, 0x0000000708600000, 0x0000000708800000|  0%| F|  |TAMS 0x0000000708600000| PB 0x0000000708600000| Untracked |  0
|  36|0x0000000708800000, 0x0000000708800000, 0x0000000708a00000|  0%| F|  |TAMS 0x0000000708800000| PB 0x0000000708800000| Untracked |  0
|  37|0x0000000708a00000, 0x0000000708a00000, 0x0000000708c00000|  0%| F|  |TAMS 0x0000000708a00000| PB 0x0000000708a00000| Untracked |  0
|  38|0x0000000708c00000, 0x0000000708c00000, 0x0000000708e00000|  0%| F|  |TAMS 0x0000000708c00000| PB 0x0000000708c00000| Untracked |  0
|  39|0x0000000708e00000, 0x0000000708e00000, 0x0000000709000000|  0%| F|  |TAMS 0x0000000708e00000| PB 0x0000000708e00000| Untracked |  0
|  40|0x0000000709000000, 0x0000000709000000, 0x0000000709200000|  0%| F|  |TAMS 0x0000000709000000| PB 0x0000000709000000| Untracked |  0
|  41|0x0000000709200000, 0x0000000709200000, 0x0000000709400000|  0%| F|  |TAMS 0x0000000709200000| PB 0x0000000709200000| Untracked |  0
|  42|0x0000000709400000, 0x0000000709400000, 0x0000000709600000|  0%| F|  |TAMS 0x0000000709400000| PB 0x0000000709400000| Untracked |  0
|  43|0x0000000709600000, 0x0000000709600000, 0x0000000709800000|  0%| F|  |TAMS 0x0000000709600000| PB 0x0000000709600000| Untracked |  0
|  44|0x0000000709800000, 0x0000000709800000, 0x0000000709a00000|  0%| F|  |TAMS 0x0000000709800000| PB 0x0000000709800000| Untracked |  0
|  45|0x0000000709a00000, 0x0000000709a00000, 0x0000000709c00000|  0%| F|  |TAMS 0x0000000709a00000| PB 0x0000000709a00000| Untracked |  0
|  46|0x0000000709c00000, 0x0000000709c00000, 0x0000000709e00000|  0%| F|  |TAMS 0x0000000709c00000| PB 0x0000000709c00000| Untracked |  0
|  47|0x0000000709e00000, 0x0000000709fc2940, 0x000000070a000000| 88%| E|  |TAMS 0x0000000709e00000| PB 0x0000000709e00000| Complete |  0
|  48|0x000000070a000000, 0x000000070a200000, 0x000000070a200000|100%| E|CS|TAMS 0x000000070a000000| PB 0x000000070a000000| Complete |  0
|  49|0x000000070a200000, 0x000000070a400000, 0x000000070a400000|100%| E|CS|TAMS 0x000000070a200000| PB 0x000000070a200000| Complete |  0
|  50|0x000000070a400000, 0x000000070a600000, 0x000000070a600000|100%| E|CS|TAMS 0x000000070a400000| PB 0x000000070a400000| Complete |  0
|  51|0x000000070a600000, 0x000000070a800000, 0x000000070a800000|100%| E|CS|TAMS 0x000000070a600000| PB 0x000000070a600000| Complete |  0
|  52|0x000000070a800000, 0x000000070aa00000, 0x000000070aa00000|100%| E|CS|TAMS 0x000000070a800000| PB 0x000000070a800000| Complete |  0
|  53|0x000000070aa00000, 0x000000070ac00000, 0x000000070ac00000|100%| E|CS|TAMS 0x000000070aa00000| PB 0x000000070aa00000| Complete |  0
|  54|0x000000070ac00000, 0x000000070ae00000, 0x000000070ae00000|100%| E|CS|TAMS 0x000000070ac00000| PB 0x000000070ac00000| Complete |  0
|  55|0x000000070ae00000, 0x000000070b000000, 0x000000070b000000|100%| E|CS|TAMS 0x000000070ae00000| PB 0x000000070ae00000| Complete |  0
|  56|0x000000070b000000, 0x000000070b200000, 0x000000070b200000|100%| E|CS|TAMS 0x000000070b000000| PB 0x000000070b000000| Complete |  0
|  57|0x000000070b200000, 0x000000070b400000, 0x000000070b400000|100%| E|CS|TAMS 0x000000070b200000| PB 0x000000070b200000| Complete |  0
|  58|0x000000070b400000, 0x000000070b600000, 0x000000070b600000|100%| E|CS|TAMS 0x000000070b400000| PB 0x000000070b400000| Complete |  0
|  59|0x000000070b600000, 0x000000070b800000, 0x000000070b800000|100%| E|CS|TAMS 0x000000070b600000| PB 0x000000070b600000| Complete |  0
|  60|0x000000070b800000, 0x000000070ba00000, 0x000000070ba00000|100%| E|CS|TAMS 0x000000070b800000| PB 0x000000070b800000| Complete |  0
|  61|0x000000070ba00000, 0x000000070bc00000, 0x000000070bc00000|100%| E|CS|TAMS 0x000000070ba00000| PB 0x000000070ba00000| Complete |  0
|  62|0x000000070bc00000, 0x000000070be00000, 0x000000070be00000|100%| E|CS|TAMS 0x000000070bc00000| PB 0x000000070bc00000| Complete |  0
|  63|0x000000070be00000, 0x000000070c000000, 0x000000070c000000|100%| E|CS|TAMS 0x000000070be00000| PB 0x000000070be00000| Complete |  0
|  64|0x000000070c000000, 0x000000070c200000, 0x000000070c200000|100%| E|CS|TAMS 0x000000070c000000| PB 0x000000070c000000| Complete |  0
|  65|0x000000070c200000, 0x000000070c400000, 0x000000070c400000|100%| E|CS|TAMS 0x000000070c200000| PB 0x000000070c200000| Complete |  0
|  66|0x000000070c400000, 0x000000070c600000, 0x000000070c600000|100%| E|CS|TAMS 0x000000070c400000| PB 0x000000070c400000| Complete |  0
|  67|0x000000070c600000, 0x000000070c800000, 0x000000070c800000|100%| E|CS|TAMS 0x000000070c600000| PB 0x000000070c600000| Complete |  0
|  68|0x000000070c800000, 0x000000070ca00000, 0x000000070ca00000|100%| E|CS|TAMS 0x000000070c800000| PB 0x000000070c800000| Complete |  0
|  69|0x000000070ca00000, 0x000000070cc00000, 0x000000070cc00000|100%| E|CS|TAMS 0x000000070ca00000| PB 0x000000070ca00000| Complete |  0
|  70|0x000000070cc00000, 0x000000070ce00000, 0x000000070ce00000|100%| E|CS|TAMS 0x000000070cc00000| PB 0x000000070cc00000| Complete |  0
|  71|0x000000070ce00000, 0x000000070d000000, 0x000000070d000000|100%| E|CS|TAMS 0x000000070ce00000| PB 0x000000070ce00000| Complete |  0
|  72|0x000000070d000000, 0x000000070d200000, 0x000000070d200000|100%| E|CS|TAMS 0x000000070d000000| PB 0x000000070d000000| Complete |  0
|  73|0x000000070d200000, 0x000000070d400000, 0x000000070d400000|100%| E|CS|TAMS 0x000000070d200000| PB 0x000000070d200000| Complete |  0
| 113|0x0000000712200000, 0x0000000712400000, 0x0000000712400000|100%| O|  |TAMS 0x0000000712200000| PB 0x0000000712200000| Untracked |  0

Card table byte_map: [0x00000147b3b00000,0x00000147b42e0000] _byte_map_base: 0x00000147b02e0000

Marking Bits: (CMBitMap*) 0x000001479bd1daa0
 Bits: [0x00000147b42e0000, 0x00000147b81e0000)

Polling page: 0x0000014799c10000

Metaspace:

Usage:
  Non-class:     20.26 MB used.
      Class:      2.05 MB used.
       Both:     22.31 MB used.

Virtual space:
  Non-class space:       64.00 MB reserved,      20.44 MB ( 32%) committed,  1 nodes.
      Class space:        1.00 GB reserved,       2.19 MB ( <1%) committed,  1 nodes.
             Both:        1.06 GB reserved,      22.62 MB (  2%) committed. 

Chunk freelists:
   Non-Class:  10.67 MB
       Class:  13.86 MB
        Both:  24.53 MB

MaxMetaspaceSize: unlimited
CompressedClassSpaceSize: 1.00 GB
Initial GC threshold: 21.00 MB
Current GC threshold: 35.25 MB
CDS: on
 - commit_granule_bytes: 65536.
 - commit_granule_words: 8192.
 - virtual_space_node_default_size: 8388608.
 - enlarge_chunks_in_place: 1.
 - use_allocation_guard: 0.


Internal statistics:

num_allocs_failed_limit: 3.
num_arena_births: 236.
num_arena_deaths: 0.
num_vsnodes_births: 2.
num_vsnodes_deaths: 0.
num_space_committed: 361.
num_space_uncommitted: 0.
num_chunks_returned_to_freelist: 3.
num_chunks_taken_from_freelist: 636.
num_chunk_merges: 3.
num_chunk_splits: 439.
num_chunks_enlarged: 314.
num_inconsistent_stats: 0.

CodeHeap 'non-profiled nmethods': size=120000Kb used=3605Kb max_used=3605Kb free=116394Kb
 bounds [0x00000147abac0000, 0x00000147abe50000, 0x00000147b2ff0000]
CodeHeap 'profiled nmethods': size=120000Kb used=7972Kb max_used=7972Kb free=112027Kb
 bounds [0x00000147a3ff0000, 0x00000147a47c0000, 0x00000147ab520000]
CodeHeap 'non-nmethods': size=5760Kb used=2801Kb max_used=2859Kb free=2958Kb
 bounds [0x00000147ab520000, 0x00000147ab800000, 0x00000147abac0000]
 total_blobs=5499 nmethods=4224 adapters=1179
 compilation: enabled
              stopped_count=0, restarted_count=0
 full_count=0

Compilation events (20 events):
Event: 28.772 Thread 0x00000147bac433d0 nmethod 4414 0x00000147abe39b10 code [0x00000147abe39d20, 0x00000147abe3a8f8]
Event: 28.772 Thread 0x00000147bac433d0 4415       4       com.jme3.bullet.debug.BulletCharacterDebugControl::controlUpdate (138 bytes)
Event: 28.783 Thread 0x00000147bac433d0 nmethod 4415 0x00000147abe3b310 code [0x00000147abe3b500, 0x00000147abe3bbd8]
Event: 28.892 Thread 0x00000147bac412a0 nmethod 4411 0x00000147abe3c090 code [0x00000147abe3c520, 0x00000147abe3fcb8]
Event: 31.696 Thread 0x00000147bac412a0 4416       4       com.jme3.scene.Mesh::computeInstanceCount (47 bytes)
Event: 31.715 Thread 0x00000147bac412a0 nmethod 4416 0x00000147abe42310 code [0x00000147abe42500, 0x00000147abe42c78]
Event: 32.459 Thread 0x00000147bac412a0 4417       4       java.util.ArrayDeque::inc (12 bytes)
Event: 32.460 Thread 0x00000147bac412a0 nmethod 4417 0x00000147abe43190 code [0x00000147abe43300, 0x00000147abe43378]
Event: 32.475 Thread 0x00000147bac44840 4418       3       java.util.ArrayDeque::addLast (51 bytes)
Event: 32.476 Thread 0x00000147bac44840 nmethod 4418 0x00000147a47b5e10 code [0x00000147a47b6000, 0x00000147a47b64c8]
Event: 32.510 Thread 0x00000147bac412a0 4419       4       jdk.internal.misc.Unsafe::weakCompareAndSetReference (11 bytes)
Event: 32.513 Thread 0x00000147bac412a0 nmethod 4419 0x00000147abe43490 code [0x00000147abe43600, 0x00000147abe43770]
Event: 32.909 Thread 0x00000147bac412a0 4420       4       com.jme3.bullet.PhysicsSpace::addCollisionEvent_native (20 bytes)
Event: 32.942 Thread 0x00000147bac412a0 nmethod 4420 0x00000147abe43810 code [0x00000147abe43a20, 0x00000147abe44e10]
Event: 33.799 Thread 0x00000147bac44840 4421   !   3       java.util.logging.LogManager$LoggerContext::findLogger (113 bytes)
Event: 33.802 Thread 0x00000147bac44840 nmethod 4421 0x00000147a47b6690 code [0x00000147a47b6940, 0x00000147a47b7888]
Event: 33.802 Thread 0x00000147bac44840 4422       3       java.util.logging.LogManager::checkPermission (16 bytes)
Event: 33.802 Thread 0x00000147bac44840 nmethod 4422 0x00000147a47b7e10 code [0x00000147a47b7fc0, 0x00000147a47b81b0]
Event: 33.802 Thread 0x00000147bac44840 4423       3       java.util.logging.Logger::updateEffectiveLevel (126 bytes)
Event: 33.804 Thread 0x00000147bac44840 nmethod 4423 0x00000147a47b8290 code [0x00000147a47b84c0, 0x00000147a47b8f70]

GC Heap History (20 events):
Event: 2.622 GC heap before
{Heap before GC invocations=1 (full 0):
 garbage-first heap   total reserved 4128768K, committed 258048K, used 13413K [0x0000000704000000, 0x0000000800000000)
  region size 2048K, 5 young (10240K), 2 survivors (4096K)
 Metaspace       used 11535K, committed 11776K, reserved 1114112K
  class space    used 1309K, committed 1472K, reserved 1048576K
}
Event: 2.637 GC heap after
{Heap after GC invocations=2 (full 1):
 garbage-first heap   total reserved 4128768K, committed 49152K, used 10072K [0x0000000704000000, 0x0000000800000000)
  region size 2048K, 0 young (0K), 0 survivors (0K)
 Metaspace       used 11535K, committed 11776K, reserved 1114112K
  class space    used 1309K, committed 1472K, reserved 1048576K
}
Event: 2.639 GC heap before
{Heap before GC invocations=2 (full 1):
 garbage-first heap   total reserved 4128768K, committed 49152K, used 10072K [0x0000000704000000, 0x0000000800000000)
  region size 2048K, 0 young (0K), 0 survivors (0K)
 Metaspace       used 11535K, committed 11776K, reserved 1114112K
  class space    used 1309K, committed 1472K, reserved 1048576K
}
Event: 2.653 GC heap after
{Heap after GC invocations=3 (full 2):
 garbage-first heap   total reserved 4128768K, committed 40960K, used 10069K [0x0000000704000000, 0x0000000800000000)
  region size 2048K, 0 young (0K), 0 survivors (0K)
 Metaspace       used 11535K, committed 11776K, reserved 1114112K
  class space    used 1309K, committed 1472K, reserved 1048576K
}
Event: 3.923 GC heap before
{Heap before GC invocations=3 (full 2):
 garbage-first heap   total reserved 4128768K, committed 40960K, used 24405K [0x0000000704000000, 0x0000000800000000)
  region size 2048K, 8 young (16384K), 0 survivors (0K)
 Metaspace       used 16502K, committed 16832K, reserved 1114112K
  class space    used 1574K, committed 1728K, reserved 1048576K
}
Event: 3.929 GC heap after
{Heap after GC invocations=4 (full 2):
 garbage-first heap   total reserved 4128768K, committed 40960K, used 12310K [0x0000000704000000, 0x0000000800000000)
  region size 2048K, 1 young (2048K), 1 survivors (2048K)
 Metaspace       used 16502K, committed 16832K, reserved 1114112K
  class space    used 1574K, committed 1728K, reserved 1048576K
}
Event: 5.362 GC heap before
{Heap before GC invocations=4 (full 2):
 garbage-first heap   total reserved 4128768K, committed 40960K, used 24598K [0x0000000704000000, 0x0000000800000000)
  region size 2048K, 8 young (16384K), 1 survivors (2048K)
 Metaspace       used 21041K, committed 21312K, reserved 1114112K
  class space    used 2000K, committed 2112K, reserved 1048576K
}
Event: 5.368 GC heap after
{Heap after GC invocations=5 (full 2):
 garbage-first heap   total reserved 4128768K, committed 40960K, used 13642K [0x0000000704000000, 0x0000000800000000)
  region size 2048K, 1 young (2048K), 1 survivors (2048K)
 Metaspace       used 21041K, committed 21312K, reserved 1114112K
  class space    used 2000K, committed 2112K, reserved 1048576K
}
Event: 5.578 GC heap before
{Heap before GC invocations=5 (full 2):
 garbage-first heap   total reserved 4128768K, committed 40960K, used 25930K [0x0000000704000000, 0x0000000800000000)
  region size 2048K, 8 young (16384K), 1 survivors (2048K)
 Metaspace       used 21275K, committed 21504K, reserved 1114112K
  class space    used 2003K, committed 2112K, reserved 1048576K
}
Event: 5.580 GC heap after
{Heap after GC invocations=6 (full 2):
 garbage-first heap   total reserved 4128768K, committed 40960K, used 13669K [0x0000000704000000, 0x0000000800000000)
  region size 2048K, 1 young (2048K), 1 survivors (2048K)
 Metaspace       used 21275K, committed 21504K, reserved 1114112K
  class space    used 2003K, committed 2112K, reserved 1048576K
}
Event: 5.632 GC heap before
{Heap before GC invocations=6 (full 2):
 garbage-first heap   total reserved 4128768K, committed 40960K, used 15717K [0x0000000704000000, 0x0000000800000000)
  region size 2048K, 3 young (6144K), 1 survivors (2048K)
 Metaspace       used 21293K, committed 21504K, reserved 1114112K
  class space    used 2004K, committed 2112K, reserved 1048576K
}
Event: 5.633 GC heap after
{Heap after GC invocations=7 (full 2):
 garbage-first heap   total reserved 4128768K, committed 40960K, used 13640K [0x0000000704000000, 0x0000000800000000)
  region size 2048K, 1 young (2048K), 1 survivors (2048K)
 Metaspace       used 21293K, committed 21504K, reserved 1114112K
  class space    used 2004K, committed 2112K, reserved 1048576K
}
Event: 5.816 GC heap before
{Heap before GC invocations=8 (full 2):
 garbage-first heap   total reserved 4128768K, committed 47104K, used 40264K [0x0000000704000000, 0x0000000800000000)
  region size 2048K, 6 young (12288K), 1 survivors (2048K)
 Metaspace       used 21645K, committed 21952K, reserved 1114112K
  class space    used 2036K, committed 2176K, reserved 1048576K
}
Event: 5.820 GC heap after
{Heap after GC invocations=9 (full 2):
 garbage-first heap   total reserved 4128768K, committed 49152K, used 23275K [0x0000000704000000, 0x0000000800000000)
  region size 2048K, 1 young (2048K), 1 survivors (2048K)
 Metaspace       used 21645K, committed 21952K, reserved 1114112K
  class space    used 2036K, committed 2176K, reserved 1048576K
}
Event: 5.962 GC heap before
{Heap before GC invocations=9 (full 2):
 garbage-first heap   total reserved 4128768K, committed 49152K, used 39659K [0x0000000704000000, 0x0000000800000000)
  region size 2048K, 9 young (18432K), 1 survivors (2048K)
 Metaspace       used 21914K, committed 22144K, reserved 1114112K
  class space    used 2055K, committed 2176K, reserved 1048576K
}
Event: 5.970 GC heap after
{Heap after GC invocations=10 (full 2):
 garbage-first heap   total reserved 4128768K, committed 49152K, used 18262K [0x0000000704000000, 0x0000000800000000)
  region size 2048K, 2 young (4096K), 2 survivors (4096K)
 Metaspace       used 21914K, committed 22144K, reserved 1114112K
  class space    used 2055K, committed 2176K, reserved 1048576K
}
Event: 9.279 GC heap before
{Heap before GC invocations=10 (full 2):
 garbage-first heap   total reserved 4128768K, committed 49152K, used 36694K [0x0000000704000000, 0x0000000800000000)
  region size 2048K, 11 young (22528K), 2 survivors (4096K)
 Metaspace       used 22819K, committed 23104K, reserved 1114112K
  class space    used 2096K, committed 2240K, reserved 1048576K
}
Event: 9.292 GC heap after
{Heap after GC invocations=11 (full 2):
 garbage-first heap   total reserved 4128768K, committed 153600K, used 19261K [0x0000000704000000, 0x0000000800000000)
  region size 2048K, 1 young (2048K), 1 survivors (2048K)
 Metaspace       used 22819K, committed 23104K, reserved 1114112K
  class space    used 2096K, committed 2240K, reserved 1048576K
}
Event: 24.349 GC heap before
{Heap before GC invocations=11 (full 2):
 garbage-first heap   total reserved 4128768K, committed 153600K, used 109373K [0x0000000704000000, 0x0000000800000000)
  region size 2048K, 45 young (92160K), 1 survivors (2048K)
 Metaspace       used 22833K, committed 23168K, reserved 1114112K
  class space    used 2096K, committed 2240K, reserved 1048576K
}
Event: 24.352 GC heap after
{Heap after GC invocations=12 (full 2):
 garbage-first heap   total reserved 4128768K, committed 153600K, used 18868K [0x0000000704000000, 0x0000000800000000)
  region size 2048K, 1 young (2048K), 1 survivors (2048K)
 Metaspace       used 22833K, committed 23168K, reserved 1114112K
  class space    used 2096K, committed 2240K, reserved 1048576K
}

Dll operation events (14 events):
Event: 0.010 Loaded shared library C:\Program Files\Java\jdk-22\bin\java.dll
Event: 0.049 Loaded shared library C:\Program Files\Java\jdk-22\bin\jsvml.dll
Event: 0.264 Loaded shared library C:\Program Files\Java\jdk-22\bin\net.dll
Event: 0.266 Loaded shared library C:\Program Files\Java\jdk-22\bin\nio.dll
Event: 0.281 Loaded shared library C:\Program Files\Java\jdk-22\bin\zip.dll
Event: 0.363 Loaded shared library C:\Program Files\Java\jdk-22\bin\jimage.dll
Event: 0.466 Loaded shared library C:\Program Files\Java\jdk-22\bin\awt.dll
Event: 0.606 Loaded shared library C:\Program Files\Java\jdk-22\bin\prefs.dll
Event: 0.660 Loaded shared library C:\Program Files\Java\jdk-22\bin\freetype.dll
Event: 0.661 Loaded shared library C:\Program Files\Java\jdk-22\bin\fontmanager.dll
Event: 2.749 Loaded shared library D:\CSProject2024\bulletjme.dll
Event: 2.817 Loaded shared library C:\Users\10126\AppData\Local\Temp\lwjgl10126\3.2.3-build-13\lwjgl.dll
Event: 3.187 Loaded shared library C:\Users\10126\AppData\Local\Temp\lwjgl10126\3.2.3-build-13\lwjgl_opengl.dll
Event: 5.327 Loaded shared library C:\Program Files\Java\jdk-22\bin\javajpeg.dll

Deoptimization events (20 events):
Event: 25.310 Thread 0x000001479bca9110 Uncommon trap: trap_request=0xffffff45 fr.pc=0x00000147abdeb5e8 relative=0x0000000000000528
Event: 25.310 Thread 0x000001479bca9110 Uncommon trap: reason=unstable_if action=reinterpret pc=0x00000147abdeb5e8 method=java.util.concurrent.ConcurrentLinkedQueue.poll()Ljava/lang/Object; @ 40 c2
Event: 25.310 Thread 0x000001479bca9110 DEOPT PACKING pc=0x00000147abdeb5e8 sp=0x00000023b6ffc4d0
Event: 25.310 Thread 0x000001479bca9110 DEOPT UNPACKING pc=0x00000147ab577da2 sp=0x00000023b6ffc488 mode 2
Event: 25.311 Thread 0x000001479bca9110 Uncommon trap: trap_request=0xffffff45 fr.pc=0x00000147abe14c08 relative=0x0000000000000888
Event: 25.311 Thread 0x000001479bca9110 Uncommon trap: reason=unstable_if action=reinterpret pc=0x00000147abe14c08 method=java.util.concurrent.ConcurrentLinkedQueue.offer(Ljava/lang/Object;)Z @ 67 c2
Event: 25.312 Thread 0x000001479bca9110 DEOPT PACKING pc=0x00000147abe14c08 sp=0x00000023b6fff270
Event: 25.312 Thread 0x000001479bca9110 DEOPT UNPACKING pc=0x00000147ab577da2 sp=0x00000023b6fff098 mode 2
Event: 28.178 Thread 0x000001479bca9110 Uncommon trap: trap_request=0xffffff45 fr.pc=0x00000147abe139a0 relative=0x00000000000007a0
Event: 28.178 Thread 0x000001479bca9110 Uncommon trap: reason=unstable_if action=reinterpret pc=0x00000147abe139a0 method=java.util.concurrent.ConcurrentLinkedQueue.offer(Ljava/lang/Object;)Z @ 67 c2
Event: 28.178 Thread 0x000001479bca9110 DEOPT PACKING pc=0x00000147abe139a0 sp=0x00000023b6fff210
Event: 28.178 Thread 0x000001479bca9110 DEOPT UNPACKING pc=0x00000147ab577da2 sp=0x00000023b6fff0a0 mode 2
Event: 31.910 Thread 0x000001479bca9110 Uncommon trap: trap_request=0xffffff45 fr.pc=0x00000147abe365a4 relative=0x0000000000000204
Event: 31.910 Thread 0x000001479bca9110 Uncommon trap: reason=unstable_if action=reinterpret pc=0x00000147abe365a4 method=java.util.ArrayDeque.addLast(Ljava/lang/Object;)V @ 42 c2
Event: 31.910 Thread 0x000001479bca9110 DEOPT PACKING pc=0x00000147abe365a4 sp=0x00000023b6ffc660
Event: 31.910 Thread 0x000001479bca9110 DEOPT UNPACKING pc=0x00000147ab577da2 sp=0x00000023b6ffc610 mode 2
Event: 33.796 Thread 0x000001479bca9110 Uncommon trap: trap_request=0xffffff45 fr.pc=0x00000147abe28224 relative=0x0000000000001744
Event: 33.796 Thread 0x000001479bca9110 Uncommon trap: reason=unstable_if action=reinterpret pc=0x00000147abe28224 method=com.csproject.jMEMain.simpleUpdate(F)V @ 455 c2
Event: 33.796 Thread 0x000001479bca9110 DEOPT PACKING pc=0x00000147abe28224 sp=0x00000023b6fff310
Event: 33.796 Thread 0x000001479bca9110 DEOPT UNPACKING pc=0x00000147ab577da2 sp=0x00000023b6fff2c8 mode 2

Classes loaded (20 events):
Event: 5.428 Loading class java/lang/NumberFormatException
Event: 5.428 Loading class java/lang/NumberFormatException done
Event: 5.428 Loading class jdk/internal/math/FDBigInteger
Event: 5.428 Loading class jdk/internal/math/FDBigInteger done
Event: 5.681 Loading class java/util/stream/Streams$RangeIntSpliterator
Event: 5.681 Loading class java/util/stream/Streams$RangeIntSpliterator done
Event: 5.696 Loading class java/lang/Byte$ByteCache
Event: 5.696 Loading class java/lang/Byte$ByteCache done
Event: 5.920 Loading class java/util/function/UnaryOperator
Event: 5.920 Loading class java/util/function/UnaryOperator done
Event: 5.920 Loading class java/io/ObjectOutput
Event: 5.921 Loading class java/io/ObjectOutput done
Event: 5.921 Loading class java/io/ObjectInput
Event: 5.921 Loading class java/io/ObjectInput done
Event: 5.971 Loading class java/nio/DirectFloatBufferRU
Event: 5.971 Loading class java/nio/DirectFloatBufferRU done
Event: 5.991 Loading class java/util/concurrent/ConcurrentLinkedQueue$Itr
Event: 5.991 Loading class java/util/concurrent/ConcurrentLinkedQueue$Itr done
Event: 5.999 Loading class java/util/JumboEnumSet$EnumSetIterator
Event: 5.999 Loading class java/util/JumboEnumSet$EnumSetIterator done

Classes unloaded (0 events):
No events

Classes redefined (0 events):
No events

Internal exceptions (20 events):
Event: 2.868 Thread 0x000001479bca9110 Exception <a 'sun/nio/fs/WindowsException'{0x00000007061e9a08}> (0x00000007061e9a08) 
thrown [s\open\src\hotspot\share\prims\jni.cpp, line 520]
Event: 2.868 Thread 0x000001479bca9110 Exception <a 'sun/nio/fs/WindowsException'{0x00000007061e9d78}> (0x00000007061e9d78) 
thrown [s\open\src\hotspot\share\prims\jni.cpp, line 520]
Event: 3.177 Thread 0x000001479bca9110 Exception <a 'java/lang/NoSuchMethodError'{0x0000000705e3c708}: 'void java.lang.System.load(java.lang.String, java.lang.Class)'> (0x0000000705e3c708) 
thrown [s\open\src\hotspot\share\interpreter\linkResolver.cpp, line 774]
Event: 3.178 Thread 0x000001479bca9110 Exception <a 'java/lang/NoSuchMethodError'{0x0000000705e3f158}: 'void java.lang.System.loadLibrary(java.lang.String, java.lang.Class)'> (0x0000000705e3f158) 
thrown [s\open\src\hotspot\share\interpreter\linkResolver.cpp, line 774]
Event: 3.185 Thread 0x000001479bca9110 Exception <a 'sun/nio/fs/WindowsException'{0x0000000705e4ed38}> (0x0000000705e4ed38) 
thrown [s\open\src\hotspot\share\prims\jni.cpp, line 520]
Event: 3.185 Thread 0x000001479bca9110 Exception <a 'sun/nio/fs/WindowsException'{0x0000000705e4f0e8}> (0x0000000705e4f0e8) 
thrown [s\open\src\hotspot\share\prims\jni.cpp, line 520]
Event: 3.189 Thread 0x000001479bca9110 Exception <a 'sun/nio/fs/WindowsException'{0x0000000705e572f0}> (0x0000000705e572f0) 
thrown [s\open\src\hotspot\share\prims\jni.cpp, line 520]
Event: 3.189 Thread 0x000001479bca9110 Exception <a 'sun/nio/fs/WindowsException'{0x0000000705e575d8}> (0x0000000705e575d8) 
thrown [s\open\src\hotspot\share\prims\jni.cpp, line 520]
Event: 3.788 Thread 0x000001479bca9110 Exception <a 'java/lang/NoSuchMethodError'{0x00000007058c9820}: 'long java.lang.invoke.DelegatingMethodHandle$Holder.reinvoke_L(java.lang.Object, java.lang.Object)'> (0x00000007058c9820) 
thrown [s\open\src\hotspot\share\interpreter\linkResolver.cpp, line 774]
Event: 3.789 Thread 0x000001479bca9110 Exception <a 'java/lang/NoSuchMethodError'{0x00000007058cff18}: 'long java.lang.invoke.Invokers$Holder.invokeExact_MT(java.lang.Object, java.lang.Object, java.lang.Object)'> (0x00000007058cff18) 
thrown [s\open\src\hotspot\share\interpreter\linkResolver.cpp, line 774]
Event: 4.065 Thread 0x000001479bca9110 Exception <a 'sun/nio/fs/WindowsException'{0x000000070610e580}> (0x000000070610e580) 
thrown [s\open\src\hotspot\share\prims\jni.cpp, line 520]
Event: 4.065 Thread 0x000001479bca9110 Exception <a 'sun/nio/fs/WindowsException'{0x000000070610e908}> (0x000000070610e908) 
thrown [s\open\src\hotspot\share\prims\jni.cpp, line 520]
Event: 5.282 Thread 0x000001479bca9110 Exception <a 'java/lang/NoSuchMethodError'{0x0000000705a821a0}: 'void java.lang.invoke.DirectMethodHandle$Holder.invokeStatic(java.lang.Object, java.lang.Object, java.lang.Object)'> (0x0000000705a821a0) 
thrown [s\open\src\hotspot\share\interpreter\linkResolver.cpp, line 774]
Event: 5.683 Thread 0x000001479bca9110 Exception <a 'java/lang/NoSuchMethodError'{0x000000070648cb58}: 'java.lang.Object java.lang.invoke.DirectMethodHandle$Holder.newInvokeSpecial(java.lang.Object, java.lang.Object, java.lang.Object, java.lang.Object, java.lang.Object, java.lang.Object, java.lang.Object)'> (0x000000070648cb58) 
thrown [s\open\src\hotspot\share\interpreter\linkResolver.cpp, line 774]
Event: 5.982 Thread 0x000001479bca9110 Exception <a 'java/lang/NoSuchMethodError'{0x0000000706c5eea0}: 'void java.lang.invoke.DirectMethodHandle$Holder.invokeSpecial(java.lang.Object, java.lang.Object, int)'> (0x0000000706c5eea0) 
thrown [s\open\src\hotspot\share\interpreter\linkResolver.cpp, line 774]
Event: 8.131 Thread 0x000001479bca9110 Implicit null exception at 0x00000147abd2dfc3 to 0x00000147abd2f3f4
Event: 8.132 Thread 0x000001479bca9110 Implicit null exception at 0x00000147abd2dfc3 to 0x00000147abd2f3f4
Event: 8.132 Thread 0x000001479bca9110 Implicit null exception at 0x00000147abd2dfc3 to 0x00000147abd2f3f4
Event: 8.135 Thread 0x000001479bca9110 Implicit null exception at 0x00000147abd2dfc3 to 0x00000147abd2f3f4
Event: 8.136 Thread 0x000001479bca9110 Implicit null exception at 0x00000147abd30344 to 0x00000147abd3108c

ZGC Phase Switch (0 events):
No events

VM Operations (20 events):
Event: 9.279 Executing VM operation: G1CollectForAllocation (G1 Evacuation Pause)
Event: 9.292 Executing VM operation: G1CollectForAllocation (G1 Evacuation Pause) done
Event: 10.297 Executing VM operation: Cleanup
Event: 10.297 Executing VM operation: Cleanup done
Event: 11.298 Executing VM operation: Cleanup
Event: 11.298 Executing VM operation: Cleanup done
Event: 12.303 Executing VM operation: Cleanup
Event: 12.303 Executing VM operation: Cleanup done
Event: 13.303 Executing VM operation: Cleanup
Event: 13.304 Executing VM operation: Cleanup done
Event: 16.315 Executing VM operation: Cleanup
Event: 16.316 Executing VM operation: Cleanup done
Event: 19.319 Executing VM operation: Cleanup
Event: 19.319 Executing VM operation: Cleanup done
Event: 20.320 Executing VM operation: Cleanup
Event: 20.320 Executing VM operation: Cleanup done
Event: 22.330 Executing VM operation: Cleanup
Event: 22.330 Executing VM operation: Cleanup done
Event: 24.349 Executing VM operation: G1CollectForAllocation (G1 Evacuation Pause)
Event: 24.352 Executing VM operation: G1CollectForAllocation (G1 Evacuation Pause) done

Memory protections (0 events):
No events

Nmethod flushes (20 events):
Event: 2.647 Thread 0x00000147bac0eee0 flushing  nmethod 0x00000147a4201310
Event: 2.647 Thread 0x00000147bac0eee0 flushing  nmethod 0x00000147a4201d90
Event: 2.647 Thread 0x00000147bac0eee0 flushing  nmethod 0x00000147a4202e90
Event: 2.647 Thread 0x00000147bac0eee0 flushing  nmethod 0x00000147a4203690
Event: 2.647 Thread 0x00000147bac0eee0 flushing  nmethod 0x00000147a4226990
Event: 2.647 Thread 0x00000147bac0eee0 flushing  nmethod 0x00000147a4226f90
Event: 2.647 Thread 0x00000147bac0eee0 flushing  nmethod 0x00000147a423a990
Event: 2.647 Thread 0x00000147bac0eee0 flushing  nmethod 0x00000147a4249d10
Event: 2.647 Thread 0x00000147bac0eee0 flushing  nmethod 0x00000147a426bf90
Event: 2.647 Thread 0x00000147bac0eee0 flushing  nmethod 0x00000147a426c410
Event: 2.647 Thread 0x00000147bac0eee0 flushing  nmethod 0x00000147a42b6f10
Event: 5.650 Thread 0x00000147bac0eee0 flushing  nmethod 0x00000147abb19690
Event: 5.650 Thread 0x00000147bac0eee0 flushing  nmethod 0x00000147abb49810
Event: 5.650 Thread 0x00000147bac0eee0 flushing  nmethod 0x00000147a41ae710
Event: 5.650 Thread 0x00000147bac0eee0 flushing  nmethod 0x00000147a434eb90
Event: 5.650 Thread 0x00000147bac0eee0 flushing  nmethod 0x00000147abb1c710
Event: 5.650 Thread 0x00000147bac0eee0 flushing  nmethod 0x00000147abb27810
Event: 5.650 Thread 0x00000147bac0eee0 flushing  nmethod 0x00000147a3ff0490
Event: 5.650 Thread 0x00000147bac0eee0 flushing  nmethod 0x00000147a4223690
Event: 5.650 Thread 0x00000147bac0eee0 flushing  nmethod 0x00000147a4225490

Events (20 events):
Event: 11.281 Thread 0x00000147bac44840 Thread added: 0x00000147bac433d0
Event: 12.634 Thread 0x00000147bac433d0 Thread exited: 0x00000147bac433d0
Event: 12.967 Thread 0x00000147bac43aa0 Thread exited: 0x00000147bac43aa0
Event: 24.331 Thread 0x00000147bac412a0 Thread added: 0x00000147bac433d0
Event: 25.312 Thread 0x00000147bac433d0 Thread exited: 0x00000147bac433d0
Event: 26.505 Thread 0x00000147bac412a0 Thread added: 0x00000147bac44f10
Event: 26.505 Thread 0x00000147bac412a0 Thread added: 0x00000147bac42630
Event: 27.414 Thread 0x00000147bac42630 Thread exited: 0x00000147bac42630
Event: 27.643 Thread 0x00000147bac44f10 Thread exited: 0x00000147bac44f10
Event: 28.634 Thread 0x00000147bac412a0 Thread added: 0x00000147bac433d0
Event: 31.696 Thread 0x00000147bac433d0 Thread exited: 0x00000147bac433d0
Event: 33.798 Thread 0x000001479bca9110 Thread added: 0x0000014782d04a90
Event: 33.798 Thread 0x000001479bca9110 Thread added: 0x0000014782d02330
Event: 33.798 Thread 0x000001479bca9110 Thread added: 0x0000014782d029c0
Event: 33.799 Thread 0x0000014782d029c0 Thread exited: 0x0000014782d029c0
Event: 33.799 Thread 0x00000147bac3df40 Thread added: 0x0000014782d03050
Event: 33.800 Thread 0x0000014782d04a90 Thread exited: 0x0000014782d04a90
Event: 33.808 Thread 0x00000147bac3df40 Thread exited: 0x00000147bac3df40
Event: 33.910 Thread 0x0000014782d02330 Thread exited: 0x0000014782d02330
Event: 33.910 Thread 0x000001479bca9110 Before exit entered


Dynamic libraries:
0x00007ff7af750000 - 0x00007ff7af760000 	C:\Program Files\Java\jdk-22\bin\java.exe
0x00007fff76810000 - 0x00007fff76a08000 	C:\WINDOWS\SYSTEM32\ntdll.dll
0x00007fff763a0000 - 0x00007fff76462000 	C:\WINDOWS\System32\KERNEL32.DLL
0x00007fff73ee0000 - 0x00007fff741de000 	C:\WINDOWS\System32\KERNELBASE.dll
0x00007fff74510000 - 0x00007fff74610000 	C:\WINDOWS\System32\ucrtbase.dll
0x00007fff31bc0000 - 0x00007fff31bdb000 	C:\Program Files\Java\jdk-22\bin\VCRUNTIME140.dll
0x00007fff67cf0000 - 0x00007fff67d07000 	C:\Program Files\Java\jdk-22\bin\jli.dll
0x00007fff76550000 - 0x00007fff766ed000 	C:\WINDOWS\System32\USER32.dll
0x00007fff744e0000 - 0x00007fff74502000 	C:\WINDOWS\System32\win32u.dll
0x00007fff751e0000 - 0x00007fff7520b000 	C:\WINDOWS\System32\GDI32.dll
0x00007fff61ac0000 - 0x00007fff61d5a000 	C:\WINDOWS\WinSxS\amd64_microsoft.windows.common-controls_6595b64144ccf1df_6.0.19041.4355_none_60b8b9eb71f62e16\COMCTL32.dll
0x00007fff74610000 - 0x00007fff74727000 	C:\WINDOWS\System32\gdi32full.dll
0x00007fff743d0000 - 0x00007fff7446d000 	C:\WINDOWS\System32\msvcp_win.dll
0x00007fff75f90000 - 0x00007fff7602e000 	C:\WINDOWS\System32\msvcrt.dll
0x00007fff76370000 - 0x00007fff7639f000 	C:\WINDOWS\System32\IMM32.DLL
0x00007fff6b550000 - 0x00007fff6b55c000 	C:\Program Files\Java\jdk-22\bin\vcruntime140_1.dll
0x00007fff2b380000 - 0x00007fff2b40e000 	C:\Program Files\Java\jdk-22\bin\msvcp140.dll
0x00007fff0d1b0000 - 0x00007fff0def9000 	C:\Program Files\Java\jdk-22\bin\server\jvm.dll
0x00007fff76100000 - 0x00007fff761b1000 	C:\WINDOWS\System32\ADVAPI32.dll
0x00007fff748b0000 - 0x00007fff7494f000 	C:\WINDOWS\System32\sechost.dll
0x00007fff75e60000 - 0x00007fff75f83000 	C:\WINDOWS\System32\RPCRT4.dll
0x00007fff73eb0000 - 0x00007fff73ed7000 	C:\WINDOWS\System32\bcrypt.dll
0x00007fff75480000 - 0x00007fff754eb000 	C:\WINDOWS\System32\WS2_32.dll
0x00007fff66930000 - 0x00007fff66957000 	C:\WINDOWS\SYSTEM32\WINMM.dll
0x00007fff733f0000 - 0x00007fff7343b000 	C:\WINDOWS\SYSTEM32\POWRPROF.dll
0x00007fff693b0000 - 0x00007fff693ba000 	C:\WINDOWS\SYSTEM32\VERSION.dll
0x00007fff732b0000 - 0x00007fff732c2000 	C:\WINDOWS\SYSTEM32\UMPDC.dll
0x00007fff726d0000 - 0x00007fff726e2000 	C:\WINDOWS\SYSTEM32\kernel.appcore.dll
0x00007fff6a360000 - 0x00007fff6a36a000 	C:\Program Files\Java\jdk-22\bin\jimage.dll
0x00007fff71bb0000 - 0x00007fff71d94000 	C:\WINDOWS\SYSTEM32\DBGHELP.DLL
0x00007fff67a80000 - 0x00007fff67ab4000 	C:\WINDOWS\SYSTEM32\dbgcore.DLL
0x00007fff741e0000 - 0x00007fff74262000 	C:\WINDOWS\System32\bcryptPrimitives.dll
0x00007fff5c780000 - 0x00007fff5c7bc000 	C:\Program Files\Java\jdk-22\bin\jdwp.dll
0x00007fff319e0000 - 0x00007fff319fe000 	C:\Program Files\Java\jdk-22\bin\java.dll
0x00007fff74a70000 - 0x00007fff751dd000 	C:\WINDOWS\System32\SHELL32.dll
0x00007fff75cc0000 - 0x00007fff75deb000 	C:\WINDOWS\System32\ole32.dll
0x00007fff754f0000 - 0x00007fff75843000 	C:\WINDOWS\System32\combase.dll
0x00007fff71da0000 - 0x00007fff72544000 	C:\WINDOWS\SYSTEM32\windows.storage.dll
0x00007fff738e0000 - 0x00007fff7390e000 	C:\WINDOWS\SYSTEM32\Wldp.dll
0x00007fff76030000 - 0x00007fff760fd000 	C:\WINDOWS\System32\OLEAUT32.dll
0x00007fff75310000 - 0x00007fff753bd000 	C:\WINDOWS\System32\SHCORE.dll
0x00007fff75e00000 - 0x00007fff75e55000 	C:\WINDOWS\System32\shlwapi.dll
0x00007fff73de0000 - 0x00007fff73e04000 	C:\WINDOWS\SYSTEM32\profapi.dll
0x00007fff2b640000 - 0x00007fff2b717000 	C:\Program Files\Java\jdk-22\bin\jsvml.dll
0x00007fff6a5e0000 - 0x00007fff6a5ec000 	C:\Program Files\Java\jdk-22\bin\dt_socket.dll
0x00007fff732d0000 - 0x00007fff7330b000 	C:\WINDOWS\SYSTEM32\IPHLPAPI.DLL
0x00007fff73640000 - 0x00007fff736aa000 	C:\WINDOWS\system32\mswsock.dll
0x00007fff73310000 - 0x00007fff733da000 	C:\WINDOWS\SYSTEM32\DNSAPI.dll
0x00007fff753c0000 - 0x00007fff753c8000 	C:\WINDOWS\System32\NSI.dll
0x00007fff6b160000 - 0x00007fff6b16a000 	C:\Windows\System32\rasadhlp.dll
0x00007fff687a0000 - 0x00007fff68820000 	C:\WINDOWS\System32\fwpuclnt.dll
0x00007fff669d0000 - 0x00007fff669e0000 	C:\Program Files\Java\jdk-22\bin\net.dll
0x00007fff2b920000 - 0x00007fff2b936000 	C:\Program Files\Java\jdk-22\bin\nio.dll
0x00007fff2b900000 - 0x00007fff2b917000 	C:\Program Files\Java\jdk-22\bin\zip.dll
0x00007fff2b410000 - 0x00007fff2b59e000 	C:\Program Files\Java\jdk-22\bin\awt.dll
0x00007fff6d6c0000 - 0x00007fff6d754000 	C:\WINDOWS\SYSTEM32\apphelp.dll
0x00007fff71090000 - 0x00007fff7112e000 	C:\WINDOWS\system32\uxtheme.dll
0x00007fff74950000 - 0x00007fff74a65000 	C:\WINDOWS\System32\MSCTF.dll
0x00007fff712a0000 - 0x00007fff712cf000 	C:\WINDOWS\system32\DWMAPI.DLL
0x00007fff5bb70000 - 0x00007fff5bc98000 	C:\WINDOWS\system32\opengl32.dll
0x00007fff65220000 - 0x00007fff6524c000 	C:\WINDOWS\SYSTEM32\GLU32.dll
0x00007fff6a370000 - 0x00007fff6a379000 	C:\Program Files\Java\jdk-22\bin\prefs.dll
0x00007fff3b190000 - 0x00007fff3b217000 	C:\Program Files\Java\jdk-22\bin\freetype.dll
0x00007fff336e0000 - 0x00007fff337b7000 	C:\Program Files\Java\jdk-22\bin\fontmanager.dll
0x00007fff593a0000 - 0x00007fff59499000 	C:\WINDOWS\SYSTEM32\textinputframework.dll
0x00007fff6ce50000 - 0x00007fff6d1ab000 	C:\WINDOWS\System32\CoreUIComponents.dll
0x00007fff6d1b0000 - 0x00007fff6d2a2000 	C:\WINDOWS\System32\CoreMessaging.dll
0x00007fff73140000 - 0x00007fff73173000 	C:\WINDOWS\SYSTEM32\ntmarta.dll
0x00007fff6de60000 - 0x00007fff6dfb7000 	C:\WINDOWS\SYSTEM32\wintypes.dll
0x00007fff2be30000 - 0x00007fff2c131000 	C:\Users\10126\AppData\Local\youdao\dict\Application\8.10.6.0\TextExtractorImpl64.dll
0x00007fff21330000 - 0x00007fff213d4000 	C:\WINDOWS\SYSTEM32\WINSPOOL.DRV
0x00007fff3fc80000 - 0x00007fff3fce6000 	C:\WINDOWS\SYSTEM32\OLEACC.dll
0x00007fff3b700000 - 0x00007fff3b707000 	C:\WINDOWS\SYSTEM32\MSIMG32.dll
0x00007fff5ccd0000 - 0x00007fff5ce75000 	C:\WINDOWS\WinSxS\amd64_microsoft.windows.gdiplus_6595b64144ccf1df_1.1.19041.4597_none_91a78020cc854124\gdiplus.dll
0x00007fff197e0000 - 0x00007fff19a3d000 	D:\CSProject2024\bulletjme.dll
0x00007fff3b930000 - 0x00007fff3b994000 	C:\Users\10126\AppData\Local\Temp\lwjgl10126\3.2.3-build-13\lwjgl.dll
0x00007fff19580000 - 0x00007fff197d3000 	C:\Users\10126\AppData\Local\Temp\lwjgl10126\3.2.3-build-13\jemalloc.dll
0x00007fff37150000 - 0x00007fff371b2000 	C:\Users\10126\AppData\Local\Temp\lwjgl10126\3.2.3-build-13\glfw.dll
0x00007fff36eb0000 - 0x00007fff36ef5000 	C:\WINDOWS\SYSTEM32\dinput8.dll
0x00007fff5c6e0000 - 0x00007fff5c6f1000 	C:\WINDOWS\SYSTEM32\xinput1_4.dll
0x00007fff74730000 - 0x00007fff7477e000 	C:\WINDOWS\System32\cfgmgr32.dll
0x00007fff73c40000 - 0x00007fff73c73000 	C:\WINDOWS\SYSTEM32\DEVOBJ.dll
0x00007fff59240000 - 0x00007fff59392000 	C:\WINDOWS\SYSTEM32\inputhost.dll
0x00007fff72550000 - 0x00007fff72646000 	C:\WINDOWS\SYSTEM32\PROPSYS.dll
0x00007fff726c0000 - 0x00007fff726cd000 	C:\WINDOWS\SYSTEM32\HID.DLL
0x00007fff75850000 - 0x00007fff75cbe000 	C:\WINDOWS\System32\SETUPAPI.DLL
0x00007fff74470000 - 0x00007fff744d9000 	C:\WINDOWS\System32\WINTRUST.dll
0x00007fff74270000 - 0x00007fff743cc000 	C:\WINDOWS\System32\CRYPT32.dll
0x00007fff73a70000 - 0x00007fff73a82000 	C:\WINDOWS\SYSTEM32\MSASN1.dll
0x00007fff753d0000 - 0x00007fff75479000 	C:\WINDOWS\System32\clbcatq.dll
0x00007fff69640000 - 0x00007fff69742000 	C:\Windows\System32\AppXDeploymentClient.dll
0x00007fff16fe0000 - 0x00007fff18265000 	C:\WINDOWS\System32\DriverStore\FileRepository\iigd_dch.inf_amd64_af2dd92515fdd6b0\igxelpicd64.dll
0x00007fff72740000 - 0x00007fff72836000 	C:\WINDOWS\system32\dxgi.dll
0x00007fff19220000 - 0x00007fff19574000 	C:\WINDOWS\System32\DriverStore\FileRepository\iigd_dch.inf_amd64_af2dd92515fdd6b0\igdml64.dll
0x00007fff615e0000 - 0x00007fff61a1e000 	C:\WINDOWS\System32\DriverStore\FileRepository\iigd_dch.inf_amd64_af2dd92515fdd6b0\igdgmm64.dll
0x00007fff5d510000 - 0x00007fff61552000 	C:\WINDOWS\System32\DriverStore\FileRepository\iigd_dch.inf_amd64_af2dd92515fdd6b0\igc64.dll
0x00007fff35210000 - 0x00007fff35269000 	C:\Users\10126\AppData\Local\Temp\lwjgl10126\3.2.3-build-13\lwjgl_opengl.dll
0x00007fff2fec0000 - 0x00007fff2ffcb000 	C:\Users\10126\AppData\Local\Temp\lwjgl10126\3.2.3-build-13\OpenAL.dll
0x00007fff6b790000 - 0x00007fff6b815000 	C:\WINDOWS\System32\MMDevApi.dll
0x00007fff6b820000 - 0x00007fff6b9a1000 	C:\WINDOWS\SYSTEM32\AUDIOSES.DLL
0x00007fff711a0000 - 0x00007fff711b4000 	C:\WINDOWS\SYSTEM32\resourcepolicyclient.dll
0x00007fff587c0000 - 0x00007fff587ee000 	C:\Program Files\Java\jdk-22\bin\javajpeg.dll

dbghelp: loaded successfully - version: 4.0.5 - missing functions: none
symbol engine: initialized successfully - sym options: 0x614 - pdb path: .;C:\Program Files\Java\jdk-22\bin;C:\WINDOWS\SYSTEM32;C:\WINDOWS\WinSxS\amd64_microsoft.windows.common-controls_6595b64144ccf1df_6.0.19041.4355_none_60b8b9eb71f62e16;C:\Program Files\Java\jdk-22\bin\server;C:\Users\10126\AppData\Local\youdao\dict\Application\8.10.6.0;C:\WINDOWS\WinSxS\amd64_microsoft.windows.gdiplus_6595b64144ccf1df_1.1.19041.4597_none_91a78020cc854124;D:\CSProject2024;C:\Users\10126\AppData\Local\Temp\lwjgl10126\3.2.3-build-13;C:\WINDOWS\System32\DriverStore\FileRepository\iigd_dch.inf_amd64_af2dd92515fdd6b0

VM Arguments:
jvm_args: -agentlib:jdwp=transport=dt_socket,server=n,suspend=y,address=localhost:8712 -XX:+ShowCodeDetailsInExceptionMessages 
java_command: com.csproject.Main
java_class_path (initial): D:\CSProject2024\csproject\target\classes;C:\Users\10126\.m2\repository\com\formdev\flatlaf\3.5.2\flatlaf-3.5.2.jar;C:\Users\10126\.m2\repository\org\apache\commons\commons-lang3\3.12.0\commons-lang3-3.12.0.jar;C:\Users\10126\.m2\repository\com\h2database\h2\1.4.200\h2-1.4.200.jar;C:\Users\10126\.m2\repository\junit\junit\4.12\junit-4.12.jar;C:\Users\10126\.m2\repository\org\hamcrest\hamcrest-core\1.3\hamcrest-core-1.3.jar;C:\Users\10126\.m2\repository\org\junit\jupiter\junit-jupiter\5.9.3\junit-jupiter-5.9.3.jar;C:\Users\10126\.m2\repository\org\junit\jupiter\junit-jupiter-api\5.9.3\junit-jupiter-api-5.9.3.jar;C:\Users\10126\.m2\repository\org\opentest4j\opentest4j\1.2.0\opentest4j-1.2.0.jar;C:\Users\10126\.m2\repository\org\junit\platform\junit-platform-commons\1.9.3\junit-platform-commons-1.9.3.jar;C:\Users\10126\.m2\repository\org\apiguardian\apiguardian-api\1.1.2\apiguardian-api-1.1.2.jar;C:\Users\10126\.m2\repository\org\junit\jupiter\junit-jupiter-params\5.9.3\junit-jupiter-params-5.9.3.jar;C:\Users\10126\.m2\repository\org\junit\jupiter\junit-jupiter-engine\5.9.3\junit-jupiter-engine-5.9.3.jar;C:\Users\10126\.m2\repository\org\junit\platform\junit-platform-engine\1.9.3\junit-platform-engine-1.9.3.jar;C:\Users\10126\.m2\repository\commons-codec\commons-codec\1.15\commons-codec-1.15.jar;C:\Users\10126\.m2\repository\org\jmonkeyengine\jme3-core\3.3.0-stable\jme3-core-3.3.0-stable.jar;C:\Users\10126\.m2\repository\org\jmonkeyengine\jme3-desktop\3.3.0-stable\jme3-desktop-3.3.0-stable.jar;C:\Users\10126\.m2\repository\org\jmonkeyengine\jme3-lwjgl3\3.3.0-stable\jme3-lwjgl3-3.3.0-stable.jar;C:\Users\10126\.m2\repository\org\lwjgl\lwjgl\3.2.3\lwjgl-3.2.3.jar;C:\Users\10126\.m2\repository\org\lwjgl\lwjgl-glfw\3.2.3\lwjgl-glfw-3.2.3.jar;C:\Users\10126\.m2\repository\org\lwjgl\lwjgl-jemalloc\3.2.3\lwjgl-jemalloc-3.2.3.jar;C:\Users\10126\.m2\repository\org\lwjgl\lwjgl-openal\3.2.3\lwjgl-openal-3.2.3.jar;C:\Users\10126\.m2\repository\org\lwjgl\lwjgl-opencl\3.2.3\lwjgl-opencl-3.2.3.jar;C:\Users\10126\.m2\repository\org\lwjgl\lwjgl-opengl\3.2.3\lwjgl-opengl-3.2.3.jar;C:\Users\10126\.m2\repository\org\lwjgl\lwjgl\3.2.3\lwjgl-3.2.3-natives-windows.jar;C:\Users\10126\.m2\repository\org\lwjgl\lwjgl\3.2.3\lwjgl-3.2.3-natives-linux.jar;C:\Users\10126\.m2\repository\org\lwjgl\lwjgl\3.2.3\lwjgl-3.2.3-natives-macos.jar;C:\Users\10126\.m2\repository\org\lwjgl\lwjgl-glfw\3.2.3\lwjgl-glfw-3.2.3-natives-windows.jar;C:\Users\10126\.m2\repository\org\lwjgl\lwjgl-glfw\3.2.3\lwjgl-glfw-3.2.3-natives-linux.jar;C:\Users\10126\.m2\repository\org\lwjgl\lwjgl-glfw\3.2.3\lwjgl-glfw-3.2.3-natives-macos.jar;C:\Users\10126\.m2\repository\org\lwjgl\lwjgl-jemalloc\3.2.3\lwjgl-jemalloc-3.2.3-natives-windows.jar;C:\Users\10126\.m2\repository\org\lwjgl\lwjgl-jemalloc\3.2.3\lwjgl-jemalloc-3.2.3-natives-linux.jar;C:\Users\10126\.m2\repository\org\lwjgl\lwjgl-jemalloc\3.2.3\lwjgl-jemalloc-3.2.3-natives-macos.jar;C:\Users\10126\.m2\repository\org\lwjgl\lwjgl-opengl\3.2.3\lwjgl-opengl-3.2.3-natives-windows.jar;C:\Users\10126\.m2\repository\org\lwjgl\lwjgl-opengl\3.2.3\lwjgl-opengl-3.2.3-natives-linux.jar;C:\Users\10126\.m2\repository\org\lwjgl\lwjgl-opengl\3.2.3\lwjgl-opengl-3.2.3-natives-macos.jar;C:\Users\10126\.m2\repository\org\lwjgl\lwjgl-openal\3.2.3\lwjgl-openal-3.2.3-natives-windows.jar;C:\Users\10126\.m2\repository\org\lwjgl\lwjgl-openal\3.2.3\lwjgl-openal-3.2.3-natives-linux.jar;C:\Users\10126\.m2\repository\org\lwjgl\lwjgl-openal\3.2.3\lwjgl-openal-3.2.3-natives-macos.jar;C:\Users\10126\.m2\repository\org\jmonkeyengine\jme3-effects\3.3.0-stable\jme3-effects-3.3.0-stable.jar;C:\Users\10126\.m2\repository\org\jmonkeyengine\jme3-blender\3.3.0-stable\jme3-blender-3.3.0-stable.jar;C:\Users\10126\.m2\repository\org\ejml\core\0.27\core-0.27.jar;C:\Users\10126\.m2\repository\org\ejml\dense64\0.27\dense64-0.27.jar;C:\Users\10126\.m2\repository\org\ejml\simple\0.27\simple-0.27.jar;C:\Users\10126\.m2\repository\org\ejml\denseC64\0.27\denseC64-0.27.jar;C:\Users\10126\.m2\repository\org\jmonkeyengine\jme3-plugins\3.3.0-stable\jme3-plugins-3.3.0-stable.jar;C:\Users\10126\.m2\repository\com\google\code\gson\gson\2.8.1\gson-2.8.1.jar;C:\Users\10126\.m2\repository\org\jmonkeyengine\jme3-jogg\3.3.0-stable\jme3-jogg-3.3.0-stable.jar;C:\Users\10126\.m2\repository\de\jarnbjo\j-ogg-all\1.0.0\j-ogg-all-1.0.0.jar;C:\Users\10126\.m2\repository\org\jmonkeyengine\jme3-niftygui\3.3.0-stable\jme3-niftygui-3.3.0-stable.jar;C:\Users\10126\.m2\repository\com\github\nifty-gui\nifty\1.4.3\nifty-1.4.3.jar;C:\Users\10126\.m2\repository\xpp3\xpp3\1.1.4c\xpp3-1.1.4c.jar;C:\Users\10126\.m2\repository\com\google\code\findbugs\jsr305\2.0.2\jsr305-2.0.2.jar;C:\Users\10126\.m2\repository\com\github\nifty-gui\nifty-default-controls\1.4.3\nifty-default-controls-1.4.3.jar;C:\Users\10126\.m2\repository\com\github\nifty-gui\nifty-style-black\1.4.3\nifty-style-black-1.4.3.jar;C:\Users\10126\.m2\repository\org\jmonkeyengine\jme3-terrain\3.3.0-stable\jme3-terrain-3.3.0-stable.jar;C:\Users\10126\.m2\repository\org\jmonkeyengine\jme3-networking\3.3.0-stable\jme3-networking-3.3.0-stable.jar;C:\Users\10126\.m2\repository\org\jmonkeyengine\jme3-bullet\3.3.0-stable\jme3-bullet-3.3.0-stable.jar;C:\Users\10126\.m2\repository\org\jmonkeyengine\jme3-bullet-native\3.3.0-stable\jme3-bullet-native-3.3.0-stable.jar;C:\Users\10126\.m2\repository\org\jmonkeyengine\jme3-bullet-native-android\3.3.0-stable\jme3-bullet-native-android-3.3.0-stable.jar;C:\Users\10126\.m2\repository\org\jmonkeyengine\jme3-jogl\3.3.0-stable\jme3-jogl-3.3.0-stable.jar;C:\Users\10126\.m2\repository\org\jogamp\gluegen\gluegen-rt-main\2.3.2\gluegen-rt-main-2.3.2.jar;C:\Users\10126\.m2\repository\org\jogamp\gluegen\gluegen-rt\2.3.2\gluegen-rt-2.3.2.jar;C:\Users\10126\.m2\repository\org\jogamp\gluegen\gluegen-rt\2.3.2\gluegen-rt-2.3.2-natives-android-aarch64.jar;C:\Users\10126\.m2\repository\org\jogamp\gluegen\gluegen-rt\2.3.2\gluegen-rt-2.3.2-natives-android-armv6.jar;C:\Users\10126\.m2\repository\org\jogamp\gluegen\gluegen-rt\2.3.2\gluegen-rt-2.3.2-natives-linux-amd64.jar;C:\Users\10126\.m2\repository\org\jogamp\gluegen\gluegen-rt\2.3.2\gluegen-rt-2.3.2-natives-linux-armv6.jar;C:\Users\10126\.m2\repository\org\jogamp\gluegen\gluegen-rt\2.3.2\gluegen-rt-2.3.2-natives-linux-armv6hf.jar;C:\Users\10126\.m2\repository\org\jogamp\gluegen\gluegen-rt\2.3.2\gluegen-rt-2.3.2-natives-linux-i586.jar;C:\Users\10126\.m2\repository\org\jogamp\gluegen\gluegen-rt\2.3.2\gluegen-rt-2.3.2-natives-macosx-universal.jar;C:\Users\10126\.m2\repository\org\jogamp\gluegen\gluegen-rt\2.3.2\gluegen-rt-2.3.2-natives-solaris-amd64.jar;C:\Users\10126\.m2\repository\org\jogamp\gluegen\gluegen-rt\2.3.2\gluegen-rt-2.3.2-natives-solaris-i586.jar;C:\Users\10126\.m2\repository\org\jogamp\gluegen\gluegen-rt\2.3.2\gluegen-rt-2.3.2-natives-windows-amd64.jar;C:\Users\10126\.m2\repository\org\jogamp\gluegen\gluegen-rt\2.3.2\gluegen-rt-2.3.2-natives-windows-i586.jar;C:\Users\10126\.m2\repository\org\jogamp\jogl\jogl-all-main\2.3.2\jogl-all-main-2.3.2.jar;C:\Users\10126\.m2\repository\org\jogamp\jogl\jogl-all\2.3.2\jogl-all-2.3.2.jar;C:\Users\10126\.m2\repository\org\jogamp\jogl\jogl-all\2.3.2\jogl-all-2.3.2-natives-android-aarch64.jar;C:\Users\10126\.m2\repository\org\jogamp\jogl\jogl-all\2.3.2\jogl-all-2.3.2-natives-android-armv6.jar;C:\Users\10126\.m2\repository\org\jogamp\jogl\jogl-all\2.3.2\jogl-all-2.3.2-natives-linux-amd64.jar;C:\Users\10126\.m2\repository\org\jogamp\jogl\jogl-all\2.3.2\jogl-all-2.3.2-natives-linux-armv6.jar;C:\Users\10126\.m2\repository\org\jogamp\jogl\jogl-all\2.3.2\jogl-all-2.3.2-natives-linux-armv6hf.jar;C:\Users\10126\.m2\repository\org\jogamp\jogl\jogl-all\2.3.2\jogl-all-2.3.2-natives-linux-i586.jar;C:\Users\10126\.m2\repository\org\jogamp\jogl\jogl-all\2.3.2\jogl-all-2.3.2-natives-macosx-universal.jar;C:\Users\10126\.m2\repository\org\jogamp\jogl\jogl-all\2.3.2\jogl-all-2.3.2-natives-solaris-amd64.jar;C:\Users\10126\.m2\repository\org\jogamp\jogl\jogl-all\2.3.2\jogl-all-2.3.2-natives-solaris-i586.jar;C:\Users\10126\.m2\repository\org\jogamp\jogl\jogl-all\2.3.2\jogl-all-2.3.2-natives-windows-amd64.jar;C:\Users\10126\.m2\repository\org\jogamp\jogl\jogl-all\2.3.2\jogl-all-2.3.2-natives-windows-i586.jar;C:\Users\10126\.m2\repository\org\jogamp\joal\joal-main\2.3.2\joal-main-2.3.2.jar;C:\Users\10126\.m2\repository\org\jogamp\joal\joal\2.3.2\joal-2.3.2.jar;C:\Users\10126\.m2\repository\org\jogamp\joal\joal\2.3.2\joal-2.3.2-natives-android-aarch64.jar;C:\Users\10126\.m2\repository\org\jogamp\joal\joal\2.3.2\joal-2.3.2-natives-android-armv6.jar;C:\Users\10126\.m2\repository\org\jogamp\joal\joal\2.3.2\joal-2.3.2-natives-linux-amd64.jar;C:\Users\10126\.m2\repository\org\jogamp\joal\joal\2.3.2\joal-2.3.2-natives-linux-armv6.jar;C:\Users\10126\.m2\repository\org\jogamp\joal\joal\2.3.2\joal-2.3.2-natives-linux-armv6hf.jar;C:\Users\10126\.m2\repository\org\jogamp\joal\joal\2.3.2\joal-2.3.2-natives-linux-i586.jar;C:\Users\10126\.m2\repository\org\jogamp\joal\joal\2.3.2\joal-2.3.2-natives-macosx-universal.jar;C:\Users\10126\.m2\repository\org\jogamp\joal\joal\2.3.2\joal-2.3.2-natives-solaris-amd64.jar;C:\Users\10126\.m2\repository\org\jogamp\joal\joal\2.3.2\joal-2.3.2-natives-solaris-i586.jar;C:\Users\10126\.m2\repository\org\jogamp\joal\joal\2.3.2\joal-2.3.2-natives-windows-amd64.jar;C:\Users\10126\.m2\repository\org\jogamp\joal\joal\2.3.2\joal-2.3.2-natives-windows-i586.jar;C:\Users\10126\.m2\repository\org\jogamp\jocl\jocl-main\2.3.2\jocl-main-2.3.2.jar;C:\Users\10126\.m2\repository\org\jogamp\jocl\jocl\2.3.2\jocl-2.3.2.jar;C:\Users\10126\.m2\repository\org\jogamp\jocl\jocl\2.3.2\jocl-2.3.2-natives-android-aarch64.jar;C:\Users\10126\.m2\repository\org\jogamp\jocl\jocl\2.3.2\jocl-2.3.2-natives-android-armv6.jar;C:\Users\10126\.m2\repository\org\jogamp\jocl\jocl\2.3.2\jocl-2.3.2-natives-linux-amd64.jar;C:\Users\10126\.m2\repository\org\jogamp\jocl\jocl\2.3.2\jocl-2.3.2-natives-linux-armv6.jar;C:\Users\10126\.m2\repository\org\jogamp\jocl\jocl\2.3.2\jocl-2.3.2-natives-linux-armv6hf.jar;C:\Users\10126\.m2\repository\org\jogamp\jocl\jocl\2.3.2\jocl-2.3.2-natives-linux-i586.jar;C:\Users\10126\.m2\repository\org\jogamp\jocl\jocl\2.3.2\jocl-2.3.2-natives-macosx-universal.jar;C:\Users\10126\.m2\repository\org\jogamp\jocl\jocl\2.3.2\jocl-2.3.2-natives-solaris-amd64.jar;C:\Users\10126\.m2\repository\org\jogamp\jocl\jocl\2.3.2\jocl-2.3.2-natives-solaris-i586.jar;C:\Users\10126\.m2\repository\org\jogamp\jocl\jocl\2.3.2\jocl-2.3.2-natives-windows-amd64.jar;C:\Users\10126\.m2\repository\org\jogamp\jocl\jocl\2.3.2\jocl-2.3.2-natives-windows-i586.jar;C:\Users\10126\.m2\repository\org\jmonkeyengine\jme3-android\3.3.0-stable\jme3-android-3.3.0-stable.jar;C:\Users\10126\.m2\repository\org\jmonkeyengine\jme3-android-native\3.3.0-stable\jme3-android-native-3.3.0-stable.jar;C:\Users\10126\.m2\repository\org\jmonkeyengine\jme3-ios\3.3.0-stable\jme3-ios-3.3.0-stable.jar;C:\Users\10126\.m2\repository\org\jmonkeyengine\jme3-vr\3.3.0-stable\jme3-vr-3.3.0-stable.jar;C:\Users\10126\.m2\repository\net\java\dev\jna\jna\4.3.0\jna-4.3.0.jar;C:\Users\10126\.m2\repository\com\nativelibs4java\jnaerator-runtime\0.12\jnaerator-runtime-0.12.jar;C:\Users\10126\.m2\repository\com\nativelibs4java\ochafik-util\0.12\ochafik-util-0.12.jar;C:\Users\10126\.m2\repository\org\lwjgl\lwjgl-ovr\3.2.3\lwjgl-ovr-3.2.3.jar;C:\Users\10126\.m2\repository\org\lwjgl\lwjgl-openvr\3.2.3\lwjgl-openvr-3.2.3.jar;C:\Users\10126\.m2\repository\org\lwjgl\lwjgl-openvr\3.2.3\lwjgl-openvr-3.2.3-natives-linux.jar;C:\Users\10126\.m2\repository\org\lwjgl\lwjgl-openvr\3.2.3\lwjgl-openvr-3.2.3-natives-macos.jar;C:\Users\10126\.m2\repository\org\lwjgl\lwjgl-ovr\3.2.3\lwjgl-ovr-3.2.3-natives-windows.jar;C:\Users\10126\.m2\repository\org\lwjgl\lwjgl-openvr\3.2.3\lwjgl-openvr-3.2.3-natives-windows.jar
Launcher Type: SUN_STANDARD

[Global flags]
     intx CICompilerCount                          = 4                                         {product} {ergonomic}
     uint ConcGCThreads                            = 2                                         {product} {ergonomic}
     uint G1ConcRefinementThreads                  = 8                                         {product} {ergonomic}
   size_t G1HeapRegionSize                         = 2097152                                   {product} {ergonomic}
   size_t InitialHeapSize                          = 264241152                                 {product} {ergonomic}
   size_t MarkStackSize                            = 4194304                                   {product} {ergonomic}
   size_t MaxHeapSize                              = 4227858432                                {product} {ergonomic}
   size_t MaxNewSize                               = 2535456768                                {product} {ergonomic}
   size_t MinHeapDeltaBytes                        = 2097152                                   {product} {ergonomic}
   size_t MinHeapSize                              = 8388608                                   {product} {ergonomic}
    uintx NonNMethodCodeHeapSize                   = 5839372                                {pd product} {ergonomic}
    uintx NonProfiledCodeHeapSize                  = 122909434                              {pd product} {ergonomic}
    uintx ProfiledCodeHeapSize                     = 122909434                              {pd product} {ergonomic}
    uintx ReservedCodeCacheSize                    = 251658240                              {pd product} {ergonomic}
     bool SegmentedCodeCache                       = true                                      {product} {ergonomic}
     bool ShowCodeDetailsInExceptionMessages       = true                                   {manageable} {command line}
   size_t SoftMaxHeapSize                          = 4227858432                             {manageable} {ergonomic}
     bool UseCompressedOops                        = true                           {product lp64_product} {ergonomic}
     bool UseG1GC                                  = true                                      {product} {ergonomic}
     bool UseLargePagesIndividualAllocation        = false                                  {pd product} {ergonomic}

Logging:
Log output configuration:
 #0: stdout all=warning uptime,level,tags foldmultilines=false
 #1: stderr all=off uptime,level,tags foldmultilines=false

Environment Variables:
PATH=C:\Program Files\Python313\Scripts\;C:\Program Files\Python313\;C:\Program Files\Common Files\Oracle\Java\javapath;C:\Program Files (x86)\VMware\VMware Workstation\bin\;C:\Program Files (x86)\Common Files\Oracle\Java\javapath;C:\WINDOWS\system32;C:\WINDOWS;C:\WINDOWS\System32\Wbem;C:\WINDOWS\System32\WindowsPowerShell\v1.0\;C:\WINDOWS\System32\OpenSSH\;C:\Program Files\Git\cmd;C:\Android;C:\Windows\System32;C:\Program Files\dotnet\;C:\Program Files\Google\Chrome\Application;C:\MinGW\bin;C:\Program Files\Java\jdk-22\bin\;C:\Program Files (x86)\Tencent\微信web开发者工具\dll;C:\Program Files\微信web开发者工具\dll;C:\Program Files\nodejs\;C:\Program Files\apache-maven-3.9.9\bin;C:\Users\10126\AppData\Local\Microsoft\WindowsApps;C:\Program Files\Bandizip\;C:\Users\10126\AppData\Local\Programs\Microsoft VS Code\bin;C:\MinGW\bin;C:\Users\10126\.dotnet\tools;C:\Users\10126\AppData\Roaming\npm;C:\Program Files\JetBrains\IntelliJ IDEA 2024.1\bin;
USERNAME=10126
LANG=en_US.UTF-8
OS=Windows_NT
PROCESSOR_IDENTIFIER=Intel64 Family 6 Model 140 Stepping 2, GenuineIntel
TMP=C:\Users\10126\AppData\Local\Temp
TEMP=C:\Users\10126\AppData\Local\Temp




Periodic native trim disabled

---------------  S Y S T E M  ---------------

OS:
 Windows 10 , 64 bit Build 19041 (10.0.19041.5072)
OS uptime: 7 days 9:43 hours

CPU: total 8 (initial active 8) (4 cores per cpu, 2 threads per core) family 6 model 140 stepping 2 microcode 0x16, cx8, cmov, fxsr, ht, mmx, 3dnowpref, sse, sse2, sse3, ssse3, sse4.1, sse4.2, popcnt, lzcnt, tsc, tscinvbit, avx, avx2, aes, erms, clmul, bmi1, bmi2, adx, avx512f, avx512dq, avx512cd, avx512bw, avx512vl, sha, fma, vzeroupper, avx512_vpopcntdq, avx512_vpclmulqdq, avx512_vaes, avx512_vnni, clflush, clflushopt, clwb, avx512_vbmi2, avx512_vbmi, rdtscp, rdpid, fsrm, gfni, avx512_bitalg, f16c, pku, cet_ibt, cet_ss, avx512_ifma
Processor Information for processor 0
  Max Mhz: 2496, Current Mhz: 2496, Mhz Limit: 2496
Processor Information for processor 1
  Max Mhz: 2496, Current Mhz: 2496, Mhz Limit: 2496
Processor Information for processor 2
  Max Mhz: 2496, Current Mhz: 1497, Mhz Limit: 2496
Processor Information for processor 3
  Max Mhz: 2496, Current Mhz: 2496, Mhz Limit: 2496
Processor Information for processor 4
  Max Mhz: 2496, Current Mhz: 2496, Mhz Limit: 2496
Processor Information for processor 5
  Max Mhz: 2496, Current Mhz: 2496, Mhz Limit: 2496
Processor Information for processor 6
  Max Mhz: 2496, Current Mhz: 2496, Mhz Limit: 2496
Processor Information for processor 7
  Max Mhz: 2496, Current Mhz: 2496, Mhz Limit: 2496

Memory: 4k page, system-wide physical 16126M (4971M free)
TotalPageFile size 27902M (AvailPageFile size 15367M)
current process WorkingSet (physical memory assigned to process): 376M, peak: 387M
current process commit charge ("private bytes"): 381M, peak: 419M

vm_info: Java HotSpot(TM) 64-Bit Server VM (22.0.2+9-70) for windows-amd64 JRE (22.0.2+9-70), built on 2024-06-04T16:52:23Z by "mach5one" with MS VC++ 17.6 (VS2022)

END.
