#
# A fatal error has been detected by the Java Runtime Environment:
#
#  EXCEPTION_ACCESS_VIOLATION (0xc0000005) at pc=0x0000000000000000, pid=19116, tid=17460
#
# JRE version: Java(TM) SE Runtime Environment (22.0.2+9) (build 22.0.2+9-70)
# Java VM: Java HotSpot(TM) 64-Bit Server VM (22.0.2+9-70, mixed mode, sharing, tiered, compressed oops, compressed class ptrs, g1 gc, windows-amd64)
# Problematic frame:
# C  [jdwp.dll+0x161bf]
#
# No core dump will be written. Minidumps are not enabled by default on client versions of Windows
#
# If you would like to submit a bug report, please visit:
#   https://bugreport.java.com/bugreport/crash.jsp
# The crash happened outside the Java Virtual Machine in native code.
# See problematic frame for where to report the bug.
#

---------------  S U M M A R Y ------------

Command Line: -agentlib:jdwp=transport=dt_socket,server=n,suspend=y,address=localhost:7597 -XX:+ShowCodeDetailsInExceptionMessages com.csproject.Main

Host: 11th Gen Intel(R) Core(TM) i5-11320H @ 3.20GHz, 8 cores, 15G,  Windows 10 , 64 bit Build 19041 (10.0.19041.5072)
Time: Tue Dec 10 10:57:20 2024  Windows 10 , 64 bit Build 19041 (10.0.19041.5072) elapsed time: 25.161465 seconds (0d 0h 0m 25s)

---------------  T H R E A D  ---------------

Current thread (0x00000253ba797a80):  JavaThread "main"             [_thread_in_native, id=17460, stack(0x0000006d06800000,0x0000006d06900000) (1024K)]

Stack: [0x0000006d06800000,0x0000006d06900000],  sp=0x0000006d068fe7f0,  free space=1017k
Native frames: (J=compiled Java code, j=interpreted, Vv=VM code, C=native code)

Java frames: (J=compiled Java code, j=interpreted, Vv=VM code)
j  java.lang.Shutdown.halt0(I)V+0 java.base@22.0.2
j  java.lang.Shutdown.halt(I)V+7 java.base@22.0.2
j  java.lang.Shutdown.exit(I)V+16 java.base@22.0.2
J 4734 c1 com.csproject.jMEMain.simpleUpdate(F)V (471 bytes) @ 0x00000253c3397aa4 [0x00000253c33941c0+0x00000000000038e4]
J 4659 c1 com.jme3.app.SimpleApplication.update()V (235 bytes) @ 0x00000253c336a164 [0x00000253c3369e80+0x00000000000002e4]
J 4658 c1 com.jme3.system.lwjgl.LwjglWindow.runLoop()V (220 bytes) @ 0x00000253c33673dc [0x00000253c3366d20+0x00000000000006bc]
j  com.jme3.system.lwjgl.LwjglWindow.run()V+51
j  com.jme3.system.lwjgl.LwjglWindow.create(Z)V+27
j  com.jme3.app.LegacyApplication.start(Lcom/jme3/system/JmeContext$Type;Z)V+92
j  com.jme3.app.LegacyApplication.start()V+5
j  com.jme3.app.SimpleApplication.start()V+51
j  com.csproject.jMEMain.main([Ljava/lang/String;)V+9
j  com.csproject.Main.main([Ljava/lang/String;)V+1
v  ~StubRoutines::call_stub 0x00000253ca01100d

siginfo: EXCEPTION_ACCESS_VIOLATION (0xc0000005), data execution prevention violation at address 0x0000000000000000


Registers:
RAX=0x0000025420980000, RBX=0x00000253b851b0d0, RCX=0x00000253ba797e40, RDX=0x00000253b851b0d0
RSP=0x0000006d068fe7e8, RBP=0x00007fff511a0428, RSI=0x0000006d068fe890, RDI=0x00000253ba797e40
R8 =0x0000000000010002, R9 =0x0000000000000000, R10=0x00007fff57e10000, R11=0x0000006d068fe7b8
R12=0x0000000000000006, R13=0x00000253ba791910, R14=0x0000000000000000, R15=0x0000000000000000
RIP=0x0000000000000000, EFLAGS=0x0000000000010202


Register to memory mapping:

RAX=0x0000025420980000 points into unknown readable memory: 0x0000000000000000 | 00 00 00 00 00 00 00 00
RBX=0x00000253b851b0d0 points into unknown readable memory: 0x00000007122202c8 | c8 02 22 12 07 00 00 00
RCX=0x00000253ba797e40 points into unknown readable memory: 0x0000025420980000 | 00 00 98 20 54 02 00 00
RDX=0x00000253b851b0d0 points into unknown readable memory: 0x00000007122202c8 | c8 02 22 12 07 00 00 00
RSP=0x0000006d068fe7e8 is pointing into the stack for thread: 0x00000253ba797a80
RBP=0x00007fff511a0428 jdwp.dll
RSI=0x0000006d068fe890 is pointing into the stack for thread: 0x00000253ba797a80
RDI=0x00000253ba797e40 points into unknown readable memory: 0x0000025420980000 | 00 00 98 20 54 02 00 00
R8 =0x0000000000010002 is an unknown value
R9 =0x0 is null
R10=0x00007fff57e10000 VCRUNTIME140.dll
R11=0x0000006d068fe7b8 is pointing into the stack for thread: 0x00000253ba797a80
R12=0x0000000000000006 is an unknown value
R13=0x00000253ba791910 points into unknown readable memory: 0x00007ffefa0976b0 | b0 76 09 fa fe 7f 00 00
R14=0x0 is null
R15=0x0 is null

Top of Stack: (sp=0x0000006d068fe7e8)
0x0000006d068fe7e8:   00007fff511861bf 00000253b851b0d0
0x0000006d068fe7f8:   0000006d068fe890 0000000000000000
0x0000006d068fe808:   0000000000000000 000058b89f0c490d
0x0000006d068fe818:   00007ffef98e02f3 0000000000000003
0x0000006d068fe828:   0000000000000002 00000253ba798060
0x0000006d068fe838:   00007fff51184529 00000253b851b0d0
0x0000006d068fe848:   00007fff511a0428 00000253ba797a80
0x0000006d068fe858:   00000253ba797e40 00007ffef9b650b4
0x0000006d068fe868:   00007fff73f47eac 0000000000000000
0x0000006d068fe878:   00007fff76861910 0000000000000000
0x0000006d068fe888:   00007fff76875887 0000000000000006
0x0000006d068fe898:   00000253b851b0d0 0000000000000000
0x0000006d068fe8a8:   0000000000000000 0000000000000000
0x0000006d068fe8b8:   0000000000000000 0000000000000000
0x0000006d068fe8c8:   0000000000000000 0000000000000000
0x0000006d068fe8d8:   0000000000000000 0000000000000000
0x0000006d068fe8e8:   00000253ba798060 00000253b84e1880
0x0000006d068fe8f8:   00007ffef9a57f11 0000000000000000
0x0000006d068fe908:   00000253d98aff70 00000253ba797a80
0x0000006d068fe918:   0000000000000000 0000000000000000
0x0000006d068fe928:   00007fff73f53177 00000253b84e2580
0x0000006d068fe938:   00000253ba7980f0 00000253ba798100
0x0000006d068fe948:   00000253ba7984d8 00000000000003d8
0x0000006d068fe958:   00000253ba797a80 00000253ba797a80
0x0000006d068fe968:   00000253b84e25c0 00000253ba7984e0
0x0000006d068fe978:   00000253ba7984f0 00000253ba7985c8
0x0000006d068fe988:   00000000000000d8 0000006d068ff650
0x0000006d068fe998:   0000000000000000 0000000000000020
0x0000006d068fe9a8:   00000253ba791f50 00000253ba797a80
0x0000006d068fe9b8:   0000006d068fe9f0 00007ffefa11a500
0x0000006d068fe9c8:   00007ffefa11b480 0000000000000020
0x0000006d068fe9d8:   00000253ba81eab0 00000253ba797a80 

Instructions: (pc=0x00007fff511861bf)
0x00007fff511860bf:   2c 41 b8 61 02 00 00 48 8d 0d cb 6e 01 00 48 8b
0x00007fff511860cf:   d3 e8 7f 50 00 00 41 8b cc e8 33 a0 ff ff 48 8b
0x00007fff511860df:   d0 48 8d 0d 89 a4 01 00 e8 10 51 00 00 4c 8b 4e
0x00007fff511860ef:   28 48 8d 0d 91 a4 01 00 4c 8b 46 20 48 8b 56 08
0x00007fff511860ff:   e8 4c 0d 01 00 48 8b 05 e5 0f 02 00 f6 80 10 02
0x00007fff5118610f:   00 00 02 74 28 41 b8 6a 02 00 00 48 8d 0d a3 62
0x00007fff5118611f:   01 00 48 8b d3 e8 2b 50 00 00 48 8d 15 88 63 01
0x00007fff5118612f:   00 48 8d 0d a1 62 01 00 e8 c0 50 00 00 48 8b 07
0x00007fff5118613f:   48 8b cf ff 50 78 48 8b 0d a4 0f 02 00 4c 8b f8
0x00007fff5118614f:   f6 81 10 02 00 00 02 74 28 41 b8 6b 02 00 00 48
0x00007fff5118615f:   8d 0d 5f 62 01 00 48 8b d3 e8 e7 4f 00 00 48 8d
0x00007fff5118616f:   15 7c 63 01 00 48 8d 0d 5d 62 01 00 e8 7c 50 00
0x00007fff5118617f:   00 48 8b 07 48 8b cf ff 90 88 00 00 00 83 3d 19
0x00007fff5118618f:   0b 02 00 00 76 0c e8 ce 5b ff ff 83 25 0b 0b 02
0x00007fff5118619f:   00 00 48 8b 5e 08 48 85 db 74 4b 48 8b 05 3f 0f
0x00007fff511861af:   02 00 80 78 13 00 74 0b 48 8b cb e8 f5 06 01 00
0x00007fff511861bf:   88 46 10 4d 8b c7 48 8b d6 41 8a ce e8 08 a1 00
0x00007fff511861cf:   00 48 8b e8 48 85 c0 75 25 48 8b cb e8 c0 44 00
0x00007fff511861df:   00 84 c0 0f 84 ea 00 00 00 48 8b d3 41 8a ce e8
0x00007fff511861ef:   ad 13 00 00 eb e3 e8 0e 0e 00 00 48 8b e8 4c 8b
0x00007fff511861ff:   cd 44 88 74 24 20 45 8b c4 48 8b d6 48 8b cf e8
0x00007fff5118620f:   e1 00 00 00 83 3e 14 75 0b 48 8b 05 d1 0e 02 00
0x00007fff5118621f:   c6 40 10 01 48 85 db 75 08 48 8b cd e8 0c 53 ff
0x00007fff5118622f:   ff 48 8b 05 b9 0e 02 00 4d 85 ff 74 43 f6 80 10
0x00007fff5118623f:   02 00 00 02 74 2c 41 b8 b3 02 00 00 48 8d 15 d6
0x00007fff5118624f:   a1 01 00 48 8d 0d 6b 61 01 00 e8 f6 4e 00 00 48
0x00007fff5118625f:   8d 15 1b 7d 01 00 48 8d 0d 6c 61 01 00 e8 8b 4f
0x00007fff5118626f:   00 00 48 8b 07 49 8b d7 48 8b cf ff 50 68 eb 41
0x00007fff5118627f:   f6 80 10 02 00 00 02 74 2c 41 b8 b5 02 00 00 48
0x00007fff5118628f:   8d 15 93 a1 01 00 48 8d 0d 28 61 01 00 e8 b3 4e
0x00007fff5118629f:   00 00 48 8d 15 48 62 01 00 48 8d 0d 29 61 01 00
0x00007fff511862af:   e8 48 4f 00 00 48 8b 07 48 8b cf ff 90 88 00 00 


Stack slot to memory mapping:

stack at sp + 0 slots: 0x00000253b851b0d0 points into unknown readable memory: 0x00000007122202c8 | c8 02 22 12 07 00 00 00
stack at sp + 1 slots: 0x0000006d068fe890 is pointing into the stack for thread: 0x00000253ba797a80
stack at sp + 2 slots: 0x0 is null
stack at sp + 3 slots: 0x0 is null
stack at sp + 4 slots: 0x000058b89f0c490d is an unknown value
stack at sp + 5 slots: 0x00007ffef98e02f3 jvm.dll
stack at sp + 6 slots: 0x0000000000000003 is an unknown value
stack at sp + 7 slots: 0x0000000000000002 is an unknown value


Compiled method (c1) 25257 4734       3       com.csproject.jMEMain::simpleUpdate (471 bytes)
 total in heap  [0x00000253c3393a90,0x00000253c3399f58] = 25800
 relocation     [0x00000253c3393be8,0x00000253c3394188] = 1440
 constants      [0x00000253c33941a0,0x00000253c33941c0] = 32
 main code      [0x00000253c33941c0,0x00000253c3398520] = 17248
 stub code      [0x00000253c3398520,0x00000253c3398640] = 288
 oops           [0x00000253c3398640,0x00000253c3398660] = 32
 metadata       [0x00000253c3398660,0x00000253c3398790] = 304
 scopes data    [0x00000253c3398790,0x00000253c33991c8] = 2616
 scopes pcs     [0x00000253c33991c8,0x00000253c3399d58] = 2960
 dependencies   [0x00000253c3399d58,0x00000253c3399da8] = 80
 nul chk table  [0x00000253c3399da8,0x00000253c3399f58] = 432


[Constant Pool]
             Address          hex4                    hex8      
  0x00000253c33941a0:   0x3e99999a      0x3e99999a3e99999a      
  0x00000253c33941a4:   0x3e99999a                              
  0x00000253c33941a8:   0xf4f4f4f4      0xf4f4f4f4f4f4f4f4      
  0x00000253c33941ac:   0xf4f4f4f4                              
  0x00000253c33941b0:   0xf4f4f4f4      0xf4f4f4f4f4f4f4f4      
  0x00000253c33941b4:   0xf4f4f4f4                              
  0x00000253c33941b8:   0xf4f4f4f4      0xf4f4f4f4f4f4f4f4      
  0x00000253c33941bc:   0xf4f4f4f4                              

[MachCode]
[Entry Point]
  # {method} {0x000002541b4018b0} 'simpleUpdate' '(F)V' in 'com/csproject/jMEMain'
  # this:     rdx:rdx   = 'com/csproject/jMEMain'
  # parm0:    xmm0      = float
  #           [sp+0x200]  (sp of caller)
  0x00000253c33941c0: ;   {no_reloc}
  0x00000253c33941c0: 448b 5208 | 49bb 0000 | 00da 5302 | 0000 4d03 | d34c 3bd0 

  0x00000253c33941d4: ;   {runtime_call ic_miss_stub}
  0x00000253c33941d4: 0f85 a6a7 | cc06 660f | 1f44 0000 
[Verified Entry Point]
  0x00000253c33941e0: 8984 2400 | 80ff ff55 | 4881 ecf0 | 0100 0090 | 4181 7f20 | 0600 0000 

  0x00000253c33941f8: ;   {runtime_call StubRoutines (final stubs)}
  0x00000253c33941f8: 7405 e8c1 | bdcd 0648 | 8994 24b0 | 0000 00c5 | fa11 8424 | d401 0000 

  0x00000253c3394210: ;   {metadata(method data for {method} {0x000002541b4018b0} 'simpleUpdate' '(F)V' in 'com/csproject/jMEMain')}
  0x00000253c3394210: 48be 0000 | 4f1c 5402 | 0000 8bbe | cc00 0000 | 83c7 0289 | becc 0000 | 0081 e7fe | 0700 0085 
  0x00000253c3394230: ff0f 848b | 3800 008b | 727c 48c1 | e603 483b | 0648 8bfe 

  0x00000253c3394244: ;   {metadata(method data for {method} {0x000002541b4018b0} 'simpleUpdate' '(F)V' in 'com/csproject/jMEMain')}
  0x00000253c3394244: 48b8 0000 | 4f1c 5402 | 0000 4883 | 8028 0100 | 0001 8b7e | 5448 c1e7 | 0383 7f0c | 010f 868b 
  0x00000253c3394264: 3800 008b | 5f14 48c1 | e303 4889 | 9c24 a800 | 0000 488b 

  0x00000253c3394278: ;   {metadata(method data for {method} {0x000002541b4018b0} 'simpleUpdate' '(F)V' in 'com/csproject/jMEMain')}
  0x00000253c3394278: fe48 b800 | 004f 1c54 | 0200 0048 | 8380 5801 | 0000 0144 | 8b46 2c49 | c1e0 034c | 8984 2498 
  0x00000253c3394298: 0000 0049 | 3b00 498b 

  0x00000253c33942a0: ;   {metadata(method data for {method} {0x000002541b4018b0} 'simpleUpdate' '(F)V' in 'com/csproject/jMEMain')}
  0x00000253c33942a0: f048 bf00 | 004f 1c54 | 0200 008b | 7608 49ba | 0000 00da | 5302 0000 | 4903 f248 | 3bb7 8001 
  0x00000253c33942c0: 0000 750d | 4883 8788 | 0100 0001 | e960 0000 | 0048 3bb7 | 9001 0000 | 750d 4883 | 8798 0100 
  0x00000253c33942e0: 0001 e94a | 0000 0048 | 83bf 8001 | 0000 0075 | 1748 89b7 | 8001 0000 | 48c7 8788 | 0100 0001 
  0x00000253c3394300: 0000 00e9 | 2900 0000 | 4883 bf90 | 0100 0000 | 7517 4889 | b790 0100 | 0048 c787 | 9801 0000 
  0x00000253c3394320: 0100 0000 | e908 0000 | 0048 8387 | 7801 0000 

  0x00000253c3394330: ;   {metadata(method data for {method} {0x000002541c442de0} 'getPhysicsLocation' '()Lcom/jme3/math/Vector3f;' in 'com/jme3/bullet/objects/PhysicsCharacter')}
  0x00000253c3394330: 0148 bec0 | d04c 1c54 | 0200 008b | becc 0000 | 0083 c702 | 89be cc00 | 0000 81e7 | feff 1f00 
  0x00000253c3394350: 85ff 0f84 | b137 0000 

  0x00000253c3394358: ;   {metadata(method data for {method} {0x000002541c442de0} 'getPhysicsLocation' '()Lcom/jme3/math/Vector3f;' in 'com/jme3/bullet/objects/PhysicsCharacter')}
  0x00000253c3394358: 498b f048 | bfc0 d04c | 1c54 0200 | 008b 7608 | 49ba 0000 | 00da 5302 | 0000 4903 | f248 3bb7 
  0x00000253c3394378: 2001 0000 | 750d 4883 | 8728 0100 | 0001 e960 | 0000 0048 | 3bb7 3001 | 0000 750d | 4883 8738 
  0x00000253c3394398: 0100 0001 | e94a 0000 | 0048 83bf | 2001 0000 | 0075 1748 | 89b7 2001 | 0000 48c7 | 8728 0100 
  0x00000253c33943b8: 0001 0000 | 00e9 2900 | 0000 4883 | bf30 0100 | 0000 7517 | 4889 b730 | 0100 0048 | c787 3801 
  0x00000253c33943d8: 0000 0100 | 0000 e908 | 0000 0048 | 8387 1801 

  0x00000253c33943e8: ;   {metadata(method data for {method} {0x000002541c442c90} 'getPhysicsLocation' '(Lcom/jme3/math/Vector3f;)Lcom/jme3/math/Vector3f;' in 'com/jme3/bullet/objects/PhysicsCharacter')}
  0x00000253c33943e8: 0000 0148 | be18 b54c | 1c54 0200 | 008b becc | 0000 0083 | c702 89be | cc00 0000 | 81e7 feff 
  0x00000253c3394408: 1f00 85ff | 0f84 1837 

  0x00000253c3394410: ;   {metadata(method data for {method} {0x000002541c442c90} 'getPhysicsLocation' '(Lcom/jme3/math/Vector3f;)Lcom/jme3/math/Vector3f;' in 'com/jme3/bullet/objects/PhysicsCharacter')}
  0x00000253c3394410: 0000 48be | 18b5 4c1c | 5402 0000 | ff86 2801 

  0x00000253c3394420: ;   {metadata('com/jme3/math/Vector3f')}
  0x00000253c3394420: 0000 48ba | 78db 00db | 5302 0000 | 498b 87b8 | 0100 0048 | 8d78 1849 | 3bbf c801 | 0000 0f87 
  0x00000253c3394440: 0737 0000 | 4989 bfb8 | 0100 0048 | c700 0100 | 0000 488b | ca49 ba00 | 0000 da53 | 0200 0049 
  0x00000253c3394460: 2bca 8948 | 0848 33c9 | 8948 0c48 | 33c9 4889 | 4810 488b 

  0x00000253c3394474: ;   {metadata(method data for {method} {0x000002541c442c90} 'getPhysicsLocation' '(Lcom/jme3/math/Vector3f;)Lcom/jme3/math/Vector3f;' in 'com/jme3/bullet/objects/PhysicsCharacter')}
  0x00000253c3394474: d048 be18 | b54c 1c54 | 0200 0048 | 8386 3801 | 0000 0148 | 8bd0 4889 | 8424 a000 | 0000 0f1f 
  0x00000253c3394494: ;   {optimized virtual_call}
  0x00000253c3394494: 4400 00e8 

  0x00000253c3394498: ; ImmutableOopMap {[152]=Oop [160]=Oop [168]=Oop [176]=Oop }
                      ;*invokespecial <init> {reexecute=0 rethrow=0 return_oop=0}
                      ; - com.jme3.bullet.objects.PhysicsCharacter::getPhysicsLocation@8 (line 557)
                      ; - com.jme3.bullet.objects.PhysicsCharacter::getPhysicsLocation@2 (line 571)
                      ; - com.csproject.jMEMain::simpleUpdate@16 (line 59)
  0x00000253c3394498: 0417 5007 

  0x00000253c339449c: ;   {other}
  0x00000253c339449c: 0f1f 8400 | 0c0a 0000 | 4c8b 8424 | 9800 0000 | 4d8b 4810 

  0x00000253c33944b0: ;   {metadata(method data for {method} {0x000002541c442c90} 'getPhysicsLocation' '(Lcom/jme3/math/Vector3f;)Lcom/jme3/math/Vector3f;' in 'com/jme3/bullet/objects/PhysicsCharacter')}
  0x00000253c33944b0: 498b d048 | be18 b54c | 1c54 0200 | 0048 8386 | 4801 0000 | 0149 8bf0 | 4d8b c14c | 8b8c 24a0 
  0x00000253c33944d0: 0000 0048 

  0x00000253c33944d4: ;   {optimized virtual_call}
  0x00000253c33944d4: 8bd6 90e8 

  0x00000253c33944d8: ; ImmutableOopMap {[152]=Oop [160]=Oop [168]=Oop [176]=Oop }
                      ;*invokespecial getPhysicsLocation {reexecute=0 rethrow=0 return_oop=0}
                      ; - com.jme3.bullet.objects.PhysicsCharacter::getPhysicsLocation@18 (line 559)
                      ; - com.jme3.bullet.objects.PhysicsCharacter::getPhysicsLocation@2 (line 571)
                      ; - com.csproject.jMEMain::simpleUpdate@16 (line 59)
  0x00000253c33944d8: 64f2 3e07 

  0x00000253c33944dc: ;   {other}
  0x00000253c33944dc: 0f1f 8400 | 4c0a 0001 | 488b 9c24 | a000 0000 

  0x00000253c33944ec: ;   {metadata('com/jme3/math/Vector3f')}
  0x00000253c33944ec: 48ba 78db | 00db 5302 | 0000 498b | 87b8 0100 | 0048 8d78 | 1849 3bbf | c801 0000 | 0f87 4a36 
  0x00000253c339450c: 0000 4989 | bfb8 0100 | 0048 c700 | 0100 0000 | 488b ca49 | ba00 0000 | da53 0200 | 0049 2bca 
  0x00000253c339452c: 8948 0848 | 33c9 8948 | 0c48 33c9 | 4889 4810 

  0x00000253c339453c: ;   {metadata(method data for {method} {0x000002541b4018b0} 'simpleUpdate' '(F)V' in 'com/csproject/jMEMain')}
  0x00000253c339453c: 4c8b c048 | ba00 004f | 1c54 0200 | 0048 8382 | a801 0000 

  0x00000253c3394550: ;   {metadata(method data for {method} {0x000002541b44caf8} '<init>' '(FFF)V' in 'com/jme3/math/Vector3f')}
  0x00000253c3394550: 0149 b820 | d326 1c54 | 0200 0041 | 8b90 cc00 | 0000 83c2 | 0241 8990 | cc00 0000 | 81e2 feff 
  0x00000253c3394570: 1f00 85d2 | 0f84 eb35 | 0000 4c8b 

  0x00000253c339457c: ;   {metadata(method data for {method} {0x000002541b44caf8} '<init>' '(FFF)V' in 'com/jme3/math/Vector3f')}
  0x00000253c339457c: c048 ba20 | d326 1c54 | 0200 0048 | 8382 1801 

  0x00000253c339458c: ;   {metadata(method data for {method} {0x00000253da439b60} '<init>' '()V' in 'java/lang/Object')}
  0x00000253c339458c: 0000 0149 | b8e0 0e01 | 1b54 0200 | 0041 8b90 | cc00 0000 | 83c2 0241 | 8990 cc00 | 0000 81e2 
  0x00000253c33945ac: feff 1f00 | 85d2 0f84 | ce35 0000 | c740 0c9a | 9919 3f4c 

  0x00000253c33945c0: ;   {metadata(method data for {method} {0x000002541b4018b0} 'simpleUpdate' '(F)V' in 'com/csproject/jMEMain')}
  0x00000253c33945c0: 8bc3 48ba | 0000 4f1c | 5402 0000 | 4883 82b8 | 0100 0001 | 4c8b c048 | 8bd3 0f1f 

  0x00000253c33945dc: ;   {optimized virtual_call}
  0x00000253c33945dc: 4400 00e8 

  0x00000253c33945e0: ; ImmutableOopMap {[168]=Oop [176]=Oop }
                      ;*invokevirtual add {reexecute=0 rethrow=0 return_oop=0}
                      ; - com.csproject.jMEMain::simpleUpdate@30 (line 59)
  0x00000253c33945e0: dc11 5007 

  0x00000253c33945e4: ;   {other}
  0x00000253c33945e4: 0f1f 8400 | 540b 0002 | 488b 9c24 | a800 0000 

  0x00000253c33945f4: ; implicit exception: dispatches to 0x00000253c3397ba7
  0x00000253c33945f4: 483b 034c 

  0x00000253c33945f8: ;   {metadata(method data for {method} {0x000002541b4018b0} 'simpleUpdate' '(F)V' in 'com/csproject/jMEMain')}
  0x00000253c33945f8: 8bc3 49b9 | 0000 4f1c | 5402 0000 | 458b 4008 | 49ba 0000 | 00da 5302 | 0000 4d03 | c24d 3b81 
  0x00000253c3394618: f001 0000 | 750d 4983 | 81f8 0100 | 0001 e960 | 0000 004d | 3b81 0002 | 0000 750d | 4983 8108 
  0x00000253c3394638: 0200 0001 | e94a 0000 | 0049 83b9 | f001 0000 | 0075 174d | 8981 f001 | 0000 49c7 | 81f8 0100 
  0x00000253c3394658: 0001 0000 | 00e9 2900 | 0000 4983 | b900 0200 | 0000 7517 | 4d89 8100 | 0200 0049 | c781 0802 
  0x00000253c3394678: 0000 0100 | 0000 e908 | 0000 0049 | 8381 e801 

  0x00000253c3394688: ;   {metadata(method data for {method} {0x000002541c20b448} 'setPhysicsLocation' '(Lcom/jme3/math/Vector3f;)V' in 'com/jme3/bullet/objects/PhysicsRigidBody')}
  0x00000253c3394688: 0000 0149 | b898 224c | 1c54 0200 | 0045 8b88 | cc00 0000 | 4183 c102 | 4589 88cc | 0000 0041 
  0x00000253c33946a8: 81e1 feff | 1f00 4585 | c90f 84f5 | 3400 004c | 8b43 104c 

  0x00000253c33946bc: ;   {metadata(method data for {method} {0x000002541c20b448} 'setPhysicsLocation' '(Lcom/jme3/math/Vector3f;)V' in 'com/jme3/bullet/objects/PhysicsRigidBody')}
  0x00000253c33946bc: 8bcb 48ba | 9822 4c1c | 5402 0000 | 4883 8218 | 0100 0001 | 4c8b c848 | 8bd3 4889 | 8424 b800 
  0x00000253c33946dc: ;   {optimized virtual_call}
  0x00000253c33946dc: 0000 90e8 

  0x00000253c33946e0: ; ImmutableOopMap {[168]=Oop [176]=Oop [184]=Oop }
                      ;*invokespecial setPhysicsLocation {reexecute=0 rethrow=0 return_oop=0}
                      ; - com.jme3.bullet.objects.PhysicsRigidBody::setPhysicsLocation@6 (line 181)
                      ; - com.csproject.jMEMain::simpleUpdate@33 (line 58)
  0x00000253c33946e0: 5ce5 3e07 

  0x00000253c33946e4: ;   {other}
  0x00000253c33946e4: 0f1f 8400 | 540c 0003 | 488b 9424 | b000 0000 | 8b72 7c48 | c1e6 0348 | 3b06 488b 

  0x00000253c3394700: ;   {metadata(method data for {method} {0x000002541b4018b0} 'simpleUpdate' '(F)V' in 'com/csproject/jMEMain')}
  0x00000253c3394700: fe48 b800 | 004f 1c54 | 0200 0048 | 8380 2802 | 0000 018b | 7e54 48c1 | e703 837f | 0c02 0f86 
  0x00000253c3394720: b834 0000 | 8b5f 1848 | c1e3 0348 | 899c 24d0 | 0000 0048 

  0x00000253c3394734: ;   {metadata(method data for {method} {0x000002541b4018b0} 'simpleUpdate' '(F)V' in 'com/csproject/jMEMain')}
  0x00000253c3394734: 8bfe 48b8 | 0000 4f1c | 5402 0000 | 4883 8058 | 0200 0001 | 448b 462c | 49c1 e003 | 4c89 8424 
  0x00000253c3394754: c000 0000 

  0x00000253c3394758: ; implicit exception: dispatches to 0x00000253c3397bee
  0x00000253c3394758: 493b 0049 

  0x00000253c339475c: ;   {metadata(method data for {method} {0x000002541b4018b0} 'simpleUpdate' '(F)V' in 'com/csproject/jMEMain')}
  0x00000253c339475c: 8bf0 48bf | 0000 4f1c | 5402 0000 | 8b76 0849 | ba00 0000 | da53 0200 | 0049 03f2 | 483b b780 
  0x00000253c339477c: 0200 0075 | 0d48 8387 | 8802 0000 | 01e9 6000 | 0000 483b | b790 0200 | 0075 0d48 | 8387 9802 
  0x00000253c339479c: 0000 01e9 | 4a00 0000 | 4883 bf80 | 0200 0000 | 7517 4889 | b780 0200 | 0048 c787 | 8802 0000 
  0x00000253c33947bc: 0100 0000 | e929 0000 | 0048 83bf | 9002 0000 | 0075 1748 | 89b7 9002 | 0000 48c7 | 8798 0200 
  0x00000253c33947dc: 0001 0000 | 00e9 0800 | 0000 4883 | 8778 0200 

  0x00000253c33947ec: ;   {metadata(method data for {method} {0x000002541c442de0} 'getPhysicsLocation' '()Lcom/jme3/math/Vector3f;' in 'com/jme3/bullet/objects/PhysicsCharacter')}
  0x00000253c33947ec: 0001 48be | c0d0 4c1c | 5402 0000 | 8bbe cc00 | 0000 83c7 | 0289 becc | 0000 0081 | e7fe ff1f 
  0x00000253c339480c: 0085 ff0f | 84de 3300 | 0049 8bf0 

  0x00000253c3394818: ;   {metadata(method data for {method} {0x000002541c442de0} 'getPhysicsLocation' '()Lcom/jme3/math/Vector3f;' in 'com/jme3/bullet/objects/PhysicsCharacter')}
  0x00000253c3394818: 48bf c0d0 | 4c1c 5402 | 0000 8b76 | 0849 ba00 | 0000 da53 | 0200 0049 | 03f2 483b | b720 0100 
  0x00000253c3394838: 0075 0d48 | 8387 2801 | 0000 01e9 | 6000 0000 | 483b b730 | 0100 0075 | 0d48 8387 | 3801 0000 
  0x00000253c3394858: 01e9 4a00 | 0000 4883 | bf20 0100 | 0000 7517 | 4889 b720 | 0100 0048 | c787 2801 | 0000 0100 
  0x00000253c3394878: 0000 e929 | 0000 0048 | 83bf 3001 | 0000 0075 | 1748 89b7 | 3001 0000 | 48c7 8738 | 0100 0001 
  0x00000253c3394898: 0000 00e9 | 0800 0000 | 4883 8718 | 0100 0001 

  0x00000253c33948a8: ;   {metadata(method data for {method} {0x000002541c442c90} 'getPhysicsLocation' '(Lcom/jme3/math/Vector3f;)Lcom/jme3/math/Vector3f;' in 'com/jme3/bullet/objects/PhysicsCharacter')}
  0x00000253c33948a8: 48be 18b5 | 4c1c 5402 | 0000 8bbe | cc00 0000 | 83c7 0289 | becc 0000 | 0081 e7fe | ff1f 0085 
  0x00000253c33948c8: ff0f 8445 

  0x00000253c33948cc: ;   {metadata(method data for {method} {0x000002541c442c90} 'getPhysicsLocation' '(Lcom/jme3/math/Vector3f;)Lcom/jme3/math/Vector3f;' in 'com/jme3/bullet/objects/PhysicsCharacter')}
  0x00000253c33948cc: 3300 0048 | be18 b54c | 1c54 0200 | 00ff 8628 

  0x00000253c33948dc: ;   {metadata('com/jme3/math/Vector3f')}
  0x00000253c33948dc: 0100 0048 | ba78 db00 | db53 0200 | 0049 8b87 | b801 0000 | 488d 7818 | 493b bfc8 | 0100 000f 
  0x00000253c33948fc: 8734 3300 | 0049 89bf | b801 0000 | 48c7 0001 | 0000 0048 | 8bca 49ba | 0000 00da | 5302 0000 
  0x00000253c339491c: 492b ca89 | 4808 4833 | c989 480c | 4833 c948 | 8948 1048 

  0x00000253c3394930: ;   {metadata(method data for {method} {0x000002541c442c90} 'getPhysicsLocation' '(Lcom/jme3/math/Vector3f;)Lcom/jme3/math/Vector3f;' in 'com/jme3/bullet/objects/PhysicsCharacter')}
  0x00000253c3394930: 8bd0 48be | 18b5 4c1c | 5402 0000 | 4883 8638 | 0100 0001 | 488b d048 | 8984 24c8 

  0x00000253c339494c: ;   {optimized virtual_call}
  0x00000253c339494c: 0000 00e8 

  0x00000253c3394950: ; ImmutableOopMap {[176]=Oop [192]=Oop [200]=Oop [208]=Oop }
                      ;*invokespecial <init> {reexecute=0 rethrow=0 return_oop=0}
                      ; - com.jme3.bullet.objects.PhysicsCharacter::getPhysicsLocation@8 (line 557)
                      ; - com.jme3.bullet.objects.PhysicsCharacter::getPhysicsLocation@2 (line 571)
                      ; - com.csproject.jMEMain::simpleUpdate@52 (line 62)
  0x00000253c3394950: 4c12 5007 

  0x00000253c3394954: ;   {other}
  0x00000253c3394954: 0f1f 8400 | c40e 0004 | 4c8b 8424 | c000 0000 | 4d8b 4810 

  0x00000253c3394968: ;   {metadata(method data for {method} {0x000002541c442c90} 'getPhysicsLocation' '(Lcom/jme3/math/Vector3f;)Lcom/jme3/math/Vector3f;' in 'com/jme3/bullet/objects/PhysicsCharacter')}
  0x00000253c3394968: 498b d048 | be18 b54c | 1c54 0200 | 0048 8386 | 4801 0000 | 0149 8bf0 | 4d8b c14c | 8b8c 24c8 
  0x00000253c3394988: 0000 0048 

  0x00000253c339498c: ;   {optimized virtual_call}
  0x00000253c339498c: 8bd6 90e8 

  0x00000253c3394990: ; ImmutableOopMap {[176]=Oop [192]=Oop [200]=Oop [208]=Oop }
                      ;*invokespecial getPhysicsLocation {reexecute=0 rethrow=0 return_oop=0}
                      ; - com.jme3.bullet.objects.PhysicsCharacter::getPhysicsLocation@18 (line 559)
                      ; - com.jme3.bullet.objects.PhysicsCharacter::getPhysicsLocation@2 (line 571)
                      ; - com.csproject.jMEMain::simpleUpdate@52 (line 62)
  0x00000253c3394990: aced 3e07 

  0x00000253c3394994: ;   {other}
  0x00000253c3394994: 0f1f 8400 | 040f 0005 | 488b 9c24 | c800 0000 

  0x00000253c33949a4: ;   {metadata('com/jme3/math/Vector3f')}
  0x00000253c33949a4: 48ba 78db | 00db 5302 | 0000 498b | 87b8 0100 | 0048 8d78 | 1849 3bbf | c801 0000 | 0f87 7c32 
  0x00000253c33949c4: 0000 4989 | bfb8 0100 | 0048 c700 | 0100 0000 | 488b ca49 | ba00 0000 | da53 0200 | 0049 2bca 
  0x00000253c33949e4: 8948 0848 | 33c9 8948 | 0c48 33c9 | 4889 4810 

  0x00000253c33949f4: ;   {metadata(method data for {method} {0x000002541b4018b0} 'simpleUpdate' '(F)V' in 'com/csproject/jMEMain')}
  0x00000253c33949f4: 4c8b c048 | ba00 004f | 1c54 0200 | 0048 8382 | a802 0000 

  0x00000253c3394a08: ;   {metadata(method data for {method} {0x000002541b44caf8} '<init>' '(FFF)V' in 'com/jme3/math/Vector3f')}
  0x00000253c3394a08: 0149 b820 | d326 1c54 | 0200 0041 | 8b90 cc00 | 0000 83c2 | 0241 8990 | cc00 0000 | 81e2 feff 
  0x00000253c3394a28: 1f00 85d2 | 0f84 1d32 | 0000 4c8b 

  0x00000253c3394a34: ;   {metadata(method data for {method} {0x000002541b44caf8} '<init>' '(FFF)V' in 'com/jme3/math/Vector3f')}
  0x00000253c3394a34: c048 ba20 | d326 1c54 | 0200 0048 | 8382 1801 

  0x00000253c3394a44: ;   {metadata(method data for {method} {0x00000253da439b60} '<init>' '()V' in 'java/lang/Object')}
  0x00000253c3394a44: 0000 0149 | b8e0 0e01 | 1b54 0200 | 0041 8b90 | cc00 0000 | 83c2 0241 | 8990 cc00 | 0000 81e2 
  0x00000253c3394a64: feff 1f00 | 85d2 0f84 | 0032 0000 | c740 0c9a | 9919 bf4c 

  0x00000253c3394a78: ;   {metadata(method data for {method} {0x000002541b4018b0} 'simpleUpdate' '(F)V' in 'com/csproject/jMEMain')}
  0x00000253c3394a78: 8bc3 48ba | 0000 4f1c | 5402 0000 | 4883 82b8 | 0200 0001 | 4c8b c048 | 8bd3 0f1f 

  0x00000253c3394a94: ;   {optimized virtual_call}
  0x00000253c3394a94: 4400 00e8 

  0x00000253c3394a98: ; ImmutableOopMap {[176]=Oop [208]=Oop }
                      ;*invokevirtual add {reexecute=0 rethrow=0 return_oop=0}
                      ; - com.csproject.jMEMain::simpleUpdate@66 (line 62)
  0x00000253c3394a98: 240d 5007 

  0x00000253c3394a9c: ;   {other}
  0x00000253c3394a9c: 0f1f 8400 | 0c10 0006 | 488b 9c24 | d000 0000 

  0x00000253c3394aac: ; implicit exception: dispatches to 0x00000253c3397c91
  0x00000253c3394aac: 483b 034c 

  0x00000253c3394ab0: ;   {metadata(method data for {method} {0x000002541b4018b0} 'simpleUpdate' '(F)V' in 'com/csproject/jMEMain')}
  0x00000253c3394ab0: 8bc3 49b9 | 0000 4f1c | 5402 0000 | 458b 4008 | 49ba 0000 | 00da 5302 | 0000 4d03 | c24d 3b81 
  0x00000253c3394ad0: f002 0000 | 750d 4983 | 81f8 0200 | 0001 e960 | 0000 004d | 3b81 0003 | 0000 750d | 4983 8108 
  0x00000253c3394af0: 0300 0001 | e94a 0000 | 0049 83b9 | f002 0000 | 0075 174d | 8981 f002 | 0000 49c7 | 81f8 0200 
  0x00000253c3394b10: 0001 0000 | 00e9 2900 | 0000 4983 | b900 0300 | 0000 7517 | 4d89 8100 | 0300 0049 | c781 0803 
  0x00000253c3394b30: 0000 0100 | 0000 e908 | 0000 0049 | 8381 e802 

  0x00000253c3394b40: ;   {metadata(method data for {method} {0x000002541c20b448} 'setPhysicsLocation' '(Lcom/jme3/math/Vector3f;)V' in 'com/jme3/bullet/objects/PhysicsRigidBody')}
  0x00000253c3394b40: 0000 0149 | b898 224c | 1c54 0200 | 0045 8b88 | cc00 0000 | 4183 c102 | 4589 88cc | 0000 0041 
  0x00000253c3394b60: 81e1 feff | 1f00 4585 | c90f 8427 | 3100 004c | 8b43 104c 

  0x00000253c3394b74: ;   {metadata(method data for {method} {0x000002541c20b448} 'setPhysicsLocation' '(Lcom/jme3/math/Vector3f;)V' in 'com/jme3/bullet/objects/PhysicsRigidBody')}
  0x00000253c3394b74: 8bcb 48ba | 9822 4c1c | 5402 0000 | 4883 8218 | 0100 0001 | 4c8b c848 | 8bd3 4889 | 8424 d800 
  0x00000253c3394b94: ;   {optimized virtual_call}
  0x00000253c3394b94: 0000 90e8 

  0x00000253c3394b98: ; ImmutableOopMap {[176]=Oop [208]=Oop [216]=Oop }
                      ;*invokespecial setPhysicsLocation {reexecute=0 rethrow=0 return_oop=0}
                      ; - com.jme3.bullet.objects.PhysicsRigidBody::setPhysicsLocation@6 (line 181)
                      ; - com.csproject.jMEMain::simpleUpdate@69 (line 61)
  0x00000253c3394b98: a4e0 3e07 

  0x00000253c3394b9c: ;   {other}
  0x00000253c3394b9c: 0f1f 8400 | 0c11 0007 | 488b 9424 | b000 0000 | 8b72 7c48 | c1e6 0348 | 3b06 488b 

  0x00000253c3394bb8: ;   {metadata(method data for {method} {0x000002541b4018b0} 'simpleUpdate' '(F)V' in 'com/csproject/jMEMain')}
  0x00000253c3394bb8: fe48 b800 | 004f 1c54 | 0200 0048 | 8380 2803 | 0000 018b | 7e54 48c1 | e703 837f | 0c03 0f86 
  0x00000253c3394bd8: ea30 0000 | 8b5f 1c48 | c1e3 0348 | 899c 24f0 | 0000 0048 

  0x00000253c3394bec: ;   {metadata(method data for {method} {0x000002541b4018b0} 'simpleUpdate' '(F)V' in 'com/csproject/jMEMain')}
  0x00000253c3394bec: 8bfe 48b8 | 0000 4f1c | 5402 0000 | 4883 8058 | 0300 0001 | 448b 462c | 49c1 e003 | 4c89 8424 
  0x00000253c3394c0c: e000 0000 

  0x00000253c3394c10: ; implicit exception: dispatches to 0x00000253c3397cd8
  0x00000253c3394c10: 493b 0049 

  0x00000253c3394c14: ;   {metadata(method data for {method} {0x000002541b4018b0} 'simpleUpdate' '(F)V' in 'com/csproject/jMEMain')}
  0x00000253c3394c14: 8bf0 48bf | 0000 4f1c | 5402 0000 | 8b76 0849 | ba00 0000 | da53 0200 | 0049 03f2 | 483b b780 
  0x00000253c3394c34: 0300 0075 | 0d48 8387 | 8803 0000 | 01e9 6000 | 0000 483b | b790 0300 | 0075 0d48 | 8387 9803 
  0x00000253c3394c54: 0000 01e9 | 4a00 0000 | 4883 bf80 | 0300 0000 | 7517 4889 | b780 0300 | 0048 c787 | 8803 0000 
  0x00000253c3394c74: 0100 0000 | e929 0000 | 0048 83bf | 9003 0000 | 0075 1748 | 89b7 9003 | 0000 48c7 | 8798 0300 
  0x00000253c3394c94: 0001 0000 | 00e9 0800 | 0000 4883 | 8778 0300 

  0x00000253c3394ca4: ;   {metadata(method data for {method} {0x000002541c442de0} 'getPhysicsLocation' '()Lcom/jme3/math/Vector3f;' in 'com/jme3/bullet/objects/PhysicsCharacter')}
  0x00000253c3394ca4: 0001 48be | c0d0 4c1c | 5402 0000 | 8bbe cc00 | 0000 83c7 | 0289 becc | 0000 0081 | e7fe ff1f 
  0x00000253c3394cc4: 0085 ff0f | 8410 3000 | 0049 8bf0 

  0x00000253c3394cd0: ;   {metadata(method data for {method} {0x000002541c442de0} 'getPhysicsLocation' '()Lcom/jme3/math/Vector3f;' in 'com/jme3/bullet/objects/PhysicsCharacter')}
  0x00000253c3394cd0: 48bf c0d0 | 4c1c 5402 | 0000 8b76 | 0849 ba00 | 0000 da53 | 0200 0049 | 03f2 483b | b720 0100 
  0x00000253c3394cf0: 0075 0d48 | 8387 2801 | 0000 01e9 | 6000 0000 | 483b b730 | 0100 0075 | 0d48 8387 | 3801 0000 
  0x00000253c3394d10: 01e9 4a00 | 0000 4883 | bf20 0100 | 0000 7517 | 4889 b720 | 0100 0048 | c787 2801 | 0000 0100 
  0x00000253c3394d30: 0000 e929 | 0000 0048 | 83bf 3001 | 0000 0075 | 1748 89b7 | 3001 0000 | 48c7 8738 | 0100 0001 
  0x00000253c3394d50: 0000 00e9 | 0800 0000 | 4883 8718 | 0100 0001 

  0x00000253c3394d60: ;   {metadata(method data for {method} {0x000002541c442c90} 'getPhysicsLocation' '(Lcom/jme3/math/Vector3f;)Lcom/jme3/math/Vector3f;' in 'com/jme3/bullet/objects/PhysicsCharacter')}
  0x00000253c3394d60: 48be 18b5 | 4c1c 5402 | 0000 8bbe | cc00 0000 | 83c7 0289 | becc 0000 | 0081 e7fe | ff1f 0085 
  0x00000253c3394d80: ff0f 8477 

  0x00000253c3394d84: ;   {metadata(method data for {method} {0x000002541c442c90} 'getPhysicsLocation' '(Lcom/jme3/math/Vector3f;)Lcom/jme3/math/Vector3f;' in 'com/jme3/bullet/objects/PhysicsCharacter')}
  0x00000253c3394d84: 2f00 0048 | be18 b54c | 1c54 0200 | 00ff 8628 

  0x00000253c3394d94: ;   {metadata('com/jme3/math/Vector3f')}
  0x00000253c3394d94: 0100 0048 | ba78 db00 | db53 0200 | 0049 8b87 | b801 0000 | 488d 7818 | 493b bfc8 | 0100 000f 
  0x00000253c3394db4: 8766 2f00 | 0049 89bf | b801 0000 | 48c7 0001 | 0000 0048 | 8bca 49ba | 0000 00da | 5302 0000 
  0x00000253c3394dd4: 492b ca89 | 4808 4833 | c989 480c | 4833 c948 | 8948 1048 

  0x00000253c3394de8: ;   {metadata(method data for {method} {0x000002541c442c90} 'getPhysicsLocation' '(Lcom/jme3/math/Vector3f;)Lcom/jme3/math/Vector3f;' in 'com/jme3/bullet/objects/PhysicsCharacter')}
  0x00000253c3394de8: 8bd0 48be | 18b5 4c1c | 5402 0000 | 4883 8638 | 0100 0001 | 488b d048 | 8984 24e8 

  0x00000253c3394e04: ;   {optimized virtual_call}
  0x00000253c3394e04: 0000 00e8 

  0x00000253c3394e08: ; ImmutableOopMap {[176]=Oop [224]=Oop [232]=Oop [240]=Oop }
                      ;*invokespecial <init> {reexecute=0 rethrow=0 return_oop=0}
                      ; - com.jme3.bullet.objects.PhysicsCharacter::getPhysicsLocation@8 (line 557)
                      ; - com.jme3.bullet.objects.PhysicsCharacter::getPhysicsLocation@2 (line 571)
                      ; - com.csproject.jMEMain::simpleUpdate@88 (line 65)
  0x00000253c3394e08: 940d 5007 

  0x00000253c3394e0c: ;   {other}
  0x00000253c3394e0c: 0f1f 8400 | 7c13 0008 | 4c8b 8424 | e000 0000 | 4d8b 4810 

  0x00000253c3394e20: ;   {metadata(method data for {method} {0x000002541c442c90} 'getPhysicsLocation' '(Lcom/jme3/math/Vector3f;)Lcom/jme3/math/Vector3f;' in 'com/jme3/bullet/objects/PhysicsCharacter')}
  0x00000253c3394e20: 498b d048 | be18 b54c | 1c54 0200 | 0048 8386 | 4801 0000 | 0149 8bf0 | 4d8b c14c | 8b8c 24e8 
  0x00000253c3394e40: 0000 0048 

  0x00000253c3394e44: ;   {optimized virtual_call}
  0x00000253c3394e44: 8bd6 90e8 

  0x00000253c3394e48: ; ImmutableOopMap {[176]=Oop [224]=Oop [232]=Oop [240]=Oop }
                      ;*invokespecial getPhysicsLocation {reexecute=0 rethrow=0 return_oop=0}
                      ; - com.jme3.bullet.objects.PhysicsCharacter::getPhysicsLocation@18 (line 559)
                      ; - com.jme3.bullet.objects.PhysicsCharacter::getPhysicsLocation@2 (line 571)
                      ; - com.csproject.jMEMain::simpleUpdate@88 (line 65)
  0x00000253c3394e48: f4e8 3e07 

  0x00000253c3394e4c: ;   {other}
  0x00000253c3394e4c: 0f1f 8400 | bc13 0009 | 488b 9c24 | e800 0000 

  0x00000253c3394e5c: ;   {metadata('com/jme3/math/Vector3f')}
  0x00000253c3394e5c: 48ba 78db | 00db 5302 | 0000 498b | 87b8 0100 | 0048 8d78 | 1849 3bbf | c801 0000 | 0f87 ae2e 
  0x00000253c3394e7c: 0000 4989 | bfb8 0100 | 0048 c700 | 0100 0000 | 488b ca49 | ba00 0000 | da53 0200 | 0049 2bca 
  0x00000253c3394e9c: 8948 0848 | 33c9 8948 | 0c48 33c9 | 4889 4810 

  0x00000253c3394eac: ;   {metadata(method data for {method} {0x000002541b4018b0} 'simpleUpdate' '(F)V' in 'com/csproject/jMEMain')}
  0x00000253c3394eac: 4c8b c048 | ba00 004f | 1c54 0200 | 0048 8382 | a803 0000 

  0x00000253c3394ec0: ;   {metadata(method data for {method} {0x000002541b44caf8} '<init>' '(FFF)V' in 'com/jme3/math/Vector3f')}
  0x00000253c3394ec0: 0149 b820 | d326 1c54 | 0200 0041 | 8b90 cc00 | 0000 83c2 | 0241 8990 | cc00 0000 | 81e2 feff 
  0x00000253c3394ee0: 1f00 85d2 | 0f84 4f2e | 0000 4c8b 

  0x00000253c3394eec: ;   {metadata(method data for {method} {0x000002541b44caf8} '<init>' '(FFF)V' in 'com/jme3/math/Vector3f')}
  0x00000253c3394eec: c048 ba20 | d326 1c54 | 0200 0048 | 8382 1801 

  0x00000253c3394efc: ;   {metadata(method data for {method} {0x00000253da439b60} '<init>' '()V' in 'java/lang/Object')}
  0x00000253c3394efc: 0000 0149 | b8e0 0e01 | 1b54 0200 | 0041 8b90 | cc00 0000 | 83c2 0241 | 8990 cc00 | 0000 81e2 
  0x00000253c3394f1c: feff 1f00 | 85d2 0f84 | 322e 0000 | c740 149a | 9919 3f4c 

  0x00000253c3394f30: ;   {metadata(method data for {method} {0x000002541b4018b0} 'simpleUpdate' '(F)V' in 'com/csproject/jMEMain')}
  0x00000253c3394f30: 8bc3 48ba | 0000 4f1c | 5402 0000 | 4883 82b8 | 0300 0001 | 4c8b c048 | 8bd3 0f1f 

  0x00000253c3394f4c: ;   {optimized virtual_call}
  0x00000253c3394f4c: 4400 00e8 

  0x00000253c3394f50: ; ImmutableOopMap {[176]=Oop [240]=Oop }
                      ;*invokevirtual add {reexecute=0 rethrow=0 return_oop=0}
                      ; - com.csproject.jMEMain::simpleUpdate@102 (line 65)
  0x00000253c3394f50: 6c08 5007 

  0x00000253c3394f54: ;   {other}
  0x00000253c3394f54: 0f1f 8400 | c414 000a | 488b 9c24 | f000 0000 

  0x00000253c3394f64: ; implicit exception: dispatches to 0x00000253c3397d7b
  0x00000253c3394f64: 483b 034c 

  0x00000253c3394f68: ;   {metadata(method data for {method} {0x000002541b4018b0} 'simpleUpdate' '(F)V' in 'com/csproject/jMEMain')}
  0x00000253c3394f68: 8bc3 49b9 | 0000 4f1c | 5402 0000 | 458b 4008 | 49ba 0000 | 00da 5302 | 0000 4d03 | c24d 3b81 
  0x00000253c3394f88: f003 0000 | 750d 4983 | 81f8 0300 | 0001 e960 | 0000 004d | 3b81 0004 | 0000 750d | 4983 8108 
  0x00000253c3394fa8: 0400 0001 | e94a 0000 | 0049 83b9 | f003 0000 | 0075 174d | 8981 f003 | 0000 49c7 | 81f8 0300 
  0x00000253c3394fc8: 0001 0000 | 00e9 2900 | 0000 4983 | b900 0400 | 0000 7517 | 4d89 8100 | 0400 0049 | c781 0804 
  0x00000253c3394fe8: 0000 0100 | 0000 e908 | 0000 0049 | 8381 e803 

  0x00000253c3394ff8: ;   {metadata(method data for {method} {0x000002541c20b448} 'setPhysicsLocation' '(Lcom/jme3/math/Vector3f;)V' in 'com/jme3/bullet/objects/PhysicsRigidBody')}
  0x00000253c3394ff8: 0000 0149 | b898 224c | 1c54 0200 | 0045 8b88 | cc00 0000 | 4183 c102 | 4589 88cc | 0000 0041 
  0x00000253c3395018: 81e1 feff | 1f00 4585 | c90f 8459 | 2d00 004c | 8b43 104c 

  0x00000253c339502c: ;   {metadata(method data for {method} {0x000002541c20b448} 'setPhysicsLocation' '(Lcom/jme3/math/Vector3f;)V' in 'com/jme3/bullet/objects/PhysicsRigidBody')}
  0x00000253c339502c: 8bcb 48ba | 9822 4c1c | 5402 0000 | 4883 8218 | 0100 0001 | 4c8b c848 | 8bd3 4889 | 8424 f800 
  0x00000253c339504c: ;   {optimized virtual_call}
  0x00000253c339504c: 0000 90e8 

  0x00000253c3395050: ; ImmutableOopMap {[176]=Oop [240]=Oop [248]=Oop }
                      ;*invokespecial setPhysicsLocation {reexecute=0 rethrow=0 return_oop=0}
                      ; - com.jme3.bullet.objects.PhysicsRigidBody::setPhysicsLocation@6 (line 181)
                      ; - com.csproject.jMEMain::simpleUpdate@105 (line 64)
  0x00000253c3395050: ecdb 3e07 

  0x00000253c3395054: ;   {other}
  0x00000253c3395054: 0f1f 8400 | c415 000b | 488b 9424 | b000 0000 | 8b72 7c48 | c1e6 0348 | 3b06 488b 

  0x00000253c3395070: ;   {metadata(method data for {method} {0x000002541b4018b0} 'simpleUpdate' '(F)V' in 'com/csproject/jMEMain')}
  0x00000253c3395070: fe48 b800 | 004f 1c54 | 0200 0048 | 8380 2804 | 0000 018b | 7e54 48c1 | e703 837f | 0c04 0f86 
  0x00000253c3395090: 1c2d 0000 | 8b5f 2048 | c1e3 0348 | 899c 2410 | 0100 0048 

  0x00000253c33950a4: ;   {metadata(method data for {method} {0x000002541b4018b0} 'simpleUpdate' '(F)V' in 'com/csproject/jMEMain')}
  0x00000253c33950a4: 8bfe 48b8 | 0000 4f1c | 5402 0000 | 4883 8058 | 0400 0001 | 448b 462c | 49c1 e003 | 4c89 8424 
  0x00000253c33950c4: 0001 0000 

  0x00000253c33950c8: ; implicit exception: dispatches to 0x00000253c3397dc2
  0x00000253c33950c8: 493b 0049 

  0x00000253c33950cc: ;   {metadata(method data for {method} {0x000002541b4018b0} 'simpleUpdate' '(F)V' in 'com/csproject/jMEMain')}
  0x00000253c33950cc: 8bf0 48bf | 0000 4f1c | 5402 0000 | 8b76 0849 | ba00 0000 | da53 0200 | 0049 03f2 | 483b b780 
  0x00000253c33950ec: 0400 0075 | 0d48 8387 | 8804 0000 | 01e9 6000 | 0000 483b | b790 0400 | 0075 0d48 | 8387 9804 
  0x00000253c339510c: 0000 01e9 | 4a00 0000 | 4883 bf80 | 0400 0000 | 7517 4889 | b780 0400 | 0048 c787 | 8804 0000 
  0x00000253c339512c: 0100 0000 | e929 0000 | 0048 83bf | 9004 0000 | 0075 1748 | 89b7 9004 | 0000 48c7 | 8798 0400 
  0x00000253c339514c: 0001 0000 | 00e9 0800 | 0000 4883 | 8778 0400 

  0x00000253c339515c: ;   {metadata(method data for {method} {0x000002541c442de0} 'getPhysicsLocation' '()Lcom/jme3/math/Vector3f;' in 'com/jme3/bullet/objects/PhysicsCharacter')}
  0x00000253c339515c: 0001 48be | c0d0 4c1c | 5402 0000 | 8bbe cc00 | 0000 83c7 | 0289 becc | 0000 0081 | e7fe ff1f 
  0x00000253c339517c: 0085 ff0f | 8442 2c00 | 0049 8bf0 

  0x00000253c3395188: ;   {metadata(method data for {method} {0x000002541c442de0} 'getPhysicsLocation' '()Lcom/jme3/math/Vector3f;' in 'com/jme3/bullet/objects/PhysicsCharacter')}
  0x00000253c3395188: 48bf c0d0 | 4c1c 5402 | 0000 8b76 | 0849 ba00 | 0000 da53 | 0200 0049 | 03f2 483b | b720 0100 
  0x00000253c33951a8: 0075 0d48 | 8387 2801 | 0000 01e9 | 6000 0000 | 483b b730 | 0100 0075 | 0d48 8387 | 3801 0000 
  0x00000253c33951c8: 01e9 4a00 | 0000 4883 | bf20 0100 | 0000 7517 | 4889 b720 | 0100 0048 | c787 2801 | 0000 0100 
  0x00000253c33951e8: 0000 e929 | 0000 0048 | 83bf 3001 | 0000 0075 | 1748 89b7 | 3001 0000 | 48c7 8738 | 0100 0001 
  0x00000253c3395208: 0000 00e9 | 0800 0000 | 4883 8718 | 0100 0001 

  0x00000253c3395218: ;   {metadata(method data for {method} {0x000002541c442c90} 'getPhysicsLocation' '(Lcom/jme3/math/Vector3f;)Lcom/jme3/math/Vector3f;' in 'com/jme3/bullet/objects/PhysicsCharacter')}
  0x00000253c3395218: 48be 18b5 | 4c1c 5402 | 0000 8bbe | cc00 0000 | 83c7 0289 | becc 0000 | 0081 e7fe | ff1f 0085 
  0x00000253c3395238: ff0f 84a9 

  0x00000253c339523c: ;   {metadata(method data for {method} {0x000002541c442c90} 'getPhysicsLocation' '(Lcom/jme3/math/Vector3f;)Lcom/jme3/math/Vector3f;' in 'com/jme3/bullet/objects/PhysicsCharacter')}
  0x00000253c339523c: 2b00 0048 | be18 b54c | 1c54 0200 | 00ff 8628 

  0x00000253c339524c: ;   {metadata('com/jme3/math/Vector3f')}
  0x00000253c339524c: 0100 0048 | ba78 db00 | db53 0200 | 0049 8b87 | b801 0000 | 488d 7818 | 493b bfc8 | 0100 000f 
  0x00000253c339526c: 8798 2b00 | 0049 89bf | b801 0000 | 48c7 0001 | 0000 0048 | 8bca 49ba | 0000 00da | 5302 0000 
  0x00000253c339528c: 492b ca89 | 4808 4833 | c989 480c | 4833 c948 | 8948 1048 

  0x00000253c33952a0: ;   {metadata(method data for {method} {0x000002541c442c90} 'getPhysicsLocation' '(Lcom/jme3/math/Vector3f;)Lcom/jme3/math/Vector3f;' in 'com/jme3/bullet/objects/PhysicsCharacter')}
  0x00000253c33952a0: 8bd0 48be | 18b5 4c1c | 5402 0000 | 4883 8638 | 0100 0001 | 488b d048 | 8984 2408 

  0x00000253c33952bc: ;   {optimized virtual_call}
  0x00000253c33952bc: 0100 00e8 

  0x00000253c33952c0: ; ImmutableOopMap {[176]=Oop [256]=Oop [264]=Oop [272]=Oop }
                      ;*invokespecial <init> {reexecute=0 rethrow=0 return_oop=0}
                      ; - com.jme3.bullet.objects.PhysicsCharacter::getPhysicsLocation@8 (line 557)
                      ; - com.jme3.bullet.objects.PhysicsCharacter::getPhysicsLocation@2 (line 571)
                      ; - com.csproject.jMEMain::simpleUpdate@124 (line 68)
  0x00000253c33952c0: dc08 5007 

  0x00000253c33952c4: ;   {other}
  0x00000253c33952c4: 0f1f 8400 | 3418 000c | 4c8b 8424 | 0001 0000 | 4d8b 4810 

  0x00000253c33952d8: ;   {metadata(method data for {method} {0x000002541c442c90} 'getPhysicsLocation' '(Lcom/jme3/math/Vector3f;)Lcom/jme3/math/Vector3f;' in 'com/jme3/bullet/objects/PhysicsCharacter')}
  0x00000253c33952d8: 498b d048 | be18 b54c | 1c54 0200 | 0048 8386 | 4801 0000 | 0149 8bf0 | 4d8b c14c | 8b8c 2408 
  0x00000253c33952f8: 0100 0048 

  0x00000253c33952fc: ;   {optimized virtual_call}
  0x00000253c33952fc: 8bd6 90e8 

  0x00000253c3395300: ; ImmutableOopMap {[176]=Oop [256]=Oop [264]=Oop [272]=Oop }
                      ;*invokespecial getPhysicsLocation {reexecute=0 rethrow=0 return_oop=0}
                      ; - com.jme3.bullet.objects.PhysicsCharacter::getPhysicsLocation@18 (line 559)
                      ; - com.jme3.bullet.objects.PhysicsCharacter::getPhysicsLocation@2 (line 571)
                      ; - com.csproject.jMEMain::simpleUpdate@124 (line 68)
  0x00000253c3395300: 3ce4 3e07 

  0x00000253c3395304: ;   {other}
  0x00000253c3395304: 0f1f 8400 | 7418 000d | 488b 9c24 | 0801 0000 

  0x00000253c3395314: ;   {metadata('com/jme3/math/Vector3f')}
  0x00000253c3395314: 48ba 78db | 00db 5302 | 0000 498b | 87b8 0100 | 0048 8d78 | 1849 3bbf | c801 0000 | 0f87 e02a 
  0x00000253c3395334: 0000 4989 | bfb8 0100 | 0048 c700 | 0100 0000 | 488b ca49 | ba00 0000 | da53 0200 | 0049 2bca 
  0x00000253c3395354: 8948 0848 | 33c9 8948 | 0c48 33c9 | 4889 4810 

  0x00000253c3395364: ;   {metadata(method data for {method} {0x000002541b4018b0} 'simpleUpdate' '(F)V' in 'com/csproject/jMEMain')}
  0x00000253c3395364: 4c8b c048 | ba00 004f | 1c54 0200 | 0048 8382 | a804 0000 

  0x00000253c3395378: ;   {metadata(method data for {method} {0x000002541b44caf8} '<init>' '(FFF)V' in 'com/jme3/math/Vector3f')}
  0x00000253c3395378: 0149 b820 | d326 1c54 | 0200 0041 | 8b90 cc00 | 0000 83c2 | 0241 8990 | cc00 0000 | 81e2 feff 
  0x00000253c3395398: 1f00 85d2 | 0f84 812a | 0000 4c8b 

  0x00000253c33953a4: ;   {metadata(method data for {method} {0x000002541b44caf8} '<init>' '(FFF)V' in 'com/jme3/math/Vector3f')}
  0x00000253c33953a4: c048 ba20 | d326 1c54 | 0200 0048 | 8382 1801 

  0x00000253c33953b4: ;   {metadata(method data for {method} {0x00000253da439b60} '<init>' '()V' in 'java/lang/Object')}
  0x00000253c33953b4: 0000 0149 | b8e0 0e01 | 1b54 0200 | 0041 8b90 | cc00 0000 | 83c2 0241 | 8990 cc00 | 0000 81e2 
  0x00000253c33953d4: feff 1f00 | 85d2 0f84 | 642a 0000 | c740 149a | 9919 bf4c 

  0x00000253c33953e8: ;   {metadata(method data for {method} {0x000002541b4018b0} 'simpleUpdate' '(F)V' in 'com/csproject/jMEMain')}
  0x00000253c33953e8: 8bc3 48ba | 0000 4f1c | 5402 0000 | 4883 82b8 | 0400 0001 | 4c8b c048 | 8bd3 0f1f 

  0x00000253c3395404: ;   {optimized virtual_call}
  0x00000253c3395404: 4400 00e8 

  0x00000253c3395408: ; ImmutableOopMap {[176]=Oop [272]=Oop }
                      ;*invokevirtual add {reexecute=0 rethrow=0 return_oop=0}
                      ; - com.csproject.jMEMain::simpleUpdate@138 (line 68)
  0x00000253c3395408: b403 5007 

  0x00000253c339540c: ;   {other}
  0x00000253c339540c: 0f1f 8400 | 7c19 000e | 488b 9c24 | 1001 0000 

  0x00000253c339541c: ; implicit exception: dispatches to 0x00000253c3397e65
  0x00000253c339541c: 483b 034c 

  0x00000253c3395420: ;   {metadata(method data for {method} {0x000002541b4018b0} 'simpleUpdate' '(F)V' in 'com/csproject/jMEMain')}
  0x00000253c3395420: 8bc3 49b9 | 0000 4f1c | 5402 0000 | 458b 4008 | 49ba 0000 | 00da 5302 | 0000 4d03 | c24d 3b81 
  0x00000253c3395440: f004 0000 | 750d 4983 | 81f8 0400 | 0001 e960 | 0000 004d | 3b81 0005 | 0000 750d | 4983 8108 
  0x00000253c3395460: 0500 0001 | e94a 0000 | 0049 83b9 | f004 0000 | 0075 174d | 8981 f004 | 0000 49c7 | 81f8 0400 
  0x00000253c3395480: 0001 0000 | 00e9 2900 | 0000 4983 | b900 0500 | 0000 7517 | 4d89 8100 | 0500 0049 | c781 0805 
  0x00000253c33954a0: 0000 0100 | 0000 e908 | 0000 0049 | 8381 e804 

  0x00000253c33954b0: ;   {metadata(method data for {method} {0x000002541c20b448} 'setPhysicsLocation' '(Lcom/jme3/math/Vector3f;)V' in 'com/jme3/bullet/objects/PhysicsRigidBody')}
  0x00000253c33954b0: 0000 0149 | b898 224c | 1c54 0200 | 0045 8b88 | cc00 0000 | 4183 c102 | 4589 88cc | 0000 0041 
  0x00000253c33954d0: 81e1 feff | 1f00 4585 | c90f 848b | 2900 004c | 8b43 104c 

  0x00000253c33954e4: ;   {metadata(method data for {method} {0x000002541c20b448} 'setPhysicsLocation' '(Lcom/jme3/math/Vector3f;)V' in 'com/jme3/bullet/objects/PhysicsRigidBody')}
  0x00000253c33954e4: 8bcb 48ba | 9822 4c1c | 5402 0000 | 4883 8218 | 0100 0001 | 4c8b c848 | 8bd3 4889 | 8424 1801 
  0x00000253c3395504: ;   {optimized virtual_call}
  0x00000253c3395504: 0000 90e8 

  0x00000253c3395508: ; ImmutableOopMap {[176]=Oop [272]=Oop [280]=Oop }
                      ;*invokespecial setPhysicsLocation {reexecute=0 rethrow=0 return_oop=0}
                      ; - com.jme3.bullet.objects.PhysicsRigidBody::setPhysicsLocation@6 (line 181)
                      ; - com.csproject.jMEMain::simpleUpdate@141 (line 67)
  0x00000253c3395508: 34d7 3e07 

  0x00000253c339550c: ;   {other}
  0x00000253c339550c: 0f1f 8400 | 7c1a 000f | 488b 9424 | b000 0000 | 8b72 7c48 | c1e6 0348 | 3b06 488b 

  0x00000253c3395528: ;   {metadata(method data for {method} {0x000002541b4018b0} 'simpleUpdate' '(F)V' in 'com/csproject/jMEMain')}
  0x00000253c3395528: fe48 b800 | 004f 1c54 | 0200 0048 | 8380 2805 | 0000 018b | 7e54 48c1 | e703 837f | 0c05 0f86 
  0x00000253c3395548: 4e29 0000 | 8b5f 2448 | c1e3 0348 | 899c 2430 | 0100 0048 

  0x00000253c339555c: ;   {metadata(method data for {method} {0x000002541b4018b0} 'simpleUpdate' '(F)V' in 'com/csproject/jMEMain')}
  0x00000253c339555c: 8bfe 48b8 | 0000 4f1c | 5402 0000 | 4883 8058 | 0500 0001 | 448b 462c | 49c1 e003 | 4c89 8424 
  0x00000253c339557c: 2001 0000 

  0x00000253c3395580: ; implicit exception: dispatches to 0x00000253c3397eac
  0x00000253c3395580: 493b 0049 

  0x00000253c3395584: ;   {metadata(method data for {method} {0x000002541b4018b0} 'simpleUpdate' '(F)V' in 'com/csproject/jMEMain')}
  0x00000253c3395584: 8bf0 48bf | 0000 4f1c | 5402 0000 | 8b76 0849 | ba00 0000 | da53 0200 | 0049 03f2 | 483b b780 
  0x00000253c33955a4: 0500 0075 | 0d48 8387 | 8805 0000 | 01e9 6000 | 0000 483b | b790 0500 | 0075 0d48 | 8387 9805 
  0x00000253c33955c4: 0000 01e9 | 4a00 0000 | 4883 bf80 | 0500 0000 | 7517 4889 | b780 0500 | 0048 c787 | 8805 0000 
  0x00000253c33955e4: 0100 0000 | e929 0000 | 0048 83bf | 9005 0000 | 0075 1748 | 89b7 9005 | 0000 48c7 | 8798 0500 
  0x00000253c3395604: 0001 0000 | 00e9 0800 | 0000 4883 | 8778 0500 

  0x00000253c3395614: ;   {metadata(method data for {method} {0x000002541c442de0} 'getPhysicsLocation' '()Lcom/jme3/math/Vector3f;' in 'com/jme3/bullet/objects/PhysicsCharacter')}
  0x00000253c3395614: 0001 48be | c0d0 4c1c | 5402 0000 | 8bbe cc00 | 0000 83c7 | 0289 becc | 0000 0081 | e7fe ff1f 
  0x00000253c3395634: 0085 ff0f | 8474 2800 | 0049 8bf0 

  0x00000253c3395640: ;   {metadata(method data for {method} {0x000002541c442de0} 'getPhysicsLocation' '()Lcom/jme3/math/Vector3f;' in 'com/jme3/bullet/objects/PhysicsCharacter')}
  0x00000253c3395640: 48bf c0d0 | 4c1c 5402 | 0000 8b76 | 0849 ba00 | 0000 da53 | 0200 0049 | 03f2 483b | b720 0100 
  0x00000253c3395660: 0075 0d48 | 8387 2801 | 0000 01e9 | 6000 0000 | 483b b730 | 0100 0075 | 0d48 8387 | 3801 0000 
  0x00000253c3395680: 01e9 4a00 | 0000 4883 | bf20 0100 | 0000 7517 | 4889 b720 | 0100 0048 | c787 2801 | 0000 0100 
  0x00000253c33956a0: 0000 e929 | 0000 0048 | 83bf 3001 | 0000 0075 | 1748 89b7 | 3001 0000 | 48c7 8738 | 0100 0001 
  0x00000253c33956c0: 0000 00e9 | 0800 0000 | 4883 8718 | 0100 0001 

  0x00000253c33956d0: ;   {metadata(method data for {method} {0x000002541c442c90} 'getPhysicsLocation' '(Lcom/jme3/math/Vector3f;)Lcom/jme3/math/Vector3f;' in 'com/jme3/bullet/objects/PhysicsCharacter')}
  0x00000253c33956d0: 48be 18b5 | 4c1c 5402 | 0000 8bbe | cc00 0000 | 83c7 0289 | becc 0000 | 0081 e7fe | ff1f 0085 
  0x00000253c33956f0: ff0f 84db 

  0x00000253c33956f4: ;   {metadata(method data for {method} {0x000002541c442c90} 'getPhysicsLocation' '(Lcom/jme3/math/Vector3f;)Lcom/jme3/math/Vector3f;' in 'com/jme3/bullet/objects/PhysicsCharacter')}
  0x00000253c33956f4: 2700 0048 | be18 b54c | 1c54 0200 | 00ff 8628 

  0x00000253c3395704: ;   {metadata('com/jme3/math/Vector3f')}
  0x00000253c3395704: 0100 0048 | ba78 db00 | db53 0200 | 0049 8b87 | b801 0000 | 488d 7818 | 493b bfc8 | 0100 000f 
  0x00000253c3395724: 87ca 2700 | 0049 89bf | b801 0000 | 48c7 0001 | 0000 0048 | 8bca 49ba | 0000 00da | 5302 0000 
  0x00000253c3395744: 492b ca89 | 4808 4833 | c989 480c | 4833 c948 | 8948 1048 

  0x00000253c3395758: ;   {metadata(method data for {method} {0x000002541c442c90} 'getPhysicsLocation' '(Lcom/jme3/math/Vector3f;)Lcom/jme3/math/Vector3f;' in 'com/jme3/bullet/objects/PhysicsCharacter')}
  0x00000253c3395758: 8bd0 48be | 18b5 4c1c | 5402 0000 | 4883 8638 | 0100 0001 | 488b d048 | 8984 2428 

  0x00000253c3395774: ;   {optimized virtual_call}
  0x00000253c3395774: 0100 00e8 

  0x00000253c3395778: ; ImmutableOopMap {[176]=Oop [288]=Oop [296]=Oop [304]=Oop }
                      ;*invokespecial <init> {reexecute=0 rethrow=0 return_oop=0}
                      ; - com.jme3.bullet.objects.PhysicsCharacter::getPhysicsLocation@8 (line 557)
                      ; - com.jme3.bullet.objects.PhysicsCharacter::getPhysicsLocation@2 (line 571)
                      ; - com.csproject.jMEMain::simpleUpdate@160 (line 71)
  0x00000253c3395778: 2404 5007 

  0x00000253c339577c: ;   {other}
  0x00000253c339577c: 0f1f 8400 | ec1c 0010 | 4c8b 8424 | 2001 0000 | 4d8b 4810 

  0x00000253c3395790: ;   {metadata(method data for {method} {0x000002541c442c90} 'getPhysicsLocation' '(Lcom/jme3/math/Vector3f;)Lcom/jme3/math/Vector3f;' in 'com/jme3/bullet/objects/PhysicsCharacter')}
  0x00000253c3395790: 498b d048 | be18 b54c | 1c54 0200 | 0048 8386 | 4801 0000 | 0149 8bf0 | 4d8b c14c | 8b8c 2428 
  0x00000253c33957b0: 0100 0048 

  0x00000253c33957b4: ;   {optimized virtual_call}
  0x00000253c33957b4: 8bd6 90e8 

  0x00000253c33957b8: ; ImmutableOopMap {[176]=Oop [288]=Oop [296]=Oop [304]=Oop }
                      ;*invokespecial getPhysicsLocation {reexecute=0 rethrow=0 return_oop=0}
                      ; - com.jme3.bullet.objects.PhysicsCharacter::getPhysicsLocation@18 (line 559)
                      ; - com.jme3.bullet.objects.PhysicsCharacter::getPhysicsLocation@2 (line 571)
                      ; - com.csproject.jMEMain::simpleUpdate@160 (line 71)
  0x00000253c33957b8: 84df 3e07 

  0x00000253c33957bc: ;   {other}
  0x00000253c33957bc: 0f1f 8400 | 2c1d 0011 | 488b 9c24 | 2801 0000 

  0x00000253c33957cc: ;   {metadata('com/jme3/math/Vector3f')}
  0x00000253c33957cc: 48ba 78db | 00db 5302 | 0000 498b | 87b8 0100 | 0048 8d78 | 1849 3bbf | c801 0000 | 0f87 1227 
  0x00000253c33957ec: 0000 4989 | bfb8 0100 | 0048 c700 | 0100 0000 | 488b ca49 | ba00 0000 | da53 0200 | 0049 2bca 
  0x00000253c339580c: 8948 0848 | 33c9 8948 | 0c48 33c9 | 4889 4810 

  0x00000253c339581c: ;   {metadata(method data for {method} {0x000002541b4018b0} 'simpleUpdate' '(F)V' in 'com/csproject/jMEMain')}
  0x00000253c339581c: 4c8b c048 | ba00 004f | 1c54 0200 | 0048 8382 | a805 0000 

  0x00000253c3395830: ;   {metadata(method data for {method} {0x000002541b44caf8} '<init>' '(FFF)V' in 'com/jme3/math/Vector3f')}
  0x00000253c3395830: 0149 b820 | d326 1c54 | 0200 0041 | 8b90 cc00 | 0000 83c2 | 0241 8990 | cc00 0000 | 81e2 feff 
  0x00000253c3395850: 1f00 85d2 | 0f84 b326 | 0000 4c8b 

  0x00000253c339585c: ;   {metadata(method data for {method} {0x000002541b44caf8} '<init>' '(FFF)V' in 'com/jme3/math/Vector3f')}
  0x00000253c339585c: c048 ba20 | d326 1c54 | 0200 0048 | 8382 1801 

  0x00000253c339586c: ;   {metadata(method data for {method} {0x00000253da439b60} '<init>' '()V' in 'java/lang/Object')}
  0x00000253c339586c: 0000 0149 | b8e0 0e01 | 1b54 0200 | 0041 8b90 | cc00 0000 | 83c2 0241 | 8990 cc00 | 0000 81e2 
  0x00000253c339588c: feff 1f00 | 85d2 0f84 | 9626 0000 | c740 0c9a | 9919 3fc7 | 4014 9a99 | 193f 4c8b 

  0x00000253c33958a8: ;   {metadata(method data for {method} {0x000002541b4018b0} 'simpleUpdate' '(F)V' in 'com/csproject/jMEMain')}
  0x00000253c33958a8: c348 ba00 | 004f 1c54 | 0200 0048 | 8382 b805 | 0000 014c | 8bc0 488b | d366 0f1f 

  0x00000253c33958c4: ;   {optimized virtual_call}
  0x00000253c33958c4: 4400 00e8 

  0x00000253c33958c8: ; ImmutableOopMap {[176]=Oop [304]=Oop }
                      ;*invokevirtual add {reexecute=0 rethrow=0 return_oop=0}
                      ; - com.csproject.jMEMain::simpleUpdate@175 (line 71)
  0x00000253c33958c8: f4fe 4f07 

  0x00000253c33958cc: ;   {other}
  0x00000253c33958cc: 0f1f 8400 | 3c1e 0012 | 488b 9c24 | 3001 0000 

  0x00000253c33958dc: ; implicit exception: dispatches to 0x00000253c3397f4f
  0x00000253c33958dc: 483b 034c 

  0x00000253c33958e0: ;   {metadata(method data for {method} {0x000002541b4018b0} 'simpleUpdate' '(F)V' in 'com/csproject/jMEMain')}
  0x00000253c33958e0: 8bc3 49b9 | 0000 4f1c | 5402 0000 | 458b 4008 | 49ba 0000 | 00da 5302 | 0000 4d03 | c24d 3b81 
  0x00000253c3395900: f005 0000 | 750d 4983 | 81f8 0500 | 0001 e960 | 0000 004d | 3b81 0006 | 0000 750d | 4983 8108 
  0x00000253c3395920: 0600 0001 | e94a 0000 | 0049 83b9 | f005 0000 | 0075 174d | 8981 f005 | 0000 49c7 | 81f8 0500 
  0x00000253c3395940: 0001 0000 | 00e9 2900 | 0000 4983 | b900 0600 | 0000 7517 | 4d89 8100 | 0600 0049 | c781 0806 
  0x00000253c3395960: 0000 0100 | 0000 e908 | 0000 0049 | 8381 e805 

  0x00000253c3395970: ;   {metadata(method data for {method} {0x000002541c20b448} 'setPhysicsLocation' '(Lcom/jme3/math/Vector3f;)V' in 'com/jme3/bullet/objects/PhysicsRigidBody')}
  0x00000253c3395970: 0000 0149 | b898 224c | 1c54 0200 | 0045 8b88 | cc00 0000 | 4183 c102 | 4589 88cc | 0000 0041 
  0x00000253c3395990: 81e1 feff | 1f00 4585 | c90f 84b5 | 2500 004c | 8b43 104c 

  0x00000253c33959a4: ;   {metadata(method data for {method} {0x000002541c20b448} 'setPhysicsLocation' '(Lcom/jme3/math/Vector3f;)V' in 'com/jme3/bullet/objects/PhysicsRigidBody')}
  0x00000253c33959a4: 8bcb 48ba | 9822 4c1c | 5402 0000 | 4883 8218 | 0100 0001 | 4c8b c848 | 8bd3 4889 | 8424 3801 
  0x00000253c33959c4: ;   {optimized virtual_call}
  0x00000253c33959c4: 0000 90e8 

  0x00000253c33959c8: ; ImmutableOopMap {[176]=Oop [304]=Oop [312]=Oop }
                      ;*invokespecial setPhysicsLocation {reexecute=0 rethrow=0 return_oop=0}
                      ; - com.jme3.bullet.objects.PhysicsRigidBody::setPhysicsLocation@6 (line 181)
                      ; - com.csproject.jMEMain::simpleUpdate@178 (line 70)
  0x00000253c33959c8: 74d2 3e07 

  0x00000253c33959cc: ;   {other}
  0x00000253c33959cc: 0f1f 8400 | 3c1f 0013 | 488b 9424 | b000 0000 | 8b72 7c48 | c1e6 0348 | 3b06 488b 

  0x00000253c33959e8: ;   {metadata(method data for {method} {0x000002541b4018b0} 'simpleUpdate' '(F)V' in 'com/csproject/jMEMain')}
  0x00000253c33959e8: fe48 b800 | 004f 1c54 | 0200 0048 | 8380 2806 | 0000 018b | 7e54 48c1 | e703 837f | 0c06 0f86 
  0x00000253c3395a08: 7825 0000 | 8b5f 2848 | c1e3 0348 | 899c 2450 | 0100 0048 

  0x00000253c3395a1c: ;   {metadata(method data for {method} {0x000002541b4018b0} 'simpleUpdate' '(F)V' in 'com/csproject/jMEMain')}
  0x00000253c3395a1c: 8bfe 48b8 | 0000 4f1c | 5402 0000 | 4883 8058 | 0600 0001 | 448b 462c | 49c1 e003 | 4c89 8424 
  0x00000253c3395a3c: 4001 0000 

  0x00000253c3395a40: ; implicit exception: dispatches to 0x00000253c3397f96
  0x00000253c3395a40: 493b 0049 

  0x00000253c3395a44: ;   {metadata(method data for {method} {0x000002541b4018b0} 'simpleUpdate' '(F)V' in 'com/csproject/jMEMain')}
  0x00000253c3395a44: 8bf0 48bf | 0000 4f1c | 5402 0000 | 8b76 0849 | ba00 0000 | da53 0200 | 0049 03f2 | 483b b780 
  0x00000253c3395a64: 0600 0075 | 0d48 8387 | 8806 0000 | 01e9 6000 | 0000 483b | b790 0600 | 0075 0d48 | 8387 9806 
  0x00000253c3395a84: 0000 01e9 | 4a00 0000 | 4883 bf80 | 0600 0000 | 7517 4889 | b780 0600 | 0048 c787 | 8806 0000 
  0x00000253c3395aa4: 0100 0000 | e929 0000 | 0048 83bf | 9006 0000 | 0075 1748 | 89b7 9006 | 0000 48c7 | 8798 0600 
  0x00000253c3395ac4: 0001 0000 | 00e9 0800 | 0000 4883 | 8778 0600 

  0x00000253c3395ad4: ;   {metadata(method data for {method} {0x000002541c442de0} 'getPhysicsLocation' '()Lcom/jme3/math/Vector3f;' in 'com/jme3/bullet/objects/PhysicsCharacter')}
  0x00000253c3395ad4: 0001 48be | c0d0 4c1c | 5402 0000 | 8bbe cc00 | 0000 83c7 | 0289 becc | 0000 0081 | e7fe ff1f 
  0x00000253c3395af4: 0085 ff0f | 849e 2400 | 0049 8bf0 

  0x00000253c3395b00: ;   {metadata(method data for {method} {0x000002541c442de0} 'getPhysicsLocation' '()Lcom/jme3/math/Vector3f;' in 'com/jme3/bullet/objects/PhysicsCharacter')}
  0x00000253c3395b00: 48bf c0d0 | 4c1c 5402 | 0000 8b76 | 0849 ba00 | 0000 da53 | 0200 0049 | 03f2 483b | b720 0100 
  0x00000253c3395b20: 0075 0d48 | 8387 2801 | 0000 01e9 | 6000 0000 | 483b b730 | 0100 0075 | 0d48 8387 | 3801 0000 
  0x00000253c3395b40: 01e9 4a00 | 0000 4883 | bf20 0100 | 0000 7517 | 4889 b720 | 0100 0048 | c787 2801 | 0000 0100 
  0x00000253c3395b60: 0000 e929 | 0000 0048 | 83bf 3001 | 0000 0075 | 1748 89b7 | 3001 0000 | 48c7 8738 | 0100 0001 
  0x00000253c3395b80: 0000 00e9 | 0800 0000 | 4883 8718 | 0100 0001 

  0x00000253c3395b90: ;   {metadata(method data for {method} {0x000002541c442c90} 'getPhysicsLocation' '(Lcom/jme3/math/Vector3f;)Lcom/jme3/math/Vector3f;' in 'com/jme3/bullet/objects/PhysicsCharacter')}
  0x00000253c3395b90: 48be 18b5 | 4c1c 5402 | 0000 8bbe | cc00 0000 | 83c7 0289 | becc 0000 | 0081 e7fe | ff1f 0085 
  0x00000253c3395bb0: ff0f 8405 

  0x00000253c3395bb4: ;   {metadata(method data for {method} {0x000002541c442c90} 'getPhysicsLocation' '(Lcom/jme3/math/Vector3f;)Lcom/jme3/math/Vector3f;' in 'com/jme3/bullet/objects/PhysicsCharacter')}
  0x00000253c3395bb4: 2400 0048 | be18 b54c | 1c54 0200 | 00ff 8628 

  0x00000253c3395bc4: ;   {metadata('com/jme3/math/Vector3f')}
  0x00000253c3395bc4: 0100 0048 | ba78 db00 | db53 0200 | 0049 8b87 | b801 0000 | 488d 7818 | 493b bfc8 | 0100 000f 
  0x00000253c3395be4: 87f4 2300 | 0049 89bf | b801 0000 | 48c7 0001 | 0000 0048 | 8bca 49ba | 0000 00da | 5302 0000 
  0x00000253c3395c04: 492b ca89 | 4808 4833 | c989 480c | 4833 c948 | 8948 1048 

  0x00000253c3395c18: ;   {metadata(method data for {method} {0x000002541c442c90} 'getPhysicsLocation' '(Lcom/jme3/math/Vector3f;)Lcom/jme3/math/Vector3f;' in 'com/jme3/bullet/objects/PhysicsCharacter')}
  0x00000253c3395c18: 8bd0 48be | 18b5 4c1c | 5402 0000 | 4883 8638 | 0100 0001 | 488b d048 | 8984 2448 

  0x00000253c3395c34: ;   {optimized virtual_call}
  0x00000253c3395c34: 0100 00e8 

  0x00000253c3395c38: ; ImmutableOopMap {[176]=Oop [320]=Oop [328]=Oop [336]=Oop }
                      ;*invokespecial <init> {reexecute=0 rethrow=0 return_oop=0}
                      ; - com.jme3.bullet.objects.PhysicsCharacter::getPhysicsLocation@8 (line 557)
                      ; - com.jme3.bullet.objects.PhysicsCharacter::getPhysicsLocation@2 (line 571)
                      ; - com.csproject.jMEMain::simpleUpdate@198 (line 74)
  0x00000253c3395c38: 64ff 4f07 

  0x00000253c3395c3c: ;   {other}
  0x00000253c3395c3c: 0f1f 8400 | ac21 0014 | 4c8b 8424 | 4001 0000 | 4d8b 4810 

  0x00000253c3395c50: ;   {metadata(method data for {method} {0x000002541c442c90} 'getPhysicsLocation' '(Lcom/jme3/math/Vector3f;)Lcom/jme3/math/Vector3f;' in 'com/jme3/bullet/objects/PhysicsCharacter')}
  0x00000253c3395c50: 498b d048 | be18 b54c | 1c54 0200 | 0048 8386 | 4801 0000 | 0149 8bf0 | 4d8b c14c | 8b8c 2448 
  0x00000253c3395c70: 0100 0048 

  0x00000253c3395c74: ;   {optimized virtual_call}
  0x00000253c3395c74: 8bd6 90e8 

  0x00000253c3395c78: ; ImmutableOopMap {[176]=Oop [320]=Oop [328]=Oop [336]=Oop }
                      ;*invokespecial getPhysicsLocation {reexecute=0 rethrow=0 return_oop=0}
                      ; - com.jme3.bullet.objects.PhysicsCharacter::getPhysicsLocation@18 (line 559)
                      ; - com.jme3.bullet.objects.PhysicsCharacter::getPhysicsLocation@2 (line 571)
                      ; - com.csproject.jMEMain::simpleUpdate@198 (line 74)
  0x00000253c3395c78: c4da 3e07 

  0x00000253c3395c7c: ;   {other}
  0x00000253c3395c7c: 0f1f 8400 | ec21 0015 | 488b 9c24 | 4801 0000 

  0x00000253c3395c8c: ;   {metadata('com/jme3/math/Vector3f')}
  0x00000253c3395c8c: 48ba 78db | 00db 5302 | 0000 498b | 87b8 0100 | 0048 8d78 | 1849 3bbf | c801 0000 | 0f87 3c23 
  0x00000253c3395cac: 0000 4989 | bfb8 0100 | 0048 c700 | 0100 0000 | 488b ca49 | ba00 0000 | da53 0200 | 0049 2bca 
  0x00000253c3395ccc: 8948 0848 | 33c9 8948 | 0c48 33c9 | 4889 4810 

  0x00000253c3395cdc: ;   {metadata(method data for {method} {0x000002541b4018b0} 'simpleUpdate' '(F)V' in 'com/csproject/jMEMain')}
  0x00000253c3395cdc: 4c8b c048 | ba00 004f | 1c54 0200 | 0048 8382 | a806 0000 

  0x00000253c3395cf0: ;   {metadata(method data for {method} {0x000002541b44caf8} '<init>' '(FFF)V' in 'com/jme3/math/Vector3f')}
  0x00000253c3395cf0: 0149 b820 | d326 1c54 | 0200 0041 | 8b90 cc00 | 0000 83c2 | 0241 8990 | cc00 0000 | 81e2 feff 
  0x00000253c3395d10: 1f00 85d2 | 0f84 dd22 | 0000 4c8b 

  0x00000253c3395d1c: ;   {metadata(method data for {method} {0x000002541b44caf8} '<init>' '(FFF)V' in 'com/jme3/math/Vector3f')}
  0x00000253c3395d1c: c048 ba20 | d326 1c54 | 0200 0048 | 8382 1801 

  0x00000253c3395d2c: ;   {metadata(method data for {method} {0x00000253da439b60} '<init>' '()V' in 'java/lang/Object')}
  0x00000253c3395d2c: 0000 0149 | b8e0 0e01 | 1b54 0200 | 0041 8b90 | cc00 0000 | 83c2 0241 | 8990 cc00 | 0000 81e2 
  0x00000253c3395d4c: feff 1f00 | 85d2 0f84 | c022 0000 | c740 0c9a | 9919 bfc7 | 4014 9a99 | 193f 4c8b 

  0x00000253c3395d68: ;   {metadata(method data for {method} {0x000002541b4018b0} 'simpleUpdate' '(F)V' in 'com/csproject/jMEMain')}
  0x00000253c3395d68: c348 ba00 | 004f 1c54 | 0200 0048 | 8382 b806 | 0000 014c | 8bc0 488b | d366 0f1f 

  0x00000253c3395d84: ;   {optimized virtual_call}
  0x00000253c3395d84: 4400 00e8 

  0x00000253c3395d88: ; ImmutableOopMap {[176]=Oop [336]=Oop }
                      ;*invokevirtual add {reexecute=0 rethrow=0 return_oop=0}
                      ; - com.csproject.jMEMain::simpleUpdate@213 (line 74)
  0x00000253c3395d88: 34fa 4f07 

  0x00000253c3395d8c: ;   {other}
  0x00000253c3395d8c: 0f1f 8400 | fc22 0016 | 488b 9c24 | 5001 0000 

  0x00000253c3395d9c: ; implicit exception: dispatches to 0x00000253c3398039
  0x00000253c3395d9c: 483b 034c 

  0x00000253c3395da0: ;   {metadata(method data for {method} {0x000002541b4018b0} 'simpleUpdate' '(F)V' in 'com/csproject/jMEMain')}
  0x00000253c3395da0: 8bc3 49b9 | 0000 4f1c | 5402 0000 | 458b 4008 | 49ba 0000 | 00da 5302 | 0000 4d03 | c24d 3b81 
  0x00000253c3395dc0: f006 0000 | 750d 4983 | 81f8 0600 | 0001 e960 | 0000 004d | 3b81 0007 | 0000 750d | 4983 8108 
  0x00000253c3395de0: 0700 0001 | e94a 0000 | 0049 83b9 | f006 0000 | 0075 174d | 8981 f006 | 0000 49c7 | 81f8 0600 
  0x00000253c3395e00: 0001 0000 | 00e9 2900 | 0000 4983 | b900 0700 | 0000 7517 | 4d89 8100 | 0700 0049 | c781 0807 
  0x00000253c3395e20: 0000 0100 | 0000 e908 | 0000 0049 | 8381 e806 

  0x00000253c3395e30: ;   {metadata(method data for {method} {0x000002541c20b448} 'setPhysicsLocation' '(Lcom/jme3/math/Vector3f;)V' in 'com/jme3/bullet/objects/PhysicsRigidBody')}
  0x00000253c3395e30: 0000 0149 | b898 224c | 1c54 0200 | 0045 8b88 | cc00 0000 | 4183 c102 | 4589 88cc | 0000 0041 
  0x00000253c3395e50: 81e1 feff | 1f00 4585 | c90f 84df | 2100 004c | 8b43 104c 

  0x00000253c3395e64: ;   {metadata(method data for {method} {0x000002541c20b448} 'setPhysicsLocation' '(Lcom/jme3/math/Vector3f;)V' in 'com/jme3/bullet/objects/PhysicsRigidBody')}
  0x00000253c3395e64: 8bcb 48ba | 9822 4c1c | 5402 0000 | 4883 8218 | 0100 0001 | 4c8b c848 | 8bd3 4889 | 8424 5801 
  0x00000253c3395e84: ;   {optimized virtual_call}
  0x00000253c3395e84: 0000 90e8 

  0x00000253c3395e88: ; ImmutableOopMap {[176]=Oop [336]=Oop [344]=Oop }
                      ;*invokespecial setPhysicsLocation {reexecute=0 rethrow=0 return_oop=0}
                      ; - com.jme3.bullet.objects.PhysicsRigidBody::setPhysicsLocation@6 (line 181)
                      ; - com.csproject.jMEMain::simpleUpdate@216 (line 73)
  0x00000253c3395e88: b4cd 3e07 

  0x00000253c3395e8c: ;   {other}
  0x00000253c3395e8c: 0f1f 8400 | fc23 0017 | 488b 9424 | b000 0000 | 8b72 7c48 | c1e6 0348 | 3b06 488b 

  0x00000253c3395ea8: ;   {metadata(method data for {method} {0x000002541b4018b0} 'simpleUpdate' '(F)V' in 'com/csproject/jMEMain')}
  0x00000253c3395ea8: fe48 b800 | 004f 1c54 | 0200 0048 | 8380 2807 | 0000 018b | 7e54 48c1 | e703 837f | 0c07 0f86 
  0x00000253c3395ec8: a221 0000 | 8b5f 2c48 | c1e3 0348 | 899c 2470 | 0100 0048 

  0x00000253c3395edc: ;   {metadata(method data for {method} {0x000002541b4018b0} 'simpleUpdate' '(F)V' in 'com/csproject/jMEMain')}
  0x00000253c3395edc: 8bfe 48b8 | 0000 4f1c | 5402 0000 | 4883 8058 | 0700 0001 | 448b 462c | 49c1 e003 | 4c89 8424 
  0x00000253c3395efc: 6001 0000 

  0x00000253c3395f00: ; implicit exception: dispatches to 0x00000253c3398080
  0x00000253c3395f00: 493b 0049 

  0x00000253c3395f04: ;   {metadata(method data for {method} {0x000002541b4018b0} 'simpleUpdate' '(F)V' in 'com/csproject/jMEMain')}
  0x00000253c3395f04: 8bf0 48bf | 0000 4f1c | 5402 0000 | 8b76 0849 | ba00 0000 | da53 0200 | 0049 03f2 | 483b b780 
  0x00000253c3395f24: 0700 0075 | 0d48 8387 | 8807 0000 | 01e9 6000 | 0000 483b | b790 0700 | 0075 0d48 | 8387 9807 
  0x00000253c3395f44: 0000 01e9 | 4a00 0000 | 4883 bf80 | 0700 0000 | 7517 4889 | b780 0700 | 0048 c787 | 8807 0000 
  0x00000253c3395f64: 0100 0000 | e929 0000 | 0048 83bf | 9007 0000 | 0075 1748 | 89b7 9007 | 0000 48c7 | 8798 0700 
  0x00000253c3395f84: 0001 0000 | 00e9 0800 | 0000 4883 | 8778 0700 

  0x00000253c3395f94: ;   {metadata(method data for {method} {0x000002541c442de0} 'getPhysicsLocation' '()Lcom/jme3/math/Vector3f;' in 'com/jme3/bullet/objects/PhysicsCharacter')}
  0x00000253c3395f94: 0001 48be | c0d0 4c1c | 5402 0000 | 8bbe cc00 | 0000 83c7 | 0289 becc | 0000 0081 | e7fe ff1f 
  0x00000253c3395fb4: 0085 ff0f | 84c8 2000 | 0049 8bf0 

  0x00000253c3395fc0: ;   {metadata(method data for {method} {0x000002541c442de0} 'getPhysicsLocation' '()Lcom/jme3/math/Vector3f;' in 'com/jme3/bullet/objects/PhysicsCharacter')}
  0x00000253c3395fc0: 48bf c0d0 | 4c1c 5402 | 0000 8b76 | 0849 ba00 | 0000 da53 | 0200 0049 | 03f2 483b | b720 0100 
  0x00000253c3395fe0: 0075 0d48 | 8387 2801 | 0000 01e9 | 6000 0000 | 483b b730 | 0100 0075 | 0d48 8387 | 3801 0000 
  0x00000253c3396000: 01e9 4a00 | 0000 4883 | bf20 0100 | 0000 7517 | 4889 b720 | 0100 0048 | c787 2801 | 0000 0100 
  0x00000253c3396020: 0000 e929 | 0000 0048 | 83bf 3001 | 0000 0075 | 1748 89b7 | 3001 0000 | 48c7 8738 | 0100 0001 
  0x00000253c3396040: 0000 00e9 | 0800 0000 | 4883 8718 | 0100 0001 

  0x00000253c3396050: ;   {metadata(method data for {method} {0x000002541c442c90} 'getPhysicsLocation' '(Lcom/jme3/math/Vector3f;)Lcom/jme3/math/Vector3f;' in 'com/jme3/bullet/objects/PhysicsCharacter')}
  0x00000253c3396050: 48be 18b5 | 4c1c 5402 | 0000 8bbe | cc00 0000 | 83c7 0289 | becc 0000 | 0081 e7fe | ff1f 0085 
  0x00000253c3396070: ff0f 842f 

  0x00000253c3396074: ;   {metadata(method data for {method} {0x000002541c442c90} 'getPhysicsLocation' '(Lcom/jme3/math/Vector3f;)Lcom/jme3/math/Vector3f;' in 'com/jme3/bullet/objects/PhysicsCharacter')}
  0x00000253c3396074: 2000 0048 | be18 b54c | 1c54 0200 | 00ff 8628 

  0x00000253c3396084: ;   {metadata('com/jme3/math/Vector3f')}
  0x00000253c3396084: 0100 0048 | ba78 db00 | db53 0200 | 0049 8b87 | b801 0000 | 488d 7818 | 493b bfc8 | 0100 000f 
  0x00000253c33960a4: 871e 2000 | 0049 89bf | b801 0000 | 48c7 0001 | 0000 0048 | 8bca 49ba | 0000 00da | 5302 0000 
  0x00000253c33960c4: 492b ca89 | 4808 4833 | c989 480c | 4833 c948 | 8948 1048 

  0x00000253c33960d8: ;   {metadata(method data for {method} {0x000002541c442c90} 'getPhysicsLocation' '(Lcom/jme3/math/Vector3f;)Lcom/jme3/math/Vector3f;' in 'com/jme3/bullet/objects/PhysicsCharacter')}
  0x00000253c33960d8: 8bd0 48be | 18b5 4c1c | 5402 0000 | 4883 8638 | 0100 0001 | 488b d048 | 8984 2468 

  0x00000253c33960f4: ;   {optimized virtual_call}
  0x00000253c33960f4: 0100 00e8 

  0x00000253c33960f8: ; ImmutableOopMap {[176]=Oop [352]=Oop [360]=Oop [368]=Oop }
                      ;*invokespecial <init> {reexecute=0 rethrow=0 return_oop=0}
                      ; - com.jme3.bullet.objects.PhysicsCharacter::getPhysicsLocation@8 (line 557)
                      ; - com.jme3.bullet.objects.PhysicsCharacter::getPhysicsLocation@2 (line 571)
                      ; - com.csproject.jMEMain::simpleUpdate@236 (line 77)
  0x00000253c33960f8: a4fa 4f07 

  0x00000253c33960fc: ;   {other}
  0x00000253c33960fc: 0f1f 8400 | 6c26 0018 | 4c8b 8424 | 6001 0000 | 4d8b 4810 

  0x00000253c3396110: ;   {metadata(method data for {method} {0x000002541c442c90} 'getPhysicsLocation' '(Lcom/jme3/math/Vector3f;)Lcom/jme3/math/Vector3f;' in 'com/jme3/bullet/objects/PhysicsCharacter')}
  0x00000253c3396110: 498b d048 | be18 b54c | 1c54 0200 | 0048 8386 | 4801 0000 | 0149 8bf0 | 4d8b c14c | 8b8c 2468 
  0x00000253c3396130: 0100 0048 

  0x00000253c3396134: ;   {optimized virtual_call}
  0x00000253c3396134: 8bd6 90e8 

  0x00000253c3396138: ; ImmutableOopMap {[176]=Oop [352]=Oop [360]=Oop [368]=Oop }
                      ;*invokespecial getPhysicsLocation {reexecute=0 rethrow=0 return_oop=0}
                      ; - com.jme3.bullet.objects.PhysicsCharacter::getPhysicsLocation@18 (line 559)
                      ; - com.jme3.bullet.objects.PhysicsCharacter::getPhysicsLocation@2 (line 571)
                      ; - com.csproject.jMEMain::simpleUpdate@236 (line 77)
  0x00000253c3396138: 04d6 3e07 

  0x00000253c339613c: ;   {other}
  0x00000253c339613c: 0f1f 8400 | ac26 0019 | 488b 9c24 | 6801 0000 

  0x00000253c339614c: ;   {metadata('com/jme3/math/Vector3f')}
  0x00000253c339614c: 48ba 78db | 00db 5302 | 0000 498b | 87b8 0100 | 0048 8d78 | 1849 3bbf | c801 0000 | 0f87 661f 
  0x00000253c339616c: 0000 4989 | bfb8 0100 | 0048 c700 | 0100 0000 | 488b ca49 | ba00 0000 | da53 0200 | 0049 2bca 
  0x00000253c339618c: 8948 0848 | 33c9 8948 | 0c48 33c9 | 4889 4810 

  0x00000253c339619c: ;   {metadata(method data for {method} {0x000002541b4018b0} 'simpleUpdate' '(F)V' in 'com/csproject/jMEMain')}
  0x00000253c339619c: 4c8b c048 | ba00 004f | 1c54 0200 | 0048 8382 | a807 0000 

  0x00000253c33961b0: ;   {metadata(method data for {method} {0x000002541b44caf8} '<init>' '(FFF)V' in 'com/jme3/math/Vector3f')}
  0x00000253c33961b0: 0149 b820 | d326 1c54 | 0200 0041 | 8b90 cc00 | 0000 83c2 | 0241 8990 | cc00 0000 | 81e2 feff 
  0x00000253c33961d0: 1f00 85d2 | 0f84 071f | 0000 4c8b 

  0x00000253c33961dc: ;   {metadata(method data for {method} {0x000002541b44caf8} '<init>' '(FFF)V' in 'com/jme3/math/Vector3f')}
  0x00000253c33961dc: c048 ba20 | d326 1c54 | 0200 0048 | 8382 1801 

  0x00000253c33961ec: ;   {metadata(method data for {method} {0x00000253da439b60} '<init>' '()V' in 'java/lang/Object')}
  0x00000253c33961ec: 0000 0149 | b8e0 0e01 | 1b54 0200 | 0041 8b90 | cc00 0000 | 83c2 0241 | 8990 cc00 | 0000 81e2 
  0x00000253c339620c: feff 1f00 | 85d2 0f84 | ea1e 0000 | c740 0c9a | 9919 3fc7 | 4014 9a99 | 19bf 4c8b 

  0x00000253c3396228: ;   {metadata(method data for {method} {0x000002541b4018b0} 'simpleUpdate' '(F)V' in 'com/csproject/jMEMain')}
  0x00000253c3396228: c348 ba00 | 004f 1c54 | 0200 0048 | 8382 b807 | 0000 014c | 8bc0 488b | d366 0f1f 

  0x00000253c3396244: ;   {optimized virtual_call}
  0x00000253c3396244: 4400 00e8 

  0x00000253c3396248: ; ImmutableOopMap {[176]=Oop [368]=Oop }
                      ;*invokevirtual add {reexecute=0 rethrow=0 return_oop=0}
                      ; - com.csproject.jMEMain::simpleUpdate@251 (line 77)
  0x00000253c3396248: 74f5 4f07 

  0x00000253c339624c: ;   {other}
  0x00000253c339624c: 0f1f 8400 | bc27 001a | 488b 9c24 | 7001 0000 

  0x00000253c339625c: ; implicit exception: dispatches to 0x00000253c3398123
  0x00000253c339625c: 483b 034c 

  0x00000253c3396260: ;   {metadata(method data for {method} {0x000002541b4018b0} 'simpleUpdate' '(F)V' in 'com/csproject/jMEMain')}
  0x00000253c3396260: 8bc3 49b9 | 0000 4f1c | 5402 0000 | 458b 4008 | 49ba 0000 | 00da 5302 | 0000 4d03 | c24d 3b81 
  0x00000253c3396280: f007 0000 | 750d 4983 | 81f8 0700 | 0001 e960 | 0000 004d | 3b81 0008 | 0000 750d | 4983 8108 
  0x00000253c33962a0: 0800 0001 | e94a 0000 | 0049 83b9 | f007 0000 | 0075 174d | 8981 f007 | 0000 49c7 | 81f8 0700 
  0x00000253c33962c0: 0001 0000 | 00e9 2900 | 0000 4983 | b900 0800 | 0000 7517 | 4d89 8100 | 0800 0049 | c781 0808 
  0x00000253c33962e0: 0000 0100 | 0000 e908 | 0000 0049 | 8381 e807 

  0x00000253c33962f0: ;   {metadata(method data for {method} {0x000002541c20b448} 'setPhysicsLocation' '(Lcom/jme3/math/Vector3f;)V' in 'com/jme3/bullet/objects/PhysicsRigidBody')}
  0x00000253c33962f0: 0000 0149 | b898 224c | 1c54 0200 | 0045 8b88 | cc00 0000 | 4183 c102 | 4589 88cc | 0000 0041 
  0x00000253c3396310: 81e1 feff | 1f00 4585 | c90f 8409 | 1e00 004c | 8b43 104c 

  0x00000253c3396324: ;   {metadata(method data for {method} {0x000002541c20b448} 'setPhysicsLocation' '(Lcom/jme3/math/Vector3f;)V' in 'com/jme3/bullet/objects/PhysicsRigidBody')}
  0x00000253c3396324: 8bcb 48ba | 9822 4c1c | 5402 0000 | 4883 8218 | 0100 0001 | 4c8b c848 | 8bd3 4889 | 8424 7801 
  0x00000253c3396344: ;   {optimized virtual_call}
  0x00000253c3396344: 0000 90e8 

  0x00000253c3396348: ; ImmutableOopMap {[176]=Oop [368]=Oop [376]=Oop }
                      ;*invokespecial setPhysicsLocation {reexecute=0 rethrow=0 return_oop=0}
                      ; - com.jme3.bullet.objects.PhysicsRigidBody::setPhysicsLocation@6 (line 181)
                      ; - com.csproject.jMEMain::simpleUpdate@254 (line 76)
  0x00000253c3396348: f4c8 3e07 

  0x00000253c339634c: ;   {other}
  0x00000253c339634c: 0f1f 8400 | bc28 001b | 488b 9424 | b000 0000 | 8b72 7c48 | c1e6 0348 | 3b06 488b 

  0x00000253c3396368: ;   {metadata(method data for {method} {0x000002541b4018b0} 'simpleUpdate' '(F)V' in 'com/csproject/jMEMain')}
  0x00000253c3396368: fe48 b800 | 004f 1c54 | 0200 0048 | 8380 2808 | 0000 018b | 7e54 48c1 | e703 837f | 0c08 0f86 
  0x00000253c3396388: cc1d 0000 | 8b5f 3048 | c1e3 0348 | 899c 2490 | 0100 0048 

  0x00000253c339639c: ;   {metadata(method data for {method} {0x000002541b4018b0} 'simpleUpdate' '(F)V' in 'com/csproject/jMEMain')}
  0x00000253c339639c: 8bfe 48b8 | 0000 4f1c | 5402 0000 | 4883 8058 | 0800 0001 | 448b 462c | 49c1 e003 | 4c89 8424 
  0x00000253c33963bc: 8001 0000 

  0x00000253c33963c0: ; implicit exception: dispatches to 0x00000253c339816a
  0x00000253c33963c0: 493b 0049 

  0x00000253c33963c4: ;   {metadata(method data for {method} {0x000002541b4018b0} 'simpleUpdate' '(F)V' in 'com/csproject/jMEMain')}
  0x00000253c33963c4: 8bf0 48bf | 0000 4f1c | 5402 0000 | 8b76 0849 | ba00 0000 | da53 0200 | 0049 03f2 | 483b b780 
  0x00000253c33963e4: 0800 0075 | 0d48 8387 | 8808 0000 | 01e9 6000 | 0000 483b | b790 0800 | 0075 0d48 | 8387 9808 
  0x00000253c3396404: 0000 01e9 | 4a00 0000 | 4883 bf80 | 0800 0000 | 7517 4889 | b780 0800 | 0048 c787 | 8808 0000 
  0x00000253c3396424: 0100 0000 | e929 0000 | 0048 83bf | 9008 0000 | 0075 1748 | 89b7 9008 | 0000 48c7 | 8798 0800 
  0x00000253c3396444: 0001 0000 | 00e9 0800 | 0000 4883 | 8778 0800 

  0x00000253c3396454: ;   {metadata(method data for {method} {0x000002541c442de0} 'getPhysicsLocation' '()Lcom/jme3/math/Vector3f;' in 'com/jme3/bullet/objects/PhysicsCharacter')}
  0x00000253c3396454: 0001 48be | c0d0 4c1c | 5402 0000 | 8bbe cc00 | 0000 83c7 | 0289 becc | 0000 0081 | e7fe ff1f 
  0x00000253c3396474: 0085 ff0f | 84f2 1c00 | 0049 8bf0 

  0x00000253c3396480: ;   {metadata(method data for {method} {0x000002541c442de0} 'getPhysicsLocation' '()Lcom/jme3/math/Vector3f;' in 'com/jme3/bullet/objects/PhysicsCharacter')}
  0x00000253c3396480: 48bf c0d0 | 4c1c 5402 | 0000 8b76 | 0849 ba00 | 0000 da53 | 0200 0049 | 03f2 483b | b720 0100 
  0x00000253c33964a0: 0075 0d48 | 8387 2801 | 0000 01e9 | 6000 0000 | 483b b730 | 0100 0075 | 0d48 8387 | 3801 0000 
  0x00000253c33964c0: 01e9 4a00 | 0000 4883 | bf20 0100 | 0000 7517 | 4889 b720 | 0100 0048 | c787 2801 | 0000 0100 
  0x00000253c33964e0: 0000 e929 | 0000 0048 | 83bf 3001 | 0000 0075 | 1748 89b7 | 3001 0000 | 48c7 8738 | 0100 0001 
  0x00000253c3396500: 0000 00e9 | 0800 0000 | 4883 8718 | 0100 0001 

  0x00000253c3396510: ;   {metadata(method data for {method} {0x000002541c442c90} 'getPhysicsLocation' '(Lcom/jme3/math/Vector3f;)Lcom/jme3/math/Vector3f;' in 'com/jme3/bullet/objects/PhysicsCharacter')}
  0x00000253c3396510: 48be 18b5 | 4c1c 5402 | 0000 8bbe | cc00 0000 | 83c7 0289 | becc 0000 | 0081 e7fe | ff1f 0085 
  0x00000253c3396530: ff0f 8459 

  0x00000253c3396534: ;   {metadata(method data for {method} {0x000002541c442c90} 'getPhysicsLocation' '(Lcom/jme3/math/Vector3f;)Lcom/jme3/math/Vector3f;' in 'com/jme3/bullet/objects/PhysicsCharacter')}
  0x00000253c3396534: 1c00 0048 | be18 b54c | 1c54 0200 | 00ff 8628 

  0x00000253c3396544: ;   {metadata('com/jme3/math/Vector3f')}
  0x00000253c3396544: 0100 0048 | ba78 db00 | db53 0200 | 0049 8b87 | b801 0000 | 488d 7818 | 493b bfc8 | 0100 000f 
  0x00000253c3396564: 8748 1c00 | 0049 89bf | b801 0000 | 48c7 0001 | 0000 0048 | 8bca 49ba | 0000 00da | 5302 0000 
  0x00000253c3396584: 492b ca89 | 4808 4833 | c989 480c | 4833 c948 | 8948 1048 

  0x00000253c3396598: ;   {metadata(method data for {method} {0x000002541c442c90} 'getPhysicsLocation' '(Lcom/jme3/math/Vector3f;)Lcom/jme3/math/Vector3f;' in 'com/jme3/bullet/objects/PhysicsCharacter')}
  0x00000253c3396598: 8bd0 48be | 18b5 4c1c | 5402 0000 | 4883 8638 | 0100 0001 | 488b d048 | 8984 2488 

  0x00000253c33965b4: ;   {optimized virtual_call}
  0x00000253c33965b4: 0100 00e8 

  0x00000253c33965b8: ; ImmutableOopMap {[176]=Oop [384]=Oop [392]=Oop [400]=Oop }
                      ;*invokespecial <init> {reexecute=0 rethrow=0 return_oop=0}
                      ; - com.jme3.bullet.objects.PhysicsCharacter::getPhysicsLocation@8 (line 557)
                      ; - com.jme3.bullet.objects.PhysicsCharacter::getPhysicsLocation@2 (line 571)
                      ; - com.csproject.jMEMain::simpleUpdate@274 (line 80)
  0x00000253c33965b8: e4f5 4f07 

  0x00000253c33965bc: ;   {other}
  0x00000253c33965bc: 0f1f 8400 | 2c2b 001c | 4c8b 8424 | 8001 0000 | 4d8b 4810 

  0x00000253c33965d0: ;   {metadata(method data for {method} {0x000002541c442c90} 'getPhysicsLocation' '(Lcom/jme3/math/Vector3f;)Lcom/jme3/math/Vector3f;' in 'com/jme3/bullet/objects/PhysicsCharacter')}
  0x00000253c33965d0: 498b d048 | be18 b54c | 1c54 0200 | 0048 8386 | 4801 0000 | 0149 8bf0 | 4d8b c14c | 8b8c 2488 
  0x00000253c33965f0: 0100 0048 

  0x00000253c33965f4: ;   {optimized virtual_call}
  0x00000253c33965f4: 8bd6 90e8 

  0x00000253c33965f8: ; ImmutableOopMap {[176]=Oop [384]=Oop [392]=Oop [400]=Oop }
                      ;*invokespecial getPhysicsLocation {reexecute=0 rethrow=0 return_oop=0}
                      ; - com.jme3.bullet.objects.PhysicsCharacter::getPhysicsLocation@18 (line 559)
                      ; - com.jme3.bullet.objects.PhysicsCharacter::getPhysicsLocation@2 (line 571)
                      ; - com.csproject.jMEMain::simpleUpdate@274 (line 80)
  0x00000253c33965f8: 44d1 3e07 

  0x00000253c33965fc: ;   {other}
  0x00000253c33965fc: 0f1f 8400 | 6c2b 001d | 488b 9c24 | 8801 0000 

  0x00000253c339660c: ;   {metadata('com/jme3/math/Vector3f')}
  0x00000253c339660c: 48ba 78db | 00db 5302 | 0000 498b | 87b8 0100 | 0048 8d78 | 1849 3bbf | c801 0000 | 0f87 901b 
  0x00000253c339662c: 0000 4989 | bfb8 0100 | 0048 c700 | 0100 0000 | 488b ca49 | ba00 0000 | da53 0200 | 0049 2bca 
  0x00000253c339664c: 8948 0848 | 33c9 8948 | 0c48 33c9 | 4889 4810 

  0x00000253c339665c: ;   {metadata(method data for {method} {0x000002541b4018b0} 'simpleUpdate' '(F)V' in 'com/csproject/jMEMain')}
  0x00000253c339665c: 4c8b c048 | ba00 004f | 1c54 0200 | 0048 8382 | a808 0000 

  0x00000253c3396670: ;   {metadata(method data for {method} {0x000002541b44caf8} '<init>' '(FFF)V' in 'com/jme3/math/Vector3f')}
  0x00000253c3396670: 0149 b820 | d326 1c54 | 0200 0041 | 8b90 cc00 | 0000 83c2 | 0241 8990 | cc00 0000 | 81e2 feff 
  0x00000253c3396690: 1f00 85d2 | 0f84 311b | 0000 4c8b 

  0x00000253c339669c: ;   {metadata(method data for {method} {0x000002541b44caf8} '<init>' '(FFF)V' in 'com/jme3/math/Vector3f')}
  0x00000253c339669c: c048 ba20 | d326 1c54 | 0200 0048 | 8382 1801 

  0x00000253c33966ac: ;   {metadata(method data for {method} {0x00000253da439b60} '<init>' '()V' in 'java/lang/Object')}
  0x00000253c33966ac: 0000 0149 | b8e0 0e01 | 1b54 0200 | 0041 8b90 | cc00 0000 | 83c2 0241 | 8990 cc00 | 0000 81e2 
  0x00000253c33966cc: feff 1f00 | 85d2 0f84 | 141b 0000 | c740 0c9a | 9919 bfc7 | 4014 9a99 | 19bf 4c8b 

  0x00000253c33966e8: ;   {metadata(method data for {method} {0x000002541b4018b0} 'simpleUpdate' '(F)V' in 'com/csproject/jMEMain')}
  0x00000253c33966e8: c348 ba00 | 004f 1c54 | 0200 0048 | 8382 b808 | 0000 014c | 8bc0 488b | d366 0f1f 

  0x00000253c3396704: ;   {optimized virtual_call}
  0x00000253c3396704: 4400 00e8 

  0x00000253c3396708: ; ImmutableOopMap {[176]=Oop [400]=Oop }
                      ;*invokevirtual add {reexecute=0 rethrow=0 return_oop=0}
                      ; - com.csproject.jMEMain::simpleUpdate@289 (line 80)
  0x00000253c3396708: b4f0 4f07 

  0x00000253c339670c: ;   {other}
  0x00000253c339670c: 0f1f 8400 | 7c2c 001e | 488b 9c24 | 9001 0000 

  0x00000253c339671c: ; implicit exception: dispatches to 0x00000253c339820d
  0x00000253c339671c: 483b 034c 

  0x00000253c3396720: ;   {metadata(method data for {method} {0x000002541b4018b0} 'simpleUpdate' '(F)V' in 'com/csproject/jMEMain')}
  0x00000253c3396720: 8bc3 49b9 | 0000 4f1c | 5402 0000 | 458b 4008 | 49ba 0000 | 00da 5302 | 0000 4d03 | c24d 3b81 
  0x00000253c3396740: f008 0000 | 750d 4983 | 81f8 0800 | 0001 e960 | 0000 004d | 3b81 0009 | 0000 750d | 4983 8108 
  0x00000253c3396760: 0900 0001 | e94a 0000 | 0049 83b9 | f008 0000 | 0075 174d | 8981 f008 | 0000 49c7 | 81f8 0800 
  0x00000253c3396780: 0001 0000 | 00e9 2900 | 0000 4983 | b900 0900 | 0000 7517 | 4d89 8100 | 0900 0049 | c781 0809 
  0x00000253c33967a0: 0000 0100 | 0000 e908 | 0000 0049 | 8381 e808 

  0x00000253c33967b0: ;   {metadata(method data for {method} {0x000002541c20b448} 'setPhysicsLocation' '(Lcom/jme3/math/Vector3f;)V' in 'com/jme3/bullet/objects/PhysicsRigidBody')}
  0x00000253c33967b0: 0000 0149 | b898 224c | 1c54 0200 | 0045 8b88 | cc00 0000 | 4183 c102 | 4589 88cc | 0000 0041 
  0x00000253c33967d0: 81e1 feff | 1f00 4585 | c90f 8433 | 1a00 004c | 8b43 104c 

  0x00000253c33967e4: ;   {metadata(method data for {method} {0x000002541c20b448} 'setPhysicsLocation' '(Lcom/jme3/math/Vector3f;)V' in 'com/jme3/bullet/objects/PhysicsRigidBody')}
  0x00000253c33967e4: 8bcb 48ba | 9822 4c1c | 5402 0000 | 4883 8218 | 0100 0001 | 4c8b c848 | 8bd3 4889 | 8424 9801 
  0x00000253c3396804: ;   {optimized virtual_call}
  0x00000253c3396804: 0000 90e8 

  0x00000253c3396808: ; ImmutableOopMap {[176]=Oop [400]=Oop [408]=Oop }
                      ;*invokespecial setPhysicsLocation {reexecute=0 rethrow=0 return_oop=0}
                      ; - com.jme3.bullet.objects.PhysicsRigidBody::setPhysicsLocation@6 (line 181)
                      ; - com.csproject.jMEMain::simpleUpdate@292 (line 79)
  0x00000253c3396808: 34c4 3e07 

  0x00000253c339680c: ;   {other}
  0x00000253c339680c: 0f1f 8400 | 7c2d 001f 

  0x00000253c3396814: ;   {metadata(method data for {method} {0x000002541b4018b0} 'simpleUpdate' '(F)V' in 'com/csproject/jMEMain')}
  0x00000253c3396814: 48ba 0000 | 4f1c 5402 | 0000 4883 | 8218 0900 | 0001 ba01 | 0000 0041 | b809 0000 | 0066 0f1f 
  0x00000253c3396834: ;   {static_call}
  0x00000253c3396834: 4400 00e8 

  0x00000253c3396838: ; ImmutableOopMap {[176]=Oop }
                      ;*invokestatic range {reexecute=0 rethrow=0 return_oop=0}
                      ; - com.csproject.jMEMain::simpleUpdate@298 (line 82)
  0x00000253c3396838: 4485 fcff 

  0x00000253c339683c: ;   {other}
  0x00000253c339683c: 0f1f 8400 | ac2d 0020 

  0x00000253c3396844: ;   {metadata(method data for {method} {0x00000253da093a58} 'linkToTargetMethod' '(Ljava/lang/Object;Ljava/lang/Object;)Ljava/lang/Object;' in 'java/lang/invoke/Invokers$Holder')}
  0x00000253c3396844: 49b8 b0dd | 231b 5402 | 0000 4d8d | 80f8 0100 

  0x00000253c3396854: ;   {oop(a 'java/lang/invoke/DirectMethodHandle$Constructor'{0x000000070bfd2538})}
  0x00000253c3396854: 0048 be38 | 25fd 0b07 | 0000 0048 | 85f6 750d | 41f6 4010 | 0175 06f0 | 4983 4810 

  0x00000253c3396870: ;   {metadata(method data for {method} {0x000002541b4018b0} 'simpleUpdate' '(F)V' in 'com/csproject/jMEMain')}
  0x00000253c3396870: 0149 b800 | 004f 1c54 | 0200 0049 | 8380 2809 

  0x00000253c3396880: ;   {metadata(method data for {method} {0x00000253da093a58} 'linkToTargetMethod' '(Ljava/lang/Object;Ljava/lang/Object;)Ljava/lang/Object;' in 'java/lang/invoke/Invokers$Holder')}
  0x00000253c3396880: 0000 0149 | b8b0 dd23 | 1b54 0200 | 0041 8b90 | cc00 0000 | 83c2 0241 | 8990 cc00 | 0000 81e2 
  0x00000253c33968a0: feff 1f00 | 85d2 0f84 | 8719 0000 

  0x00000253c33968ac: ;   {metadata(method data for {method} {0x00000253da099968} 'newInvokeSpecial' '(Ljava/lang/Object;Ljava/lang/Object;)Ljava/lang/Object;' in 'java/lang/invoke/DirectMethodHandle$Holder')}
  0x00000253c33968ac: 49b8 f000 | a61b 5402 | 0000 4d8d | 8040 0200 | 0048 85f6 | 750b 41f6 | 0001 7505 | f049 8308 
  0x00000253c33968cc: ;   {metadata(method data for {method} {0x00000253da093a58} 'linkToTargetMethod' '(Ljava/lang/Object;Ljava/lang/Object;)Ljava/lang/Object;' in 'java/lang/invoke/Invokers$Holder')}
  0x00000253c33968cc: 0149 b8b0 | dd23 1b54 | 0200 0049 | 8380 4801 

  0x00000253c33968dc: ;   {metadata(method data for {method} {0x00000253da099968} 'newInvokeSpecial' '(Ljava/lang/Object;Ljava/lang/Object;)Ljava/lang/Object;' in 'java/lang/invoke/DirectMethodHandle$Holder')}
  0x00000253c33968dc: 0000 0149 | b8f0 00a6 | 1b54 0200 | 0041 8b90 | cc00 0000 | 83c2 0241 | 8990 cc00 | 0000 81e2 
  0x00000253c33968fc: feff 1f00 | 85d2 0f84 | 4c19 0000 

  0x00000253c3396908: ;   {metadata(method data for {method} {0x00000253da099968} 'newInvokeSpecial' '(Ljava/lang/Object;Ljava/lang/Object;)Ljava/lang/Object;' in 'java/lang/invoke/DirectMethodHandle$Holder')}
  0x00000253c3396908: 49b8 f000 | a61b 5402 | 0000 4d8d | 8028 0100 | 0048 85f6 | 750d 41f6 | 4008 0175 | 06f0 4983 
  0x00000253c3396928: ;   {metadata(method data for {method} {0x00000253da099968} 'newInvokeSpecial' '(Ljava/lang/Object;Ljava/lang/Object;)Ljava/lang/Object;' in 'java/lang/invoke/DirectMethodHandle$Holder')}
  0x00000253c3396928: 4808 0149 | b8f0 00a6 | 1b54 0200 | 0049 8380 | 1801 0000 

  0x00000253c339693c: ;   {metadata(method data for {method} {0x00000253da087a00} 'allocateInstance' '(Ljava/lang/Object;)Ljava/lang/Object;' in 'java/lang/invoke/DirectMethodHandle')}
  0x00000253c339693c: 0149 b860 | 9166 1b54 | 0200 0041 | 8b90 cc00 | 0000 83c2 | 0241 8990 | cc00 0000 | 81e2 feff 
  0x00000253c339695c: 1f00 85d2 | 0f84 0f19 

  0x00000253c3396964: ;   {oop(a 'jdk/internal/misc/Unsafe'{0x000000071222ac50})}
  0x00000253c3396964: 0000 48ba | 50ac 2212 | 0700 0000 

  0x00000253c3396970: ;   {metadata(method data for {method} {0x00000253da087a00} 'allocateInstance' '(Ljava/lang/Object;)Ljava/lang/Object;' in 'java/lang/invoke/DirectMethodHandle')}
  0x00000253c3396970: 4c8b c248 | bf60 9166 | 1b54 0200 | 0048 8387 | 4801 0000 

  0x00000253c3396984: ;   {oop(a 'java/lang/Class'{0x000000070bfd2250} = 'com/csproject/jMEMain$$Lambda+0x00000253db24fc28')}
  0x00000253c3396984: 0149 b850 | 22fd 0b07 | 0000 0048 | 8984 24a8 | 0100 0048 | 89b4 24a0 

  0x00000253c339699c: ;   {optimized virtual_call}
  0x00000253c339699c: 0100 00e8 

  0x00000253c33969a0: ; ImmutableOopMap {[176]=Oop [416]=Oop [424]=Oop }
                      ;*invokevirtual allocateInstance {reexecute=0 rethrow=0 return_oop=0}
                      ; - java.lang.invoke.DirectMethodHandle::allocateInstance@12 (line 500)
                      ; - java.lang.invoke.DirectMethodHandle$Holder::newInvokeSpecial@1
                      ; - java.lang.invoke.Invokers$Holder::linkToTargetMethod@5
                      ; - com.csproject.jMEMain::simpleUpdate@302 (line 83)
  0x00000253c33969a0: 1ca3 2707 

  0x00000253c33969a4: ;   {other}
  0x00000253c33969a4: 0f1f 8400 | 142f 0021 

  0x00000253c33969ac: ;   {metadata(method data for {method} {0x00000253da099968} 'newInvokeSpecial' '(Ljava/lang/Object;Ljava/lang/Object;)Ljava/lang/Object;' in 'java/lang/invoke/DirectMethodHandle$Holder')}
  0x00000253c33969ac: 49b8 f000 | a61b 5402 | 0000 4d8d | 8038 0100 | 0048 85c0 | 750b 41f6 | 0001 7505 | f049 8308 
  0x00000253c33969cc: ;   {metadata(method data for {method} {0x00000253da099968} 'newInvokeSpecial' '(Ljava/lang/Object;Ljava/lang/Object;)Ljava/lang/Object;' in 'java/lang/invoke/DirectMethodHandle$Holder')}
  0x00000253c33969cc: 0149 b8f0 | 00a6 1b54 | 0200 004d | 8d80 5801 | 0000 488b | b424 a001 | 0000 4885 | f675 0d41 
  0x00000253c33969ec: f640 0801 | 7506 f049 | 8348 0801 

  0x00000253c33969f8: ;   {metadata(method data for {method} {0x00000253da099968} 'newInvokeSpecial' '(Ljava/lang/Object;Ljava/lang/Object;)Ljava/lang/Object;' in 'java/lang/invoke/DirectMethodHandle$Holder')}
  0x00000253c33969f8: 49b8 f000 | a61b 5402 | 0000 4983 | 8048 0100 

  0x00000253c3396a08: ;   {metadata(method data for {method} {0x00000253da0884a8} 'constructorMethod' '(Ljava/lang/Object;)Ljava/lang/Object;' in 'java/lang/invoke/DirectMethodHandle')}
  0x00000253c3396a08: 0001 49b8 | 1893 661b | 5402 0000 | 418b 90cc | 0000 0083 | c202 4189 | 90cc 0000 | 0081 e2fe 
  0x00000253c3396a28: ff1f 0085 | d20f 8463 

  0x00000253c3396a30: ;   {metadata(method data for {method} {0x00000253da099968} 'newInvokeSpecial' '(Ljava/lang/Object;Ljava/lang/Object;)Ljava/lang/Object;' in 'java/lang/invoke/DirectMethodHandle$Holder')}
  0x00000253c3396a30: 1800 0049 | b8f0 00a6 | 1b54 0200 | 004d 8d80 | 6801 0000 

  0x00000253c3396a44: ;   {oop(a 'java/lang/invoke/MemberName'{0x000000070bfd24c0} = {method} {0x000002541c459340} '<init>' '(Lcom/csproject/jMEMain;)V' in 'com/csproject/jMEMain$$Lambda+0x00000253db24fc28')}
  0x00000253c3396a44: 48ba c024 | fd0b 0700 | 0000 4885 | d275 0b41 | f600 0175 | 05f0 4983 | 0801 483b | 004c 8bc0 
  0x00000253c3396a64: ;   {metadata(method data for {method} {0x00000253da099968} 'newInvokeSpecial' '(Ljava/lang/Object;Ljava/lang/Object;)Ljava/lang/Object;' in 'java/lang/invoke/DirectMethodHandle$Holder')}
  0x00000253c3396a64: 48ba f000 | a61b 5402 | 0000 4883 | 82a8 0100 

  0x00000253c3396a74: ;   {metadata(method data for {method} {0x000002541c459340} '<init>' '(Lcom/csproject/jMEMain;)V' in 'com/csproject/jMEMain$$Lambda+0x00000253db24fc28')}
  0x00000253c3396a74: 0001 49b8 | 5897 4f1c | 5402 0000 | 418b 90cc | 0000 0083 | c202 4189 | 90cc 0000 | 0081 e2fe 
  0x00000253c3396a94: ff1f 0085 | d20f 841d | 1800 004c 

  0x00000253c3396aa0: ;   {metadata(method data for {method} {0x000002541c459340} '<init>' '(Lcom/csproject/jMEMain;)V' in 'com/csproject/jMEMain$$Lambda+0x00000253db24fc28')}
  0x00000253c3396aa0: 8bc0 48ba | 5897 4f1c | 5402 0000 | 4883 8218 | 0100 0001 

  0x00000253c3396ab4: ;   {metadata(method data for {method} {0x00000253da439b60} '<init>' '()V' in 'java/lang/Object')}
  0x00000253c3396ab4: 49b8 e00e | 011b 5402 | 0000 418b | 90cc 0000 | 0083 c202 | 4189 90cc | 0000 0081 | e2fe ff1f 
  0x00000253c3396ad4: 0085 d20f | 8400 1800 | 0045 0fbe | 4738 4585 | c00f 8513 | 1800 0048 | 8b94 24b0 | 0000 004c 
  0x00000253c3396af4: 8bd2 49c1 | ea03 4489 | 500c 4c8b | c04c 33c2 | 49c1 e815 | 4983 f800 | 0f85 0c18 

  0x00000253c3396b10: ;   {metadata(method data for {method} {0x00000253da093a58} 'linkToTargetMethod' '(Ljava/lang/Object;Ljava/lang/Object;)Ljava/lang/Object;' in 'java/lang/invoke/Invokers$Holder')}
  0x00000253c3396b10: 0000 49b8 | b0dd 231b | 5402 0000 | 4d8d 8088 | 0100 0048 | 85c0 750b | 41f6 0001 | 7505 f049 
  0x00000253c3396b30: ;   {metadata(method data for {method} {0x000002541b4018b0} 'simpleUpdate' '(F)V' in 'com/csproject/jMEMain')}
  0x00000253c3396b30: 8308 0149 | b800 004f | 1c54 0200 | 004d 8d80 | 4809 0000 | 4885 c075 | 0d41 f600 | 0175 30f0 
  0x00000253c3396b50: 4983 0801 | eb29 8b70 | 0849 ba00 | 0000 da53 | 0200 0049 | 03f2 4c8b | d649 3330 | 48f7 c6fc 
  0x00000253c3396b70: ffff ff74 | 0a40 f6c6 | 0275 0449 | 8308 0248 | 8bb4 24a8 | 0100 0048 | 3b06 4c8b 

  0x00000253c3396b8c: ;   {metadata(method data for {method} {0x000002541b4018b0} 'simpleUpdate' '(F)V' in 'com/csproject/jMEMain')}
  0x00000253c3396b8c: c648 bf00 | 004f 1c54 | 0200 0045 | 8b40 0849 | ba00 0000 | da53 0200 | 004d 03c2 | 4c3b 8760 
  0x00000253c3396bac: 0900 0075 | 0d48 8387 | 6809 0000 | 01e9 6000 | 0000 4c3b | 8770 0900 | 0075 0d48 | 8387 7809 
  0x00000253c3396bcc: 0000 01e9 | 4a00 0000 | 4883 bf60 | 0900 0000 | 7517 4c89 | 8760 0900 | 0048 c787 | 6809 0000 
  0x00000253c3396bec: 0100 0000 | e929 0000 | 0048 83bf | 7009 0000 | 0075 174c | 8987 7009 | 0000 48c7 | 8778 0900 
  0x00000253c3396c0c: 0001 0000 | 00e9 0800 | 0000 4883 | 8758 0900 | 0001 4c8b | c048 8bd6 | 9048 b838 | 442b da53 
  0x00000253c3396c2c: ;   {virtual_call}
  0x00000253c3396c2c: 0200 00e8 

  0x00000253c3396c30: ; ImmutableOopMap {[176]=Oop }
                      ;*invokeinterface forEach {reexecute=0 rethrow=0 return_oop=0}
                      ; - com.csproject.jMEMain::simpleUpdate@307 (line 82)
  0x00000253c3396c30: ac66 feff 

  0x00000253c3396c34: ;   {other}
  0x00000253c3396c34: 0f1f 8400 | a431 0022 

  0x00000253c3396c3c: ;   {oop(a 'java/lang/Class'{0x000000071220adc8} = 'com/csproject/jMEMain')}
  0x00000253c3396c3c: 48ba c8ad | 2012 0700 | 0000 8b52 | 7048 c1e2 | 0348 3b02 

  0x00000253c3396c50: ;   {metadata(method data for {method} {0x000002541b4018b0} 'simpleUpdate' '(F)V' in 'com/csproject/jMEMain')}
  0x00000253c3396c50: 488b f248 | bf00 004f | 1c54 0200 | 008b 7608 | 49ba 0000 | 00da 5302 | 0000 4903 | f248 3bb7 
  0x00000253c3396c70: 9009 0000 | 750d 4883 | 8798 0900 | 0001 e960 | 0000 0048 | 3bb7 a009 | 0000 750d | 4883 87a8 
  0x00000253c3396c90: 0900 0001 | e94a 0000 | 0048 83bf | 9009 0000 | 0075 1748 | 89b7 9009 | 0000 48c7 | 8798 0900 
  0x00000253c3396cb0: 0001 0000 | 00e9 2900 | 0000 4883 | bfa0 0900 | 0000 7517 | 4889 b7a0 | 0900 0048 | c787 a809 
  0x00000253c3396cd0: 0000 0100 | 0000 e908 | 0000 0048 | 8387 8809 | 0000 0166 | 9048 b828 | e309 da53 

  0x00000253c3396cec: ;   {virtual_call}
  0x00000253c3396cec: 0200 00e8 

  0x00000253c3396cf0: ; ImmutableOopMap {[176]=Oop }
                      ;*invokeinterface iterator {reexecute=0 rethrow=0 return_oop=0}
                      ; - com.csproject.jMEMain::simpleUpdate@317 (line 92)
  0x00000253c3396cf0: 2c42 2707 

  0x00000253c3396cf4: ;   {other}
  0x00000253c3396cf4: 0f1f 8400 | 6432 0023 | 4889 8424 | b001 0000 

  0x00000253c3396d04: ;   {metadata(method data for {method} {0x000002541b4018b0} 'simpleUpdate' '(F)V' in 'com/csproject/jMEMain')}
  0x00000253c3396d04: 48ba 0000 | 4f1c 5402 | 0000 ff82 | b809 0000 | be01 0000 | 0089 b424 | b801 0000 

  0x00000253c3396d20: ; implicit exception: dispatches to 0x00000253c3398340
  0x00000253c3396d20: 483b 0048 

  0x00000253c3396d24: ;   {metadata(method data for {method} {0x000002541b4018b0} 'simpleUpdate' '(F)V' in 'com/csproject/jMEMain')}
  0x00000253c3396d24: 8bd0 48bf | 0000 4f1c | 5402 0000 | 8b52 0849 | ba00 0000 | da53 0200 | 0049 03d2 | 483b 97f8 
  0x00000253c3396d44: 0c00 0075 | 0d48 8387 | 000d 0000 | 01e9 6000 | 0000 483b | 9708 0d00 | 0075 0d48 | 8387 100d 
  0x00000253c3396d64: 0000 01e9 | 4a00 0000 | 4883 bff8 | 0c00 0000 | 7517 4889 | 97f8 0c00 | 0048 c787 | 000d 0000 
  0x00000253c3396d84: 0100 0000 | e929 0000 | 0048 83bf | 080d 0000 | 0075 1748 | 8997 080d | 0000 48c7 | 8710 0d00 
  0x00000253c3396da4: 0001 0000 | 00e9 0800 | 0000 4883 | 87f0 0c00 | 0001 488b | d00f 1f40 | 0048 b8a8 | 4714 da53 
  0x00000253c3396dc4: ;   {virtual_call}
  0x00000253c3396dc4: 0200 00e8 

  0x00000253c3396dc8: ; ImmutableOopMap {[176]=Oop [432]=Oop }
                      ;*invokeinterface hasNext {reexecute=0 rethrow=0 return_oop=0}
                      ; - com.csproject.jMEMain::simpleUpdate@446 (line 92)
  0x00000253c3396dc8: 341d 2b07 

  0x00000253c3396dcc: ;   {other}
  0x00000253c3396dcc: 0f1f 8400 | 3c33 0024 | 85c0 ba02 | 0000 0075 | 05ba 0000 

  0x00000253c3396de0: ;   {metadata(method data for {method} {0x000002541b4018b0} 'simpleUpdate' '(F)V' in 'com/csproject/jMEMain')}
  0x00000253c3396de0: 0000 48be | 0000 4f1c | 5402 0000 | 8bbe d000 | 0000 03fa | 89be d000 | 0000 85d2 | 7505 bf02 
  0x00000253c3396e00: 0000 0081 | e7fe 3f00 | 0085 ff0f | 8434 1500 | 004d 8b97 

  0x00000253c3396e14: ; ImmutableOopMap {[176]=Oop [432]=Oop }
                      ;*ifne {reexecute=1 rethrow=0 return_oop=0}
                      ; - (reexecute) com.csproject.jMEMain::simpleUpdate@451 (line 92)
  0x00000253c3396e14: 6004 0000 

  0x00000253c3396e18: ;   {poll}
  0x00000253c3396e18: 4185 0285 

  0x00000253c3396e1c: ;   {metadata(method data for {method} {0x000002541b4018b0} 'simpleUpdate' '(F)V' in 'com/csproject/jMEMain')}
  0x00000253c3396e1c: c048 ba00 | 004f 1c54 | 0200 0048 | c7c6 300d | 0000 7407 | 48c7 c620 | 0d00 0048 | 8b3c 3248 
  0x00000253c3396e3c: 8d7f 0148 | 893c 320f | 8441 0a00 | 0048 8b84 | 24b0 0100 

  0x00000253c3396e50: ;   {metadata(method data for {method} {0x000002541b4018b0} 'simpleUpdate' '(F)V' in 'com/csproject/jMEMain')}
  0x00000253c3396e50: 0048 ba00 | 004f 1c54 | 0200 008b | 4008 49ba | 0000 00da | 5302 0000 | 4903 c248 | 3b82 d809 
  0x00000253c3396e70: 0000 750d | 4883 82e0 | 0900 0001 | e960 0000 | 0048 3b82 | e809 0000 | 750d 4883 | 82f0 0900 
  0x00000253c3396e90: 0001 e94a | 0000 0048 | 83ba d809 | 0000 0075 | 1748 8982 | d809 0000 | 48c7 82e0 | 0900 0001 
  0x00000253c3396eb0: 0000 00e9 | 2900 0000 | 4883 bae8 | 0900 0000 | 7517 4889 | 82e8 0900 | 0048 c782 | f009 0000 
  0x00000253c3396ed0: 0100 0000 | e908 0000 | 0048 8382 | d009 0000 | 0148 8b94 | 24b0 0100 | 000f 1f40 | 0048 b8a8 
  0x00000253c3396ef0: 4714 da53 

  0x00000253c3396ef4: ;   {virtual_call}
  0x00000253c3396ef4: 0200 00e8 

  0x00000253c3396ef8: ; ImmutableOopMap {[176]=Oop [432]=Oop }
                      ;*invokeinterface next {reexecute=0 rethrow=0 return_oop=0}
                      ; - com.csproject.jMEMain::simpleUpdate@329 (line 92)
  0x00000253c3396ef8: 2425 2b07 

  0x00000253c3396efc: ;   {other}
  0x00000253c3396efc: 0f1f 8400 | 6c34 0026 

  0x00000253c3396f04: ;   {metadata(method data for {method} {0x000002541b4018b0} 'simpleUpdate' '(F)V' in 'com/csproject/jMEMain')}
  0x00000253c3396f04: 4885 c048 | bf00 004f | 1c54 0200 | 0075 0c80 | 8ff9 0900 | 0001 e9af | 0000 008b | 5808 49ba 
  0x00000253c3396f24: 0000 00da | 5302 0000 | 4903 da48 | 3b9f 080a | 0000 750d | 4883 8710 | 0a00 0001 | e960 0000 
  0x00000253c3396f44: 0048 3b9f | 180a 0000 | 750d 4883 | 8720 0a00 | 0001 e94a | 0000 0048 | 83bf 080a | 0000 0075 
  0x00000253c3396f64: 1748 899f | 080a 0000 | 48c7 8710 | 0a00 0001 | 0000 00e9 | 2900 0000 | 4883 bf18 | 0a00 0000 
  0x00000253c3396f84: 7517 4889 | 9f18 0a00 | 0048 c787 | 200a 0000 | 0100 0000 | e908 0000 | 0048 8387 | 000a 0000 
  0x00000253c3396fa4: ;   {metadata('org/apache/commons/lang3/tuple/Pair')}
  0x00000253c3396fa4: 0148 bb70 | 2724 db53 | 0200 008b | 7808 49ba | 0000 00da | 5302 0000 | 4903 fa48 | 3b5f 380f 
  0x00000253c3396fc4: 859d 1300 | 00e9 0000 | 0000 488b | f048 89b4 | 24c0 0100 

  0x00000253c3396fd8: ;   {oop(a 'java/lang/Class'{0x000000071220adc8} = 'com/csproject/jMEMain')}
  0x00000253c3396fd8: 0048 bac8 | ad20 1207 | 0000 008b | 5274 48c1 | e203 483b | 0248 8bfa 

  0x00000253c3396ff0: ;   {metadata(method data for {method} {0x000002541b4018b0} 'simpleUpdate' '(F)V' in 'com/csproject/jMEMain')}
  0x00000253c3396ff0: 48bb 0000 | 4f1c 5402 | 0000 8b7f | 0849 ba00 | 0000 da53 | 0200 0049 | 03fa 483b | bb38 0a00 
  0x00000253c3397010: 0075 0d48 | 8383 400a | 0000 01e9 | 6000 0000 | 483b bb48 | 0a00 0075 | 0d48 8383 | 500a 0000 
  0x00000253c3397030: 01e9 4a00 | 0000 4883 | bb38 0a00 | 0000 7517 | 4889 bb38 | 0a00 0048 | c783 400a | 0000 0100 
  0x00000253c3397050: 0000 e929 | 0000 0048 | 83bb 480a | 0000 0075 | 1748 89bb | 480a 0000 | 48c7 8350 | 0a00 0001 
  0x00000253c3397070: 0000 00e9 | 0800 0000 | 4883 8330 | 0a00 0001 | 0f1f 4400 | 0048 b828 | e309 da53 

  0x00000253c339708c: ;   {virtual_call}
  0x00000253c339708c: 0200 00e8 

  0x00000253c3397090: ; ImmutableOopMap {[176]=Oop [432]=Oop [448]=Oop }
                      ;*invokeinterface iterator {reexecute=0 rethrow=0 return_oop=0}
                      ; - com.csproject.jMEMain::simpleUpdate@344 (line 94)
  0x00000253c3397090: 8c3e 2707 

  0x00000253c3397094: ;   {other}
  0x00000253c3397094: 0f1f 8400 | 0436 0027 | 4889 8424 | c801 0000 

  0x00000253c33970a4: ;   {metadata(method data for {method} {0x000002541b4018b0} 'simpleUpdate' '(F)V' in 'com/csproject/jMEMain')}
  0x00000253c33970a4: 48ba 0000 | 4f1c 5402 | 0000 ff82 | 600a 0000 | e967 0600 | 000f 1f80 | 0000 0000 | 488b 8424 
  0x00000253c33970c4: c801 0000 

  0x00000253c33970c8: ;   {metadata(method data for {method} {0x000002541b4018b0} 'simpleUpdate' '(F)V' in 'com/csproject/jMEMain')}
  0x00000253c33970c8: 48ba 0000 | 4f1c 5402 | 0000 8b40 | 0849 ba00 | 0000 da53 | 0200 0049 | 03c2 483b | 8280 0a00 
  0x00000253c33970e8: 0075 0d48 | 8382 880a | 0000 01e9 | 6000 0000 | 483b 8290 | 0a00 0075 | 0d48 8382 | 980a 0000 
  0x00000253c3397108: 01e9 4a00 | 0000 4883 | ba80 0a00 | 0000 7517 | 4889 8280 | 0a00 0048 | c782 880a | 0000 0100 
  0x00000253c3397128: 0000 e929 | 0000 0048 | 83ba 900a | 0000 0075 | 1748 8982 | 900a 0000 | 48c7 8298 | 0a00 0001 
  0x00000253c3397148: 0000 00e9 | 0800 0000 | 4883 8278 | 0a00 0001 | 488b 9424 | c801 0000 | 0f1f 4400 | 0048 b8a8 
  0x00000253c3397168: 4714 da53 

  0x00000253c339716c: ;   {virtual_call}
  0x00000253c339716c: 0200 00e8 

  0x00000253c3397170: ; ImmutableOopMap {[176]=Oop [432]=Oop [448]=Oop [456]=Oop }
                      ;*invokeinterface next {reexecute=0 rethrow=0 return_oop=0}
                      ; - com.csproject.jMEMain::simpleUpdate@356 (line 94)
  0x00000253c3397170: ac22 2b07 

  0x00000253c3397174: ;   {other}
  0x00000253c3397174: 0f1f 8400 | e436 0028 

  0x00000253c339717c: ;   {metadata(method data for {method} {0x000002541b4018b0} 'simpleUpdate' '(F)V' in 'com/csproject/jMEMain')}
  0x00000253c339717c: 4885 c048 | be00 004f | 1c54 0200 | 0075 0c80 | 8ea1 0a00 | 0001 e9af | 0000 008b | 7808 49ba 
  0x00000253c339719c: 0000 00da | 5302 0000 | 4903 fa48 | 3bbe b00a | 0000 750d | 4883 86b8 | 0a00 0001 | e960 0000 
  0x00000253c33971bc: 0048 3bbe | c00a 0000 | 750d 4883 | 86c8 0a00 | 0001 e94a | 0000 0048 | 83be b00a | 0000 0075 
  0x00000253c33971dc: 1748 89be | b00a 0000 | 48c7 86b8 | 0a00 0001 | 0000 00e9 | 2900 0000 | 4883 bec0 | 0a00 0000 
  0x00000253c33971fc: 7517 4889 | bec0 0a00 | 0048 c786 | c80a 0000 | 0100 0000 | e908 0000 | 0048 8386 | a80a 0000 
  0x00000253c339721c: ;   {metadata('com/jme3/scene/Geometry')}
  0x00000253c339721c: 0148 bff8 | 5400 db53 | 0200 008b | 7008 49ba | 0000 00da | 5302 0000 | 4903 f248 | 3b7e 400f 
  0x00000253c339723c: 8533 1100 | 00e9 0000 | 0000 4c8b | c049 3b00 

  0x00000253c339724c: ;   {metadata(method data for {method} {0x000002541b4018b0} 'simpleUpdate' '(F)V' in 'com/csproject/jMEMain')}
  0x00000253c339724c: 498b d048 | be00 004f | 1c54 0200 | 008b 5208 | 49ba 0000 | 00da 5302 | 0000 4903 | d248 3b96 
  0x00000253c339726c: e00a 0000 | 750d 4883 | 86e8 0a00 | 0001 e960 | 0000 0048 | 3b96 f00a | 0000 750d | 4883 86f8 
  0x00000253c339728c: 0a00 0001 | e94a 0000 | 0048 83be | e00a 0000 | 0075 1748 | 8996 e00a | 0000 48c7 | 86e8 0a00 
  0x00000253c33972ac: 0001 0000 | 00e9 2900 | 0000 4883 | bef0 0a00 | 0000 7517 | 4889 96f0 | 0a00 0048 | c786 f80a 
  0x00000253c33972cc: 0000 0100 | 0000 e908 | 0000 0048 | 8386 d80a 

  0x00000253c33972dc: ;   {metadata(method data for {method} {0x000002541b412d18} 'getLocalTranslation' '()Lcom/jme3/math/Vector3f;' in 'com/jme3/scene/Spatial')}
  0x00000253c33972dc: 0000 0148 | ba10 8e4b | 1c54 0200 | 008b b2cc | 0000 0083 | c602 89b2 | cc00 0000 | 81e6 feff 
  0x00000253c33972fc: 1f00 85f6 | 0f84 7c10 | 0000 418b | 5044 48c1 | e203 483b | 0248 8bf2 

  0x00000253c3397314: ;   {metadata(method data for {method} {0x000002541b412d18} 'getLocalTranslation' '()Lcom/jme3/math/Vector3f;' in 'com/jme3/scene/Spatial')}
  0x00000253c3397314: 48bf 108e | 4b1c 5402 | 0000 4883 | 8718 0100 | 0001 8b52 | 1048 c1e2 | 0348 8bb4 | 24c0 0100 
  0x00000253c3397334: 0048 3b06 

  0x00000253c3397338: ;   {metadata(method data for {method} {0x000002541b4018b0} 'simpleUpdate' '(F)V' in 'com/csproject/jMEMain')}
  0x00000253c3397338: 488b fe48 | bb00 004f | 1c54 0200 | 0048 8383 | 080b 0000 | 018b 7e0c | 48c1 e703 

  0x00000253c3397354: ;   {metadata(method data for {method} {0x000002541b4018b0} 'simpleUpdate' '(F)V' in 'com/csproject/jMEMain')}
  0x00000253c3397354: 4885 ff48 | b800 004f | 1c54 0200 | 0075 0c80 | 8831 0b00 | 0001 e9ae | 0000 008b | 4f08 49ba 
  0x00000253c3397374: 0000 00da | 5302 0000 | 4903 ca48 | 3b88 400b | 0000 750d | 4883 8048 | 0b00 0001 | e960 0000 
  0x00000253c3397394: 0048 3b88 | 500b 0000 | 750d 4883 | 8058 0b00 | 0001 e94a | 0000 0048 | 83b8 400b | 0000 0075 
  0x00000253c33973b4: 1748 8988 | 400b 0000 | 48c7 8048 | 0b00 0001 | 0000 00e9 | 2900 0000 | 4883 b850 | 0b00 0000 
  0x00000253c33973d4: 7517 4889 | 8850 0b00 | 0048 c780 | 580b 0000 | 0100 0000 | e908 0000 | 0048 8380 | 380b 0000 
  0x00000253c33973f4: ;   {metadata('java/lang/Float')}
  0x00000253c33973f4: 0148 b938 | cd02 da53 | 0200 008b | 5f08 49ba | 0000 00da | 5302 0000 | 4903 da48 | 3bcb 0f85 
  0x00000253c3397414: 950f 0000 | e900 0000 | 0048 3b07 

  0x00000253c3397420: ;   {metadata(method data for {method} {0x000002541b4018b0} 'simpleUpdate' '(F)V' in 'com/csproject/jMEMain')}
  0x00000253c3397420: 488b df48 | b800 004f | 1c54 0200 | 0048 8380 | 680b 0000 | 01c5 fa10 | 470c c5fa 

  0x00000253c339743c: ;   {metadata(method data for {method} {0x000002541b4018b0} 'simpleUpdate' '(F)V' in 'com/csproject/jMEMain')}
  0x00000253c339743c: 104a 0c48 | bf00 004f | 1c54 0200 | 0048 8387 | 980b 0000 | 01c5 fa5c 

  0x00000253c3397454: ;   {metadata(method data for {method} {0x00000253da3ef2d8} 'abs' '(F)F' in 'java/lang/Math')}
  0x00000253c3397454: c148 bfc0 | a92d 1c54 | 0200 008b | 9fcc 0000 | 0083 c302 | 899f cc00 | 0000 81e3 | feff 1f00 
  0x00000253c3397474: 85db 0f84 | 440f 0000 

  0x00000253c339747c: ;   {metadata(method data for {method} {0x00000253da3ef2d8} 'abs' '(F)F' in 'java/lang/Math')}
  0x00000253c339747c: 48bf c0a9 | 2d1c 5402 | 0000 4883 | 8718 0100 

  0x00000253c339748c: ;   {metadata(method data for {method} {0x00000253da3ef2d8} 'abs' '(F)F' in 'java/lang/Math')}
  0x00000253c339748c: 0001 48bf | c0a9 2d1c | 5402 0000 | 4883 8728 | 0100 0001 | c5fa 1184 | 24bc 0100 | 008b bc24 
  0x00000253c33974ac: bc01 0000 | 81e7 ffff | ff7f 89bc | 24d8 0100 | 00c5 fa10 | 8424 d801 

  0x00000253c33974c4: ;   {section_word}
  0x00000253c33974c4: 0000 c5fa | 100d d2cc | ffff c5f8 | 2ec1 bf01 | 0000 000f | 8a13 0000 | 000f 870d | 0000 00bf 
  0x00000253c33974e4: 0000 0000 | 0f84 0200 | 0000 ffcf 

  0x00000253c33974f0: ;   {metadata(method data for {method} {0x000002541b4018b0} 'simpleUpdate' '(F)V' in 'com/csproject/jMEMain')}
  0x00000253c33974f0: 85ff 48bf | 0000 4f1c | 5402 0000 | 48c7 c3a8 | 0b00 007d | 0748 c7c3 | b80b 0000 | 488b 041f 
  0x00000253c3397510: 488d 4001 | 4889 041f | 0f8d fa01 | 0000 488b 

  0x00000253c3397520: ;   {metadata(method data for {method} {0x000002541b4018b0} 'simpleUpdate' '(F)V' in 'com/csproject/jMEMain')}
  0x00000253c3397520: fe48 bb00 | 004f 1c54 | 0200 0048 | 8383 c80b | 0000 018b | 7e10 48c1 | e703 4885 

  0x00000253c339753c: ;   {metadata(method data for {method} {0x000002541b4018b0} 'simpleUpdate' '(F)V' in 'com/csproject/jMEMain')}
  0x00000253c339753c: ff48 b800 | 004f 1c54 | 0200 0075 | 0c80 88f1 | 0b00 0001 | e9ae 0000 | 008b 4f08 | 49ba 0000 
  0x00000253c339755c: 00da 5302 | 0000 4903 | ca48 3b88 | 000c 0000 | 750d 4883 | 8008 0c00 | 0001 e960 | 0000 0048 
  0x00000253c339757c: 3b88 100c | 0000 750d | 4883 8018 | 0c00 0001 | e94a 0000 | 0048 83b8 | 000c 0000 | 0075 1748 
  0x00000253c339759c: 8988 000c | 0000 48c7 | 8008 0c00 | 0001 0000 | 00e9 2900 | 0000 4883 | b810 0c00 | 0000 7517 
  0x00000253c33975bc: 4889 8810 | 0c00 0048 | c780 180c | 0000 0100 | 0000 e908 | 0000 0048 | 8380 f80b 

  0x00000253c33975d8: ;   {metadata('java/lang/Float')}
  0x00000253c33975d8: 0000 0148 | b938 cd02 | da53 0200 | 008b 5f08 | 49ba 0000 | 00da 5302 | 0000 4903 | da48 3bcb 
  0x00000253c33975f8: 0f85 e30d | 0000 e900 | 0000 0048 | 3b07 488b 

  0x00000253c3397608: ;   {metadata(method data for {method} {0x000002541b4018b0} 'simpleUpdate' '(F)V' in 'com/csproject/jMEMain')}
  0x00000253c3397608: df48 b800 | 004f 1c54 | 0200 0048 | 8380 280c | 0000 01c5 | fa10 470c | c5fa 104a 

  0x00000253c3397624: ;   {metadata(method data for {method} {0x000002541b4018b0} 'simpleUpdate' '(F)V' in 'com/csproject/jMEMain')}
  0x00000253c3397624: 1448 bf00 | 004f 1c54 | 0200 0048 | 8387 580c | 0000 01c5 

  0x00000253c3397638: ;   {metadata(method data for {method} {0x00000253da3ef2d8} 'abs' '(F)F' in 'java/lang/Math')}
  0x00000253c3397638: fa5c c148 | bfc0 a92d | 1c54 0200 | 008b 9fcc | 0000 0083 | c302 899f | cc00 0000 | 81e3 feff 
  0x00000253c3397658: 1f00 85db | 0f84 8d0d 

  0x00000253c3397660: ;   {metadata(method data for {method} {0x00000253da3ef2d8} 'abs' '(F)F' in 'java/lang/Math')}
  0x00000253c3397660: 0000 49b8 | c0a9 2d1c | 5402 0000 | 4983 8018 | 0100 0001 

  0x00000253c3397674: ;   {metadata(method data for {method} {0x00000253da3ef2d8} 'abs' '(F)F' in 'java/lang/Math')}
  0x00000253c3397674: 49b8 c0a9 | 2d1c 5402 | 0000 4983 | 8028 0100 | 0001 c5fa | 1184 24d0 | 0100 0044 | 8b84 24d0 
  0x00000253c3397694: 0100 0041 | 81e0 ffff | ff7f 4489 | 8424 dc01 | 0000 c5fa | 1084 24dc 

  0x00000253c33976ac: ;   {section_word}
  0x00000253c33976ac: 0100 00c5 | fa10 0ded | caff ffc5 | f82e c141 | b801 0000 | 000f 8a15 | 0000 000f | 870f 0000 
  0x00000253c33976cc: 0041 b800 | 0000 000f | 8403 0000 | 0041 ffc8 

  0x00000253c33976dc: ;   {metadata(method data for {method} {0x000002541b4018b0} 'simpleUpdate' '(F)V' in 'com/csproject/jMEMain')}
  0x00000253c33976dc: 4585 c049 | b800 004f | 1c54 0200 | 0048 c7c2 | 780c 0000 | 7c07 48c7 | c268 0c00 | 0049 8b3c 
  0x00000253c33976fc: 1048 8d7f | 0149 893c | 100f 8c49 | 0100 0048 | 8b84 24c8 | 0100 00e9 | 0800 0000 | 488b 8424 
  0x00000253c339771c: c801 0000 

  0x00000253c3397720: ; implicit exception: dispatches to 0x00000253c3398410
  0x00000253c3397720: 483b 0048 

  0x00000253c3397724: ;   {metadata(method data for {method} {0x000002541b4018b0} 'simpleUpdate' '(F)V' in 'com/csproject/jMEMain')}
  0x00000253c3397724: 8bd0 48bf | 0000 4f1c | 5402 0000 | 8b52 0849 | ba00 0000 | da53 0200 | 0049 03d2 | 483b 97a8 
  0x00000253c3397744: 0c00 0075 | 0d48 8387 | b00c 0000 | 01e9 6000 | 0000 483b | 97b8 0c00 | 0075 0d48 | 8387 c00c 
  0x00000253c3397764: 0000 01e9 | 4a00 0000 | 4883 bfa8 | 0c00 0000 | 7517 4889 | 97a8 0c00 | 0048 c787 | b00c 0000 
  0x00000253c3397784: 0100 0000 | e929 0000 | 0048 83bf | b80c 0000 | 0075 1748 | 8997 b80c | 0000 48c7 | 87c0 0c00 
  0x00000253c33977a4: 0001 0000 | 00e9 0800 | 0000 4883 | 87a0 0c00 | 0001 488b | d00f 1f40 | 0048 b8a8 | 4714 da53 
  0x00000253c33977c4: ;   {virtual_call}
  0x00000253c33977c4: 0200 00e8 

  0x00000253c33977c8: ; ImmutableOopMap {[176]=Oop [432]=Oop [448]=Oop [456]=Oop }
                      ;*invokeinterface hasNext {reexecute=0 rethrow=0 return_oop=0}
                      ; - com.csproject.jMEMain::simpleUpdate@431 (line 94)
  0x00000253c33977c8: 3413 2b07 

  0x00000253c33977cc: ;   {other}
  0x00000253c33977cc: 0f1f 8400 | 3c3d 0029 | 85c0 ba02 | 0000 0075 | 05ba 0000 

  0x00000253c33977e0: ;   {metadata(method data for {method} {0x000002541b4018b0} 'simpleUpdate' '(F)V' in 'com/csproject/jMEMain')}
  0x00000253c33977e0: 0000 48be | 0000 4f1c | 5402 0000 | 8bbe d000 | 0000 03fa | 89be d000 | 0000 85d2 | 7505 bf02 
  0x00000253c3397800: 0000 0081 | e7fe 3f00 | 0085 ff0f | 8404 0c00 | 004d 8b97 

  0x00000253c3397814: ; ImmutableOopMap {[176]=Oop [432]=Oop [448]=Oop [456]=Oop }
                      ;*ifne {reexecute=1 rethrow=0 return_oop=0}
                      ; - (reexecute) com.csproject.jMEMain::simpleUpdate@436 (line 94)
  0x00000253c3397814: 6004 0000 

  0x00000253c3397818: ;   {poll}
  0x00000253c3397818: 4185 0285 

  0x00000253c339781c: ;   {metadata(method data for {method} {0x000002541b4018b0} 'simpleUpdate' '(F)V' in 'com/csproject/jMEMain')}
  0x00000253c339781c: c048 ba00 | 004f 1c54 | 0200 0048 | c7c6 d00c | 0000 7507 | 48c7 c6e0 | 0c00 0048 | 8b3c 3248 
  0x00000253c339783c: 8d7f 0148 | 893c 320f | 8577 f8ff | ff41 b800 | 0000 00e9 | 1700 0000 

  0x00000253c3397854: ;   {metadata(method data for {method} {0x000002541b4018b0} 'simpleUpdate' '(F)V' in 'com/csproject/jMEMain')}
  0x00000253c3397854: 49b8 0000 | 4f1c 5402 | 0000 41ff | 8088 0c00 | 0041 b801 | 0000 0044 | 2384 24b8 | 0100 0049 
  0x00000253c3397874: 8bf0 89b4 | 24b8 0100 | 0048 8b84 | 24b0 0100 | 00e9 96f4 | ffff 8bb4 | 24b8 0100 

  0x00000253c3397890: ;   {metadata(method data for {method} {0x000002541b4018b0} 'simpleUpdate' '(F)V' in 'com/csproject/jMEMain')}
  0x00000253c3397890: 0085 f649 | b800 004f | 1c54 0200 | 0048 c7c2 | 400d 0000 | 7407 48c7 | c250 0d00 | 0049 8b3c 
  0x00000253c33978b0: 1048 8d7f | 0149 893c | 100f 84ed | 0100 0089 | b424 b801 

  0x00000253c33978c4: ;   {oop(a 'java/lang/Class'{0x0000000712220a08} = 'java/lang/System')}
  0x00000253c33978c4: 0000 49b8 | 080a 2212 | 0700 0000 | 418b 5078 | 48c1 e203 

  0x00000253c33978d8: ; implicit exception: dispatches to 0x00000253c3398436
  0x00000253c33978d8: 483b 024c 

  0x00000253c33978dc: ;   {metadata(method data for {method} {0x000002541b4018b0} 'simpleUpdate' '(F)V' in 'com/csproject/jMEMain')}
  0x00000253c33978dc: 8bc2 48bf | 0000 4f1c | 5402 0000 

  0x00000253c33978e8: ;   {metadata('java/io/PrintStream')}
  0x00000253c33978e8: 49ba 18a0 | 00da 5302 | 0000 4c89 | 9768 0d00 | 0048 8387 | 700d 0000 

  0x00000253c3397900: ;   {oop("Success"{0x000000070d04b820})}
  0x00000253c3397900: 0149 b820 | b804 0d07 | 0000 000f 

  0x00000253c339790c: ;   {optimized virtual_call}
  0x00000253c339790c: 1f40 00e8 

  0x00000253c3397910: ; ImmutableOopMap {[176]=Oop [432]=Oop }
                      ;*invokevirtual println {reexecute=0 rethrow=0 return_oop=0}
                      ; - com.csproject.jMEMain::simpleUpdate@463 (line 103)
  0x00000253c3397910: 810c 0000 

  0x00000253c3397914: ;   {other}
  0x00000253c3397914: 0f1f 8400 | 843e 002b 

  0x00000253c339791c: ;   {metadata(method data for {method} {0x000002541b4018b0} 'simpleUpdate' '(F)V' in 'com/csproject/jMEMain')}
  0x00000253c339791c: 48ba 0000 | 4f1c 5402 | 0000 4883 | 8290 0d00 

  0x00000253c339792c: ;   {metadata(method data for {method} {0x00000253da01a918} 'exit' '(I)V' in 'java/lang/System')}
  0x00000253c339792c: 0001 48ba | c040 2e1c | 5402 0000 | 8bb2 cc00 | 0000 83c6 | 0289 b2cc | 0000 0081 | e6fe ff1f 
  0x00000253c339794c: 0085 f60f | 84e6 0a00 

  0x00000253c3397954: ;   {metadata(method data for {method} {0x00000253da01a918} 'exit' '(I)V' in 'java/lang/System')}
  0x00000253c3397954: 0048 bac0 | 402e 1c54 | 0200 0048 | 8382 1801 

  0x00000253c3397964: ;   {metadata(method data for {method} {0x00000253da0e2008} 'getRuntime' '()Ljava/lang/Runtime;' in 'java/lang/Runtime')}
  0x00000253c3397964: 0000 0148 | ba58 422e | 1c54 0200 | 008b b2cc | 0000 0083 | c602 89b2 | cc00 0000 | 81e6 feff 
  0x00000253c3397984: 1f00 85f6 | 0f84 ce0a 

  0x00000253c339798c: ;   {oop(a 'java/lang/Runtime'{0x00000007042e5ce0})}
  0x00000253c339798c: 0000 48ba | e05c 2e04 | 0700 0000 

  0x00000253c3397998: ;   {metadata(method data for {method} {0x00000253da01a918} 'exit' '(I)V' in 'java/lang/System')}
  0x00000253c3397998: 48be c040 | 2e1c 5402 

  0x00000253c33979a0: ;   {metadata('java/lang/Runtime')}
  0x00000253c33979a0: 0000 49ba | 2014 0eda | 5302 0000 | 4c89 9630 | 0100 0048 | 8386 3801 

  0x00000253c33979b8: ;   {metadata(method data for {method} {0x00000253da0e16c8} 'exit' '(I)V' in 'java/lang/Runtime')}
  0x00000253c33979b8: 0000 0148 | ba88 432e | 1c54 0200 | 008b b2cc | 0000 0083 | c602 89b2 | cc00 0000 | 81e6 feff 
  0x00000253c33979d8: 1f00 85f6 | 0f84 9b0a 

  0x00000253c33979e0: ;   {metadata(method data for {method} {0x00000253da0e16c8} 'exit' '(I)V' in 'java/lang/Runtime')}
  0x00000253c33979e0: 0000 48ba | 8843 2e1c | 5402 0000 | 4883 8218 | 0100 0001 

  0x00000253c33979f4: ;   {metadata(method data for {method} {0x00000253da01ac70} 'getSecurityManager' '()Ljava/lang/SecurityManager;' in 'java/lang/System')}
  0x00000253c33979f4: 48ba 0818 | 041b 5402 | 0000 8bb2 | cc00 0000 | 83c6 0289 | b2cc 0000 | 0081 e6fe | ff1f 0085 
  0x00000253c3397a14: f60f 8483 

  0x00000253c3397a18: ;   {metadata(method data for {method} {0x00000253da01ac70} 'getSecurityManager' '()Ljava/lang/SecurityManager;' in 'java/lang/System')}
  0x00000253c3397a18: 0a00 0048 | ba08 1804 | 1b54 0200 | 0048 8382 | 1801 0000 

  0x00000253c3397a2c: ;   {metadata(method data for {method} {0x00000253da01ad88} 'allowSecurityManager' '()Z' in 'java/lang/System')}
  0x00000253c3397a2c: 0148 ba88 | 1904 1b54 | 0200 008b | b2cc 0000 | 0083 c602 | 89b2 cc00 | 0000 81e6 | feff 1f00 
  0x00000253c3397a4c: 85f6 0f84 | 6b0a 0000 

  0x00000253c3397a54: ;   {metadata(method data for {method} {0x00000253da01ad88} 'allowSecurityManager' '()Z' in 'java/lang/System')}
  0x00000253c3397a54: 48ba 8819 | 041b 5402 | 0000 ff82 | 1801 0000 

  0x00000253c3397a64: ;   {metadata(method data for {method} {0x00000253da01ac70} 'getSecurityManager' '()Ljava/lang/SecurityManager;' in 'java/lang/System')}
  0x00000253c3397a64: 48ba 0818 | 041b 5402 | 0000 ff82 | 2801 0000 

  0x00000253c3397a74: ;   {metadata(method data for {method} {0x00000253da0e16c8} 'exit' '(I)V' in 'java/lang/Runtime')}
  0x00000253c3397a74: 48ba 8843 | 2e1c 5402 | 0000 ff82 | 2801 0000 

  0x00000253c3397a84: ;   {metadata(method data for {method} {0x00000253da0e16c8} 'exit' '(I)V' in 'java/lang/Runtime')}
  0x00000253c3397a84: 48bf 8843 | 2e1c 5402 | 0000 4883 | 8778 0100 | 0001 ba00 | 0000 000f 

  0x00000253c3397a9c: ;   {static_call}
  0x00000253c3397a9c: 1f40 00e8 

  0x00000253c3397aa0: ; ImmutableOopMap {[176]=Oop [432]=Oop }
                      ;*invokestatic exit {reexecute=0 rethrow=0 return_oop=0}
                      ; - java.lang.Runtime::exit@14 (line 188)
                      ; - java.lang.System::exit@4 (line 1925)
                      ; - com.csproject.jMEMain::simpleUpdate@467 (line 104)
  0x00000253c3397aa0: 5a0b 0000 

  0x00000253c3397aa4: ;   {other}
  0x00000253c3397aa4: 0f1f 8400 | 1440 002c | 4881 c4f0 | 0100 005d 

  0x00000253c3397ab4: ;   {poll_return}
  0x00000253c3397ab4: 493b a758 | 0400 000f | 871f 0a00 

  0x00000253c3397ac0: ;   {metadata({method} {0x000002541b4018b0} 'simpleUpdate' '(F)V' in 'com/csproject/jMEMain')}
  0x00000253c3397ac0: 00c3 49ba | a818 401b | 5402 0000 | 4c89 5424 | 0848 c704 | 24ff ffff 

  0x00000253c3397ad8: ;   {runtime_call counter_overflow Runtime1 stub}
  0x00000253c3397ad8: ffe8 223a 

  0x00000253c3397adc: ; ImmutableOopMap {rdx=Oop [176]=Oop }
                      ;*synchronization entry
                      ; - com.csproject.jMEMain::simpleUpdate@-1 (line 58)
  0x00000253c3397adc: db06 e954 

  0x00000253c3397ae0: ;   {runtime_call throw_null_pointer_exception Runtime1 stub}
  0x00000253c3397ae0: c7ff ffe8 

  0x00000253c3397ae4: ; ImmutableOopMap {rdx=Oop rsi=Oop [176]=Oop }
                      ;*invokevirtual getPlayer_rigid {reexecute=0 rethrow=0 return_oop=0}
                      ; - com.csproject.jMEMain::simpleUpdate@4 (line 58)
  0x00000253c3397ae4: b8d1 da06 

  0x00000253c3397ae8: ;   {runtime_call throw_null_pointer_exception Runtime1 stub}
  0x00000253c3397ae8: e8b3 d1da 

  0x00000253c3397aec: ; ImmutableOopMap {rdx=Oop rsi=Oop rdi=Oop [176]=Oop }
                      ;*aaload {reexecute=0 rethrow=0 return_oop=0}
                      ; - com.csproject.jMEMain::simpleUpdate@8 (line 58)
                      ;   {runtime_call throw_null_pointer_exception Runtime1 stub}
  0x00000253c3397aec: 06e8 aed1 

  0x00000253c3397af0: ; ImmutableOopMap {rdx=Oop rsi=Oop rdi=Oop [176]=Oop }
                      ;*aaload {reexecute=0 rethrow=0 return_oop=0}
                      ; - com.csproject.jMEMain::simpleUpdate@8 (line 58)
  0x00000253c3397af0: da06 48c7 | 0424 0100 | 0000 4889 

  0x00000253c3397afc: ;   {runtime_call throw_range_check_failed Runtime1 stub}
  0x00000253c3397afc: 7c24 08e8 

  0x00000253c3397b00: ; ImmutableOopMap {rdx=Oop rsi=Oop rdi=Oop [176]=Oop }
                      ;*aaload {reexecute=0 rethrow=0 return_oop=0}
                      ; - com.csproject.jMEMain::simpleUpdate@8 (line 58)
  0x00000253c3397b00: 9cc2 da06 

  0x00000253c3397b04: ;   {runtime_call throw_null_pointer_exception Runtime1 stub}
  0x00000253c3397b04: e897 d1da 

  0x00000253c3397b08: ; ImmutableOopMap {rdx=Oop rbx=Oop r8=Oop [152]=Oop [168]=Oop [176]=Oop }
                      ;*invokevirtual getPhysicsLocation {reexecute=0 rethrow=0 return_oop=0}
                      ; - com.csproject.jMEMain::simpleUpdate@16 (line 59)
                      ;   {metadata({method} {0x000002541c442de0} 'getPhysicsLocation' '()Lcom/jme3/math/Vector3f;' in 'com/jme3/bullet/objects/PhysicsCharacter')}
  0x00000253c3397b08: 0649 bad8 | 2d44 1c54 | 0200 004c | 8954 2408 | 48c7 0424 | ffff ffff 

  0x00000253c3397b20: ;   {runtime_call counter_overflow Runtime1 stub}
  0x00000253c3397b20: e8db 39db 

  0x00000253c3397b24: ; ImmutableOopMap {rdx=Oop rbx=Oop r8=Oop [152]=Oop [168]=Oop [176]=Oop }
                      ;*synchronization entry
                      ; - com.jme3.bullet.objects.PhysicsCharacter::getPhysicsLocation@-1 (line 571)
                      ; - com.csproject.jMEMain::simpleUpdate@16 (line 59)
  0x00000253c3397b24: 06e9 2ec8 

  0x00000253c3397b28: ;   {metadata({method} {0x000002541c442c90} 'getPhysicsLocation' '(Lcom/jme3/math/Vector3f;)Lcom/jme3/math/Vector3f;' in 'com/jme3/bullet/objects/PhysicsCharacter')}
  0x00000253c3397b28: ffff 49ba | 882c 441c | 5402 0000 | 4c89 5424 | 0848 c704 | 24ff ffff 

  0x00000253c3397b40: ;   {runtime_call counter_overflow Runtime1 stub}
  0x00000253c3397b40: ffe8 ba39 

  0x00000253c3397b44: ; ImmutableOopMap {rdx=Oop rbx=Oop r8=Oop [152]=Oop [168]=Oop [176]=Oop }
                      ;*synchronization entry
                      ; - com.jme3.bullet.objects.PhysicsCharacter::getPhysicsLocation@-1 (line 556)
                      ; - com.jme3.bullet.objects.PhysicsCharacter::getPhysicsLocation@2 (line 571)
                      ; - com.csproject.jMEMain::simpleUpdate@16 (line 59)
  0x00000253c3397b44: db06 e9c7 | c8ff ff48 

  0x00000253c3397b4c: ;   {runtime_call fast_new_instance Runtime1 stub}
  0x00000253c3397b4c: 8bd2 e82d 

  0x00000253c3397b50: ; ImmutableOopMap {[152]=Oop [168]=Oop [176]=Oop }
                      ;*new {reexecute=0 rethrow=0 return_oop=0}
                      ; - com.jme3.bullet.objects.PhysicsCharacter::getPhysicsLocation@4 (line 557)
                      ; - com.jme3.bullet.objects.PhysicsCharacter::getPhysicsLocation@2 (line 571)
                      ; - com.csproject.jMEMain::simpleUpdate@16 (line 59)
  0x00000253c3397b50: e2da 06e9 | 1ac9 ffff 

  0x00000253c3397b58: ;   {runtime_call fast_new_instance Runtime1 stub}
  0x00000253c3397b58: 488b d2e8 

  0x00000253c3397b5c: ; ImmutableOopMap {rbx=Oop [168]=Oop [176]=Oop }
                      ;*new {reexecute=0 rethrow=0 return_oop=0}
                      ; - com.csproject.jMEMain::simpleUpdate@19 (line 59)
  0x00000253c3397b5c: 20e2 da06 | e9d7 c9ff 

  0x00000253c3397b64: ;   {metadata({method} {0x000002541b44caf8} '<init>' '(FFF)V' in 'com/jme3/math/Vector3f')}
  0x00000253c3397b64: ff49 baf0 | ca44 1b54 | 0200 004c | 8954 2408 | 48c7 0424 | ffff ffff 

  0x00000253c3397b7c: ;   {runtime_call counter_overflow Runtime1 stub}
  0x00000253c3397b7c: e87f 39db 

  0x00000253c3397b80: ; ImmutableOopMap {rbx=Oop rax=Oop [168]=Oop [176]=Oop }
                      ;*synchronization entry
                      ; - com.jme3.math.Vector3f::<init>@-1 (line 109)
                      ; - com.csproject.jMEMain::simpleUpdate@27 (line 59)
  0x00000253c3397b80: 06e9 f4c9 

  0x00000253c3397b84: ;   {metadata({method} {0x00000253da439b60} '<init>' '()V' in 'java/lang/Object')}
  0x00000253c3397b84: ffff 49ba | 589b 43da | 5302 0000 | 4c89 5424 | 0848 c704 | 24ff ffff 

  0x00000253c3397b9c: ;   {runtime_call counter_overflow Runtime1 stub}
  0x00000253c3397b9c: ffe8 5e39 

  0x00000253c3397ba0: ; ImmutableOopMap {rbx=Oop rax=Oop [168]=Oop [176]=Oop }
                      ;*synchronization entry
                      ; - java.lang.Object::<init>@-1 (line 45)
                      ; - com.jme3.math.Vector3f::<init>@1 (line 109)
                      ; - com.csproject.jMEMain::simpleUpdate@27 (line 59)
  0x00000253c3397ba0: db06 e911 

  0x00000253c3397ba4: ;   {runtime_call throw_null_pointer_exception Runtime1 stub}
  0x00000253c3397ba4: caff ffe8 

  0x00000253c3397ba8: ; ImmutableOopMap {rax=Oop rbx=Oop [168]=Oop [176]=Oop }
                      ;*invokevirtual setPhysicsLocation {reexecute=0 rethrow=0 return_oop=0}
                      ; - com.csproject.jMEMain::simpleUpdate@33 (line 58)
  0x00000253c3397ba8: f4d0 da06 

  0x00000253c3397bac: ;   {metadata({method} {0x000002541c20b448} 'setPhysicsLocation' '(Lcom/jme3/math/Vector3f;)V' in 'com/jme3/bullet/objects/PhysicsRigidBody')}
  0x00000253c3397bac: 49ba 40b4 | 201c 5402 | 0000 4c89 | 5424 0848 | c704 24ff 

  0x00000253c3397bc0: ;   {runtime_call counter_overflow Runtime1 stub}
  0x00000253c3397bc0: ffff ffe8 

  0x00000253c3397bc4: ; ImmutableOopMap {rax=Oop rbx=Oop [168]=Oop [176]=Oop }
                      ;*synchronization entry
                      ; - com.jme3.bullet.objects.PhysicsRigidBody::setPhysicsLocation@-1 (line 181)
                      ; - com.csproject.jMEMain::simpleUpdate@33 (line 58)
  0x00000253c3397bc4: 3839 db06 | e9ea caff 

  0x00000253c3397bcc: ;   {runtime_call throw_null_pointer_exception Runtime1 stub}
  0x00000253c3397bcc: ffe8 ced0 

  0x00000253c3397bd0: ; ImmutableOopMap {rdx=Oop rsi=Oop [176]=Oop }
                      ;*invokevirtual getPlayer_rigid {reexecute=0 rethrow=0 return_oop=0}
                      ; - com.csproject.jMEMain::simpleUpdate@40 (line 61)
                      ;   {runtime_call throw_null_pointer_exception Runtime1 stub}
  0x00000253c3397bd0: da06 e8c9 

  0x00000253c3397bd4: ; ImmutableOopMap {rdx=Oop rsi=Oop rdi=Oop [176]=Oop }
                      ;*aaload {reexecute=0 rethrow=0 return_oop=0}
                      ; - com.csproject.jMEMain::simpleUpdate@44 (line 61)
                      ;   {runtime_call throw_null_pointer_exception Runtime1 stub}
  0x00000253c3397bd4: d0da 06e8 

  0x00000253c3397bd8: ; ImmutableOopMap {rdx=Oop rsi=Oop rdi=Oop [176]=Oop }
                      ;*aaload {reexecute=0 rethrow=0 return_oop=0}
                      ; - com.csproject.jMEMain::simpleUpdate@44 (line 61)
  0x00000253c3397bd8: c4d0 da06 | 48c7 0424 | 0200 0000 | 4889 7c24 

  0x00000253c3397be8: ;   {runtime_call throw_range_check_failed Runtime1 stub}
  0x00000253c3397be8: 08e8 b2c1 

  0x00000253c3397bec: ; ImmutableOopMap {rdx=Oop rsi=Oop rdi=Oop [176]=Oop }
                      ;*aaload {reexecute=0 rethrow=0 return_oop=0}
                      ; - com.csproject.jMEMain::simpleUpdate@44 (line 61)
                      ;   {runtime_call throw_null_pointer_exception Runtime1 stub}
  0x00000253c3397bec: da06 e8ad 

  0x00000253c3397bf0: ; ImmutableOopMap {rdx=Oop rbx=Oop r8=Oop [176]=Oop [192]=Oop [208]=Oop }
                      ;*invokevirtual getPhysicsLocation {reexecute=0 rethrow=0 return_oop=0}
                      ; - com.csproject.jMEMain::simpleUpdate@52 (line 62)
                      ;   {metadata({method} {0x000002541c442de0} 'getPhysicsLocation' '()Lcom/jme3/math/Vector3f;' in 'com/jme3/bullet/objects/PhysicsCharacter')}
  0x00000253c3397bf0: d0da 0649 | bad8 2d44 | 1c54 0200 | 004c 8954 | 2408 48c7 | 0424 ffff 

  0x00000253c3397c08: ;   {runtime_call counter_overflow Runtime1 stub}
  0x00000253c3397c08: ffff e8f1 

  0x00000253c3397c0c: ; ImmutableOopMap {rdx=Oop rbx=Oop r8=Oop [176]=Oop [192]=Oop [208]=Oop }
                      ;*synchronization entry
                      ; - com.jme3.bullet.objects.PhysicsCharacter::getPhysicsLocation@-1 (line 571)
                      ; - com.csproject.jMEMain::simpleUpdate@52 (line 62)
  0x00000253c3397c0c: 38db 06e9 | 01cc ffff 

  0x00000253c3397c14: ;   {metadata({method} {0x000002541c442c90} 'getPhysicsLocation' '(Lcom/jme3/math/Vector3f;)Lcom/jme3/math/Vector3f;' in 'com/jme3/bullet/objects/PhysicsCharacter')}
  0x00000253c3397c14: 49ba 882c | 441c 5402 | 0000 4c89 | 5424 0848 | c704 24ff 

  0x00000253c3397c28: ;   {runtime_call counter_overflow Runtime1 stub}
  0x00000253c3397c28: ffff ffe8 

  0x00000253c3397c2c: ; ImmutableOopMap {rdx=Oop rbx=Oop r8=Oop [176]=Oop [192]=Oop [208]=Oop }
                      ;*synchronization entry
                      ; - com.jme3.bullet.objects.PhysicsCharacter::getPhysicsLocation@-1 (line 556)
                      ; - com.jme3.bullet.objects.PhysicsCharacter::getPhysicsLocation@2 (line 571)
                      ; - com.csproject.jMEMain::simpleUpdate@52 (line 62)
  0x00000253c3397c2c: d038 db06 | e99a ccff | ff48 8bd2 

  0x00000253c3397c38: ;   {runtime_call fast_new_instance Runtime1 stub}
  0x00000253c3397c38: e843 e1da 

  0x00000253c3397c3c: ; ImmutableOopMap {[176]=Oop [192]=Oop [208]=Oop }
                      ;*new {reexecute=0 rethrow=0 return_oop=0}
                      ; - com.jme3.bullet.objects.PhysicsCharacter::getPhysicsLocation@4 (line 557)
                      ; - com.jme3.bullet.objects.PhysicsCharacter::getPhysicsLocation@2 (line 571)
                      ; - com.csproject.jMEMain::simpleUpdate@52 (line 62)
  0x00000253c3397c3c: 06e9 edcc | ffff 488b 

  0x00000253c3397c44: ;   {runtime_call fast_new_instance Runtime1 stub}
  0x00000253c3397c44: d2e8 36e1 

  0x00000253c3397c48: ; ImmutableOopMap {rbx=Oop [176]=Oop [208]=Oop }
                      ;*new {reexecute=0 rethrow=0 return_oop=0}
                      ; - com.csproject.jMEMain::simpleUpdate@55 (line 62)
  0x00000253c3397c48: da06 e9a5 

  0x00000253c3397c4c: ;   {metadata({method} {0x000002541b44caf8} '<init>' '(FFF)V' in 'com/jme3/math/Vector3f')}
  0x00000253c3397c4c: cdff ff49 | baf0 ca44 | 1b54 0200 | 004c 8954 | 2408 48c7 | 0424 ffff 

  0x00000253c3397c64: ;   {runtime_call counter_overflow Runtime1 stub}
  0x00000253c3397c64: ffff e895 

  0x00000253c3397c68: ; ImmutableOopMap {rbx=Oop rax=Oop [176]=Oop [208]=Oop }
                      ;*synchronization entry
                      ; - com.jme3.math.Vector3f::<init>@-1 (line 109)
                      ; - com.csproject.jMEMain::simpleUpdate@63 (line 62)
  0x00000253c3397c68: 38db 06e9 | c2cd ffff 

  0x00000253c3397c70: ;   {metadata({method} {0x00000253da439b60} '<init>' '()V' in 'java/lang/Object')}
  0x00000253c3397c70: 49ba 589b | 43da 5302 | 0000 4c89 | 5424 0848 | c704 24ff 

  0x00000253c3397c84: ;   {runtime_call counter_overflow Runtime1 stub}
  0x00000253c3397c84: ffff ffe8 

  0x00000253c3397c88: ; ImmutableOopMap {rbx=Oop rax=Oop [176]=Oop [208]=Oop }
                      ;*synchronization entry
                      ; - java.lang.Object::<init>@-1 (line 45)
                      ; - com.jme3.math.Vector3f::<init>@1 (line 109)
                      ; - com.csproject.jMEMain::simpleUpdate@63 (line 62)
  0x00000253c3397c88: 7438 db06 | e9df cdff 

  0x00000253c3397c90: ;   {runtime_call throw_null_pointer_exception Runtime1 stub}
  0x00000253c3397c90: ffe8 0ad0 

  0x00000253c3397c94: ; ImmutableOopMap {rax=Oop rbx=Oop [176]=Oop [208]=Oop }
                      ;*invokevirtual setPhysicsLocation {reexecute=0 rethrow=0 return_oop=0}
                      ; - com.csproject.jMEMain::simpleUpdate@69 (line 61)
                      ;   {metadata({method} {0x000002541c20b448} 'setPhysicsLocation' '(Lcom/jme3/math/Vector3f;)V' in 'com/jme3/bullet/objects/PhysicsRigidBody')}
  0x00000253c3397c94: da06 49ba | 40b4 201c | 5402 0000 | 4c89 5424 | 0848 c704 | 24ff ffff 

  0x00000253c3397cac: ;   {runtime_call counter_overflow Runtime1 stub}
  0x00000253c3397cac: ffe8 4e38 

  0x00000253c3397cb0: ; ImmutableOopMap {rax=Oop rbx=Oop [176]=Oop [208]=Oop }
                      ;*synchronization entry
                      ; - com.jme3.bullet.objects.PhysicsRigidBody::setPhysicsLocation@-1 (line 181)
                      ; - com.csproject.jMEMain::simpleUpdate@69 (line 61)
  0x00000253c3397cb0: db06 e9b8 

  0x00000253c3397cb4: ;   {runtime_call throw_null_pointer_exception Runtime1 stub}
  0x00000253c3397cb4: ceff ffe8 

  0x00000253c3397cb8: ; ImmutableOopMap {rdx=Oop rsi=Oop [176]=Oop }
                      ;*invokevirtual getPlayer_rigid {reexecute=0 rethrow=0 return_oop=0}
                      ; - com.csproject.jMEMain::simpleUpdate@76 (line 64)
  0x00000253c3397cb8: e4cf da06 

  0x00000253c3397cbc: ;   {runtime_call throw_null_pointer_exception Runtime1 stub}
  0x00000253c3397cbc: e8df cfda 

  0x00000253c3397cc0: ; ImmutableOopMap {rdx=Oop rsi=Oop rdi=Oop [176]=Oop }
                      ;*aaload {reexecute=0 rethrow=0 return_oop=0}
                      ; - com.csproject.jMEMain::simpleUpdate@80 (line 64)
                      ;   {runtime_call throw_null_pointer_exception Runtime1 stub}
  0x00000253c3397cc0: 06e8 dacf 

  0x00000253c3397cc4: ; ImmutableOopMap {rdx=Oop rsi=Oop rdi=Oop [176]=Oop }
                      ;*aaload {reexecute=0 rethrow=0 return_oop=0}
                      ; - com.csproject.jMEMain::simpleUpdate@80 (line 64)
  0x00000253c3397cc4: da06 48c7 | 0424 0300 | 0000 4889 

  0x00000253c3397cd0: ;   {runtime_call throw_range_check_failed Runtime1 stub}
  0x00000253c3397cd0: 7c24 08e8 

  0x00000253c3397cd4: ; ImmutableOopMap {rdx=Oop rsi=Oop rdi=Oop [176]=Oop }
                      ;*aaload {reexecute=0 rethrow=0 return_oop=0}
                      ; - com.csproject.jMEMain::simpleUpdate@80 (line 64)
  0x00000253c3397cd4: c8c0 da06 

  0x00000253c3397cd8: ;   {runtime_call throw_null_pointer_exception Runtime1 stub}
  0x00000253c3397cd8: e8c3 cfda 

  0x00000253c3397cdc: ; ImmutableOopMap {rdx=Oop rbx=Oop r8=Oop [176]=Oop [224]=Oop [240]=Oop }
                      ;*invokevirtual getPhysicsLocation {reexecute=0 rethrow=0 return_oop=0}
                      ; - com.csproject.jMEMain::simpleUpdate@88 (line 65)
                      ;   {metadata({method} {0x000002541c442de0} 'getPhysicsLocation' '()Lcom/jme3/math/Vector3f;' in 'com/jme3/bullet/objects/PhysicsCharacter')}
  0x00000253c3397cdc: 0649 bad8 | 2d44 1c54 | 0200 004c | 8954 2408 | 48c7 0424 | ffff ffff 

  0x00000253c3397cf4: ;   {runtime_call counter_overflow Runtime1 stub}
  0x00000253c3397cf4: e807 38db 

  0x00000253c3397cf8: ; ImmutableOopMap {rdx=Oop rbx=Oop r8=Oop [176]=Oop [224]=Oop [240]=Oop }
                      ;*synchronization entry
                      ; - com.jme3.bullet.objects.PhysicsCharacter::getPhysicsLocation@-1 (line 571)
                      ; - com.csproject.jMEMain::simpleUpdate@88 (line 65)
  0x00000253c3397cf8: 06e9 cfcf 

  0x00000253c3397cfc: ;   {metadata({method} {0x000002541c442c90} 'getPhysicsLocation' '(Lcom/jme3/math/Vector3f;)Lcom/jme3/math/Vector3f;' in 'com/jme3/bullet/objects/PhysicsCharacter')}
  0x00000253c3397cfc: ffff 49ba | 882c 441c | 5402 0000 | 4c89 5424 | 0848 c704 | 24ff ffff 

  0x00000253c3397d14: ;   {runtime_call counter_overflow Runtime1 stub}
  0x00000253c3397d14: ffe8 e637 

  0x00000253c3397d18: ; ImmutableOopMap {rdx=Oop rbx=Oop r8=Oop [176]=Oop [224]=Oop [240]=Oop }
                      ;*synchronization entry
                      ; - com.jme3.bullet.objects.PhysicsCharacter::getPhysicsLocation@-1 (line 556)
                      ; - com.jme3.bullet.objects.PhysicsCharacter::getPhysicsLocation@2 (line 571)
                      ; - com.csproject.jMEMain::simpleUpdate@88 (line 65)
  0x00000253c3397d18: db06 e968 | d0ff ff48 

  0x00000253c3397d20: ;   {runtime_call fast_new_instance Runtime1 stub}
  0x00000253c3397d20: 8bd2 e859 

  0x00000253c3397d24: ; ImmutableOopMap {[176]=Oop [224]=Oop [240]=Oop }
                      ;*new {reexecute=0 rethrow=0 return_oop=0}
                      ; - com.jme3.bullet.objects.PhysicsCharacter::getPhysicsLocation@4 (line 557)
                      ; - com.jme3.bullet.objects.PhysicsCharacter::getPhysicsLocation@2 (line 571)
                      ; - com.csproject.jMEMain::simpleUpdate@88 (line 65)
  0x00000253c3397d24: e0da 06e9 | bbd0 ffff 

  0x00000253c3397d2c: ;   {runtime_call fast_new_instance Runtime1 stub}
  0x00000253c3397d2c: 488b d2e8 

  0x00000253c3397d30: ; ImmutableOopMap {rbx=Oop [176]=Oop [240]=Oop }
                      ;*new {reexecute=0 rethrow=0 return_oop=0}
                      ; - com.csproject.jMEMain::simpleUpdate@91 (line 65)
  0x00000253c3397d30: 4ce0 da06 | e973 d1ff 

  0x00000253c3397d38: ;   {metadata({method} {0x000002541b44caf8} '<init>' '(FFF)V' in 'com/jme3/math/Vector3f')}
  0x00000253c3397d38: ff49 baf0 | ca44 1b54 | 0200 004c | 8954 2408 | 48c7 0424 | ffff ffff 

  0x00000253c3397d50: ;   {runtime_call counter_overflow Runtime1 stub}
  0x00000253c3397d50: e8ab 37db 

  0x00000253c3397d54: ; ImmutableOopMap {rbx=Oop rax=Oop [176]=Oop [240]=Oop }
                      ;*synchronization entry
                      ; - com.jme3.math.Vector3f::<init>@-1 (line 109)
                      ; - com.csproject.jMEMain::simpleUpdate@99 (line 65)
  0x00000253c3397d54: 06e9 90d1 

  0x00000253c3397d58: ;   {metadata({method} {0x00000253da439b60} '<init>' '()V' in 'java/lang/Object')}
  0x00000253c3397d58: ffff 49ba | 589b 43da | 5302 0000 | 4c89 5424 | 0848 c704 | 24ff ffff 

  0x00000253c3397d70: ;   {runtime_call counter_overflow Runtime1 stub}
  0x00000253c3397d70: ffe8 8a37 

  0x00000253c3397d74: ; ImmutableOopMap {rbx=Oop rax=Oop [176]=Oop [240]=Oop }
                      ;*synchronization entry
                      ; - java.lang.Object::<init>@-1 (line 45)
                      ; - com.jme3.math.Vector3f::<init>@1 (line 109)
                      ; - com.csproject.jMEMain::simpleUpdate@99 (line 65)
  0x00000253c3397d74: db06 e9ad 

  0x00000253c3397d78: ;   {runtime_call throw_null_pointer_exception Runtime1 stub}
  0x00000253c3397d78: d1ff ffe8 

  0x00000253c3397d7c: ; ImmutableOopMap {rax=Oop rbx=Oop [176]=Oop [240]=Oop }
                      ;*invokevirtual setPhysicsLocation {reexecute=0 rethrow=0 return_oop=0}
                      ; - com.csproject.jMEMain::simpleUpdate@105 (line 64)
  0x00000253c3397d7c: 20cf da06 

  0x00000253c3397d80: ;   {metadata({method} {0x000002541c20b448} 'setPhysicsLocation' '(Lcom/jme3/math/Vector3f;)V' in 'com/jme3/bullet/objects/PhysicsRigidBody')}
  0x00000253c3397d80: 49ba 40b4 | 201c 5402 | 0000 4c89 | 5424 0848 | c704 24ff 

  0x00000253c3397d94: ;   {runtime_call counter_overflow Runtime1 stub}
  0x00000253c3397d94: ffff ffe8 

  0x00000253c3397d98: ; ImmutableOopMap {rax=Oop rbx=Oop [176]=Oop [240]=Oop }
                      ;*synchronization entry
                      ; - com.jme3.bullet.objects.PhysicsRigidBody::setPhysicsLocation@-1 (line 181)
                      ; - com.csproject.jMEMain::simpleUpdate@105 (line 64)
  0x00000253c3397d98: 6437 db06 | e986 d2ff 

  0x00000253c3397da0: ;   {runtime_call throw_null_pointer_exception Runtime1 stub}
  0x00000253c3397da0: ffe8 face 

  0x00000253c3397da4: ; ImmutableOopMap {rdx=Oop rsi=Oop [176]=Oop }
                      ;*invokevirtual getPlayer_rigid {reexecute=0 rethrow=0 return_oop=0}
                      ; - com.csproject.jMEMain::simpleUpdate@112 (line 67)
                      ;   {runtime_call throw_null_pointer_exception Runtime1 stub}
  0x00000253c3397da4: da06 e8f5 

  0x00000253c3397da8: ; ImmutableOopMap {rdx=Oop rsi=Oop rdi=Oop [176]=Oop }
                      ;*aaload {reexecute=0 rethrow=0 return_oop=0}
                      ; - com.csproject.jMEMain::simpleUpdate@116 (line 67)
                      ;   {runtime_call throw_null_pointer_exception Runtime1 stub}
  0x00000253c3397da8: ceda 06e8 

  0x00000253c3397dac: ; ImmutableOopMap {rdx=Oop rsi=Oop rdi=Oop [176]=Oop }
                      ;*aaload {reexecute=0 rethrow=0 return_oop=0}
                      ; - com.csproject.jMEMain::simpleUpdate@116 (line 67)
  0x00000253c3397dac: f0ce da06 | 48c7 0424 | 0400 0000 | 4889 7c24 

  0x00000253c3397dbc: ;   {runtime_call throw_range_check_failed Runtime1 stub}
  0x00000253c3397dbc: 08e8 debf 

  0x00000253c3397dc0: ; ImmutableOopMap {rdx=Oop rsi=Oop rdi=Oop [176]=Oop }
                      ;*aaload {reexecute=0 rethrow=0 return_oop=0}
                      ; - com.csproject.jMEMain::simpleUpdate@116 (line 67)
                      ;   {runtime_call throw_null_pointer_exception Runtime1 stub}
  0x00000253c3397dc0: da06 e8d9 

  0x00000253c3397dc4: ; ImmutableOopMap {rdx=Oop rbx=Oop r8=Oop [176]=Oop [256]=Oop [272]=Oop }
                      ;*invokevirtual getPhysicsLocation {reexecute=0 rethrow=0 return_oop=0}
                      ; - com.csproject.jMEMain::simpleUpdate@124 (line 68)
                      ;   {metadata({method} {0x000002541c442de0} 'getPhysicsLocation' '()Lcom/jme3/math/Vector3f;' in 'com/jme3/bullet/objects/PhysicsCharacter')}
  0x00000253c3397dc4: ceda 0649 | bad8 2d44 | 1c54 0200 | 004c 8954 | 2408 48c7 | 0424 ffff 

  0x00000253c3397ddc: ;   {runtime_call counter_overflow Runtime1 stub}
  0x00000253c3397ddc: ffff e81d 

  0x00000253c3397de0: ; ImmutableOopMap {rdx=Oop rbx=Oop r8=Oop [176]=Oop [256]=Oop [272]=Oop }
                      ;*synchronization entry
                      ; - com.jme3.bullet.objects.PhysicsCharacter::getPhysicsLocation@-1 (line 571)
                      ; - com.csproject.jMEMain::simpleUpdate@124 (line 68)
  0x00000253c3397de0: 37db 06e9 | 9dd3 ffff 

  0x00000253c3397de8: ;   {metadata({method} {0x000002541c442c90} 'getPhysicsLocation' '(Lcom/jme3/math/Vector3f;)Lcom/jme3/math/Vector3f;' in 'com/jme3/bullet/objects/PhysicsCharacter')}
  0x00000253c3397de8: 49ba 882c | 441c 5402 | 0000 4c89 | 5424 0848 | c704 24ff 

  0x00000253c3397dfc: ;   {runtime_call counter_overflow Runtime1 stub}
  0x00000253c3397dfc: ffff ffe8 

  0x00000253c3397e00: ; ImmutableOopMap {rdx=Oop rbx=Oop r8=Oop [176]=Oop [256]=Oop [272]=Oop }
                      ;*synchronization entry
                      ; - com.jme3.bullet.objects.PhysicsCharacter::getPhysicsLocation@-1 (line 556)
                      ; - com.jme3.bullet.objects.PhysicsCharacter::getPhysicsLocation@2 (line 571)
                      ; - com.csproject.jMEMain::simpleUpdate@124 (line 68)
  0x00000253c3397e00: fc36 db06 | e936 d4ff | ff48 8bd2 

  0x00000253c3397e0c: ;   {runtime_call fast_new_instance Runtime1 stub}
  0x00000253c3397e0c: e86f dfda 

  0x00000253c3397e10: ; ImmutableOopMap {[176]=Oop [256]=Oop [272]=Oop }
                      ;*new {reexecute=0 rethrow=0 return_oop=0}
                      ; - com.jme3.bullet.objects.PhysicsCharacter::getPhysicsLocation@4 (line 557)
                      ; - com.jme3.bullet.objects.PhysicsCharacter::getPhysicsLocation@2 (line 571)
                      ; - com.csproject.jMEMain::simpleUpdate@124 (line 68)
  0x00000253c3397e10: 06e9 89d4 | ffff 488b 

  0x00000253c3397e18: ;   {runtime_call fast_new_instance Runtime1 stub}
  0x00000253c3397e18: d2e8 62df 

  0x00000253c3397e1c: ; ImmutableOopMap {rbx=Oop [176]=Oop [272]=Oop }
                      ;*new {reexecute=0 rethrow=0 return_oop=0}
                      ; - com.csproject.jMEMain::simpleUpdate@127 (line 68)
  0x00000253c3397e1c: da06 e941 

  0x00000253c3397e20: ;   {metadata({method} {0x000002541b44caf8} '<init>' '(FFF)V' in 'com/jme3/math/Vector3f')}
  0x00000253c3397e20: d5ff ff49 | baf0 ca44 | 1b54 0200 | 004c 8954 | 2408 48c7 | 0424 ffff 

  0x00000253c3397e38: ;   {runtime_call counter_overflow Runtime1 stub}
  0x00000253c3397e38: ffff e8c1 

  0x00000253c3397e3c: ; ImmutableOopMap {rbx=Oop rax=Oop [176]=Oop [272]=Oop }
                      ;*synchronization entry
                      ; - com.jme3.math.Vector3f::<init>@-1 (line 109)
                      ; - com.csproject.jMEMain::simpleUpdate@135 (line 68)
  0x00000253c3397e3c: 36db 06e9 | 5ed5 ffff 

  0x00000253c3397e44: ;   {metadata({method} {0x00000253da439b60} '<init>' '()V' in 'java/lang/Object')}
  0x00000253c3397e44: 49ba 589b | 43da 5302 | 0000 4c89 | 5424 0848 | c704 24ff 

  0x00000253c3397e58: ;   {runtime_call counter_overflow Runtime1 stub}
  0x00000253c3397e58: ffff ffe8 

  0x00000253c3397e5c: ; ImmutableOopMap {rbx=Oop rax=Oop [176]=Oop [272]=Oop }
                      ;*synchronization entry
                      ; - java.lang.Object::<init>@-1 (line 45)
                      ; - com.jme3.math.Vector3f::<init>@1 (line 109)
                      ; - com.csproject.jMEMain::simpleUpdate@135 (line 68)
  0x00000253c3397e5c: a036 db06 | e97b d5ff 

  0x00000253c3397e64: ;   {runtime_call throw_null_pointer_exception Runtime1 stub}
  0x00000253c3397e64: ffe8 36ce 

  0x00000253c3397e68: ; ImmutableOopMap {rax=Oop rbx=Oop [176]=Oop [272]=Oop }
                      ;*invokevirtual setPhysicsLocation {reexecute=0 rethrow=0 return_oop=0}
                      ; - com.csproject.jMEMain::simpleUpdate@141 (line 67)
                      ;   {metadata({method} {0x000002541c20b448} 'setPhysicsLocation' '(Lcom/jme3/math/Vector3f;)V' in 'com/jme3/bullet/objects/PhysicsRigidBody')}
  0x00000253c3397e68: da06 49ba | 40b4 201c | 5402 0000 | 4c89 5424 | 0848 c704 | 24ff ffff 

  0x00000253c3397e80: ;   {runtime_call counter_overflow Runtime1 stub}
  0x00000253c3397e80: ffe8 7a36 

  0x00000253c3397e84: ; ImmutableOopMap {rax=Oop rbx=Oop [176]=Oop [272]=Oop }
                      ;*synchronization entry
                      ; - com.jme3.bullet.objects.PhysicsRigidBody::setPhysicsLocation@-1 (line 181)
                      ; - com.csproject.jMEMain::simpleUpdate@141 (line 67)
  0x00000253c3397e84: db06 e954 

  0x00000253c3397e88: ;   {runtime_call throw_null_pointer_exception Runtime1 stub}
  0x00000253c3397e88: d6ff ffe8 

  0x00000253c3397e8c: ; ImmutableOopMap {rdx=Oop rsi=Oop [176]=Oop }
                      ;*invokevirtual getPlayer_rigid {reexecute=0 rethrow=0 return_oop=0}
                      ; - com.csproject.jMEMain::simpleUpdate@148 (line 70)
  0x00000253c3397e8c: 10ce da06 

  0x00000253c3397e90: ;   {runtime_call throw_null_pointer_exception Runtime1 stub}
  0x00000253c3397e90: e80b ceda 

  0x00000253c3397e94: ; ImmutableOopMap {rdx=Oop rsi=Oop rdi=Oop [176]=Oop }
                      ;*aaload {reexecute=0 rethrow=0 return_oop=0}
                      ; - com.csproject.jMEMain::simpleUpdate@152 (line 70)
                      ;   {runtime_call throw_null_pointer_exception Runtime1 stub}
  0x00000253c3397e94: 06e8 06ce 

  0x00000253c3397e98: ; ImmutableOopMap {rdx=Oop rsi=Oop rdi=Oop [176]=Oop }
                      ;*aaload {reexecute=0 rethrow=0 return_oop=0}
                      ; - com.csproject.jMEMain::simpleUpdate@152 (line 70)
  0x00000253c3397e98: da06 48c7 | 0424 0500 | 0000 4889 

  0x00000253c3397ea4: ;   {runtime_call throw_range_check_failed Runtime1 stub}
  0x00000253c3397ea4: 7c24 08e8 

  0x00000253c3397ea8: ; ImmutableOopMap {rdx=Oop rsi=Oop rdi=Oop [176]=Oop }
                      ;*aaload {reexecute=0 rethrow=0 return_oop=0}
                      ; - com.csproject.jMEMain::simpleUpdate@152 (line 70)
  0x00000253c3397ea8: f4be da06 

  0x00000253c3397eac: ;   {runtime_call throw_null_pointer_exception Runtime1 stub}
  0x00000253c3397eac: e8ef cdda 

  0x00000253c3397eb0: ; ImmutableOopMap {rdx=Oop rbx=Oop r8=Oop [176]=Oop [288]=Oop [304]=Oop }
                      ;*invokevirtual getPhysicsLocation {reexecute=0 rethrow=0 return_oop=0}
                      ; - com.csproject.jMEMain::simpleUpdate@160 (line 71)
                      ;   {metadata({method} {0x000002541c442de0} 'getPhysicsLocation' '()Lcom/jme3/math/Vector3f;' in 'com/jme3/bullet/objects/PhysicsCharacter')}
  0x00000253c3397eb0: 0649 bad8 | 2d44 1c54 | 0200 004c | 8954 2408 | 48c7 0424 | ffff ffff 

  0x00000253c3397ec8: ;   {runtime_call counter_overflow Runtime1 stub}
  0x00000253c3397ec8: e833 36db 

  0x00000253c3397ecc: ; ImmutableOopMap {rdx=Oop rbx=Oop r8=Oop [176]=Oop [288]=Oop [304]=Oop }
                      ;*synchronization entry
                      ; - com.jme3.bullet.objects.PhysicsCharacter::getPhysicsLocation@-1 (line 571)
                      ; - com.csproject.jMEMain::simpleUpdate@160 (line 71)
  0x00000253c3397ecc: 06e9 6bd7 

  0x00000253c3397ed0: ;   {metadata({method} {0x000002541c442c90} 'getPhysicsLocation' '(Lcom/jme3/math/Vector3f;)Lcom/jme3/math/Vector3f;' in 'com/jme3/bullet/objects/PhysicsCharacter')}
  0x00000253c3397ed0: ffff 49ba | 882c 441c | 5402 0000 | 4c89 5424 | 0848 c704 | 24ff ffff 

  0x00000253c3397ee8: ;   {runtime_call counter_overflow Runtime1 stub}
  0x00000253c3397ee8: ffe8 1236 

  0x00000253c3397eec: ; ImmutableOopMap {rdx=Oop rbx=Oop r8=Oop [176]=Oop [288]=Oop [304]=Oop }
                      ;*synchronization entry
                      ; - com.jme3.bullet.objects.PhysicsCharacter::getPhysicsLocation@-1 (line 556)
                      ; - com.jme3.bullet.objects.PhysicsCharacter::getPhysicsLocation@2 (line 571)
                      ; - com.csproject.jMEMain::simpleUpdate@160 (line 71)
  0x00000253c3397eec: db06 e904 | d8ff ff48 

  0x00000253c3397ef4: ;   {runtime_call fast_new_instance Runtime1 stub}
  0x00000253c3397ef4: 8bd2 e885 

  0x00000253c3397ef8: ; ImmutableOopMap {[176]=Oop [288]=Oop [304]=Oop }
                      ;*new {reexecute=0 rethrow=0 return_oop=0}
                      ; - com.jme3.bullet.objects.PhysicsCharacter::getPhysicsLocation@4 (line 557)
                      ; - com.jme3.bullet.objects.PhysicsCharacter::getPhysicsLocation@2 (line 571)
                      ; - com.csproject.jMEMain::simpleUpdate@160 (line 71)
  0x00000253c3397ef8: deda 06e9 | 57d8 ffff 

  0x00000253c3397f00: ;   {runtime_call fast_new_instance Runtime1 stub}
  0x00000253c3397f00: 488b d2e8 

  0x00000253c3397f04: ; ImmutableOopMap {rbx=Oop [176]=Oop [304]=Oop }
                      ;*new {reexecute=0 rethrow=0 return_oop=0}
                      ; - com.csproject.jMEMain::simpleUpdate@163 (line 71)
  0x00000253c3397f04: 78de da06 | e90f d9ff 

  0x00000253c3397f0c: ;   {metadata({method} {0x000002541b44caf8} '<init>' '(FFF)V' in 'com/jme3/math/Vector3f')}
  0x00000253c3397f0c: ff49 baf0 | ca44 1b54 | 0200 004c | 8954 2408 | 48c7 0424 | ffff ffff 

  0x00000253c3397f24: ;   {runtime_call counter_overflow Runtime1 stub}
  0x00000253c3397f24: e8d7 35db 

  0x00000253c3397f28: ; ImmutableOopMap {rbx=Oop rax=Oop [176]=Oop [304]=Oop }
                      ;*synchronization entry
                      ; - com.jme3.math.Vector3f::<init>@-1 (line 109)
                      ; - com.csproject.jMEMain::simpleUpdate@172 (line 71)
  0x00000253c3397f28: 06e9 2cd9 

  0x00000253c3397f2c: ;   {metadata({method} {0x00000253da439b60} '<init>' '()V' in 'java/lang/Object')}
  0x00000253c3397f2c: ffff 49ba | 589b 43da | 5302 0000 | 4c89 5424 | 0848 c704 | 24ff ffff 

  0x00000253c3397f44: ;   {runtime_call counter_overflow Runtime1 stub}
  0x00000253c3397f44: ffe8 b635 

  0x00000253c3397f48: ; ImmutableOopMap {rbx=Oop rax=Oop [176]=Oop [304]=Oop }
                      ;*synchronization entry
                      ; - java.lang.Object::<init>@-1 (line 45)
                      ; - com.jme3.math.Vector3f::<init>@1 (line 109)
                      ; - com.csproject.jMEMain::simpleUpdate@172 (line 71)
  0x00000253c3397f48: db06 e949 

  0x00000253c3397f4c: ;   {runtime_call throw_null_pointer_exception Runtime1 stub}
  0x00000253c3397f4c: d9ff ffe8 

  0x00000253c3397f50: ; ImmutableOopMap {rax=Oop rbx=Oop [176]=Oop [304]=Oop }
                      ;*invokevirtual setPhysicsLocation {reexecute=0 rethrow=0 return_oop=0}
                      ; - com.csproject.jMEMain::simpleUpdate@178 (line 70)
  0x00000253c3397f50: 4ccd da06 

  0x00000253c3397f54: ;   {metadata({method} {0x000002541c20b448} 'setPhysicsLocation' '(Lcom/jme3/math/Vector3f;)V' in 'com/jme3/bullet/objects/PhysicsRigidBody')}
  0x00000253c3397f54: 49ba 40b4 | 201c 5402 | 0000 4c89 | 5424 0848 | c704 24ff 

  0x00000253c3397f68: ;   {runtime_call counter_overflow Runtime1 stub}
  0x00000253c3397f68: ffff ffe8 

  0x00000253c3397f6c: ; ImmutableOopMap {rax=Oop rbx=Oop [176]=Oop [304]=Oop }
                      ;*synchronization entry
                      ; - com.jme3.bullet.objects.PhysicsRigidBody::setPhysicsLocation@-1 (line 181)
                      ; - com.csproject.jMEMain::simpleUpdate@178 (line 70)
  0x00000253c3397f6c: 9035 db06 | e92a daff 

  0x00000253c3397f74: ;   {runtime_call throw_null_pointer_exception Runtime1 stub}
  0x00000253c3397f74: ffe8 26cd 

  0x00000253c3397f78: ; ImmutableOopMap {rdx=Oop rsi=Oop [176]=Oop }
                      ;*invokevirtual getPlayer_rigid {reexecute=0 rethrow=0 return_oop=0}
                      ; - com.csproject.jMEMain::simpleUpdate@185 (line 73)
                      ;   {runtime_call throw_null_pointer_exception Runtime1 stub}
  0x00000253c3397f78: da06 e821 

  0x00000253c3397f7c: ; ImmutableOopMap {rdx=Oop rsi=Oop rdi=Oop [176]=Oop }
                      ;*aaload {reexecute=0 rethrow=0 return_oop=0}
                      ; - com.csproject.jMEMain::simpleUpdate@190 (line 73)
                      ;   {runtime_call throw_null_pointer_exception Runtime1 stub}
  0x00000253c3397f7c: cdda 06e8 

  0x00000253c3397f80: ; ImmutableOopMap {rdx=Oop rsi=Oop rdi=Oop [176]=Oop }
                      ;*aaload {reexecute=0 rethrow=0 return_oop=0}
                      ; - com.csproject.jMEMain::simpleUpdate@190 (line 73)
  0x00000253c3397f80: 1ccd da06 | 48c7 0424 | 0600 0000 | 4889 7c24 

  0x00000253c3397f90: ;   {runtime_call throw_range_check_failed Runtime1 stub}
  0x00000253c3397f90: 08e8 0abe 

  0x00000253c3397f94: ; ImmutableOopMap {rdx=Oop rsi=Oop rdi=Oop [176]=Oop }
                      ;*aaload {reexecute=0 rethrow=0 return_oop=0}
                      ; - com.csproject.jMEMain::simpleUpdate@190 (line 73)
                      ;   {runtime_call throw_null_pointer_exception Runtime1 stub}
  0x00000253c3397f94: da06 e805 

  0x00000253c3397f98: ; ImmutableOopMap {rdx=Oop rbx=Oop r8=Oop [176]=Oop [320]=Oop [336]=Oop }
                      ;*invokevirtual getPhysicsLocation {reexecute=0 rethrow=0 return_oop=0}
                      ; - com.csproject.jMEMain::simpleUpdate@198 (line 74)
                      ;   {metadata({method} {0x000002541c442de0} 'getPhysicsLocation' '()Lcom/jme3/math/Vector3f;' in 'com/jme3/bullet/objects/PhysicsCharacter')}
  0x00000253c3397f98: cdda 0649 | bad8 2d44 | 1c54 0200 | 004c 8954 | 2408 48c7 | 0424 ffff 

  0x00000253c3397fb0: ;   {runtime_call counter_overflow Runtime1 stub}
  0x00000253c3397fb0: ffff e849 

  0x00000253c3397fb4: ; ImmutableOopMap {rdx=Oop rbx=Oop r8=Oop [176]=Oop [320]=Oop [336]=Oop }
                      ;*synchronization entry
                      ; - com.jme3.bullet.objects.PhysicsCharacter::getPhysicsLocation@-1 (line 571)
                      ; - com.csproject.jMEMain::simpleUpdate@198 (line 74)
  0x00000253c3397fb4: 35db 06e9 | 41db ffff 

  0x00000253c3397fbc: ;   {metadata({method} {0x000002541c442c90} 'getPhysicsLocation' '(Lcom/jme3/math/Vector3f;)Lcom/jme3/math/Vector3f;' in 'com/jme3/bullet/objects/PhysicsCharacter')}
  0x00000253c3397fbc: 49ba 882c | 441c 5402 | 0000 4c89 | 5424 0848 | c704 24ff 

  0x00000253c3397fd0: ;   {runtime_call counter_overflow Runtime1 stub}
  0x00000253c3397fd0: ffff ffe8 

  0x00000253c3397fd4: ; ImmutableOopMap {rdx=Oop rbx=Oop r8=Oop [176]=Oop [320]=Oop [336]=Oop }
                      ;*synchronization entry
                      ; - com.jme3.bullet.objects.PhysicsCharacter::getPhysicsLocation@-1 (line 556)
                      ; - com.jme3.bullet.objects.PhysicsCharacter::getPhysicsLocation@2 (line 571)
                      ; - com.csproject.jMEMain::simpleUpdate@198 (line 74)
  0x00000253c3397fd4: 2835 db06 | e9da dbff | ff48 8bd2 

  0x00000253c3397fe0: ;   {runtime_call fast_new_instance Runtime1 stub}
  0x00000253c3397fe0: e89b ddda 

  0x00000253c3397fe4: ; ImmutableOopMap {[176]=Oop [320]=Oop [336]=Oop }
                      ;*new {reexecute=0 rethrow=0 return_oop=0}
                      ; - com.jme3.bullet.objects.PhysicsCharacter::getPhysicsLocation@4 (line 557)
                      ; - com.jme3.bullet.objects.PhysicsCharacter::getPhysicsLocation@2 (line 571)
                      ; - com.csproject.jMEMain::simpleUpdate@198 (line 74)
  0x00000253c3397fe4: 06e9 2ddc | ffff 488b 

  0x00000253c3397fec: ;   {runtime_call fast_new_instance Runtime1 stub}
  0x00000253c3397fec: d2e8 8edd 

  0x00000253c3397ff0: ; ImmutableOopMap {rbx=Oop [176]=Oop [336]=Oop }
                      ;*new {reexecute=0 rethrow=0 return_oop=0}
                      ; - com.csproject.jMEMain::simpleUpdate@201 (line 74)
  0x00000253c3397ff0: da06 e9e5 

  0x00000253c3397ff4: ;   {metadata({method} {0x000002541b44caf8} '<init>' '(FFF)V' in 'com/jme3/math/Vector3f')}
  0x00000253c3397ff4: dcff ff49 | baf0 ca44 | 1b54 0200 | 004c 8954 | 2408 48c7 | 0424 ffff 

  0x00000253c339800c: ;   {runtime_call counter_overflow Runtime1 stub}
  0x00000253c339800c: ffff e8ed 

  0x00000253c3398010: ; ImmutableOopMap {rbx=Oop rax=Oop [176]=Oop [336]=Oop }
                      ;*synchronization entry
                      ; - com.jme3.math.Vector3f::<init>@-1 (line 109)
                      ; - com.csproject.jMEMain::simpleUpdate@210 (line 74)
  0x00000253c3398010: 34db 06e9 | 02dd ffff 

  0x00000253c3398018: ;   {metadata({method} {0x00000253da439b60} '<init>' '()V' in 'java/lang/Object')}
  0x00000253c3398018: 49ba 589b | 43da 5302 | 0000 4c89 | 5424 0848 | c704 24ff 

  0x00000253c339802c: ;   {runtime_call counter_overflow Runtime1 stub}
  0x00000253c339802c: ffff ffe8 

  0x00000253c3398030: ; ImmutableOopMap {rbx=Oop rax=Oop [176]=Oop [336]=Oop }
                      ;*synchronization entry
                      ; - java.lang.Object::<init>@-1 (line 45)
                      ; - com.jme3.math.Vector3f::<init>@1 (line 109)
                      ; - com.csproject.jMEMain::simpleUpdate@210 (line 74)
  0x00000253c3398030: cc34 db06 | e91f ddff 

  0x00000253c3398038: ;   {runtime_call throw_null_pointer_exception Runtime1 stub}
  0x00000253c3398038: ffe8 62cc 

  0x00000253c339803c: ; ImmutableOopMap {rax=Oop rbx=Oop [176]=Oop [336]=Oop }
                      ;*invokevirtual setPhysicsLocation {reexecute=0 rethrow=0 return_oop=0}
                      ; - com.csproject.jMEMain::simpleUpdate@216 (line 73)
                      ;   {metadata({method} {0x000002541c20b448} 'setPhysicsLocation' '(Lcom/jme3/math/Vector3f;)V' in 'com/jme3/bullet/objects/PhysicsRigidBody')}
  0x00000253c339803c: da06 49ba | 40b4 201c | 5402 0000 | 4c89 5424 | 0848 c704 | 24ff ffff 

  0x00000253c3398054: ;   {runtime_call counter_overflow Runtime1 stub}
  0x00000253c3398054: ffe8 a634 

  0x00000253c3398058: ; ImmutableOopMap {rax=Oop rbx=Oop [176]=Oop [336]=Oop }
                      ;*synchronization entry
                      ; - com.jme3.bullet.objects.PhysicsRigidBody::setPhysicsLocation@-1 (line 181)
                      ; - com.csproject.jMEMain::simpleUpdate@216 (line 73)
  0x00000253c3398058: db06 e900 

  0x00000253c339805c: ;   {runtime_call throw_null_pointer_exception Runtime1 stub}
  0x00000253c339805c: deff ffe8 

  0x00000253c3398060: ; ImmutableOopMap {rdx=Oop rsi=Oop [176]=Oop }
                      ;*invokevirtual getPlayer_rigid {reexecute=0 rethrow=0 return_oop=0}
                      ; - com.csproject.jMEMain::simpleUpdate@223 (line 76)
  0x00000253c3398060: 3ccc da06 

  0x00000253c3398064: ;   {runtime_call throw_null_pointer_exception Runtime1 stub}
  0x00000253c3398064: e837 ccda 

  0x00000253c3398068: ; ImmutableOopMap {rdx=Oop rsi=Oop rdi=Oop [176]=Oop }
                      ;*aaload {reexecute=0 rethrow=0 return_oop=0}
                      ; - com.csproject.jMEMain::simpleUpdate@228 (line 76)
                      ;   {runtime_call throw_null_pointer_exception Runtime1 stub}
  0x00000253c3398068: 06e8 32cc 

  0x00000253c339806c: ; ImmutableOopMap {rdx=Oop rsi=Oop rdi=Oop [176]=Oop }
                      ;*aaload {reexecute=0 rethrow=0 return_oop=0}
                      ; - com.csproject.jMEMain::simpleUpdate@228 (line 76)
  0x00000253c339806c: da06 48c7 | 0424 0700 | 0000 4889 

  0x00000253c3398078: ;   {runtime_call throw_range_check_failed Runtime1 stub}
  0x00000253c3398078: 7c24 08e8 

  0x00000253c339807c: ; ImmutableOopMap {rdx=Oop rsi=Oop rdi=Oop [176]=Oop }
                      ;*aaload {reexecute=0 rethrow=0 return_oop=0}
                      ; - com.csproject.jMEMain::simpleUpdate@228 (line 76)
  0x00000253c339807c: 20bd da06 

  0x00000253c3398080: ;   {runtime_call throw_null_pointer_exception Runtime1 stub}
  0x00000253c3398080: e81b ccda 

  0x00000253c3398084: ; ImmutableOopMap {rdx=Oop rbx=Oop r8=Oop [176]=Oop [352]=Oop [368]=Oop }
                      ;*invokevirtual getPhysicsLocation {reexecute=0 rethrow=0 return_oop=0}
                      ; - com.csproject.jMEMain::simpleUpdate@236 (line 77)
                      ;   {metadata({method} {0x000002541c442de0} 'getPhysicsLocation' '()Lcom/jme3/math/Vector3f;' in 'com/jme3/bullet/objects/PhysicsCharacter')}
  0x00000253c3398084: 0649 bad8 | 2d44 1c54 | 0200 004c | 8954 2408 | 48c7 0424 | ffff ffff 

  0x00000253c339809c: ;   {runtime_call counter_overflow Runtime1 stub}
  0x00000253c339809c: e85f 34db 

  0x00000253c33980a0: ; ImmutableOopMap {rdx=Oop rbx=Oop r8=Oop [176]=Oop [352]=Oop [368]=Oop }
                      ;*synchronization entry
                      ; - com.jme3.bullet.objects.PhysicsCharacter::getPhysicsLocation@-1 (line 571)
                      ; - com.csproject.jMEMain::simpleUpdate@236 (line 77)
  0x00000253c33980a0: 06e9 17df 

  0x00000253c33980a4: ;   {metadata({method} {0x000002541c442c90} 'getPhysicsLocation' '(Lcom/jme3/math/Vector3f;)Lcom/jme3/math/Vector3f;' in 'com/jme3/bullet/objects/PhysicsCharacter')}
  0x00000253c33980a4: ffff 49ba | 882c 441c | 5402 0000 | 4c89 5424 | 0848 c704 | 24ff ffff 

  0x00000253c33980bc: ;   {runtime_call counter_overflow Runtime1 stub}
  0x00000253c33980bc: ffe8 3e34 

  0x00000253c33980c0: ; ImmutableOopMap {rdx=Oop rbx=Oop r8=Oop [176]=Oop [352]=Oop [368]=Oop }
                      ;*synchronization entry
                      ; - com.jme3.bullet.objects.PhysicsCharacter::getPhysicsLocation@-1 (line 556)
                      ; - com.jme3.bullet.objects.PhysicsCharacter::getPhysicsLocation@2 (line 571)
                      ; - com.csproject.jMEMain::simpleUpdate@236 (line 77)
  0x00000253c33980c0: db06 e9b0 | dfff ff48 

  0x00000253c33980c8: ;   {runtime_call fast_new_instance Runtime1 stub}
  0x00000253c33980c8: 8bd2 e8b1 

  0x00000253c33980cc: ; ImmutableOopMap {[176]=Oop [352]=Oop [368]=Oop }
                      ;*new {reexecute=0 rethrow=0 return_oop=0}
                      ; - com.jme3.bullet.objects.PhysicsCharacter::getPhysicsLocation@4 (line 557)
                      ; - com.jme3.bullet.objects.PhysicsCharacter::getPhysicsLocation@2 (line 571)
                      ; - com.csproject.jMEMain::simpleUpdate@236 (line 77)
  0x00000253c33980cc: dcda 06e9 | 03e0 ffff 

  0x00000253c33980d4: ;   {runtime_call fast_new_instance Runtime1 stub}
  0x00000253c33980d4: 488b d2e8 

  0x00000253c33980d8: ; ImmutableOopMap {rbx=Oop [176]=Oop [368]=Oop }
                      ;*new {reexecute=0 rethrow=0 return_oop=0}
                      ; - com.csproject.jMEMain::simpleUpdate@239 (line 77)
  0x00000253c33980d8: a4dc da06 | e9bb e0ff 

  0x00000253c33980e0: ;   {metadata({method} {0x000002541b44caf8} '<init>' '(FFF)V' in 'com/jme3/math/Vector3f')}
  0x00000253c33980e0: ff49 baf0 | ca44 1b54 | 0200 004c | 8954 2408 | 48c7 0424 | ffff ffff 

  0x00000253c33980f8: ;   {runtime_call counter_overflow Runtime1 stub}
  0x00000253c33980f8: e803 34db 

  0x00000253c33980fc: ; ImmutableOopMap {rbx=Oop rax=Oop [176]=Oop [368]=Oop }
                      ;*synchronization entry
                      ; - com.jme3.math.Vector3f::<init>@-1 (line 109)
                      ; - com.csproject.jMEMain::simpleUpdate@248 (line 77)
  0x00000253c33980fc: 06e9 d8e0 

  0x00000253c3398100: ;   {metadata({method} {0x00000253da439b60} '<init>' '()V' in 'java/lang/Object')}
  0x00000253c3398100: ffff 49ba | 589b 43da | 5302 0000 | 4c89 5424 | 0848 c704 | 24ff ffff 

  0x00000253c3398118: ;   {runtime_call counter_overflow Runtime1 stub}
  0x00000253c3398118: ffe8 e233 

  0x00000253c339811c: ; ImmutableOopMap {rbx=Oop rax=Oop [176]=Oop [368]=Oop }
                      ;*synchronization entry
                      ; - java.lang.Object::<init>@-1 (line 45)
                      ; - com.jme3.math.Vector3f::<init>@1 (line 109)
                      ; - com.csproject.jMEMain::simpleUpdate@248 (line 77)
  0x00000253c339811c: db06 e9f5 

  0x00000253c3398120: ;   {runtime_call throw_null_pointer_exception Runtime1 stub}
  0x00000253c3398120: e0ff ffe8 

  0x00000253c3398124: ; ImmutableOopMap {rax=Oop rbx=Oop [176]=Oop [368]=Oop }
                      ;*invokevirtual setPhysicsLocation {reexecute=0 rethrow=0 return_oop=0}
                      ; - com.csproject.jMEMain::simpleUpdate@254 (line 76)
  0x00000253c3398124: 78cb da06 

  0x00000253c3398128: ;   {metadata({method} {0x000002541c20b448} 'setPhysicsLocation' '(Lcom/jme3/math/Vector3f;)V' in 'com/jme3/bullet/objects/PhysicsRigidBody')}
  0x00000253c3398128: 49ba 40b4 | 201c 5402 | 0000 4c89 | 5424 0848 | c704 24ff 

  0x00000253c339813c: ;   {runtime_call counter_overflow Runtime1 stub}
  0x00000253c339813c: ffff ffe8 

  0x00000253c3398140: ; ImmutableOopMap {rax=Oop rbx=Oop [176]=Oop [368]=Oop }
                      ;*synchronization entry
                      ; - com.jme3.bullet.objects.PhysicsRigidBody::setPhysicsLocation@-1 (line 181)
                      ; - com.csproject.jMEMain::simpleUpdate@254 (line 76)
  0x00000253c3398140: bc33 db06 | e9d6 e1ff 

  0x00000253c3398148: ;   {runtime_call throw_null_pointer_exception Runtime1 stub}
  0x00000253c3398148: ffe8 52cb 

  0x00000253c339814c: ; ImmutableOopMap {rdx=Oop rsi=Oop [176]=Oop }
                      ;*invokevirtual getPlayer_rigid {reexecute=0 rethrow=0 return_oop=0}
                      ; - com.csproject.jMEMain::simpleUpdate@261 (line 79)
                      ;   {runtime_call throw_null_pointer_exception Runtime1 stub}
  0x00000253c339814c: da06 e84d 

  0x00000253c3398150: ; ImmutableOopMap {rdx=Oop rsi=Oop rdi=Oop [176]=Oop }
                      ;*aaload {reexecute=0 rethrow=0 return_oop=0}
                      ; - com.csproject.jMEMain::simpleUpdate@266 (line 79)
                      ;   {runtime_call throw_null_pointer_exception Runtime1 stub}
  0x00000253c3398150: cbda 06e8 

  0x00000253c3398154: ; ImmutableOopMap {rdx=Oop rsi=Oop rdi=Oop [176]=Oop }
                      ;*aaload {reexecute=0 rethrow=0 return_oop=0}
                      ; - com.csproject.jMEMain::simpleUpdate@266 (line 79)
  0x00000253c3398154: 48cb da06 | 48c7 0424 | 0800 0000 | 4889 7c24 

  0x00000253c3398164: ;   {runtime_call throw_range_check_failed Runtime1 stub}
  0x00000253c3398164: 08e8 36bc 

  0x00000253c3398168: ; ImmutableOopMap {rdx=Oop rsi=Oop rdi=Oop [176]=Oop }
                      ;*aaload {reexecute=0 rethrow=0 return_oop=0}
                      ; - com.csproject.jMEMain::simpleUpdate@266 (line 79)
                      ;   {runtime_call throw_null_pointer_exception Runtime1 stub}
  0x00000253c3398168: da06 e831 

  0x00000253c339816c: ; ImmutableOopMap {rdx=Oop rbx=Oop r8=Oop [176]=Oop [384]=Oop [400]=Oop }
                      ;*invokevirtual getPhysicsLocation {reexecute=0 rethrow=0 return_oop=0}
                      ; - com.csproject.jMEMain::simpleUpdate@274 (line 80)
                      ;   {metadata({method} {0x000002541c442de0} 'getPhysicsLocation' '()Lcom/jme3/math/Vector3f;' in 'com/jme3/bullet/objects/PhysicsCharacter')}
  0x00000253c339816c: cbda 0649 | bad8 2d44 | 1c54 0200 | 004c 8954 | 2408 48c7 | 0424 ffff 

  0x00000253c3398184: ;   {runtime_call counter_overflow Runtime1 stub}
  0x00000253c3398184: ffff e875 

  0x00000253c3398188: ; ImmutableOopMap {rdx=Oop rbx=Oop r8=Oop [176]=Oop [384]=Oop [400]=Oop }
                      ;*synchronization entry
                      ; - com.jme3.bullet.objects.PhysicsCharacter::getPhysicsLocation@-1 (line 571)
                      ; - com.csproject.jMEMain::simpleUpdate@274 (line 80)
  0x00000253c3398188: 33db 06e9 | ede2 ffff 

  0x00000253c3398190: ;   {metadata({method} {0x000002541c442c90} 'getPhysicsLocation' '(Lcom/jme3/math/Vector3f;)Lcom/jme3/math/Vector3f;' in 'com/jme3/bullet/objects/PhysicsCharacter')}
  0x00000253c3398190: 49ba 882c | 441c 5402 | 0000 4c89 | 5424 0848 | c704 24ff 

  0x00000253c33981a4: ;   {runtime_call counter_overflow Runtime1 stub}
  0x00000253c33981a4: ffff ffe8 

  0x00000253c33981a8: ; ImmutableOopMap {rdx=Oop rbx=Oop r8=Oop [176]=Oop [384]=Oop [400]=Oop }
                      ;*synchronization entry
                      ; - com.jme3.bullet.objects.PhysicsCharacter::getPhysicsLocation@-1 (line 556)
                      ; - com.jme3.bullet.objects.PhysicsCharacter::getPhysicsLocation@2 (line 571)
                      ; - com.csproject.jMEMain::simpleUpdate@274 (line 80)
  0x00000253c33981a8: 5433 db06 | e986 e3ff | ff48 8bd2 

  0x00000253c33981b4: ;   {runtime_call fast_new_instance Runtime1 stub}
  0x00000253c33981b4: e8c7 dbda 

  0x00000253c33981b8: ; ImmutableOopMap {[176]=Oop [384]=Oop [400]=Oop }
                      ;*new {reexecute=0 rethrow=0 return_oop=0}
                      ; - com.jme3.bullet.objects.PhysicsCharacter::getPhysicsLocation@4 (line 557)
                      ; - com.jme3.bullet.objects.PhysicsCharacter::getPhysicsLocation@2 (line 571)
                      ; - com.csproject.jMEMain::simpleUpdate@274 (line 80)
  0x00000253c33981b8: 06e9 d9e3 | ffff 488b 

  0x00000253c33981c0: ;   {runtime_call fast_new_instance Runtime1 stub}
  0x00000253c33981c0: d2e8 badb 

  0x00000253c33981c4: ; ImmutableOopMap {rbx=Oop [176]=Oop [400]=Oop }
                      ;*new {reexecute=0 rethrow=0 return_oop=0}
                      ; - com.csproject.jMEMain::simpleUpdate@277 (line 80)
  0x00000253c33981c4: da06 e991 

  0x00000253c33981c8: ;   {metadata({method} {0x000002541b44caf8} '<init>' '(FFF)V' in 'com/jme3/math/Vector3f')}
  0x00000253c33981c8: e4ff ff49 | baf0 ca44 | 1b54 0200 | 004c 8954 | 2408 48c7 | 0424 ffff 

  0x00000253c33981e0: ;   {runtime_call counter_overflow Runtime1 stub}
  0x00000253c33981e0: ffff e819 

  0x00000253c33981e4: ; ImmutableOopMap {rbx=Oop rax=Oop [176]=Oop [400]=Oop }
                      ;*synchronization entry
                      ; - com.jme3.math.Vector3f::<init>@-1 (line 109)
                      ; - com.csproject.jMEMain::simpleUpdate@286 (line 80)
  0x00000253c33981e4: 33db 06e9 | aee4 ffff 

  0x00000253c33981ec: ;   {metadata({method} {0x00000253da439b60} '<init>' '()V' in 'java/lang/Object')}
  0x00000253c33981ec: 49ba 589b | 43da 5302 | 0000 4c89 | 5424 0848 | c704 24ff 

  0x00000253c3398200: ;   {runtime_call counter_overflow Runtime1 stub}
  0x00000253c3398200: ffff ffe8 

  0x00000253c3398204: ; ImmutableOopMap {rbx=Oop rax=Oop [176]=Oop [400]=Oop }
                      ;*synchronization entry
                      ; - java.lang.Object::<init>@-1 (line 45)
                      ; - com.jme3.math.Vector3f::<init>@1 (line 109)
                      ; - com.csproject.jMEMain::simpleUpdate@286 (line 80)
  0x00000253c3398204: f832 db06 | e9cb e4ff 

  0x00000253c339820c: ;   {runtime_call throw_null_pointer_exception Runtime1 stub}
  0x00000253c339820c: ffe8 8eca 

  0x00000253c3398210: ; ImmutableOopMap {rax=Oop rbx=Oop [176]=Oop [400]=Oop }
                      ;*invokevirtual setPhysicsLocation {reexecute=0 rethrow=0 return_oop=0}
                      ; - com.csproject.jMEMain::simpleUpdate@292 (line 79)
                      ;   {metadata({method} {0x000002541c20b448} 'setPhysicsLocation' '(Lcom/jme3/math/Vector3f;)V' in 'com/jme3/bullet/objects/PhysicsRigidBody')}
  0x00000253c3398210: da06 49ba | 40b4 201c | 5402 0000 | 4c89 5424 | 0848 c704 | 24ff ffff 

  0x00000253c3398228: ;   {runtime_call counter_overflow Runtime1 stub}
  0x00000253c3398228: ffe8 d232 

  0x00000253c339822c: ; ImmutableOopMap {rax=Oop rbx=Oop [176]=Oop [400]=Oop }
                      ;*synchronization entry
                      ; - com.jme3.bullet.objects.PhysicsRigidBody::setPhysicsLocation@-1 (line 181)
                      ; - com.csproject.jMEMain::simpleUpdate@292 (line 79)
  0x00000253c339822c: db06 e9ac 

  0x00000253c3398230: ;   {metadata({method} {0x00000253da093a58} 'linkToTargetMethod' '(Ljava/lang/Object;Ljava/lang/Object;)Ljava/lang/Object;' in 'java/lang/invoke/Invokers$Holder')}
  0x00000253c3398230: e5ff ff49 | ba50 3a09 | da53 0200 | 004c 8954 | 2408 48c7 | 0424 ffff 

  0x00000253c3398248: ;   {runtime_call counter_overflow Runtime1 stub}
  0x00000253c3398248: ffff e8b1 

  0x00000253c339824c: ; ImmutableOopMap {rax=Oop rsi=Oop [176]=Oop }
                      ;*synchronization entry
                      ; - java.lang.invoke.Invokers$Holder::linkToTargetMethod@-1
                      ; - com.csproject.jMEMain::simpleUpdate@302 (line 83)
  0x00000253c339824c: 32db 06e9 | 58e6 ffff 

  0x00000253c3398254: ;   {metadata({method} {0x00000253da099968} 'newInvokeSpecial' '(Ljava/lang/Object;Ljava/lang/Object;)Ljava/lang/Object;' in 'java/lang/invoke/DirectMethodHandle$Holder')}
  0x00000253c3398254: 49ba 6099 | 09da 5302 | 0000 4c89 | 5424 0848 | c704 24ff 

  0x00000253c3398268: ;   {runtime_call counter_overflow Runtime1 stub}
  0x00000253c3398268: ffff ffe8 

  0x00000253c339826c: ; ImmutableOopMap {rax=Oop rsi=Oop [176]=Oop }
                      ;*synchronization entry
                      ; - java.lang.invoke.DirectMethodHandle$Holder::newInvokeSpecial@-1
                      ; - java.lang.invoke.Invokers$Holder::linkToTargetMethod@5
                      ; - com.csproject.jMEMain::simpleUpdate@302 (line 83)
  0x00000253c339826c: 9032 db06 | e993 e6ff 

  0x00000253c3398274: ;   {metadata({method} {0x00000253da087a00} 'allocateInstance' '(Ljava/lang/Object;)Ljava/lang/Object;' in 'java/lang/invoke/DirectMethodHandle')}
  0x00000253c3398274: ff49 baf8 | 7908 da53 | 0200 004c | 8954 2408 | 48c7 0424 | ffff ffff 

  0x00000253c339828c: ;   {runtime_call counter_overflow Runtime1 stub}
  0x00000253c339828c: e86f 32db 

  0x00000253c3398290: ; ImmutableOopMap {rax=Oop rsi=Oop [176]=Oop }
                      ;*synchronization entry
                      ; - java.lang.invoke.DirectMethodHandle::allocateInstance@-1 (line 499)
                      ; - java.lang.invoke.DirectMethodHandle$Holder::newInvokeSpecial@1
                      ; - java.lang.invoke.Invokers$Holder::linkToTargetMethod@5
                      ; - com.csproject.jMEMain::simpleUpdate@302 (line 83)
  0x00000253c3398290: 06e9 d0e6 

  0x00000253c3398294: ;   {metadata({method} {0x00000253da0884a8} 'constructorMethod' '(Ljava/lang/Object;)Ljava/lang/Object;' in 'java/lang/invoke/DirectMethodHandle')}
  0x00000253c3398294: ffff 49ba | a084 08da | 5302 0000 | 4c89 5424 | 0848 c704 | 24ff ffff 

  0x00000253c33982ac: ;   {runtime_call counter_overflow Runtime1 stub}
  0x00000253c33982ac: ffe8 4e32 

  0x00000253c33982b0: ; ImmutableOopMap {rax=Oop [176]=Oop [424]=Oop }
                      ;*synchronization entry
                      ; - java.lang.invoke.DirectMethodHandle::constructorMethod@-1 (line 493)
                      ; - java.lang.invoke.DirectMethodHandle$Holder::newInvokeSpecial@6
                      ; - java.lang.invoke.Invokers$Holder::linkToTargetMethod@5
                      ; - com.csproject.jMEMain::simpleUpdate@302 (line 83)
  0x00000253c33982b0: db06 e97c 

  0x00000253c33982b4: ;   {runtime_call throw_null_pointer_exception Runtime1 stub}
  0x00000253c33982b4: e7ff ffe8 

  0x00000253c33982b8: ; ImmutableOopMap {rax=Oop [176]=Oop [424]=Oop }
                      ;*invokestatic linkToSpecial {reexecute=0 rethrow=0 return_oop=0}
                      ; - java.lang.invoke.DirectMethodHandle$Holder::newInvokeSpecial@16
                      ; - java.lang.invoke.Invokers$Holder::linkToTargetMethod@5
                      ; - com.csproject.jMEMain::simpleUpdate@302 (line 83)
  0x00000253c33982b8: e4c9 da06 

  0x00000253c33982bc: ;   {metadata({method} {0x000002541c459340} '<init>' '(Lcom/csproject/jMEMain;)V' in 'com/csproject/jMEMain$$Lambda+0x00000253db24fc28')}
  0x00000253c33982bc: 49ba 3893 | 451c 5402 | 0000 4c89 | 5424 0848 | c704 24ff 

  0x00000253c33982d0: ;   {runtime_call counter_overflow Runtime1 stub}
  0x00000253c33982d0: ffff ffe8 

  0x00000253c33982d4: ; ImmutableOopMap {rax=Oop [176]=Oop [424]=Oop }
                      ;*synchronization entry
                      ; - com.csproject.jMEMain$$Lambda/0x00000253db24fc28::<init>@-1
                      ; - java.lang.invoke.DirectMethodHandle$Holder::newInvokeSpecial@16
                      ; - java.lang.invoke.Invokers$Holder::linkToTargetMethod@5
                      ; - com.csproject.jMEMain::simpleUpdate@302 (line 83)
  0x00000253c33982d4: 2832 db06 | e9c2 e7ff 

  0x00000253c33982dc: ;   {metadata({method} {0x00000253da439b60} '<init>' '()V' in 'java/lang/Object')}
  0x00000253c33982dc: ff49 ba58 | 9b43 da53 | 0200 004c | 8954 2408 | 48c7 0424 | ffff ffff 

  0x00000253c33982f4: ;   {runtime_call counter_overflow Runtime1 stub}
  0x00000253c33982f4: e807 32db 

  0x00000253c33982f8: ; ImmutableOopMap {rax=Oop [176]=Oop [424]=Oop }
                      ;*synchronization entry
                      ; - java.lang.Object::<init>@-1 (line 45)
                      ; - com.csproject.jMEMain$$Lambda/0x00000253db24fc28::<init>@1
                      ; - java.lang.invoke.DirectMethodHandle$Holder::newInvokeSpecial@16
                      ; - java.lang.invoke.Invokers$Holder::linkToTargetMethod@5
                      ; - com.csproject.jMEMain::simpleUpdate@302 (line 83)
  0x00000253c33982f8: 06e9 dfe7 | ffff 448b | 400c 49c1 | e003 4983 | f800 0f84 | dbe7 ffff | 4c89 0424 

  0x00000253c3398314: ;   {runtime_call g1_pre_barrier_slow}
  0x00000253c3398314: e8e7 38db | 06e9 cde7 | ffff 4883 | fa00 0f84 | eae7 ffff | 4889 0424 

  0x00000253c339832c: ;   {runtime_call g1_post_barrier_slow}
  0x00000253c339832c: e84f 3cdb | 06e9 dce7 

  0x00000253c3398334: ;   {runtime_call throw_null_pointer_exception Runtime1 stub}
  0x00000253c3398334: ffff e865 

  0x00000253c3398338: ; ImmutableOopMap {rax=Oop rdx=Oop rsi=Oop [176]=Oop }
                      ;*invokeinterface forEach {reexecute=0 rethrow=0 return_oop=0}
                      ; - com.csproject.jMEMain::simpleUpdate@307 (line 82)
                      ;   {runtime_call throw_null_pointer_exception Runtime1 stub}
  0x00000253c3398338: c9da 06e8 

  0x00000253c339833c: ; ImmutableOopMap {rdx=Oop [176]=Oop }
                      ;*invokeinterface iterator {reexecute=0 rethrow=0 return_oop=0}
                      ; - com.csproject.jMEMain::simpleUpdate@317 (line 92)
  0x00000253c339833c: 60c9 da06 

  0x00000253c3398340: ;   {runtime_call throw_null_pointer_exception Runtime1 stub}
  0x00000253c3398340: e85b c9da 

  0x00000253c3398344: ; ImmutableOopMap {rax=Oop [176]=Oop [432]=Oop }
                      ;*invokeinterface hasNext {reexecute=0 rethrow=0 return_oop=0}
                      ; - com.csproject.jMEMain::simpleUpdate@446 (line 92)
                      ;   {metadata({method} {0x000002541b4018b0} 'simpleUpdate' '(F)V' in 'com/csproject/jMEMain')}
  0x00000253c3398344: 0649 baa8 | 1840 1b54 | 0200 004c | 8954 2408 | 48c7 0424 | c301 0000 

  0x00000253c339835c: ;   {runtime_call counter_overflow Runtime1 stub}
  0x00000253c339835c: e89f 31db 

  0x00000253c3398360: ; ImmutableOopMap {[176]=Oop [432]=Oop }
                      ;*ifne {reexecute=1 rethrow=0 return_oop=0}
                      ; - (reexecute) com.csproject.jMEMain::simpleUpdate@451 (line 92)
  0x00000253c3398360: 06e9 abea | ffff 4889 

  0x00000253c3398368: ;   {runtime_call throw_class_cast_exception Runtime1 stub}
  0x00000253c3398368: 0424 e831 

  0x00000253c339836c: ; ImmutableOopMap {[176]=Oop [432]=Oop }
                      ;*checkcast {reexecute=0 rethrow=0 return_oop=0}
                      ; - com.csproject.jMEMain::simpleUpdate@334 (line 92)
                      ;   {runtime_call throw_null_pointer_exception Runtime1 stub}
  0x00000253c339836c: fbda 06e8 

  0x00000253c3398370: ; ImmutableOopMap {rsi=Oop rdx=Oop [176]=Oop [432]=Oop [448]=Oop }
                      ;*invokeinterface iterator {reexecute=0 rethrow=0 return_oop=0}
                      ; - com.csproject.jMEMain::simpleUpdate@344 (line 94)
  0x00000253c3398370: 2cc9 da06 | 4889 0424 

  0x00000253c3398378: ;   {runtime_call throw_class_cast_exception Runtime1 stub}
  0x00000253c3398378: e823 fbda 

  0x00000253c339837c: ; ImmutableOopMap {[176]=Oop [432]=Oop [448]=Oop [456]=Oop }
                      ;*checkcast {reexecute=0 rethrow=0 return_oop=0}
                      ; - com.csproject.jMEMain::simpleUpdate@361 (line 94)
                      ;   {runtime_call throw_null_pointer_exception Runtime1 stub}
  0x00000253c339837c: 06e8 1ec9 

  0x00000253c3398380: ; ImmutableOopMap {r8=Oop [176]=Oop [432]=Oop [448]=Oop [456]=Oop }
                      ;*invokevirtual getLocalTranslation {reexecute=0 rethrow=0 return_oop=0}
                      ; - com.csproject.jMEMain::simpleUpdate@368 (line 95)
                      ;   {metadata({method} {0x000002541b412d18} 'getLocalTranslation' '()Lcom/jme3/math/Vector3f;' in 'com/jme3/scene/Spatial')}
  0x00000253c3398380: da06 49ba | 102d 411b | 5402 0000 | 4c89 5424 | 0848 c704 | 24ff ffff 

  0x00000253c3398398: ;   {runtime_call counter_overflow Runtime1 stub}
  0x00000253c3398398: ffe8 6231 

  0x00000253c339839c: ; ImmutableOopMap {r8=Oop [176]=Oop [432]=Oop [448]=Oop [456]=Oop }
                      ;*synchronization entry
                      ; - com.jme3.scene.Spatial::getLocalTranslation@-1 (line 1078)
                      ; - com.csproject.jMEMain::simpleUpdate@368 (line 95)
  0x00000253c339839c: db06 e963 

  0x00000253c33983a0: ;   {runtime_call throw_null_pointer_exception Runtime1 stub}
  0x00000253c33983a0: efff ffe8 

  0x00000253c33983a4: ; ImmutableOopMap {r8=Oop rdx=Oop [176]=Oop [432]=Oop [448]=Oop [456]=Oop }
                      ;*invokevirtual getTranslation {reexecute=0 rethrow=0 return_oop=0}
                      ; - com.jme3.scene.Spatial::getLocalTranslation@4 (line 1078)
                      ; - com.csproject.jMEMain::simpleUpdate@368 (line 95)
  0x00000253c33983a4: f8c8 da06 

  0x00000253c33983a8: ;   {runtime_call throw_null_pointer_exception Runtime1 stub}
  0x00000253c33983a8: e8f3 c8da 

  0x00000253c33983ac: ; ImmutableOopMap {r8=Oop rdx=Oop rsi=Oop [176]=Oop [432]=Oop [448]=Oop [456]=Oop }
                      ;*invokevirtual getLeft {reexecute=0 rethrow=0 return_oop=0}
                      ; - com.csproject.jMEMain::simpleUpdate@374 (line 96)
  0x00000253c33983ac: 0648 893c 

  0x00000253c33983b0: ;   {runtime_call throw_class_cast_exception Runtime1 stub}
  0x00000253c33983b0: 24e8 eafa 

  0x00000253c33983b4: ; ImmutableOopMap {r8=Oop rdx=Oop rsi=Oop [176]=Oop [432]=Oop [448]=Oop [456]=Oop }
                      ;*checkcast {reexecute=0 rethrow=0 return_oop=0}
                      ; - com.csproject.jMEMain::simpleUpdate@377 (line 96)
                      ;   {runtime_call throw_null_pointer_exception Runtime1 stub}
  0x00000253c33983b4: da06 e8e5 

  0x00000253c33983b8: ; ImmutableOopMap {r8=Oop rdx=Oop rsi=Oop rdi=Oop [176]=Oop [432]=Oop [448]=Oop [456]=Oop }
                      ;*invokevirtual floatValue {reexecute=0 rethrow=0 return_oop=0}
                      ; - com.csproject.jMEMain::simpleUpdate@380 (line 96)
                      ;   {runtime_call throw_null_pointer_exception Runtime1 stub}
  0x00000253c33983b8: c8da 06e8 

  0x00000253c33983bc: ; ImmutableOopMap {r8=Oop rdx=Oop rsi=Oop [176]=Oop [432]=Oop [448]=Oop [456]=Oop }
                      ;*getfield x {reexecute=1 rethrow=0 return_oop=0}
                      ; - (reexecute) com.csproject.jMEMain::simpleUpdate@385 (line 96)
  0x00000253c33983bc: e0c8 da06 

  0x00000253c33983c0: ;   {metadata({method} {0x00000253da3ef2d8} 'abs' '(F)F' in 'java/lang/Math')}
  0x00000253c33983c0: 49ba d0f2 | 3eda 5302 | 0000 4c89 | 5424 0848 | c704 24ff 

  0x00000253c33983d4: ;   {runtime_call counter_overflow Runtime1 stub}
  0x00000253c33983d4: ffff ffe8 

  0x00000253c33983d8: ; ImmutableOopMap {r8=Oop rdx=Oop rsi=Oop [176]=Oop [432]=Oop [448]=Oop [456]=Oop }
                      ;*synchronization entry
                      ; - java.lang.Math::abs@-1 (line 1979)
                      ; - com.csproject.jMEMain::simpleUpdate@389 (line 96)
  0x00000253c33983d8: 2431 db06 | e99b f0ff | ff48 893c 

  0x00000253c33983e4: ;   {runtime_call throw_class_cast_exception Runtime1 stub}
  0x00000253c33983e4: 24e8 b6fa 

  0x00000253c33983e8: ; ImmutableOopMap {r8=Oop rdx=Oop rsi=Oop [176]=Oop [432]=Oop [448]=Oop [456]=Oop }
                      ;*checkcast {reexecute=0 rethrow=0 return_oop=0}
                      ; - com.csproject.jMEMain::simpleUpdate@402 (line 96)
                      ;   {runtime_call throw_null_pointer_exception Runtime1 stub}
  0x00000253c33983e8: da06 e8b1 

  0x00000253c33983ec: ; ImmutableOopMap {r8=Oop rdx=Oop rsi=Oop rdi=Oop [176]=Oop [432]=Oop [448]=Oop [456]=Oop }
                      ;*invokevirtual floatValue {reexecute=0 rethrow=0 return_oop=0}
                      ; - com.csproject.jMEMain::simpleUpdate@405 (line 96)
                      ;   {metadata({method} {0x00000253da3ef2d8} 'abs' '(F)F' in 'java/lang/Math')}
  0x00000253c33983ec: c8da 0649 | bad0 f23e | da53 0200 | 004c 8954 | 2408 48c7 | 0424 ffff 

  0x00000253c3398404: ;   {runtime_call counter_overflow Runtime1 stub}
  0x00000253c3398404: ffff e8f5 

  0x00000253c3398408: ; ImmutableOopMap {r8=Oop rdx=Oop rsi=Oop [176]=Oop [432]=Oop [448]=Oop [456]=Oop }
                      ;*synchronization entry
                      ; - java.lang.Math::abs@-1 (line 1979)
                      ; - com.csproject.jMEMain::simpleUpdate@414 (line 96)
  0x00000253c3398408: 30db 06e9 | 52f2 ffff 

  0x00000253c3398410: ;   {runtime_call throw_null_pointer_exception Runtime1 stub}
  0x00000253c3398410: e88b c8da 

  0x00000253c3398414: ; ImmutableOopMap {rax=Oop [176]=Oop [432]=Oop [448]=Oop [456]=Oop }
                      ;*invokeinterface hasNext {reexecute=0 rethrow=0 return_oop=0}
                      ; - com.csproject.jMEMain::simpleUpdate@431 (line 94)
                      ;   {metadata({method} {0x000002541b4018b0} 'simpleUpdate' '(F)V' in 'com/csproject/jMEMain')}
  0x00000253c3398414: 0649 baa8 | 1840 1b54 | 0200 004c | 8954 2408 | 48c7 0424 | b401 0000 

  0x00000253c339842c: ;   {runtime_call counter_overflow Runtime1 stub}
  0x00000253c339842c: e8cf 30db 

  0x00000253c3398430: ; ImmutableOopMap {[176]=Oop [432]=Oop [448]=Oop [456]=Oop }
                      ;*ifne {reexecute=1 rethrow=0 return_oop=0}
                      ; - (reexecute) com.csproject.jMEMain::simpleUpdate@436 (line 94)
  0x00000253c3398430: 06e9 dbf3 

  0x00000253c3398434: ;   {runtime_call throw_null_pointer_exception Runtime1 stub}
  0x00000253c3398434: ffff e865 

  0x00000253c3398438: ; ImmutableOopMap {rdx=Oop [176]=Oop [432]=Oop }
                      ;*invokevirtual println {reexecute=0 rethrow=0 return_oop=0}
                      ; - com.csproject.jMEMain::simpleUpdate@463 (line 103)
                      ;   {metadata({method} {0x00000253da01a918} 'exit' '(I)V' in 'java/lang/System')}
  0x00000253c3398438: c8da 0649 | ba10 a901 | da53 0200 | 004c 8954 | 2408 48c7 | 0424 ffff 

  0x00000253c3398450: ;   {runtime_call counter_overflow Runtime1 stub}
  0x00000253c3398450: ffff e8a9 

  0x00000253c3398454: ; ImmutableOopMap {[176]=Oop [432]=Oop }
                      ;*synchronization entry
                      ; - java.lang.System::exit@-1 (line 1925)
                      ; - com.csproject.jMEMain::simpleUpdate@467 (line 104)
  0x00000253c3398454: 30db 06e9 | f9f4 ffff 

  0x00000253c339845c: ;   {metadata({method} {0x00000253da0e2008} 'getRuntime' '()Ljava/lang/Runtime;' in 'java/lang/Runtime')}
  0x00000253c339845c: 49ba 0020 | 0eda 5302 | 0000 4c89 | 5424 0848 | c704 24ff 

  0x00000253c3398470: ;   {runtime_call counter_overflow Runtime1 stub}
  0x00000253c3398470: ffff ffe8 

  0x00000253c3398474: ; ImmutableOopMap {[176]=Oop [432]=Oop }
                      ;*synchronization entry
                      ; - java.lang.Runtime::getRuntime@-1 (line 136)
                      ; - java.lang.System::exit@0 (line 1925)
                      ; - com.csproject.jMEMain::simpleUpdate@467 (line 104)
  0x00000253c3398474: 8830 db06 | e911 f5ff 

  0x00000253c339847c: ;   {metadata({method} {0x00000253da0e16c8} 'exit' '(I)V' in 'java/lang/Runtime')}
  0x00000253c339847c: ff49 bac0 | 160e da53 | 0200 004c | 8954 2408 | 48c7 0424 | ffff ffff 

  0x00000253c3398494: ;   {runtime_call counter_overflow Runtime1 stub}
  0x00000253c3398494: e867 30db 

  0x00000253c3398498: ; ImmutableOopMap {[176]=Oop [432]=Oop }
                      ;*synchronization entry
                      ; - java.lang.Runtime::exit@-1 (line 184)
                      ; - java.lang.System::exit@4 (line 1925)
                      ; - com.csproject.jMEMain::simpleUpdate@467 (line 104)
  0x00000253c3398498: 06e9 44f5 

  0x00000253c339849c: ;   {metadata({method} {0x00000253da01ac70} 'getSecurityManager' '()Ljava/lang/SecurityManager;' in 'java/lang/System')}
  0x00000253c339849c: ffff 49ba | 68ac 01da | 5302 0000 | 4c89 5424 | 0848 c704 | 24ff ffff 

  0x00000253c33984b4: ;   {runtime_call counter_overflow Runtime1 stub}
  0x00000253c33984b4: ffe8 4630 

  0x00000253c33984b8: ; ImmutableOopMap {[176]=Oop [432]=Oop }
                      ;*synchronization entry
                      ; - java.lang.System::getSecurityManager@-1 (line 505)
                      ; - java.lang.Runtime::exit@0 (line 184)
                      ; - java.lang.System::exit@4 (line 1925)
                      ; - com.csproject.jMEMain::simpleUpdate@467 (line 104)
  0x00000253c33984b8: db06 e95c 

  0x00000253c33984bc: ;   {metadata({method} {0x00000253da01ad88} 'allowSecurityManager' '()Z' in 'java/lang/System')}
  0x00000253c33984bc: f5ff ff49 | ba80 ad01 | da53 0200 | 004c 8954 | 2408 48c7 | 0424 ffff 

  0x00000253c33984d4: ;   {runtime_call counter_overflow Runtime1 stub}
  0x00000253c33984d4: ffff e825 

  0x00000253c33984d8: ; ImmutableOopMap {[176]=Oop [432]=Oop }
                      ;*synchronization entry
                      ; - java.lang.System::allowSecurityManager@-1 (line 213)
                      ; - java.lang.System::getSecurityManager@0 (line 505)
                      ; - java.lang.Runtime::exit@0 (line 184)
                      ; - java.lang.System::exit@4 (line 1925)
                      ; - com.csproject.jMEMain::simpleUpdate@467 (line 104)
  0x00000253c33984d8: 30db 06e9 | 74f5 ffff 

  0x00000253c33984e0: ;   {internal_word}
  0x00000253c33984e0: 49ba b47a | 39c3 5302 | 0000 4d89 | 9770 0400 

  0x00000253c33984f0: ;   {runtime_call SafepointBlob}
  0x00000253c33984f0: 00e9 8ae6 | cc06 498b | 8708 0500 | 0049 c787 | 0805 0000 | 0000 0000 | 49c7 8710 | 0500 0000 
  0x00000253c3398510: 0000 0048 | 81c4 f001 

  0x00000253c3398518: ;   {runtime_call unwind_exception Runtime1 stub}
  0x00000253c3398518: 0000 5de9 | 60b2 da06 
[Stub Code]
  0x00000253c3398520: ;   {no_reloc}
  0x00000253c3398520: 0f1f 4400 

  0x00000253c3398524: ;   {static_stub}
  0x00000253c3398524: 0048 bb00 | 0000 0000 

  0x00000253c339852c: ;   {runtime_call}
  0x00000253c339852c: 0000 00e9 | fbff ffff 

  0x00000253c3398534: ;   {static_stub}
  0x00000253c3398534: 9048 bb00 | 0000 0000 

  0x00000253c339853c: ;   {runtime_call}
  0x00000253c339853c: 0000 00e9 | fbff ffff 

  0x00000253c3398544: ;   {static_stub}
  0x00000253c3398544: 9048 bb00 | 0000 0000 

  0x00000253c339854c: ;   {runtime_call}
  0x00000253c339854c: 0000 00e9 | fbff ffff 

  0x00000253c3398554: ;   {static_stub}
  0x00000253c3398554: 9048 bb00 | 0000 0000 

  0x00000253c339855c: ;   {runtime_call}
  0x00000253c339855c: 0000 00e9 | fbff ffff 

  0x00000253c3398564: ;   {static_stub}
  0x00000253c3398564: 9048 bb00 | 0000 0000 

  0x00000253c339856c: ;   {runtime_call}
  0x00000253c339856c: 0000 00e9 | fbff ffff 

  0x00000253c3398574: ;   {static_stub}
  0x00000253c3398574: 9048 bb00 | 0000 0000 

  0x00000253c339857c: ;   {runtime_call}
  0x00000253c339857c: 0000 00e9 | fbff ffff 

  0x00000253c3398584: ;   {static_stub}
  0x00000253c3398584: 9048 bb00 | 0000 0000 

  0x00000253c339858c: ;   {runtime_call}
  0x00000253c339858c: 0000 00e9 | fbff ffff 

  0x00000253c3398594: ;   {static_stub}
  0x00000253c3398594: 9048 bb78 | aa00 da53 

  0x00000253c339859c: ;   {runtime_call I2C/C2I adapters}
  0x00000253c339859c: 0200 00e9 | 63c9 cc06 

  0x00000253c33985a4: ;   {static_stub}
  0x00000253c33985a4: 48bb 0000 | 0000 0000 

  0x00000253c33985ac: ;   {runtime_call}
  0x00000253c33985ac: 0000 e9fb 

  0x00000253c33985b0: ;   {static_stub}
  0x00000253c33985b0: ffff ff48 | bb00 0000 | 0000 0000 

  0x00000253c33985bc: ;   {runtime_call}
  0x00000253c33985bc: 00e9 fbff 

  0x00000253c33985c0: ;   {static_stub}
  0x00000253c33985c0: ffff 48bb | 0000 0000 | 0000 0000 

  0x00000253c33985cc: ;   {runtime_call}
  0x00000253c33985cc: e9fb ffff 

  0x00000253c33985d0: ;   {static_stub}
  0x00000253c33985d0: ff48 bb00 | 0000 0000 

  0x00000253c33985d8: ;   {runtime_call}
  0x00000253c33985d8: 0000 00e9 | fbff ffff 

  0x00000253c33985e0: ;   {static_stub}
  0x00000253c33985e0: 48bb 0000 | 0000 0000 

  0x00000253c33985e8: ;   {runtime_call}
  0x00000253c33985e8: 0000 e9fb 

  0x00000253c33985ec: ;   {static_stub}
  0x00000253c33985ec: ffff ff48 | bb00 0000 | 0000 0000 

  0x00000253c33985f8: ;   {runtime_call}
  0x00000253c33985f8: 00e9 fbff 

  0x00000253c33985fc: ;   {static_stub}
  0x00000253c33985fc: ffff 48bb | 1066 03da | 5302 0000 

  0x00000253c3398608: ;   {runtime_call I2C/C2I adapters}
  0x00000253c3398608: e9f5 bdcc 

  0x00000253c339860c: ;   {runtime_call handle_exception_from_callee Runtime1 stub}
  0x00000253c339860c: 06e8 6ef2 

  0x00000253c3398610: ;   {external_word}
  0x00000253c3398610: da06 48b9 | c028 e7f9 | fe7f 0000 | 4883 e4f0 

  0x00000253c3398620: ;   {runtime_call}
  0x00000253c3398620: 48b8 3099 | aef9 fe7f | 0000 ffd0 

  0x00000253c339862c: ;   {section_word}
  0x00000253c339862c: f449 ba2d | 8639 c353 | 0200 0041 

  0x00000253c3398638: ;   {runtime_call DeoptimizationBlob}
  0x00000253c3398638: 52e9 e2f9 | cc06 f4f4 
[/MachCode]


Compiled method (c1) 25342 4659       3       com.jme3.app.SimpleApplication::update (235 bytes)
 total in heap  [0x00000253c3369b10,0x00000253c336b588] = 6776
 relocation     [0x00000253c3369c68,0x00000253c3369e50] = 488
 constants      [0x00000253c3369e60,0x00000253c3369e80] = 32
 main code      [0x00000253c3369e80,0x00000253c336ae80] = 4096
 stub code      [0x00000253c336ae80,0x00000253c336afb8] = 312
 oops           [0x00000253c336afb8,0x00000253c336afc0] = 8
 metadata       [0x00000253c336afc0,0x00000253c336b060] = 160
 scopes data    [0x00000253c336b060,0x00000253c336b188] = 296
 scopes pcs     [0x00000253c336b188,0x00000253c336b4c8] = 832
 dependencies   [0x00000253c336b4c8,0x00000253c336b4f8] = 48
 nul chk table  [0x00000253c336b4f8,0x00000253c336b588] = 144


[Constant Pool]
             Address          hex4                    hex8      
  0x00000253c3369e60:   0x00000000      0xf4f4f4f400000000      
  0x00000253c3369e64:   0xf4f4f4f4                              
  0x00000253c3369e68:   0xf4f4f4f4      0xf4f4f4f4f4f4f4f4      
  0x00000253c3369e6c:   0xf4f4f4f4                              
  0x00000253c3369e70:   0xf4f4f4f4      0xf4f4f4f4f4f4f4f4      
  0x00000253c3369e74:   0xf4f4f4f4                              
  0x00000253c3369e78:   0xf4f4f4f4      0xf4f4f4f4f4f4f4f4      
  0x00000253c3369e7c:   0xf4f4f4f4                              

[MachCode]
[Entry Point]
  # {method} {0x000002541b401f90} 'update' '()V' in 'com/jme3/app/SimpleApplication'
  #           [sp+0x70]  (sp of caller)
  0x00000253c3369e80: ;   {no_reloc}
  0x00000253c3369e80: 448b 5208 | 49bb 0000 | 00da 5302 | 0000 4d03 | d34c 3bd0 

  0x00000253c3369e94: ;   {runtime_call ic_miss_stub}
  0x00000253c3369e94: 0f85 e64a | cf06 660f | 1f44 0000 
[Verified Entry Point]
  0x00000253c3369ea0: 8984 2400 | 80ff ff55 | 4883 ec60 | 4181 7f20 | 0600 0000 

  0x00000253c3369eb4: ;   {runtime_call StubRoutines (final stubs)}
  0x00000253c3369eb4: 7405 e805 | 61d0 0648 | 8954 2440 

  0x00000253c3369ec0: ;   {metadata(method data for {method} {0x000002541b401f90} 'update' '()V' in 'com/jme3/app/SimpleApplication')}
  0x00000253c3369ec0: 49b8 80f0 | 4e1c 5402 | 0000 418b | b0cc 0000 | 0083 c602 | 4189 b0cc | 0000 0081 | e6fe 0700 
  0x00000253c3369ee0: 0085 f60f | 84d1 0a00 | 008b 725c | 48c1 e603 

  0x00000253c3369ef0: ;   {metadata(method data for {method} {0x000002541b401f90} 'update' '()V' in 'com/jme3/app/SimpleApplication')}
  0x00000253c3369ef0: 4885 f649 | b880 f04e | 1c54 0200 | 0048 c7c7 | 1801 0000 | 7407 48c7 | c728 0100 | 0049 8b1c 
  0x00000253c3369f10: 3848 8d5b | 0149 891c | 380f 8442 | 0000 0090 

  0x00000253c3369f20: ;   {no_reloc}
  0x00000253c3369f20: e92e 0b00 | 0000 0000 | 0000 660f | 1f44 0000 

  0x00000253c3369f30: ; implicit exception: dispatches to 0x00000253c336aa5d
  0x00000253c3369f30: e939 0b00 | 0090 9049 | c1e0 0348 | 8bd6 0f1f | 8000 0000 | 0048 b8ff | ffff ffff 

  0x00000253c3369f4c: ;   {virtual_call}
  0x00000253c3369f4c: ffff ffe8 

  0x00000253c3369f50: ; ImmutableOopMap {[64]=Oop }
                      ;*invokeinterface appStep {reexecute=0 rethrow=0 return_oop=0}
                      ; - com.jme3.app.SimpleApplication::update@14 (line 244)
  0x00000253c3369f50: 2c54 cf06 

  0x00000253c3369f54: ;   {other}
  0x00000253c3369f54: 0f1f 8400 | 4404 0000 | 488b 5424 | 4048 8bf2 

  0x00000253c3369f64: ;   {metadata(method data for {method} {0x000002541b401f90} 'update' '()V' in 'com/jme3/app/SimpleApplication')}
  0x00000253c3369f64: 48bf 80f0 | 4e1c 5402 | 0000 4883 | 8768 0100 | 0001 488b | f248 8bd6 

  0x00000253c3369f7c: ;   {optimized virtual_call}
  0x00000253c3369f7c: 6666 90e8 

  0x00000253c3369f80: ; ImmutableOopMap {[64]=Oop }
                      ;*invokespecial update {reexecute=0 rethrow=0 return_oop=0}
                      ; - com.jme3.app.SimpleApplication::update@20 (line 246)
  0x00000253c3369f80: bc19 0000 

  0x00000253c3369f84: ;   {other}
  0x00000253c3369f84: 0f1f 8400 | 7404 0001 | 488b 5424 | 40c5 fa10 

  0x00000253c3369f94: ;   {section_word}
  0x00000253c3369f94: 420c c5fa | 100d c2fe | ffff c5f8 | 2ec1 41b8 | ffff ffff | 0f8a 1500 | 0000 0f82 | 0f00 0000 
  0x00000253c3369fb4: 41b8 0000 | 0000 0f84 | 0300 0000 | 49ff c045 

  0x00000253c3369fc4: ;   {metadata(method data for {method} {0x000002541b401f90} 'update' '()V' in 'com/jme3/app/SimpleApplication')}
  0x00000253c3369fc4: 85c0 49b8 | 80f0 4e1c | 5402 0000 | 48c7 c678 | 0100 0074 | 0748 c7c6 | 8801 0000 | 498b 3c30 
  0x00000253c3369fe4: 488d 7f01 | 4989 3c30 | 0f84 b509 | 0000 440f | be42 1145 

  0x00000253c3369ff8: ;   {metadata(method data for {method} {0x000002541b401f90} 'update' '()V' in 'com/jme3/app/SimpleApplication')}
  0x00000253c3369ff8: 85c0 49b8 | 80f0 4e1c | 5402 0000 | 48c7 c6a8 | 0100 0075 | 0748 c7c6 | 9801 0000 | 498b 3c30 
  0x00000253c336a018: 488d 7f01 | 4989 3c30 | 0f85 8109 | 0000 448b | 4234 49c1 | e003 493b | 0049 8bf0 

  0x00000253c336a034: ;   {metadata(method data for {method} {0x000002541b401f90} 'update' '()V' in 'com/jme3/app/SimpleApplication')}
  0x00000253c336a034: 48bf 80f0 | 4e1c 5402 

  0x00000253c336a03c: ;   {metadata('com/jme3/system/NanoTimer')}
  0x00000253c336a03c: 0000 49ba | 0020 00db | 5302 0000 | 4c89 97c0 | 0100 0048 | 8387 c801 | 0000 01c4 | c17a 1048 
  0x00000253c336a05c: 0cc5 f259 | c8c5 fa11 | 4c24 488b | 725c 48c1 | e603 4885 

  0x00000253c336a070: ;   {metadata(method data for {method} {0x000002541b401f90} 'update' '()V' in 'com/jme3/app/SimpleApplication')}
  0x00000253c336a070: f649 b880 | f04e 1c54 | 0200 0048 | c7c7 e801 | 0000 7407 | 48c7 c7f8 | 0100 0049 | 8b1c 3848 
  0x00000253c336a090: 8d5b 0149 | 891c 380f | 8444 0000 | 0066 6690 

  0x00000253c336a0a0: ;   {no_reloc}
  0x00000253c336a0a0: e950 0a00 | 0000 0000 | 0000 660f | 1f44 0000 

  0x00000253c336a0b0: ; implicit exception: dispatches to 0x00000253c336aaff
  0x00000253c336a0b0: e95b 0a00 | 0090 9049 | c1e0 0348 | 8bd6 0f1f | 8000 0000 | 0048 b8ff | ffff ffff 

  0x00000253c336a0cc: ;   {virtual_call}
  0x00000253c336a0cc: ffff ffe8 

  0x00000253c336a0d0: ; ImmutableOopMap {[64]=Oop }
                      ;*invokeinterface appStep {reexecute=0 rethrow=0 return_oop=0}
                      ; - com.jme3.app.SimpleApplication::update@67 (line 254)
  0x00000253c336a0d0: ac52 cf06 

  0x00000253c336a0d4: ;   {other}
  0x00000253c336a0d4: 0f1f 8400 | c405 0002 | 488b 5424 | 408b 7258 | 48c1 e603 

  0x00000253c336a0e8: ; implicit exception: dispatches to 0x00000253c336ab1a
  0x00000253c336a0e8: 483b 0648 

  0x00000253c336a0ec: ;   {metadata(method data for {method} {0x000002541b401f90} 'update' '()V' in 'com/jme3/app/SimpleApplication')}
  0x00000253c336a0ec: 8bfe 48bb | 80f0 4e1c | 5402 0000 

  0x00000253c336a0f8: ;   {metadata('com/jme3/app/state/AppStateManager')}
  0x00000253c336a0f8: 49ba 8870 | 00db 5302 | 0000 4c89 | 9340 0200 | 0048 8383 | 4802 0000 | 01c5 fa10 | 4424 4848 
  0x00000253c336a118: 8bd6 0f1f 

  0x00000253c336a11c: ;   {optimized virtual_call}
  0x00000253c336a11c: 4400 00e8 

  0x00000253c336a120: ; ImmutableOopMap {[64]=Oop }
                      ;*invokevirtual update {reexecute=0 rethrow=0 return_oop=0}
                      ; - com.jme3.app.SimpleApplication::update@77 (line 255)
  0x00000253c336a120: bcf6 5707 

  0x00000253c336a124: ;   {other}
  0x00000253c336a124: 0f1f 8400 | 1406 0003 | 488b 5424 

  0x00000253c336a130: ;   {metadata(method data for {method} {0x000002541b401f90} 'update' '()V' in 'com/jme3/app/SimpleApplication')}
  0x00000253c336a130: 4048 be80 | f04e 1c54 

  0x00000253c336a138: ;   {metadata('com/csproject/jMEMain')}
  0x00000253c336a138: 0200 0049 | ba98 1900 | db53 0200 | 004c 8996 | 7002 0000 | 4883 8678 | 0200 0001 | c5fa 1044 
  0x00000253c336a158: 2448 488b 

  0x00000253c336a15c: ;   {optimized virtual_call}
  0x00000253c336a15c: 5424 40e8 

  0x00000253c336a160: ; ImmutableOopMap {[64]=Oop }
                      ;*invokevirtual simpleUpdate {reexecute=0 rethrow=0 return_oop=0}
                      ; - com.jme3.app.SimpleApplication::update@82 (line 258)
  0x00000253c336a160: 7ca0 0200 

  0x00000253c336a164: ;   {other}
  0x00000253c336a164: 0f1f 8400 | 5406 0004 | 488b 5424 | 408b 725c | 48c1 e603 

  0x00000253c336a178: ;   {metadata(method data for {method} {0x000002541b401f90} 'update' '()V' in 'com/jme3/app/SimpleApplication')}
  0x00000253c336a178: 4885 f649 | b880 f04e | 1c54 0200 | 0048 c7c7 | 9802 0000 | 7407 48c7 | c7a8 0200 | 0049 8b1c 
  0x00000253c336a198: 3848 8d5b | 0149 891c | 380f 8442 | 0000 0090 

  0x00000253c336a1a8: ;   {no_reloc}
  0x00000253c336a1a8: e9ea 0900 | 0000 0000 | 0000 660f | 1f44 0000 

  0x00000253c336a1b8: ; implicit exception: dispatches to 0x00000253c336aba1
  0x00000253c336a1b8: e9f5 0900 | 0090 9049 | c1e0 0348 | 8bd6 0f1f | 8000 0000 | 0048 b8ff | ffff ffff 

  0x00000253c336a1d4: ;   {virtual_call}
  0x00000253c336a1d4: ffff ffe8 

  0x00000253c336a1d8: ; ImmutableOopMap {[64]=Oop }
                      ;*invokeinterface appStep {reexecute=0 rethrow=0 return_oop=0}
                      ; - com.jme3.app.SimpleApplication::update@99 (line 260)
  0x00000253c336a1d8: a451 cf06 

  0x00000253c336a1dc: ;   {other}
  0x00000253c336a1dc: 0f1f 8400 | cc06 0005 | 488b 5424 | 408b 7264 | 48c1 e603 

  0x00000253c336a1f0: ; implicit exception: dispatches to 0x00000253c336abbc
  0x00000253c336a1f0: 483b 0648 

  0x00000253c336a1f4: ;   {metadata(method data for {method} {0x000002541b401f90} 'update' '()V' in 'com/jme3/app/SimpleApplication')}
  0x00000253c336a1f4: 8bfe 48bb | 80f0 4e1c | 5402 0000 | 8b7f 0849 | ba00 0000 | da53 0200 | 0049 03fa | 483b bbf0 
  0x00000253c336a214: 0200 0075 | 0d48 8383 | f802 0000 | 01e9 6000 | 0000 483b | bb00 0300 | 0075 0d48 | 8383 0803 
  0x00000253c336a234: 0000 01e9 | 4a00 0000 | 4883 bbf0 | 0200 0000 | 7517 4889 | bbf0 0200 | 0048 c783 | f802 0000 
  0x00000253c336a254: 0100 0000 | e929 0000 | 0048 83bb | 0003 0000 | 0075 1748 | 89bb 0003 | 0000 48c7 | 8308 0300 
  0x00000253c336a274: 0001 0000 | 00e9 0800 | 0000 4883 | 83e8 0200 | 0001 c5fa | 1044 2448 | 488b d666 | 0f1f 4400 
  0x00000253c336a294: 0048 b810 | 3200 db53 

  0x00000253c336a29c: ;   {virtual_call}
  0x00000253c336a29c: 0200 00e8 

  0x00000253c336a2a0: ; ImmutableOopMap {[64]=Oop }
                      ;*invokevirtual updateLogicalState {reexecute=0 rethrow=0 return_oop=0}
                      ; - com.jme3.app.SimpleApplication::update@109 (line 261)
  0x00000253c336a2a0: 7cd5 4a07 

  0x00000253c336a2a4: ;   {other}
  0x00000253c336a2a4: 0f1f 8400 | 9407 0006 | 488b 5424 | 408b 7268 | 48c1 e603 

  0x00000253c336a2b8: ; implicit exception: dispatches to 0x00000253c336abc1
  0x00000253c336a2b8: 483b 0648 

  0x00000253c336a2bc: ;   {metadata(method data for {method} {0x000002541b401f90} 'update' '()V' in 'com/jme3/app/SimpleApplication')}
  0x00000253c336a2bc: 8bfe 48bb | 80f0 4e1c | 5402 0000 | 8b7f 0849 | ba00 0000 | da53 0200 | 0049 03fa | 483b bb20 
  0x00000253c336a2dc: 0300 0075 | 0d48 8383 | 2803 0000 | 01e9 6000 | 0000 483b | bb30 0300 | 0075 0d48 | 8383 3803 
  0x00000253c336a2fc: 0000 01e9 | 4a00 0000 | 4883 bb20 | 0300 0000 | 7517 4889 | bb20 0300 | 0048 c783 | 2803 0000 
  0x00000253c336a31c: 0100 0000 | e929 0000 | 0048 83bb | 3003 0000 | 0075 1748 | 89bb 3003 | 0000 48c7 | 8338 0300 
  0x00000253c336a33c: 0001 0000 | 00e9 0800 | 0000 4883 | 8318 0300 | 0001 c5fa | 1044 2448 | 488b d666 | 0f1f 4400 
  0x00000253c336a35c: 0048 b810 | 3200 db53 

  0x00000253c336a364: ;   {virtual_call}
  0x00000253c336a364: 0200 00e8 

  0x00000253c336a368: ; ImmutableOopMap {[64]=Oop }
                      ;*invokevirtual updateLogicalState {reexecute=0 rethrow=0 return_oop=0}
                      ; - com.jme3.app.SimpleApplication::update@117 (line 262)
  0x00000253c336a368: b4d4 4a07 

  0x00000253c336a36c: ;   {other}
  0x00000253c336a36c: 0f1f 8400 | 5c08 0007 | 488b 5424 | 408b 7264 | 48c1 e603 

  0x00000253c336a380: ; implicit exception: dispatches to 0x00000253c336abc6
  0x00000253c336a380: 483b 0648 

  0x00000253c336a384: ;   {metadata(method data for {method} {0x000002541b401f90} 'update' '()V' in 'com/jme3/app/SimpleApplication')}
  0x00000253c336a384: 8bfe 48bb | 80f0 4e1c | 5402 0000 | 8b7f 0849 | ba00 0000 | da53 0200 | 0049 03fa | 483b bb50 
  0x00000253c336a3a4: 0300 0075 | 0d48 8383 | 5803 0000 | 01e9 6000 | 0000 483b | bb60 0300 | 0075 0d48 | 8383 6803 
  0x00000253c336a3c4: 0000 01e9 | 4a00 0000 | 4883 bb50 | 0300 0000 | 7517 4889 | bb50 0300 | 0048 c783 | 5803 0000 
  0x00000253c336a3e4: 0100 0000 | e929 0000 | 0048 83bb | 6003 0000 | 0075 1748 | 89bb 6003 | 0000 48c7 | 8368 0300 
  0x00000253c336a404: 0001 0000 | 00e9 0800 | 0000 4883 | 8348 0300 | 0001 488b | d666 0f1f 

  0x00000253c336a41c: ;   {optimized virtual_call}
  0x00000253c336a41c: 4400 00e8 

  0x00000253c336a420: ; ImmutableOopMap {[64]=Oop }
                      ;*invokevirtual updateGeometricState {reexecute=0 rethrow=0 return_oop=0}
                      ; - com.jme3.app.SimpleApplication::update@124 (line 264)
  0x00000253c336a420: bce1 4a07 

  0x00000253c336a424: ;   {other}
  0x00000253c336a424: 0f1f 8400 | 1409 0008 | 488b 5424 | 408b 7268 | 48c1 e603 

  0x00000253c336a438: ; implicit exception: dispatches to 0x00000253c336abcb
  0x00000253c336a438: 483b 0648 

  0x00000253c336a43c: ;   {metadata(method data for {method} {0x000002541b401f90} 'update' '()V' in 'com/jme3/app/SimpleApplication')}
  0x00000253c336a43c: 8bfe 48bb | 80f0 4e1c | 5402 0000 | 8b7f 0849 | ba00 0000 | da53 0200 | 0049 03fa | 483b bb80 
  0x00000253c336a45c: 0300 0075 | 0d48 8383 | 8803 0000 | 01e9 6000 | 0000 483b | bb90 0300 | 0075 0d48 | 8383 9803 
  0x00000253c336a47c: 0000 01e9 | 4a00 0000 | 4883 bb80 | 0300 0000 | 7517 4889 | bb80 0300 | 0048 c783 | 8803 0000 
  0x00000253c336a49c: 0100 0000 | e929 0000 | 0048 83bb | 9003 0000 | 0075 1748 | 89bb 9003 | 0000 48c7 | 8398 0300 
  0x00000253c336a4bc: 0001 0000 | 00e9 0800 | 0000 4883 | 8378 0300 | 0001 488b | d666 0f1f 

  0x00000253c336a4d4: ;   {optimized virtual_call}
  0x00000253c336a4d4: 4400 00e8 

  0x00000253c336a4d8: ; ImmutableOopMap {[64]=Oop }
                      ;*invokevirtual updateGeometricState {reexecute=0 rethrow=0 return_oop=0}
                      ; - com.jme3.app.SimpleApplication::update@131 (line 265)
  0x00000253c336a4d8: 04e1 4a07 

  0x00000253c336a4dc: ;   {other}
  0x00000253c336a4dc: 0f1f 8400 | cc09 0009 | 488b 5424 | 408b 725c | 48c1 e603 

  0x00000253c336a4f0: ;   {metadata(method data for {method} {0x000002541b401f90} 'update' '()V' in 'com/jme3/app/SimpleApplication')}
  0x00000253c336a4f0: 4885 f649 | b880 f04e | 1c54 0200 | 0048 c7c7 | a803 0000 | 7407 48c7 | c7b8 0300 | 0049 8b1c 
  0x00000253c336a510: 3848 8d5b | 0149 891c | 380f 8442 | 0000 0090 

  0x00000253c336a520: ;   {no_reloc}
  0x00000253c336a520: e923 0700 | 0000 0000 | 0000 660f | 1f44 0000 

  0x00000253c336a530: ; implicit exception: dispatches to 0x00000253c336ac52
  0x00000253c336a530: e92e 0700 | 0090 9049 | c1e0 0348 | 8bd6 0f1f | 8000 0000 | 0048 b8ff | ffff ffff 

  0x00000253c336a54c: ;   {virtual_call}
  0x00000253c336a54c: ffff ffe8 

  0x00000253c336a550: ; ImmutableOopMap {[64]=Oop }
                      ;*invokeinterface appStep {reexecute=0 rethrow=0 return_oop=0}
                      ; - com.jme3.app.SimpleApplication::update@148 (line 268)
  0x00000253c336a550: 2c4e cf06 

  0x00000253c336a554: ;   {other}
  0x00000253c336a554: 0f1f 8400 | 440a 000a | 488b 5424 | 408b 7258 | 48c1 e603 | 448b 4220 | 49c1 e003 

  0x00000253c336a570: ; implicit exception: dispatches to 0x00000253c336ac6d
  0x00000253c336a570: 483b 0648 

  0x00000253c336a574: ;   {metadata(method data for {method} {0x000002541b401f90} 'update' '()V' in 'com/jme3/app/SimpleApplication')}
  0x00000253c336a574: 8bfe 48bb | 80f0 4e1c | 5402 0000 

  0x00000253c336a580: ;   {metadata('com/jme3/app/state/AppStateManager')}
  0x00000253c336a580: 49ba 8870 | 00db 5302 | 0000 4c89 | 9300 0400 | 0048 8383 | 0804 0000 | 0148 8bd6 

  0x00000253c336a59c: ;   {optimized virtual_call}
  0x00000253c336a59c: 6666 90e8 

  0x00000253c336a5a0: ; ImmutableOopMap {[64]=Oop }
                      ;*invokevirtual render {reexecute=0 rethrow=0 return_oop=0}
                      ; - com.jme3.app.SimpleApplication::update@161 (line 269)
  0x00000253c336a5a0: 7ce3 5707 

  0x00000253c336a5a4: ;   {other}
  0x00000253c336a5a4: 0f1f 8400 | 940a 000b | 488b 5424 | 408b 725c | 48c1 e603 

  0x00000253c336a5b8: ;   {metadata(method data for {method} {0x000002541b401f90} 'update' '()V' in 'com/jme3/app/SimpleApplication')}
  0x00000253c336a5b8: 4885 f649 | b880 f04e | 1c54 0200 | 0048 c7c7 | 2804 0000 | 7407 48c7 | c738 0400 | 0049 8b1c 
  0x00000253c336a5d8: 3848 8d5b | 0149 891c | 380f 8442 | 0000 0090 

  0x00000253c336a5e8: ;   {no_reloc}
  0x00000253c336a5e8: e9fd 0600 | 0000 0000 | 0000 660f | 1f44 0000 

  0x00000253c336a5f8: ; implicit exception: dispatches to 0x00000253c336acf4
  0x00000253c336a5f8: e908 0700 | 0090 9049 | c1e0 0348 | 8bd6 0f1f | 8000 0000 | 0048 b8ff | ffff ffff 

  0x00000253c336a614: ;   {virtual_call}
  0x00000253c336a614: ffff ffe8 

  0x00000253c336a618: ; ImmutableOopMap {[64]=Oop }
                      ;*invokeinterface appStep {reexecute=0 rethrow=0 return_oop=0}
                      ; - com.jme3.app.SimpleApplication::update@178 (line 271)
  0x00000253c336a618: 644d cf06 

  0x00000253c336a61c: ;   {other}
  0x00000253c336a61c: 0f1f 8400 | 0c0b 000c | 488b 5424 | 408b 7220 | 48c1 e603 | 448b 422c | 49c1 e003 | 4d85 c00f 
  0x00000253c336a63c: 842a 0000 

  0x00000253c336a640: ;   {metadata('com/jme3/system/lwjgl/LwjglContext')}
  0x00000253c336a640: 0048 b968 | ee01 db53 | 0200 0041 | 8b40 0849 | ba00 0000 | da53 0200 | 0049 03c2 | 483b 4838 
  0x00000253c336a660: 0f85 a906 | 0000 e900 | 0000 0049 | 8bf8 493b | 0049 8bf8 

  0x00000253c336a674: ;   {metadata(method data for {method} {0x000002541b401f90} 'update' '()V' in 'com/jme3/app/SimpleApplication')}
  0x00000253c336a674: 48bb 80f0 | 4e1c 5402 | 0000 8b7f | 0849 ba00 | 0000 da53 | 0200 0049 | 03fa 483b | bb80 0400 
  0x00000253c336a694: 0075 0d48 | 8383 8804 | 0000 01e9 | 6000 0000 | 483b bb90 | 0400 0075 | 0d48 8383 | 9804 0000 
  0x00000253c336a6b4: 01e9 4a00 | 0000 4883 | bb80 0400 | 0000 7517 | 4889 bb80 | 0400 0048 | c783 8804 | 0000 0100 
  0x00000253c336a6d4: 0000 e929 | 0000 0048 | 83bb 9004 | 0000 0075 | 1748 89bb | 9004 0000 | 48c7 8398 | 0400 0001 
  0x00000253c336a6f4: 0000 00e9 | 0800 0000 | 4883 8378 | 0400 0001 

  0x00000253c336a704: ;   {metadata(method data for {method} {0x000002541bb1bfb0} 'isRenderable' '()Z' in 'com/jme3/system/lwjgl/LwjglContext')}
  0x00000253c336a704: 48bf 38e5 | 4d1c 5402 | 0000 8b9f | cc00 0000 | 83c3 0289 | 9fcc 0000 | 0081 e3fe | ff1f 0085 
  0x00000253c336a724: db0f 84ee | 0500 0041 | 8b78 1448 | c1e7 0348 | 3b07 488b 

  0x00000253c336a738: ;   {metadata(method data for {method} {0x000002541bb1bfb0} 'isRenderable' '()Z' in 'com/jme3/system/lwjgl/LwjglContext')}
  0x00000253c336a738: df48 b838 | e54d 1c54 | 0200 0048 | 8380 1801 

  0x00000253c336a748: ;   {metadata(method data for {method} {0x000002541b22d008} 'get' '()Z' in 'java/util/concurrent/atomic/AtomicBoolean')}
  0x00000253c336a748: 0000 0148 | bbc0 b32d | 1c54 0200 | 008b 83cc | 0000 0083 | c002 8983 | cc00 0000 | 25fe ff1f 
  0x00000253c336a768: 0085 c00f | 84ce 0500 | 0044 8b47 | 0c45 85c0 

  0x00000253c336a778: ;   {metadata(method data for {method} {0x000002541b22d008} 'get' '()Z' in 'java/util/concurrent/atomic/AtomicBoolean')}
  0x00000253c336a778: 49b8 c0b3 | 2d1c 5402 | 0000 48c7 | c718 0100 | 0074 0748 | c7c7 2801 | 0000 498b | 1c38 488d 
  0x00000253c336a798: 5b01 4989 | 1c38 0f84 | 1c00 0000 

  0x00000253c336a7a4: ;   {metadata(method data for {method} {0x000002541b22d008} 'get' '()Z' in 'java/util/concurrent/atomic/AtomicBoolean')}
  0x00000253c336a7a4: 49b8 c0b3 | 2d1c 5402 | 0000 41ff | 8038 0100 | 0041 b801 | 0000 00e9 | 0600 0000 | 41b8 0000 
  0x00000253c336a7c4: 0000 4183 | e001 4183 | e001 483b | 0648 8bfe 

  0x00000253c336a7d4: ;   {metadata(method data for {method} {0x000002541b401f90} 'update' '()V' in 'com/jme3/app/SimpleApplication')}
  0x00000253c336a7d4: 48bb 80f0 | 4e1c 5402 

  0x00000253c336a7dc: ;   {metadata('com/jme3/renderer/RenderManager')}
  0x00000253c336a7dc: 0000 49ba | 009a 1bdb | 5302 0000 | 4c89 93b0 | 0400 0048 | 8383 b804 | 0000 01c5 | fa10 4424 
  0x00000253c336a7fc: 4848 8bd6 | 0f1f 8000 

  0x00000253c336a804: ;   {optimized virtual_call}
  0x00000253c336a804: 0000 00e8 

  0x00000253c336a808: ; ImmutableOopMap {[64]=Oop }
                      ;*invokevirtual render {reexecute=0 rethrow=0 return_oop=0}
                      ; - com.jme3.app.SimpleApplication::update@197 (line 272)
  0x00000253c336a808: b436 0400 

  0x00000253c336a80c: ;   {other}
  0x00000253c336a80c: 0f1f 8400 | fc0c 000d | 488b 5424 | 408b 7220 | 48c1 e603 

  0x00000253c336a820: ;   {metadata(method data for {method} {0x000002541b401f90} 'update' '()V' in 'com/jme3/app/SimpleApplication')}
  0x00000253c336a820: 488b fa48 | bb80 f04e | 1c54 0200 | 008b 7f08 | 49ba 0000 | 00da 5302 | 0000 4903 | fa48 3bbb 
  0x00000253c336a840: e004 0000 | 750d 4883 | 83e8 0400 | 0001 e960 | 0000 0048 | 3bbb f004 | 0000 750d | 4883 83f8 
  0x00000253c336a860: 0400 0001 | e94a 0000 | 0048 83bb | e004 0000 | 0075 1748 | 89bb e004 | 0000 48c7 | 83e8 0400 
  0x00000253c336a880: 0001 0000 | 00e9 2900 | 0000 4883 | bbf0 0400 | 0000 7517 | 4889 bbf0 | 0400 0048 | c783 f804 
  0x00000253c336a8a0: 0000 0100 | 0000 e908 | 0000 0048 | 8383 d804 

  0x00000253c336a8b0: ;   {metadata(method data for {method} {0x000002541b403928} 'simpleRender' '(Lcom/jme3/renderer/RenderManager;)V' in 'com/jme3/app/SimpleApplication')}
  0x00000253c336a8b0: 0000 0148 | bfb8 fe4e | 1c54 0200 | 008b 9fcc | 0000 0083 | c302 899f | cc00 0000 | 81e3 feff 
  0x00000253c336a8d0: 1f00 85db | 0f84 8b04 | 0000 8b72 | 5848 c1e6 | 0348 3b06 

  0x00000253c336a8e4: ;   {metadata(method data for {method} {0x000002541b401f90} 'update' '()V' in 'com/jme3/app/SimpleApplication')}
  0x00000253c336a8e4: 488b fe48 | bb80 f04e | 1c54 0200 

  0x00000253c336a8f0: ;   {metadata('com/jme3/app/state/AppStateManager')}
  0x00000253c336a8f0: 0049 ba88 | 7000 db53 | 0200 004c | 8993 1005 | 0000 4883 | 8318 0500 | 0001 488b 

  0x00000253c336a90c: ;   {optimized virtual_call}
  0x00000253c336a90c: d666 90e8 

  0x00000253c336a910: ; ImmutableOopMap {[64]=Oop }
                      ;*invokevirtual postRender {reexecute=0 rethrow=0 return_oop=0}
                      ; - com.jme3.app.SimpleApplication::update@212 (line 274)
  0x00000253c336a910: 0cd3 5707 

  0x00000253c336a914: ;   {other}
  0x00000253c336a914: 0f1f 8400 | 040e 000e | 488b 5424 | 408b 725c | 48c1 e603 

  0x00000253c336a928: ;   {metadata(method data for {method} {0x000002541b401f90} 'update' '()V' in 'com/jme3/app/SimpleApplication')}
  0x00000253c336a928: 4885 f649 | b880 f04e | 1c54 0200 | 0048 c7c7 | 3805 0000 | 7407 48c7 | c748 0500 | 0049 8b1c 
  0x00000253c336a948: 3848 8d5b | 0149 891c | 380f 843d | 0000 0090 

  0x00000253c336a958: ;   {no_reloc}
  0x00000253c336a958: e9a6 0400 | 0000 0000 | 0000 660f | 1f44 0000 

  0x00000253c336a968: ; implicit exception: dispatches to 0x00000253c336ae0d
  0x00000253c336a968: e9b1 0400 | 0090 9049 | c1e0 0348 | 8bd6 0f1f | 8000 0000 | 0048 b8ff | ffff ffff 

  0x00000253c336a984: ;   {virtual_call}
  0x00000253c336a984: ffff ffe8 

  0x00000253c336a988: ; ImmutableOopMap {[64]=Oop }
                      ;*invokeinterface appStep {reexecute=0 rethrow=0 return_oop=0}
                      ; - com.jme3.app.SimpleApplication::update@229 (line 276)
  0x00000253c336a988: f449 cf06 

  0x00000253c336a98c: ;   {other}
  0x00000253c336a98c: 0f1f 8400 | 7c0e 000f | 4883 c460 

  0x00000253c336a998: ;   {poll_return}
  0x00000253c336a998: 5d49 3ba7 | 5804 0000 | 0f87 8204 | 0000 c348 | 83c4 605d 

  0x00000253c336a9ac: ;   {poll_return}
  0x00000253c336a9ac: 493b a758 | 0400 000f | 8785 0400 

  0x00000253c336a9b8: ;   {metadata({method} {0x000002541b401f90} 'update' '()V' in 'com/jme3/app/SimpleApplication')}
  0x00000253c336a9b8: 00c3 49ba | 881f 401b | 5402 0000 | 4c89 5424 | 0848 c704 | 24ff ffff 

  0x00000253c336a9d0: ;   {runtime_call counter_overflow Runtime1 stub}
  0x00000253c336a9d0: ffe8 2a0b 

  0x00000253c336a9d4: ; ImmutableOopMap {rdx=Oop [64]=Oop }
                      ;*synchronization entry
                      ; - com.jme3.app.SimpleApplication::update@-1 (line 244)
  0x00000253c336a9d4: de06 e90e 

  0x00000253c336a9d8: ;   {oop(nullptr)}
  0x00000253c336a9d8: f5ff ff49 | b800 0000 | 0000 0000 | 0050 5349 | 8b58 1057 | 5652 5141 | 5041 5141 | 5241 5348 
  0x00000253c336a9f8: 83ec 2040 | f6c4 0f0f | 8419 0000 | 0048 83ec 

  0x00000253c336aa08: ;   {runtime_call}
  0x00000253c336aa08: 0848 b890 | b54b f9fe | 7f00 00ff | d048 83c4 | 08e9 0c00 

  0x00000253c336aa1c: ;   {runtime_call}
  0x00000253c336aa1c: 0000 48b8 | 90b5 4bf9 | fe7f 0000 | ffd0 4883 | c420 415b | 415a 4159 | 4158 595a | 5e5f 483b 
  0x00000253c336aa3c: 8330 0100 | 005b 580f | 850a 0000 | 00e9 dcf4 | ffff b800 

  0x00000253c336aa50: ;   {runtime_call load_mirror_patching Runtime1 stub}
  0x00000253c336aa50: 786e 0ae8 

  0x00000253c336aa54: ; ImmutableOopMap {rsi=Oop [64]=Oop }
                      ;*getstatic BeginFrame {reexecute=1 rethrow=0 return_oop=0}
                      ; - (reexecute) com.jme3.app.SimpleApplication::update@11 (line 244)
  0x00000253c336aa54: a8fa dd06 | e9c3 f4ff 

  0x00000253c336aa5c: ;   {runtime_call throw_null_pointer_exception Runtime1 stub}
  0x00000253c336aa5c: ffe8 3ea2 

  0x00000253c336aa60: ; ImmutableOopMap {rsi=Oop r8=Oop [64]=Oop }
                      ;*getstatic BeginFrame {reexecute=1 rethrow=0 return_oop=0}
                      ; - (reexecute) com.jme3.app.SimpleApplication::update@11 (line 244)
  0x00000253c336aa60: dd06 458b | 8000 0000 | 00b8 000c 

  0x00000253c336aa6c: ;   {runtime_call access_field_patching Runtime1 stub}
  0x00000253c336aa6c: 0507 e88d 

  0x00000253c336aa70: ; ImmutableOopMap {rsi=Oop r8=Oop [64]=Oop }
                      ;*getstatic BeginFrame {reexecute=1 rethrow=0 return_oop=0}
                      ; - (reexecute) com.jme3.app.SimpleApplication::update@11 (line 244)
  0x00000253c336aa70: eddd 06e9 | b8f4 ffff 

  0x00000253c336aa78: ;   {runtime_call throw_null_pointer_exception Runtime1 stub}
  0x00000253c336aa78: e823 a2dd 

  0x00000253c336aa7c: ; ImmutableOopMap {rdx=Oop r8=Oop [64]=Oop }
                      ;*invokevirtual getTimePerFrame {reexecute=0 rethrow=0 return_oop=0}
                      ; - com.jme3.app.SimpleApplication::update@44 (line 251)
                      ;   {oop(nullptr)}
  0x00000253c336aa7c: 0649 b800 | 0000 0000 | 0000 0050 | 5349 8b58 | 1057 5652 | 5141 5041 | 5141 5241 | 5348 83ec 
  0x00000253c336aa9c: 2040 f6c4 | 0f0f 8419 | 0000 0048 

  0x00000253c336aaa8: ;   {runtime_call}
  0x00000253c336aaa8: 83ec 0848 | b890 b54b | f9fe 7f00 | 00ff d048 | 83c4 08e9 | 0c00 0000 

  0x00000253c336aac0: ;   {runtime_call}
  0x00000253c336aac0: 48b8 90b5 | 4bf9 fe7f | 0000 ffd0 | 4883 c420 | 415b 415a | 4159 4158 | 595a 5e5f | 483b 8330 
  0x00000253c336aae0: 0100 005b | 580f 850a | 0000 00e9 | baf5 ffff | b800 786e 

  0x00000253c336aaf4: ;   {runtime_call load_mirror_patching Runtime1 stub}
  0x00000253c336aaf4: 0ae8 06fa 

  0x00000253c336aaf8: ; ImmutableOopMap {rsi=Oop [64]=Oop }
                      ;*getstatic StateManagerUpdate {reexecute=1 rethrow=0 return_oop=0}
                      ; - (reexecute) com.jme3.app.SimpleApplication::update@64 (line 254)
  0x00000253c336aaf8: dd06 e9a1 

  0x00000253c336aafc: ;   {runtime_call throw_null_pointer_exception Runtime1 stub}
  0x00000253c336aafc: f5ff ffe8 

  0x00000253c336ab00: ; ImmutableOopMap {rsi=Oop r8=Oop [64]=Oop }
                      ;*getstatic StateManagerUpdate {reexecute=1 rethrow=0 return_oop=0}
                      ; - (reexecute) com.jme3.app.SimpleApplication::update@64 (line 254)
  0x00000253c336ab00: 9ca1 dd06 | 458b 8000 | 0000 00b8 | 000c 0507 

  0x00000253c336ab10: ;   {runtime_call access_field_patching Runtime1 stub}
  0x00000253c336ab10: e8eb ecdd 

  0x00000253c336ab14: ; ImmutableOopMap {rsi=Oop r8=Oop [64]=Oop }
                      ;*getstatic StateManagerUpdate {reexecute=1 rethrow=0 return_oop=0}
                      ; - (reexecute) com.jme3.app.SimpleApplication::update@64 (line 254)
  0x00000253c336ab14: 06e9 96f5 

  0x00000253c336ab18: ;   {runtime_call throw_null_pointer_exception Runtime1 stub}
  0x00000253c336ab18: ffff e881 

  0x00000253c336ab1c: ; ImmutableOopMap {rdx=Oop rsi=Oop [64]=Oop }
                      ;*invokevirtual update {reexecute=0 rethrow=0 return_oop=0}
                      ; - com.jme3.app.SimpleApplication::update@77 (line 255)
                      ;   {oop(nullptr)}
  0x00000253c336ab1c: a1dd 0649 | b800 0000 | 0000 0000 | 0050 5349 | 8b58 1057 | 5652 5141 | 5041 5141 | 5241 5348 
  0x00000253c336ab3c: 83ec 2040 | f6c4 0f0f | 8419 0000 | 0048 83ec 

  0x00000253c336ab4c: ;   {runtime_call}
  0x00000253c336ab4c: 0848 b890 | b54b f9fe | 7f00 00ff | d048 83c4 | 08e9 0c00 

  0x00000253c336ab60: ;   {runtime_call}
  0x00000253c336ab60: 0000 48b8 | 90b5 4bf9 | fe7f 0000 | ffd0 4883 | c420 415b | 415a 4159 | 4158 595a | 5e5f 483b 
  0x00000253c336ab80: 8330 0100 | 005b 580f | 850a 0000 | 00e9 20f6 | ffff b800 

  0x00000253c336ab94: ;   {runtime_call load_mirror_patching Runtime1 stub}
  0x00000253c336ab94: 786e 0ae8 

  0x00000253c336ab98: ; ImmutableOopMap {rsi=Oop [64]=Oop }
                      ;*getstatic SpatialUpdate {reexecute=1 rethrow=0 return_oop=0}
                      ; - (reexecute) com.jme3.app.SimpleApplication::update@96 (line 260)
  0x00000253c336ab98: 64f9 dd06 | e907 f6ff 

  0x00000253c336aba0: ;   {runtime_call throw_null_pointer_exception Runtime1 stub}
  0x00000253c336aba0: ffe8 faa0 

  0x00000253c336aba4: ; ImmutableOopMap {rsi=Oop r8=Oop [64]=Oop }
                      ;*getstatic SpatialUpdate {reexecute=1 rethrow=0 return_oop=0}
                      ; - (reexecute) com.jme3.app.SimpleApplication::update@96 (line 260)
  0x00000253c336aba4: dd06 458b | 8000 0000 | 00b8 000c 

  0x00000253c336abb0: ;   {runtime_call access_field_patching Runtime1 stub}
  0x00000253c336abb0: 0507 e849 

  0x00000253c336abb4: ; ImmutableOopMap {rsi=Oop r8=Oop [64]=Oop }
                      ;*getstatic SpatialUpdate {reexecute=1 rethrow=0 return_oop=0}
                      ; - (reexecute) com.jme3.app.SimpleApplication::update@96 (line 260)
  0x00000253c336abb4: ecdd 06e9 | fcf5 ffff 

  0x00000253c336abbc: ;   {runtime_call throw_null_pointer_exception Runtime1 stub}
  0x00000253c336abbc: e8df a0dd 

  0x00000253c336abc0: ; ImmutableOopMap {rdx=Oop rsi=Oop [64]=Oop }
                      ;*invokevirtual updateLogicalState {reexecute=0 rethrow=0 return_oop=0}
                      ; - com.jme3.app.SimpleApplication::update@109 (line 261)
                      ;   {runtime_call throw_null_pointer_exception Runtime1 stub}
  0x00000253c336abc0: 06e8 daa0 

  0x00000253c336abc4: ; ImmutableOopMap {rdx=Oop rsi=Oop [64]=Oop }
                      ;*invokevirtual updateLogicalState {reexecute=0 rethrow=0 return_oop=0}
                      ; - com.jme3.app.SimpleApplication::update@117 (line 262)
                      ;   {runtime_call throw_null_pointer_exception Runtime1 stub}
  0x00000253c336abc4: dd06 e8d5 

  0x00000253c336abc8: ; ImmutableOopMap {rdx=Oop rsi=Oop [64]=Oop }
                      ;*invokevirtual updateGeometricState {reexecute=0 rethrow=0 return_oop=0}
                      ; - com.jme3.app.SimpleApplication::update@124 (line 264)
                      ;   {runtime_call throw_null_pointer_exception Runtime1 stub}
  0x00000253c336abc8: a0dd 06e8 

  0x00000253c336abcc: ; ImmutableOopMap {rdx=Oop rsi=Oop [64]=Oop }
                      ;*invokevirtual updateGeometricState {reexecute=0 rethrow=0 return_oop=0}
                      ; - com.jme3.app.SimpleApplication::update@131 (line 265)
  0x00000253c336abcc: d0a0 dd06 

  0x00000253c336abd0: ;   {oop(nullptr)}
  0x00000253c336abd0: 49b8 0000 | 0000 0000 | 0000 5053 | 498b 5810 | 5756 5251 | 4150 4151 | 4152 4153 | 4883 ec20 
  0x00000253c336abf0: 40f6 c40f | 0f84 1900 | 0000 4883 

  0x00000253c336abfc: ;   {runtime_call}
  0x00000253c336abfc: ec08 48b8 | 90b5 4bf9 | fe7f 0000 | ffd0 4883 | c408 e90c 

  0x00000253c336ac10: ;   {runtime_call}
  0x00000253c336ac10: 0000 0048 | b890 b54b | f9fe 7f00 | 00ff d048 | 83c4 2041 | 5b41 5a41 | 5941 5859 | 5a5e 5f48 
  0x00000253c336ac30: 3b83 3001 | 0000 5b58 | 0f85 0a00 | 0000 e9e7 | f8ff ffb8 | 0078 6e0a 

  0x00000253c336ac48: ;   {runtime_call load_mirror_patching Runtime1 stub}
  0x00000253c336ac48: e8b3 f8dd 

  0x00000253c336ac4c: ; ImmutableOopMap {rsi=Oop [64]=Oop }
                      ;*getstatic StateManagerRender {reexecute=1 rethrow=0 return_oop=0}
                      ; - (reexecute) com.jme3.app.SimpleApplication::update@145 (line 268)
  0x00000253c336ac4c: 06e9 cef8 

  0x00000253c336ac50: ;   {runtime_call throw_null_pointer_exception Runtime1 stub}
  0x00000253c336ac50: ffff e849 

  0x00000253c336ac54: ; ImmutableOopMap {rsi=Oop r8=Oop [64]=Oop }
                      ;*getstatic StateManagerRender {reexecute=1 rethrow=0 return_oop=0}
                      ; - (reexecute) com.jme3.app.SimpleApplication::update@145 (line 268)
  0x00000253c336ac54: a0dd 0645 | 8b80 0000 | 0000 b800 

  0x00000253c336ac60: ;   {runtime_call access_field_patching Runtime1 stub}
  0x00000253c336ac60: 0c05 07e8 

  0x00000253c336ac64: ; ImmutableOopMap {rsi=Oop r8=Oop [64]=Oop }
                      ;*getstatic StateManagerRender {reexecute=1 rethrow=0 return_oop=0}
                      ; - (reexecute) com.jme3.app.SimpleApplication::update@145 (line 268)
  0x00000253c336ac64: 98eb dd06 | e9c3 f8ff 

  0x00000253c336ac6c: ;   {runtime_call throw_null_pointer_exception Runtime1 stub}
  0x00000253c336ac6c: ffe8 2ea0 

  0x00000253c336ac70: ; ImmutableOopMap {rdx=Oop rsi=Oop r8=Oop [64]=Oop }
                      ;*invokevirtual render {reexecute=0 rethrow=0 return_oop=0}
                      ; - com.jme3.app.SimpleApplication::update@161 (line 269)
                      ;   {oop(nullptr)}
  0x00000253c336ac70: dd06 49b8 | 0000 0000 | 0000 0000 | 5053 498b | 5810 5756 | 5251 4150 | 4151 4152 | 4153 4883 
  0x00000253c336ac90: ec20 40f6 | c40f 0f84 | 1900 0000 | 4883 ec08 

  0x00000253c336aca0: ;   {runtime_call}
  0x00000253c336aca0: 48b8 90b5 | 4bf9 fe7f | 0000 ffd0 | 4883 c408 | e90c 0000 

  0x00000253c336acb4: ;   {runtime_call}
  0x00000253c336acb4: 0048 b890 | b54b f9fe | 7f00 00ff | d048 83c4 | 2041 5b41 | 5a41 5941 | 5859 5a5e | 5f48 3b83 
  0x00000253c336acd4: 3001 0000 | 5b58 0f85 | 0a00 0000 | e90d f9ff | ffb8 0078 

  0x00000253c336ace8: ;   {runtime_call load_mirror_patching Runtime1 stub}
  0x00000253c336ace8: 6e0a e811 

  0x00000253c336acec: ; ImmutableOopMap {rsi=Oop [64]=Oop }
                      ;*getstatic RenderFrame {reexecute=1 rethrow=0 return_oop=0}
                      ; - (reexecute) com.jme3.app.SimpleApplication::update@175 (line 271)
  0x00000253c336acec: f8dd 06e9 | f4f8 ffff 

  0x00000253c336acf4: ;   {runtime_call throw_null_pointer_exception Runtime1 stub}
  0x00000253c336acf4: e8a7 9fdd 

  0x00000253c336acf8: ; ImmutableOopMap {rsi=Oop r8=Oop [64]=Oop }
                      ;*getstatic RenderFrame {reexecute=1 rethrow=0 return_oop=0}
                      ; - (reexecute) com.jme3.app.SimpleApplication::update@175 (line 271)
  0x00000253c336acf8: 0645 8b80 | 0000 0000 | b800 0c05 

  0x00000253c336ad04: ;   {runtime_call access_field_patching Runtime1 stub}
  0x00000253c336ad04: 07e8 f6ea 

  0x00000253c336ad08: ; ImmutableOopMap {rsi=Oop r8=Oop [64]=Oop }
                      ;*getstatic RenderFrame {reexecute=1 rethrow=0 return_oop=0}
                      ; - (reexecute) com.jme3.app.SimpleApplication::update@175 (line 271)
  0x00000253c336ad08: dd06 e9e9 

  0x00000253c336ad0c: ;   {runtime_call throw_incompatible_class_change_error Runtime1 stub}
  0x00000253c336ad0c: f8ff ffe8 

  0x00000253c336ad10: ; ImmutableOopMap {rdx=Oop rsi=Oop r8=Oop [64]=Oop }
                      ;*invokeinterface isRenderable {reexecute=0 rethrow=0 return_oop=0}
                      ; - com.jme3.app.SimpleApplication::update@192 (line 272)
  0x00000253c336ad10: 8cd4 dd06 

  0x00000253c336ad14: ;   {runtime_call throw_null_pointer_exception Runtime1 stub}
  0x00000253c336ad14: e887 9fdd 

  0x00000253c336ad18: ; ImmutableOopMap {rdx=Oop rsi=Oop r8=Oop [64]=Oop }
                      ;*invokeinterface isRenderable {reexecute=0 rethrow=0 return_oop=0}
                      ; - com.jme3.app.SimpleApplication::update@192 (line 272)
                      ;   {metadata({method} {0x000002541bb1bfb0} 'isRenderable' '()Z' in 'com/jme3/system/lwjgl/LwjglContext')}
  0x00000253c336ad18: 0649 baa8 | bfb1 1b54 | 0200 004c | 8954 2408 | 48c7 0424 | ffff ffff 

  0x00000253c336ad30: ;   {runtime_call counter_overflow Runtime1 stub}
  0x00000253c336ad30: e8cb 07de 

  0x00000253c336ad34: ; ImmutableOopMap {rdx=Oop rsi=Oop r8=Oop [64]=Oop }
                      ;*synchronization entry
                      ; - com.jme3.system.lwjgl.LwjglContext::isRenderable@-1 (line 497)
                      ; - com.jme3.app.SimpleApplication::update@192 (line 272)
  0x00000253c336ad34: 06e9 f1f9 

  0x00000253c336ad38: ;   {runtime_call throw_null_pointer_exception Runtime1 stub}
  0x00000253c336ad38: ffff e861 

  0x00000253c336ad3c: ; ImmutableOopMap {rdx=Oop rsi=Oop r8=Oop rdi=Oop [64]=Oop }
                      ;*invokevirtual get {reexecute=0 rethrow=0 return_oop=0}
                      ; - com.jme3.system.lwjgl.LwjglContext::isRenderable@4 (line 497)
                      ; - com.jme3.app.SimpleApplication::update@192 (line 272)
                      ;   {metadata({method} {0x000002541b22d008} 'get' '()Z' in 'java/util/concurrent/atomic/AtomicBoolean')}
  0x00000253c336ad3c: 9fdd 0649 | ba00 d022 | 1b54 0200 | 004c 8954 | 2408 48c7 | 0424 ffff 

  0x00000253c336ad54: ;   {runtime_call counter_overflow Runtime1 stub}
  0x00000253c336ad54: ffff e8a5 

  0x00000253c336ad58: ; ImmutableOopMap {rdx=Oop rsi=Oop r8=Oop rdi=Oop [64]=Oop }
                      ;*synchronization entry
                      ; - java.util.concurrent.atomic.AtomicBoolean::get@-1 (line 88)
                      ; - com.jme3.system.lwjgl.LwjglContext::isRenderable@4 (line 497)
                      ; - com.jme3.app.SimpleApplication::update@192 (line 272)
  0x00000253c336ad58: 07de 06e9 | 11fa ffff 

  0x00000253c336ad60: ;   {runtime_call throw_null_pointer_exception Runtime1 stub}
  0x00000253c336ad60: e83b 9fdd 

  0x00000253c336ad64: ; ImmutableOopMap {rsi=Oop [64]=Oop }
                      ;*invokevirtual render {reexecute=0 rethrow=0 return_oop=0}
                      ; - com.jme3.app.SimpleApplication::update@197 (line 272)
                      ;   {metadata({method} {0x000002541b403928} 'simpleRender' '(Lcom/jme3/renderer/RenderManager;)V' in 'com/jme3/app/SimpleApplication')}
  0x00000253c336ad64: 0649 ba20 | 3940 1b54 | 0200 004c | 8954 2408 | 48c7 0424 | ffff ffff 

  0x00000253c336ad7c: ;   {runtime_call counter_overflow Runtime1 stub}
  0x00000253c336ad7c: e87f 07de 

  0x00000253c336ad80: ; ImmutableOopMap {rdx=Oop rsi=Oop [64]=Oop }
                      ;*synchronization entry
                      ; - com.jme3.app.SimpleApplication::simpleRender@-1 (line 297)
                      ; - com.jme3.app.SimpleApplication::update@205 (line 273)
  0x00000253c336ad80: 06e9 54fb 

  0x00000253c336ad84: ;   {runtime_call throw_null_pointer_exception Runtime1 stub}
  0x00000253c336ad84: ffff e815 

  0x00000253c336ad88: ; ImmutableOopMap {rdx=Oop rsi=Oop [64]=Oop }
                      ;*invokevirtual postRender {reexecute=0 rethrow=0 return_oop=0}
                      ; - com.jme3.app.SimpleApplication::update@212 (line 274)
                      ;   {oop(nullptr)}
  0x00000253c336ad88: 9fdd 0649 | b800 0000 | 0000 0000 | 0050 5349 | 8b58 1057 | 5652 5141 | 5041 5141 | 5241 5348 
  0x00000253c336ada8: 83ec 2040 | f6c4 0f0f | 8419 0000 | 0048 83ec 

  0x00000253c336adb8: ;   {runtime_call}
  0x00000253c336adb8: 0848 b890 | b54b f9fe | 7f00 00ff | d048 83c4 | 08e9 0c00 

  0x00000253c336adcc: ;   {runtime_call}
  0x00000253c336adcc: 0000 48b8 | 90b5 4bf9 | fe7f 0000 | ffd0 4883 | c420 415b | 415a 4159 | 4158 595a | 5e5f 483b 
  0x00000253c336adec: 8330 0100 | 005b 580f | 850a 0000 | 00e9 64fb | ffff b800 

  0x00000253c336ae00: ;   {runtime_call load_mirror_patching Runtime1 stub}
  0x00000253c336ae00: 786e 0ae8 

  0x00000253c336ae04: ; ImmutableOopMap {rsi=Oop [64]=Oop }
                      ;*getstatic EndFrame {reexecute=1 rethrow=0 return_oop=0}
                      ; - (reexecute) com.jme3.app.SimpleApplication::update@226 (line 276)
  0x00000253c336ae04: f8f6 dd06 | e94b fbff 

  0x00000253c336ae0c: ;   {runtime_call throw_null_pointer_exception Runtime1 stub}
  0x00000253c336ae0c: ffe8 8e9e 

  0x00000253c336ae10: ; ImmutableOopMap {rsi=Oop r8=Oop [64]=Oop }
                      ;*getstatic EndFrame {reexecute=1 rethrow=0 return_oop=0}
                      ; - (reexecute) com.jme3.app.SimpleApplication::update@226 (line 276)
  0x00000253c336ae10: dd06 458b | 8000 0000 | 00b8 000c 

  0x00000253c336ae1c: ;   {runtime_call access_field_patching Runtime1 stub}
  0x00000253c336ae1c: 0507 e8dd 

  0x00000253c336ae20: ; ImmutableOopMap {rsi=Oop r8=Oop [64]=Oop }
                      ;*getstatic EndFrame {reexecute=1 rethrow=0 return_oop=0}
                      ; - (reexecute) com.jme3.app.SimpleApplication::update@226 (line 276)
  0x00000253c336ae20: e9dd 06e9 | 40fb ffff 

  0x00000253c336ae28: ;   {internal_word}
  0x00000253c336ae28: 49ba 99a9 | 36c3 5302 | 0000 4d89 | 9770 0400 

  0x00000253c336ae38: ;   {runtime_call SafepointBlob}
  0x00000253c336ae38: 00e9 42bd 

  0x00000253c336ae3c: ;   {internal_word}
  0x00000253c336ae3c: cf06 49ba | aca9 36c3 | 5302 0000 | 4d89 9770 

  0x00000253c336ae4c: ;   {runtime_call SafepointBlob}
  0x00000253c336ae4c: 0400 00e9 | 2cbd cf06 | 498b 8708 | 0500 0049 | c787 0805 | 0000 0000 | 0000 49c7 | 8710 0500 
  0x00000253c336ae6c: 0000 0000 | 0048 83c4 

  0x00000253c336ae74: ;   {runtime_call unwind_exception Runtime1 stub}
  0x00000253c336ae74: 605d e905 | 89dd 06f4 | f4f4 f4f4 
[Stub Code]
  0x00000253c336ae80: ;   {no_reloc}
  0x00000253c336ae80: 0f1f 4400 

  0x00000253c336ae84: ;   {static_stub}
  0x00000253c336ae84: 0048 bb00 | 0000 0000 

  0x00000253c336ae8c: ;   {runtime_call}
  0x00000253c336ae8c: 0000 00e9 | fbff ffff 

  0x00000253c336ae94: ;   {static_stub}
  0x00000253c336ae94: 9048 bb00 | 0000 0000 

  0x00000253c336ae9c: ;   {runtime_call}
  0x00000253c336ae9c: 0000 00e9 | fbff ffff 

  0x00000253c336aea4: ;   {static_stub}
  0x00000253c336aea4: 9048 bb00 | 0000 0000 

  0x00000253c336aeac: ;   {runtime_call}
  0x00000253c336aeac: 0000 00e9 | fbff ffff 

  0x00000253c336aeb4: ;   {static_stub}
  0x00000253c336aeb4: 9048 bb60 | 7f43 1b54 

  0x00000253c336aebc: ;   {runtime_call I2C/C2I adapters}
  0x00000253c336aebc: 0200 00e9 | 44de d106 

  0x00000253c336aec4: ;   {static_stub}
  0x00000253c336aec4: 9048 bba8 | 1840 1b54 

  0x00000253c336aecc: ;   {runtime_call I2C/C2I adapters}
  0x00000253c336aecc: 0200 00e9 | 34de d106 

  0x00000253c336aed4: ;   {static_stub}
  0x00000253c336aed4: 9048 bb00 | 0000 0000 

  0x00000253c336aedc: ;   {runtime_call}
  0x00000253c336aedc: 0000 00e9 | fbff ffff 

  0x00000253c336aee4: ;   {static_stub}
  0x00000253c336aee4: 9048 bb00 | 0000 0000 

  0x00000253c336aeec: ;   {runtime_call}
  0x00000253c336aeec: 0000 00e9 | fbff ffff 

  0x00000253c336aef4: ;   {static_stub}
  0x00000253c336aef4: 9048 bb00 | 0000 0000 

  0x00000253c336aefc: ;   {runtime_call}
  0x00000253c336aefc: 0000 00e9 | fbff ffff 

  0x00000253c336af04: ;   {static_stub}
  0x00000253c336af04: 9048 bb00 | 0000 0000 

  0x00000253c336af0c: ;   {runtime_call}
  0x00000253c336af0c: 0000 00e9 | fbff ffff 

  0x00000253c336af14: ;   {static_stub}
  0x00000253c336af14: 9048 bb00 | 0000 0000 

  0x00000253c336af1c: ;   {runtime_call}
  0x00000253c336af1c: 0000 00e9 | fbff ffff 

  0x00000253c336af24: ;   {static_stub}
  0x00000253c336af24: 9048 bb00 | 0000 0000 

  0x00000253c336af2c: ;   {runtime_call}
  0x00000253c336af2c: 0000 00e9 | fbff ffff 

  0x00000253c336af34: ;   {static_stub}
  0x00000253c336af34: 9048 bb98 | 8143 1b54 

  0x00000253c336af3c: ;   {runtime_call I2C/C2I adapters}
  0x00000253c336af3c: 0200 00e9 | c39f cf06 

  0x00000253c336af44: ;   {static_stub}
  0x00000253c336af44: 9048 bb00 | 0000 0000 

  0x00000253c336af4c: ;   {runtime_call}
  0x00000253c336af4c: 0000 00e9 | fbff ffff 

  0x00000253c336af54: ;   {static_stub}
  0x00000253c336af54: 9048 bb10 | cc0a 1c54 

  0x00000253c336af5c: ;   {runtime_call I2C/C2I adapters}
  0x00000253c336af5c: 0200 00e9 | a81a e606 

  0x00000253c336af64: ;   {static_stub}
  0x00000253c336af64: 9048 bbb8 | 8243 1b54 

  0x00000253c336af6c: ;   {runtime_call I2C/C2I adapters}
  0x00000253c336af6c: 0200 00e9 | 0f8f cf06 

  0x00000253c336af74: ;   {static_stub}
  0x00000253c336af74: 9048 bb00 | 0000 0000 

  0x00000253c336af7c: ;   {runtime_call}
  0x00000253c336af7c: 0000 00e9 | fbff ffff 
[Exception Handler]
  0x00000253c336af84: ;   {runtime_call handle_exception_from_callee Runtime1 stub}
  0x00000253c336af84: e8f7 c8dd 

  0x00000253c336af88: ;   {external_word}
  0x00000253c336af88: 0648 b9c0 | 28e7 f9fe | 7f00 0048 

  0x00000253c336af94: ;   {runtime_call}
  0x00000253c336af94: 83e4 f048 | b830 99ae | f9fe 7f00 | 00ff d0f4 
[Deopt Handler Code]
  0x00000253c336afa4: ;   {section_word}
  0x00000253c336afa4: 49ba a4af | 36c3 5302 | 0000 4152 

  0x00000253c336afb0: ;   {runtime_call DeoptimizationBlob}
  0x00000253c336afb0: e96b d0cf | 06f4 f4f4 
[/MachCode]


Compiled method (c1) 25362 4658   !   3       com.jme3.system.lwjgl.LwjglWindow::runLoop (220 bytes)
 total in heap  [0x00000253c3366910,0x00000253c3369238] = 10536
 relocation     [0x00000253c3366a68,0x00000253c3366cf0] = 648
 constants      [0x00000253c3366d00,0x00000253c3366d20] = 32
 main code      [0x00000253c3366d20,0x00000253c3368798] = 6776
 stub code      [0x00000253c3368798,0x00000253c3368898] = 256
 oops           [0x00000253c3368898,0x00000253c33688d0] = 56
 metadata       [0x00000253c33688d0,0x00000253c33689b8] = 232
 scopes data    [0x00000253c33689b8,0x00000253c3368da8] = 1008
 scopes pcs     [0x00000253c3368da8,0x00000253c3369158] = 944
 dependencies   [0x00000253c3369158,0x00000253c3369198] = 64
 handler table  [0x00000253c3369198,0x00000253c33691c8] = 48
 nul chk table  [0x00000253c33691c8,0x00000253c3369238] = 112


[Constant Pool]
             Address          hex4                    hex8      
  0x00000253c3366d00:   0x00000000      0x408f400000000000      
  0x00000253c3366d04:   0x408f4000                              
  0x00000253c3366d08:   0x00000000      0x412e848000000000      
  0x00000253c3366d0c:   0x412e8480                              
  0x00000253c3366d10:   0xf4f4f4f4      0xf4f4f4f4f4f4f4f4      
  0x00000253c3366d14:   0xf4f4f4f4                              
  0x00000253c3366d18:   0xf4f4f4f4      0xf4f4f4f4f4f4f4f4      
  0x00000253c3366d1c:   0xf4f4f4f4                              

[MachCode]
[Entry Point]
  # {method} {0x000002541bb16d98} 'runLoop' '()V' in 'com/jme3/system/lwjgl/LwjglWindow'
  #           [sp+0x150]  (sp of caller)
  0x00000253c3366d20: ;   {no_reloc}
  0x00000253c3366d20: 448b 5208 | 49bb 0000 | 00da 5302 | 0000 4d03 | d34c 3bd0 

  0x00000253c3366d34: ;   {runtime_call ic_miss_stub}
  0x00000253c3366d34: 0f85 467c | cf06 660f | 1f44 0000 
[Verified Entry Point]
  0x00000253c3366d40: 8984 2400 | 80ff ff55 | 4881 ec40 | 0100 0090 | 4181 7f20 | 0600 0000 

  0x00000253c3366d58: ;   {runtime_call StubRoutines (final stubs)}
  0x00000253c3366d58: 7405 e861 | 92d0 0648 | 8994 24e0 

  0x00000253c3366d64: ;   {metadata(method data for {method} {0x000002541bb16d98} 'runLoop' '()V' in 'com/jme3/system/lwjgl/LwjglWindow')}
  0x00000253c3366d64: 0000 0048 | be38 dc4e | 1c54 0200 | 008b becc | 0000 0083 | c702 89be | cc00 0000 | 81e7 fe07 
  0x00000253c3366d84: 0000 85ff | 0f84 c616 | 0000 8b5a | 5448 c1e3 | 0348 899c | 2420 0100 | 0048 3b03 

  0x00000253c3366da0: ;   {metadata(method data for {method} {0x000002541bb16d98} 'runLoop' '()V' in 'com/jme3/system/lwjgl/LwjglWindow')}
  0x00000253c3366da0: 488b f348 | bf38 dc4e | 1c54 0200 | 0048 8387 | 1801 0000 

  0x00000253c3366db4: ;   {metadata(method data for {method} {0x000002541b22d680} 'getAndSet' '(Z)Z' in 'java/util/concurrent/atomic/AtomicBoolean')}
  0x00000253c3366db4: 0148 be00 | df9d 1b54 | 0200 008b | becc 0000 | 0083 c702 | 89be cc00 | 0000 81e7 | feff 1f00 
  0x00000253c3366dd4: 85ff 0f84 | 9e16 0000 

  0x00000253c3366ddc: ;   {metadata(method data for {method} {0x000002541b22d680} 'getAndSet' '(Z)Z' in 'java/util/concurrent/atomic/AtomicBoolean')}
  0x00000253c3366ddc: 48be 00df | 9d1b 5402 | 0000 ff86 | 1801 0000 

  0x00000253c3366dec: ;   {metadata(method data for {method} {0x00000253da11aea0} 'guard_LI_I' '(Ljava/lang/invoke/VarHandle;Ljava/lang/Object;ILjava/lang/invoke/VarHandle$AccessDescriptor;)I' in 'java/lang/invoke/VarHandleGuards')}
  0x00000253c3366dec: 48be 18e1 | 9d1b 5402 | 0000 488d | b6b0 0300 

  0x00000253c3366dfc: ;   {oop(a 'java/lang/invoke/VarHandleInts$FieldInstanceReadWrite'{0x000000070497cf50})}
  0x00000253c3366dfc: 0048 bf50 | cf97 0407 | 0000 0048 | 85ff 750a | f606 0175 | 05f0 4883 

  0x00000253c3366e14: ;   {metadata(method data for {method} {0x000002541b22d680} 'getAndSet' '(Z)Z' in 'java/util/concurrent/atomic/AtomicBoolean')}
  0x00000253c3366e14: 0e01 48be | 00df 9d1b | 5402 0000 | 4883 8650 | 0100 0001 

  0x00000253c3366e28: ;   {metadata(method data for {method} {0x00000253da11aea0} 'guard_LI_I' '(Ljava/lang/invoke/VarHandle;Ljava/lang/Object;ILjava/lang/invoke/VarHandle$AccessDescriptor;)I' in 'java/lang/invoke/VarHandleGuards')}
  0x00000253c3366e28: 48be 18e1 | 9d1b 5402 | 0000 8b86 | cc00 0000 | 83c0 0289 | 86cc 0000 | 0025 feff | 1f00 85c0 
  0x00000253c3366e48: 0f84 4d16 

  0x00000253c3366e4c: ;   {metadata(method data for {method} {0x00000253da11aea0} 'guard_LI_I' '(Ljava/lang/invoke/VarHandle;Ljava/lang/Object;ILjava/lang/invoke/VarHandle$AccessDescriptor;)I' in 'java/lang/invoke/VarHandleGuards')}
  0x00000253c3366e4c: 0000 48be | 18e1 9d1b | 5402 0000 | 488d b648 

  0x00000253c3366e5c: ;   {oop(a 'java/lang/invoke/VarHandle$AccessDescriptor'{0x0000000704cf7438})}
  0x00000253c3366e5c: 0100 0048 | b838 74cf | 0407 0000 | 0048 85c0 | 750c f646 | 0801 7506 | f048 834e 

  0x00000253c3366e78: ;   {metadata(method data for {method} {0x00000253da11aea0} 'guard_LI_I' '(Ljava/lang/invoke/VarHandle;Ljava/lang/Object;ILjava/lang/invoke/VarHandle$AccessDescriptor;)I' in 'java/lang/invoke/VarHandleGuards')}
  0x00000253c3366e78: 0801 48be | 18e1 9d1b | 5402 0000 | 8b7f 0849 | ba00 0000 | da53 0200 | 0049 03fa | 483b be20 
  0x00000253c3366e98: 0100 0075 | 0d48 8386 | 2801 0000 | 01e9 6000 | 0000 483b | be30 0100 | 0075 0d48 | 8386 3801 
  0x00000253c3366eb8: 0000 01e9 | 4a00 0000 | 4883 be20 | 0100 0000 | 7517 4889 | be20 0100 | 0048 c786 | 2801 0000 
  0x00000253c3366ed8: 0100 0000 | e929 0000 | 0048 83be | 3001 0000 | 0075 1748 | 89be 3001 | 0000 48c7 | 8638 0100 
  0x00000253c3366ef8: 0001 0000 | 00e9 0800 | 0000 4883 | 8618 0100 

  0x00000253c3366f08: ;   {metadata(method data for {method} {0x00000253da07dd68} 'checkAccessModeThenIsDirect' '(Ljava/lang/invoke/VarHandle$AccessDescriptor;)Z' in 'java/lang/invoke/VarHandle')}
  0x00000253c3366f08: 0001 48be | e0e4 9d1b | 5402 0000 | 8bbe cc00 | 0000 83c7 | 0289 becc | 0000 0081 | e7fe ff1f 
  0x00000253c3366f28: 0085 ff0f | 848b 1500 

  0x00000253c3366f30: ;   {metadata(method data for {method} {0x00000253da07dd68} 'checkAccessModeThenIsDirect' '(Ljava/lang/invoke/VarHandle$AccessDescriptor;)Z' in 'java/lang/invoke/VarHandle')}
  0x00000253c3366f30: 0048 bee0 | e49d 1b54 | 0200 00ff | 8618 0100 

  0x00000253c3366f40: ;   {metadata(method data for {method} {0x00000253da11aea0} 'guard_LI_I' '(Ljava/lang/invoke/VarHandle;Ljava/lang/Object;ILjava/lang/invoke/VarHandle$AccessDescriptor;)I' in 'java/lang/invoke/VarHandleGuards')}
  0x00000253c3366f40: 0048 be18 | e19d 1b54 | 0200 00ff | 8670 0100 

  0x00000253c3366f50: ;   {metadata(method data for {method} {0x00000253da11aea0} 'guard_LI_I' '(Ljava/lang/invoke/VarHandle;Ljava/lang/Object;ILjava/lang/invoke/VarHandle$AccessDescriptor;)I' in 'java/lang/invoke/VarHandleGuards')}
  0x00000253c3366f50: 0048 be18 | e19d 1b54 | 0200 00ff | 8690 0100 

  0x00000253c3366f60: ;   {oop(a 'java/lang/invoke/VarForm'{0x000000070497cf78})}
  0x00000253c3366f60: 0048 be78 | cf97 0407 

  0x00000253c3366f68: ;   {metadata(method data for {method} {0x00000253da11aea0} 'guard_LI_I' '(Ljava/lang/invoke/VarHandle;Ljava/lang/Object;ILjava/lang/invoke/VarHandle$AccessDescriptor;)I' in 'java/lang/invoke/VarHandleGuards')}
  0x00000253c3366f68: 0000 0048 | bf18 e19d | 1b54 0200 | 0048 8387 | a001 0000 

  0x00000253c3366f7c: ;   {metadata(method data for {method} {0x00000253da119390} 'getMemberName' '(I)Ljava/lang/invoke/MemberName;' in 'java/lang/invoke/VarForm')}
  0x00000253c3366f7c: 0148 bee0 | e69d 1b54 | 0200 008b | becc 0000 | 0083 c702 | 89be cc00 | 0000 81e7 | feff 1f00 
  0x00000253c3366f9c: 85ff 0f84 | 3915 0000 

  0x00000253c3366fa4: ;   {metadata(method data for {method} {0x00000253da119390} 'getMemberName' '(I)Ljava/lang/invoke/MemberName;' in 'java/lang/invoke/VarForm')}
  0x00000253c3366fa4: 48be e0e6 | 9d1b 5402 | 0000 ff86 | 1801 0000 

  0x00000253c3366fb4: ;   {metadata(method data for {method} {0x00000253da11aea0} 'guard_LI_I' '(Ljava/lang/invoke/VarHandle;Ljava/lang/Object;ILjava/lang/invoke/VarHandle$AccessDescriptor;)I' in 'java/lang/invoke/VarHandleGuards')}
  0x00000253c3366fb4: 48be 18e1 | 9d1b 5402 | 0000 488d | b6d0 0100 

  0x00000253c3366fc4: ;   {oop(a 'java/lang/invoke/MemberName'{0x0000000704cf8670} = {method} {0x000002541b2304a8} 'getAndSet' '(Ljava/lang/invoke/VarHandle;Ljava/lang/Object;I)I' in 'java/lang/invoke/VarHandleInts$FieldInstanceReadWrite')}
  0x00000253c3366fc4: 0048 bf70 | 86cf 0407 | 0000 0048 | 85ff 750a | f606 0175 | 05f0 4883 

  0x00000253c3366fdc: ;   {metadata(method data for {method} {0x00000253da11aea0} 'guard_LI_I' '(Ljava/lang/invoke/VarHandle;Ljava/lang/Object;ILjava/lang/invoke/VarHandle$AccessDescriptor;)I' in 'java/lang/invoke/VarHandleGuards')}
  0x00000253c3366fdc: 0e01 48be | 18e1 9d1b | 5402 0000 | 488d b6f0 

  0x00000253c3366fec: ;   {oop(a 'java/lang/invoke/VarHandleInts$FieldInstanceReadWrite'{0x000000070497cf50})}
  0x00000253c3366fec: 0100 0048 | bf50 cf97 | 0407 0000 | 0048 85ff | 750c f646 | 0801 7506 | f048 834e 

  0x00000253c3367008: ;   {metadata(method data for {method} {0x00000253da11aea0} 'guard_LI_I' '(Ljava/lang/invoke/VarHandle;Ljava/lang/Object;ILjava/lang/invoke/VarHandle$AccessDescriptor;)I' in 'java/lang/invoke/VarHandleGuards')}
  0x00000253c3367008: 0801 48be | 18e1 9d1b | 5402 0000 | 4883 86e0 | 0100 0001 

  0x00000253c336701c: ;   {metadata(method data for {method} {0x000002541b2304a8} 'getAndSet' '(Ljava/lang/invoke/VarHandle;Ljava/lang/Object;I)I' in 'java/lang/invoke/VarHandleInts$FieldInstanceReadWrite')}
  0x00000253c336701c: 48be 00e9 | 9d1b 5402 | 0000 8bbe | cc00 0000 | 83c7 0289 | becc 0000 | 0081 e7fe | ff1f 0085 
  0x00000253c336703c: ff0f 84bb 

  0x00000253c3367040: ;   {oop(a 'java/lang/Class'{0x00000007049d8610} = 'java/util/concurrent/atomic/AtomicBoolean')}
  0x00000253c3367040: 1400 0048 | be10 869d | 0407 0000 

  0x00000253c336704c: ;   {metadata(method data for {method} {0x000002541b2304a8} 'getAndSet' '(Ljava/lang/invoke/VarHandle;Ljava/lang/Object;I)I' in 'java/lang/invoke/VarHandleInts$FieldInstanceReadWrite')}
  0x00000253c336704c: 0048 bf00 | e99d 1b54 | 0200 0048 | 8387 4801 

  0x00000253c336705c: ;   {metadata(method data for {method} {0x00000253da42f528} 'cast' '(Ljava/lang/Object;)Ljava/lang/Object;' in 'java/lang/Class')}
  0x00000253c336705c: 0000 0148 | be00 1722 | 1b54 0200 | 008b becc | 0000 0083 | c702 89be | cc00 0000 | 81e7 feff 
  0x00000253c336707c: 1f00 85ff | 0f84 9914 | 0000 4885 

  0x00000253c3367088: ;   {metadata(method data for {method} {0x00000253da42f528} 'cast' '(Ljava/lang/Object;)Ljava/lang/Object;' in 'java/lang/Class')}
  0x00000253c3367088: db48 be00 | 1722 1b54 | 0200 0048 | c7c7 1801 | 0000 7407 | 48c7 c728 | 0100 0048 | 8b04 3e48 
  0x00000253c33670a8: 8d40 0148 | 8904 3e0f | 8488 0000 

  0x00000253c33670b4: ;   {oop(a 'java/lang/Class'{0x00000007049d8610} = 'java/util/concurrent/atomic/AtomicBoolean')}
  0x00000253c33670b4: 0048 be10 | 869d 0407 

  0x00000253c33670bc: ;   {metadata(method data for {method} {0x00000253da42f528} 'cast' '(Ljava/lang/Object;)Ljava/lang/Object;' in 'java/lang/Class')}
  0x00000253c33670bc: 0000 0048 | bf00 1722 | 1b54 0200 | 0048 8387 | 3801 0000 | 0148 85db | 0f84 2900 

  0x00000253c33670d8: ;   {metadata('java/util/concurrent/atomic/AtomicBoolean')}
  0x00000253c33670d8: 0000 48b9 | d0f2 06db | 5302 0000 | 8b43 0849 | ba00 0000 | da53 0200 | 0049 03c2 | 483b 4838 
  0x00000253c33670f8: 0f85 0500 | 0000 e905 | 0000 0048 | 33f6 eb07 | 48c7 c601 | 0000 0085 

  0x00000253c3367110: ;   {metadata(method data for {method} {0x00000253da42f528} 'cast' '(Ljava/lang/Object;)Ljava/lang/Object;' in 'java/lang/Class')}
  0x00000253c3367110: f648 be00 | 1722 1b54 | 0200 0048 | c7c7 7801 | 0000 7407 | 48c7 c768 | 0100 0048 | 8b04 3e48 
  0x00000253c3367130: 8d40 0148 | 8904 3e0f | 8437 1200 

  0x00000253c336713c: ;   {metadata(method data for {method} {0x000002541b2304a8} 'getAndSet' '(Ljava/lang/invoke/VarHandle;Ljava/lang/Object;I)I' in 'java/lang/invoke/VarHandleInts$FieldInstanceReadWrite')}
  0x00000253c336713c: 0048 be00 | e99d 1b54 | 0200 0048 | 8386 7801 

  0x00000253c336714c: ;   {metadata(method data for {method} {0x00000253da049b70} 'requireNonNull' '(Ljava/lang/Object;)Ljava/lang/Object;' in 'java/util/Objects')}
  0x00000253c336714c: 0000 0148 | be80 8601 | 1b54 0200 | 008b becc | 0000 0083 | c702 89be | cc00 0000 | 81e7 feff 
  0x00000253c336716c: 1f00 85ff | 0f84 ca13 | 0000 4885 

  0x00000253c3367178: ;   {metadata(method data for {method} {0x00000253da049b70} 'requireNonNull' '(Ljava/lang/Object;)Ljava/lang/Object;' in 'java/util/Objects')}
  0x00000253c3367178: db48 be80 | 8601 1b54 | 0200 0048 | c7c7 2801 | 0000 7407 | 48c7 c718 | 0100 0048 | 8b04 3e48 
  0x00000253c3367198: 8d40 0148 | 8904 3e0f | 8427 1100 | 0048 8d73 | 0cbf 0000 | 0000 873e 

  0x00000253c33671b0: ;   {metadata(method data for {method} {0x000002541b22d680} 'getAndSet' '(Z)Z' in 'java/util/concurrent/atomic/AtomicBoolean')}
  0x00000253c33671b0: 85ff 48be | 00df 9d1b | 5402 0000 | 48c7 c798 | 0100 0074 | 0748 c7c7 | a801 0000 | 488b 1c3e 
  0x00000253c33671d0: 488d 5b01 | 4889 1c3e | 0f84 1a00 

  0x00000253c33671dc: ;   {metadata(method data for {method} {0x000002541b22d680} 'getAndSet' '(Z)Z' in 'java/util/concurrent/atomic/AtomicBoolean')}
  0x00000253c33671dc: 0000 48be | 00df 9d1b | 5402 0000 | ff86 b801 | 0000 be01 | 0000 00e9 | 0500 0000 | be00 0000 
  0x00000253c33671fc: 0083 e601 

  0x00000253c3367200: ;   {metadata(method data for {method} {0x000002541bb16d98} 'runLoop' '()V' in 'com/jme3/system/lwjgl/LwjglWindow')}
  0x00000253c3367200: 85f6 48be | 38dc 4e1c | 5402 0000 | 48c7 c748 | 0100 0074 | 0748 c7c7 | 5801 0000 | 488b 1c3e 
  0x00000253c3367220: 488d 5b01 | 4889 1c3e | 0f84 3600 | 0000 488b 

  0x00000253c3367230: ;   {metadata(method data for {method} {0x000002541bb16d98} 'runLoop' '()V' in 'com/jme3/system/lwjgl/LwjglWindow')}
  0x00000253c3367230: f248 bf38 | dc4e 1c54 | 0200 0048 | 8387 6801 | 0000 0148 | 8bf2 488b | d666 0f1f 

  0x00000253c336724c: ;   {optimized virtual_call}
  0x00000253c336724c: 4400 00e8 

  0x00000253c3367250: ; ImmutableOopMap {[224]=Oop }
                      ;*invokespecial restartContext {reexecute=0 rethrow=0 return_oop=0}
                      ; - com.jme3.system.lwjgl.LwjglWindow::runLoop@12 (line 523)
  0x00000253c3367250: 2c7c cf06 

  0x00000253c3367254: ;   {other}
  0x00000253c3367254: 0f1f 8400 | 4409 0000 | 488b 9424 | e000 0000 | 8b72 1048 | c1e6 0348 | 3b06 488b 

  0x00000253c3367270: ;   {metadata(method data for {method} {0x000002541bb16d98} 'runLoop' '()V' in 'com/jme3/system/lwjgl/LwjglWindow')}
  0x00000253c3367270: fe48 bb38 | dc4e 1c54 | 0200 0048 | 8383 7801 

  0x00000253c3367280: ;   {metadata(method data for {method} {0x000002541b22d008} 'get' '()Z' in 'java/util/concurrent/atomic/AtomicBoolean')}
  0x00000253c3367280: 0000 0148 | bfc0 b32d | 1c54 0200 | 008b 9fcc | 0000 0083 | c302 899f | cc00 0000 | 81e3 feff 
  0x00000253c33672a0: 1f00 85db | 0f84 bc12 | 0000 8b76 

  0x00000253c33672ac: ;   {metadata(method data for {method} {0x000002541b22d008} 'get' '()Z' in 'java/util/concurrent/atomic/AtomicBoolean')}
  0x00000253c33672ac: 0c85 f648 | bec0 b32d | 1c54 0200 | 0048 c7c7 | 1801 0000 | 7407 48c7 | c728 0100 | 0048 8b1c 
  0x00000253c33672cc: 3e48 8d5b | 0148 891c | 3e0f 841a 

  0x00000253c33672d8: ;   {metadata(method data for {method} {0x000002541b22d008} 'get' '()Z' in 'java/util/concurrent/atomic/AtomicBoolean')}
  0x00000253c33672d8: 0000 0048 | bec0 b32d | 1c54 0200 | 00ff 8638 | 0100 00be | 0100 0000 | e905 0000 | 00be 0000 
  0x00000253c33672f8: 0000 83e6 

  0x00000253c33672fc: ;   {metadata(method data for {method} {0x000002541bb16d98} 'runLoop' '()V' in 'com/jme3/system/lwjgl/LwjglWindow')}
  0x00000253c33672fc: 0185 f648 | be38 dc4e | 1c54 0200 | 0048 c7c7 | b801 0000 | 7407 48c7 | c7a8 0100 | 0048 8b1c 
  0x00000253c336731c: 3e48 8d5b | 0148 891c | 3e0f 84f7 | 0e00 008b | 7230 48c1 | e603 483b | 0648 8bfe 

  0x00000253c3367338: ;   {metadata(method data for {method} {0x000002541bb16d98} 'runLoop' '()V' in 'com/jme3/system/lwjgl/LwjglWindow')}
  0x00000253c3367338: 48bb 38dc | 4e1c 5402 | 0000 8b7f | 0849 ba00 | 0000 da53 | 0200 0049 | 03fa 483b | bbe0 0100 
  0x00000253c3367358: 0075 0d48 | 8383 e801 | 0000 01e9 | 6000 0000 | 483b bbf0 | 0100 0075 | 0d48 8383 | f801 0000 
  0x00000253c3367378: 01e9 4a00 | 0000 4883 | bbe0 0100 | 0000 7517 | 4889 bbe0 | 0100 0048 | c783 e801 | 0000 0100 
  0x00000253c3367398: 0000 e929 | 0000 0048 | 83bb f001 | 0000 0075 | 1748 89bb | f001 0000 | 48c7 83f8 | 0100 0001 
  0x00000253c33673b8: 0000 00e9 | 0800 0000 | 4883 83d8 | 0100 0001 | 488b d666 | 9048 b898 | 1900 db53 

  0x00000253c33673d4: ;   {virtual_call}
  0x00000253c33673d4: 0200 00e8 

  0x00000253c33673d8: ; ImmutableOopMap {[224]=Oop }
                      ;*invokeinterface update {reexecute=0 rethrow=0 return_oop=0}
                      ; - com.jme3.system.lwjgl.LwjglWindow::runLoop@37 (line 530)
  0x00000253c33673d8: a42a 0000 

  0x00000253c33673dc: ;   {other}
  0x00000253c33673dc: 0f1f 8400 | cc0a 0001 | 488b 9424 | e000 0000 | 8b72 1448 | c1e6 0348 | 3b06 488b 

  0x00000253c33673f8: ;   {metadata(method data for {method} {0x000002541bb16d98} 'runLoop' '()V' in 'com/jme3/system/lwjgl/LwjglWindow')}
  0x00000253c33673f8: fe48 bb38 | dc4e 1c54 | 0200 0048 | 8383 0802 

  0x00000253c3367408: ;   {metadata(method data for {method} {0x000002541b22d008} 'get' '()Z' in 'java/util/concurrent/atomic/AtomicBoolean')}
  0x00000253c3367408: 0000 0148 | bfc0 b32d | 1c54 0200 | 008b 9fcc | 0000 0083 | c302 899f | cc00 0000 | 81e3 feff 
  0x00000253c3367428: 1f00 85db | 0f84 5f11 | 0000 8b76 

  0x00000253c3367434: ;   {metadata(method data for {method} {0x000002541b22d008} 'get' '()Z' in 'java/util/concurrent/atomic/AtomicBoolean')}
  0x00000253c3367434: 0c85 f648 | bec0 b32d | 1c54 0200 | 0048 c7c7 | 1801 0000 | 7407 48c7 | c728 0100 | 0048 8b1c 
  0x00000253c3367454: 3e48 8d5b | 0148 891c | 3e0f 841a 

  0x00000253c3367460: ;   {metadata(method data for {method} {0x000002541b22d008} 'get' '()Z' in 'java/util/concurrent/atomic/AtomicBoolean')}
  0x00000253c3367460: 0000 0048 | bec0 b32d | 1c54 0200 | 00ff 8638 | 0100 00be | 0100 0000 | e905 0000 | 00be 0000 
  0x00000253c3367480: 0000 83e6 

  0x00000253c3367484: ;   {metadata(method data for {method} {0x000002541bb16d98} 'runLoop' '()V' in 'com/jme3/system/lwjgl/LwjglWindow')}
  0x00000253c3367484: 0185 f648 | be38 dc4e | 1c54 0200 | 0048 c7c7 | 3802 0000 | 7407 48c7 | c748 0200 | 0048 8b1c 
  0x00000253c33674a4: 3e48 8d5b | 0148 891c | 3e0f 84d1 | 0100 000f | be72 4e85 

  0x00000253c33674b8: ;   {metadata(method data for {method} {0x000002541bb16d98} 'runLoop' '()V' in 'com/jme3/system/lwjgl/LwjglWindow')}
  0x00000253c33674b8: f648 be38 | dc4e 1c54 | 0200 0048 | c7c7 5802 | 0000 7407 | 48c7 c768 | 0200 0048 | 8b1c 3e48 
  0x00000253c33674d8: 8d5b 0148 | 891c 3e0f | 845f 0000 | 000f be72 

  0x00000253c33674e8: ;   {metadata(method data for {method} {0x000002541bb16d98} 'runLoop' '()V' in 'com/jme3/system/lwjgl/LwjglWindow')}
  0x00000253c33674e8: 4d85 f648 | be38 dc4e | 1c54 0200 | 0048 c7c7 | 7802 0000 | 7407 48c7 | c788 0200 | 0048 8b1c 
  0x00000253c3367508: 3e48 8d5b | 0148 891c | 3e0f 842d | 0000 0048 

  0x00000253c3367518: ;   {metadata(method data for {method} {0x000002541bb16d98} 'runLoop' '()V' in 'com/jme3/system/lwjgl/LwjglWindow')}
  0x00000253c3367518: 8b72 4048 | bf38 dc4e | 1c54 0200 | 0048 8387 | 9802 0000 | 0148 8bd6 | 0f1f 8000 

  0x00000253c3367534: ;   {static_call}
  0x00000253c3367534: 0000 00e8 

  0x00000253c3367538: ; ImmutableOopMap {[224]=Oop }
                      ;*invokestatic glfwSwapBuffers {reexecute=0 rethrow=0 return_oop=0}
                      ; - com.jme3.system.lwjgl.LwjglWindow::runLoop@70 (line 539)
  0x00000253c3367538: 243e 0200 

  0x00000253c336753c: ;   {other}
  0x00000253c336753c: 0f1f 8400 | 2c0c 0002 

  0x00000253c3367544: ;   {metadata(method data for {method} {0x000002541bb16d98} 'runLoop' '()V' in 'com/jme3/system/lwjgl/LwjglWindow')}
  0x00000253c3367544: 48b8 38dc | 4e1c 5402 | 0000 ff80 | a802 0000 | 488b 9424 | e000 0000 | e923 0100 | 0048 8b94 
  0x00000253c3367564: 24e0 0000 | 0049 8b87 | 0805 0000 | 4d33 d24d | 8997 0805 | 0000 4d33 | d24d 8997 | 1005 0000 
  0x00000253c3367584: 8b72 3048 | c1e6 0348 | 85f6 0f84 | 2900 0000 

  0x00000253c3367594: ;   {metadata('com/jme3/app/LegacyApplication')}
  0x00000253c3367594: 48bb 0010 | 00db 5302 | 0000 8b7e | 0849 ba00 | 0000 da53 | 0200 0049 | 03fa 483b | 5f38 0f85 
  0x00000253c33675b4: fa0f 0000 | e900 0000 | 004c 8bc6 

  0x00000253c33675c0: ; implicit exception: dispatches to 0x00000253c33685b7
  0x00000253c33675c0: 483b 064c 

  0x00000253c33675c4: ;   {metadata(method data for {method} {0x000002541bb16d98} 'runLoop' '()V' in 'com/jme3/system/lwjgl/LwjglWindow')}
  0x00000253c33675c4: 8bc6 49b9 | 38dc 4e1c | 5402 0000 | 458b 4008 | 49ba 0000 | 00da 5302 | 0000 4d03 | c24d 3b81 
  0x00000253c33675e4: c802 0000 | 750d 4983 | 81d0 0200 | 0001 e960 | 0000 004d | 3b81 d802 | 0000 750d | 4983 81e0 
  0x00000253c3367604: 0200 0001 | e94a 0000 | 0049 83b9 | c802 0000 | 0075 174d | 8981 c802 | 0000 49c7 | 81d0 0200 
  0x00000253c3367624: 0001 0000 | 00e9 2900 | 0000 4983 | b9d8 0200 | 0000 7517 | 4d89 81d8 | 0200 0049 | c781 e002 
  0x00000253c3367644: 0000 0100 | 0000 e908 | 0000 0049 | 8381 c002 

  0x00000253c3367654: ;   {oop("Error while swapping buffers"{0x000000070d04b640})}
  0x00000253c3367654: 0000 0149 | b840 b604 | 0d07 0000 | 004c 8bc8 | 488b d648 | 8984 24e8 

  0x00000253c336766c: ;   {optimized virtual_call}
  0x00000253c336766c: 0000 00e8 

  0x00000253c3367670: ; ImmutableOopMap {[224]=Oop [232]=Oop }
                      ;*invokeinterface handleError {reexecute=0 rethrow=0 return_oop=0}
                      ; - com.jme3.system.lwjgl.LwjglWindow::runLoop@84 (line 542)
  0x00000253c3367670: 0c78 cf06 

  0x00000253c3367674: ;   {other}
  0x00000253c3367674: 0f1f 8400 | 640d 0003 | 488b 9424 | e000 0000 | 8b72 2c48 | c1e6 0348 

  0x00000253c336768c: ;   {metadata(method data for {method} {0x000002541bb16d98} 'runLoop' '()V' in 'com/jme3/system/lwjgl/LwjglWindow')}
  0x00000253c336768c: 85f6 48bf | 38dc 4e1c | 5402 0000 | 48c7 c3f0 | 0200 0074 | 0748 c7c3 | 0003 0000 | 488b 041f 
  0x00000253c33676ac: 488d 4001 | 4889 041f | 0f84 ba00 | 0000 483b | 0648 8bfe 

  0x00000253c33676c0: ;   {metadata(method data for {method} {0x000002541bb16d98} 'runLoop' '()V' in 'com/jme3/system/lwjgl/LwjglWindow')}
  0x00000253c33676c0: 48bb 38dc | 4e1c 5402 | 0000 8b7f | 0849 ba00 | 0000 da53 | 0200 0049 | 03fa 483b | bb18 0300 
  0x00000253c33676e0: 0075 0d48 | 8383 2003 | 0000 01e9 | 6000 0000 | 483b bb28 | 0300 0075 | 0d48 8383 | 3003 0000 
  0x00000253c3367700: 01e9 4a00 | 0000 4883 | bb18 0300 | 0000 7517 | 4889 bb18 | 0300 0048 | c783 2003 | 0000 0100 
  0x00000253c3367720: 0000 e929 | 0000 0048 | 83bb 2803 | 0000 0075 | 1748 89bb | 2803 0000 | 48c7 8330 | 0300 0001 
  0x00000253c3367740: 0000 00e9 | 0800 0000 | 4883 8310 | 0300 0001 | 488b d666 | 9048 b8a8 | dc19 db53 

  0x00000253c336775c: ;   {virtual_call}
  0x00000253c336775c: 0200 00e8 

  0x00000253c3367760: ; ImmutableOopMap {[224]=Oop }
                      ;*invokeinterface postFrame {reexecute=0 rethrow=0 return_oop=0}
                      ; - com.jme3.system.lwjgl.LwjglWindow::runLoop@100 (line 549)
  0x00000253c3367760: 7cbf 0400 

  0x00000253c3367764: ;   {other}
  0x00000253c3367764: 0f1f 8400 | 540e 0004 | 488b 9424 | e000 0000 | 440f be42 | 4d45 85c0 

  0x00000253c336777c: ;   {metadata(method data for {method} {0x000002541bb16d98} 'runLoop' '()V' in 'com/jme3/system/lwjgl/LwjglWindow')}
  0x00000253c336777c: 49b8 38dc | 4e1c 5402 | 0000 48c7 | c640 0300 | 0074 0748 | c7c6 5003 | 0000 498b | 3c30 488d 
  0x00000253c336779c: 7f01 4989 | 3c30 0f84 | ba07 0000 | 8b72 484c 

  0x00000253c33677ac: ;   {metadata(method data for {method} {0x000002541bb16d98} 'runLoop' '()V' in 'com/jme3/system/lwjgl/LwjglWindow')}
  0x00000253c33677ac: 8bc2 48bf | 38dc 4e1c | 5402 0000 | 458b 4008 | 49ba 0000 | 00da 5302 | 0000 4d03 | c24c 3b87 
  0x00000253c33677cc: 6803 0000 | 750d 4883 | 8770 0300 | 0001 e960 | 0000 004c | 3b87 7803 | 0000 750d | 4883 8780 
  0x00000253c33677ec: 0300 0001 | e94a 0000 | 0048 83bf | 6803 0000 | 0075 174c | 8987 6803 | 0000 48c7 | 8770 0300 
  0x00000253c336780c: 0001 0000 | 00e9 2900 | 0000 4883 | bf78 0300 | 0000 7517 | 4c89 8778 | 0300 0048 | c787 8003 
  0x00000253c336782c: 0000 0100 | 0000 e908 | 0000 0048 | 8387 6003 | 0000 018b | 7a18 48c1 | e703 483b | 074c 8bc7 
  0x00000253c336784c: ;   {metadata(method data for {method} {0x000002541bb16d98} 'runLoop' '()V' in 'com/jme3/system/lwjgl/LwjglWindow')}
  0x00000253c336784c: 48bb 38dc | 4e1c 5402 | 0000 4883 | 8390 0300 

  0x00000253c336785c: ;   {metadata(method data for {method} {0x000002541b4682e8} 'getFrameRate' '()I' in 'com/jme3/system/AppSettings')}
  0x00000253c336785c: 0001 49b8 | 38ec 4e1c | 5402 0000 | 418b 98cc | 0000 0083 | c302 4189 | 98cc 0000 | 0081 e3fe 
  0x00000253c336787c: ff1f 0085 | db0f 843f | 0d00 004c 

  0x00000253c3367888: ;   {metadata(method data for {method} {0x000002541b4682e8} 'getFrameRate' '()I' in 'com/jme3/system/AppSettings')}
  0x00000253c3367888: 8bc7 48bb | 38ec 4e1c | 5402 0000 | 4883 8318 | 0100 0001 

  0x00000253c336789c: ;   {metadata(method data for {method} {0x000002541b4664a0} 'getInteger' '(Ljava/lang/String;)I' in 'com/jme3/system/AppSettings')}
  0x00000253c336789c: 49b8 20bd | 4e1c 5402 | 0000 418b | 98cc 0000 | 0083 c302 | 4189 98cc | 0000 0081 | e3fe ff1f 
  0x00000253c33678bc: 0085 db0f | 8422 0d00 | 004c 8bc7 

  0x00000253c33678c8: ;   {metadata(method data for {method} {0x000002541b4664a0} 'getInteger' '(Ljava/lang/String;)I' in 'com/jme3/system/AppSettings')}
  0x00000253c33678c8: 48bb 20bd | 4e1c 5402 | 0000 458b | 4008 49ba | 0000 00da | 5302 0000 | 4d03 c24c | 3b83 2001 
  0x00000253c33678e8: 0000 750d | 4883 8328 | 0100 0001 | e960 0000 | 004c 3b83 | 3001 0000 | 750d 4883 | 8338 0100 
  0x00000253c3367908: 0001 e94a | 0000 0048 | 83bb 2001 | 0000 0075 | 174c 8983 | 2001 0000 | 48c7 8328 | 0100 0001 
  0x00000253c3367928: 0000 00e9 | 2900 0000 | 4883 bb30 | 0100 0000 | 7517 4c89 | 8330 0100 | 0048 c783 | 3801 0000 
  0x00000253c3367948: 0100 0000 | e908 0000 | 0048 8383 | 1801 0000 

  0x00000253c3367958: ;   {metadata(method data for {method} {0x00000253da0771d0} 'get' '(Ljava/lang/Object;)Ljava/lang/Object;' in 'java/util/HashMap')}
  0x00000253c3367958: 0149 b800 | 8b02 1b54 | 0200 0041 | 8b98 cc00 | 0000 83c3 | 0241 8998 | cc00 0000 | 81e3 feff 
  0x00000253c3367978: 1f00 85db | 0f84 860c | 0000 4c8b 

  0x00000253c3367984: ;   {metadata(method data for {method} {0x00000253da0771d0} 'get' '(Ljava/lang/Object;)Ljava/lang/Object;' in 'java/util/HashMap')}
  0x00000253c3367984: c748 bb00 | 8b02 1b54 | 0200 0048 | 8383 1801 

  0x00000253c3367994: ;   {oop("FrameRate"{0x00000007122e6918})}
  0x00000253c3367994: 0000 0149 | b818 692e | 1207 0000 | 0048 8bd7 | 4889 bc24 | f800 0000 | 89b4 24f0 | 0000 000f 
  0x00000253c33679b4: ;   {optimized virtual_call}
  0x00000253c33679b4: 1f40 00e8 

  0x00000253c33679b8: ; ImmutableOopMap {[224]=Oop [248]=Oop }
                      ;*invokevirtual getNode {reexecute=0 rethrow=0 return_oop=0}
                      ; - java.util.HashMap::get@2 (line 564)
                      ; - com.jme3.system.AppSettings::getInteger@2 (line 485)
                      ; - com.jme3.system.AppSettings::getFrameRate@3 (line 917)
                      ; - com.jme3.system.lwjgl.LwjglWindow::runLoop@120 (line 553)
  0x00000253c33679b8: c418 2c07 

  0x00000253c33679bc: ;   {other}
  0x00000253c33679bc: 0f1f 8400 | ac10 0005 

  0x00000253c33679c4: ;   {metadata(method data for {method} {0x00000253da0771d0} 'get' '(Ljava/lang/Object;)Ljava/lang/Object;' in 'java/util/HashMap')}
  0x00000253c33679c4: 4885 c049 | b800 8b02 | 1b54 0200 | 0048 c7c2 | 4801 0000 | 7507 48c7 | c258 0100 | 0049 8b34 
  0x00000253c33679e4: 1048 8d76 | 0149 8934 | 100f 8520 

  0x00000253c33679f0: ;   {metadata(method data for {method} {0x00000253da0771d0} 'get' '(Ljava/lang/Object;)Ljava/lang/Object;' in 'java/util/HashMap')}
  0x00000253c33679f0: 0000 0049 | b800 8b02 | 1b54 0200 | 0041 ff80 | 6801 0000 

  0x00000253c3367a04: ;   {oop(nullptr)}
  0x00000253c3367a04: 49b8 0000 | 0000 0000 | 0000 e908 | 0000 0044 | 8b40 1449 | c1e0 034d 

  0x00000253c3367a1c: ;   {metadata(method data for {method} {0x000002541b4664a0} 'getInteger' '(Ljava/lang/String;)I' in 'com/jme3/system/AppSettings')}
  0x00000253c3367a1c: 85c0 48be | 20bd 4e1c | 5402 0000 | 750c 808e | 4101 0000 | 01e9 b000 | 0000 418b | 7808 49ba 
  0x00000253c3367a3c: 0000 00da | 5302 0000 | 4903 fa48 | 3bbe 5001 | 0000 750d | 4883 8658 | 0100 0001 | e960 0000 
  0x00000253c3367a5c: 0048 3bbe | 6001 0000 | 750d 4883 | 8668 0100 | 0001 e94a | 0000 0048 | 83be 5001 | 0000 0075 
  0x00000253c3367a7c: 1748 89be | 5001 0000 | 48c7 8658 | 0100 0001 | 0000 00e9 | 2900 0000 | 4883 be60 | 0100 0000 
  0x00000253c3367a9c: 7517 4889 | be60 0100 | 0048 c786 | 6801 0000 | 0100 0000 | e908 0000 | 0048 8386 | 4801 0000 
  0x00000253c3367abc: ;   {metadata('java/lang/Integer')}
  0x00000253c3367abc: 0148 bf68 | fe01 da53 | 0200 0041 | 8b50 0849 | ba00 0000 | da53 0200 | 0049 03d2 | 483b fa0f 
  0x00000253c3367adc: 854d 0b00 | 00e9 0000 | 0000 4d85 

  0x00000253c3367ae8: ;   {metadata(method data for {method} {0x000002541b4664a0} 'getInteger' '(Ljava/lang/String;)I' in 'com/jme3/system/AppSettings')}
  0x00000253c3367ae8: c048 ba20 | bd4e 1c54 | 0200 0048 | c7c6 7801 | 0000 7507 | 48c7 c688 | 0100 0048 | 8b3c 3248 
  0x00000253c3367b08: 8d7f 0148 | 893c 320f | 850b 0000 | 0041 b800 | 0000 00e9 | 2400 0000 | 488b bc24 | f800 0000 
  0x00000253c3367b28: ; implicit exception: dispatches to 0x00000253c3368637
  0x00000253c3367b28: 493b 0049 

  0x00000253c3367b2c: ;   {metadata(method data for {method} {0x000002541b4664a0} 'getInteger' '(Ljava/lang/String;)I' in 'com/jme3/system/AppSettings')}
  0x00000253c3367b2c: 8bd0 48be | 20bd 4e1c | 5402 0000 | 4883 8698 | 0100 0001 | 458b 400c | 8bb4 24f0 | 0000 0041 
  0x00000253c3367b4c: ;   {metadata(method data for {method} {0x000002541bb16d98} 'runLoop' '()V' in 'com/jme3/system/lwjgl/LwjglWindow')}
  0x00000253c3367b4c: 3bf0 49b8 | 38dc 4e1c | 5402 0000 | 48c7 c2c0 | 0300 0074 | 0748 c7c2 | d003 0000 | 498b 3410 
  0x00000253c3367b6c: 488d 7601 | 4989 3410 | 488b 9424 | e000 0000 | 0f84 4a04 | 0000 4c8b 

  0x00000253c3367b84: ;   {metadata(method data for {method} {0x000002541bb16d98} 'runLoop' '()V' in 'com/jme3/system/lwjgl/LwjglWindow')}
  0x00000253c3367b84: c248 be38 | dc4e 1c54 | 0200 0045 | 8b40 0849 | ba00 0000 | da53 0200 | 004d 03c2 | 4c3b 86e8 
  0x00000253c3367ba4: 0300 0075 | 0d48 8386 | f003 0000 | 01e9 6000 | 0000 4c3b | 86f8 0300 | 0075 0d48 | 8386 0004 
  0x00000253c3367bc4: 0000 01e9 | 4a00 0000 | 4883 bee8 | 0300 0000 | 7517 4c89 | 86e8 0300 | 0048 c786 | f003 0000 
  0x00000253c3367be4: 0100 0000 | e929 0000 | 0048 83be | f803 0000 | 0075 174c | 8986 f803 | 0000 48c7 | 8600 0400 
  0x00000253c3367c04: 0001 0000 | 00e9 0800 | 0000 4883 | 86e0 0300 | 0001 8b72 | 1848 c1e6 | 0348 3b06 

  0x00000253c3367c20: ;   {metadata(method data for {method} {0x000002541bb16d98} 'runLoop' '()V' in 'com/jme3/system/lwjgl/LwjglWindow')}
  0x00000253c3367c20: 4c8b c648 | bf38 dc4e | 1c54 0200 | 0048 8387 | 1004 0000 

  0x00000253c3367c34: ;   {metadata(method data for {method} {0x000002541b4682e8} 'getFrameRate' '()I' in 'com/jme3/system/AppSettings')}
  0x00000253c3367c34: 0149 b838 | ec4e 1c54 | 0200 0041 | 8bb8 cc00 | 0000 83c7 | 0241 89b8 | cc00 0000 | 81e7 feff 
  0x00000253c3367c54: 1f00 85ff | 0f84 e309 | 0000 4c8b 

  0x00000253c3367c60: ;   {metadata(method data for {method} {0x000002541b4682e8} 'getFrameRate' '()I' in 'com/jme3/system/AppSettings')}
  0x00000253c3367c60: c648 bf38 | ec4e 1c54 | 0200 0048 | 8387 1801 

  0x00000253c3367c70: ;   {metadata(method data for {method} {0x000002541b4664a0} 'getInteger' '(Ljava/lang/String;)I' in 'com/jme3/system/AppSettings')}
  0x00000253c3367c70: 0000 0149 | b820 bd4e | 1c54 0200 | 0041 8bb8 | cc00 0000 | 83c7 0241 | 89b8 cc00 | 0000 81e7 
  0x00000253c3367c90: feff 1f00 | 85ff 0f84 | c609 0000 

  0x00000253c3367c9c: ;   {metadata(method data for {method} {0x000002541b4664a0} 'getInteger' '(Ljava/lang/String;)I' in 'com/jme3/system/AppSettings')}
  0x00000253c3367c9c: 4c8b c648 | bf20 bd4e | 1c54 0200 | 0045 8b40 | 0849 ba00 | 0000 da53 | 0200 004d | 03c2 4c3b 
  0x00000253c3367cbc: 8720 0100 | 0075 0d48 | 8387 2801 | 0000 01e9 | 6000 0000 | 4c3b 8730 | 0100 0075 | 0d48 8387 
  0x00000253c3367cdc: 3801 0000 | 01e9 4a00 | 0000 4883 | bf20 0100 | 0000 7517 | 4c89 8720 | 0100 0048 | c787 2801 
  0x00000253c3367cfc: 0000 0100 | 0000 e929 | 0000 0048 | 83bf 3001 | 0000 0075 | 174c 8987 | 3001 0000 | 48c7 8738 
  0x00000253c3367d1c: 0100 0001 | 0000 00e9 | 0800 0000 | 4883 8718 | 0100 0001 

  0x00000253c3367d30: ;   {metadata(method data for {method} {0x00000253da0771d0} 'get' '(Ljava/lang/Object;)Ljava/lang/Object;' in 'java/util/HashMap')}
  0x00000253c3367d30: 49b8 008b | 021b 5402 | 0000 418b | b8cc 0000 | 0083 c702 | 4189 b8cc | 0000 0081 | e7fe ff1f 
  0x00000253c3367d50: 0085 ff0f | 842a 0900 | 004c 8bc6 

  0x00000253c3367d5c: ;   {metadata(method data for {method} {0x00000253da0771d0} 'get' '(Ljava/lang/Object;)Ljava/lang/Object;' in 'java/util/HashMap')}
  0x00000253c3367d5c: 48bf 008b | 021b 5402 | 0000 4883 | 8718 0100 

  0x00000253c3367d6c: ;   {oop("FrameRate"{0x00000007122e6918})}
  0x00000253c3367d6c: 0001 49b8 | 1869 2e12 | 0700 0000 | 488b d648 | 89b4 2400 | 0100 000f 

  0x00000253c3367d84: ;   {optimized virtual_call}
  0x00000253c3367d84: 1f40 00e8 

  0x00000253c3367d88: ; ImmutableOopMap {[224]=Oop [256]=Oop }
                      ;*invokevirtual getNode {reexecute=0 rethrow=0 return_oop=0}
                      ; - java.util.HashMap::get@2 (line 564)
                      ; - com.jme3.system.AppSettings::getInteger@2 (line 485)
                      ; - com.jme3.system.AppSettings::getFrameRate@3 (line 917)
                      ; - com.jme3.system.lwjgl.LwjglWindow::runLoop@131 (line 554)
  0x00000253c3367d88: f470 cf06 

  0x00000253c3367d8c: ;   {other}
  0x00000253c3367d8c: 0f1f 8400 | 7c14 0006 

  0x00000253c3367d94: ;   {metadata(method data for {method} {0x00000253da0771d0} 'get' '(Ljava/lang/Object;)Ljava/lang/Object;' in 'java/util/HashMap')}
  0x00000253c3367d94: 4885 c049 | b800 8b02 | 1b54 0200 | 0048 c7c2 | 4801 0000 | 7507 48c7 | c258 0100 | 0049 8b34 
  0x00000253c3367db4: 1048 8d76 | 0149 8934 | 100f 8520 

  0x00000253c3367dc0: ;   {metadata(method data for {method} {0x00000253da0771d0} 'get' '(Ljava/lang/Object;)Ljava/lang/Object;' in 'java/util/HashMap')}
  0x00000253c3367dc0: 0000 0049 | b800 8b02 | 1b54 0200 | 0041 ff80 | 6801 0000 

  0x00000253c3367dd4: ;   {oop(nullptr)}
  0x00000253c3367dd4: 49b8 0000 | 0000 0000 | 0000 e908 | 0000 0044 | 8b40 1449 | c1e0 034d 

  0x00000253c3367dec: ;   {metadata(method data for {method} {0x000002541b4664a0} 'getInteger' '(Ljava/lang/String;)I' in 'com/jme3/system/AppSettings')}
  0x00000253c3367dec: 85c0 48be | 20bd 4e1c | 5402 0000 | 750c 808e | 4101 0000 | 01e9 b000 | 0000 418b | 7808 49ba 
  0x00000253c3367e0c: 0000 00da | 5302 0000 | 4903 fa48 | 3bbe 5001 | 0000 750d | 4883 8658 | 0100 0001 | e960 0000 
  0x00000253c3367e2c: 0048 3bbe | 6001 0000 | 750d 4883 | 8668 0100 | 0001 e94a | 0000 0048 | 83be 5001 | 0000 0075 
  0x00000253c3367e4c: 1748 89be | 5001 0000 | 48c7 8658 | 0100 0001 | 0000 00e9 | 2900 0000 | 4883 be60 | 0100 0000 
  0x00000253c3367e6c: 7517 4889 | be60 0100 | 0048 c786 | 6801 0000 | 0100 0000 | e908 0000 | 0048 8386 | 4801 0000 
  0x00000253c3367e8c: ;   {metadata('java/lang/Integer')}
  0x00000253c3367e8c: 0148 bf68 | fe01 da53 | 0200 0041 | 8b50 0849 | ba00 0000 | da53 0200 | 0049 03d2 | 483b fa0f 
  0x00000253c3367eac: 85f8 0700 | 00e9 0000 | 0000 4d85 

  0x00000253c3367eb8: ;   {metadata(method data for {method} {0x000002541b4664a0} 'getInteger' '(Ljava/lang/String;)I' in 'com/jme3/system/AppSettings')}
  0x00000253c3367eb8: c048 ba20 | bd4e 1c54 | 0200 0048 | c7c6 7801 | 0000 7507 | 48c7 c688 | 0100 0048 | 8b3c 3248 
  0x00000253c3367ed8: 8d7f 0148 | 893c 320f | 850b 0000 | 0041 b800 | 0000 00e9 | 2400 0000 | 488b b424 | 0001 0000 
  0x00000253c3367ef8: ; implicit exception: dispatches to 0x00000253c33686b2
  0x00000253c3367ef8: 493b 0049 

  0x00000253c3367efc: ;   {metadata(method data for {method} {0x000002541b4664a0} 'getInteger' '(Ljava/lang/String;)I' in 'com/jme3/system/AppSettings')}
  0x00000253c3367efc: 8bd0 48be | 20bd 4e1c | 5402 0000 | 4883 8698 | 0100 0001 | 458b 400c | 488b 9424 | e000 0000 
  0x00000253c3367f1c: ;   {metadata(method data for {method} {0x000002541bb16d98} 'runLoop' '()V' in 'com/jme3/system/lwjgl/LwjglWindow')}
  0x00000253c3367f1c: 48be 38dc | 4e1c 5402 | 0000 4883 | 8640 0400 | 0001 488b | 9424 e000 

  0x00000253c3367f34: ;   {optimized virtual_call}
  0x00000253c3367f34: 0000 90e8 

  0x00000253c3367f38: ; ImmutableOopMap {[224]=Oop }
                      ;*invokespecial setFrameRateLimit {reexecute=0 rethrow=0 return_oop=0}
                      ; - com.jme3.system.lwjgl.LwjglWindow::runLoop@134 (line 554)
  0x00000253c3367f38: 446f cf06 

  0x00000253c3367f3c: ;   {other}
  0x00000253c3367f3c: 0f1f 8400 | 2c16 0007 

  0x00000253c3367f44: ;   {metadata(method data for {method} {0x000002541bb16d98} 'runLoop' '()V' in 'com/jme3/system/lwjgl/LwjglWindow')}
  0x00000253c3367f44: 49b8 38dc | 4e1c 5402 | 0000 41ff | 8050 0400 | 0048 8b94 | 24e0 0000 | 00e9 6a00 | 0000 448b 
  0x00000253c3367f64: 4248 4183 

  0x00000253c3367f68: ;   {metadata(method data for {method} {0x000002541bb16d98} 'runLoop' '()V' in 'com/jme3/system/lwjgl/LwjglWindow')}
  0x00000253c3367f68: f814 49b8 | 38dc 4e1c | 5402 0000 | 48c7 c668 | 0400 0074 | 0748 c7c6 | 7804 0000 | 498b 3c30 
  0x00000253c3367f88: 488d 7f01 | 4989 3c30 | 0f84 3600 | 0000 4c8b 

  0x00000253c3367f98: ;   {metadata(method data for {method} {0x000002541bb16d98} 'runLoop' '()V' in 'com/jme3/system/lwjgl/LwjglWindow')}
  0x00000253c3367f98: c248 be38 | dc4e 1c54 | 0200 0048 | 8386 8804 | 0000 0141 | b814 0000 | 0048 8bf2 

  0x00000253c3367fb4: ;   {optimized virtual_call}
  0x00000253c3367fb4: 488b d6e8 

  0x00000253c3367fb8: ; ImmutableOopMap {[224]=Oop }
                      ;*invokespecial setFrameRateLimit {reexecute=0 rethrow=0 return_oop=0}
                      ; - com.jme3.system.lwjgl.LwjglWindow::runLoop@152 (line 557)
  0x00000253c3367fb8: c46e cf06 

  0x00000253c3367fbc: ;   {other}
  0x00000253c3367fbc: 0f1f 8400 | ac16 0008 | 488b 9424 | e000 0000 | 448b 4248 

  0x00000253c3367fd0: ;   {metadata(method data for {method} {0x000002541bb16d98} 'runLoop' '()V' in 'com/jme3/system/lwjgl/LwjglWindow')}
  0x00000253c3367fd0: 4585 c049 | b838 dc4e | 1c54 0200 | 0048 c7c6 | 9804 0000 | 7e07 48c7 | c6a8 0400 | 0049 8b3c 
  0x00000253c3367ff0: 3048 8d7f | 0149 893c | 300f 8e6d | 0100 00c5 | fb10 4238 | 448b 4228 | 49c1 e003 

  0x00000253c336800c: ; implicit exception: dispatches to 0x00000253c33686b7
  0x00000253c336800c: 493b 0049 

  0x00000253c3368010: ;   {metadata(method data for {method} {0x000002541bb16d98} 'runLoop' '()V' in 'com/jme3/system/lwjgl/LwjglWindow')}
  0x00000253c3368010: 8bf0 48bf | 38dc 4e1c | 5402 0000 

  0x00000253c336801c: ;   {metadata('com/jme3/system/NanoTimer')}
  0x00000253c336801c: 49ba 0020 | 00db 5302 | 0000 4c89 | 97c0 0400 | 0048 8387 | c804 0000 | 01c4 c17a | 1048 0cc5 
  0x00000253c336803c: ;   {section_word}
  0x00000253c336803c: f25a c9c5 | f35e 0db9 | ecff ffc5 | fb5c c1c4 | e1fb 2cf0 

  0x00000253c3368050: ;   {external_word}
  0x00000253c3368050: 483b 3569 | 92ca 0675 | 0f48 83ec | 08c5 fb11 

  0x00000253c3368060: ;   {runtime_call StubRoutines (initial stubs)}
  0x00000253c3368060: 0424 e88b | 91ca 065e | c4e1 f32a | cec5 f928 | d0c5 eb5c 

  0x00000253c3368074: ;   {section_word}
  0x00000253c3368074: d1c5 eb59 | 158b ecff | ffc5 fb2c | fa81 ff00 | 0000 8075 | 0f48 83ec | 08c5 fb11 

  0x00000253c3368090: ;   {runtime_call StubRoutines (initial stubs)}
  0x00000253c3368090: 1424 e800 | 91ca 065f | 4c8b c648 | c7c3 0000 | 0000 4c3b 

  0x00000253c33680a4: ;   {metadata(method data for {method} {0x000002541bb16d98} 'runLoop' '()V' in 'com/jme3/system/lwjgl/LwjglWindow')}
  0x00000253c33680a4: c349 b838 | dc4e 1c54 | 0200 0048 | c7c3 e804 | 0000 7c07 | 48c7 c3f8 | 0400 0049 | 8b04 1848 
  0x00000253c33680c4: 8d40 0149 | 8904 180f | 8c9b 0000 

  0x00000253c33680d0: ;   {metadata(method data for {method} {0x000002541bb16d98} 'runLoop' '()V' in 'com/jme3/system/lwjgl/LwjglWindow')}
  0x00000253c33680d0: 0085 ff49 | b838 dc4e | 1c54 0200 | 0048 c7c3 | 0805 0000 | 7c07 48c7 | c318 0500 | 0049 8b04 
  0x00000253c33680f0: 1848 8d40 | 0149 8904 | 180f 8c6d | 0000 00c5 | fb11 8424 | 3001 0000 

  0x00000253c3368108: ;   {metadata(method data for {method} {0x000002541bb16d98} 'runLoop' '()V' in 'com/jme3/system/lwjgl/LwjglWindow')}
  0x00000253c3368108: 49b8 38dc | 4e1c 5402 | 0000 4983 | 8028 0500 | 0001 488b | d64c 8bc7 | 4889 b424 | 0801 0000 
  0x00000253c3368128: 89bc 24f4 

  0x00000253c336812c: ;   {static_call}
  0x00000253c336812c: 0000 00e8 

  0x00000253c3368130: ; ImmutableOopMap {[224]=Oop }
                      ;*invokestatic sleep {reexecute=0 rethrow=0 return_oop=0}
                      ; - com.jme3.system.lwjgl.LwjglWindow::runLoop@208 (line 570)
  0x00000253c3368130: 4c77 cf06 

  0x00000253c3368134: ;   {other}
  0x00000253c3368134: 0f1f 8400 | 2418 0009 

  0x00000253c336813c: ;   {metadata(method data for {method} {0x000002541bb16d98} 'runLoop' '()V' in 'com/jme3/system/lwjgl/LwjglWindow')}
  0x00000253c336813c: 48b8 38dc | 4e1c 5402 | 0000 ff80 | 3805 0000 | e91b 0000 | 0049 8b87 | 0805 0000 | 4d33 d24d 
  0x00000253c336815c: 8997 0805 | 0000 4d33 | d24d 8997 | 1005 0000 

  0x00000253c336816c: ;   {metadata(method data for {method} {0x000002541bb16d98} 'runLoop' '()V' in 'com/jme3/system/lwjgl/LwjglWindow')}
  0x00000253c336816c: 48ba 38dc | 4e1c 5402 | 0000 4883 | 8250 0500 

  0x00000253c336817c: ;   {metadata(method data for {method} {0x000002541bc733e8} 'glfwPollEvents' '()V' in 'org/lwjgl/glfw/GLFW')}
  0x00000253c336817c: 0001 48ba | 10ef 4e1c | 5402 0000 | 8bb2 cc00 | 0000 83c6 | 0289 b2cc | 0000 0081 | e6fe ff1f 
  0x00000253c336819c: 0085 f60f | 8417 0500 

  0x00000253c33681a4: ;   {metadata(method data for {method} {0x000002541bc733e8} 'glfwPollEvents' '()V' in 'org/lwjgl/glfw/GLFW')}
  0x00000253c33681a4: 0048 ba10 | ef4e 1c54 | 0200 0048 | 8382 1801 

  0x00000253c33681b4: ;   {metadata(method data for {method} {0x000002541bc85ab8} 'check' '()V' in 'org/lwjgl/glfw/EventLoop$OnScreen')}
  0x00000253c33681b4: 0000 0148 | ba10 db4e | 1c54 0200 | 008b b2cc | 0000 0083 | c602 89b2 | cc00 0000 | 81e6 feff 
  0x00000253c33681d4: 1f00 85f6 | 0f84 ff04 

  0x00000253c33681dc: ;   {metadata(method data for {method} {0x000002541bc733e8} 'glfwPollEvents' '()V' in 'org/lwjgl/glfw/GLFW')}
  0x00000253c33681dc: 0000 48ba | 10ef 4e1c | 5402 0000 | 4883 8228 | 0100 0001 | 48ba a068 | 8c3e ff7f | 0000 0f1f 
  0x00000253c33681fc: ;   {static_call}
  0x00000253c33681fc: 4400 00e8 

  0x00000253c3368200: ; ImmutableOopMap {[224]=Oop }
                      ;*invokestatic invokeV {reexecute=0 rethrow=0 return_oop=0}
                      ; - org.lwjgl.glfw.GLFW::glfwPollEvents@8 (line 3094)
                      ; - com.jme3.system.lwjgl.LwjglWindow::runLoop@216 (line 576)
  0x00000253c3368200: 3c05 4d07 

  0x00000253c3368204: ;   {other}
  0x00000253c3368204: 0f1f 8400 | f418 000a | 4881 c440 | 0100 005d 

  0x00000253c3368214: ;   {poll_return}
  0x00000253c3368214: 493b a758 | 0400 000f | 87dd 0400 | 00c3 660f | 1f44 0000 

  0x00000253c3368228: ;   {no_reloc}
  0x00000253c3368228: e9f6 0400 | 0000 0000 | 0000 498b | 87b8 0100 | 0048 8d78 | 2849 3bbf | c801 0000 | 0f87 e304 
  0x00000253c3368248: 0000 4989 | bfb8 0100 | 0048 c700 | 0100 0000 | 488b ca49 | ba00 0000 | da53 0200 | 0049 2bca 
  0x00000253c3368268: 8948 0848 | 33c9 8948 | 0c48 33c9 | 4889 4810 | 4889 4818 | 4889 4820 

  0x00000253c3368280: ;   {metadata(method data for {method} {0x000002541bb16d98} 'runLoop' '()V' in 'com/jme3/system/lwjgl/LwjglWindow')}
  0x00000253c3368280: 488b d048 | be38 dc4e | 1c54 0200 | 0048 8386 | c801 0000 | 0148 8bd0 | 4889 8424 | 1001 0000 
  0x00000253c33682a0: 0f1f 8000 

  0x00000253c33682a4: ;   {optimized virtual_call}
  0x00000253c33682a4: 0000 00e8 

  0x00000253c33682a8: ; ImmutableOopMap {[224]=Oop [272]=Oop }
                      ;*invokespecial <init> {reexecute=0 rethrow=0 return_oop=0}
                      ; - com.jme3.system.lwjgl.LwjglWindow::runLoop@29 (line 527)
  0x00000253c33682a8: d46b cf06 

  0x00000253c33682ac: ;   {other}
  0x00000253c33682ac: 0f1f 8400 | 9c19 000b | 488b 8424 

  0x00000253c33682b8: ; ImmutableOopMap {rax=Oop [224]=Oop }
                      ;*athrow {reexecute=1 rethrow=0 return_oop=0}
                      ; - (reexecute) com.jme3.system.lwjgl.LwjglWindow::runLoop@32 (line 527)
  0x00000253c33682b8: 1001 0000 

  0x00000253c33682bc: ;   {section_word}
  0x00000253c33682bc: 48ba bc82 | 36c3 5302 

  0x00000253c33682c4: ;   {runtime_call handle_exception Runtime1 stub}
  0x00000253c33682c4: 0000 e8b5 | f1dd 0690 | 0f1f 4000 

  0x00000253c33682d0: ;   {no_reloc}
  0x00000253c33682d0: e974 0400 | 0000 0000 | 0000 498b | 87b8 0100 | 0048 8d78 | 3049 3bbf | c801 0000 | 0f87 6104 
  0x00000253c33682f0: 0000 4989 | bfb8 0100 | 0048 c700 | 0100 0000 | 488b ca49 | ba00 0000 | da53 0200 | 0049 2bca 
  0x00000253c3368310: 8948 0848 | 33c9 8948 | 0c48 33c9 | 4889 4810 | 4889 4818 | 4889 4820 | 4889 4828 

  0x00000253c336832c: ;   {metadata(method data for {method} {0x00000253da049b70} 'requireNonNull' '(Ljava/lang/Object;)Ljava/lang/Object;' in 'java/util/Objects')}
  0x00000253c336832c: 488b d048 | be80 8601 | 1b54 0200 | 0048 8386 | 3801 0000 | 0148 8bd0 | 4889 8424 | 1801 0000 
  0x00000253c336834c: ;   {optimized virtual_call}
  0x00000253c336834c: 6666 90e8 

  0x00000253c3368350: ; ImmutableOopMap {[224]=Oop [280]=Oop [288]=Oop }
                      ;*invokespecial <init> {reexecute=0 rethrow=0 return_oop=0}
                      ; - java.util.Objects::requireNonNull@8 (line 220)
                      ; - java.lang.invoke.VarHandleInts$FieldInstanceReadWrite::getAndSet@16 (line 250)
                      ; - java.lang.invoke.VarHandleGuards::guard_LI_I@45 (line 163)
                      ; - java.util.concurrent.atomic.AtomicBoolean::getAndSet@13 (line 175)
                      ; - com.jme3.system.lwjgl.LwjglWindow::runLoop@5 (line 522)
  0x00000253c3368350: 2c6b cf06 

  0x00000253c3368354: ;   {other}
  0x00000253c3368354: 0f1f 8400 | 441a 000d | 488b 8424 

  0x00000253c3368360: ; ImmutableOopMap {rax=Oop [224]=Oop [288]=Oop }
                      ;*athrow {reexecute=1 rethrow=0 return_oop=0}
                      ; - (reexecute) java.util.Objects::requireNonNull@11 (line 220)
                      ; - java.lang.invoke.VarHandleInts$FieldInstanceReadWrite::getAndSet@16 (line 250)
                      ; - java.lang.invoke.VarHandleGuards::guard_LI_I@45 (line 163)
                      ; - java.util.concurrent.atomic.AtomicBoolean::getAndSet@13 (line 175)
                      ; - com.jme3.system.lwjgl.LwjglWindow::runLoop@5 (line 522)
  0x00000253c3368360: 1801 0000 

  0x00000253c3368364: ;   {section_word}
  0x00000253c3368364: 48ba 6483 | 36c3 5302 

  0x00000253c336836c: ;   {runtime_call handle_exception Runtime1 stub}
  0x00000253c336836c: 0000 e80d | f1dd 0690 

  0x00000253c3368374: ;   {metadata('java/lang/ClassCastException')}
  0x00000253c3368374: 48ba 08c6 | 05da 5302 | 0000 498b | 87b8 0100 | 0048 8d78 | 2849 3bbf | c801 0000 | 0f87 ca03 
  0x00000253c3368394: 0000 4989 | bfb8 0100 | 0048 c700 | 0100 0000 | 488b ca49 | ba00 0000 | da53 0200 | 0049 2bca 
  0x00000253c33683b4: 8948 0848 | 33c9 8948 | 0c48 33c9 | 4889 4810 | 4889 4818 | 4889 4820 

  0x00000253c33683cc: ;   {oop(a 'java/lang/Class'{0x00000007049d8610} = 'java/util/concurrent/atomic/AtomicBoolean')}
  0x00000253c33683cc: 48ba 1086 | 9d04 0700 | 0000 4c8b 

  0x00000253c33683d8: ;   {metadata(method data for {method} {0x00000253da42f528} 'cast' '(Ljava/lang/Object;)Ljava/lang/Object;' in 'java/lang/Class')}
  0x00000253c33683d8: c248 be00 | 1722 1b54 | 0200 0048 | 8386 8801 | 0000 014c | 8bc3 4889 | 8424 2801 

  0x00000253c33683f4: ;   {optimized virtual_call}
  0x00000253c33683f4: 0000 90e8 

  0x00000253c33683f8: ; ImmutableOopMap {[224]=Oop [288]=Oop [296]=Oop }
                      ;*invokevirtual cannotCastMsg {reexecute=0 rethrow=0 return_oop=0}
                      ; - java.lang.Class::cast@18 (line 4090)
                      ; - java.lang.invoke.VarHandleInts$FieldInstanceReadWrite::getAndSet@13 (line 250)
                      ; - java.lang.invoke.VarHandleGuards::guard_LI_I@45 (line 163)
                      ; - java.util.concurrent.atomic.AtomicBoolean::getAndSet@13 (line 175)
                      ; - com.jme3.system.lwjgl.LwjglWindow::runLoop@5 (line 522)
  0x00000253c33683f8: 846a cf06 

  0x00000253c33683fc: ;   {other}
  0x00000253c33683fc: 0f1f 8400 | ec1a 000f | 4c8b 8424 | 2801 0000 

  0x00000253c336840c: ;   {metadata(method data for {method} {0x00000253da42f528} 'cast' '(Ljava/lang/Object;)Ljava/lang/Object;' in 'java/lang/Class')}
  0x00000253c336840c: 48ba 0017 | 221b 5402 | 0000 4883 | 82b8 0100 | 0001 4c8b | c048 8b94 | 2428 0100 | 0066 0f1f 
  0x00000253c336842c: ;   {optimized virtual_call}
  0x00000253c336842c: 4400 00e8 

  0x00000253c3368430: ; ImmutableOopMap {[224]=Oop [288]=Oop [296]=Oop }
                      ;*invokespecial <init> {reexecute=0 rethrow=0 return_oop=0}
                      ; - java.lang.Class::cast@21 (line 4090)
                      ; - java.lang.invoke.VarHandleInts$FieldInstanceReadWrite::getAndSet@13 (line 250)
                      ; - java.lang.invoke.VarHandleGuards::guard_LI_I@45 (line 163)
                      ; - java.util.concurrent.atomic.AtomicBoolean::getAndSet@13 (line 175)
                      ; - com.jme3.system.lwjgl.LwjglWindow::runLoop@5 (line 522)
  0x00000253c3368430: 4c6a cf06 

  0x00000253c3368434: ;   {other}
  0x00000253c3368434: 0f1f 8400 | 241b 0010 | 488b 8424 

  0x00000253c3368440: ; ImmutableOopMap {rax=Oop [224]=Oop [288]=Oop }
                      ;*athrow {reexecute=1 rethrow=0 return_oop=0}
                      ; - (reexecute) java.lang.Class::cast@24 (line 4090)
                      ; - java.lang.invoke.VarHandleInts$FieldInstanceReadWrite::getAndSet@13 (line 250)
                      ; - java.lang.invoke.VarHandleGuards::guard_LI_I@45 (line 163)
                      ; - java.util.concurrent.atomic.AtomicBoolean::getAndSet@13 (line 175)
                      ; - com.jme3.system.lwjgl.LwjglWindow::runLoop@5 (line 522)
  0x00000253c3368440: 2801 0000 

  0x00000253c3368444: ;   {section_word}
  0x00000253c3368444: 48ba 4484 | 36c3 5302 

  0x00000253c336844c: ;   {runtime_call handle_exception Runtime1 stub}
  0x00000253c336844c: 0000 e82d | f0dd 0690 

  0x00000253c3368454: ;   {metadata({method} {0x000002541bb16d98} 'runLoop' '()V' in 'com/jme3/system/lwjgl/LwjglWindow')}
  0x00000253c3368454: 49ba 906d | b11b 5402 | 0000 4c89 | 5424 0848 | c704 24ff 

  0x00000253c3368468: ;   {runtime_call counter_overflow Runtime1 stub}
  0x00000253c3368468: ffff ffe8 

  0x00000253c336846c: ; ImmutableOopMap {rdx=Oop [224]=Oop }
                      ;*synchronization entry
                      ; - com.jme3.system.lwjgl.LwjglWindow::runLoop@-1 (line 522)
  0x00000253c336846c: 9030 de06 | e919 e9ff 

  0x00000253c3368474: ;   {runtime_call throw_null_pointer_exception Runtime1 stub}
  0x00000253c3368474: ffe8 26c8 

  0x00000253c3368478: ; ImmutableOopMap {rdx=Oop rbx=Oop [224]=Oop [288]=Oop }
                      ;*invokevirtual getAndSet {reexecute=0 rethrow=0 return_oop=0}
                      ; - com.jme3.system.lwjgl.LwjglWindow::runLoop@5 (line 522)
                      ;   {metadata({method} {0x000002541b22d680} 'getAndSet' '(Z)Z' in 'java/util/concurrent/atomic/AtomicBoolean')}
  0x00000253c3368478: dd06 49ba | 78d6 221b | 5402 0000 | 4c89 5424 | 0848 c704 | 24ff ffff 

  0x00000253c3368490: ;   {runtime_call counter_overflow Runtime1 stub}
  0x00000253c3368490: ffe8 6a30 

  0x00000253c3368494: ; ImmutableOopMap {rdx=Oop rbx=Oop [224]=Oop [288]=Oop }
                      ;*synchronization entry
                      ; - java.util.concurrent.atomic.AtomicBoolean::getAndSet@-1 (line 175)
                      ; - com.jme3.system.lwjgl.LwjglWindow::runLoop@5 (line 522)
  0x00000253c3368494: de06 e941 

  0x00000253c3368498: ;   {metadata({method} {0x00000253da11aea0} 'guard_LI_I' '(Ljava/lang/invoke/VarHandle;Ljava/lang/Object;ILjava/lang/invoke/VarHandle$AccessDescriptor;)I' in 'java/lang/invoke/VarHandleGuards')}
  0x00000253c3368498: e9ff ff49 | ba98 ae11 | da53 0200 | 004c 8954 | 2408 48c7 | 0424 ffff 

  0x00000253c33684b0: ;   {runtime_call counter_overflow Runtime1 stub}
  0x00000253c33684b0: ffff e849 

  0x00000253c33684b4: ; ImmutableOopMap {rdx=Oop rbx=Oop rdi=Oop [224]=Oop [288]=Oop }
                      ;*synchronization entry
                      ; - java.lang.invoke.VarHandleGuards::guard_LI_I@-1 (line 161)
                      ; - java.util.concurrent.atomic.AtomicBoolean::getAndSet@13 (line 175)
                      ; - com.jme3.system.lwjgl.LwjglWindow::runLoop@5 (line 522)
  0x00000253c33684b4: 30de 06e9 | 92e9 ffff 

  0x00000253c33684bc: ;   {metadata({method} {0x00000253da07dd68} 'checkAccessModeThenIsDirect' '(Ljava/lang/invoke/VarHandle$AccessDescriptor;)Z' in 'java/lang/invoke/VarHandle')}
  0x00000253c33684bc: 49ba 60dd | 07da 5302 | 0000 4c89 | 5424 0848 | c704 24ff 

  0x00000253c33684d0: ;   {runtime_call counter_overflow Runtime1 stub}
  0x00000253c33684d0: ffff ffe8 

  0x00000253c33684d4: ; ImmutableOopMap {rdx=Oop rbx=Oop [224]=Oop [288]=Oop }
                      ;*synchronization entry
                      ; - java.lang.invoke.VarHandle::checkAccessModeThenIsDirect@-1 (line 2100)
                      ; - java.lang.invoke.VarHandleGuards::guard_LI_I@2 (line 161)
                      ; - java.util.concurrent.atomic.AtomicBoolean::getAndSet@13 (line 175)
                      ; - com.jme3.system.lwjgl.LwjglWindow::runLoop@5 (line 522)
  0x00000253c33684d4: 2830 de06 | e954 eaff 

  0x00000253c33684dc: ;   {metadata({method} {0x00000253da119390} 'getMemberName' '(I)Ljava/lang/invoke/MemberName;' in 'java/lang/invoke/VarForm')}
  0x00000253c33684dc: ff49 ba88 | 9311 da53 | 0200 004c | 8954 2408 | 48c7 0424 | ffff ffff 

  0x00000253c33684f4: ;   {runtime_call counter_overflow Runtime1 stub}
  0x00000253c33684f4: e807 30de 

  0x00000253c33684f8: ; ImmutableOopMap {rdx=Oop rbx=Oop [224]=Oop [288]=Oop }
                      ;*synchronization entry
                      ; - java.lang.invoke.VarForm::getMemberName@-1 (line 116)
                      ; - java.lang.invoke.VarHandleGuards::guard_LI_I@42 (line 163)
                      ; - java.util.concurrent.atomic.AtomicBoolean::getAndSet@13 (line 175)
                      ; - com.jme3.system.lwjgl.LwjglWindow::runLoop@5 (line 522)
  0x00000253c33684f8: 06e9 a6ea 

  0x00000253c33684fc: ;   {metadata({method} {0x000002541b2304a8} 'getAndSet' '(Ljava/lang/invoke/VarHandle;Ljava/lang/Object;I)I' in 'java/lang/invoke/VarHandleInts$FieldInstanceReadWrite')}
  0x00000253c33684fc: ffff 49ba | a004 231b | 5402 0000 | 4c89 5424 | 0848 c704 | 24ff ffff 

  0x00000253c3368514: ;   {runtime_call counter_overflow Runtime1 stub}
  0x00000253c3368514: ffe8 e62f 

  0x00000253c3368518: ; ImmutableOopMap {rdx=Oop rbx=Oop [224]=Oop [288]=Oop }
                      ;*synchronization entry
                      ; - java.lang.invoke.VarHandleInts$FieldInstanceReadWrite::getAndSet@-1 (line 249)
                      ; - java.lang.invoke.VarHandleGuards::guard_LI_I@45 (line 163)
                      ; - java.util.concurrent.atomic.AtomicBoolean::getAndSet@13 (line 175)
                      ; - com.jme3.system.lwjgl.LwjglWindow::runLoop@5 (line 522)
  0x00000253c3368518: de06 e924 

  0x00000253c336851c: ;   {metadata({method} {0x00000253da42f528} 'cast' '(Ljava/lang/Object;)Ljava/lang/Object;' in 'java/lang/Class')}
  0x00000253c336851c: ebff ff49 | ba20 f542 | da53 0200 | 004c 8954 | 2408 48c7 | 0424 ffff 

  0x00000253c3368534: ;   {runtime_call counter_overflow Runtime1 stub}
  0x00000253c3368534: ffff e8c5 

  0x00000253c3368538: ; ImmutableOopMap {rdx=Oop rbx=Oop [224]=Oop [288]=Oop }
                      ;*synchronization entry
                      ; - java.lang.Class::cast@-1 (line 4089)
                      ; - java.lang.invoke.VarHandleInts$FieldInstanceReadWrite::getAndSet@13 (line 250)
                      ; - java.lang.invoke.VarHandleGuards::guard_LI_I@45 (line 163)
                      ; - java.util.concurrent.atomic.AtomicBoolean::getAndSet@13 (line 175)
                      ; - com.jme3.system.lwjgl.LwjglWindow::runLoop@5 (line 522)
  0x00000253c3368538: 2fde 06e9 | 46eb ffff 

  0x00000253c3368540: ;   {metadata({method} {0x00000253da049b70} 'requireNonNull' '(Ljava/lang/Object;)Ljava/lang/Object;' in 'java/util/Objects')}
  0x00000253c3368540: 49ba 689b | 04da 5302 | 0000 4c89 | 5424 0848 | c704 24ff 

  0x00000253c3368554: ;   {runtime_call counter_overflow Runtime1 stub}
  0x00000253c3368554: ffff ffe8 

  0x00000253c3368558: ; ImmutableOopMap {rdx=Oop rbx=Oop [224]=Oop [288]=Oop }
                      ;*synchronization entry
                      ; - java.util.Objects::requireNonNull@-1 (line 219)
                      ; - java.lang.invoke.VarHandleInts$FieldInstanceReadWrite::getAndSet@16 (line 250)
                      ; - java.lang.invoke.VarHandleGuards::guard_LI_I@45 (line 163)
                      ; - java.util.concurrent.atomic.AtomicBoolean::getAndSet@13 (line 175)
                      ; - com.jme3.system.lwjgl.LwjglWindow::runLoop@5 (line 522)
  0x00000253c3368558: a42f de06 | e915 ecff 

  0x00000253c3368560: ;   {runtime_call throw_null_pointer_exception Runtime1 stub}
  0x00000253c3368560: ffe8 3ac7 

  0x00000253c3368564: ; ImmutableOopMap {rdx=Oop rsi=Oop [224]=Oop }
                      ;*invokevirtual get {reexecute=0 rethrow=0 return_oop=0}
                      ; - com.jme3.system.lwjgl.LwjglWindow::runLoop@19 (line 526)
                      ;   {metadata({method} {0x000002541b22d008} 'get' '()Z' in 'java/util/concurrent/atomic/AtomicBoolean')}
  0x00000253c3368564: dd06 49ba | 00d0 221b | 5402 0000 | 4c89 5424 | 0848 c704 | 24ff ffff 

  0x00000253c336857c: ;   {runtime_call counter_overflow Runtime1 stub}
  0x00000253c336857c: ffe8 7e2f 

  0x00000253c3368580: ; ImmutableOopMap {rdx=Oop rsi=Oop [224]=Oop }
                      ;*synchronization entry
                      ; - java.util.concurrent.atomic.AtomicBoolean::get@-1 (line 88)
                      ; - com.jme3.system.lwjgl.LwjglWindow::runLoop@19 (line 526)
  0x00000253c3368580: de06 e923 

  0x00000253c3368584: ;   {runtime_call throw_null_pointer_exception Runtime1 stub}
  0x00000253c3368584: edff ffe8 

  0x00000253c3368588: ; ImmutableOopMap {rdx=Oop rsi=Oop [224]=Oop }
                      ;*invokeinterface update {reexecute=0 rethrow=0 return_oop=0}
                      ; - com.jme3.system.lwjgl.LwjglWindow::runLoop@37 (line 530)
  0x00000253c3368588: 14c7 dd06 

  0x00000253c336858c: ;   {runtime_call throw_null_pointer_exception Runtime1 stub}
  0x00000253c336858c: e80f c7dd 

  0x00000253c3368590: ; ImmutableOopMap {rdx=Oop rsi=Oop [224]=Oop }
                      ;*invokevirtual get {reexecute=0 rethrow=0 return_oop=0}
                      ; - com.jme3.system.lwjgl.LwjglWindow::runLoop@46 (line 535)
                      ;   {metadata({method} {0x000002541b22d008} 'get' '()Z' in 'java/util/concurrent/atomic/AtomicBoolean')}
  0x00000253c3368590: 0649 ba00 | d022 1b54 | 0200 004c | 8954 2408 | 48c7 0424 | ffff ffff 

  0x00000253c33685a8: ;   {runtime_call counter_overflow Runtime1 stub}
  0x00000253c33685a8: e853 2fde 

  0x00000253c33685ac: ; ImmutableOopMap {rdx=Oop rsi=Oop [224]=Oop }
                      ;*synchronization entry
                      ; - java.util.concurrent.atomic.AtomicBoolean::get@-1 (line 88)
                      ; - com.jme3.system.lwjgl.LwjglWindow::runLoop@46 (line 535)
  0x00000253c33685ac: 06e9 80ee 

  0x00000253c33685b0: ;   {runtime_call throw_incompatible_class_change_error Runtime1 stub}
  0x00000253c33685b0: ffff e8e9 

  0x00000253c33685b4: ; ImmutableOopMap {rdx=Oop rax=Oop rsi=Oop [224]=Oop }
                      ;*invokeinterface handleError {reexecute=0 rethrow=0 return_oop=0}
                      ; - com.jme3.system.lwjgl.LwjglWindow::runLoop@84 (line 542)
                      ;   {runtime_call throw_null_pointer_exception Runtime1 stub}
  0x00000253c33685b4: fbdd 06e8 

  0x00000253c33685b8: ; ImmutableOopMap {rdx=Oop rax=Oop rsi=Oop [224]=Oop }
                      ;*invokeinterface handleError {reexecute=0 rethrow=0 return_oop=0}
                      ; - com.jme3.system.lwjgl.LwjglWindow::runLoop@84 (line 542)
  0x00000253c33685b8: e4c6 dd06 

  0x00000253c33685bc: ;   {runtime_call throw_null_pointer_exception Runtime1 stub}
  0x00000253c33685bc: e8df c6dd 

  0x00000253c33685c0: ; ImmutableOopMap {rsi=Oop [224]=Oop }
                      ;*invokeinterface postFrame {reexecute=0 rethrow=0 return_oop=0}
                      ; - com.jme3.system.lwjgl.LwjglWindow::runLoop@100 (line 549)
                      ;   {runtime_call throw_null_pointer_exception Runtime1 stub}
  0x00000253c33685c0: 06e8 dac6 

  0x00000253c33685c4: ; ImmutableOopMap {rdx=Oop rdi=Oop [224]=Oop }
                      ;*invokevirtual getFrameRate {reexecute=0 rethrow=0 return_oop=0}
                      ; - com.jme3.system.lwjgl.LwjglWindow::runLoop@120 (line 553)
                      ;   {metadata({method} {0x000002541b4682e8} 'getFrameRate' '()I' in 'com/jme3/system/AppSettings')}
  0x00000253c33685c4: dd06 49ba | e082 461b | 5402 0000 | 4c89 5424 | 0848 c704 | 24ff ffff 

  0x00000253c33685dc: ;   {runtime_call counter_overflow Runtime1 stub}
  0x00000253c33685dc: ffe8 1e2f 

  0x00000253c33685e0: ; ImmutableOopMap {rdx=Oop rdi=Oop [224]=Oop }
                      ;*synchronization entry
                      ; - com.jme3.system.AppSettings::getFrameRate@-1 (line 917)
                      ; - com.jme3.system.lwjgl.LwjglWindow::runLoop@120 (line 553)
  0x00000253c33685e0: de06 e9a0 

  0x00000253c33685e4: ;   {metadata({method} {0x000002541b4664a0} 'getInteger' '(Ljava/lang/String;)I' in 'com/jme3/system/AppSettings')}
  0x00000253c33685e4: f2ff ff49 | ba98 6446 | 1b54 0200 | 004c 8954 | 2408 48c7 | 0424 ffff 

  0x00000253c33685fc: ;   {runtime_call counter_overflow Runtime1 stub}
  0x00000253c33685fc: ffff e8fd 

  0x00000253c3368600: ; ImmutableOopMap {rdx=Oop rdi=Oop [224]=Oop }
                      ;*synchronization entry
                      ; - com.jme3.system.AppSettings::getInteger@-1 (line 485)
                      ; - com.jme3.system.AppSettings::getFrameRate@3 (line 917)
                      ; - com.jme3.system.lwjgl.LwjglWindow::runLoop@120 (line 553)
  0x00000253c3368600: 2ede 06e9 | bdf2 ffff 

  0x00000253c3368608: ;   {metadata({method} {0x00000253da0771d0} 'get' '(Ljava/lang/Object;)Ljava/lang/Object;' in 'java/util/HashMap')}
  0x00000253c3368608: 49ba c871 | 07da 5302 | 0000 4c89 | 5424 0848 | c704 24ff 

  0x00000253c336861c: ;   {runtime_call counter_overflow Runtime1 stub}
  0x00000253c336861c: ffff ffe8 

  0x00000253c3368620: ; ImmutableOopMap {rdx=Oop rdi=Oop [224]=Oop }
                      ;*synchronization entry
                      ; - java.util.HashMap::get@-1 (line 564)
                      ; - com.jme3.system.AppSettings::getInteger@2 (line 485)
                      ; - com.jme3.system.AppSettings::getFrameRate@3 (line 917)
                      ; - com.jme3.system.lwjgl.LwjglWindow::runLoop@120 (line 553)
  0x00000253c3368620: dc2e de06 | e959 f3ff 

  0x00000253c3368628: ;   {runtime_call throw_null_pointer_exception Runtime1 stub}
  0x00000253c3368628: ffe8 72c6 

  0x00000253c336862c: ; ImmutableOopMap {rax=Oop [224]=Oop [248]=Oop }
                      ;*getfield value {reexecute=1 rethrow=0 return_oop=0}
                      ; - (reexecute) java.util.HashMap::get@15 (line 564)
                      ; - com.jme3.system.AppSettings::getInteger@2 (line 485)
                      ; - com.jme3.system.AppSettings::getFrameRate@3 (line 917)
                      ; - com.jme3.system.lwjgl.LwjglWindow::runLoop@120 (line 553)
  0x00000253c336862c: dd06 4c89 

  0x00000253c3368630: ;   {runtime_call throw_class_cast_exception Runtime1 stub}
  0x00000253c3368630: 0424 e869 

  0x00000253c3368634: ; ImmutableOopMap {[224]=Oop [248]=Oop }
                      ;*checkcast {reexecute=0 rethrow=0 return_oop=0}
                      ; - com.jme3.system.AppSettings::getInteger@5 (line 485)
                      ; - com.jme3.system.AppSettings::getFrameRate@3 (line 917)
                      ; - com.jme3.system.lwjgl.LwjglWindow::runLoop@120 (line 553)
                      ;   {runtime_call throw_null_pointer_exception Runtime1 stub}
  0x00000253c3368634: f8dd 06e8 

  0x00000253c3368638: ; ImmutableOopMap {rdi=Oop r8=Oop [224]=Oop }
                      ;*invokevirtual intValue {reexecute=0 rethrow=0 return_oop=0}
                      ; - com.jme3.system.AppSettings::getInteger@16 (line 490)
                      ; - com.jme3.system.AppSettings::getFrameRate@3 (line 917)
                      ; - com.jme3.system.lwjgl.LwjglWindow::runLoop@120 (line 553)
  0x00000253c3368638: 64c6 dd06 

  0x00000253c336863c: ;   {runtime_call throw_null_pointer_exception Runtime1 stub}
  0x00000253c336863c: e85f c6dd 

  0x00000253c3368640: ; ImmutableOopMap {rdx=Oop rsi=Oop [224]=Oop }
                      ;*invokevirtual getFrameRate {reexecute=0 rethrow=0 return_oop=0}
                      ; - com.jme3.system.lwjgl.LwjglWindow::runLoop@131 (line 554)
                      ;   {metadata({method} {0x000002541b4682e8} 'getFrameRate' '()I' in 'com/jme3/system/AppSettings')}
  0x00000253c3368640: 0649 bae0 | 8246 1b54 | 0200 004c | 8954 2408 | 48c7 0424 | ffff ffff 

  0x00000253c3368658: ;   {runtime_call counter_overflow Runtime1 stub}
  0x00000253c3368658: e8a3 2ede 

  0x00000253c336865c: ; ImmutableOopMap {rdx=Oop rsi=Oop [224]=Oop }
                      ;*synchronization entry
                      ; - com.jme3.system.AppSettings::getFrameRate@-1 (line 917)
                      ; - com.jme3.system.lwjgl.LwjglWindow::runLoop@131 (line 554)
  0x00000253c336865c: 06e9 fcf5 

  0x00000253c3368660: ;   {metadata({method} {0x000002541b4664a0} 'getInteger' '(Ljava/lang/String;)I' in 'com/jme3/system/AppSettings')}
  0x00000253c3368660: ffff 49ba | 9864 461b | 5402 0000 | 4c89 5424 | 0848 c704 | 24ff ffff 

  0x00000253c3368678: ;   {runtime_call counter_overflow Runtime1 stub}
  0x00000253c3368678: ffe8 822e 

  0x00000253c336867c: ; ImmutableOopMap {rdx=Oop rsi=Oop [224]=Oop }
                      ;*synchronization entry
                      ; - com.jme3.system.AppSettings::getInteger@-1 (line 485)
                      ; - com.jme3.system.AppSettings::getFrameRate@3 (line 917)
                      ; - com.jme3.system.lwjgl.LwjglWindow::runLoop@131 (line 554)
  0x00000253c336867c: de06 e919 

  0x00000253c3368680: ;   {metadata({method} {0x00000253da0771d0} 'get' '(Ljava/lang/Object;)Ljava/lang/Object;' in 'java/util/HashMap')}
  0x00000253c3368680: f6ff ff49 | bac8 7107 | da53 0200 | 004c 8954 | 2408 48c7 | 0424 ffff 

  0x00000253c3368698: ;   {runtime_call counter_overflow Runtime1 stub}
  0x00000253c3368698: ffff e861 

  0x00000253c336869c: ; ImmutableOopMap {rdx=Oop rsi=Oop [224]=Oop }
                      ;*synchronization entry
                      ; - java.util.HashMap::get@-1 (line 564)
                      ; - com.jme3.system.AppSettings::getInteger@2 (line 485)
                      ; - com.jme3.system.AppSettings::getFrameRate@3 (line 917)
                      ; - com.jme3.system.lwjgl.LwjglWindow::runLoop@131 (line 554)
  0x00000253c336869c: 2ede 06e9 | b5f6 ffff 

  0x00000253c33686a4: ;   {runtime_call throw_null_pointer_exception Runtime1 stub}
  0x00000253c33686a4: e8f7 c5dd 

  0x00000253c33686a8: ; ImmutableOopMap {rax=Oop [224]=Oop [256]=Oop }
                      ;*getfield value {reexecute=1 rethrow=0 return_oop=0}
                      ; - (reexecute) java.util.HashMap::get@15 (line 564)
                      ; - com.jme3.system.AppSettings::getInteger@2 (line 485)
                      ; - com.jme3.system.AppSettings::getFrameRate@3 (line 917)
                      ; - com.jme3.system.lwjgl.LwjglWindow::runLoop@131 (line 554)
  0x00000253c33686a8: 064c 8904 

  0x00000253c33686ac: ;   {runtime_call throw_class_cast_exception Runtime1 stub}
  0x00000253c33686ac: 24e8 eef7 

  0x00000253c33686b0: ; ImmutableOopMap {[224]=Oop [256]=Oop }
                      ;*checkcast {reexecute=0 rethrow=0 return_oop=0}
                      ; - com.jme3.system.AppSettings::getInteger@5 (line 485)
                      ; - com.jme3.system.AppSettings::getFrameRate@3 (line 917)
                      ; - com.jme3.system.lwjgl.LwjglWindow::runLoop@131 (line 554)
                      ;   {runtime_call throw_null_pointer_exception Runtime1 stub}
  0x00000253c33686b0: dd06 e8e9 

  0x00000253c33686b4: ; ImmutableOopMap {rsi=Oop r8=Oop [224]=Oop }
                      ;*invokevirtual intValue {reexecute=0 rethrow=0 return_oop=0}
                      ; - com.jme3.system.AppSettings::getInteger@16 (line 490)
                      ; - com.jme3.system.AppSettings::getFrameRate@3 (line 917)
                      ; - com.jme3.system.lwjgl.LwjglWindow::runLoop@131 (line 554)
                      ;   {runtime_call throw_null_pointer_exception Runtime1 stub}
  0x00000253c33686b4: c5dd 06e8 

  0x00000253c33686b8: ; ImmutableOopMap {rdx=Oop r8=Oop [224]=Oop }
                      ;*invokevirtual getTimePerFrame {reexecute=0 rethrow=0 return_oop=0}
                      ; - com.jme3.system.lwjgl.LwjglWindow::runLoop@170 (line 564)
  0x00000253c33686b8: e4c5 dd06 

  0x00000253c33686bc: ;   {metadata({method} {0x000002541bc733e8} 'glfwPollEvents' '()V' in 'org/lwjgl/glfw/GLFW')}
  0x00000253c33686bc: 49ba e033 | c71b 5402 | 0000 4c89 | 5424 0848 | c704 24ff 

  0x00000253c33686d0: ;   {runtime_call counter_overflow Runtime1 stub}
  0x00000253c33686d0: ffff ffe8 

  0x00000253c33686d4: ; ImmutableOopMap {[224]=Oop }
                      ;*synchronization entry
                      ; - org.lwjgl.glfw.GLFW::glfwPollEvents@-1 (line 3092)
                      ; - com.jme3.system.lwjgl.LwjglWindow::runLoop@216 (line 576)
  0x00000253c33686d4: 282e de06 | e9c8 faff 

  0x00000253c33686dc: ;   {metadata({method} {0x000002541bc85ab8} 'check' '()V' in 'org/lwjgl/glfw/EventLoop$OnScreen')}
  0x00000253c33686dc: ff49 bab0 | 5ac8 1b54 | 0200 004c | 8954 2408 | 48c7 0424 | ffff ffff 

  0x00000253c33686f4: ;   {runtime_call counter_overflow Runtime1 stub}
  0x00000253c33686f4: e807 2ede 

  0x00000253c33686f8: ; ImmutableOopMap {[224]=Oop }
                      ;*synchronization entry
                      ; - org.lwjgl.glfw.EventLoop$OnScreen::check@-1 (line 74)
                      ; - org.lwjgl.glfw.GLFW::glfwPollEvents@4 (line 3093)
                      ; - com.jme3.system.lwjgl.LwjglWindow::runLoop@216 (line 576)
  0x00000253c33686f8: 06e9 e0fa 

  0x00000253c33686fc: ;   {internal_word}
  0x00000253c33686fc: ffff 49ba | 1482 36c3 | 5302 0000 | 4d89 9770 

  0x00000253c336870c: ;   {runtime_call SafepointBlob}
  0x00000253c336870c: 0400 00e9 | 6ce4 cf06 

  0x00000253c3368714: ;   {metadata(nullptr)}
  0x00000253c3368714: 48ba 0000 | 0000 0000 | 0000 b800 

  0x00000253c3368720: ;   {runtime_call load_klass_patching Runtime1 stub}
  0x00000253c3368720: 0f05 0ae8 

  0x00000253c3368724: ; ImmutableOopMap {[224]=Oop }
                      ;*new {reexecute=1 rethrow=0 return_oop=0}
                      ; - (reexecute) com.jme3.system.lwjgl.LwjglWindow::runLoop@25 (line 527)
  0x00000253c3368724: 5817 de06 | e9fb faff | ff48 8bd2 

  0x00000253c3368730: ;   {runtime_call fast_new_instance Runtime1 stub}
  0x00000253c3368730: e84b d6dd 

  0x00000253c3368734: ; ImmutableOopMap {[224]=Oop }
                      ;*new {reexecute=0 rethrow=0 return_oop=0}
                      ; - com.jme3.system.lwjgl.LwjglWindow::runLoop@25 (line 527)
  0x00000253c3368734: 06e9 46fb 

  0x00000253c3368738: ;   {metadata(nullptr)}
  0x00000253c3368738: ffff 48ba | 0000 0000 | 0000 0000 | b800 0f05 

  0x00000253c3368748: ;   {runtime_call load_klass_patching Runtime1 stub}
  0x00000253c3368748: 0ae8 3217 

  0x00000253c336874c: ; ImmutableOopMap {[224]=Oop [288]=Oop }
                      ;*new {reexecute=1 rethrow=0 return_oop=0}
                      ; - (reexecute) java.util.Objects::requireNonNull@4 (line 220)
                      ; - java.lang.invoke.VarHandleInts$FieldInstanceReadWrite::getAndSet@16 (line 250)
                      ; - java.lang.invoke.VarHandleGuards::guard_LI_I@45 (line 163)
                      ; - java.util.concurrent.atomic.AtomicBoolean::getAndSet@13 (line 175)
                      ; - com.jme3.system.lwjgl.LwjglWindow::runLoop@5 (line 522)
  0x00000253c336874c: de06 e97d | fbff ff48 

  0x00000253c3368754: ;   {runtime_call fast_new_instance Runtime1 stub}
  0x00000253c3368754: 8bd2 e825 

  0x00000253c3368758: ; ImmutableOopMap {[224]=Oop [288]=Oop }
                      ;*new {reexecute=0 rethrow=0 return_oop=0}
                      ; - java.util.Objects::requireNonNull@4 (line 220)
                      ; - java.lang.invoke.VarHandleInts$FieldInstanceReadWrite::getAndSet@16 (line 250)
                      ; - java.lang.invoke.VarHandleGuards::guard_LI_I@45 (line 163)
                      ; - java.util.concurrent.atomic.AtomicBoolean::getAndSet@13 (line 175)
                      ; - com.jme3.system.lwjgl.LwjglWindow::runLoop@5 (line 522)
  0x00000253c3368758: d6dd 06e9 | ccfb ffff 

  0x00000253c3368760: ;   {runtime_call fast_new_instance Runtime1 stub}
  0x00000253c3368760: 488b d2e8 

  0x00000253c3368764: ; ImmutableOopMap {rbx=Oop [224]=Oop [288]=Oop }
                      ;*new {reexecute=0 rethrow=0 return_oop=0}
                      ; - java.lang.Class::cast@12 (line 4090)
                      ; - java.lang.invoke.VarHandleInts$FieldInstanceReadWrite::getAndSet@13 (line 250)
                      ; - java.lang.invoke.VarHandleGuards::guard_LI_I@45 (line 163)
                      ; - java.util.concurrent.atomic.AtomicBoolean::getAndSet@13 (line 175)
                      ; - com.jme3.system.lwjgl.LwjglWindow::runLoop@5 (line 522)
  0x00000253c3368764: 18d6 dd06 | e95f fcff | ff49 8b87 | 0805 0000 | 49c7 8708 | 0500 0000 | 0000 0049 | c787 1005 
  0x00000253c3368784: 0000 0000 | 0000 4881 | c440 0100 

  0x00000253c3368790: ;   {runtime_call unwind_exception Runtime1 stub}
  0x00000253c3368790: 005d e9e9 | afdd 06f4 
[Stub Code]
  0x00000253c3368798: ;   {no_reloc}
  0x00000253c3368798: 0f1f 4400 

  0x00000253c336879c: ;   {static_stub}
  0x00000253c336879c: 0048 bb00 | 0000 0000 

  0x00000253c33687a4: ;   {runtime_call}
  0x00000253c33687a4: 0000 00e9 | fbff ffff 

  0x00000253c33687ac: ;   {static_stub}
  0x00000253c33687ac: 9048 bb00 | 0000 0000 

  0x00000253c33687b4: ;   {runtime_call}
  0x00000253c33687b4: 0000 00e9 | fbff ffff 

  0x00000253c33687bc: ;   {static_stub}
  0x00000253c33687bc: 9048 bb00 | 0000 0000 

  0x00000253c33687c4: ;   {runtime_call}
  0x00000253c33687c4: 0000 00e9 | fbff ffff 

  0x00000253c33687cc: ;   {static_stub}
  0x00000253c33687cc: 48bb 0000 | 0000 0000 

  0x00000253c33687d4: ;   {runtime_call}
  0x00000253c33687d4: 0000 e9fb 

  0x00000253c33687d8: ;   {static_stub}
  0x00000253c33687d8: ffff ff48 | bb00 0000 | 0000 0000 

  0x00000253c33687e4: ;   {runtime_call}
  0x00000253c33687e4: 00e9 fbff 

  0x00000253c33687e8: ;   {static_stub}
  0x00000253c33687e8: ffff 48bb | 0000 0000 | 0000 0000 

  0x00000253c33687f4: ;   {runtime_call}
  0x00000253c33687f4: e9fb ffff 

  0x00000253c33687f8: ;   {static_stub}
  0x00000253c33687f8: ff48 bb00 | 0000 0000 

  0x00000253c3368800: ;   {runtime_call}
  0x00000253c3368800: 0000 00e9 | fbff ffff 

  0x00000253c3368808: ;   {static_stub}
  0x00000253c3368808: 48bb 0000 | 0000 0000 

  0x00000253c3368810: ;   {runtime_call}
  0x00000253c3368810: 0000 e9fb 

  0x00000253c3368814: ;   {static_stub}
  0x00000253c3368814: ffff ff48 | bb00 0000 | 0000 0000 

  0x00000253c3368820: ;   {runtime_call}
  0x00000253c3368820: 00e9 fbff 

  0x00000253c3368824: ;   {static_stub}
  0x00000253c3368824: ffff 48bb | a874 c71b | 5402 0000 

  0x00000253c3368830: ;   {runtime_call I2C/C2I adapters}
  0x00000253c3368830: e9ce c8cd 

  0x00000253c3368834: ;   {static_stub}
  0x00000253c3368834: 0648 bb00 | 0000 0000 

  0x00000253c336883c: ;   {runtime_call}
  0x00000253c336883c: 0000 00e9 | fbff ffff 

  0x00000253c3368844: ;   {static_stub}
  0x00000253c3368844: 48bb 0000 | 0000 0000 

  0x00000253c336884c: ;   {runtime_call}
  0x00000253c336884c: 0000 e9fb 

  0x00000253c3368850: ;   {static_stub}
  0x00000253c3368850: ffff ff48 | bb00 0000 | 0000 0000 

  0x00000253c336885c: ;   {runtime_call}
  0x00000253c336885c: 00e9 fbff 

  0x00000253c3368860: ;   {runtime_call handle_exception_from_callee Runtime1 stub}
  0x00000253c3368860: ffff e819 

  0x00000253c3368864: ;   {external_word}
  0x00000253c3368864: f0dd 0648 | b9c0 28e7 | f9fe 7f00 | 0048 83e4 

  0x00000253c3368874: ;   {runtime_call}
  0x00000253c3368874: f048 b830 | 99ae f9fe | 7f00 00ff 

  0x00000253c3368880: ;   {section_word}
  0x00000253c3368880: d0f4 49ba | 8288 36c3 | 5302 0000 

  0x00000253c336888c: ;   {runtime_call DeoptimizationBlob}
  0x00000253c336888c: 4152 e98d | f7cf 06f4 | f4f4 f4f4 
[/MachCode]


---------------  P R O C E S S  ---------------

Threads class SMR info:
_java_thread_list=0x0000025421c43b70, length=19, elements={
0x00000253ba797a80, 0x00000253d93244d0, 0x00000253d978a810, 0x00000253d978d000,
0x00000253d9790520, 0x00000253d9791070, 0x00000253d9791d70, 0x00000253d9792bf0,
0x00000253d97a59e0, 0x00000253d99003d0, 0x00000253d9905a40, 0x00000253d99060d0,
0x00000253d990d8a0, 0x00000253d993f760, 0x000002541f4dfb90, 0x00000254217c2af0,
0x0000025421531910, 0x0000025422064b70, 0x00000254211bb150
}

Java Threads: ( => current thread )
=>0x00000253ba797a80 JavaThread "main"                              [_thread_in_native, id=17460, stack(0x0000006d06800000,0x0000006d06900000) (1024K)]
  0x00000253d93244d0 JavaThread "Reference Handler"          daemon [_thread_blocked, id=22676, stack(0x0000006d07000000,0x0000006d07100000) (1024K)]
  0x00000253d978a810 JavaThread "Finalizer"                  daemon [_thread_blocked, id=716, stack(0x0000006d07100000,0x0000006d07200000) (1024K)]
  0x00000253d978d000 JavaThread "Signal Dispatcher"          daemon [_thread_blocked, id=17624, stack(0x0000006d07200000,0x0000006d07300000) (1024K)]
  0x00000253d9790520 JavaThread "Attach Listener"            daemon [_thread_blocked, id=3328, stack(0x0000006d07300000,0x0000006d07400000) (1024K)]
  0x00000253d9791070 JavaThread "Service Thread"             daemon [_thread_blocked, id=17764, stack(0x0000006d07400000,0x0000006d07500000) (1024K)]
  0x00000253d9791d70 JavaThread "Monitor Deflation Thread"   daemon [_thread_blocked, id=7820, stack(0x0000006d07500000,0x0000006d07600000) (1024K)]
  0x00000253d9792bf0 JavaThread "C2 CompilerThread0"         daemon [_thread_blocked, id=22216, stack(0x0000006d07600000,0x0000006d07700000) (1024K)]
  0x00000253d97a59e0 JavaThread "C1 CompilerThread0"         daemon [_thread_blocked, id=18628, stack(0x0000006d07700000,0x0000006d07800000) (1024K)]
  0x00000253d99003d0 JavaThread "JDWP Transport Listener: dt_socket" daemon [_thread_blocked, id=23468, stack(0x0000006d07800000,0x0000006d07900000) (1024K)]
  0x00000253d9905a40 JavaThread "JDWP Event Helper Thread"   daemon [_thread_blocked, id=19816, stack(0x0000006d07900000,0x0000006d07a00000) (1024K)]
  0x00000253d99060d0 JavaThread "JDWP Command Reader"        daemon [_thread_in_native, id=21216, stack(0x0000006d07a00000,0x0000006d07b00000) (1024K)]
  0x00000253d990d8a0 JavaThread "Notification Thread"        daemon [_thread_blocked, id=18896, stack(0x0000006d07b00000,0x0000006d07c00000) (1024K)]
  0x00000253d993f760 JavaThread "Common-Cleaner"             daemon [_thread_blocked, id=8356, stack(0x0000006d07c00000,0x0000006d07d00000) (1024K)]
  0x000002541f4dfb90 JavaThread "Java2D Disposer"            daemon [_thread_blocked, id=10388, stack(0x0000006d07e00000,0x0000006d07f00000) (1024K)]
  0x00000254217c2af0 JavaThread "TimerQueue"                 daemon [_thread_blocked, id=18832, stack(0x0000006d08a00000,0x0000006d08b00000) (1024K)]
  0x0000025421531910 JavaThread "Thread to free LWJGL byte buffers" daemon [_thread_blocked, id=3564, stack(0x0000006d09100000,0x0000006d09200000) (1024K)]
  0x0000025422064b70 JavaThread "jME3 Audio Decoder"         daemon [_thread_blocked, id=14156, stack(0x0000006d08100000,0x0000006d08200000) (1024K)]
  0x00000254211bb150 JavaThread "AWT-Shutdown"                      [_thread_blocked, id=12036, stack(0x0000006d09700000,0x0000006d09800000) (1024K)]
Total: 19

Other Threads:
  0x00000253d930e5a0 VMThread "VM Thread"                           [id=18756, stack(0x0000006d06f00000,0x0000006d07000000) (1024K)]
  0x00000253ba80dd10 WorkerThread "GC Thread#0"                     [id=17672, stack(0x0000006d06900000,0x0000006d06a00000) (1024K)]
  0x000002541f4ee350 WorkerThread "GC Thread#1"                     [id=22760, stack(0x0000006d08300000,0x0000006d08400000) (1024K)]
  0x000002541f4edbf0 WorkerThread "GC Thread#2"                     [id=3084, stack(0x0000006d08400000,0x0000006d08500000) (1024K)]
  0x000002541f4eee60 WorkerThread "GC Thread#3"                     [id=23536, stack(0x0000006d08500000,0x0000006d08600000) (1024K)]
  0x000002541f4edfa0 WorkerThread "GC Thread#4"                     [id=10104, stack(0x0000006d08600000,0x0000006d08700000) (1024K)]
  0x000002541f4ef210 WorkerThread "GC Thread#5"                     [id=23264, stack(0x0000006d08700000,0x0000006d08800000) (1024K)]
  0x000002541f4ee700 WorkerThread "GC Thread#6"                     [id=8344, stack(0x0000006d08800000,0x0000006d08900000) (1024K)]
  0x000002541f4eeab0 WorkerThread "GC Thread#7"                     [id=21360, stack(0x0000006d08900000,0x0000006d08a00000) (1024K)]
  0x00000253ba81eab0 ConcurrentGCThread "G1 Main Marker"            terminated
  0x00000253ba81fd60 WorkerThread "G1 Conc#0"                       [id=856, stack(0x0000006d06b00000,0x0000006d06c00000) (1024K)]
  0x000002541f5cc310 WorkerThread "G1 Conc#1"                       [id=18248, stack(0x0000006d09600000,0x0000006d09700000) (1024K)]
  0x00000253d91c80b0 ConcurrentGCThread "G1 Refine#0"               terminated
  0x00000253ba791f50 ConcurrentGCThread "G1 Service"                terminated
Total: 14

Threads with active compile tasks:
Total: 0

VM state: not at safepoint (normal execution)

VM Mutex/Monitor currently owned by a thread: None

Heap address: 0x0000000704000000, size: 4032 MB, Compressed Oops mode: Zero based, Oop shift amount: 3

CDS archive(s) mapped at: [0x00000253da000000-0x00000253dac60000-0x00000253dac60000), size 12976128, SharedBaseAddress: 0x00000253da000000, ArchiveRelocationMode: 1.
Compressed class space mapped at: 0x00000253db000000-0x000002541b000000, reserved size: 1073741824
Narrow klass base: 0x00000253da000000, Narrow klass shift: 0, Narrow klass range: 0x41000000

GC Precious Log:
 CardTable entry size: 512
 Card Set container configuration: InlinePtr #cards 4 size 8 Array Of Cards #cards 16 size 48 Howl #buckets 8 coarsen threshold 3686 Howl Bitmap #cards 512 size 80 coarsen threshold 460 Card regions per heap region 1 cards per card region 4096
 CPUs: 8 total, 8 available
 Memory: 16126M
 Large Page Support: Disabled
 NUMA Support: Disabled
 Compressed Oops: Enabled (Zero based)
 Heap Region Size: 2M
 Heap Min Capacity: 8M
 Heap Initial Capacity: 252M
 Heap Max Capacity: 4032M
 Pre-touch: Disabled
 Parallel Workers: 8
 Concurrent Workers: 2
 Concurrent Refinement Workers: 8
 Periodic GC: Disabled

Heap:
 garbage-first heap   total reserved 4128768K, committed 151552K, used 96368K [0x0000000704000000, 0x0000000800000000)
  region size 2048K, 38 young (77824K), 1 survivors (2048K)
 Metaspace       used 23483K, committed 23744K, reserved 1114112K
  class space    used 2138K, committed 2240K, reserved 1048576K

Heap Regions: E=young(eden), S=young(survivor), O=old, HS=humongous(starts), HC=humongous(continues), CS=collection set, F=free, TAMS=top-at-mark-start, PB=parsable bottom
|   0|0x0000000704000000, 0x0000000704200000, 0x0000000704200000|100%|HS|  |TAMS 0x0000000704000000| PB 0x0000000704000000| Complete |  0
|   1|0x0000000704200000, 0x000000070433fe10, 0x0000000704400000| 62%| O|  |TAMS 0x0000000704200000| PB 0x0000000704200000| Untracked |  0
|   2|0x0000000704400000, 0x0000000704600000, 0x0000000704600000|100%|HS|  |TAMS 0x0000000704400000| PB 0x0000000704400000| Complete |  0
|   3|0x0000000704600000, 0x0000000704600000, 0x0000000704800000|  0%| F|  |TAMS 0x0000000704600000| PB 0x0000000704600000| Untracked |  0
|   4|0x0000000704800000, 0x00000007049fff30, 0x0000000704a00000| 99%| O|  |TAMS 0x0000000704800000| PB 0x0000000704800000| Untracked |  0
|   5|0x0000000704a00000, 0x0000000704c00000, 0x0000000704c00000|100%| O|  |TAMS 0x0000000704a00000| PB 0x0000000704a00000| Untracked |  0
|   6|0x0000000704c00000, 0x0000000704de22a0, 0x0000000704e00000| 94%| O|  |TAMS 0x0000000704c00000| PB 0x0000000704c00000| Untracked |  0
|   7|0x0000000704e00000, 0x0000000705000000, 0x0000000705000000|100%|HS|  |TAMS 0x0000000704e00000| PB 0x0000000704e00000| Complete |  0
|   8|0x0000000705000000, 0x0000000705200000, 0x0000000705200000|100%|HC|  |TAMS 0x0000000705000000| PB 0x0000000705000000| Complete |  0
|   9|0x0000000705200000, 0x0000000705400000, 0x0000000705400000|100%|HC|  |TAMS 0x0000000705200000| PB 0x0000000705200000| Complete |  0
|  10|0x0000000705400000, 0x0000000705400000, 0x0000000705600000|  0%| F|  |TAMS 0x0000000705400000| PB 0x0000000705400000| Untracked |  0
|  11|0x0000000705600000, 0x0000000705800000, 0x0000000705800000|100%|HS|  |TAMS 0x0000000705600000| PB 0x0000000705600000| Complete |  0
|  12|0x0000000705800000, 0x0000000705800000, 0x0000000705a00000|  0%| F|  |TAMS 0x0000000705800000| PB 0x0000000705800000| Untracked |  0
|  13|0x0000000705a00000, 0x0000000705a00000, 0x0000000705c00000|  0%| F|  |TAMS 0x0000000705a00000| PB 0x0000000705a00000| Untracked |  0
|  14|0x0000000705c00000, 0x0000000705c00000, 0x0000000705e00000|  0%| F|  |TAMS 0x0000000705c00000| PB 0x0000000705c00000| Untracked |  0
|  15|0x0000000705e00000, 0x0000000705e00000, 0x0000000706000000|  0%| F|  |TAMS 0x0000000705e00000| PB 0x0000000705e00000| Untracked |  0
|  16|0x0000000706000000, 0x00000007060fa208, 0x0000000706200000| 48%| S|CS|TAMS 0x0000000706000000| PB 0x0000000706000000| Complete |  0
|  17|0x0000000706200000, 0x0000000706200000, 0x0000000706400000|  0%| F|  |TAMS 0x0000000706200000| PB 0x0000000706200000| Untracked |  0
|  18|0x0000000706400000, 0x0000000706400000, 0x0000000706600000|  0%| F|  |TAMS 0x0000000706400000| PB 0x0000000706400000| Untracked |  0
|  19|0x0000000706600000, 0x0000000706600000, 0x0000000706800000|  0%| F|  |TAMS 0x0000000706600000| PB 0x0000000706600000| Untracked |  0
|  20|0x0000000706800000, 0x0000000706800000, 0x0000000706a00000|  0%| F|  |TAMS 0x0000000706800000| PB 0x0000000706800000| Untracked |  0
|  21|0x0000000706a00000, 0x0000000706a00000, 0x0000000706c00000|  0%| F|  |TAMS 0x0000000706a00000| PB 0x0000000706a00000| Untracked |  0
|  22|0x0000000706c00000, 0x0000000706c00000, 0x0000000706e00000|  0%| F|  |TAMS 0x0000000706c00000| PB 0x0000000706c00000| Untracked |  0
|  23|0x0000000706e00000, 0x0000000706e00000, 0x0000000707000000|  0%| F|  |TAMS 0x0000000706e00000| PB 0x0000000706e00000| Untracked |  0
|  24|0x0000000707000000, 0x0000000707000000, 0x0000000707200000|  0%| F|  |TAMS 0x0000000707000000| PB 0x0000000707000000| Untracked |  0
|  25|0x0000000707200000, 0x0000000707200000, 0x0000000707400000|  0%| F|  |TAMS 0x0000000707200000| PB 0x0000000707200000| Untracked |  0
|  26|0x0000000707400000, 0x0000000707400000, 0x0000000707600000|  0%| F|  |TAMS 0x0000000707400000| PB 0x0000000707400000| Untracked |  0
|  27|0x0000000707600000, 0x0000000707600000, 0x0000000707800000|  0%| F|  |TAMS 0x0000000707600000| PB 0x0000000707600000| Untracked |  0
|  28|0x0000000707800000, 0x0000000707800000, 0x0000000707a00000|  0%| F|  |TAMS 0x0000000707800000| PB 0x0000000707800000| Untracked |  0
|  29|0x0000000707a00000, 0x0000000707a00000, 0x0000000707c00000|  0%| F|  |TAMS 0x0000000707a00000| PB 0x0000000707a00000| Untracked |  0
|  30|0x0000000707c00000, 0x0000000707c00000, 0x0000000707e00000|  0%| F|  |TAMS 0x0000000707c00000| PB 0x0000000707c00000| Untracked |  0
|  31|0x0000000707e00000, 0x0000000707e00000, 0x0000000708000000|  0%| F|  |TAMS 0x0000000707e00000| PB 0x0000000707e00000| Untracked |  0
|  32|0x0000000708000000, 0x0000000708000000, 0x0000000708200000|  0%| F|  |TAMS 0x0000000708000000| PB 0x0000000708000000| Untracked |  0
|  33|0x0000000708200000, 0x0000000708200000, 0x0000000708400000|  0%| F|  |TAMS 0x0000000708200000| PB 0x0000000708200000| Untracked |  0
|  34|0x0000000708400000, 0x0000000708400000, 0x0000000708600000|  0%| F|  |TAMS 0x0000000708400000| PB 0x0000000708400000| Untracked |  0
|  35|0x0000000708600000, 0x0000000708600000, 0x0000000708800000|  0%| F|  |TAMS 0x0000000708600000| PB 0x0000000708600000| Untracked |  0
|  36|0x0000000708800000, 0x0000000708940048, 0x0000000708a00000| 62%| E|  |TAMS 0x0000000708800000| PB 0x0000000708800000| Complete |  0
|  37|0x0000000708a00000, 0x0000000708c00000, 0x0000000708c00000|100%| E|CS|TAMS 0x0000000708a00000| PB 0x0000000708a00000| Complete |  0
|  38|0x0000000708c00000, 0x0000000708e00000, 0x0000000708e00000|100%| E|CS|TAMS 0x0000000708c00000| PB 0x0000000708c00000| Complete |  0
|  39|0x0000000708e00000, 0x0000000709000000, 0x0000000709000000|100%| E|CS|TAMS 0x0000000708e00000| PB 0x0000000708e00000| Complete |  0
|  40|0x0000000709000000, 0x0000000709200000, 0x0000000709200000|100%| E|CS|TAMS 0x0000000709000000| PB 0x0000000709000000| Complete |  0
|  41|0x0000000709200000, 0x0000000709400000, 0x0000000709400000|100%| E|CS|TAMS 0x0000000709200000| PB 0x0000000709200000| Complete |  0
|  42|0x0000000709400000, 0x0000000709600000, 0x0000000709600000|100%| E|CS|TAMS 0x0000000709400000| PB 0x0000000709400000| Complete |  0
|  43|0x0000000709600000, 0x0000000709800000, 0x0000000709800000|100%| E|CS|TAMS 0x0000000709600000| PB 0x0000000709600000| Complete |  0
|  44|0x0000000709800000, 0x0000000709a00000, 0x0000000709a00000|100%| E|CS|TAMS 0x0000000709800000| PB 0x0000000709800000| Complete |  0
|  45|0x0000000709a00000, 0x0000000709c00000, 0x0000000709c00000|100%| E|CS|TAMS 0x0000000709a00000| PB 0x0000000709a00000| Complete |  0
|  46|0x0000000709c00000, 0x0000000709e00000, 0x0000000709e00000|100%| E|CS|TAMS 0x0000000709c00000| PB 0x0000000709c00000| Complete |  0
|  47|0x0000000709e00000, 0x000000070a000000, 0x000000070a000000|100%| E|CS|TAMS 0x0000000709e00000| PB 0x0000000709e00000| Complete |  0
|  48|0x000000070a000000, 0x000000070a200000, 0x000000070a200000|100%| E|CS|TAMS 0x000000070a000000| PB 0x000000070a000000| Complete |  0
|  49|0x000000070a200000, 0x000000070a400000, 0x000000070a400000|100%| E|CS|TAMS 0x000000070a200000| PB 0x000000070a200000| Complete |  0
|  50|0x000000070a400000, 0x000000070a600000, 0x000000070a600000|100%| E|CS|TAMS 0x000000070a400000| PB 0x000000070a400000| Complete |  0
|  51|0x000000070a600000, 0x000000070a800000, 0x000000070a800000|100%| E|CS|TAMS 0x000000070a600000| PB 0x000000070a600000| Complete |  0
|  52|0x000000070a800000, 0x000000070aa00000, 0x000000070aa00000|100%| E|CS|TAMS 0x000000070a800000| PB 0x000000070a800000| Complete |  0
|  53|0x000000070aa00000, 0x000000070ac00000, 0x000000070ac00000|100%| E|CS|TAMS 0x000000070aa00000| PB 0x000000070aa00000| Complete |  0
|  54|0x000000070ac00000, 0x000000070ae00000, 0x000000070ae00000|100%| E|CS|TAMS 0x000000070ac00000| PB 0x000000070ac00000| Complete |  0
|  55|0x000000070ae00000, 0x000000070b000000, 0x000000070b000000|100%| E|CS|TAMS 0x000000070ae00000| PB 0x000000070ae00000| Complete |  0
|  56|0x000000070b000000, 0x000000070b200000, 0x000000070b200000|100%| E|CS|TAMS 0x000000070b000000| PB 0x000000070b000000| Complete |  0
|  57|0x000000070b200000, 0x000000070b400000, 0x000000070b400000|100%| E|CS|TAMS 0x000000070b200000| PB 0x000000070b200000| Complete |  0
|  58|0x000000070b400000, 0x000000070b600000, 0x000000070b600000|100%| E|CS|TAMS 0x000000070b400000| PB 0x000000070b400000| Complete |  0
|  59|0x000000070b600000, 0x000000070b800000, 0x000000070b800000|100%| E|CS|TAMS 0x000000070b600000| PB 0x000000070b600000| Complete |  0
|  60|0x000000070b800000, 0x000000070ba00000, 0x000000070ba00000|100%| E|CS|TAMS 0x000000070b800000| PB 0x000000070b800000| Complete |  0
|  61|0x000000070ba00000, 0x000000070bc00000, 0x000000070bc00000|100%| E|CS|TAMS 0x000000070ba00000| PB 0x000000070ba00000| Complete |  0
|  62|0x000000070bc00000, 0x000000070be00000, 0x000000070be00000|100%| E|CS|TAMS 0x000000070bc00000| PB 0x000000070bc00000| Complete |  0
|  63|0x000000070be00000, 0x000000070c000000, 0x000000070c000000|100%| E|CS|TAMS 0x000000070be00000| PB 0x000000070be00000| Complete |  0
|  64|0x000000070c000000, 0x000000070c200000, 0x000000070c200000|100%| E|CS|TAMS 0x000000070c000000| PB 0x000000070c000000| Complete |  0
|  65|0x000000070c200000, 0x000000070c400000, 0x000000070c400000|100%| E|CS|TAMS 0x000000070c200000| PB 0x000000070c200000| Complete |  0
|  66|0x000000070c400000, 0x000000070c600000, 0x000000070c600000|100%| E|CS|TAMS 0x000000070c400000| PB 0x000000070c400000| Complete |  0
|  67|0x000000070c600000, 0x000000070c800000, 0x000000070c800000|100%| E|CS|TAMS 0x000000070c600000| PB 0x000000070c600000| Complete |  0
|  68|0x000000070c800000, 0x000000070ca00000, 0x000000070ca00000|100%| E|CS|TAMS 0x000000070c800000| PB 0x000000070c800000| Complete |  0
|  69|0x000000070ca00000, 0x000000070cc00000, 0x000000070cc00000|100%| E|CS|TAMS 0x000000070ca00000| PB 0x000000070ca00000| Complete |  0
|  70|0x000000070cc00000, 0x000000070ce00000, 0x000000070ce00000|100%| E|CS|TAMS 0x000000070cc00000| PB 0x000000070cc00000| Complete |  0
|  71|0x000000070ce00000, 0x000000070d000000, 0x000000070d000000|100%| E|CS|TAMS 0x000000070ce00000| PB 0x000000070ce00000| Complete |  0
|  72|0x000000070d000000, 0x000000070d200000, 0x000000070d200000|100%| E|CS|TAMS 0x000000070d000000| PB 0x000000070d000000| Complete |  0
| 113|0x0000000712200000, 0x0000000712400000, 0x0000000712400000|100%| O|  |TAMS 0x0000000712200000| PB 0x0000000712200000| Untracked |  0

Card table byte_map: [0x00000253d2600000,0x00000253d2de0000] _byte_map_base: 0x00000253cede0000

Marking Bits: (CMBitMap*) 0x00000253ba80e420
 Bits: [0x00000253d2de0000, 0x00000253d6ce0000)

Polling page: 0x00000253b86d0000

Metaspace:

Usage:
  Non-class:     20.85 MB used.
      Class:      2.09 MB used.
       Both:     22.93 MB used.

Virtual space:
  Non-class space:       64.00 MB reserved,      21.00 MB ( 33%) committed,  1 nodes.
      Class space:        1.00 GB reserved,       2.19 MB ( <1%) committed,  1 nodes.
             Both:        1.06 GB reserved,      23.19 MB (  2%) committed. 

Chunk freelists:
   Non-Class:  10.97 MB
       Class:  13.66 MB
        Both:  24.63 MB

MaxMetaspaceSize: unlimited
CompressedClassSpaceSize: 1.00 GB
Initial GC threshold: 21.00 MB
Current GC threshold: 35.31 MB
CDS: on
 - commit_granule_bytes: 65536.
 - commit_granule_words: 8192.
 - virtual_space_node_default_size: 8388608.
 - enlarge_chunks_in_place: 1.
 - use_allocation_guard: 0.


Internal statistics:

num_allocs_failed_limit: 3.
num_arena_births: 236.
num_arena_deaths: 0.
num_vsnodes_births: 2.
num_vsnodes_deaths: 0.
num_space_committed: 370.
num_space_uncommitted: 0.
num_chunks_returned_to_freelist: 3.
num_chunks_taken_from_freelist: 640.
num_chunk_merges: 0.
num_chunk_splits: 436.
num_chunks_enlarged: 314.
num_inconsistent_stats: 0.

CodeHeap 'non-profiled nmethods': size=120000Kb used=3395Kb max_used=3395Kb free=116604Kb
 bounds [0x00000253ca5b0000, 0x00000253ca910000, 0x00000253d1ae0000]
CodeHeap 'profiled nmethods': size=120000Kb used=9297Kb max_used=9297Kb free=110703Kb
 bounds [0x00000253c2ae0000, 0x00000253c3400000, 0x00000253ca010000]
CodeHeap 'non-nmethods': size=5760Kb used=2813Kb max_used=2881Kb free=2946Kb
 bounds [0x00000253ca010000, 0x00000253ca300000, 0x00000253ca5b0000]
 total_blobs=5948 nmethods=4668 adapters=1184
 compilation: enabled
              stopped_count=0, restarted_count=0
 full_count=0

Compilation events (20 events):
Event: 24.270 Thread 0x00000253d9792bf0 4924       4       com.jme3.util.ListSort::getRunLength (109 bytes)
Event: 24.290 Thread 0x00000253d9792bf0 nmethod 4924 0x00000253ca8f7b90 code [0x00000253ca8f7de0, 0x00000253ca8f8cd8]
Event: 24.370 Thread 0x00000253d9792bf0 4925       4       java.util.ArrayList::clear (43 bytes)
Event: 24.373 Thread 0x00000253d9792bf0 nmethod 4925 0x00000253ca8f9390 code [0x00000253ca8f9520, 0x00000253ca8f9690]
Event: 24.508 Thread 0x00000253d9792bf0 4926       4       com.jme3.renderer.opengl.GLRenderer::clearBuffers (112 bytes)
Event: 24.512 Thread 0x00000253d9792bf0 nmethod 4926 0x00000253ca8f9790 code [0x00000253ca8f9940, 0x00000253ca8f9bb0]
Event: 24.622 Thread 0x00000253d9792bf0 4927       4       com.jme3.bullet.PhysicsSpace::notifyCollisionGroupListeners_native (101 bytes)
Event: 24.636 Thread 0x00000253d9792bf0 nmethod 4927 0x00000253ca8f9e10 code [0x00000253ca8fa020, 0x00000253ca8faa00]
Event: 24.651 Thread 0x00000253d9792bf0 4928       4       com.jme3.font.BitmapText::updateLogicalState (17 bytes)
Event: 24.663 Thread 0x00000253d9792bf0 nmethod 4928 0x00000253ca8fb110 code [0x00000253ca8fb320, 0x00000253ca8fba88]
Event: 24.834 Thread 0x00000253d9792bf0 4929       4       com.jme3.shader.DefineList::set (25 bytes)
Event: 24.835 Thread 0x00000253d9792bf0 nmethod 4929 0x00000253ca8fc010 code [0x00000253ca8fc1a0, 0x00000253ca8fc290]
Event: 24.894 Thread 0x00000253d9792bf0 4930       4       com.jme3.renderer.RenderManager::renderViewPort (620 bytes)
Event: 24.982 Thread 0x00000253d9792bf0 nmethod 4930 0x00000253ca8fc390 code [0x00000253ca8fc760, 0x00000253ca8ff2f8]
Event: 25.047 Thread 0x00000253d97a59e0 4931   !   3       java.util.logging.LogManager$LoggerContext::findLogger (113 bytes)
Event: 25.049 Thread 0x00000253d97a59e0 nmethod 4931 0x00000253c33f1710 code [0x00000253c33f19c0, 0x00000253c33f2918]
Event: 25.049 Thread 0x00000253d97a59e0 4932       3       java.util.logging.LogManager::checkPermission (16 bytes)
Event: 25.049 Thread 0x00000253d97a59e0 nmethod 4932 0x00000253c33f2e90 code [0x00000253c33f3040, 0x00000253c33f3230]
Event: 25.049 Thread 0x00000253d97a59e0 4933       3       java.util.logging.Logger::updateEffectiveLevel (126 bytes)
Event: 25.050 Thread 0x00000253d97a59e0 nmethod 4933 0x00000253c33f3310 code [0x00000253c33f3540, 0x00000253c33f3ff0]

GC Heap History (16 events):
Event: 1.485 GC heap before
{Heap before GC invocations=0 (full 0):
 garbage-first heap   total reserved 4128768K, committed 258048K, used 26624K [0x0000000704000000, 0x0000000800000000)
  region size 2048K, 12 young (24576K), 0 survivors (0K)
 Metaspace       used 7324K, committed 7616K, reserved 1114112K
  class space    used 773K, committed 896K, reserved 1048576K
}
Event: 1.490 GC heap after
{Heap after GC invocations=1 (full 0):
 garbage-first heap   total reserved 4128768K, committed 258048K, used 7303K [0x0000000704000000, 0x0000000800000000)
  region size 2048K, 2 young (4096K), 2 survivors (4096K)
 Metaspace       used 7324K, committed 7616K, reserved 1114112K
  class space    used 773K, committed 896K, reserved 1048576K
}
Event: 12.120 GC heap before
{Heap before GC invocations=1 (full 0):
 garbage-first heap   total reserved 4128768K, committed 258048K, used 17543K [0x0000000704000000, 0x0000000800000000)
  region size 2048K, 7 young (14336K), 2 survivors (4096K)
 Metaspace       used 12105K, committed 12352K, reserved 1114112K
  class space    used 1333K, committed 1472K, reserved 1048576K
}
Event: 12.138 GC heap after
{Heap after GC invocations=2 (full 1):
 garbage-first heap   total reserved 4128768K, committed 61440K, used 10216K [0x0000000704000000, 0x0000000800000000)
  region size 2048K, 0 young (0K), 0 survivors (0K)
 Metaspace       used 12105K, committed 12352K, reserved 1114112K
  class space    used 1333K, committed 1472K, reserved 1048576K
}
Event: 12.141 GC heap before
{Heap before GC invocations=2 (full 1):
 garbage-first heap   total reserved 4128768K, committed 61440K, used 10216K [0x0000000704000000, 0x0000000800000000)
  region size 2048K, 0 young (0K), 0 survivors (0K)
 Metaspace       used 12105K, committed 12352K, reserved 1114112K
  class space    used 1333K, committed 1472K, reserved 1048576K
}
Event: 12.161 GC heap after
{Heap after GC invocations=3 (full 2):
 garbage-first heap   total reserved 4128768K, committed 40960K, used 10216K [0x0000000704000000, 0x0000000800000000)
  region size 2048K, 0 young (0K), 0 survivors (0K)
 Metaspace       used 12105K, committed 12352K, reserved 1114112K
  class space    used 1333K, committed 1472K, reserved 1048576K
}
Event: 13.450 GC heap before
{Heap before GC invocations=3 (full 2):
 garbage-first heap   total reserved 4128768K, committed 40960K, used 26600K [0x0000000704000000, 0x0000000800000000)
  region size 2048K, 8 young (16384K), 0 survivors (0K)
 Metaspace       used 17462K, committed 17728K, reserved 1114112K
  class space    used 1618K, committed 1728K, reserved 1048576K
}
Event: 13.453 GC heap after
{Heap after GC invocations=4 (full 2):
 garbage-first heap   total reserved 4128768K, committed 40960K, used 12589K [0x0000000704000000, 0x0000000800000000)
  region size 2048K, 1 young (2048K), 1 survivors (2048K)
 Metaspace       used 17462K, committed 17728K, reserved 1114112K
  class space    used 1618K, committed 1728K, reserved 1048576K
}
Event: 14.744 GC heap before
{Heap before GC invocations=4 (full 2):
 garbage-first heap   total reserved 4128768K, committed 40960K, used 22829K [0x0000000704000000, 0x0000000800000000)
  region size 2048K, 7 young (14336K), 1 survivors (2048K)
 Metaspace       used 21256K, committed 21504K, reserved 1114112K
  class space    used 1990K, committed 2112K, reserved 1048576K
}
Event: 14.748 GC heap after
{Heap after GC invocations=5 (full 2):
 garbage-first heap   total reserved 4128768K, committed 40960K, used 13674K [0x0000000704000000, 0x0000000800000000)
  region size 2048K, 1 young (2048K), 1 survivors (2048K)
 Metaspace       used 21256K, committed 21504K, reserved 1114112K
  class space    used 1990K, committed 2112K, reserved 1048576K
}
Event: 14.964 GC heap before
{Heap before GC invocations=6 (full 2):
 garbage-first heap   total reserved 4128768K, committed 40960K, used 25962K [0x0000000704000000, 0x0000000800000000)
  region size 2048K, 8 young (16384K), 1 survivors (2048K)
 Metaspace       used 21902K, committed 22144K, reserved 1114112K
  class space    used 2043K, committed 2112K, reserved 1048576K
}
Event: 14.966 GC heap after
{Heap after GC invocations=7 (full 2):
 garbage-first heap   total reserved 4128768K, committed 40960K, used 13846K [0x0000000704000000, 0x0000000800000000)
  region size 2048K, 1 young (2048K), 1 survivors (2048K)
 Metaspace       used 21902K, committed 22144K, reserved 1114112K
  class space    used 2043K, committed 2112K, reserved 1048576K
}
Event: 15.147 GC heap before
{Heap before GC invocations=7 (full 2):
 garbage-first heap   total reserved 4128768K, committed 40960K, used 34326K [0x0000000704000000, 0x0000000800000000)
  region size 2048K, 6 young (12288K), 1 survivors (2048K)
 Metaspace       used 22285K, committed 22528K, reserved 1114112K
  class space    used 2077K, committed 2176K, reserved 1048576K
}
Event: 15.152 GC heap after
{Heap after GC invocations=8 (full 2):
 garbage-first heap   total reserved 4128768K, committed 43008K, used 20543K [0x0000000704000000, 0x0000000800000000)
  region size 2048K, 1 young (2048K), 1 survivors (2048K)
 Metaspace       used 22285K, committed 22528K, reserved 1114112K
  class space    used 2077K, committed 2176K, reserved 1048576K
}
Event: 15.168 GC heap before
{Heap before GC invocations=8 (full 2):
 garbage-first heap   total reserved 4128768K, committed 43008K, used 22591K [0x0000000704000000, 0x0000000800000000)
  region size 2048K, 3 young (6144K), 1 survivors (2048K)
 Metaspace       used 22285K, committed 22528K, reserved 1114112K
  class space    used 2077K, committed 2176K, reserved 1048576K
}
Event: 15.172 GC heap after
{Heap after GC invocations=9 (full 2):
 garbage-first heap   total reserved 4128768K, committed 151552K, used 16496K [0x0000000704000000, 0x0000000800000000)
  region size 2048K, 1 young (2048K), 1 survivors (2048K)
 Metaspace       used 22285K, committed 22528K, reserved 1114112K
  class space    used 2077K, committed 2176K, reserved 1048576K
}

Dll operation events (14 events):
Event: 0.014 Loaded shared library C:\Program Files\Java\jdk-22\bin\java.dll
Event: 0.086 Loaded shared library C:\Program Files\Java\jdk-22\bin\jsvml.dll
Event: 0.302 Loaded shared library C:\Program Files\Java\jdk-22\bin\net.dll
Event: 0.304 Loaded shared library C:\Program Files\Java\jdk-22\bin\nio.dll
Event: 0.316 Loaded shared library C:\Program Files\Java\jdk-22\bin\zip.dll
Event: 0.415 Loaded shared library C:\Program Files\Java\jdk-22\bin\jimage.dll
Event: 0.548 Loaded shared library C:\Program Files\Java\jdk-22\bin\awt.dll
Event: 0.746 Loaded shared library C:\Program Files\Java\jdk-22\bin\prefs.dll
Event: 0.813 Loaded shared library C:\Program Files\Java\jdk-22\bin\freetype.dll
Event: 0.814 Loaded shared library C:\Program Files\Java\jdk-22\bin\fontmanager.dll
Event: 12.277 Loaded shared library D:\CSProject2024\bulletjme.dll
Event: 12.354 Loaded shared library C:\Users\10126\AppData\Local\Temp\lwjgl10126\3.2.3-build-13\lwjgl.dll
Event: 12.751 Loaded shared library C:\Users\10126\AppData\Local\Temp\lwjgl10126\3.2.3-build-13\lwjgl_opengl.dll
Event: 14.772 Loaded shared library C:\Program Files\Java\jdk-22\bin\javajpeg.dll

Deoptimization events (20 events):
Event: 24.009 Thread 0x00000253ba797a80 Uncommon trap: trap_request=0xffffffbe fr.pc=0x00000253ca8f29f8 relative=0x0000000000000a98
Event: 24.009 Thread 0x00000253ba797a80 Uncommon trap: reason=profile_predicate action=maybe_recompile pc=0x00000253ca8f29f8 method=com.jme3.util.ListSort.reverseArray([Ljava/lang/Object;II)V @ 5 c2
Event: 24.009 Thread 0x00000253ba797a80 DEOPT PACKING pc=0x00000253ca8f29f8 sp=0x0000006d068feb10
Event: 24.009 Thread 0x00000253ba797a80 DEOPT UNPACKING pc=0x00000253ca067da2 sp=0x0000006d068fea88 mode 2
Event: 24.012 Thread 0x00000253ba797a80 Uncommon trap: trap_request=0xffffffbe fr.pc=0x00000253ca8f29f8 relative=0x0000000000000a98
Event: 24.012 Thread 0x00000253ba797a80 Uncommon trap: reason=profile_predicate action=maybe_recompile pc=0x00000253ca8f29f8 method=com.jme3.util.ListSort.reverseArray([Ljava/lang/Object;II)V @ 5 c2
Event: 24.013 Thread 0x00000253ba797a80 DEOPT PACKING pc=0x00000253ca8f29f8 sp=0x0000006d068feb10
Event: 24.013 Thread 0x00000253ba797a80 DEOPT UNPACKING pc=0x00000253ca067da2 sp=0x0000006d068fea88 mode 2
Event: 24.016 Thread 0x00000253ba797a80 Uncommon trap: trap_request=0xffffffbe fr.pc=0x00000253ca8f29f8 relative=0x0000000000000a98
Event: 24.016 Thread 0x00000253ba797a80 Uncommon trap: reason=profile_predicate action=maybe_recompile pc=0x00000253ca8f29f8 method=com.jme3.util.ListSort.reverseArray([Ljava/lang/Object;II)V @ 5 c2
Event: 24.016 Thread 0x00000253ba797a80 DEOPT PACKING pc=0x00000253ca8f29f8 sp=0x0000006d068feb80
Event: 24.016 Thread 0x00000253ba797a80 DEOPT UNPACKING pc=0x00000253ca067da2 sp=0x0000006d068fead0 mode 2
Event: 24.180 Thread 0x00000253ba797a80 Uncommon trap: trap_request=0xffffffd6 fr.pc=0x00000253ca8f5a74 relative=0x0000000000000d74
Event: 24.180 Thread 0x00000253ba797a80 Uncommon trap: reason=array_check action=maybe_recompile pc=0x00000253ca8f5a74 method=com.jme3.util.ListSort.reverseArray([Ljava/lang/Object;II)V @ 21 c2
Event: 24.180 Thread 0x00000253ba797a80 DEOPT PACKING pc=0x00000253ca8f5a74 sp=0x0000006d068feb70
Event: 24.180 Thread 0x00000253ba797a80 DEOPT UNPACKING pc=0x00000253ca067da2 sp=0x0000006d068feac8 mode 2
Event: 24.184 Thread 0x00000253ba797a80 Uncommon trap: trap_request=0xffffffd6 fr.pc=0x00000253ca8f5a74 relative=0x0000000000000d74
Event: 24.184 Thread 0x00000253ba797a80 Uncommon trap: reason=array_check action=maybe_recompile pc=0x00000253ca8f5a74 method=com.jme3.util.ListSort.reverseArray([Ljava/lang/Object;II)V @ 21 c2
Event: 24.184 Thread 0x00000253ba797a80 DEOPT PACKING pc=0x00000253ca8f5a74 sp=0x0000006d068feb70
Event: 24.184 Thread 0x00000253ba797a80 DEOPT UNPACKING pc=0x00000253ca067da2 sp=0x0000006d068feac8 mode 2

Classes loaded (20 events):
Event: 14.856 Loading class java/lang/NumberFormatException
Event: 14.856 Loading class java/lang/NumberFormatException done
Event: 14.857 Loading class jdk/internal/math/FDBigInteger
Event: 14.857 Loading class jdk/internal/math/FDBigInteger done
Event: 15.109 Loading class java/util/stream/Streams$RangeIntSpliterator
Event: 15.109 Loading class java/util/stream/Streams$RangeIntSpliterator done
Event: 15.122 Loading class java/lang/Byte$ByteCache
Event: 15.122 Loading class java/lang/Byte$ByteCache done
Event: 15.335 Loading class java/util/function/UnaryOperator
Event: 15.335 Loading class java/util/function/UnaryOperator done
Event: 15.335 Loading class java/io/ObjectOutput
Event: 15.335 Loading class java/io/ObjectOutput done
Event: 15.335 Loading class java/io/ObjectInput
Event: 15.335 Loading class java/io/ObjectInput done
Event: 15.385 Loading class java/nio/DirectFloatBufferRU
Event: 15.385 Loading class java/nio/DirectFloatBufferRU done
Event: 15.406 Loading class java/util/concurrent/ConcurrentLinkedQueue$Itr
Event: 15.406 Loading class java/util/concurrent/ConcurrentLinkedQueue$Itr done
Event: 15.415 Loading class java/util/JumboEnumSet$EnumSetIterator
Event: 15.415 Loading class java/util/JumboEnumSet$EnumSetIterator done

Classes unloaded (0 events):
No events

Classes redefined (0 events):
No events

Internal exceptions (20 events):
Event: 12.749 Thread 0x00000253ba797a80 Exception <a 'sun/nio/fs/WindowsException'{0x0000000705e35688}> (0x0000000705e35688) 
thrown [s\open\src\hotspot\share\prims\jni.cpp, line 520]
Event: 12.749 Thread 0x00000253ba797a80 Exception <a 'sun/nio/fs/WindowsException'{0x0000000705e35a38}> (0x0000000705e35a38) 
thrown [s\open\src\hotspot\share\prims\jni.cpp, line 520]
Event: 12.753 Thread 0x00000253ba797a80 Exception <a 'sun/nio/fs/WindowsException'{0x0000000705e3dc40}> (0x0000000705e3dc40) 
thrown [s\open\src\hotspot\share\prims\jni.cpp, line 520]
Event: 12.753 Thread 0x00000253ba797a80 Exception <a 'sun/nio/fs/WindowsException'{0x0000000705e3df28}> (0x0000000705e3df28) 
thrown [s\open\src\hotspot\share\prims\jni.cpp, line 520]
Event: 13.321 Thread 0x00000253ba797a80 Exception <a 'java/lang/NoSuchMethodError'{0x0000000705852780}: 'long java.lang.invoke.DelegatingMethodHandle$Holder.reinvoke_L(java.lang.Object, java.lang.Object)'> (0x0000000705852780) 
thrown [s\open\src\hotspot\share\interpreter\linkResolver.cpp, line 774]
Event: 13.322 Thread 0x00000253ba797a80 Exception <a 'java/lang/NoSuchMethodError'{0x0000000705858e78}: 'long java.lang.invoke.Invokers$Holder.invokeExact_MT(java.lang.Object, java.lang.Object, java.lang.Object)'> (0x0000000705858e78) 
thrown [s\open\src\hotspot\share\interpreter\linkResolver.cpp, line 774]
Event: 13.555 Thread 0x00000253ba797a80 Exception <a 'sun/nio/fs/WindowsException'{0x00000007060bac58}> (0x00000007060bac58) 
thrown [s\open\src\hotspot\share\prims\jni.cpp, line 520]
Event: 13.555 Thread 0x00000253ba797a80 Exception <a 'sun/nio/fs/WindowsException'{0x00000007060bb318}> (0x00000007060bb318) 
thrown [s\open\src\hotspot\share\prims\jni.cpp, line 520]
Event: 13.556 Thread 0x00000253ba797a80 Exception <a 'sun/nio/fs/WindowsException'{0x00000007060c1a48}> (0x00000007060c1a48) 
thrown [s\open\src\hotspot\share\prims\jni.cpp, line 520]
Event: 13.569 Thread 0x00000253ba797a80 Exception <a 'sun/nio/fs/WindowsException'{0x00000007060c6770}> (0x00000007060c6770) 
thrown [s\open\src\hotspot\share\prims\jni.cpp, line 520]
Event: 13.569 Thread 0x00000253ba797a80 Exception <a 'sun/nio/fs/WindowsException'{0x00000007060c6af8}> (0x00000007060c6af8) 
thrown [s\open\src\hotspot\share\prims\jni.cpp, line 520]
Event: 14.728 Thread 0x00000253ba797a80 Exception <a 'java/lang/NoSuchMethodError'{0x0000000705a3a000}: 'void java.lang.invoke.DirectMethodHandle$Holder.invokeStatic(java.lang.Object, java.lang.Object, java.lang.Object)'> (0x0000000705a3a000) 
thrown [s\open\src\hotspot\share\interpreter\linkResolver.cpp, line 774]
Event: 15.110 Thread 0x00000253ba797a80 Exception <a 'java/lang/NoSuchMethodError'{0x0000000705e634d0}: 'java.lang.Object java.lang.invoke.DirectMethodHandle$Holder.newInvokeSpecial(java.lang.Object, java.lang.Object, java.lang.Object, java.lang.Object, java.lang.Object, java.lang.Object, java.lang.Object)'> (0x0000000705e634d0) 
thrown [s\open\src\hotspot\share\interpreter\linkResolver.cpp, line 774]
Event: 15.396 Thread 0x00000253ba797a80 Exception <a 'java/lang/NoSuchMethodError'{0x000000070bfcd7f8}: 'void java.lang.invoke.DirectMethodHandle$Holder.invokeSpecial(java.lang.Object, java.lang.Object, int)'> (0x000000070bfcd7f8) 
thrown [s\open\src\hotspot\share\interpreter\linkResolver.cpp, line 774]
Event: 16.901 Thread 0x00000253ba797a80 Implicit null exception at 0x00000253ca80006f to 0x00000253ca809804
Event: 17.967 Thread 0x00000253ba797a80 Implicit null exception at 0x00000253ca8532c1 to 0x00000253ca85460c
Event: 17.967 Thread 0x00000253ba797a80 Implicit null exception at 0x00000253ca8532c1 to 0x00000253ca85460c
Event: 17.967 Thread 0x00000253ba797a80 Implicit null exception at 0x00000253ca8532c1 to 0x00000253ca85460c
Event: 17.972 Thread 0x00000253ba797a80 Implicit null exception at 0x00000253ca8532c1 to 0x00000253ca85460c
Event: 18.753 Thread 0x00000253ba797a80 Implicit null exception at 0x00000253ca7e4b0f to 0x00000253ca7e5e4c

ZGC Phase Switch (0 events):
No events

VM Operations (20 events):
Event: 15.386 Executing VM operation: HandshakeAllThreads (Deoptimize)
Event: 15.386 Executing VM operation: HandshakeAllThreads (Deoptimize) done
Event: 15.387 Executing VM operation: HandshakeAllThreads (Deoptimize)
Event: 15.387 Executing VM operation: HandshakeAllThreads (Deoptimize) done
Event: 16.401 Executing VM operation: Cleanup
Event: 16.402 Executing VM operation: Cleanup done
Event: 17.402 Executing VM operation: Cleanup
Event: 17.402 Executing VM operation: Cleanup done
Event: 18.409 Executing VM operation: Cleanup
Event: 18.409 Executing VM operation: Cleanup done
Event: 19.410 Executing VM operation: Cleanup
Event: 19.410 Executing VM operation: Cleanup done
Event: 20.411 Executing VM operation: Cleanup
Event: 20.411 Executing VM operation: Cleanup done
Event: 21.413 Executing VM operation: Cleanup
Event: 21.413 Executing VM operation: Cleanup done
Event: 22.413 Executing VM operation: Cleanup
Event: 22.413 Executing VM operation: Cleanup done
Event: 23.413 Executing VM operation: Cleanup
Event: 23.414 Executing VM operation: Cleanup done

Memory protections (0 events):
No events

Nmethod flushes (20 events):
Event: 12.152 Thread 0x00000253d930e5a0 flushing  nmethod 0x00000253c2e58e10
Event: 12.152 Thread 0x00000253d930e5a0 flushing  nmethod 0x00000253c2e65510
Event: 12.152 Thread 0x00000253d930e5a0 flushing  nmethod 0x00000253c2e65890
Event: 12.152 Thread 0x00000253d930e5a0 flushing  nmethod 0x00000253c2e65c10
Event: 12.152 Thread 0x00000253d930e5a0 flushing  nmethod 0x00000253c2e65f10
Event: 12.152 Thread 0x00000253d930e5a0 flushing  nmethod 0x00000253c2e66a10
Event: 12.152 Thread 0x00000253d930e5a0 flushing  nmethod 0x00000253c2e66d10
Event: 12.152 Thread 0x00000253d930e5a0 flushing  nmethod 0x00000253c2e67090
Event: 12.152 Thread 0x00000253d930e5a0 flushing  nmethod 0x00000253c2f01410
Event: 14.755 Thread 0x00000253d930e5a0 flushing  nmethod 0x00000253ca622890
Event: 14.755 Thread 0x00000253d930e5a0 flushing  nmethod 0x00000253c2f6e810
Event: 14.755 Thread 0x00000253d930e5a0 flushing  nmethod 0x00000253ca616490
Event: 14.755 Thread 0x00000253d930e5a0 flushing  nmethod 0x00000253c2e9f710
Event: 14.755 Thread 0x00000253d930e5a0 flushing  nmethod 0x00000253c2f9c490
Event: 14.755 Thread 0x00000253d930e5a0 flushing  nmethod 0x00000253c2fcb190
Event: 14.755 Thread 0x00000253d930e5a0 flushing  nmethod 0x00000253c2c9ee10
Event: 14.755 Thread 0x00000253d930e5a0 flushing  nmethod 0x00000253c2d14b10
Event: 14.755 Thread 0x00000253d930e5a0 flushing  nmethod 0x00000253ca608d90
Event: 14.755 Thread 0x00000253d930e5a0 flushing  nmethod 0x00000253ca60ad90
Event: 14.755 Thread 0x00000253d930e5a0 flushing  nmethod 0x00000253c2f7c990

Events (20 events):
Event: 14.600 Thread 0x00000253ba797a80 Thread added: 0x0000025422064b70
Event: 14.612 Thread 0x00000253d9792bf0 Thread added: 0x00000254220258a0
Event: 14.711 Thread 0x00000253d97a59e0 Thread added: 0x000002542207ad80
Event: 15.586 Thread 0x00000254220258a0 Thread exited: 0x00000254220258a0
Event: 15.586 Thread 0x000002542207ad80 Thread exited: 0x000002542207ad80
Event: 16.111 Thread 0x00000253d97a59e0 Thread added: 0x0000025421d03700
Event: 16.127 Thread 0x00000253d97a59e0 Thread added: 0x0000025421d04b70
Event: 17.660 Thread 0x0000025421d04b70 Thread exited: 0x0000025421d04b70
Event: 19.553 Thread 0x0000025421d03700 Thread exited: 0x0000025421d03700
Event: 23.281 Thread 0x00000253d9792bf0 Thread added: 0x0000025421d03700
Event: 23.954 Thread 0x0000025421d03700 Thread exited: 0x0000025421d03700
Event: 25.046 Thread 0x00000253ba797a80 Thread added: 0x0000025422062410
Event: 25.046 Thread 0x00000253ba797a80 Thread added: 0x00000254211b9da0
Event: 25.046 Thread 0x00000253ba797a80 Thread added: 0x00000254211b7640
Event: 25.047 Thread 0x00000254211b7640 Thread exited: 0x00000254211b7640
Event: 25.048 Thread 0x000002541f50d380 Thread added: 0x00000254211bb150
Event: 25.048 Thread 0x0000025422062410 Thread exited: 0x0000025422062410
Event: 25.053 Thread 0x000002541f50d380 Thread exited: 0x000002541f50d380
Event: 25.149 Thread 0x00000254211b9da0 Thread exited: 0x00000254211b9da0
Event: 25.149 Thread 0x00000253ba797a80 Before exit entered


Dynamic libraries:
0x00007ff7352c0000 - 0x00007ff7352d0000 	C:\Program Files\Java\jdk-22\bin\java.exe
0x00007fff76810000 - 0x00007fff76a08000 	C:\WINDOWS\SYSTEM32\ntdll.dll
0x00007fff763a0000 - 0x00007fff76462000 	C:\WINDOWS\System32\KERNEL32.DLL
0x00007fff73ee0000 - 0x00007fff741de000 	C:\WINDOWS\System32\KERNELBASE.dll
0x00007fff74510000 - 0x00007fff74610000 	C:\WINDOWS\System32\ucrtbase.dll
0x00007fff5c980000 - 0x00007fff5c997000 	C:\Program Files\Java\jdk-22\bin\jli.dll
0x00007fff57e10000 - 0x00007fff57e2b000 	C:\Program Files\Java\jdk-22\bin\VCRUNTIME140.dll
0x00007fff76550000 - 0x00007fff766ed000 	C:\WINDOWS\System32\USER32.dll
0x00007fff744e0000 - 0x00007fff74502000 	C:\WINDOWS\System32\win32u.dll
0x00007fff61ac0000 - 0x00007fff61d5a000 	C:\WINDOWS\WinSxS\amd64_microsoft.windows.common-controls_6595b64144ccf1df_6.0.19041.4355_none_60b8b9eb71f62e16\COMCTL32.dll
0x00007fff751e0000 - 0x00007fff7520b000 	C:\WINDOWS\System32\GDI32.dll
0x00007fff75f90000 - 0x00007fff7602e000 	C:\WINDOWS\System32\msvcrt.dll
0x00007fff74610000 - 0x00007fff74727000 	C:\WINDOWS\System32\gdi32full.dll
0x00007fff743d0000 - 0x00007fff7446d000 	C:\WINDOWS\System32\msvcp_win.dll
0x00007fff76370000 - 0x00007fff7639f000 	C:\WINDOWS\System32\IMM32.DLL
0x00007fff67400000 - 0x00007fff6740c000 	C:\Program Files\Java\jdk-22\bin\vcruntime140_1.dll
0x00007fff1c270000 - 0x00007fff1c2fe000 	C:\Program Files\Java\jdk-22\bin\msvcp140.dll
0x00007ffef94b0000 - 0x00007ffefa1f9000 	C:\Program Files\Java\jdk-22\bin\server\jvm.dll
0x00007fff76100000 - 0x00007fff761b1000 	C:\WINDOWS\System32\ADVAPI32.dll
0x00007fff748b0000 - 0x00007fff7494f000 	C:\WINDOWS\System32\sechost.dll
0x00007fff75e60000 - 0x00007fff75f83000 	C:\WINDOWS\System32\RPCRT4.dll
0x00007fff73eb0000 - 0x00007fff73ed7000 	C:\WINDOWS\System32\bcrypt.dll
0x00007fff75480000 - 0x00007fff754eb000 	C:\WINDOWS\System32\WS2_32.dll
0x00007fff733f0000 - 0x00007fff7343b000 	C:\WINDOWS\SYSTEM32\POWRPROF.dll
0x00007fff66930000 - 0x00007fff66957000 	C:\WINDOWS\SYSTEM32\WINMM.dll
0x00007fff693b0000 - 0x00007fff693ba000 	C:\WINDOWS\SYSTEM32\VERSION.dll
0x00007fff732b0000 - 0x00007fff732c2000 	C:\WINDOWS\SYSTEM32\UMPDC.dll
0x00007fff726d0000 - 0x00007fff726e2000 	C:\WINDOWS\SYSTEM32\kernel.appcore.dll
0x00007fff669a0000 - 0x00007fff669aa000 	C:\Program Files\Java\jdk-22\bin\jimage.dll
0x00007fff71bb0000 - 0x00007fff71d94000 	C:\WINDOWS\SYSTEM32\DBGHELP.DLL
0x00007fff67a80000 - 0x00007fff67ab4000 	C:\WINDOWS\SYSTEM32\dbgcore.DLL
0x00007fff741e0000 - 0x00007fff74262000 	C:\WINDOWS\System32\bcryptPrimitives.dll
0x00007fff51170000 - 0x00007fff511ac000 	C:\Program Files\Java\jdk-22\bin\jdwp.dll
0x00007fff41be0000 - 0x00007fff41bfe000 	C:\Program Files\Java\jdk-22\bin\java.dll
0x00007fff74a70000 - 0x00007fff751dd000 	C:\WINDOWS\System32\SHELL32.dll
0x00007fff75cc0000 - 0x00007fff75deb000 	C:\WINDOWS\System32\ole32.dll
0x00007fff754f0000 - 0x00007fff75843000 	C:\WINDOWS\System32\combase.dll
0x00007fff71da0000 - 0x00007fff72544000 	C:\WINDOWS\SYSTEM32\windows.storage.dll
0x00007fff738e0000 - 0x00007fff7390e000 	C:\WINDOWS\SYSTEM32\Wldp.dll
0x00007fff76030000 - 0x00007fff760fd000 	C:\WINDOWS\System32\OLEAUT32.dll
0x00007fff75310000 - 0x00007fff753bd000 	C:\WINDOWS\System32\SHCORE.dll
0x00007fff75e00000 - 0x00007fff75e55000 	C:\WINDOWS\System32\shlwapi.dll
0x00007fff73de0000 - 0x00007fff73e04000 	C:\WINDOWS\SYSTEM32\profapi.dll
0x00007fff1c3a0000 - 0x00007fff1c477000 	C:\Program Files\Java\jdk-22\bin\jsvml.dll
0x00007fff6b550000 - 0x00007fff6b55c000 	C:\Program Files\Java\jdk-22\bin\dt_socket.dll
0x00007fff732d0000 - 0x00007fff7330b000 	C:\WINDOWS\SYSTEM32\IPHLPAPI.DLL
0x00007fff73640000 - 0x00007fff736aa000 	C:\WINDOWS\system32\mswsock.dll
0x00007fff73310000 - 0x00007fff733da000 	C:\WINDOWS\SYSTEM32\DNSAPI.dll
0x00007fff753c0000 - 0x00007fff753c8000 	C:\WINDOWS\System32\NSI.dll
0x00007fff6b160000 - 0x00007fff6b16a000 	C:\Windows\System32\rasadhlp.dll
0x00007fff687a0000 - 0x00007fff68820000 	C:\WINDOWS\System32\fwpuclnt.dll
0x00007fff64520000 - 0x00007fff64530000 	C:\Program Files\Java\jdk-22\bin\net.dll
0x00007fff41ad0000 - 0x00007fff41ae6000 	C:\Program Files\Java\jdk-22\bin\nio.dll
0x00007fff3de20000 - 0x00007fff3de37000 	C:\Program Files\Java\jdk-22\bin\zip.dll
0x00007fff0d620000 - 0x00007fff0d7ae000 	C:\Program Files\Java\jdk-22\bin\awt.dll
0x00007fff6d6c0000 - 0x00007fff6d754000 	C:\WINDOWS\SYSTEM32\apphelp.dll
0x00007fff71090000 - 0x00007fff7112e000 	C:\WINDOWS\system32\uxtheme.dll
0x00007fff74950000 - 0x00007fff74a65000 	C:\WINDOWS\System32\MSCTF.dll
0x00007fff712a0000 - 0x00007fff712cf000 	C:\WINDOWS\system32\DWMAPI.DLL
0x00007fff587a0000 - 0x00007fff588c8000 	C:\WINDOWS\system32\opengl32.dll
0x00007fff66cf0000 - 0x00007fff66d1c000 	C:\WINDOWS\SYSTEM32\GLU32.dll
0x00007fff6b420000 - 0x00007fff6b429000 	C:\Program Files\Java\jdk-22\bin\prefs.dll
0x00007fff516d0000 - 0x00007fff51757000 	C:\Program Files\Java\jdk-22\bin\freetype.dll
0x00007fff3e9f0000 - 0x00007fff3eac7000 	C:\Program Files\Java\jdk-22\bin\fontmanager.dll
0x00007fff5cc50000 - 0x00007fff5cd49000 	C:\WINDOWS\SYSTEM32\textinputframework.dll
0x00007fff6d1b0000 - 0x00007fff6d2a2000 	C:\WINDOWS\System32\CoreMessaging.dll
0x00007fff6ce50000 - 0x00007fff6d1ab000 	C:\WINDOWS\System32\CoreUIComponents.dll
0x00007fff73140000 - 0x00007fff73173000 	C:\WINDOWS\SYSTEM32\ntmarta.dll
0x00007fff6de60000 - 0x00007fff6dfb7000 	C:\WINDOWS\SYSTEM32\wintypes.dll
0x00007fff143c0000 - 0x00007fff146c1000 	C:\Users\10126\AppData\Local\youdao\dict\Application\8.10.6.0\TextExtractorImpl64.dll
0x00007fff50d40000 - 0x00007fff50da6000 	C:\WINDOWS\SYSTEM32\OLEACC.dll
0x00007fff35210000 - 0x00007fff353b5000 	C:\WINDOWS\WinSxS\amd64_microsoft.windows.gdiplus_6595b64144ccf1df_1.1.19041.4597_none_91a78020cc854124\gdiplus.dll
0x00007fff21330000 - 0x00007fff213d4000 	C:\WINDOWS\SYSTEM32\WINSPOOL.DRV
0x00007fff35fe0000 - 0x00007fff35fe7000 	C:\WINDOWS\SYSTEM32\MSIMG32.dll
0x00007fff3b090000 - 0x00007fff3b2ed000 	D:\CSProject2024\bulletjme.dll
0x00007fff3e930000 - 0x00007fff3e994000 	C:\Users\10126\AppData\Local\Temp\lwjgl10126\3.2.3-build-13\lwjgl.dll
0x00007fff29590000 - 0x00007fff297e3000 	C:\Users\10126\AppData\Local\Temp\lwjgl10126\3.2.3-build-13\jemalloc.dll
0x00007fff3e8c0000 - 0x00007fff3e922000 	C:\Users\10126\AppData\Local\Temp\lwjgl10126\3.2.3-build-13\glfw.dll
0x00007fff58500000 - 0x00007fff58545000 	C:\WINDOWS\SYSTEM32\dinput8.dll
0x00007fff67430000 - 0x00007fff67441000 	C:\WINDOWS\SYSTEM32\xinput1_4.dll
0x00007fff74730000 - 0x00007fff7477e000 	C:\WINDOWS\System32\cfgmgr32.dll
0x00007fff73c40000 - 0x00007fff73c73000 	C:\WINDOWS\SYSTEM32\DEVOBJ.dll
0x00007fff5cac0000 - 0x00007fff5cc12000 	C:\WINDOWS\SYSTEM32\inputhost.dll
0x00007fff72550000 - 0x00007fff72646000 	C:\WINDOWS\SYSTEM32\PROPSYS.dll
0x00007fff726c0000 - 0x00007fff726cd000 	C:\WINDOWS\SYSTEM32\HID.DLL
0x00007fff75850000 - 0x00007fff75cbe000 	C:\WINDOWS\System32\SETUPAPI.DLL
0x00007fff74470000 - 0x00007fff744d9000 	C:\WINDOWS\System32\WINTRUST.dll
0x00007fff74270000 - 0x00007fff743cc000 	C:\WINDOWS\System32\CRYPT32.dll
0x00007fff73a70000 - 0x00007fff73a82000 	C:\WINDOWS\SYSTEM32\MSASN1.dll
0x00007fff753d0000 - 0x00007fff75479000 	C:\WINDOWS\System32\clbcatq.dll
0x00007fff69640000 - 0x00007fff69742000 	C:\Windows\System32\AppXDeploymentClient.dll
0x00007fff00320000 - 0x00007fff015a5000 	C:\WINDOWS\System32\DriverStore\FileRepository\iigd_dch.inf_amd64_af2dd92515fdd6b0\igxelpicd64.dll
0x00007fff72740000 - 0x00007fff72836000 	C:\WINDOWS\system32\dxgi.dll
0x00007fff17f00000 - 0x00007fff18254000 	C:\WINDOWS\System32\DriverStore\FileRepository\iigd_dch.inf_amd64_af2dd92515fdd6b0\igdml64.dll
0x00007fff615e0000 - 0x00007fff61a1e000 	C:\WINDOWS\System32\DriverStore\FileRepository\iigd_dch.inf_amd64_af2dd92515fdd6b0\igdgmm64.dll
0x00007fff5d510000 - 0x00007fff61552000 	C:\WINDOWS\System32\DriverStore\FileRepository\iigd_dch.inf_amd64_af2dd92515fdd6b0\igc64.dll
0x00007fff50ad0000 - 0x00007fff50b29000 	C:\Users\10126\AppData\Local\Temp\lwjgl10126\3.2.3-build-13\lwjgl_opengl.dll
0x00007fff30cf0000 - 0x00007fff30dfb000 	C:\Users\10126\AppData\Local\Temp\lwjgl10126\3.2.3-build-13\OpenAL.dll
0x00007fff6b790000 - 0x00007fff6b815000 	C:\WINDOWS\System32\MMDevApi.dll
0x00007fff6b820000 - 0x00007fff6b9a1000 	C:\WINDOWS\SYSTEM32\AUDIOSES.DLL
0x00007fff711a0000 - 0x00007fff711b4000 	C:\WINDOWS\SYSTEM32\resourcepolicyclient.dll
0x00007fff58eb0000 - 0x00007fff58ede000 	C:\Program Files\Java\jdk-22\bin\javajpeg.dll

dbghelp: loaded successfully - version: 4.0.5 - missing functions: none
symbol engine: initialized successfully - sym options: 0x614 - pdb path: .;C:\Program Files\Java\jdk-22\bin;C:\WINDOWS\SYSTEM32;C:\WINDOWS\WinSxS\amd64_microsoft.windows.common-controls_6595b64144ccf1df_6.0.19041.4355_none_60b8b9eb71f62e16;C:\Program Files\Java\jdk-22\bin\server;C:\Users\10126\AppData\Local\youdao\dict\Application\8.10.6.0;C:\WINDOWS\WinSxS\amd64_microsoft.windows.gdiplus_6595b64144ccf1df_1.1.19041.4597_none_91a78020cc854124;D:\CSProject2024;C:\Users\10126\AppData\Local\Temp\lwjgl10126\3.2.3-build-13;C:\WINDOWS\System32\DriverStore\FileRepository\iigd_dch.inf_amd64_af2dd92515fdd6b0

VM Arguments:
jvm_args: -agentlib:jdwp=transport=dt_socket,server=n,suspend=y,address=localhost:7597 -XX:+ShowCodeDetailsInExceptionMessages 
java_command: com.csproject.Main
java_class_path (initial): D:\CSProject2024\csproject\target\classes;C:\Users\10126\.m2\repository\com\formdev\flatlaf\3.5.2\flatlaf-3.5.2.jar;C:\Users\10126\.m2\repository\org\apache\commons\commons-lang3\3.12.0\commons-lang3-3.12.0.jar;C:\Users\10126\.m2\repository\com\h2database\h2\1.4.200\h2-1.4.200.jar;C:\Users\10126\.m2\repository\junit\junit\4.12\junit-4.12.jar;C:\Users\10126\.m2\repository\org\hamcrest\hamcrest-core\1.3\hamcrest-core-1.3.jar;C:\Users\10126\.m2\repository\org\junit\jupiter\junit-jupiter\5.9.3\junit-jupiter-5.9.3.jar;C:\Users\10126\.m2\repository\org\junit\jupiter\junit-jupiter-api\5.9.3\junit-jupiter-api-5.9.3.jar;C:\Users\10126\.m2\repository\org\opentest4j\opentest4j\1.2.0\opentest4j-1.2.0.jar;C:\Users\10126\.m2\repository\org\junit\platform\junit-platform-commons\1.9.3\junit-platform-commons-1.9.3.jar;C:\Users\10126\.m2\repository\org\apiguardian\apiguardian-api\1.1.2\apiguardian-api-1.1.2.jar;C:\Users\10126\.m2\repository\org\junit\jupiter\junit-jupiter-params\5.9.3\junit-jupiter-params-5.9.3.jar;C:\Users\10126\.m2\repository\org\junit\jupiter\junit-jupiter-engine\5.9.3\junit-jupiter-engine-5.9.3.jar;C:\Users\10126\.m2\repository\org\junit\platform\junit-platform-engine\1.9.3\junit-platform-engine-1.9.3.jar;C:\Users\10126\.m2\repository\commons-codec\commons-codec\1.15\commons-codec-1.15.jar;C:\Users\10126\.m2\repository\org\jmonkeyengine\jme3-core\3.3.0-stable\jme3-core-3.3.0-stable.jar;C:\Users\10126\.m2\repository\org\jmonkeyengine\jme3-desktop\3.3.0-stable\jme3-desktop-3.3.0-stable.jar;C:\Users\10126\.m2\repository\org\jmonkeyengine\jme3-lwjgl3\3.3.0-stable\jme3-lwjgl3-3.3.0-stable.jar;C:\Users\10126\.m2\repository\org\lwjgl\lwjgl\3.2.3\lwjgl-3.2.3.jar;C:\Users\10126\.m2\repository\org\lwjgl\lwjgl-glfw\3.2.3\lwjgl-glfw-3.2.3.jar;C:\Users\10126\.m2\repository\org\lwjgl\lwjgl-jemalloc\3.2.3\lwjgl-jemalloc-3.2.3.jar;C:\Users\10126\.m2\repository\org\lwjgl\lwjgl-openal\3.2.3\lwjgl-openal-3.2.3.jar;C:\Users\10126\.m2\repository\org\lwjgl\lwjgl-opencl\3.2.3\lwjgl-opencl-3.2.3.jar;C:\Users\10126\.m2\repository\org\lwjgl\lwjgl-opengl\3.2.3\lwjgl-opengl-3.2.3.jar;C:\Users\10126\.m2\repository\org\lwjgl\lwjgl\3.2.3\lwjgl-3.2.3-natives-windows.jar;C:\Users\10126\.m2\repository\org\lwjgl\lwjgl\3.2.3\lwjgl-3.2.3-natives-linux.jar;C:\Users\10126\.m2\repository\org\lwjgl\lwjgl\3.2.3\lwjgl-3.2.3-natives-macos.jar;C:\Users\10126\.m2\repository\org\lwjgl\lwjgl-glfw\3.2.3\lwjgl-glfw-3.2.3-natives-windows.jar;C:\Users\10126\.m2\repository\org\lwjgl\lwjgl-glfw\3.2.3\lwjgl-glfw-3.2.3-natives-linux.jar;C:\Users\10126\.m2\repository\org\lwjgl\lwjgl-glfw\3.2.3\lwjgl-glfw-3.2.3-natives-macos.jar;C:\Users\10126\.m2\repository\org\lwjgl\lwjgl-jemalloc\3.2.3\lwjgl-jemalloc-3.2.3-natives-windows.jar;C:\Users\10126\.m2\repository\org\lwjgl\lwjgl-jemalloc\3.2.3\lwjgl-jemalloc-3.2.3-natives-linux.jar;C:\Users\10126\.m2\repository\org\lwjgl\lwjgl-jemalloc\3.2.3\lwjgl-jemalloc-3.2.3-natives-macos.jar;C:\Users\10126\.m2\repository\org\lwjgl\lwjgl-opengl\3.2.3\lwjgl-opengl-3.2.3-natives-windows.jar;C:\Users\10126\.m2\repository\org\lwjgl\lwjgl-opengl\3.2.3\lwjgl-opengl-3.2.3-natives-linux.jar;C:\Users\10126\.m2\repository\org\lwjgl\lwjgl-opengl\3.2.3\lwjgl-opengl-3.2.3-natives-macos.jar;C:\Users\10126\.m2\repository\org\lwjgl\lwjgl-openal\3.2.3\lwjgl-openal-3.2.3-natives-windows.jar;C:\Users\10126\.m2\repository\org\lwjgl\lwjgl-openal\3.2.3\lwjgl-openal-3.2.3-natives-linux.jar;C:\Users\10126\.m2\repository\org\lwjgl\lwjgl-openal\3.2.3\lwjgl-openal-3.2.3-natives-macos.jar;C:\Users\10126\.m2\repository\org\jmonkeyengine\jme3-effects\3.3.0-stable\jme3-effects-3.3.0-stable.jar;C:\Users\10126\.m2\repository\org\jmonkeyengine\jme3-blender\3.3.0-stable\jme3-blender-3.3.0-stable.jar;C:\Users\10126\.m2\repository\org\ejml\core\0.27\core-0.27.jar;C:\Users\10126\.m2\repository\org\ejml\dense64\0.27\dense64-0.27.jar;C:\Users\10126\.m2\repository\org\ejml\simple\0.27\simple-0.27.jar;C:\Users\10126\.m2\repository\org\ejml\denseC64\0.27\denseC64-0.27.jar;C:\Users\10126\.m2\repository\org\jmonkeyengine\jme3-plugins\3.3.0-stable\jme3-plugins-3.3.0-stable.jar;C:\Users\10126\.m2\repository\com\google\code\gson\gson\2.8.1\gson-2.8.1.jar;C:\Users\10126\.m2\repository\org\jmonkeyengine\jme3-jogg\3.3.0-stable\jme3-jogg-3.3.0-stable.jar;C:\Users\10126\.m2\repository\de\jarnbjo\j-ogg-all\1.0.0\j-ogg-all-1.0.0.jar;C:\Users\10126\.m2\repository\org\jmonkeyengine\jme3-niftygui\3.3.0-stable\jme3-niftygui-3.3.0-stable.jar;C:\Users\10126\.m2\repository\com\github\nifty-gui\nifty\1.4.3\nifty-1.4.3.jar;C:\Users\10126\.m2\repository\xpp3\xpp3\1.1.4c\xpp3-1.1.4c.jar;C:\Users\10126\.m2\repository\com\google\code\findbugs\jsr305\2.0.2\jsr305-2.0.2.jar;C:\Users\10126\.m2\repository\com\github\nifty-gui\nifty-default-controls\1.4.3\nifty-default-controls-1.4.3.jar;C:\Users\10126\.m2\repository\com\github\nifty-gui\nifty-style-black\1.4.3\nifty-style-black-1.4.3.jar;C:\Users\10126\.m2\repository\org\jmonkeyengine\jme3-terrain\3.3.0-stable\jme3-terrain-3.3.0-stable.jar;C:\Users\10126\.m2\repository\org\jmonkeyengine\jme3-networking\3.3.0-stable\jme3-networking-3.3.0-stable.jar;C:\Users\10126\.m2\repository\org\jmonkeyengine\jme3-bullet\3.3.0-stable\jme3-bullet-3.3.0-stable.jar;C:\Users\10126\.m2\repository\org\jmonkeyengine\jme3-bullet-native\3.3.0-stable\jme3-bullet-native-3.3.0-stable.jar;C:\Users\10126\.m2\repository\org\jmonkeyengine\jme3-bullet-native-android\3.3.0-stable\jme3-bullet-native-android-3.3.0-stable.jar;C:\Users\10126\.m2\repository\org\jmonkeyengine\jme3-jogl\3.3.0-stable\jme3-jogl-3.3.0-stable.jar;C:\Users\10126\.m2\repository\org\jogamp\gluegen\gluegen-rt-main\2.3.2\gluegen-rt-main-2.3.2.jar;C:\Users\10126\.m2\repository\org\jogamp\gluegen\gluegen-rt\2.3.2\gluegen-rt-2.3.2.jar;C:\Users\10126\.m2\repository\org\jogamp\gluegen\gluegen-rt\2.3.2\gluegen-rt-2.3.2-natives-android-aarch64.jar;C:\Users\10126\.m2\repository\org\jogamp\gluegen\gluegen-rt\2.3.2\gluegen-rt-2.3.2-natives-android-armv6.jar;C:\Users\10126\.m2\repository\org\jogamp\gluegen\gluegen-rt\2.3.2\gluegen-rt-2.3.2-natives-linux-amd64.jar;C:\Users\10126\.m2\repository\org\jogamp\gluegen\gluegen-rt\2.3.2\gluegen-rt-2.3.2-natives-linux-armv6.jar;C:\Users\10126\.m2\repository\org\jogamp\gluegen\gluegen-rt\2.3.2\gluegen-rt-2.3.2-natives-linux-armv6hf.jar;C:\Users\10126\.m2\repository\org\jogamp\gluegen\gluegen-rt\2.3.2\gluegen-rt-2.3.2-natives-linux-i586.jar;C:\Users\10126\.m2\repository\org\jogamp\gluegen\gluegen-rt\2.3.2\gluegen-rt-2.3.2-natives-macosx-universal.jar;C:\Users\10126\.m2\repository\org\jogamp\gluegen\gluegen-rt\2.3.2\gluegen-rt-2.3.2-natives-solaris-amd64.jar;C:\Users\10126\.m2\repository\org\jogamp\gluegen\gluegen-rt\2.3.2\gluegen-rt-2.3.2-natives-solaris-i586.jar;C:\Users\10126\.m2\repository\org\jogamp\gluegen\gluegen-rt\2.3.2\gluegen-rt-2.3.2-natives-windows-amd64.jar;C:\Users\10126\.m2\repository\org\jogamp\gluegen\gluegen-rt\2.3.2\gluegen-rt-2.3.2-natives-windows-i586.jar;C:\Users\10126\.m2\repository\org\jogamp\jogl\jogl-all-main\2.3.2\jogl-all-main-2.3.2.jar;C:\Users\10126\.m2\repository\org\jogamp\jogl\jogl-all\2.3.2\jogl-all-2.3.2.jar;C:\Users\10126\.m2\repository\org\jogamp\jogl\jogl-all\2.3.2\jogl-all-2.3.2-natives-android-aarch64.jar;C:\Users\10126\.m2\repository\org\jogamp\jogl\jogl-all\2.3.2\jogl-all-2.3.2-natives-android-armv6.jar;C:\Users\10126\.m2\repository\org\jogamp\jogl\jogl-all\2.3.2\jogl-all-2.3.2-natives-linux-amd64.jar;C:\Users\10126\.m2\repository\org\jogamp\jogl\jogl-all\2.3.2\jogl-all-2.3.2-natives-linux-armv6.jar;C:\Users\10126\.m2\repository\org\jogamp\jogl\jogl-all\2.3.2\jogl-all-2.3.2-natives-linux-armv6hf.jar;C:\Users\10126\.m2\repository\org\jogamp\jogl\jogl-all\2.3.2\jogl-all-2.3.2-natives-linux-i586.jar;C:\Users\10126\.m2\repository\org\jogamp\jogl\jogl-all\2.3.2\jogl-all-2.3.2-natives-macosx-universal.jar;C:\Users\10126\.m2\repository\org\jogamp\jogl\jogl-all\2.3.2\jogl-all-2.3.2-natives-solaris-amd64.jar;C:\Users\10126\.m2\repository\org\jogamp\jogl\jogl-all\2.3.2\jogl-all-2.3.2-natives-solaris-i586.jar;C:\Users\10126\.m2\repository\org\jogamp\jogl\jogl-all\2.3.2\jogl-all-2.3.2-natives-windows-amd64.jar;C:\Users\10126\.m2\repository\org\jogamp\jogl\jogl-all\2.3.2\jogl-all-2.3.2-natives-windows-i586.jar;C:\Users\10126\.m2\repository\org\jogamp\joal\joal-main\2.3.2\joal-main-2.3.2.jar;C:\Users\10126\.m2\repository\org\jogamp\joal\joal\2.3.2\joal-2.3.2.jar;C:\Users\10126\.m2\repository\org\jogamp\joal\joal\2.3.2\joal-2.3.2-natives-android-aarch64.jar;C:\Users\10126\.m2\repository\org\jogamp\joal\joal\2.3.2\joal-2.3.2-natives-android-armv6.jar;C:\Users\10126\.m2\repository\org\jogamp\joal\joal\2.3.2\joal-2.3.2-natives-linux-amd64.jar;C:\Users\10126\.m2\repository\org\jogamp\joal\joal\2.3.2\joal-2.3.2-natives-linux-armv6.jar;C:\Users\10126\.m2\repository\org\jogamp\joal\joal\2.3.2\joal-2.3.2-natives-linux-armv6hf.jar;C:\Users\10126\.m2\repository\org\jogamp\joal\joal\2.3.2\joal-2.3.2-natives-linux-i586.jar;C:\Users\10126\.m2\repository\org\jogamp\joal\joal\2.3.2\joal-2.3.2-natives-macosx-universal.jar;C:\Users\10126\.m2\repository\org\jogamp\joal\joal\2.3.2\joal-2.3.2-natives-solaris-amd64.jar;C:\Users\10126\.m2\repository\org\jogamp\joal\joal\2.3.2\joal-2.3.2-natives-solaris-i586.jar;C:\Users\10126\.m2\repository\org\jogamp\joal\joal\2.3.2\joal-2.3.2-natives-windows-amd64.jar;C:\Users\10126\.m2\repository\org\jogamp\joal\joal\2.3.2\joal-2.3.2-natives-windows-i586.jar;C:\Users\10126\.m2\repository\org\jogamp\jocl\jocl-main\2.3.2\jocl-main-2.3.2.jar;C:\Users\10126\.m2\repository\org\jogamp\jocl\jocl\2.3.2\jocl-2.3.2.jar;C:\Users\10126\.m2\repository\org\jogamp\jocl\jocl\2.3.2\jocl-2.3.2-natives-android-aarch64.jar;C:\Users\10126\.m2\repository\org\jogamp\jocl\jocl\2.3.2\jocl-2.3.2-natives-android-armv6.jar;C:\Users\10126\.m2\repository\org\jogamp\jocl\jocl\2.3.2\jocl-2.3.2-natives-linux-amd64.jar;C:\Users\10126\.m2\repository\org\jogamp\jocl\jocl\2.3.2\jocl-2.3.2-natives-linux-armv6.jar;C:\Users\10126\.m2\repository\org\jogamp\jocl\jocl\2.3.2\jocl-2.3.2-natives-linux-armv6hf.jar;C:\Users\10126\.m2\repository\org\jogamp\jocl\jocl\2.3.2\jocl-2.3.2-natives-linux-i586.jar;C:\Users\10126\.m2\repository\org\jogamp\jocl\jocl\2.3.2\jocl-2.3.2-natives-macosx-universal.jar;C:\Users\10126\.m2\repository\org\jogamp\jocl\jocl\2.3.2\jocl-2.3.2-natives-solaris-amd64.jar;C:\Users\10126\.m2\repository\org\jogamp\jocl\jocl\2.3.2\jocl-2.3.2-natives-solaris-i586.jar;C:\Users\10126\.m2\repository\org\jogamp\jocl\jocl\2.3.2\jocl-2.3.2-natives-windows-amd64.jar;C:\Users\10126\.m2\repository\org\jogamp\jocl\jocl\2.3.2\jocl-2.3.2-natives-windows-i586.jar;C:\Users\10126\.m2\repository\org\jmonkeyengine\jme3-android\3.3.0-stable\jme3-android-3.3.0-stable.jar;C:\Users\10126\.m2\repository\org\jmonkeyengine\jme3-android-native\3.3.0-stable\jme3-android-native-3.3.0-stable.jar;C:\Users\10126\.m2\repository\org\jmonkeyengine\jme3-ios\3.3.0-stable\jme3-ios-3.3.0-stable.jar;C:\Users\10126\.m2\repository\org\jmonkeyengine\jme3-vr\3.3.0-stable\jme3-vr-3.3.0-stable.jar;C:\Users\10126\.m2\repository\net\java\dev\jna\jna\4.3.0\jna-4.3.0.jar;C:\Users\10126\.m2\repository\com\nativelibs4java\jnaerator-runtime\0.12\jnaerator-runtime-0.12.jar;C:\Users\10126\.m2\repository\com\nativelibs4java\ochafik-util\0.12\ochafik-util-0.12.jar;C:\Users\10126\.m2\repository\org\lwjgl\lwjgl-ovr\3.2.3\lwjgl-ovr-3.2.3.jar;C:\Users\10126\.m2\repository\org\lwjgl\lwjgl-openvr\3.2.3\lwjgl-openvr-3.2.3.jar;C:\Users\10126\.m2\repository\org\lwjgl\lwjgl-openvr\3.2.3\lwjgl-openvr-3.2.3-natives-linux.jar;C:\Users\10126\.m2\repository\org\lwjgl\lwjgl-openvr\3.2.3\lwjgl-openvr-3.2.3-natives-macos.jar;C:\Users\10126\.m2\repository\org\lwjgl\lwjgl-ovr\3.2.3\lwjgl-ovr-3.2.3-natives-windows.jar;C:\Users\10126\.m2\repository\org\lwjgl\lwjgl-openvr\3.2.3\lwjgl-openvr-3.2.3-natives-windows.jar
Launcher Type: SUN_STANDARD

[Global flags]
     intx CICompilerCount                          = 4                                         {product} {ergonomic}
     uint ConcGCThreads                            = 2                                         {product} {ergonomic}
     uint G1ConcRefinementThreads                  = 8                                         {product} {ergonomic}
   size_t G1HeapRegionSize                         = 2097152                                   {product} {ergonomic}
   size_t InitialHeapSize                          = 264241152                                 {product} {ergonomic}
   size_t MarkStackSize                            = 4194304                                   {product} {ergonomic}
   size_t MaxHeapSize                              = 4227858432                                {product} {ergonomic}
   size_t MaxNewSize                               = 2535456768                                {product} {ergonomic}
   size_t MinHeapDeltaBytes                        = 2097152                                   {product} {ergonomic}
   size_t MinHeapSize                              = 8388608                                   {product} {ergonomic}
    uintx NonNMethodCodeHeapSize                   = 5839372                                {pd product} {ergonomic}
    uintx NonProfiledCodeHeapSize                  = 122909434                              {pd product} {ergonomic}
    uintx ProfiledCodeHeapSize                     = 122909434                              {pd product} {ergonomic}
    uintx ReservedCodeCacheSize                    = 251658240                              {pd product} {ergonomic}
     bool SegmentedCodeCache                       = true                                      {product} {ergonomic}
     bool ShowCodeDetailsInExceptionMessages       = true                                   {manageable} {command line}
   size_t SoftMaxHeapSize                          = 4227858432                             {manageable} {ergonomic}
     bool UseCompressedOops                        = true                           {product lp64_product} {ergonomic}
     bool UseG1GC                                  = true                                      {product} {ergonomic}
     bool UseLargePagesIndividualAllocation        = false                                  {pd product} {ergonomic}

Logging:
Log output configuration:
 #0: stdout all=warning uptime,level,tags foldmultilines=false
 #1: stderr all=off uptime,level,tags foldmultilines=false

Environment Variables:
PATH=C:\Program Files\Python313\Scripts\;C:\Program Files\Python313\;C:\Program Files\Common Files\Oracle\Java\javapath;C:\Program Files (x86)\VMware\VMware Workstation\bin\;C:\Program Files (x86)\Common Files\Oracle\Java\javapath;C:\WINDOWS\system32;C:\WINDOWS;C:\WINDOWS\System32\Wbem;C:\WINDOWS\System32\WindowsPowerShell\v1.0\;C:\WINDOWS\System32\OpenSSH\;C:\Program Files\Git\cmd;C:\Android;C:\Windows\System32;C:\Program Files\dotnet\;C:\Program Files\Google\Chrome\Application;C:\MinGW\bin;C:\Program Files\Java\jdk-22\bin\;C:\Program Files (x86)\Tencent\微信web开发者工具\dll;C:\Program Files\微信web开发者工具\dll;C:\Program Files\nodejs\;C:\Program Files\apache-maven-3.9.9\bin;C:\Users\10126\AppData\Local\Microsoft\WindowsApps;C:\Program Files\Bandizip\;C:\Users\10126\AppData\Local\Programs\Microsoft VS Code\bin;C:\MinGW\bin;C:\Users\10126\.dotnet\tools;C:\Users\10126\AppData\Roaming\npm;C:\Program Files\JetBrains\IntelliJ IDEA 2024.1\bin;
USERNAME=10126
LANG=en_US.UTF-8
OS=Windows_NT
PROCESSOR_IDENTIFIER=Intel64 Family 6 Model 140 Stepping 2, GenuineIntel
TMP=C:\Users\10126\AppData\Local\Temp
TEMP=C:\Users\10126\AppData\Local\Temp




Periodic native trim disabled

---------------  S Y S T E M  ---------------

OS:
 Windows 10 , 64 bit Build 19041 (10.0.19041.5072)
OS uptime: 7 days 0:40 hours

CPU: total 8 (initial active 8) (4 cores per cpu, 2 threads per core) family 6 model 140 stepping 2 microcode 0x16, cx8, cmov, fxsr, ht, mmx, 3dnowpref, sse, sse2, sse3, ssse3, sse4.1, sse4.2, popcnt, lzcnt, tsc, tscinvbit, avx, avx2, aes, erms, clmul, bmi1, bmi2, adx, avx512f, avx512dq, avx512cd, avx512bw, avx512vl, sha, fma, vzeroupper, avx512_vpopcntdq, avx512_vpclmulqdq, avx512_vaes, avx512_vnni, clflush, clflushopt, clwb, avx512_vbmi2, avx512_vbmi, rdtscp, rdpid, fsrm, gfni, avx512_bitalg, f16c, pku, cet_ibt, cet_ss, avx512_ifma
Processor Information for processor 0
  Max Mhz: 2496, Current Mhz: 2496, Mhz Limit: 2496
Processor Information for processor 1
  Max Mhz: 2496, Current Mhz: 2496, Mhz Limit: 2496
Processor Information for processor 2
  Max Mhz: 2496, Current Mhz: 2496, Mhz Limit: 2496
Processor Information for processor 3
  Max Mhz: 2496, Current Mhz: 1497, Mhz Limit: 2496
Processor Information for processor 4
  Max Mhz: 2496, Current Mhz: 1497, Mhz Limit: 2496
Processor Information for processor 5
  Max Mhz: 2496, Current Mhz: 1497, Mhz Limit: 2496
Processor Information for processor 6
  Max Mhz: 2496, Current Mhz: 2496, Mhz Limit: 2496
Processor Information for processor 7
  Max Mhz: 2496, Current Mhz: 2496, Mhz Limit: 2496

Memory: 4k page, system-wide physical 16126M (4312M free)
TotalPageFile size 27902M (AvailPageFile size 12833M)
current process WorkingSet (physical memory assigned to process): 385M, peak: 385M
current process commit charge ("private bytes"): 411M, peak: 430M

vm_info: Java HotSpot(TM) 64-Bit Server VM (22.0.2+9-70) for windows-amd64 JRE (22.0.2+9-70), built on 2024-06-04T16:52:23Z by "mach5one" with MS VC++ 17.6 (VS2022)

END.
