#
# A fatal error has been detected by the Java Runtime Environment:
#
#  EXCEPTION_ACCESS_VIOLATION (0xc0000005) at pc=0x0000000000000000, pid=43164, tid=43768
#
# JRE version: Java(TM) SE Runtime Environment (23.0.1+11) (build 23.0.1+11-39)
# Java VM: Java HotSpot(TM) 64-Bit Server VM (23.0.1+11-39, mixed mode, sharing, tiered, compressed oops, compressed class ptrs, g1 gc, windows-amd64)
# Problematic frame:
# C  [jdwp.dll+0x161f3]
#
# No core dump will be written. Minidumps are not enabled by default on client versions of Windows
#
# If you would like to submit a bug report, please visit:
#   https://bugreport.java.com/bugreport/crash.jsp
# The crash happened outside the Java Virtual Machine in native code.
# See problematic frame for where to report the bug.
#

---------------  S U M M A R Y ------------

Command Line: -agentlib:jdwp=transport=dt_socket,server=n,suspend=y,address=localhost:6695 -XX:+ShowCodeDetailsInExceptionMessages com.csproject.jMEMain

Host: Intel(R) Core(TM) i7-14700K, 28 cores, 63G,  Windows 11 , 64 bit Build 22621 (10.0.22621.4391)
Time: Sun Dec 15 01:40:00 2024  Windows 11 , 64 bit Build 22621 (10.0.22621.4391) elapsed time: 20.139177 seconds (0d 0h 0m 20s)

---------------  T H R E A D  ---------------

Current thread (0x0000022e0efa9770):  JavaThread "main"             [_thread_in_native, id=43768, stack(0x0000004924a00000,0x0000004924b00000) (1024K)]

Stack: [0x0000004924a00000,0x0000004924b00000],  sp=0x0000004924afec10,  free space=1019k
Native frames: (J=compiled Java code, j=interpreted, Vv=VM code, C=native code)

Java frames: (J=compiled Java code, j=interpreted, Vv=VM code)
j  java.lang.Shutdown.halt0(I)V+0 java.base@23.0.1
j  java.lang.Shutdown.halt(I)V+7 java.base@23.0.1
j  java.lang.Shutdown.exit(I)V+16 java.base@23.0.1
J 3420 c1 com.csproject.jMEMain.simpleUpdate(F)V (474 bytes) @ 0x0000022e17b7c784 [0x0000022e17b78d80+0x0000000000003a04]
J 3334 c1 com.jme3.app.SimpleApplication.update()V (235 bytes) @ 0x0000022e17b4e234 [0x0000022e17b4df60+0x00000000000002d4]
J 3330 c1 com.jme3.system.lwjgl.LwjglWindow.runLoop()V (220 bytes) @ 0x0000022e17b4b2a4 [0x0000022e17b4ac80+0x0000000000000624]
j  com.jme3.system.lwjgl.LwjglWindow.run()V+51
j  com.jme3.system.lwjgl.LwjglWindow.create(Z)V+27
j  com.jme3.app.LegacyApplication.start(Lcom/jme3/system/JmeContext$Type;Z)V+92
j  com.jme3.app.LegacyApplication.start()V+5
j  com.jme3.app.SimpleApplication.start()V+51
j  com.csproject.jMEMain.main([Ljava/lang/String;)V+61
v  ~StubRoutines::call_stub 0x0000022e1eb10fcd

siginfo: EXCEPTION_ACCESS_VIOLATION (0xc0000005), data execution prevention violation at address 0x0000000000000000


Registers:
RAX=0x0000022e9bd00000, RBX=0x0000022e27899600, RCX=0x0000022e0efa9b30, RDX=0x0000022e27899600
RSP=0x0000004924afec08, RBP=0x00007fff1e940428, RSI=0x0000004924afecb0, RDI=0x0000022e0efa9b30
R8 =0x0000000000010002, R9 =0x0000000000000000, R10=0x00007ffeda730000, R11=0x0000004924afebd8
R12=0x0000000000000006, R13=0x0000022e0efa78f0, R14=0x0000000000000000, R15=0x0000000000000000
RIP=0x0000000000000000, EFLAGS=0x0000000000010206


Register to memory mapping:

RAX=0x0000022e9bd00000 points into unknown readable memory: 0x0000000000000000 | 00 00 00 00 00 00 00 00
RBX=0x0000022e27899600 points into unknown readable memory: 0x00000004040fec58 | 58 ec 0f 04 04 00 00 00
RCX=0x0000022e0efa9b30 points into unknown readable memory: 0x0000022e9bd00000 | 00 00 d0 9b 2e 02 00 00
RDX=0x0000022e27899600 points into unknown readable memory: 0x00000004040fec58 | 58 ec 0f 04 04 00 00 00
RSP=0x0000004924afec08 is pointing into the stack for thread: 0x0000022e0efa9770
RBP=0x00007fff1e940428 jdwp.dll
RSI=0x0000004924afecb0 is pointing into the stack for thread: 0x0000022e0efa9770
RDI=0x0000022e0efa9b30 points into unknown readable memory: 0x0000022e9bd00000 | 00 00 d0 9b 2e 02 00 00
R8 =0x0000000000010002 is an unknown value
R9 =0x0 is null
R10=0x00007ffeda730000 VCRUNTIME140.dll
R11=0x0000004924afebd8 is pointing into the stack for thread: 0x0000022e0efa9770
R12=0x0000000000000006 is an unknown value
R13=0x0000022e0efa78f0 points into unknown readable memory: 0x00007ffe46c5e8d0 | d0 e8 c5 46 fe 7f 00 00
R14=0x0 is null
R15=0x0 is null

Top of Stack: (sp=0x0000004924afec08)
0x0000004924afec08:   00007fff1e9261f3 0000022e27899600
0x0000004924afec18:   0000004924afecb0 0000000000000000
0x0000004924afec28:   0000000000000000 0000022e0efa9770
0x0000004924afec38:   00007ffe462afcab 0000000000000003
0x0000004924afec48:   0000000000000002 0000022e0efa9d48
0x0000004924afec58:   00007fff1e92455d 0000022e27899600
0x0000004924afec68:   00007fff1e940428 0000022e0efa9770
0x0000004924afec78:   0000022e0efa9b30 0000000000000000
0x0000004924afec88:   0000004924afec90 0000000000000000
0x0000004924afec98:   00007fff39483810 0000b4b5457d3715
0x0000004924afeca8:   000000000000aaf8 0000000000000006
0x0000004924afecb8:   0000022e27899600 0000000000000000
0x0000004924afecc8:   0000000000000000 0000000000000000
0x0000004924afecd8:   0000000000000000 0000000000000000
0x0000004924afece8:   0000000000000000 0000000000000000
0x0000004924afecf8:   0000000000000000 0000000000000000
0x0000004924afed08:   0000022e0efa9d48 0000022e0cc11460
0x0000004924afed18:   00007ffe46610a71 0000000000000000
0x0000004924afed28:   0000022e802532d0 0000022e0efa9770
0x0000004924afed38:   0000022e0ccead10 0000000000000000
0x0000004924afed48:   00007fff368df237 0000022e0ef5c270
0x0000004924afed58:   0000022e0efa9de0 0000022e0efa9df0
0x0000004924afed68:   0000022e0efaa1c8 00000000000003d8
0x0000004924afed78:   0000022e0efa9770 0000022e0efa9770
0x0000004924afed88:   0000022e0ef5cd30 0000022e0cc3bde0
0x0000004924afed98:   0000022e0cc3bdf0 0000022e0cc3bec8
0x0000004924afeda8:   00000000000000d8 0000004924affa10
0x0000004924afedb8:   00007ffe46ce2210 0000000000000020
0x0000004924afedc8:   0000022e0efa7210 0000022e0efa9770
0x0000004924afedd8:   0000004924afee10 00007ffe46ce1200
0x0000004924afede8:   00007ffe46ce2210 0000000000000020
0x0000004924afedf8:   0000022e27730560 0000022e0efa9770 

Instructions: (pc=0x00007fff1e9261f3)
0x00007fff1e9260f3:   2c 41 b8 61 02 00 00 48 8d 0d 97 6e 01 00 48 8b
0x00007fff1e926103:   d3 e8 7f 50 00 00 41 8b cc e8 33 a0 ff ff 48 8b
0x00007fff1e926113:   d0 48 8d 0d 55 a4 01 00 e8 10 51 00 00 4c 8b 4e
0x00007fff1e926123:   28 48 8d 0d 5d a4 01 00 4c 8b 46 20 48 8b 56 08
0x00007fff1e926133:   e8 0c 0e 01 00 48 8b 05 b1 0f 02 00 f6 80 10 02
0x00007fff1e926143:   00 00 02 74 28 41 b8 6a 02 00 00 48 8d 0d 6f 62
0x00007fff1e926153:   01 00 48 8b d3 e8 2b 50 00 00 48 8d 15 54 63 01
0x00007fff1e926163:   00 48 8d 0d 6d 62 01 00 e8 c0 50 00 00 48 8b 07
0x00007fff1e926173:   48 8b cf ff 50 78 48 8b 0d 70 0f 02 00 4c 8b f8
0x00007fff1e926183:   f6 81 10 02 00 00 02 74 28 41 b8 6b 02 00 00 48
0x00007fff1e926193:   8d 0d 2b 62 01 00 48 8b d3 e8 e7 4f 00 00 48 8d
0x00007fff1e9261a3:   15 48 63 01 00 48 8d 0d 29 62 01 00 e8 7c 50 00
0x00007fff1e9261b3:   00 48 8b 07 48 8b cf ff 90 88 00 00 00 83 3d e5
0x00007fff1e9261c3:   0a 02 00 00 76 0c e8 ce 5b ff ff 83 25 d7 0a 02
0x00007fff1e9261d3:   00 00 48 8b 5e 08 48 85 db 74 4b 48 8b 05 0b 0f
0x00007fff1e9261e3:   02 00 80 78 13 00 74 0b 48 8b cb e8 b5 07 01 00
0x00007fff1e9261f3:   88 46 10 4d 8b c7 48 8b d6 41 8a ce e8 c8 a0 00
0x00007fff1e926203:   00 48 8b e8 48 85 c0 75 25 48 8b cb e8 c0 44 00
0x00007fff1e926213:   00 84 c0 0f 84 ea 00 00 00 48 8b d3 41 8a ce e8
0x00007fff1e926223:   ad 13 00 00 eb e3 e8 0e 0e 00 00 48 8b e8 4c 8b
0x00007fff1e926233:   cd 44 88 74 24 20 45 8b c4 48 8b d6 48 8b cf e8
0x00007fff1e926243:   e1 00 00 00 83 3e 14 75 0b 48 8b 05 9d 0e 02 00
0x00007fff1e926253:   c6 40 10 01 48 85 db 75 08 48 8b cd e8 0c 53 ff
0x00007fff1e926263:   ff 48 8b 05 85 0e 02 00 4d 85 ff 74 43 f6 80 10
0x00007fff1e926273:   02 00 00 02 74 2c 41 b8 b3 02 00 00 48 8d 15 a2
0x00007fff1e926283:   a1 01 00 48 8d 0d 37 61 01 00 e8 f6 4e 00 00 48
0x00007fff1e926293:   8d 15 e7 7c 01 00 48 8d 0d 38 61 01 00 e8 8b 4f
0x00007fff1e9262a3:   00 00 48 8b 07 49 8b d7 48 8b cf ff 50 68 eb 41
0x00007fff1e9262b3:   f6 80 10 02 00 00 02 74 2c 41 b8 b5 02 00 00 48
0x00007fff1e9262c3:   8d 15 5f a1 01 00 48 8d 0d f4 60 01 00 e8 b3 4e
0x00007fff1e9262d3:   00 00 48 8d 15 14 62 01 00 48 8d 0d f5 60 01 00
0x00007fff1e9262e3:   e8 48 4f 00 00 48 8b 07 48 8b cf ff 90 88 00 00 


Stack slot to memory mapping:

stack at sp + 0 slots: 0x0000022e27899600 points into unknown readable memory: 0x00000004040fec58 | 58 ec 0f 04 04 00 00 00
stack at sp + 1 slots: 0x0000004924afecb0 is pointing into the stack for thread: 0x0000022e0efa9770
stack at sp + 2 slots: 0x0 is null
stack at sp + 3 slots: 0x0 is null
stack at sp + 4 slots: 0x0000022e0efa9770 is a thread
stack at sp + 5 slots: 0x00007ffe462afcab jvm.dll
stack at sp + 6 slots: 0x0000000000000003 is an unknown value
stack at sp + 7 slots: 0x0000000000000002 is an unknown value

Lock stack of current Java thread (top to bottom):
LockStack[1]: java.lang.Shutdown$Lock 
{0x0000000404067b48} - klass: 'java/lang/Shutdown$Lock'
 - ---- fields (total size 2 words):
LockStack[0]: java.lang.Class 
{0x000000040407a100} - klass: 'java/lang/Class'
 - ---- fields (total size 17 words):
 - private volatile transient 'classRedefinedCount' 'I' @12  0 (0x00000000)
 - injected 'klass' 'J' @16  2397650372624 (0x0000022e3f194810)
 - injected 'array_klass' 'J' @24  0 (0x0000000000000000)
 - injected 'oop_size' 'I' @32  17 (0x00000011)
 - injected 'static_oop_field_count' 'I' @36  3 (0x00000003)
 - private volatile transient 'cachedConstructor' 'Ljava/lang/reflect/Constructor;' @40  null (0x00000000)
 - private transient 'name' 'Ljava/lang/String;' @44  null (0x00000000)
 - private transient 'module' 'Ljava/lang/Module;' @48  a 'java/lang/Module'{0x00000004040f81d8} (0x8081f03b)
 - private final 'classLoader' 'Ljava/lang/ClassLoader;' @52  null (0x00000000)
 - private transient 'classData' 'Ljava/lang/Object;' @56  null (0x00000000)
 - private transient 'packageName' 'Ljava/lang/String;' @60  null (0x00000000)
 - private final 'componentType' 'Ljava/lang/Class;' @64  null (0x00000000)
 - private volatile transient 'reflectionData' 'Ljava/lang/ref/SoftReference;' @68  null (0x00000000)
 - private volatile transient 'genericInfo' 'Lsun/reflect/generics/repository/ClassRepository;' @72  null (0x00000000)
 - private volatile transient 'enumConstants' '[Ljava/lang/Object;' @76  null (0x00000000)
 - private volatile transient 'enumConstantDirectory' 'Ljava/util/Map;' @80  null (0x00000000)
 - private volatile transient 'annotationData' 'Ljava/lang/Class$AnnotationData;' @84  null (0x00000000)
 - private volatile transient 'annotationType' 'Lsun/reflect/annotation/AnnotationType;' @88  null (0x00000000)
 - transient 'classValueMap' 'Ljava/lang/ClassValue$ClassValueMap;' @92  null (0x00000000)
 - injected 'protection_domain' 'Ljava/lang/Object;' @96  null (0x00000000)
 - injected 'signers_name' 'Ljava/lang/Object;' @100  null (0x00000000)
 - injected 'source_file' 'Ljava/lang/Object;' @104  null (0x00000000)
 - signature: Ljava/lang/Shutdown;
 - ---- static fields (3):
 - private static final 'MAX_SYSTEM_HOOKS' 'I' @124  10 (0x0000000a)
 - private static final 'hooks' '[Ljava/lang/Runnable;' @112  a 'java/lang/Runnable'[10] {0x0000000404067b00} (0x8080cf60)
 - private static 'currentRunningHook' 'I' @128  9 (0x00000009)
 - private static 'lock' 'Ljava/lang/Object;' @116  a 'java/lang/Shutdown$Lock'{0x000000040404aaa8} (0x80809555)
 - private static 'haltLock' 'Ljava/lang/Object;' @120  a 'java/lang/Shutdown$Lock'{0x0000000404067b48} (0x8080cf69)


Compiled method (c1) 20204 3420       3       com.csproject.jMEMain::simpleUpdate (474 bytes)
 total in heap  [0x0000022e17b78688,0x0000022e17b7d570] = 20200
 relocation     [0x0000022e17b78760,0x0000022e17b78d60] = 1536
 constants      [0x0000022e17b78d60,0x0000022e17b78d80] = 32
 main code      [0x0000022e17b78d80,0x0000022e17b7d278] = 17656
 stub code      [0x0000022e17b7d278,0x0000022e17b7d3e8] = 368
 oops           [0x0000022e17b7d3e8,0x0000022e17b7d408] = 32
 metadata       [0x0000022e17b7d408,0x0000022e17b7d570] = 360
 immutable data [0x0000022e85e8cd30,0x0000022e85e8e648] = 6424
 dependencies   [0x0000022e85e8cd30,0x0000022e85e8cd90] = 96
 nul chk table  [0x0000022e85e8cd90,0x0000022e85e8cf50] = 448
 scopes pcs     [0x0000022e85e8cf50,0x0000022e85e8db90] = 3136
 scopes data    [0x0000022e85e8db90,0x0000022e85e8e648] = 2744


[Constant Pool]
             Address          hex4                    hex8      
  0x0000022e17b78d60:   0x3e99999a      0x3e99999a3e99999a      
  0x0000022e17b78d64:   0x3e99999a                              
  0x0000022e17b78d68:   0xf4f4f4f4      0xf4f4f4f4f4f4f4f4      
  0x0000022e17b78d6c:   0xf4f4f4f4                              
  0x0000022e17b78d70:   0xf4f4f4f4      0xf4f4f4f4f4f4f4f4      
  0x0000022e17b78d74:   0xf4f4f4f4                              
  0x0000022e17b78d78:   0xf4f4f4f4      0xf4f4f4f4f4f4f4f4      
  0x0000022e17b78d7c:   0xf4f4f4f4                              

[MachCode]
[Instructions begin]
  0x0000022e17b78d80: ;   {no_reloc}
  0x0000022e17b78d80: 6666 660f | 1f84 0000 | 0000 0066 | 6666 9066 | 6690 448b | 5208 443b 

  0x0000022e17b78d98: ;   {runtime_call ic_miss_stub}
  0x0000022e17b78d98: 5008 0f85 | 4057 fe06 
[Verified Entry Point]
  0x0000022e17b78da0: 8984 2400 | 80ff ff55 | 4881 ecf0 | 0100 0090 | 4181 7f20 | 0100 0000 

  0x0000022e17b78db8: ;   {runtime_call StubRoutines (final stubs)}
  0x0000022e17b78db8: 7405 e881 | e9fc 0648 | 8994 24b0 | 0000 00c5 | fa11 8424 | d401 0000 

  0x0000022e17b78dd0: ;   {metadata(method data for {method} {0x0000022e81401280} 'simpleUpdate' '(F)V' in 'com/csproject/jMEMain')}
  0x0000022e17b78dd0: 48be a88f | e381 2e02 | 0000 8bbe | cc00 0000 | 83c7 0289 | becc 0000 | 0081 e7fe | 0700 0085 
  0x0000022e17b78df0: ff0f 84ab | 3900 008b | 727c 48c1 | e603 483b | 0648 8bfe 

  0x0000022e17b78e04: ;   {metadata(method data for {method} {0x0000022e81401280} 'simpleUpdate' '(F)V' in 'com/csproject/jMEMain')}
  0x0000022e17b78e04: 48b8 a88f | e381 2e02 | 0000 4883 | 8028 0100 | 0001 8b7e | 5448 c1e7 | 0383 7f0c | 010f 86ab 
  0x0000022e17b78e24: 3900 008b | 5f14 48c1 | e303 4889 | 9c24 a800 | 0000 488b 

  0x0000022e17b78e38: ;   {metadata(method data for {method} {0x0000022e81401280} 'simpleUpdate' '(F)V' in 'com/csproject/jMEMain')}
  0x0000022e17b78e38: fe48 b8a8 | 8fe3 812e | 0200 0048 | 8380 5801 | 0000 0144 | 8b46 2c49 | c1e0 034c | 8984 2498 
  0x0000022e17b78e58: 0000 0049 | 3b00 498b 

  0x0000022e17b78e60: ;   {metadata(method data for {method} {0x0000022e81401280} 'simpleUpdate' '(F)V' in 'com/csproject/jMEMain')}
  0x0000022e17b78e60: f048 bfa8 | 8fe3 812e | 0200 008b | 7608 49ba | 0000 003f | 2e02 0000 | 4903 f248 | 3bb7 8001 
  0x0000022e17b78e80: 0000 750d | 4883 8788 | 0100 0001 | e960 0000 | 0048 3bb7 | 9001 0000 | 750d 4883 | 8798 0100 
  0x0000022e17b78ea0: 0001 e94a | 0000 0048 | 83bf 8001 | 0000 0075 | 1748 89b7 | 8001 0000 | 48c7 8788 | 0100 0001 
  0x0000022e17b78ec0: 0000 00e9 | 2900 0000 | 4883 bf90 | 0100 0000 | 7517 4889 | b790 0100 | 0048 c787 | 9801 0000 
  0x0000022e17b78ee0: 0100 0000 | e908 0000 | 0048 8387 | 7801 0000 

  0x0000022e17b78ef0: ;   {metadata(method data for {method} {0x0000022e81c90548} 'getPhysicsLocation' '()Lcom/jme3/math/Vector3f;' in 'com/jme3/bullet/objects/PhysicsCharacter')}
  0x0000022e17b78ef0: 0148 be50 | 56e1 812e | 0200 008b | becc 0000 | 0083 c702 | 89be cc00 | 0000 81e7 | feff 1f00 
  0x0000022e17b78f10: 85ff 0f84 | d138 0000 

  0x0000022e17b78f18: ;   {metadata(method data for {method} {0x0000022e81c90548} 'getPhysicsLocation' '()Lcom/jme3/math/Vector3f;' in 'com/jme3/bullet/objects/PhysicsCharacter')}
  0x0000022e17b78f18: 498b f048 | bf50 56e1 | 812e 0200 | 008b 7608 | 49ba 0000 | 003f 2e02 | 0000 4903 | f248 3bb7 
  0x0000022e17b78f38: 2001 0000 | 750d 4883 | 8728 0100 | 0001 e960 | 0000 0048 | 3bb7 3001 | 0000 750d | 4883 8738 
  0x0000022e17b78f58: 0100 0001 | e94a 0000 | 0048 83bf | 2001 0000 | 0075 1748 | 89b7 2001 | 0000 48c7 | 8728 0100 
  0x0000022e17b78f78: 0001 0000 | 00e9 2900 | 0000 4883 | bf30 0100 | 0000 7517 | 4889 b730 | 0100 0048 | c787 3801 
  0x0000022e17b78f98: 0000 0100 | 0000 e908 | 0000 0048 | 8387 1801 

  0x0000022e17b78fa8: ;   {metadata(method data for {method} {0x0000022e81c903e8} 'getPhysicsLocation' '(Lcom/jme3/math/Vector3f;)Lcom/jme3/math/Vector3f;' in 'com/jme3/bullet/objects/PhysicsCharacter')}
  0x0000022e17b78fa8: 0000 0148 | bee8 42e1 | 812e 0200 | 008b becc | 0000 0083 | c702 89be | cc00 0000 | 81e7 feff 
  0x0000022e17b78fc8: 1f00 85ff | 0f84 3838 

  0x0000022e17b78fd0: ;   {metadata(method data for {method} {0x0000022e81c903e8} 'getPhysicsLocation' '(Lcom/jme3/math/Vector3f;)Lcom/jme3/math/Vector3f;' in 'com/jme3/bullet/objects/PhysicsCharacter')}
  0x0000022e17b78fd0: 0000 48be | e842 e181 | 2e02 0000 | ff86 2801 

  0x0000022e17b78fe0: ;   {metadata('com/jme3/math/Vector3f')}
  0x0000022e17b78fe0: 0000 48ba | d0dd 0040 | 2e02 0000 | 498b 87b8 | 0100 0048 | 8d78 1849 | 3bbf c801 | 0000 0f87 
  0x0000022e17b79000: 2738 0000 | 4989 bfb8 | 0100 0048 | c700 0100 | 0000 488b | ca49 ba00 | 0000 3f2e | 0200 0049 
  0x0000022e17b79020: 2bca 8948 | 0848 33c9 | 8948 0c48 | 33c9 4889 | 4810 488b 

  0x0000022e17b79034: ;   {metadata(method data for {method} {0x0000022e81c903e8} 'getPhysicsLocation' '(Lcom/jme3/math/Vector3f;)Lcom/jme3/math/Vector3f;' in 'com/jme3/bullet/objects/PhysicsCharacter')}
  0x0000022e17b79034: d048 bee8 | 42e1 812e | 0200 0048 | 8386 3801 | 0000 0148 | 8bd0 4889 | 8424 a000 | 0000 0f1f 
  0x0000022e17b79054: ;   {optimized virtual_call}
  0x0000022e17b79054: 4400 00e8 

  0x0000022e17b79058: ; ImmutableOopMap {[152]=Oop [160]=Oop [168]=Oop [176]=Oop }
                      ;*invokespecial <init> {reexecute=0 rethrow=0 return_oop=0}
                      ; - com.jme3.bullet.objects.PhysicsCharacter::getPhysicsLocation@8 (line 557)
                      ; - com.jme3.bullet.objects.PhysicsCharacter::getPhysicsLocation@2 (line 571)
                      ; - com.csproject.jMEMain::simpleUpdate@16 (line 61)
  0x0000022e17b79058: 3445 8a07 

  0x0000022e17b7905c: ;   {other}
  0x0000022e17b7905c: 0f1f 8400 | d409 0000 | 4c8b 8424 | 9800 0000 | 4d8b 4810 

  0x0000022e17b79070: ;   {metadata(method data for {method} {0x0000022e81c903e8} 'getPhysicsLocation' '(Lcom/jme3/math/Vector3f;)Lcom/jme3/math/Vector3f;' in 'com/jme3/bullet/objects/PhysicsCharacter')}
  0x0000022e17b79070: 498b d048 | bee8 42e1 | 812e 0200 | 0048 8386 | 4801 0000 | 0149 8bf0 | 4d8b c14c | 8b8c 24a0 
  0x0000022e17b79090: 0000 0048 

  0x0000022e17b79094: ;   {optimized virtual_call}
  0x0000022e17b79094: 8bd6 90e8 

  0x0000022e17b79098: ; ImmutableOopMap {[152]=Oop [160]=Oop [168]=Oop [176]=Oop }
                      ;*invokespecial getPhysicsLocation {reexecute=0 rethrow=0 return_oop=0}
                      ; - com.jme3.bullet.objects.PhysicsCharacter::getPhysicsLocation@18 (line 559)
                      ; - com.jme3.bullet.objects.PhysicsCharacter::getPhysicsLocation@2 (line 571)
                      ; - com.csproject.jMEMain::simpleUpdate@16 (line 61)
  0x0000022e17b79098: 94d0 8007 

  0x0000022e17b7909c: ;   {other}
  0x0000022e17b7909c: 0f1f 8400 | 140a 0001 | 488b 9c24 | a000 0000 

  0x0000022e17b790ac: ;   {metadata('com/jme3/math/Vector3f')}
  0x0000022e17b790ac: 48ba d0dd | 0040 2e02 | 0000 498b | 87b8 0100 | 0048 8d78 | 1849 3bbf | c801 0000 | 0f87 6a37 
  0x0000022e17b790cc: 0000 4989 | bfb8 0100 | 0048 c700 | 0100 0000 | 488b ca49 | ba00 0000 | 3f2e 0200 | 0049 2bca 
  0x0000022e17b790ec: 8948 0848 | 33c9 8948 | 0c48 33c9 | 4889 4810 

  0x0000022e17b790fc: ;   {metadata(method data for {method} {0x0000022e81401280} 'simpleUpdate' '(F)V' in 'com/csproject/jMEMain')}
  0x0000022e17b790fc: 4c8b c048 | baa8 8fe3 | 812e 0200 | 0048 8382 | a801 0000 

  0x0000022e17b79110: ;   {metadata(method data for {method} {0x0000022e8144c930} '<init>' '(FFF)V' in 'com/jme3/math/Vector3f')}
  0x0000022e17b79110: 0149 b870 | 55c3 812e | 0200 0041 | 8b90 cc00 | 0000 83c2 | 0241 8990 | cc00 0000 | 81e2 feff 
  0x0000022e17b79130: 1f00 85d2 | 0f84 0b37 | 0000 4c8b 

  0x0000022e17b7913c: ;   {metadata(method data for {method} {0x0000022e8144c930} '<init>' '(FFF)V' in 'com/jme3/math/Vector3f')}
  0x0000022e17b7913c: c048 ba70 | 55c3 812e | 0200 0048 | 8382 1801 

  0x0000022e17b7914c: ;   {metadata(method data for {method} {0x0000022e3f49d700} '<init>' '()V' in 'java/lang/Object')}
  0x0000022e17b7914c: 0000 0149 | b868 1001 | 812e 0200 | 0041 8b90 | cc00 0000 | 83c2 0241 | 8990 cc00 | 0000 81e2 
  0x0000022e17b7916c: feff 1f00 | 85d2 0f84 | ee36 0000 | c740 0c9a | 9919 3f4c 

  0x0000022e17b79180: ;   {metadata(method data for {method} {0x0000022e81401280} 'simpleUpdate' '(F)V' in 'com/csproject/jMEMain')}
  0x0000022e17b79180: 8bc3 48ba | a88f e381 | 2e02 0000 | 4883 82b8 | 0100 0001 | 4c8b c048 | 8bd3 0f1f 

  0x0000022e17b7919c: ;   {optimized virtual_call}
  0x0000022e17b7919c: 4400 00e8 

  0x0000022e17b791a0: ; ImmutableOopMap {[168]=Oop [176]=Oop }
                      ;*invokevirtual add {reexecute=0 rethrow=0 return_oop=0}
                      ; - com.csproject.jMEMain::simpleUpdate@30 (line 61)
  0x0000022e17b791a0: 0c77 8b07 

  0x0000022e17b791a4: ;   {other}
  0x0000022e17b791a4: 0f1f 8400 | 1c0b 0002 | 488b 9c24 | a800 0000 

  0x0000022e17b791b4: ; implicit exception: dispatches to 0x0000022e17b7c887
  0x0000022e17b791b4: 483b 034c 

  0x0000022e17b791b8: ;   {metadata(method data for {method} {0x0000022e81401280} 'simpleUpdate' '(F)V' in 'com/csproject/jMEMain')}
  0x0000022e17b791b8: 8bc3 49b9 | a88f e381 | 2e02 0000 | 458b 4008 | 49ba 0000 | 003f 2e02 | 0000 4d03 | c24d 3b81 
  0x0000022e17b791d8: f001 0000 | 750d 4983 | 81f8 0100 | 0001 e960 | 0000 004d | 3b81 0002 | 0000 750d | 4983 8108 
  0x0000022e17b791f8: 0200 0001 | e94a 0000 | 0049 83b9 | f001 0000 | 0075 174d | 8981 f001 | 0000 49c7 | 81f8 0100 
  0x0000022e17b79218: 0001 0000 | 00e9 2900 | 0000 4983 | b900 0200 | 0000 7517 | 4d89 8100 | 0200 0049 | c781 0802 
  0x0000022e17b79238: 0000 0100 | 0000 e908 | 0000 0049 | 8381 e801 

  0x0000022e17b79248: ;   {metadata(method data for {method} {0x0000022e81ac1ae8} 'setPhysicsLocation' '(Lcom/jme3/math/Vector3f;)V' in 'com/jme3/bullet/objects/PhysicsRigidBody')}
  0x0000022e17b79248: 0000 0149 | b8f8 cde0 | 812e 0200 | 0045 8b88 | cc00 0000 | 4183 c102 | 4589 88cc | 0000 0041 
  0x0000022e17b79268: 81e1 feff | 1f00 4585 | c90f 8415 | 3600 004c | 8b43 104c 

  0x0000022e17b7927c: ;   {metadata(method data for {method} {0x0000022e81ac1ae8} 'setPhysicsLocation' '(Lcom/jme3/math/Vector3f;)V' in 'com/jme3/bullet/objects/PhysicsRigidBody')}
  0x0000022e17b7927c: 8bcb 48ba | f8cd e081 | 2e02 0000 | 4883 8218 | 0100 0001 | 4c8b c848 | 8bd3 4889 | 8424 b800 
  0x0000022e17b7929c: ;   {optimized virtual_call}
  0x0000022e17b7929c: 0000 90e8 

  0x0000022e17b792a0: ; ImmutableOopMap {[168]=Oop [176]=Oop [184]=Oop }
                      ;*invokespecial setPhysicsLocation {reexecute=0 rethrow=0 return_oop=0}
                      ; - com.jme3.bullet.objects.PhysicsRigidBody::setPhysicsLocation@6 (line 181)
                      ; - com.csproject.jMEMain::simpleUpdate@33 (line 60)
  0x0000022e17b792a0: 0c55 8007 

  0x0000022e17b792a4: ;   {other}
  0x0000022e17b792a4: 0f1f 8400 | 1c0c 0003 | 488b 9424 | b000 0000 | 8b72 7c48 | c1e6 0348 | 3b06 488b 

  0x0000022e17b792c0: ;   {metadata(method data for {method} {0x0000022e81401280} 'simpleUpdate' '(F)V' in 'com/csproject/jMEMain')}
  0x0000022e17b792c0: fe48 b8a8 | 8fe3 812e | 0200 0048 | 8380 2802 | 0000 018b | 7e54 48c1 | e703 837f | 0c02 0f86 
  0x0000022e17b792e0: d835 0000 | 8b5f 1848 | c1e3 0348 | 899c 24d0 | 0000 0048 

  0x0000022e17b792f4: ;   {metadata(method data for {method} {0x0000022e81401280} 'simpleUpdate' '(F)V' in 'com/csproject/jMEMain')}
  0x0000022e17b792f4: 8bfe 48b8 | a88f e381 | 2e02 0000 | 4883 8058 | 0200 0001 | 448b 462c | 49c1 e003 | 4c89 8424 
  0x0000022e17b79314: c000 0000 

  0x0000022e17b79318: ; implicit exception: dispatches to 0x0000022e17b7c8ce
  0x0000022e17b79318: 493b 0049 

  0x0000022e17b7931c: ;   {metadata(method data for {method} {0x0000022e81401280} 'simpleUpdate' '(F)V' in 'com/csproject/jMEMain')}
  0x0000022e17b7931c: 8bf0 48bf | a88f e381 | 2e02 0000 | 8b76 0849 | ba00 0000 | 3f2e 0200 | 0049 03f2 | 483b b780 
  0x0000022e17b7933c: 0200 0075 | 0d48 8387 | 8802 0000 | 01e9 6000 | 0000 483b | b790 0200 | 0075 0d48 | 8387 9802 
  0x0000022e17b7935c: 0000 01e9 | 4a00 0000 | 4883 bf80 | 0200 0000 | 7517 4889 | b780 0200 | 0048 c787 | 8802 0000 
  0x0000022e17b7937c: 0100 0000 | e929 0000 | 0048 83bf | 9002 0000 | 0075 1748 | 89b7 9002 | 0000 48c7 | 8798 0200 
  0x0000022e17b7939c: 0001 0000 | 00e9 0800 | 0000 4883 | 8778 0200 

  0x0000022e17b793ac: ;   {metadata(method data for {method} {0x0000022e81c90548} 'getPhysicsLocation' '()Lcom/jme3/math/Vector3f;' in 'com/jme3/bullet/objects/PhysicsCharacter')}
  0x0000022e17b793ac: 0001 48be | 5056 e181 | 2e02 0000 | 8bbe cc00 | 0000 83c7 | 0289 becc | 0000 0081 | e7fe ff1f 
  0x0000022e17b793cc: 0085 ff0f | 84fe 3400 | 0049 8bf0 

  0x0000022e17b793d8: ;   {metadata(method data for {method} {0x0000022e81c90548} 'getPhysicsLocation' '()Lcom/jme3/math/Vector3f;' in 'com/jme3/bullet/objects/PhysicsCharacter')}
  0x0000022e17b793d8: 48bf 5056 | e181 2e02 | 0000 8b76 | 0849 ba00 | 0000 3f2e | 0200 0049 | 03f2 483b | b720 0100 
  0x0000022e17b793f8: 0075 0d48 | 8387 2801 | 0000 01e9 | 6000 0000 | 483b b730 | 0100 0075 | 0d48 8387 | 3801 0000 
  0x0000022e17b79418: 01e9 4a00 | 0000 4883 | bf20 0100 | 0000 7517 | 4889 b720 | 0100 0048 | c787 2801 | 0000 0100 
  0x0000022e17b79438: 0000 e929 | 0000 0048 | 83bf 3001 | 0000 0075 | 1748 89b7 | 3001 0000 | 48c7 8738 | 0100 0001 
  0x0000022e17b79458: 0000 00e9 | 0800 0000 | 4883 8718 | 0100 0001 

  0x0000022e17b79468: ;   {metadata(method data for {method} {0x0000022e81c903e8} 'getPhysicsLocation' '(Lcom/jme3/math/Vector3f;)Lcom/jme3/math/Vector3f;' in 'com/jme3/bullet/objects/PhysicsCharacter')}
  0x0000022e17b79468: 48be e842 | e181 2e02 | 0000 8bbe | cc00 0000 | 83c7 0289 | becc 0000 | 0081 e7fe | ff1f 0085 
  0x0000022e17b79488: ff0f 8465 

  0x0000022e17b7948c: ;   {metadata(method data for {method} {0x0000022e81c903e8} 'getPhysicsLocation' '(Lcom/jme3/math/Vector3f;)Lcom/jme3/math/Vector3f;' in 'com/jme3/bullet/objects/PhysicsCharacter')}
  0x0000022e17b7948c: 3400 0048 | bee8 42e1 | 812e 0200 | 00ff 8628 

  0x0000022e17b7949c: ;   {metadata('com/jme3/math/Vector3f')}
  0x0000022e17b7949c: 0100 0048 | bad0 dd00 | 402e 0200 | 0049 8b87 | b801 0000 | 488d 7818 | 493b bfc8 | 0100 000f 
  0x0000022e17b794bc: 8754 3400 | 0049 89bf | b801 0000 | 48c7 0001 | 0000 0048 | 8bca 49ba | 0000 003f | 2e02 0000 
  0x0000022e17b794dc: 492b ca89 | 4808 4833 | c989 480c | 4833 c948 | 8948 1048 

  0x0000022e17b794f0: ;   {metadata(method data for {method} {0x0000022e81c903e8} 'getPhysicsLocation' '(Lcom/jme3/math/Vector3f;)Lcom/jme3/math/Vector3f;' in 'com/jme3/bullet/objects/PhysicsCharacter')}
  0x0000022e17b794f0: 8bd0 48be | e842 e181 | 2e02 0000 | 4883 8638 | 0100 0001 | 488b d048 | 8984 24c8 

  0x0000022e17b7950c: ;   {optimized virtual_call}
  0x0000022e17b7950c: 0000 00e8 

  0x0000022e17b79510: ; ImmutableOopMap {[176]=Oop [192]=Oop [200]=Oop [208]=Oop }
                      ;*invokespecial <init> {reexecute=0 rethrow=0 return_oop=0}
                      ; - com.jme3.bullet.objects.PhysicsCharacter::getPhysicsLocation@8 (line 557)
                      ; - com.jme3.bullet.objects.PhysicsCharacter::getPhysicsLocation@2 (line 571)
                      ; - com.csproject.jMEMain::simpleUpdate@52 (line 64)
  0x0000022e17b79510: 7c40 8a07 

  0x0000022e17b79514: ;   {other}
  0x0000022e17b79514: 0f1f 8400 | 8c0e 0004 | 4c8b 8424 | c000 0000 | 4d8b 4810 

  0x0000022e17b79528: ;   {metadata(method data for {method} {0x0000022e81c903e8} 'getPhysicsLocation' '(Lcom/jme3/math/Vector3f;)Lcom/jme3/math/Vector3f;' in 'com/jme3/bullet/objects/PhysicsCharacter')}
  0x0000022e17b79528: 498b d048 | bee8 42e1 | 812e 0200 | 0048 8386 | 4801 0000 | 0149 8bf0 | 4d8b c14c | 8b8c 24c8 
  0x0000022e17b79548: 0000 0048 

  0x0000022e17b7954c: ;   {optimized virtual_call}
  0x0000022e17b7954c: 8bd6 90e8 

  0x0000022e17b79550: ; ImmutableOopMap {[176]=Oop [192]=Oop [200]=Oop [208]=Oop }
                      ;*invokespecial getPhysicsLocation {reexecute=0 rethrow=0 return_oop=0}
                      ; - com.jme3.bullet.objects.PhysicsCharacter::getPhysicsLocation@18 (line 559)
                      ; - com.jme3.bullet.objects.PhysicsCharacter::getPhysicsLocation@2 (line 571)
                      ; - com.csproject.jMEMain::simpleUpdate@52 (line 64)
  0x0000022e17b79550: dccb 8007 

  0x0000022e17b79554: ;   {other}
  0x0000022e17b79554: 0f1f 8400 | cc0e 0005 | 488b 9c24 | c800 0000 

  0x0000022e17b79564: ;   {metadata('com/jme3/math/Vector3f')}
  0x0000022e17b79564: 48ba d0dd | 0040 2e02 | 0000 498b | 87b8 0100 | 0048 8d78 | 1849 3bbf | c801 0000 | 0f87 9c33 
  0x0000022e17b79584: 0000 4989 | bfb8 0100 | 0048 c700 | 0100 0000 | 488b ca49 | ba00 0000 | 3f2e 0200 | 0049 2bca 
  0x0000022e17b795a4: 8948 0848 | 33c9 8948 | 0c48 33c9 | 4889 4810 

  0x0000022e17b795b4: ;   {metadata(method data for {method} {0x0000022e81401280} 'simpleUpdate' '(F)V' in 'com/csproject/jMEMain')}
  0x0000022e17b795b4: 4c8b c048 | baa8 8fe3 | 812e 0200 | 0048 8382 | a802 0000 

  0x0000022e17b795c8: ;   {metadata(method data for {method} {0x0000022e8144c930} '<init>' '(FFF)V' in 'com/jme3/math/Vector3f')}
  0x0000022e17b795c8: 0149 b870 | 55c3 812e | 0200 0041 | 8b90 cc00 | 0000 83c2 | 0241 8990 | cc00 0000 | 81e2 feff 
  0x0000022e17b795e8: 1f00 85d2 | 0f84 3d33 | 0000 4c8b 

  0x0000022e17b795f4: ;   {metadata(method data for {method} {0x0000022e8144c930} '<init>' '(FFF)V' in 'com/jme3/math/Vector3f')}
  0x0000022e17b795f4: c048 ba70 | 55c3 812e | 0200 0048 | 8382 1801 

  0x0000022e17b79604: ;   {metadata(method data for {method} {0x0000022e3f49d700} '<init>' '()V' in 'java/lang/Object')}
  0x0000022e17b79604: 0000 0149 | b868 1001 | 812e 0200 | 0041 8b90 | cc00 0000 | 83c2 0241 | 8990 cc00 | 0000 81e2 
  0x0000022e17b79624: feff 1f00 | 85d2 0f84 | 2033 0000 | c740 0c9a | 9919 bf4c 

  0x0000022e17b79638: ;   {metadata(method data for {method} {0x0000022e81401280} 'simpleUpdate' '(F)V' in 'com/csproject/jMEMain')}
  0x0000022e17b79638: 8bc3 48ba | a88f e381 | 2e02 0000 | 4883 82b8 | 0200 0001 | 4c8b c048 | 8bd3 0f1f 

  0x0000022e17b79654: ;   {optimized virtual_call}
  0x0000022e17b79654: 4400 00e8 

  0x0000022e17b79658: ; ImmutableOopMap {[176]=Oop [208]=Oop }
                      ;*invokevirtual add {reexecute=0 rethrow=0 return_oop=0}
                      ; - com.csproject.jMEMain::simpleUpdate@66 (line 64)
  0x0000022e17b79658: 5472 8b07 

  0x0000022e17b7965c: ;   {other}
  0x0000022e17b7965c: 0f1f 8400 | d40f 0006 | 488b 9c24 | d000 0000 

  0x0000022e17b7966c: ; implicit exception: dispatches to 0x0000022e17b7c971
  0x0000022e17b7966c: 483b 034c 

  0x0000022e17b79670: ;   {metadata(method data for {method} {0x0000022e81401280} 'simpleUpdate' '(F)V' in 'com/csproject/jMEMain')}
  0x0000022e17b79670: 8bc3 49b9 | a88f e381 | 2e02 0000 | 458b 4008 | 49ba 0000 | 003f 2e02 | 0000 4d03 | c24d 3b81 
  0x0000022e17b79690: f002 0000 | 750d 4983 | 81f8 0200 | 0001 e960 | 0000 004d | 3b81 0003 | 0000 750d | 4983 8108 
  0x0000022e17b796b0: 0300 0001 | e94a 0000 | 0049 83b9 | f002 0000 | 0075 174d | 8981 f002 | 0000 49c7 | 81f8 0200 
  0x0000022e17b796d0: 0001 0000 | 00e9 2900 | 0000 4983 | b900 0300 | 0000 7517 | 4d89 8100 | 0300 0049 | c781 0803 
  0x0000022e17b796f0: 0000 0100 | 0000 e908 | 0000 0049 | 8381 e802 

  0x0000022e17b79700: ;   {metadata(method data for {method} {0x0000022e81ac1ae8} 'setPhysicsLocation' '(Lcom/jme3/math/Vector3f;)V' in 'com/jme3/bullet/objects/PhysicsRigidBody')}
  0x0000022e17b79700: 0000 0149 | b8f8 cde0 | 812e 0200 | 0045 8b88 | cc00 0000 | 4183 c102 | 4589 88cc | 0000 0041 
  0x0000022e17b79720: 81e1 feff | 1f00 4585 | c90f 8447 | 3200 004c | 8b43 104c 

  0x0000022e17b79734: ;   {metadata(method data for {method} {0x0000022e81ac1ae8} 'setPhysicsLocation' '(Lcom/jme3/math/Vector3f;)V' in 'com/jme3/bullet/objects/PhysicsRigidBody')}
  0x0000022e17b79734: 8bcb 48ba | f8cd e081 | 2e02 0000 | 4883 8218 | 0100 0001 | 4c8b c848 | 8bd3 4889 | 8424 d800 
  0x0000022e17b79754: ;   {optimized virtual_call}
  0x0000022e17b79754: 0000 90e8 

  0x0000022e17b79758: ; ImmutableOopMap {[176]=Oop [208]=Oop [216]=Oop }
                      ;*invokespecial setPhysicsLocation {reexecute=0 rethrow=0 return_oop=0}
                      ; - com.jme3.bullet.objects.PhysicsRigidBody::setPhysicsLocation@6 (line 181)
                      ; - com.csproject.jMEMain::simpleUpdate@69 (line 63)
  0x0000022e17b79758: 5450 8007 

  0x0000022e17b7975c: ;   {other}
  0x0000022e17b7975c: 0f1f 8400 | d410 0007 | 488b 9424 | b000 0000 | 8b72 7c48 | c1e6 0348 | 3b06 488b 

  0x0000022e17b79778: ;   {metadata(method data for {method} {0x0000022e81401280} 'simpleUpdate' '(F)V' in 'com/csproject/jMEMain')}
  0x0000022e17b79778: fe48 b8a8 | 8fe3 812e | 0200 0048 | 8380 2803 | 0000 018b | 7e54 48c1 | e703 837f | 0c03 0f86 
  0x0000022e17b79798: 0a32 0000 | 8b5f 1c48 | c1e3 0348 | 899c 24f0 | 0000 0048 

  0x0000022e17b797ac: ;   {metadata(method data for {method} {0x0000022e81401280} 'simpleUpdate' '(F)V' in 'com/csproject/jMEMain')}
  0x0000022e17b797ac: 8bfe 48b8 | a88f e381 | 2e02 0000 | 4883 8058 | 0300 0001 | 448b 462c | 49c1 e003 | 4c89 8424 
  0x0000022e17b797cc: e000 0000 

  0x0000022e17b797d0: ; implicit exception: dispatches to 0x0000022e17b7c9b8
  0x0000022e17b797d0: 493b 0049 

  0x0000022e17b797d4: ;   {metadata(method data for {method} {0x0000022e81401280} 'simpleUpdate' '(F)V' in 'com/csproject/jMEMain')}
  0x0000022e17b797d4: 8bf0 48bf | a88f e381 | 2e02 0000 | 8b76 0849 | ba00 0000 | 3f2e 0200 | 0049 03f2 | 483b b780 
  0x0000022e17b797f4: 0300 0075 | 0d48 8387 | 8803 0000 | 01e9 6000 | 0000 483b | b790 0300 | 0075 0d48 | 8387 9803 
  0x0000022e17b79814: 0000 01e9 | 4a00 0000 | 4883 bf80 | 0300 0000 | 7517 4889 | b780 0300 | 0048 c787 | 8803 0000 
  0x0000022e17b79834: 0100 0000 | e929 0000 | 0048 83bf | 9003 0000 | 0075 1748 | 89b7 9003 | 0000 48c7 | 8798 0300 
  0x0000022e17b79854: 0001 0000 | 00e9 0800 | 0000 4883 | 8778 0300 

  0x0000022e17b79864: ;   {metadata(method data for {method} {0x0000022e81c90548} 'getPhysicsLocation' '()Lcom/jme3/math/Vector3f;' in 'com/jme3/bullet/objects/PhysicsCharacter')}
  0x0000022e17b79864: 0001 48be | 5056 e181 | 2e02 0000 | 8bbe cc00 | 0000 83c7 | 0289 becc | 0000 0081 | e7fe ff1f 
  0x0000022e17b79884: 0085 ff0f | 8430 3100 | 0049 8bf0 

  0x0000022e17b79890: ;   {metadata(method data for {method} {0x0000022e81c90548} 'getPhysicsLocation' '()Lcom/jme3/math/Vector3f;' in 'com/jme3/bullet/objects/PhysicsCharacter')}
  0x0000022e17b79890: 48bf 5056 | e181 2e02 | 0000 8b76 | 0849 ba00 | 0000 3f2e | 0200 0049 | 03f2 483b | b720 0100 
  0x0000022e17b798b0: 0075 0d48 | 8387 2801 | 0000 01e9 | 6000 0000 | 483b b730 | 0100 0075 | 0d48 8387 | 3801 0000 
  0x0000022e17b798d0: 01e9 4a00 | 0000 4883 | bf20 0100 | 0000 7517 | 4889 b720 | 0100 0048 | c787 2801 | 0000 0100 
  0x0000022e17b798f0: 0000 e929 | 0000 0048 | 83bf 3001 | 0000 0075 | 1748 89b7 | 3001 0000 | 48c7 8738 | 0100 0001 
  0x0000022e17b79910: 0000 00e9 | 0800 0000 | 4883 8718 | 0100 0001 

  0x0000022e17b79920: ;   {metadata(method data for {method} {0x0000022e81c903e8} 'getPhysicsLocation' '(Lcom/jme3/math/Vector3f;)Lcom/jme3/math/Vector3f;' in 'com/jme3/bullet/objects/PhysicsCharacter')}
  0x0000022e17b79920: 48be e842 | e181 2e02 | 0000 8bbe | cc00 0000 | 83c7 0289 | becc 0000 | 0081 e7fe | ff1f 0085 
  0x0000022e17b79940: ff0f 8497 

  0x0000022e17b79944: ;   {metadata(method data for {method} {0x0000022e81c903e8} 'getPhysicsLocation' '(Lcom/jme3/math/Vector3f;)Lcom/jme3/math/Vector3f;' in 'com/jme3/bullet/objects/PhysicsCharacter')}
  0x0000022e17b79944: 3000 0048 | bee8 42e1 | 812e 0200 | 00ff 8628 

  0x0000022e17b79954: ;   {metadata('com/jme3/math/Vector3f')}
  0x0000022e17b79954: 0100 0048 | bad0 dd00 | 402e 0200 | 0049 8b87 | b801 0000 | 488d 7818 | 493b bfc8 | 0100 000f 
  0x0000022e17b79974: 8786 3000 | 0049 89bf | b801 0000 | 48c7 0001 | 0000 0048 | 8bca 49ba | 0000 003f | 2e02 0000 
  0x0000022e17b79994: 492b ca89 | 4808 4833 | c989 480c | 4833 c948 | 8948 1048 

  0x0000022e17b799a8: ;   {metadata(method data for {method} {0x0000022e81c903e8} 'getPhysicsLocation' '(Lcom/jme3/math/Vector3f;)Lcom/jme3/math/Vector3f;' in 'com/jme3/bullet/objects/PhysicsCharacter')}
  0x0000022e17b799a8: 8bd0 48be | e842 e181 | 2e02 0000 | 4883 8638 | 0100 0001 | 488b d048 | 8984 24e8 

  0x0000022e17b799c4: ;   {optimized virtual_call}
  0x0000022e17b799c4: 0000 00e8 

  0x0000022e17b799c8: ; ImmutableOopMap {[176]=Oop [224]=Oop [232]=Oop [240]=Oop }
                      ;*invokespecial <init> {reexecute=0 rethrow=0 return_oop=0}
                      ; - com.jme3.bullet.objects.PhysicsCharacter::getPhysicsLocation@8 (line 557)
                      ; - com.jme3.bullet.objects.PhysicsCharacter::getPhysicsLocation@2 (line 571)
                      ; - com.csproject.jMEMain::simpleUpdate@88 (line 67)
  0x0000022e17b799c8: c43b 8a07 

  0x0000022e17b799cc: ;   {other}
  0x0000022e17b799cc: 0f1f 8400 | 4413 0008 | 4c8b 8424 | e000 0000 | 4d8b 4810 

  0x0000022e17b799e0: ;   {metadata(method data for {method} {0x0000022e81c903e8} 'getPhysicsLocation' '(Lcom/jme3/math/Vector3f;)Lcom/jme3/math/Vector3f;' in 'com/jme3/bullet/objects/PhysicsCharacter')}
  0x0000022e17b799e0: 498b d048 | bee8 42e1 | 812e 0200 | 0048 8386 | 4801 0000 | 0149 8bf0 | 4d8b c14c | 8b8c 24e8 
  0x0000022e17b79a00: 0000 0048 

  0x0000022e17b79a04: ;   {optimized virtual_call}
  0x0000022e17b79a04: 8bd6 90e8 

  0x0000022e17b79a08: ; ImmutableOopMap {[176]=Oop [224]=Oop [232]=Oop [240]=Oop }
                      ;*invokespecial getPhysicsLocation {reexecute=0 rethrow=0 return_oop=0}
                      ; - com.jme3.bullet.objects.PhysicsCharacter::getPhysicsLocation@18 (line 559)
                      ; - com.jme3.bullet.objects.PhysicsCharacter::getPhysicsLocation@2 (line 571)
                      ; - com.csproject.jMEMain::simpleUpdate@88 (line 67)
  0x0000022e17b79a08: 24c7 8007 

  0x0000022e17b79a0c: ;   {other}
  0x0000022e17b79a0c: 0f1f 8400 | 8413 0009 | 488b 9c24 | e800 0000 

  0x0000022e17b79a1c: ;   {metadata('com/jme3/math/Vector3f')}
  0x0000022e17b79a1c: 48ba d0dd | 0040 2e02 | 0000 498b | 87b8 0100 | 0048 8d78 | 1849 3bbf | c801 0000 | 0f87 ce2f 
  0x0000022e17b79a3c: 0000 4989 | bfb8 0100 | 0048 c700 | 0100 0000 | 488b ca49 | ba00 0000 | 3f2e 0200 | 0049 2bca 
  0x0000022e17b79a5c: 8948 0848 | 33c9 8948 | 0c48 33c9 | 4889 4810 

  0x0000022e17b79a6c: ;   {metadata(method data for {method} {0x0000022e81401280} 'simpleUpdate' '(F)V' in 'com/csproject/jMEMain')}
  0x0000022e17b79a6c: 4c8b c048 | baa8 8fe3 | 812e 0200 | 0048 8382 | a803 0000 

  0x0000022e17b79a80: ;   {metadata(method data for {method} {0x0000022e8144c930} '<init>' '(FFF)V' in 'com/jme3/math/Vector3f')}
  0x0000022e17b79a80: 0149 b870 | 55c3 812e | 0200 0041 | 8b90 cc00 | 0000 83c2 | 0241 8990 | cc00 0000 | 81e2 feff 
  0x0000022e17b79aa0: 1f00 85d2 | 0f84 6f2f | 0000 4c8b 

  0x0000022e17b79aac: ;   {metadata(method data for {method} {0x0000022e8144c930} '<init>' '(FFF)V' in 'com/jme3/math/Vector3f')}
  0x0000022e17b79aac: c048 ba70 | 55c3 812e | 0200 0048 | 8382 1801 

  0x0000022e17b79abc: ;   {metadata(method data for {method} {0x0000022e3f49d700} '<init>' '()V' in 'java/lang/Object')}
  0x0000022e17b79abc: 0000 0149 | b868 1001 | 812e 0200 | 0041 8b90 | cc00 0000 | 83c2 0241 | 8990 cc00 | 0000 81e2 
  0x0000022e17b79adc: feff 1f00 | 85d2 0f84 | 522f 0000 | c740 149a | 9919 3f4c 

  0x0000022e17b79af0: ;   {metadata(method data for {method} {0x0000022e81401280} 'simpleUpdate' '(F)V' in 'com/csproject/jMEMain')}
  0x0000022e17b79af0: 8bc3 48ba | a88f e381 | 2e02 0000 | 4883 82b8 | 0300 0001 | 4c8b c048 | 8bd3 0f1f 

  0x0000022e17b79b0c: ;   {optimized virtual_call}
  0x0000022e17b79b0c: 4400 00e8 

  0x0000022e17b79b10: ; ImmutableOopMap {[176]=Oop [240]=Oop }
                      ;*invokevirtual add {reexecute=0 rethrow=0 return_oop=0}
                      ; - com.csproject.jMEMain::simpleUpdate@102 (line 67)
  0x0000022e17b79b10: 9c6d 8b07 

  0x0000022e17b79b14: ;   {other}
  0x0000022e17b79b14: 0f1f 8400 | 8c14 000a | 488b 9c24 | f000 0000 

  0x0000022e17b79b24: ; implicit exception: dispatches to 0x0000022e17b7ca5b
  0x0000022e17b79b24: 483b 034c 

  0x0000022e17b79b28: ;   {metadata(method data for {method} {0x0000022e81401280} 'simpleUpdate' '(F)V' in 'com/csproject/jMEMain')}
  0x0000022e17b79b28: 8bc3 49b9 | a88f e381 | 2e02 0000 | 458b 4008 | 49ba 0000 | 003f 2e02 | 0000 4d03 | c24d 3b81 
  0x0000022e17b79b48: f003 0000 | 750d 4983 | 81f8 0300 | 0001 e960 | 0000 004d | 3b81 0004 | 0000 750d | 4983 8108 
  0x0000022e17b79b68: 0400 0001 | e94a 0000 | 0049 83b9 | f003 0000 | 0075 174d | 8981 f003 | 0000 49c7 | 81f8 0300 
  0x0000022e17b79b88: 0001 0000 | 00e9 2900 | 0000 4983 | b900 0400 | 0000 7517 | 4d89 8100 | 0400 0049 | c781 0804 
  0x0000022e17b79ba8: 0000 0100 | 0000 e908 | 0000 0049 | 8381 e803 

  0x0000022e17b79bb8: ;   {metadata(method data for {method} {0x0000022e81ac1ae8} 'setPhysicsLocation' '(Lcom/jme3/math/Vector3f;)V' in 'com/jme3/bullet/objects/PhysicsRigidBody')}
  0x0000022e17b79bb8: 0000 0149 | b8f8 cde0 | 812e 0200 | 0045 8b88 | cc00 0000 | 4183 c102 | 4589 88cc | 0000 0041 
  0x0000022e17b79bd8: 81e1 feff | 1f00 4585 | c90f 8479 | 2e00 004c | 8b43 104c 

  0x0000022e17b79bec: ;   {metadata(method data for {method} {0x0000022e81ac1ae8} 'setPhysicsLocation' '(Lcom/jme3/math/Vector3f;)V' in 'com/jme3/bullet/objects/PhysicsRigidBody')}
  0x0000022e17b79bec: 8bcb 48ba | f8cd e081 | 2e02 0000 | 4883 8218 | 0100 0001 | 4c8b c848 | 8bd3 4889 | 8424 f800 
  0x0000022e17b79c0c: ;   {optimized virtual_call}
  0x0000022e17b79c0c: 0000 90e8 

  0x0000022e17b79c10: ; ImmutableOopMap {[176]=Oop [240]=Oop [248]=Oop }
                      ;*invokespecial setPhysicsLocation {reexecute=0 rethrow=0 return_oop=0}
                      ; - com.jme3.bullet.objects.PhysicsRigidBody::setPhysicsLocation@6 (line 181)
                      ; - com.csproject.jMEMain::simpleUpdate@105 (line 66)
  0x0000022e17b79c10: 9c4b 8007 

  0x0000022e17b79c14: ;   {other}
  0x0000022e17b79c14: 0f1f 8400 | 8c15 000b | 488b 9424 | b000 0000 | 8b72 7c48 | c1e6 0348 | 3b06 488b 

  0x0000022e17b79c30: ;   {metadata(method data for {method} {0x0000022e81401280} 'simpleUpdate' '(F)V' in 'com/csproject/jMEMain')}
  0x0000022e17b79c30: fe48 b8a8 | 8fe3 812e | 0200 0048 | 8380 2804 | 0000 018b | 7e54 48c1 | e703 837f | 0c04 0f86 
  0x0000022e17b79c50: 3c2e 0000 | 8b5f 2048 | c1e3 0348 | 899c 2410 | 0100 0048 

  0x0000022e17b79c64: ;   {metadata(method data for {method} {0x0000022e81401280} 'simpleUpdate' '(F)V' in 'com/csproject/jMEMain')}
  0x0000022e17b79c64: 8bfe 48b8 | a88f e381 | 2e02 0000 | 4883 8058 | 0400 0001 | 448b 462c | 49c1 e003 | 4c89 8424 
  0x0000022e17b79c84: 0001 0000 

  0x0000022e17b79c88: ; implicit exception: dispatches to 0x0000022e17b7caa2
  0x0000022e17b79c88: 493b 0049 

  0x0000022e17b79c8c: ;   {metadata(method data for {method} {0x0000022e81401280} 'simpleUpdate' '(F)V' in 'com/csproject/jMEMain')}
  0x0000022e17b79c8c: 8bf0 48bf | a88f e381 | 2e02 0000 | 8b76 0849 | ba00 0000 | 3f2e 0200 | 0049 03f2 | 483b b780 
  0x0000022e17b79cac: 0400 0075 | 0d48 8387 | 8804 0000 | 01e9 6000 | 0000 483b | b790 0400 | 0075 0d48 | 8387 9804 
  0x0000022e17b79ccc: 0000 01e9 | 4a00 0000 | 4883 bf80 | 0400 0000 | 7517 4889 | b780 0400 | 0048 c787 | 8804 0000 
  0x0000022e17b79cec: 0100 0000 | e929 0000 | 0048 83bf | 9004 0000 | 0075 1748 | 89b7 9004 | 0000 48c7 | 8798 0400 
  0x0000022e17b79d0c: 0001 0000 | 00e9 0800 | 0000 4883 | 8778 0400 

  0x0000022e17b79d1c: ;   {metadata(method data for {method} {0x0000022e81c90548} 'getPhysicsLocation' '()Lcom/jme3/math/Vector3f;' in 'com/jme3/bullet/objects/PhysicsCharacter')}
  0x0000022e17b79d1c: 0001 48be | 5056 e181 | 2e02 0000 | 8bbe cc00 | 0000 83c7 | 0289 becc | 0000 0081 | e7fe ff1f 
  0x0000022e17b79d3c: 0085 ff0f | 8462 2d00 | 0049 8bf0 

  0x0000022e17b79d48: ;   {metadata(method data for {method} {0x0000022e81c90548} 'getPhysicsLocation' '()Lcom/jme3/math/Vector3f;' in 'com/jme3/bullet/objects/PhysicsCharacter')}
  0x0000022e17b79d48: 48bf 5056 | e181 2e02 | 0000 8b76 | 0849 ba00 | 0000 3f2e | 0200 0049 | 03f2 483b | b720 0100 
  0x0000022e17b79d68: 0075 0d48 | 8387 2801 | 0000 01e9 | 6000 0000 | 483b b730 | 0100 0075 | 0d48 8387 | 3801 0000 
  0x0000022e17b79d88: 01e9 4a00 | 0000 4883 | bf20 0100 | 0000 7517 | 4889 b720 | 0100 0048 | c787 2801 | 0000 0100 
  0x0000022e17b79da8: 0000 e929 | 0000 0048 | 83bf 3001 | 0000 0075 | 1748 89b7 | 3001 0000 | 48c7 8738 | 0100 0001 
  0x0000022e17b79dc8: 0000 00e9 | 0800 0000 | 4883 8718 | 0100 0001 

  0x0000022e17b79dd8: ;   {metadata(method data for {method} {0x0000022e81c903e8} 'getPhysicsLocation' '(Lcom/jme3/math/Vector3f;)Lcom/jme3/math/Vector3f;' in 'com/jme3/bullet/objects/PhysicsCharacter')}
  0x0000022e17b79dd8: 48be e842 | e181 2e02 | 0000 8bbe | cc00 0000 | 83c7 0289 | becc 0000 | 0081 e7fe | ff1f 0085 
  0x0000022e17b79df8: ff0f 84c9 

  0x0000022e17b79dfc: ;   {metadata(method data for {method} {0x0000022e81c903e8} 'getPhysicsLocation' '(Lcom/jme3/math/Vector3f;)Lcom/jme3/math/Vector3f;' in 'com/jme3/bullet/objects/PhysicsCharacter')}
  0x0000022e17b79dfc: 2c00 0048 | bee8 42e1 | 812e 0200 | 00ff 8628 

  0x0000022e17b79e0c: ;   {metadata('com/jme3/math/Vector3f')}
  0x0000022e17b79e0c: 0100 0048 | bad0 dd00 | 402e 0200 | 0049 8b87 | b801 0000 | 488d 7818 | 493b bfc8 | 0100 000f 
  0x0000022e17b79e2c: 87b8 2c00 | 0049 89bf | b801 0000 | 48c7 0001 | 0000 0048 | 8bca 49ba | 0000 003f | 2e02 0000 
  0x0000022e17b79e4c: 492b ca89 | 4808 4833 | c989 480c | 4833 c948 | 8948 1048 

  0x0000022e17b79e60: ;   {metadata(method data for {method} {0x0000022e81c903e8} 'getPhysicsLocation' '(Lcom/jme3/math/Vector3f;)Lcom/jme3/math/Vector3f;' in 'com/jme3/bullet/objects/PhysicsCharacter')}
  0x0000022e17b79e60: 8bd0 48be | e842 e181 | 2e02 0000 | 4883 8638 | 0100 0001 | 488b d048 | 8984 2408 

  0x0000022e17b79e7c: ;   {optimized virtual_call}
  0x0000022e17b79e7c: 0100 00e8 

  0x0000022e17b79e80: ; ImmutableOopMap {[176]=Oop [256]=Oop [264]=Oop [272]=Oop }
                      ;*invokespecial <init> {reexecute=0 rethrow=0 return_oop=0}
                      ; - com.jme3.bullet.objects.PhysicsCharacter::getPhysicsLocation@8 (line 557)
                      ; - com.jme3.bullet.objects.PhysicsCharacter::getPhysicsLocation@2 (line 571)
                      ; - com.csproject.jMEMain::simpleUpdate@124 (line 70)
  0x0000022e17b79e80: 0c37 8a07 

  0x0000022e17b79e84: ;   {other}
  0x0000022e17b79e84: 0f1f 8400 | fc17 000c | 4c8b 8424 | 0001 0000 | 4d8b 4810 

  0x0000022e17b79e98: ;   {metadata(method data for {method} {0x0000022e81c903e8} 'getPhysicsLocation' '(Lcom/jme3/math/Vector3f;)Lcom/jme3/math/Vector3f;' in 'com/jme3/bullet/objects/PhysicsCharacter')}
  0x0000022e17b79e98: 498b d048 | bee8 42e1 | 812e 0200 | 0048 8386 | 4801 0000 | 0149 8bf0 | 4d8b c14c | 8b8c 2408 
  0x0000022e17b79eb8: 0100 0048 

  0x0000022e17b79ebc: ;   {optimized virtual_call}
  0x0000022e17b79ebc: 8bd6 90e8 

  0x0000022e17b79ec0: ; ImmutableOopMap {[176]=Oop [256]=Oop [264]=Oop [272]=Oop }
                      ;*invokespecial getPhysicsLocation {reexecute=0 rethrow=0 return_oop=0}
                      ; - com.jme3.bullet.objects.PhysicsCharacter::getPhysicsLocation@18 (line 559)
                      ; - com.jme3.bullet.objects.PhysicsCharacter::getPhysicsLocation@2 (line 571)
                      ; - com.csproject.jMEMain::simpleUpdate@124 (line 70)
  0x0000022e17b79ec0: 6cc2 8007 

  0x0000022e17b79ec4: ;   {other}
  0x0000022e17b79ec4: 0f1f 8400 | 3c18 000d | 488b 9c24 | 0801 0000 

  0x0000022e17b79ed4: ;   {metadata('com/jme3/math/Vector3f')}
  0x0000022e17b79ed4: 48ba d0dd | 0040 2e02 | 0000 498b | 87b8 0100 | 0048 8d78 | 1849 3bbf | c801 0000 | 0f87 002c 
  0x0000022e17b79ef4: 0000 4989 | bfb8 0100 | 0048 c700 | 0100 0000 | 488b ca49 | ba00 0000 | 3f2e 0200 | 0049 2bca 
  0x0000022e17b79f14: 8948 0848 | 33c9 8948 | 0c48 33c9 | 4889 4810 

  0x0000022e17b79f24: ;   {metadata(method data for {method} {0x0000022e81401280} 'simpleUpdate' '(F)V' in 'com/csproject/jMEMain')}
  0x0000022e17b79f24: 4c8b c048 | baa8 8fe3 | 812e 0200 | 0048 8382 | a804 0000 

  0x0000022e17b79f38: ;   {metadata(method data for {method} {0x0000022e8144c930} '<init>' '(FFF)V' in 'com/jme3/math/Vector3f')}
  0x0000022e17b79f38: 0149 b870 | 55c3 812e | 0200 0041 | 8b90 cc00 | 0000 83c2 | 0241 8990 | cc00 0000 | 81e2 feff 
  0x0000022e17b79f58: 1f00 85d2 | 0f84 a12b | 0000 4c8b 

  0x0000022e17b79f64: ;   {metadata(method data for {method} {0x0000022e8144c930} '<init>' '(FFF)V' in 'com/jme3/math/Vector3f')}
  0x0000022e17b79f64: c048 ba70 | 55c3 812e | 0200 0048 | 8382 1801 

  0x0000022e17b79f74: ;   {metadata(method data for {method} {0x0000022e3f49d700} '<init>' '()V' in 'java/lang/Object')}
  0x0000022e17b79f74: 0000 0149 | b868 1001 | 812e 0200 | 0041 8b90 | cc00 0000 | 83c2 0241 | 8990 cc00 | 0000 81e2 
  0x0000022e17b79f94: feff 1f00 | 85d2 0f84 | 842b 0000 | c740 149a | 9919 bf4c 

  0x0000022e17b79fa8: ;   {metadata(method data for {method} {0x0000022e81401280} 'simpleUpdate' '(F)V' in 'com/csproject/jMEMain')}
  0x0000022e17b79fa8: 8bc3 48ba | a88f e381 | 2e02 0000 | 4883 82b8 | 0400 0001 | 4c8b c048 | 8bd3 0f1f 

  0x0000022e17b79fc4: ;   {optimized virtual_call}
  0x0000022e17b79fc4: 4400 00e8 

  0x0000022e17b79fc8: ; ImmutableOopMap {[176]=Oop [272]=Oop }
                      ;*invokevirtual add {reexecute=0 rethrow=0 return_oop=0}
                      ; - com.csproject.jMEMain::simpleUpdate@138 (line 70)
  0x0000022e17b79fc8: e468 8b07 

  0x0000022e17b79fcc: ;   {other}
  0x0000022e17b79fcc: 0f1f 8400 | 4419 000e | 488b 9c24 | 1001 0000 

  0x0000022e17b79fdc: ; implicit exception: dispatches to 0x0000022e17b7cb45
  0x0000022e17b79fdc: 483b 034c 

  0x0000022e17b79fe0: ;   {metadata(method data for {method} {0x0000022e81401280} 'simpleUpdate' '(F)V' in 'com/csproject/jMEMain')}
  0x0000022e17b79fe0: 8bc3 49b9 | a88f e381 | 2e02 0000 | 458b 4008 | 49ba 0000 | 003f 2e02 | 0000 4d03 | c24d 3b81 
  0x0000022e17b7a000: f004 0000 | 750d 4983 | 81f8 0400 | 0001 e960 | 0000 004d | 3b81 0005 | 0000 750d | 4983 8108 
  0x0000022e17b7a020: 0500 0001 | e94a 0000 | 0049 83b9 | f004 0000 | 0075 174d | 8981 f004 | 0000 49c7 | 81f8 0400 
  0x0000022e17b7a040: 0001 0000 | 00e9 2900 | 0000 4983 | b900 0500 | 0000 7517 | 4d89 8100 | 0500 0049 | c781 0805 
  0x0000022e17b7a060: 0000 0100 | 0000 e908 | 0000 0049 | 8381 e804 

  0x0000022e17b7a070: ;   {metadata(method data for {method} {0x0000022e81ac1ae8} 'setPhysicsLocation' '(Lcom/jme3/math/Vector3f;)V' in 'com/jme3/bullet/objects/PhysicsRigidBody')}
  0x0000022e17b7a070: 0000 0149 | b8f8 cde0 | 812e 0200 | 0045 8b88 | cc00 0000 | 4183 c102 | 4589 88cc | 0000 0041 
  0x0000022e17b7a090: 81e1 feff | 1f00 4585 | c90f 84ab | 2a00 004c | 8b43 104c 

  0x0000022e17b7a0a4: ;   {metadata(method data for {method} {0x0000022e81ac1ae8} 'setPhysicsLocation' '(Lcom/jme3/math/Vector3f;)V' in 'com/jme3/bullet/objects/PhysicsRigidBody')}
  0x0000022e17b7a0a4: 8bcb 48ba | f8cd e081 | 2e02 0000 | 4883 8218 | 0100 0001 | 4c8b c848 | 8bd3 4889 | 8424 1801 
  0x0000022e17b7a0c4: ;   {optimized virtual_call}
  0x0000022e17b7a0c4: 0000 90e8 

  0x0000022e17b7a0c8: ; ImmutableOopMap {[176]=Oop [272]=Oop [280]=Oop }
                      ;*invokespecial setPhysicsLocation {reexecute=0 rethrow=0 return_oop=0}
                      ; - com.jme3.bullet.objects.PhysicsRigidBody::setPhysicsLocation@6 (line 181)
                      ; - com.csproject.jMEMain::simpleUpdate@141 (line 69)
  0x0000022e17b7a0c8: e446 8007 

  0x0000022e17b7a0cc: ;   {other}
  0x0000022e17b7a0cc: 0f1f 8400 | 441a 000f | 488b 9424 | b000 0000 | 8b72 7c48 | c1e6 0348 | 3b06 488b 

  0x0000022e17b7a0e8: ;   {metadata(method data for {method} {0x0000022e81401280} 'simpleUpdate' '(F)V' in 'com/csproject/jMEMain')}
  0x0000022e17b7a0e8: fe48 b8a8 | 8fe3 812e | 0200 0048 | 8380 2805 | 0000 018b | 7e54 48c1 | e703 837f | 0c05 0f86 
  0x0000022e17b7a108: 6e2a 0000 | 8b5f 2448 | c1e3 0348 | 899c 2430 | 0100 0048 

  0x0000022e17b7a11c: ;   {metadata(method data for {method} {0x0000022e81401280} 'simpleUpdate' '(F)V' in 'com/csproject/jMEMain')}
  0x0000022e17b7a11c: 8bfe 48b8 | a88f e381 | 2e02 0000 | 4883 8058 | 0500 0001 | 448b 462c | 49c1 e003 | 4c89 8424 
  0x0000022e17b7a13c: 2001 0000 

  0x0000022e17b7a140: ; implicit exception: dispatches to 0x0000022e17b7cb8c
  0x0000022e17b7a140: 493b 0049 

  0x0000022e17b7a144: ;   {metadata(method data for {method} {0x0000022e81401280} 'simpleUpdate' '(F)V' in 'com/csproject/jMEMain')}
  0x0000022e17b7a144: 8bf0 48bf | a88f e381 | 2e02 0000 | 8b76 0849 | ba00 0000 | 3f2e 0200 | 0049 03f2 | 483b b780 
  0x0000022e17b7a164: 0500 0075 | 0d48 8387 | 8805 0000 | 01e9 6000 | 0000 483b | b790 0500 | 0075 0d48 | 8387 9805 
  0x0000022e17b7a184: 0000 01e9 | 4a00 0000 | 4883 bf80 | 0500 0000 | 7517 4889 | b780 0500 | 0048 c787 | 8805 0000 
  0x0000022e17b7a1a4: 0100 0000 | e929 0000 | 0048 83bf | 9005 0000 | 0075 1748 | 89b7 9005 | 0000 48c7 | 8798 0500 
  0x0000022e17b7a1c4: 0001 0000 | 00e9 0800 | 0000 4883 | 8778 0500 

  0x0000022e17b7a1d4: ;   {metadata(method data for {method} {0x0000022e81c90548} 'getPhysicsLocation' '()Lcom/jme3/math/Vector3f;' in 'com/jme3/bullet/objects/PhysicsCharacter')}
  0x0000022e17b7a1d4: 0001 48be | 5056 e181 | 2e02 0000 | 8bbe cc00 | 0000 83c7 | 0289 becc | 0000 0081 | e7fe ff1f 
  0x0000022e17b7a1f4: 0085 ff0f | 8494 2900 | 0049 8bf0 

  0x0000022e17b7a200: ;   {metadata(method data for {method} {0x0000022e81c90548} 'getPhysicsLocation' '()Lcom/jme3/math/Vector3f;' in 'com/jme3/bullet/objects/PhysicsCharacter')}
  0x0000022e17b7a200: 48bf 5056 | e181 2e02 | 0000 8b76 | 0849 ba00 | 0000 3f2e | 0200 0049 | 03f2 483b | b720 0100 
  0x0000022e17b7a220: 0075 0d48 | 8387 2801 | 0000 01e9 | 6000 0000 | 483b b730 | 0100 0075 | 0d48 8387 | 3801 0000 
  0x0000022e17b7a240: 01e9 4a00 | 0000 4883 | bf20 0100 | 0000 7517 | 4889 b720 | 0100 0048 | c787 2801 | 0000 0100 
  0x0000022e17b7a260: 0000 e929 | 0000 0048 | 83bf 3001 | 0000 0075 | 1748 89b7 | 3001 0000 | 48c7 8738 | 0100 0001 
  0x0000022e17b7a280: 0000 00e9 | 0800 0000 | 4883 8718 | 0100 0001 

  0x0000022e17b7a290: ;   {metadata(method data for {method} {0x0000022e81c903e8} 'getPhysicsLocation' '(Lcom/jme3/math/Vector3f;)Lcom/jme3/math/Vector3f;' in 'com/jme3/bullet/objects/PhysicsCharacter')}
  0x0000022e17b7a290: 48be e842 | e181 2e02 | 0000 8bbe | cc00 0000 | 83c7 0289 | becc 0000 | 0081 e7fe | ff1f 0085 
  0x0000022e17b7a2b0: ff0f 84fb 

  0x0000022e17b7a2b4: ;   {metadata(method data for {method} {0x0000022e81c903e8} 'getPhysicsLocation' '(Lcom/jme3/math/Vector3f;)Lcom/jme3/math/Vector3f;' in 'com/jme3/bullet/objects/PhysicsCharacter')}
  0x0000022e17b7a2b4: 2800 0048 | bee8 42e1 | 812e 0200 | 00ff 8628 

  0x0000022e17b7a2c4: ;   {metadata('com/jme3/math/Vector3f')}
  0x0000022e17b7a2c4: 0100 0048 | bad0 dd00 | 402e 0200 | 0049 8b87 | b801 0000 | 488d 7818 | 493b bfc8 | 0100 000f 
  0x0000022e17b7a2e4: 87ea 2800 | 0049 89bf | b801 0000 | 48c7 0001 | 0000 0048 | 8bca 49ba | 0000 003f | 2e02 0000 
  0x0000022e17b7a304: 492b ca89 | 4808 4833 | c989 480c | 4833 c948 | 8948 1048 

  0x0000022e17b7a318: ;   {metadata(method data for {method} {0x0000022e81c903e8} 'getPhysicsLocation' '(Lcom/jme3/math/Vector3f;)Lcom/jme3/math/Vector3f;' in 'com/jme3/bullet/objects/PhysicsCharacter')}
  0x0000022e17b7a318: 8bd0 48be | e842 e181 | 2e02 0000 | 4883 8638 | 0100 0001 | 488b d048 | 8984 2428 

  0x0000022e17b7a334: ;   {optimized virtual_call}
  0x0000022e17b7a334: 0100 00e8 

  0x0000022e17b7a338: ; ImmutableOopMap {[176]=Oop [288]=Oop [296]=Oop [304]=Oop }
                      ;*invokespecial <init> {reexecute=0 rethrow=0 return_oop=0}
                      ; - com.jme3.bullet.objects.PhysicsCharacter::getPhysicsLocation@8 (line 557)
                      ; - com.jme3.bullet.objects.PhysicsCharacter::getPhysicsLocation@2 (line 571)
                      ; - com.csproject.jMEMain::simpleUpdate@160 (line 73)
  0x0000022e17b7a338: 5432 8a07 

  0x0000022e17b7a33c: ;   {other}
  0x0000022e17b7a33c: 0f1f 8400 | b41c 0010 | 4c8b 8424 | 2001 0000 | 4d8b 4810 

  0x0000022e17b7a350: ;   {metadata(method data for {method} {0x0000022e81c903e8} 'getPhysicsLocation' '(Lcom/jme3/math/Vector3f;)Lcom/jme3/math/Vector3f;' in 'com/jme3/bullet/objects/PhysicsCharacter')}
  0x0000022e17b7a350: 498b d048 | bee8 42e1 | 812e 0200 | 0048 8386 | 4801 0000 | 0149 8bf0 | 4d8b c14c | 8b8c 2428 
  0x0000022e17b7a370: 0100 0048 

  0x0000022e17b7a374: ;   {optimized virtual_call}
  0x0000022e17b7a374: 8bd6 90e8 

  0x0000022e17b7a378: ; ImmutableOopMap {[176]=Oop [288]=Oop [296]=Oop [304]=Oop }
                      ;*invokespecial getPhysicsLocation {reexecute=0 rethrow=0 return_oop=0}
                      ; - com.jme3.bullet.objects.PhysicsCharacter::getPhysicsLocation@18 (line 559)
                      ; - com.jme3.bullet.objects.PhysicsCharacter::getPhysicsLocation@2 (line 571)
                      ; - com.csproject.jMEMain::simpleUpdate@160 (line 73)
  0x0000022e17b7a378: b4bd 8007 

  0x0000022e17b7a37c: ;   {other}
  0x0000022e17b7a37c: 0f1f 8400 | f41c 0011 | 488b 9c24 | 2801 0000 

  0x0000022e17b7a38c: ;   {metadata('com/jme3/math/Vector3f')}
  0x0000022e17b7a38c: 48ba d0dd | 0040 2e02 | 0000 498b | 87b8 0100 | 0048 8d78 | 1849 3bbf | c801 0000 | 0f87 3228 
  0x0000022e17b7a3ac: 0000 4989 | bfb8 0100 | 0048 c700 | 0100 0000 | 488b ca49 | ba00 0000 | 3f2e 0200 | 0049 2bca 
  0x0000022e17b7a3cc: 8948 0848 | 33c9 8948 | 0c48 33c9 | 4889 4810 

  0x0000022e17b7a3dc: ;   {metadata(method data for {method} {0x0000022e81401280} 'simpleUpdate' '(F)V' in 'com/csproject/jMEMain')}
  0x0000022e17b7a3dc: 4c8b c048 | baa8 8fe3 | 812e 0200 | 0048 8382 | a805 0000 

  0x0000022e17b7a3f0: ;   {metadata(method data for {method} {0x0000022e8144c930} '<init>' '(FFF)V' in 'com/jme3/math/Vector3f')}
  0x0000022e17b7a3f0: 0149 b870 | 55c3 812e | 0200 0041 | 8b90 cc00 | 0000 83c2 | 0241 8990 | cc00 0000 | 81e2 feff 
  0x0000022e17b7a410: 1f00 85d2 | 0f84 d327 | 0000 4c8b 

  0x0000022e17b7a41c: ;   {metadata(method data for {method} {0x0000022e8144c930} '<init>' '(FFF)V' in 'com/jme3/math/Vector3f')}
  0x0000022e17b7a41c: c048 ba70 | 55c3 812e | 0200 0048 | 8382 1801 

  0x0000022e17b7a42c: ;   {metadata(method data for {method} {0x0000022e3f49d700} '<init>' '()V' in 'java/lang/Object')}
  0x0000022e17b7a42c: 0000 0149 | b868 1001 | 812e 0200 | 0041 8b90 | cc00 0000 | 83c2 0241 | 8990 cc00 | 0000 81e2 
  0x0000022e17b7a44c: feff 1f00 | 85d2 0f84 | b627 0000 | c740 0c9a | 9919 3fc7 | 4014 9a99 | 193f 4c8b 

  0x0000022e17b7a468: ;   {metadata(method data for {method} {0x0000022e81401280} 'simpleUpdate' '(F)V' in 'com/csproject/jMEMain')}
  0x0000022e17b7a468: c348 baa8 | 8fe3 812e | 0200 0048 | 8382 b805 | 0000 014c | 8bc0 488b | d366 0f1f 

  0x0000022e17b7a484: ;   {optimized virtual_call}
  0x0000022e17b7a484: 4400 00e8 

  0x0000022e17b7a488: ; ImmutableOopMap {[176]=Oop [304]=Oop }
                      ;*invokevirtual add {reexecute=0 rethrow=0 return_oop=0}
                      ; - com.csproject.jMEMain::simpleUpdate@175 (line 73)
  0x0000022e17b7a488: 2464 8b07 

  0x0000022e17b7a48c: ;   {other}
  0x0000022e17b7a48c: 0f1f 8400 | 041e 0012 | 488b 9c24 | 3001 0000 

  0x0000022e17b7a49c: ; implicit exception: dispatches to 0x0000022e17b7cc2f
  0x0000022e17b7a49c: 483b 034c 

  0x0000022e17b7a4a0: ;   {metadata(method data for {method} {0x0000022e81401280} 'simpleUpdate' '(F)V' in 'com/csproject/jMEMain')}
  0x0000022e17b7a4a0: 8bc3 49b9 | a88f e381 | 2e02 0000 | 458b 4008 | 49ba 0000 | 003f 2e02 | 0000 4d03 | c24d 3b81 
  0x0000022e17b7a4c0: f005 0000 | 750d 4983 | 81f8 0500 | 0001 e960 | 0000 004d | 3b81 0006 | 0000 750d | 4983 8108 
  0x0000022e17b7a4e0: 0600 0001 | e94a 0000 | 0049 83b9 | f005 0000 | 0075 174d | 8981 f005 | 0000 49c7 | 81f8 0500 
  0x0000022e17b7a500: 0001 0000 | 00e9 2900 | 0000 4983 | b900 0600 | 0000 7517 | 4d89 8100 | 0600 0049 | c781 0806 
  0x0000022e17b7a520: 0000 0100 | 0000 e908 | 0000 0049 | 8381 e805 

  0x0000022e17b7a530: ;   {metadata(method data for {method} {0x0000022e81ac1ae8} 'setPhysicsLocation' '(Lcom/jme3/math/Vector3f;)V' in 'com/jme3/bullet/objects/PhysicsRigidBody')}
  0x0000022e17b7a530: 0000 0149 | b8f8 cde0 | 812e 0200 | 0045 8b88 | cc00 0000 | 4183 c102 | 4589 88cc | 0000 0041 
  0x0000022e17b7a550: 81e1 feff | 1f00 4585 | c90f 84d5 | 2600 004c | 8b43 104c 

  0x0000022e17b7a564: ;   {metadata(method data for {method} {0x0000022e81ac1ae8} 'setPhysicsLocation' '(Lcom/jme3/math/Vector3f;)V' in 'com/jme3/bullet/objects/PhysicsRigidBody')}
  0x0000022e17b7a564: 8bcb 48ba | f8cd e081 | 2e02 0000 | 4883 8218 | 0100 0001 | 4c8b c848 | 8bd3 4889 | 8424 3801 
  0x0000022e17b7a584: ;   {optimized virtual_call}
  0x0000022e17b7a584: 0000 90e8 

  0x0000022e17b7a588: ; ImmutableOopMap {[176]=Oop [304]=Oop [312]=Oop }
                      ;*invokespecial setPhysicsLocation {reexecute=0 rethrow=0 return_oop=0}
                      ; - com.jme3.bullet.objects.PhysicsRigidBody::setPhysicsLocation@6 (line 181)
                      ; - com.csproject.jMEMain::simpleUpdate@178 (line 72)
  0x0000022e17b7a588: 2442 8007 

  0x0000022e17b7a58c: ;   {other}
  0x0000022e17b7a58c: 0f1f 8400 | 041f 0013 | 488b 9424 | b000 0000 | 8b72 7c48 | c1e6 0348 | 3b06 488b 

  0x0000022e17b7a5a8: ;   {metadata(method data for {method} {0x0000022e81401280} 'simpleUpdate' '(F)V' in 'com/csproject/jMEMain')}
  0x0000022e17b7a5a8: fe48 b8a8 | 8fe3 812e | 0200 0048 | 8380 2806 | 0000 018b | 7e54 48c1 | e703 837f | 0c06 0f86 
  0x0000022e17b7a5c8: 9826 0000 | 8b5f 2848 | c1e3 0348 | 899c 2450 | 0100 0048 

  0x0000022e17b7a5dc: ;   {metadata(method data for {method} {0x0000022e81401280} 'simpleUpdate' '(F)V' in 'com/csproject/jMEMain')}
  0x0000022e17b7a5dc: 8bfe 48b8 | a88f e381 | 2e02 0000 | 4883 8058 | 0600 0001 | 448b 462c | 49c1 e003 | 4c89 8424 
  0x0000022e17b7a5fc: 4001 0000 

  0x0000022e17b7a600: ; implicit exception: dispatches to 0x0000022e17b7cc76
  0x0000022e17b7a600: 493b 0049 

  0x0000022e17b7a604: ;   {metadata(method data for {method} {0x0000022e81401280} 'simpleUpdate' '(F)V' in 'com/csproject/jMEMain')}
  0x0000022e17b7a604: 8bf0 48bf | a88f e381 | 2e02 0000 | 8b76 0849 | ba00 0000 | 3f2e 0200 | 0049 03f2 | 483b b780 
  0x0000022e17b7a624: 0600 0075 | 0d48 8387 | 8806 0000 | 01e9 6000 | 0000 483b | b790 0600 | 0075 0d48 | 8387 9806 
  0x0000022e17b7a644: 0000 01e9 | 4a00 0000 | 4883 bf80 | 0600 0000 | 7517 4889 | b780 0600 | 0048 c787 | 8806 0000 
  0x0000022e17b7a664: 0100 0000 | e929 0000 | 0048 83bf | 9006 0000 | 0075 1748 | 89b7 9006 | 0000 48c7 | 8798 0600 
  0x0000022e17b7a684: 0001 0000 | 00e9 0800 | 0000 4883 | 8778 0600 

  0x0000022e17b7a694: ;   {metadata(method data for {method} {0x0000022e81c90548} 'getPhysicsLocation' '()Lcom/jme3/math/Vector3f;' in 'com/jme3/bullet/objects/PhysicsCharacter')}
  0x0000022e17b7a694: 0001 48be | 5056 e181 | 2e02 0000 | 8bbe cc00 | 0000 83c7 | 0289 becc | 0000 0081 | e7fe ff1f 
  0x0000022e17b7a6b4: 0085 ff0f | 84be 2500 | 0049 8bf0 

  0x0000022e17b7a6c0: ;   {metadata(method data for {method} {0x0000022e81c90548} 'getPhysicsLocation' '()Lcom/jme3/math/Vector3f;' in 'com/jme3/bullet/objects/PhysicsCharacter')}
  0x0000022e17b7a6c0: 48bf 5056 | e181 2e02 | 0000 8b76 | 0849 ba00 | 0000 3f2e | 0200 0049 | 03f2 483b | b720 0100 
  0x0000022e17b7a6e0: 0075 0d48 | 8387 2801 | 0000 01e9 | 6000 0000 | 483b b730 | 0100 0075 | 0d48 8387 | 3801 0000 
  0x0000022e17b7a700: 01e9 4a00 | 0000 4883 | bf20 0100 | 0000 7517 | 4889 b720 | 0100 0048 | c787 2801 | 0000 0100 
  0x0000022e17b7a720: 0000 e929 | 0000 0048 | 83bf 3001 | 0000 0075 | 1748 89b7 | 3001 0000 | 48c7 8738 | 0100 0001 
  0x0000022e17b7a740: 0000 00e9 | 0800 0000 | 4883 8718 | 0100 0001 

  0x0000022e17b7a750: ;   {metadata(method data for {method} {0x0000022e81c903e8} 'getPhysicsLocation' '(Lcom/jme3/math/Vector3f;)Lcom/jme3/math/Vector3f;' in 'com/jme3/bullet/objects/PhysicsCharacter')}
  0x0000022e17b7a750: 48be e842 | e181 2e02 | 0000 8bbe | cc00 0000 | 83c7 0289 | becc 0000 | 0081 e7fe | ff1f 0085 
  0x0000022e17b7a770: ff0f 8425 

  0x0000022e17b7a774: ;   {metadata(method data for {method} {0x0000022e81c903e8} 'getPhysicsLocation' '(Lcom/jme3/math/Vector3f;)Lcom/jme3/math/Vector3f;' in 'com/jme3/bullet/objects/PhysicsCharacter')}
  0x0000022e17b7a774: 2500 0048 | bee8 42e1 | 812e 0200 | 00ff 8628 

  0x0000022e17b7a784: ;   {metadata('com/jme3/math/Vector3f')}
  0x0000022e17b7a784: 0100 0048 | bad0 dd00 | 402e 0200 | 0049 8b87 | b801 0000 | 488d 7818 | 493b bfc8 | 0100 000f 
  0x0000022e17b7a7a4: 8714 2500 | 0049 89bf | b801 0000 | 48c7 0001 | 0000 0048 | 8bca 49ba | 0000 003f | 2e02 0000 
  0x0000022e17b7a7c4: 492b ca89 | 4808 4833 | c989 480c | 4833 c948 | 8948 1048 

  0x0000022e17b7a7d8: ;   {metadata(method data for {method} {0x0000022e81c903e8} 'getPhysicsLocation' '(Lcom/jme3/math/Vector3f;)Lcom/jme3/math/Vector3f;' in 'com/jme3/bullet/objects/PhysicsCharacter')}
  0x0000022e17b7a7d8: 8bd0 48be | e842 e181 | 2e02 0000 | 4883 8638 | 0100 0001 | 488b d048 | 8984 2448 

  0x0000022e17b7a7f4: ;   {optimized virtual_call}
  0x0000022e17b7a7f4: 0100 00e8 

  0x0000022e17b7a7f8: ; ImmutableOopMap {[176]=Oop [320]=Oop [328]=Oop [336]=Oop }
                      ;*invokespecial <init> {reexecute=0 rethrow=0 return_oop=0}
                      ; - com.jme3.bullet.objects.PhysicsCharacter::getPhysicsLocation@8 (line 557)
                      ; - com.jme3.bullet.objects.PhysicsCharacter::getPhysicsLocation@2 (line 571)
                      ; - com.csproject.jMEMain::simpleUpdate@198 (line 76)
  0x0000022e17b7a7f8: 942d 8a07 

  0x0000022e17b7a7fc: ;   {other}
  0x0000022e17b7a7fc: 0f1f 8400 | 7421 0014 | 4c8b 8424 | 4001 0000 | 4d8b 4810 

  0x0000022e17b7a810: ;   {metadata(method data for {method} {0x0000022e81c903e8} 'getPhysicsLocation' '(Lcom/jme3/math/Vector3f;)Lcom/jme3/math/Vector3f;' in 'com/jme3/bullet/objects/PhysicsCharacter')}
  0x0000022e17b7a810: 498b d048 | bee8 42e1 | 812e 0200 | 0048 8386 | 4801 0000 | 0149 8bf0 | 4d8b c14c | 8b8c 2448 
  0x0000022e17b7a830: 0100 0048 

  0x0000022e17b7a834: ;   {optimized virtual_call}
  0x0000022e17b7a834: 8bd6 90e8 

  0x0000022e17b7a838: ; ImmutableOopMap {[176]=Oop [320]=Oop [328]=Oop [336]=Oop }
                      ;*invokespecial getPhysicsLocation {reexecute=0 rethrow=0 return_oop=0}
                      ; - com.jme3.bullet.objects.PhysicsCharacter::getPhysicsLocation@18 (line 559)
                      ; - com.jme3.bullet.objects.PhysicsCharacter::getPhysicsLocation@2 (line 571)
                      ; - com.csproject.jMEMain::simpleUpdate@198 (line 76)
  0x0000022e17b7a838: f4b8 8007 

  0x0000022e17b7a83c: ;   {other}
  0x0000022e17b7a83c: 0f1f 8400 | b421 0015 | 488b 9c24 | 4801 0000 

  0x0000022e17b7a84c: ;   {metadata('com/jme3/math/Vector3f')}
  0x0000022e17b7a84c: 48ba d0dd | 0040 2e02 | 0000 498b | 87b8 0100 | 0048 8d78 | 1849 3bbf | c801 0000 | 0f87 5c24 
  0x0000022e17b7a86c: 0000 4989 | bfb8 0100 | 0048 c700 | 0100 0000 | 488b ca49 | ba00 0000 | 3f2e 0200 | 0049 2bca 
  0x0000022e17b7a88c: 8948 0848 | 33c9 8948 | 0c48 33c9 | 4889 4810 

  0x0000022e17b7a89c: ;   {metadata(method data for {method} {0x0000022e81401280} 'simpleUpdate' '(F)V' in 'com/csproject/jMEMain')}
  0x0000022e17b7a89c: 4c8b c048 | baa8 8fe3 | 812e 0200 | 0048 8382 | a806 0000 

  0x0000022e17b7a8b0: ;   {metadata(method data for {method} {0x0000022e8144c930} '<init>' '(FFF)V' in 'com/jme3/math/Vector3f')}
  0x0000022e17b7a8b0: 0149 b870 | 55c3 812e | 0200 0041 | 8b90 cc00 | 0000 83c2 | 0241 8990 | cc00 0000 | 81e2 feff 
  0x0000022e17b7a8d0: 1f00 85d2 | 0f84 fd23 | 0000 4c8b 

  0x0000022e17b7a8dc: ;   {metadata(method data for {method} {0x0000022e8144c930} '<init>' '(FFF)V' in 'com/jme3/math/Vector3f')}
  0x0000022e17b7a8dc: c048 ba70 | 55c3 812e | 0200 0048 | 8382 1801 

  0x0000022e17b7a8ec: ;   {metadata(method data for {method} {0x0000022e3f49d700} '<init>' '()V' in 'java/lang/Object')}
  0x0000022e17b7a8ec: 0000 0149 | b868 1001 | 812e 0200 | 0041 8b90 | cc00 0000 | 83c2 0241 | 8990 cc00 | 0000 81e2 
  0x0000022e17b7a90c: feff 1f00 | 85d2 0f84 | e023 0000 | c740 0c9a | 9919 bfc7 | 4014 9a99 | 193f 4c8b 

  0x0000022e17b7a928: ;   {metadata(method data for {method} {0x0000022e81401280} 'simpleUpdate' '(F)V' in 'com/csproject/jMEMain')}
  0x0000022e17b7a928: c348 baa8 | 8fe3 812e | 0200 0048 | 8382 b806 | 0000 014c | 8bc0 488b | d366 0f1f 

  0x0000022e17b7a944: ;   {optimized virtual_call}
  0x0000022e17b7a944: 4400 00e8 

  0x0000022e17b7a948: ; ImmutableOopMap {[176]=Oop [336]=Oop }
                      ;*invokevirtual add {reexecute=0 rethrow=0 return_oop=0}
                      ; - com.csproject.jMEMain::simpleUpdate@213 (line 76)
  0x0000022e17b7a948: 645f 8b07 

  0x0000022e17b7a94c: ;   {other}
  0x0000022e17b7a94c: 0f1f 8400 | c422 0016 | 488b 9c24 | 5001 0000 

  0x0000022e17b7a95c: ; implicit exception: dispatches to 0x0000022e17b7cd19
  0x0000022e17b7a95c: 483b 034c 

  0x0000022e17b7a960: ;   {metadata(method data for {method} {0x0000022e81401280} 'simpleUpdate' '(F)V' in 'com/csproject/jMEMain')}
  0x0000022e17b7a960: 8bc3 49b9 | a88f e381 | 2e02 0000 | 458b 4008 | 49ba 0000 | 003f 2e02 | 0000 4d03 | c24d 3b81 
  0x0000022e17b7a980: f006 0000 | 750d 4983 | 81f8 0600 | 0001 e960 | 0000 004d | 3b81 0007 | 0000 750d | 4983 8108 
  0x0000022e17b7a9a0: 0700 0001 | e94a 0000 | 0049 83b9 | f006 0000 | 0075 174d | 8981 f006 | 0000 49c7 | 81f8 0600 
  0x0000022e17b7a9c0: 0001 0000 | 00e9 2900 | 0000 4983 | b900 0700 | 0000 7517 | 4d89 8100 | 0700 0049 | c781 0807 
  0x0000022e17b7a9e0: 0000 0100 | 0000 e908 | 0000 0049 | 8381 e806 

  0x0000022e17b7a9f0: ;   {metadata(method data for {method} {0x0000022e81ac1ae8} 'setPhysicsLocation' '(Lcom/jme3/math/Vector3f;)V' in 'com/jme3/bullet/objects/PhysicsRigidBody')}
  0x0000022e17b7a9f0: 0000 0149 | b8f8 cde0 | 812e 0200 | 0045 8b88 | cc00 0000 | 4183 c102 | 4589 88cc | 0000 0041 
  0x0000022e17b7aa10: 81e1 feff | 1f00 4585 | c90f 84ff | 2200 004c | 8b43 104c 

  0x0000022e17b7aa24: ;   {metadata(method data for {method} {0x0000022e81ac1ae8} 'setPhysicsLocation' '(Lcom/jme3/math/Vector3f;)V' in 'com/jme3/bullet/objects/PhysicsRigidBody')}
  0x0000022e17b7aa24: 8bcb 48ba | f8cd e081 | 2e02 0000 | 4883 8218 | 0100 0001 | 4c8b c848 | 8bd3 4889 | 8424 5801 
  0x0000022e17b7aa44: ;   {optimized virtual_call}
  0x0000022e17b7aa44: 0000 90e8 

  0x0000022e17b7aa48: ; ImmutableOopMap {[176]=Oop [336]=Oop [344]=Oop }
                      ;*invokespecial setPhysicsLocation {reexecute=0 rethrow=0 return_oop=0}
                      ; - com.jme3.bullet.objects.PhysicsRigidBody::setPhysicsLocation@6 (line 181)
                      ; - com.csproject.jMEMain::simpleUpdate@216 (line 75)
  0x0000022e17b7aa48: 643d 8007 

  0x0000022e17b7aa4c: ;   {other}
  0x0000022e17b7aa4c: 0f1f 8400 | c423 0017 | 488b 9424 | b000 0000 | 8b72 7c48 | c1e6 0348 | 3b06 488b 

  0x0000022e17b7aa68: ;   {metadata(method data for {method} {0x0000022e81401280} 'simpleUpdate' '(F)V' in 'com/csproject/jMEMain')}
  0x0000022e17b7aa68: fe48 b8a8 | 8fe3 812e | 0200 0048 | 8380 2807 | 0000 018b | 7e54 48c1 | e703 837f | 0c07 0f86 
  0x0000022e17b7aa88: c222 0000 | 8b5f 2c48 | c1e3 0348 | 899c 2470 | 0100 0048 

  0x0000022e17b7aa9c: ;   {metadata(method data for {method} {0x0000022e81401280} 'simpleUpdate' '(F)V' in 'com/csproject/jMEMain')}
  0x0000022e17b7aa9c: 8bfe 48b8 | a88f e381 | 2e02 0000 | 4883 8058 | 0700 0001 | 448b 462c | 49c1 e003 | 4c89 8424 
  0x0000022e17b7aabc: 6001 0000 

  0x0000022e17b7aac0: ; implicit exception: dispatches to 0x0000022e17b7cd60
  0x0000022e17b7aac0: 493b 0049 

  0x0000022e17b7aac4: ;   {metadata(method data for {method} {0x0000022e81401280} 'simpleUpdate' '(F)V' in 'com/csproject/jMEMain')}
  0x0000022e17b7aac4: 8bf0 48bf | a88f e381 | 2e02 0000 | 8b76 0849 | ba00 0000 | 3f2e 0200 | 0049 03f2 | 483b b780 
  0x0000022e17b7aae4: 0700 0075 | 0d48 8387 | 8807 0000 | 01e9 6000 | 0000 483b | b790 0700 | 0075 0d48 | 8387 9807 
  0x0000022e17b7ab04: 0000 01e9 | 4a00 0000 | 4883 bf80 | 0700 0000 | 7517 4889 | b780 0700 | 0048 c787 | 8807 0000 
  0x0000022e17b7ab24: 0100 0000 | e929 0000 | 0048 83bf | 9007 0000 | 0075 1748 | 89b7 9007 | 0000 48c7 | 8798 0700 
  0x0000022e17b7ab44: 0001 0000 | 00e9 0800 | 0000 4883 | 8778 0700 

  0x0000022e17b7ab54: ;   {metadata(method data for {method} {0x0000022e81c90548} 'getPhysicsLocation' '()Lcom/jme3/math/Vector3f;' in 'com/jme3/bullet/objects/PhysicsCharacter')}
  0x0000022e17b7ab54: 0001 48be | 5056 e181 | 2e02 0000 | 8bbe cc00 | 0000 83c7 | 0289 becc | 0000 0081 | e7fe ff1f 
  0x0000022e17b7ab74: 0085 ff0f | 84e8 2100 | 0049 8bf0 

  0x0000022e17b7ab80: ;   {metadata(method data for {method} {0x0000022e81c90548} 'getPhysicsLocation' '()Lcom/jme3/math/Vector3f;' in 'com/jme3/bullet/objects/PhysicsCharacter')}
  0x0000022e17b7ab80: 48bf 5056 | e181 2e02 | 0000 8b76 | 0849 ba00 | 0000 3f2e | 0200 0049 | 03f2 483b | b720 0100 
  0x0000022e17b7aba0: 0075 0d48 | 8387 2801 | 0000 01e9 | 6000 0000 | 483b b730 | 0100 0075 | 0d48 8387 | 3801 0000 
  0x0000022e17b7abc0: 01e9 4a00 | 0000 4883 | bf20 0100 | 0000 7517 | 4889 b720 | 0100 0048 | c787 2801 | 0000 0100 
  0x0000022e17b7abe0: 0000 e929 | 0000 0048 | 83bf 3001 | 0000 0075 | 1748 89b7 | 3001 0000 | 48c7 8738 | 0100 0001 
  0x0000022e17b7ac00: 0000 00e9 | 0800 0000 | 4883 8718 | 0100 0001 

  0x0000022e17b7ac10: ;   {metadata(method data for {method} {0x0000022e81c903e8} 'getPhysicsLocation' '(Lcom/jme3/math/Vector3f;)Lcom/jme3/math/Vector3f;' in 'com/jme3/bullet/objects/PhysicsCharacter')}
  0x0000022e17b7ac10: 48be e842 | e181 2e02 | 0000 8bbe | cc00 0000 | 83c7 0289 | becc 0000 | 0081 e7fe | ff1f 0085 
  0x0000022e17b7ac30: ff0f 844f 

  0x0000022e17b7ac34: ;   {metadata(method data for {method} {0x0000022e81c903e8} 'getPhysicsLocation' '(Lcom/jme3/math/Vector3f;)Lcom/jme3/math/Vector3f;' in 'com/jme3/bullet/objects/PhysicsCharacter')}
  0x0000022e17b7ac34: 2100 0048 | bee8 42e1 | 812e 0200 | 00ff 8628 

  0x0000022e17b7ac44: ;   {metadata('com/jme3/math/Vector3f')}
  0x0000022e17b7ac44: 0100 0048 | bad0 dd00 | 402e 0200 | 0049 8b87 | b801 0000 | 488d 7818 | 493b bfc8 | 0100 000f 
  0x0000022e17b7ac64: 873e 2100 | 0049 89bf | b801 0000 | 48c7 0001 | 0000 0048 | 8bca 49ba | 0000 003f | 2e02 0000 
  0x0000022e17b7ac84: 492b ca89 | 4808 4833 | c989 480c | 4833 c948 | 8948 1048 

  0x0000022e17b7ac98: ;   {metadata(method data for {method} {0x0000022e81c903e8} 'getPhysicsLocation' '(Lcom/jme3/math/Vector3f;)Lcom/jme3/math/Vector3f;' in 'com/jme3/bullet/objects/PhysicsCharacter')}
  0x0000022e17b7ac98: 8bd0 48be | e842 e181 | 2e02 0000 | 4883 8638 | 0100 0001 | 488b d048 | 8984 2468 

  0x0000022e17b7acb4: ;   {optimized virtual_call}
  0x0000022e17b7acb4: 0100 00e8 

  0x0000022e17b7acb8: ; ImmutableOopMap {[176]=Oop [352]=Oop [360]=Oop [368]=Oop }
                      ;*invokespecial <init> {reexecute=0 rethrow=0 return_oop=0}
                      ; - com.jme3.bullet.objects.PhysicsCharacter::getPhysicsLocation@8 (line 557)
                      ; - com.jme3.bullet.objects.PhysicsCharacter::getPhysicsLocation@2 (line 571)
                      ; - com.csproject.jMEMain::simpleUpdate@236 (line 79)
  0x0000022e17b7acb8: d428 8a07 

  0x0000022e17b7acbc: ;   {other}
  0x0000022e17b7acbc: 0f1f 8400 | 3426 0018 | 4c8b 8424 | 6001 0000 | 4d8b 4810 

  0x0000022e17b7acd0: ;   {metadata(method data for {method} {0x0000022e81c903e8} 'getPhysicsLocation' '(Lcom/jme3/math/Vector3f;)Lcom/jme3/math/Vector3f;' in 'com/jme3/bullet/objects/PhysicsCharacter')}
  0x0000022e17b7acd0: 498b d048 | bee8 42e1 | 812e 0200 | 0048 8386 | 4801 0000 | 0149 8bf0 | 4d8b c14c | 8b8c 2468 
  0x0000022e17b7acf0: 0100 0048 

  0x0000022e17b7acf4: ;   {optimized virtual_call}
  0x0000022e17b7acf4: 8bd6 90e8 

  0x0000022e17b7acf8: ; ImmutableOopMap {[176]=Oop [352]=Oop [360]=Oop [368]=Oop }
                      ;*invokespecial getPhysicsLocation {reexecute=0 rethrow=0 return_oop=0}
                      ; - com.jme3.bullet.objects.PhysicsCharacter::getPhysicsLocation@18 (line 559)
                      ; - com.jme3.bullet.objects.PhysicsCharacter::getPhysicsLocation@2 (line 571)
                      ; - com.csproject.jMEMain::simpleUpdate@236 (line 79)
  0x0000022e17b7acf8: 34b4 8007 

  0x0000022e17b7acfc: ;   {other}
  0x0000022e17b7acfc: 0f1f 8400 | 7426 0019 | 488b 9c24 | 6801 0000 

  0x0000022e17b7ad0c: ;   {metadata('com/jme3/math/Vector3f')}
  0x0000022e17b7ad0c: 48ba d0dd | 0040 2e02 | 0000 498b | 87b8 0100 | 0048 8d78 | 1849 3bbf | c801 0000 | 0f87 8620 
  0x0000022e17b7ad2c: 0000 4989 | bfb8 0100 | 0048 c700 | 0100 0000 | 488b ca49 | ba00 0000 | 3f2e 0200 | 0049 2bca 
  0x0000022e17b7ad4c: 8948 0848 | 33c9 8948 | 0c48 33c9 | 4889 4810 

  0x0000022e17b7ad5c: ;   {metadata(method data for {method} {0x0000022e81401280} 'simpleUpdate' '(F)V' in 'com/csproject/jMEMain')}
  0x0000022e17b7ad5c: 4c8b c048 | baa8 8fe3 | 812e 0200 | 0048 8382 | a807 0000 

  0x0000022e17b7ad70: ;   {metadata(method data for {method} {0x0000022e8144c930} '<init>' '(FFF)V' in 'com/jme3/math/Vector3f')}
  0x0000022e17b7ad70: 0149 b870 | 55c3 812e | 0200 0041 | 8b90 cc00 | 0000 83c2 | 0241 8990 | cc00 0000 | 81e2 feff 
  0x0000022e17b7ad90: 1f00 85d2 | 0f84 2720 | 0000 4c8b 

  0x0000022e17b7ad9c: ;   {metadata(method data for {method} {0x0000022e8144c930} '<init>' '(FFF)V' in 'com/jme3/math/Vector3f')}
  0x0000022e17b7ad9c: c048 ba70 | 55c3 812e | 0200 0048 | 8382 1801 

  0x0000022e17b7adac: ;   {metadata(method data for {method} {0x0000022e3f49d700} '<init>' '()V' in 'java/lang/Object')}
  0x0000022e17b7adac: 0000 0149 | b868 1001 | 812e 0200 | 0041 8b90 | cc00 0000 | 83c2 0241 | 8990 cc00 | 0000 81e2 
  0x0000022e17b7adcc: feff 1f00 | 85d2 0f84 | 0a20 0000 | c740 0c9a | 9919 3fc7 | 4014 9a99 | 19bf 4c8b 

  0x0000022e17b7ade8: ;   {metadata(method data for {method} {0x0000022e81401280} 'simpleUpdate' '(F)V' in 'com/csproject/jMEMain')}
  0x0000022e17b7ade8: c348 baa8 | 8fe3 812e | 0200 0048 | 8382 b807 | 0000 014c | 8bc0 488b | d366 0f1f 

  0x0000022e17b7ae04: ;   {optimized virtual_call}
  0x0000022e17b7ae04: 4400 00e8 

  0x0000022e17b7ae08: ; ImmutableOopMap {[176]=Oop [368]=Oop }
                      ;*invokevirtual add {reexecute=0 rethrow=0 return_oop=0}
                      ; - com.csproject.jMEMain::simpleUpdate@251 (line 79)
  0x0000022e17b7ae08: a45a 8b07 

  0x0000022e17b7ae0c: ;   {other}
  0x0000022e17b7ae0c: 0f1f 8400 | 8427 001a | 488b 9c24 | 7001 0000 

  0x0000022e17b7ae1c: ; implicit exception: dispatches to 0x0000022e17b7ce03
  0x0000022e17b7ae1c: 483b 034c 

  0x0000022e17b7ae20: ;   {metadata(method data for {method} {0x0000022e81401280} 'simpleUpdate' '(F)V' in 'com/csproject/jMEMain')}
  0x0000022e17b7ae20: 8bc3 49b9 | a88f e381 | 2e02 0000 | 458b 4008 | 49ba 0000 | 003f 2e02 | 0000 4d03 | c24d 3b81 
  0x0000022e17b7ae40: f007 0000 | 750d 4983 | 81f8 0700 | 0001 e960 | 0000 004d | 3b81 0008 | 0000 750d | 4983 8108 
  0x0000022e17b7ae60: 0800 0001 | e94a 0000 | 0049 83b9 | f007 0000 | 0075 174d | 8981 f007 | 0000 49c7 | 81f8 0700 
  0x0000022e17b7ae80: 0001 0000 | 00e9 2900 | 0000 4983 | b900 0800 | 0000 7517 | 4d89 8100 | 0800 0049 | c781 0808 
  0x0000022e17b7aea0: 0000 0100 | 0000 e908 | 0000 0049 | 8381 e807 

  0x0000022e17b7aeb0: ;   {metadata(method data for {method} {0x0000022e81ac1ae8} 'setPhysicsLocation' '(Lcom/jme3/math/Vector3f;)V' in 'com/jme3/bullet/objects/PhysicsRigidBody')}
  0x0000022e17b7aeb0: 0000 0149 | b8f8 cde0 | 812e 0200 | 0045 8b88 | cc00 0000 | 4183 c102 | 4589 88cc | 0000 0041 
  0x0000022e17b7aed0: 81e1 feff | 1f00 4585 | c90f 8429 | 1f00 004c | 8b43 104c 

  0x0000022e17b7aee4: ;   {metadata(method data for {method} {0x0000022e81ac1ae8} 'setPhysicsLocation' '(Lcom/jme3/math/Vector3f;)V' in 'com/jme3/bullet/objects/PhysicsRigidBody')}
  0x0000022e17b7aee4: 8bcb 48ba | f8cd e081 | 2e02 0000 | 4883 8218 | 0100 0001 | 4c8b c848 | 8bd3 4889 | 8424 7801 
  0x0000022e17b7af04: ;   {optimized virtual_call}
  0x0000022e17b7af04: 0000 90e8 

  0x0000022e17b7af08: ; ImmutableOopMap {[176]=Oop [368]=Oop [376]=Oop }
                      ;*invokespecial setPhysicsLocation {reexecute=0 rethrow=0 return_oop=0}
                      ; - com.jme3.bullet.objects.PhysicsRigidBody::setPhysicsLocation@6 (line 181)
                      ; - com.csproject.jMEMain::simpleUpdate@254 (line 78)
  0x0000022e17b7af08: a438 8007 

  0x0000022e17b7af0c: ;   {other}
  0x0000022e17b7af0c: 0f1f 8400 | 8428 001b | 488b 9424 | b000 0000 | 8b72 7c48 | c1e6 0348 | 3b06 488b 

  0x0000022e17b7af28: ;   {metadata(method data for {method} {0x0000022e81401280} 'simpleUpdate' '(F)V' in 'com/csproject/jMEMain')}
  0x0000022e17b7af28: fe48 b8a8 | 8fe3 812e | 0200 0048 | 8380 2808 | 0000 018b | 7e54 48c1 | e703 837f | 0c08 0f86 
  0x0000022e17b7af48: ec1e 0000 | 8b5f 3048 | c1e3 0348 | 899c 2490 | 0100 0048 

  0x0000022e17b7af5c: ;   {metadata(method data for {method} {0x0000022e81401280} 'simpleUpdate' '(F)V' in 'com/csproject/jMEMain')}
  0x0000022e17b7af5c: 8bfe 48b8 | a88f e381 | 2e02 0000 | 4883 8058 | 0800 0001 | 448b 462c | 49c1 e003 | 4c89 8424 
  0x0000022e17b7af7c: 8001 0000 

  0x0000022e17b7af80: ; implicit exception: dispatches to 0x0000022e17b7ce4a
  0x0000022e17b7af80: 493b 0049 

  0x0000022e17b7af84: ;   {metadata(method data for {method} {0x0000022e81401280} 'simpleUpdate' '(F)V' in 'com/csproject/jMEMain')}
  0x0000022e17b7af84: 8bf0 48bf | a88f e381 | 2e02 0000 | 8b76 0849 | ba00 0000 | 3f2e 0200 | 0049 03f2 | 483b b780 
  0x0000022e17b7afa4: 0800 0075 | 0d48 8387 | 8808 0000 | 01e9 6000 | 0000 483b | b790 0800 | 0075 0d48 | 8387 9808 
  0x0000022e17b7afc4: 0000 01e9 | 4a00 0000 | 4883 bf80 | 0800 0000 | 7517 4889 | b780 0800 | 0048 c787 | 8808 0000 
  0x0000022e17b7afe4: 0100 0000 | e929 0000 | 0048 83bf | 9008 0000 | 0075 1748 | 89b7 9008 | 0000 48c7 | 8798 0800 
  0x0000022e17b7b004: 0001 0000 | 00e9 0800 | 0000 4883 | 8778 0800 

  0x0000022e17b7b014: ;   {metadata(method data for {method} {0x0000022e81c90548} 'getPhysicsLocation' '()Lcom/jme3/math/Vector3f;' in 'com/jme3/bullet/objects/PhysicsCharacter')}
  0x0000022e17b7b014: 0001 48be | 5056 e181 | 2e02 0000 | 8bbe cc00 | 0000 83c7 | 0289 becc | 0000 0081 | e7fe ff1f 
  0x0000022e17b7b034: 0085 ff0f | 8412 1e00 | 0049 8bf0 

  0x0000022e17b7b040: ;   {metadata(method data for {method} {0x0000022e81c90548} 'getPhysicsLocation' '()Lcom/jme3/math/Vector3f;' in 'com/jme3/bullet/objects/PhysicsCharacter')}
  0x0000022e17b7b040: 48bf 5056 | e181 2e02 | 0000 8b76 | 0849 ba00 | 0000 3f2e | 0200 0049 | 03f2 483b | b720 0100 
  0x0000022e17b7b060: 0075 0d48 | 8387 2801 | 0000 01e9 | 6000 0000 | 483b b730 | 0100 0075 | 0d48 8387 | 3801 0000 
  0x0000022e17b7b080: 01e9 4a00 | 0000 4883 | bf20 0100 | 0000 7517 | 4889 b720 | 0100 0048 | c787 2801 | 0000 0100 
  0x0000022e17b7b0a0: 0000 e929 | 0000 0048 | 83bf 3001 | 0000 0075 | 1748 89b7 | 3001 0000 | 48c7 8738 | 0100 0001 
  0x0000022e17b7b0c0: 0000 00e9 | 0800 0000 | 4883 8718 | 0100 0001 

  0x0000022e17b7b0d0: ;   {metadata(method data for {method} {0x0000022e81c903e8} 'getPhysicsLocation' '(Lcom/jme3/math/Vector3f;)Lcom/jme3/math/Vector3f;' in 'com/jme3/bullet/objects/PhysicsCharacter')}
  0x0000022e17b7b0d0: 48be e842 | e181 2e02 | 0000 8bbe | cc00 0000 | 83c7 0289 | becc 0000 | 0081 e7fe | ff1f 0085 
  0x0000022e17b7b0f0: ff0f 8479 

  0x0000022e17b7b0f4: ;   {metadata(method data for {method} {0x0000022e81c903e8} 'getPhysicsLocation' '(Lcom/jme3/math/Vector3f;)Lcom/jme3/math/Vector3f;' in 'com/jme3/bullet/objects/PhysicsCharacter')}
  0x0000022e17b7b0f4: 1d00 0048 | bee8 42e1 | 812e 0200 | 00ff 8628 

  0x0000022e17b7b104: ;   {metadata('com/jme3/math/Vector3f')}
  0x0000022e17b7b104: 0100 0048 | bad0 dd00 | 402e 0200 | 0049 8b87 | b801 0000 | 488d 7818 | 493b bfc8 | 0100 000f 
  0x0000022e17b7b124: 8768 1d00 | 0049 89bf | b801 0000 | 48c7 0001 | 0000 0048 | 8bca 49ba | 0000 003f | 2e02 0000 
  0x0000022e17b7b144: 492b ca89 | 4808 4833 | c989 480c | 4833 c948 | 8948 1048 

  0x0000022e17b7b158: ;   {metadata(method data for {method} {0x0000022e81c903e8} 'getPhysicsLocation' '(Lcom/jme3/math/Vector3f;)Lcom/jme3/math/Vector3f;' in 'com/jme3/bullet/objects/PhysicsCharacter')}
  0x0000022e17b7b158: 8bd0 48be | e842 e181 | 2e02 0000 | 4883 8638 | 0100 0001 | 488b d048 | 8984 2488 

  0x0000022e17b7b174: ;   {optimized virtual_call}
  0x0000022e17b7b174: 0100 00e8 

  0x0000022e17b7b178: ; ImmutableOopMap {[176]=Oop [384]=Oop [392]=Oop [400]=Oop }
                      ;*invokespecial <init> {reexecute=0 rethrow=0 return_oop=0}
                      ; - com.jme3.bullet.objects.PhysicsCharacter::getPhysicsLocation@8 (line 557)
                      ; - com.jme3.bullet.objects.PhysicsCharacter::getPhysicsLocation@2 (line 571)
                      ; - com.csproject.jMEMain::simpleUpdate@274 (line 82)
  0x0000022e17b7b178: 1424 8a07 

  0x0000022e17b7b17c: ;   {other}
  0x0000022e17b7b17c: 0f1f 8400 | f42a 001c | 4c8b 8424 | 8001 0000 | 4d8b 4810 

  0x0000022e17b7b190: ;   {metadata(method data for {method} {0x0000022e81c903e8} 'getPhysicsLocation' '(Lcom/jme3/math/Vector3f;)Lcom/jme3/math/Vector3f;' in 'com/jme3/bullet/objects/PhysicsCharacter')}
  0x0000022e17b7b190: 498b d048 | bee8 42e1 | 812e 0200 | 0048 8386 | 4801 0000 | 0149 8bf0 | 4d8b c14c | 8b8c 2488 
  0x0000022e17b7b1b0: 0100 0048 

  0x0000022e17b7b1b4: ;   {optimized virtual_call}
  0x0000022e17b7b1b4: 8bd6 90e8 

  0x0000022e17b7b1b8: ; ImmutableOopMap {[176]=Oop [384]=Oop [392]=Oop [400]=Oop }
                      ;*invokespecial getPhysicsLocation {reexecute=0 rethrow=0 return_oop=0}
                      ; - com.jme3.bullet.objects.PhysicsCharacter::getPhysicsLocation@18 (line 559)
                      ; - com.jme3.bullet.objects.PhysicsCharacter::getPhysicsLocation@2 (line 571)
                      ; - com.csproject.jMEMain::simpleUpdate@274 (line 82)
  0x0000022e17b7b1b8: 74af 8007 

  0x0000022e17b7b1bc: ;   {other}
  0x0000022e17b7b1bc: 0f1f 8400 | 342b 001d | 488b 9c24 | 8801 0000 

  0x0000022e17b7b1cc: ;   {metadata('com/jme3/math/Vector3f')}
  0x0000022e17b7b1cc: 48ba d0dd | 0040 2e02 | 0000 498b | 87b8 0100 | 0048 8d78 | 1849 3bbf | c801 0000 | 0f87 b01c 
  0x0000022e17b7b1ec: 0000 4989 | bfb8 0100 | 0048 c700 | 0100 0000 | 488b ca49 | ba00 0000 | 3f2e 0200 | 0049 2bca 
  0x0000022e17b7b20c: 8948 0848 | 33c9 8948 | 0c48 33c9 | 4889 4810 

  0x0000022e17b7b21c: ;   {metadata(method data for {method} {0x0000022e81401280} 'simpleUpdate' '(F)V' in 'com/csproject/jMEMain')}
  0x0000022e17b7b21c: 4c8b c048 | baa8 8fe3 | 812e 0200 | 0048 8382 | a808 0000 

  0x0000022e17b7b230: ;   {metadata(method data for {method} {0x0000022e8144c930} '<init>' '(FFF)V' in 'com/jme3/math/Vector3f')}
  0x0000022e17b7b230: 0149 b870 | 55c3 812e | 0200 0041 | 8b90 cc00 | 0000 83c2 | 0241 8990 | cc00 0000 | 81e2 feff 
  0x0000022e17b7b250: 1f00 85d2 | 0f84 511c | 0000 4c8b 

  0x0000022e17b7b25c: ;   {metadata(method data for {method} {0x0000022e8144c930} '<init>' '(FFF)V' in 'com/jme3/math/Vector3f')}
  0x0000022e17b7b25c: c048 ba70 | 55c3 812e | 0200 0048 | 8382 1801 

  0x0000022e17b7b26c: ;   {metadata(method data for {method} {0x0000022e3f49d700} '<init>' '()V' in 'java/lang/Object')}
  0x0000022e17b7b26c: 0000 0149 | b868 1001 | 812e 0200 | 0041 8b90 | cc00 0000 | 83c2 0241 | 8990 cc00 | 0000 81e2 
  0x0000022e17b7b28c: feff 1f00 | 85d2 0f84 | 341c 0000 | c740 0c9a | 9919 bfc7 | 4014 9a99 | 19bf 4c8b 

  0x0000022e17b7b2a8: ;   {metadata(method data for {method} {0x0000022e81401280} 'simpleUpdate' '(F)V' in 'com/csproject/jMEMain')}
  0x0000022e17b7b2a8: c348 baa8 | 8fe3 812e | 0200 0048 | 8382 b808 | 0000 014c | 8bc0 488b | d366 0f1f 

  0x0000022e17b7b2c4: ;   {optimized virtual_call}
  0x0000022e17b7b2c4: 4400 00e8 

  0x0000022e17b7b2c8: ; ImmutableOopMap {[176]=Oop [400]=Oop }
                      ;*invokevirtual add {reexecute=0 rethrow=0 return_oop=0}
                      ; - com.csproject.jMEMain::simpleUpdate@289 (line 82)
  0x0000022e17b7b2c8: e455 8b07 

  0x0000022e17b7b2cc: ;   {other}
  0x0000022e17b7b2cc: 0f1f 8400 | 442c 001e | 488b 9c24 | 9001 0000 

  0x0000022e17b7b2dc: ; implicit exception: dispatches to 0x0000022e17b7ceed
  0x0000022e17b7b2dc: 483b 034c 

  0x0000022e17b7b2e0: ;   {metadata(method data for {method} {0x0000022e81401280} 'simpleUpdate' '(F)V' in 'com/csproject/jMEMain')}
  0x0000022e17b7b2e0: 8bc3 49b9 | a88f e381 | 2e02 0000 | 458b 4008 | 49ba 0000 | 003f 2e02 | 0000 4d03 | c24d 3b81 
  0x0000022e17b7b300: f008 0000 | 750d 4983 | 81f8 0800 | 0001 e960 | 0000 004d | 3b81 0009 | 0000 750d | 4983 8108 
  0x0000022e17b7b320: 0900 0001 | e94a 0000 | 0049 83b9 | f008 0000 | 0075 174d | 8981 f008 | 0000 49c7 | 81f8 0800 
  0x0000022e17b7b340: 0001 0000 | 00e9 2900 | 0000 4983 | b900 0900 | 0000 7517 | 4d89 8100 | 0900 0049 | c781 0809 
  0x0000022e17b7b360: 0000 0100 | 0000 e908 | 0000 0049 | 8381 e808 

  0x0000022e17b7b370: ;   {metadata(method data for {method} {0x0000022e81ac1ae8} 'setPhysicsLocation' '(Lcom/jme3/math/Vector3f;)V' in 'com/jme3/bullet/objects/PhysicsRigidBody')}
  0x0000022e17b7b370: 0000 0149 | b8f8 cde0 | 812e 0200 | 0045 8b88 | cc00 0000 | 4183 c102 | 4589 88cc | 0000 0041 
  0x0000022e17b7b390: 81e1 feff | 1f00 4585 | c90f 8453 | 1b00 004c | 8b43 104c 

  0x0000022e17b7b3a4: ;   {metadata(method data for {method} {0x0000022e81ac1ae8} 'setPhysicsLocation' '(Lcom/jme3/math/Vector3f;)V' in 'com/jme3/bullet/objects/PhysicsRigidBody')}
  0x0000022e17b7b3a4: 8bcb 48ba | f8cd e081 | 2e02 0000 | 4883 8218 | 0100 0001 | 4c8b c848 | 8bd3 4889 | 8424 9801 
  0x0000022e17b7b3c4: ;   {optimized virtual_call}
  0x0000022e17b7b3c4: 0000 90e8 

  0x0000022e17b7b3c8: ; ImmutableOopMap {[176]=Oop [400]=Oop [408]=Oop }
                      ;*invokespecial setPhysicsLocation {reexecute=0 rethrow=0 return_oop=0}
                      ; - com.jme3.bullet.objects.PhysicsRigidBody::setPhysicsLocation@6 (line 181)
                      ; - com.csproject.jMEMain::simpleUpdate@292 (line 81)
  0x0000022e17b7b3c8: e433 8007 

  0x0000022e17b7b3cc: ;   {other}
  0x0000022e17b7b3cc: 0f1f 8400 | 442d 001f 

  0x0000022e17b7b3d4: ;   {metadata(method data for {method} {0x0000022e81401280} 'simpleUpdate' '(F)V' in 'com/csproject/jMEMain')}
  0x0000022e17b7b3d4: 48ba a88f | e381 2e02 | 0000 4883 | 8218 0900 | 0001 ba01 | 0000 0041 | b809 0000 | 0066 0f1f 
  0x0000022e17b7b3f4: ;   {static_call}
  0x0000022e17b7b3f4: 4400 00e8 

  0x0000022e17b7b3f8: ; ImmutableOopMap {[176]=Oop }
                      ;*invokestatic range {reexecute=0 rethrow=0 return_oop=0}
                      ; - com.csproject.jMEMain::simpleUpdate@298 (line 84)
  0x0000022e17b7b3f8: 647d fcff 

  0x0000022e17b7b3fc: ;   {other}
  0x0000022e17b7b3fc: 0f1f 8400 | 742d 0020 | 4889 8424 | a001 0000 

  0x0000022e17b7b40c: ;   {metadata(method data for {method} {0x0000022e81401280} 'simpleUpdate' '(F)V' in 'com/csproject/jMEMain')}
  0x0000022e17b7b40c: 49b8 a88f | e381 2e02 | 0000 4983 | 8028 0900 

  0x0000022e17b7b41c: ;   {metadata(method data for {method} {0x0000022e3f1e0a50} 'linkToTargetMethod' '(Ljava/lang/Object;Ljava/lang/Object;)Ljava/lang/Object;' in 'java/lang/invoke/Invokers$Holder')}
  0x0000022e17b7b41c: 0001 49b8 | 803f 2781 | 2e02 0000 | 418b 90cc | 0000 0083 | c202 4189 | 90cc 0000 | 0081 e2fe 
  0x0000022e17b7b43c: ff1f 0085 | d20f 84cc 

  0x0000022e17b7b444: ;   {metadata(method data for {method} {0x0000022e3f1e0a50} 'linkToTargetMethod' '(Ljava/lang/Object;Ljava/lang/Object;)Ljava/lang/Object;' in 'java/lang/invoke/Invokers$Holder')}
  0x0000022e17b7b444: 1a00 0049 | b880 3f27 | 812e 0200 | 0049 8380 | 4801 0000 

  0x0000022e17b7b458: ;   {metadata(method data for {method} {0x0000022e3f1e5af8} 'newInvokeSpecial' '(Ljava/lang/Object;Ljava/lang/Object;)Ljava/lang/Object;' in 'java/lang/invoke/DirectMethodHandle$Holder')}
  0x0000022e17b7b458: 0149 b840 | d5b0 812e | 0200 0041 | 8b90 cc00 | 0000 83c2 | 0241 8990 | cc00 0000 | 81e2 feff 
  0x0000022e17b7b478: 1f00 85d2 | 0f84 b21a 

  0x0000022e17b7b480: ;   {metadata(method data for {method} {0x0000022e3f1e5af8} 'newInvokeSpecial' '(Ljava/lang/Object;Ljava/lang/Object;)Ljava/lang/Object;' in 'java/lang/invoke/DirectMethodHandle$Holder')}
  0x0000022e17b7b480: 0000 49b8 | 40d5 b081 | 2e02 0000 | 4983 8018 | 0100 0001 

  0x0000022e17b7b494: ;   {metadata(method data for {method} {0x0000022e3f1d72e0} 'allocateInstance' '(Ljava/lang/Object;)Ljava/lang/Object;' in 'java/lang/invoke/DirectMethodHandle')}
  0x0000022e17b7b494: 49b8 88fd | 2a81 2e02 | 0000 418b | 90cc 0000 | 0083 c202 | 4189 90cc | 0000 0081 | e2fe ff1f 
  0x0000022e17b7b4b4: 0085 d20f | 8498 1a00 

  0x0000022e17b7b4bc: ;   {oop(a 'jdk/internal/misc/Unsafe'{0x00000004040f5b90})}
  0x0000022e17b7b4bc: 0048 ba90 | 5b0f 0404 | 0000 004c 

  0x0000022e17b7b4c8: ;   {metadata(method data for {method} {0x0000022e3f1d72e0} 'allocateInstance' '(Ljava/lang/Object;)Ljava/lang/Object;' in 'java/lang/invoke/DirectMethodHandle')}
  0x0000022e17b7b4c8: 8bc2 48be | 88fd 2a81 | 2e02 0000 | 4883 8648 | 0100 0001 

  0x0000022e17b7b4dc: ;   {oop(a 'java/lang/Class'{0x000000044359c228} = 'com/csproject/jMEMain$$Lambda+0x0000022e4011fb28')}
  0x0000022e17b7b4dc: 49b8 28c2 | 5943 0400 

  0x0000022e17b7b4e4: ;   {optimized virtual_call}
  0x0000022e17b7b4e4: 0000 90e8 

  0x0000022e17b7b4e8: ; ImmutableOopMap {[176]=Oop [416]=Oop }
                      ;*invokevirtual allocateInstance {reexecute=0 rethrow=0 return_oop=0}
                      ; - java.lang.invoke.DirectMethodHandle::allocateInstance@12 (line 500)
                      ; - java.lang.invoke.DirectMethodHandle$Holder::newInvokeSpecial@1
                      ; - java.lang.invoke.Invokers$Holder::linkToTargetMethod@5
                      ; - com.csproject.jMEMain::simpleUpdate@302 (line 85)
  0x0000022e17b7b4e8: 445f 7107 

  0x0000022e17b7b4ec: ;   {other}
  0x0000022e17b7b4ec: 0f1f 8400 | 642e 0021 | 4889 8424 | a801 0000 

  0x0000022e17b7b4fc: ;   {metadata(method data for {method} {0x0000022e3f1e5af8} 'newInvokeSpecial' '(Ljava/lang/Object;Ljava/lang/Object;)Ljava/lang/Object;' in 'java/lang/invoke/DirectMethodHandle$Holder')}
  0x0000022e17b7b4fc: 48ba 40d5 | b081 2e02 | 0000 488d | 9238 0100 | 0048 85c0 | 750a f602 | 0175 05f0 | 4883 0a01 
  0x0000022e17b7b51c: ;   {metadata(method data for {method} {0x0000022e3f1e5af8} 'newInvokeSpecial' '(Ljava/lang/Object;Ljava/lang/Object;)Ljava/lang/Object;' in 'java/lang/invoke/DirectMethodHandle$Holder')}
  0x0000022e17b7b51c: 48ba 40d5 | b081 2e02 | 0000 4883 | 8248 0100 

  0x0000022e17b7b52c: ;   {metadata(method data for {method} {0x0000022e3f1d7d88} 'constructorMethod' '(Ljava/lang/Object;)Ljava/lang/Object;' in 'java/lang/invoke/DirectMethodHandle')}
  0x0000022e17b7b52c: 0001 48ba | 0001 2b81 | 2e02 0000 | 8bb2 cc00 | 0000 83c6 | 0289 b2cc | 0000 0081 | e6fe ff1f 
  0x0000022e17b7b54c: 0085 f60f | 8421 1a00 | 0048 3b00 

  0x0000022e17b7b558: ;   {metadata(method data for {method} {0x0000022e3f1e5af8} 'newInvokeSpecial' '(Ljava/lang/Object;Ljava/lang/Object;)Ljava/lang/Object;' in 'java/lang/invoke/DirectMethodHandle$Holder')}
  0x0000022e17b7b558: 488b d048 | be40 d5b0 | 812e 0200 | 0048 8386 | a801 0000 

  0x0000022e17b7b56c: ;   {metadata(method data for {method} {0x0000022e81ca19e8} '<init>' '(Lcom/csproject/jMEMain;)V' in 'com/csproject/jMEMain$$Lambda+0x0000022e4011fb28')}
  0x0000022e17b7b56c: 0148 ba28 | 3ae4 812e | 0200 008b | b2cc 0000 | 0083 c602 | 89b2 cc00 | 0000 81e6 | feff 1f00 
  0x0000022e17b7b58c: 85f6 0f84 | 081a 0000 

  0x0000022e17b7b594: ;   {metadata(method data for {method} {0x0000022e81ca19e8} '<init>' '(Lcom/csproject/jMEMain;)V' in 'com/csproject/jMEMain$$Lambda+0x0000022e4011fb28')}
  0x0000022e17b7b594: 488b d048 | be28 3ae4 | 812e 0200 | 0048 8386 | 1801 0000 

  0x0000022e17b7b5a8: ;   {metadata(method data for {method} {0x0000022e3f49d700} '<init>' '()V' in 'java/lang/Object')}
  0x0000022e17b7b5a8: 0148 ba68 | 1001 812e | 0200 008b | b2cc 0000 | 0083 c602 | 89b2 cc00 | 0000 81e6 | feff 1f00 
  0x0000022e17b7b5c8: 85f6 0f84 | ed19 0000 | 410f be57 | 3885 d20f | 8501 1a00 | 0048 8b94 | 24b0 0000 | 004c 8bd2 
  0x0000022e17b7b5e8: 49c1 ea03 | 4489 500c | 488b f048 | 33f2 48c1 | ee17 4883 | fe00 0f85 | f919 0000 

  0x0000022e17b7b604: ;   {metadata(method data for {method} {0x0000022e3f1e0a50} 'linkToTargetMethod' '(Ljava/lang/Object;Ljava/lang/Object;)Ljava/lang/Object;' in 'java/lang/invoke/Invokers$Holder')}
  0x0000022e17b7b604: 48be 803f | 2781 2e02 | 0000 488d | b688 0100 | 0048 85c0 | 750a f606 | 0175 05f0 | 4883 0e01 
  0x0000022e17b7b624: ;   {metadata(method data for {method} {0x0000022e81401280} 'simpleUpdate' '(F)V' in 'com/csproject/jMEMain')}
  0x0000022e17b7b624: 48be a88f | e381 2e02 | 0000 488d | b648 0900 | 0048 85c0 | 750c f606 | 0175 30f0 | 4883 0e01 
  0x0000022e17b7b644: eb29 8b78 | 0849 ba00 | 0000 3f2e | 0200 0049 | 03fa 4c8b | d748 333e | 48f7 c7fc | ffff ff74 
  0x0000022e17b7b664: 0a40 f6c7 | 0275 0448 | 830e 0248 | 8bb4 24a0 | 0100 0048 | 85f6 0f84 | 2900 0000 

  0x0000022e17b7b680: ;   {metadata('java/util/stream/IntPipeline$Head')}
  0x0000022e17b7b680: 49b8 d881 | 0f40 2e02 | 0000 8b4e | 0849 ba00 | 0000 3f2e | 0200 0049 | 03ca 4c3b | 4150 0f85 
  0x0000022e17b7b6a0: 7119 0000 | e900 0000 | 0048 8bfe 

  0x0000022e17b7b6ac: ; implicit exception: dispatches to 0x0000022e17b7d01a
  0x0000022e17b7b6ac: 483b 0648 

  0x0000022e17b7b6b0: ;   {metadata(method data for {method} {0x0000022e81401280} 'simpleUpdate' '(F)V' in 'com/csproject/jMEMain')}
  0x0000022e17b7b6b0: 8bfe 48bb | a88f e381 | 2e02 0000 | 4883 8368 | 0900 0001 

  0x0000022e17b7b6c4: ;   {metadata(method data for {method} {0x0000022e81d374f0} 'forEach' '(Ljava/util/function/IntConsumer;)V' in 'java/util/stream/IntPipeline$Head')}
  0x0000022e17b7b6c4: 48bf d0d7 | d681 2e02 | 0000 8b9f | cc00 0000 | 83c3 0289 | 9fcc 0000 | 0081 e3fe | ff1f 0085 
  0x0000022e17b7b6e4: db0f 8434 | 1900 0048 

  0x0000022e17b7b6ec: ;   {metadata(method data for {method} {0x0000022e81d374f0} 'forEach' '(Ljava/util/function/IntConsumer;)V' in 'java/util/stream/IntPipeline$Head')}
  0x0000022e17b7b6ec: 8bfe 48bb | d0d7 d681 | 2e02 0000 | 4883 8318 | 0100 0001 

  0x0000022e17b7b700: ;   {metadata(method data for {method} {0x0000022e3f2084a0} 'isParallel' '()Z' in 'java/util/stream/AbstractPipeline')}
  0x0000022e17b7b700: 48bf d8ad | d681 2e02 | 0000 8b9f | cc00 0000 | 83c3 0289 | 9fcc 0000 | 0081 e3fe | ff1f 0085 
  0x0000022e17b7b720: db0f 8419 | 1900 008b | 7e1c 48c1 | e703 0fbe | 7f19 83e7 

  0x0000022e17b7b734: ;   {metadata(method data for {method} {0x0000022e81d374f0} 'forEach' '(Ljava/util/function/IntConsumer;)V' in 'java/util/stream/IntPipeline$Head')}
  0x0000022e17b7b734: 0185 ff48 | bfd0 d7d6 | 812e 0200 | 00bb 4801 | 0000 7505 | bb58 0100 | 0048 8b0c | 1f48 8d49 
  0x0000022e17b7b754: 0148 890c | 1f0f 8522 | 0100 0048 

  0x0000022e17b7b760: ;   {metadata(method data for {method} {0x0000022e81d374f0} 'forEach' '(Ljava/util/function/IntConsumer;)V' in 'java/util/stream/IntPipeline$Head')}
  0x0000022e17b7b760: 8bfe 48bb | d0d7 d681 | 2e02 0000 | 4883 8368 | 0100 0001 

  0x0000022e17b7b774: ;   {optimized virtual_call}
  0x0000022e17b7b774: 488b d6e8 

  0x0000022e17b7b778: ; ImmutableOopMap {[176]=Oop [416]=Oop [424]=Oop }
                      ;*invokevirtual sourceStageSpliterator {reexecute=0 rethrow=0 return_oop=0}
                      ; - java.util.stream.IntPipeline$Head::forEach@8 (line 620)
                      ; - com.csproject.jMEMain::simpleUpdate@307 (line 84)
  0x0000022e17b7b778: 645e ffff 

  0x0000022e17b7b77c: ;   {other}
  0x0000022e17b7b77c: 0f1f 8400 | f430 0022 

  0x0000022e17b7b784: ;   {metadata(method data for {method} {0x0000022e81d374f0} 'forEach' '(Ljava/util/function/IntConsumer;)V' in 'java/util/stream/IntPipeline$Head')}
  0x0000022e17b7b784: 48ba d0d7 | d681 2e02 | 0000 4883 | 8298 0100 | 0001 488b | d066 0f1f 

  0x0000022e17b7b79c: ;   {static_call}
  0x0000022e17b7b79c: 4400 00e8 

  0x0000022e17b7b7a0: ; ImmutableOopMap {[176]=Oop [416]=Oop [424]=Oop }
                      ;*invokestatic adapt {reexecute=0 rethrow=0 return_oop=0}
                      ; - java.util.stream.IntPipeline$Head::forEach@11 (line 620)
                      ; - com.csproject.jMEMain::simpleUpdate@307 (line 84)
  0x0000022e17b7b7a0: bcd3 0100 

  0x0000022e17b7b7a4: ;   {other}
  0x0000022e17b7b7a4: 0f1f 8400 | 1c31 0023 

  0x0000022e17b7b7ac: ; implicit exception: dispatches to 0x0000022e17b7d066
  0x0000022e17b7b7ac: 483b 004c 

  0x0000022e17b7b7b0: ;   {metadata(method data for {method} {0x0000022e81d374f0} 'forEach' '(Ljava/util/function/IntConsumer;)V' in 'java/util/stream/IntPipeline$Head')}
  0x0000022e17b7b7b0: 8bc0 48ba | d0d7 d681 | 2e02 0000 | 458b 4008 | 49ba 0000 | 003f 2e02 | 0000 4d03 | c24c 3b82 
  0x0000022e17b7b7d0: b001 0000 | 750d 4883 | 82b8 0100 | 0001 e960 | 0000 004c | 3b82 c001 | 0000 750d | 4883 82c8 
  0x0000022e17b7b7f0: 0100 0001 | e94a 0000 | 0048 83ba | b001 0000 | 0075 174c | 8982 b001 | 0000 48c7 | 82b8 0100 
  0x0000022e17b7b810: 0001 0000 | 00e9 2900 | 0000 4883 | bac0 0100 | 0000 7517 | 4c89 82c0 | 0100 0048 | c782 c801 
  0x0000022e17b7b830: 0000 0100 | 0000 e908 | 0000 0048 | 8382 a801 | 0000 014c | 8b84 24a8 | 0100 0048 | 8bd0 0f1f 
  0x0000022e17b7b850: 8000 0000 | 0048 b8e0 | 77b5 9d2e 

  0x0000022e17b7b85c: ;   {virtual_call}
  0x0000022e17b7b85c: 0200 00e8 

  0x0000022e17b7b860: ; ImmutableOopMap {[176]=Oop [416]=Oop [424]=Oop }
                      ;*invokeinterface forEachRemaining {reexecute=0 rethrow=0 return_oop=0}
                      ; - java.util.stream.IntPipeline$Head::forEach@15 (line 620)
                      ; - com.csproject.jMEMain::simpleUpdate@307 (line 84)
  0x0000022e17b7b860: aea0 fcff 

  0x0000022e17b7b864: ;   {other}
  0x0000022e17b7b864: 0f1f 8400 | dc31 0024 

  0x0000022e17b7b86c: ;   {metadata(method data for {method} {0x0000022e81d374f0} 'forEach' '(Ljava/util/function/IntConsumer;)V' in 'java/util/stream/IntPipeline$Head')}
  0x0000022e17b7b86c: 48ba d0d7 | d681 2e02 | 0000 ff82 | d801 0000 | e9a3 0000 | 0048 89b4 | 24a0 0100 | 0048 8bf0 
  0x0000022e17b7b88c: 488b 8424 | a001 0000 

  0x0000022e17b7b894: ;   {metadata(method data for {method} {0x0000022e81d374f0} 'forEach' '(Ljava/util/function/IntConsumer;)V' in 'java/util/stream/IntPipeline$Head')}
  0x0000022e17b7b894: 488b d049 | b8d0 d7d6 | 812e 0200 | 0049 8380 | f001 0000 

  0x0000022e17b7b8a8: ;   {metadata(method data for {method} {0x0000022e81d3b0e0} 'forEach' '(Ljava/util/function/IntConsumer;)V' in 'java/util/stream/IntPipeline')}
  0x0000022e17b7b8a8: 0148 baa8 | ded6 812e | 0200 0044 | 8b82 cc00 | 0000 4183 | c002 4489 | 82cc 0000 | 0041 81e0 
  0x0000022e17b7b8c8: feff 1f00 | 4585 c00f | 8496 1700 | 0048 8bd6 | 41b8 0000 

  0x0000022e17b7b8dc: ;   {static_call}
  0x0000022e17b7b8dc: 0000 90e8 

  0x0000022e17b7b8e0: ; ImmutableOopMap {[176]=Oop [416]=Oop [424]=Oop }
                      ;*invokestatic makeInt {reexecute=0 rethrow=0 return_oop=0}
                      ; - java.util.stream.IntPipeline::forEach@3 (line 466)
                      ; - java.util.stream.IntPipeline$Head::forEach@25 (line 623)
                      ; - com.csproject.jMEMain::simpleUpdate@307 (line 84)
  0x0000022e17b7b8e0: fc34 fe06 

  0x0000022e17b7b8e4: ;   {other}
  0x0000022e17b7b8e4: 0f1f 8400 | 5c32 0025 | 4c8b 8424 | a001 0000 

  0x0000022e17b7b8f4: ;   {metadata(method data for {method} {0x0000022e81d3b0e0} 'forEach' '(Ljava/util/function/IntConsumer;)V' in 'java/util/stream/IntPipeline')}
  0x0000022e17b7b8f4: 48ba a8de | d681 2e02 | 0000 4883 | 8228 0100 | 0001 4c8b | c048 8b94 | 24a0 0100 | 0066 0f1f 
  0x0000022e17b7b914: ;   {optimized virtual_call}
  0x0000022e17b7b914: 4400 00e8 

  0x0000022e17b7b918: ; ImmutableOopMap {[176]=Oop [416]=Oop [424]=Oop }
                      ;*invokevirtual evaluate {reexecute=0 rethrow=0 return_oop=0}
                      ; - java.util.stream.IntPipeline::forEach@6 (line 466)
                      ; - java.util.stream.IntPipeline$Head::forEach@25 (line 623)
                      ; - com.csproject.jMEMain::simpleUpdate@307 (line 84)
  0x0000022e17b7b918: c42e fe06 

  0x0000022e17b7b91c: ;   {other}
  0x0000022e17b7b91c: 0f1f 8400 | 9432 0026 

  0x0000022e17b7b924: ;   {oop(a 'java/lang/Class'{0x0000000404423040} = 'com/csproject/jMEMain')}
  0x0000022e17b7b924: 48ba 4030 | 4204 0400 | 0000 8b52 | 7048 c1e2 | 0348 3b02 

  0x0000022e17b7b938: ;   {metadata(method data for {method} {0x0000022e81401280} 'simpleUpdate' '(F)V' in 'com/csproject/jMEMain')}
  0x0000022e17b7b938: 488b f248 | bfa8 8fe3 | 812e 0200 | 008b 7608 | 49ba 0000 | 003f 2e02 | 0000 4903 | f248 3bb7 
  0x0000022e17b7b958: 9009 0000 | 750d 4883 | 8798 0900 | 0001 e960 | 0000 0048 | 3bb7 a009 | 0000 750d | 4883 87a8 
  0x0000022e17b7b978: 0900 0001 | e94a 0000 | 0048 83bf | 9009 0000 | 0075 1748 | 89b7 9009 | 0000 48c7 | 8798 0900 
  0x0000022e17b7b998: 0001 0000 | 00e9 2900 | 0000 4883 | bfa0 0900 | 0000 7517 | 4889 b7a0 | 0900 0048 | c787 a809 
  0x0000022e17b7b9b8: 0000 0100 | 0000 e908 | 0000 0048 | 8387 8809 | 0000 0166 | 9048 b808 | 78b5 9d2e 

  0x0000022e17b7b9d4: ;   {virtual_call}
  0x0000022e17b7b9d4: 0200 00e8 

  0x0000022e17b7b9d8: ; ImmutableOopMap {[176]=Oop }
                      ;*invokeinterface iterator {reexecute=0 rethrow=0 return_oop=0}
                      ; - com.csproject.jMEMain::simpleUpdate@317 (line 94)
  0x0000022e17b7b9d8: a6b6 7b07 

  0x0000022e17b7b9dc: ;   {other}
  0x0000022e17b7b9dc: 0f1f 8400 | 5433 0027 | 4889 8424 | b001 0000 

  0x0000022e17b7b9ec: ;   {metadata(method data for {method} {0x0000022e81401280} 'simpleUpdate' '(F)V' in 'com/csproject/jMEMain')}
  0x0000022e17b7b9ec: 48ba a88f | e381 2e02 | 0000 ff82 | b809 0000 | be01 0000 | 0089 b424 | b801 0000 

  0x0000022e17b7ba08: ; implicit exception: dispatches to 0x0000022e17b7d091
  0x0000022e17b7ba08: 483b 0048 

  0x0000022e17b7ba0c: ;   {metadata(method data for {method} {0x0000022e81401280} 'simpleUpdate' '(F)V' in 'com/csproject/jMEMain')}
  0x0000022e17b7ba0c: 8bd0 48bf | a88f e381 | 2e02 0000 | 8b52 0849 | ba00 0000 | 3f2e 0200 | 0049 03d2 | 483b 97f8 
  0x0000022e17b7ba2c: 0c00 0075 | 0d48 8387 | 000d 0000 | 01e9 6000 | 0000 483b | 9708 0d00 | 0075 0d48 | 8387 100d 
  0x0000022e17b7ba4c: 0000 01e9 | 4a00 0000 | 4883 bff8 | 0c00 0000 | 7517 4889 | 97f8 0c00 | 0048 c787 | 000d 0000 
  0x0000022e17b7ba6c: 0100 0000 | e929 0000 | 0048 83bf | 080d 0000 | 0075 1748 | 8997 080d | 0000 48c7 | 8710 0d00 
  0x0000022e17b7ba8c: 0001 0000 | 00e9 0800 | 0000 4883 | 87f0 0c00 | 0001 488b | d00f 1f40 | 0048 b830 | 78b5 9d2e 
  0x0000022e17b7baac: ;   {virtual_call}
  0x0000022e17b7baac: 0200 00e8 

  0x0000022e17b7bab0: ; ImmutableOopMap {[176]=Oop [432]=Oop }
                      ;*invokeinterface hasNext {reexecute=0 rethrow=0 return_oop=0}
                      ; - com.csproject.jMEMain::simpleUpdate@446 (line 94)
  0x0000022e17b7bab0: ceaf 7b07 

  0x0000022e17b7bab4: ;   {other}
  0x0000022e17b7bab4: 0f1f 8400 | 2c34 0028 | 85c0 ba02 | 0000 0075 | 05ba 0000 

  0x0000022e17b7bac8: ;   {metadata(method data for {method} {0x0000022e81401280} 'simpleUpdate' '(F)V' in 'com/csproject/jMEMain')}
  0x0000022e17b7bac8: 0000 48be | a88f e381 | 2e02 0000 | 8bbe d000 | 0000 03fa | 89be d000 | 0000 85d2 | 7505 bf02 
  0x0000022e17b7bae8: 0000 0081 | e7fe 3f00 | 0085 ff0f | 849d 1500 | 004d 8b97 

  0x0000022e17b7bafc: ; ImmutableOopMap {[176]=Oop [432]=Oop }
                      ;*ifne {reexecute=1 rethrow=0 return_oop=0}
                      ; - (reexecute) com.csproject.jMEMain::simpleUpdate@451 (line 94)
  0x0000022e17b7bafc: 5004 0000 

  0x0000022e17b7bb00: ;   {poll}
  0x0000022e17b7bb00: 4185 0285 

  0x0000022e17b7bb04: ;   {metadata(method data for {method} {0x0000022e81401280} 'simpleUpdate' '(F)V' in 'com/csproject/jMEMain')}
  0x0000022e17b7bb04: c048 baa8 | 8fe3 812e | 0200 00be | 300d 0000 | 7405 be20 | 0d00 0048 | 8b3c 3248 | 8d7f 0148 
  0x0000022e17b7bb24: 893c 320f | 8431 0a00 | 0048 8b84 | 24b0 0100 

  0x0000022e17b7bb34: ;   {metadata(method data for {method} {0x0000022e81401280} 'simpleUpdate' '(F)V' in 'com/csproject/jMEMain')}
  0x0000022e17b7bb34: 0048 baa8 | 8fe3 812e | 0200 008b | 4008 49ba | 0000 003f | 2e02 0000 | 4903 c248 | 3b82 d809 
  0x0000022e17b7bb54: 0000 750d | 4883 82e0 | 0900 0001 | e960 0000 | 0048 3b82 | e809 0000 | 750d 4883 | 82f0 0900 
  0x0000022e17b7bb74: 0001 e94a | 0000 0048 | 83ba d809 | 0000 0075 | 1748 8982 | d809 0000 | 48c7 82e0 | 0900 0001 
  0x0000022e17b7bb94: 0000 00e9 | 2900 0000 | 4883 bae8 | 0900 0000 | 7517 4889 | 82e8 0900 | 0048 c782 | f009 0000 
  0x0000022e17b7bbb4: 0100 0000 | e908 0000 | 0048 8382 | d009 0000 | 0148 8b94 | 24b0 0100 | 0048 b858 | 78b5 9d2e 
  0x0000022e17b7bbd4: ;   {virtual_call}
  0x0000022e17b7bbd4: 0200 00e8 

  0x0000022e17b7bbd8: ; ImmutableOopMap {[176]=Oop [432]=Oop }
                      ;*invokeinterface next {reexecute=0 rethrow=0 return_oop=0}
                      ; - com.csproject.jMEMain::simpleUpdate@329 (line 94)
  0x0000022e17b7bbd8: c66f 8a07 

  0x0000022e17b7bbdc: ;   {other}
  0x0000022e17b7bbdc: 0f1f 8400 | 5435 002a 

  0x0000022e17b7bbe4: ;   {metadata(method data for {method} {0x0000022e81401280} 'simpleUpdate' '(F)V' in 'com/csproject/jMEMain')}
  0x0000022e17b7bbe4: 4885 c048 | bfa8 8fe3 | 812e 0200 | 0075 0c80 | 8ff9 0900 | 0001 e9af | 0000 008b | 5808 49ba 
  0x0000022e17b7bc04: 0000 003f | 2e02 0000 | 4903 da48 | 3b9f 080a | 0000 750d | 4883 8710 | 0a00 0001 | e960 0000 
  0x0000022e17b7bc24: 0048 3b9f | 180a 0000 | 750d 4883 | 8720 0a00 | 0001 e94a | 0000 0048 | 83bf 080a | 0000 0075 
  0x0000022e17b7bc44: 1748 899f | 080a 0000 | 48c7 8710 | 0a00 0001 | 0000 00e9 | 2900 0000 | 4883 bf18 | 0a00 0000 
  0x0000022e17b7bc64: 7517 4889 | 9f18 0a00 | 0048 c787 | 200a 0000 | 0100 0000 | e908 0000 | 0048 8387 | 000a 0000 
  0x0000022e17b7bc84: ;   {metadata('org/apache/commons/lang3/tuple/Pair')}
  0x0000022e17b7bc84: 0148 bb00 | 4011 402e | 0200 008b | 7808 49ba | 0000 003f | 2e02 0000 | 4903 fa48 | 3b5f 380f 
  0x0000022e17b7bca4: 850e 1400 | 00e9 0000 | 0000 488b | f048 89b4 | 24c0 0100 

  0x0000022e17b7bcb8: ;   {oop(a 'java/lang/Class'{0x0000000404423040} = 'com/csproject/jMEMain')}
  0x0000022e17b7bcb8: 0048 ba40 | 3042 0404 | 0000 008b | 5274 48c1 | e203 483b | 0248 8bfa 

  0x0000022e17b7bcd0: ;   {metadata(method data for {method} {0x0000022e81401280} 'simpleUpdate' '(F)V' in 'com/csproject/jMEMain')}
  0x0000022e17b7bcd0: 48bb a88f | e381 2e02 | 0000 8b7f | 0849 ba00 | 0000 3f2e | 0200 0049 | 03fa 483b | bb38 0a00 
  0x0000022e17b7bcf0: 0075 0d48 | 8383 400a | 0000 01e9 | 6000 0000 | 483b bb48 | 0a00 0075 | 0d48 8383 | 500a 0000 
  0x0000022e17b7bd10: 01e9 4a00 | 0000 4883 | bb38 0a00 | 0000 7517 | 4889 bb38 | 0a00 0048 | c783 400a | 0000 0100 
  0x0000022e17b7bd30: 0000 e929 | 0000 0048 | 83bb 480a | 0000 0075 | 1748 89bb | 480a 0000 | 48c7 8350 | 0a00 0001 
  0x0000022e17b7bd50: 0000 00e9 | 0800 0000 | 4883 8330 | 0a00 0001 | 0f1f 4400 | 0048 b880 | 78b5 9d2e 

  0x0000022e17b7bd6c: ;   {virtual_call}
  0x0000022e17b7bd6c: 0200 00e8 

  0x0000022e17b7bd70: ; ImmutableOopMap {[176]=Oop [432]=Oop [448]=Oop }
                      ;*invokeinterface iterator {reexecute=0 rethrow=0 return_oop=0}
                      ; - com.csproject.jMEMain::simpleUpdate@344 (line 96)
  0x0000022e17b7bd70: 0eb3 7b07 

  0x0000022e17b7bd74: ;   {other}
  0x0000022e17b7bd74: 0f1f 8400 | ec36 002b | 4889 8424 | c801 0000 

  0x0000022e17b7bd84: ;   {metadata(method data for {method} {0x0000022e81401280} 'simpleUpdate' '(F)V' in 'com/csproject/jMEMain')}
  0x0000022e17b7bd84: 48ba a88f | e381 2e02 | 0000 ff82 | 600a 0000 | e95f 0600 | 000f 1f80 | 0000 0000 | 488b 8424 
  0x0000022e17b7bda4: c801 0000 

  0x0000022e17b7bda8: ;   {metadata(method data for {method} {0x0000022e81401280} 'simpleUpdate' '(F)V' in 'com/csproject/jMEMain')}
  0x0000022e17b7bda8: 48ba a88f | e381 2e02 | 0000 8b40 | 0849 ba00 | 0000 3f2e | 0200 0049 | 03c2 483b | 8280 0a00 
  0x0000022e17b7bdc8: 0075 0d48 | 8382 880a | 0000 01e9 | 6000 0000 | 483b 8290 | 0a00 0075 | 0d48 8382 | 980a 0000 
  0x0000022e17b7bde8: 01e9 4a00 | 0000 4883 | ba80 0a00 | 0000 7517 | 4889 8280 | 0a00 0048 | c782 880a | 0000 0100 
  0x0000022e17b7be08: 0000 e929 | 0000 0048 | 83ba 900a | 0000 0075 | 1748 8982 | 900a 0000 | 48c7 8298 | 0a00 0001 
  0x0000022e17b7be28: 0000 00e9 | 0800 0000 | 4883 8278 | 0a00 0001 | 488b 9424 | c801 0000 | 0f1f 4400 | 0048 b8a8 
  0x0000022e17b7be48: 78b5 9d2e 

  0x0000022e17b7be4c: ;   {virtual_call}
  0x0000022e17b7be4c: 0200 00e8 

  0x0000022e17b7be50: ; ImmutableOopMap {[176]=Oop [432]=Oop [448]=Oop [456]=Oop }
                      ;*invokeinterface next {reexecute=0 rethrow=0 return_oop=0}
                      ; - com.csproject.jMEMain::simpleUpdate@356 (line 96)
  0x0000022e17b7be50: 4e6d 8a07 

  0x0000022e17b7be54: ;   {other}
  0x0000022e17b7be54: 0f1f 8400 | cc37 002c 

  0x0000022e17b7be5c: ;   {metadata(method data for {method} {0x0000022e81401280} 'simpleUpdate' '(F)V' in 'com/csproject/jMEMain')}
  0x0000022e17b7be5c: 4885 c048 | bea8 8fe3 | 812e 0200 | 0075 0c80 | 8ea1 0a00 | 0001 e9af | 0000 008b | 7808 49ba 
  0x0000022e17b7be7c: 0000 003f | 2e02 0000 | 4903 fa48 | 3bbe b00a | 0000 750d | 4883 86b8 | 0a00 0001 | e960 0000 
  0x0000022e17b7be9c: 0048 3bbe | c00a 0000 | 750d 4883 | 86c8 0a00 | 0001 e94a | 0000 0048 | 83be b00a | 0000 0075 
  0x0000022e17b7bebc: 1748 89be | b00a 0000 | 48c7 86b8 | 0a00 0001 | 0000 00e9 | 2900 0000 | 4883 bec0 | 0a00 0000 
  0x0000022e17b7bedc: 7517 4889 | bec0 0a00 | 0048 c786 | c80a 0000 | 0100 0000 | e908 0000 | 0048 8386 | a80a 0000 
  0x0000022e17b7befc: ;   {metadata('com/jme3/scene/Geometry')}
  0x0000022e17b7befc: 0148 bf48 | 5c00 402e | 0200 008b | 7008 49ba | 0000 003f | 2e02 0000 | 4903 f248 | 3b7e 400f 
  0x0000022e17b7bf1c: 85a4 1100 | 00e9 0000 | 0000 4c8b | c049 3b00 

  0x0000022e17b7bf2c: ;   {metadata(method data for {method} {0x0000022e81401280} 'simpleUpdate' '(F)V' in 'com/csproject/jMEMain')}
  0x0000022e17b7bf2c: 498b d048 | bea8 8fe3 | 812e 0200 | 008b 5208 | 49ba 0000 | 003f 2e02 | 0000 4903 | d248 3b96 
  0x0000022e17b7bf4c: e00a 0000 | 750d 4883 | 86e8 0a00 | 0001 e960 | 0000 0048 | 3b96 f00a | 0000 750d | 4883 86f8 
  0x0000022e17b7bf6c: 0a00 0001 | e94a 0000 | 0048 83be | e00a 0000 | 0075 1748 | 8996 e00a | 0000 48c7 | 86e8 0a00 
  0x0000022e17b7bf8c: 0001 0000 | 00e9 2900 | 0000 4883 | bef0 0a00 | 0000 7517 | 4889 96f0 | 0a00 0048 | c786 f80a 
  0x0000022e17b7bfac: 0000 0100 | 0000 e908 | 0000 0048 | 8386 d80a 

  0x0000022e17b7bfbc: ;   {metadata(method data for {method} {0x0000022e81412778} 'getLocalTranslation' '()Lcom/jme3/math/Vector3f;' in 'com/jme3/scene/Spatial')}
  0x0000022e17b7bfbc: 0000 0148 | bae0 2de0 | 812e 0200 | 008b b2cc | 0000 0083 | c602 89b2 | cc00 0000 | 81e6 feff 
  0x0000022e17b7bfdc: 1f00 85f6 | 0f84 ed10 | 0000 418b | 5044 48c1 | e203 483b | 0248 8bf2 

  0x0000022e17b7bff4: ;   {metadata(method data for {method} {0x0000022e81412778} 'getLocalTranslation' '()Lcom/jme3/math/Vector3f;' in 'com/jme3/scene/Spatial')}
  0x0000022e17b7bff4: 48bf e02d | e081 2e02 | 0000 4883 | 8718 0100 | 0001 8b52 | 1048 c1e2 | 0348 8bb4 | 24c0 0100 
  0x0000022e17b7c014: 0048 3b06 

  0x0000022e17b7c018: ;   {metadata(method data for {method} {0x0000022e81401280} 'simpleUpdate' '(F)V' in 'com/csproject/jMEMain')}
  0x0000022e17b7c018: 488b fe48 | bba8 8fe3 | 812e 0200 | 0048 8383 | 080b 0000 | 018b 7e0c | 48c1 e703 

  0x0000022e17b7c034: ;   {metadata(method data for {method} {0x0000022e81401280} 'simpleUpdate' '(F)V' in 'com/csproject/jMEMain')}
  0x0000022e17b7c034: 4885 ff48 | b8a8 8fe3 | 812e 0200 | 0075 0c80 | 8831 0b00 | 0001 e9ae | 0000 008b | 4f08 49ba 
  0x0000022e17b7c054: 0000 003f | 2e02 0000 | 4903 ca48 | 3b88 400b | 0000 750d | 4883 8048 | 0b00 0001 | e960 0000 
  0x0000022e17b7c074: 0048 3b88 | 500b 0000 | 750d 4883 | 8058 0b00 | 0001 e94a | 0000 0048 | 83b8 400b | 0000 0075 
  0x0000022e17b7c094: 1748 8988 | 400b 0000 | 48c7 8048 | 0b00 0001 | 0000 00e9 | 2900 0000 | 4883 b850 | 0b00 0000 
  0x0000022e17b7c0b4: 7517 4889 | 8850 0b00 | 0048 c780 | 580b 0000 | 0100 0000 | e908 0000 | 0048 8380 | 380b 0000 
  0x0000022e17b7c0d4: ;   {metadata('java/lang/Float')}
  0x0000022e17b7c0d4: 0148 b930 | c818 3f2e | 0200 008b | 5f08 49ba | 0000 003f | 2e02 0000 | 4903 da48 | 3bcb 0f85 
  0x0000022e17b7c0f4: 0610 0000 | e900 0000 | 0048 3b07 

  0x0000022e17b7c100: ;   {metadata(method data for {method} {0x0000022e81401280} 'simpleUpdate' '(F)V' in 'com/csproject/jMEMain')}
  0x0000022e17b7c100: 488b df48 | b8a8 8fe3 | 812e 0200 | 0048 8380 | 680b 0000 | 01c5 fa10 | 470c c5fa 

  0x0000022e17b7c11c: ;   {metadata(method data for {method} {0x0000022e81401280} 'simpleUpdate' '(F)V' in 'com/csproject/jMEMain')}
  0x0000022e17b7c11c: 104a 0c48 | bfa8 8fe3 | 812e 0200 | 0048 8387 | 980b 0000 | 01c5 fa5c 

  0x0000022e17b7c134: ;   {metadata(method data for {method} {0x0000022e3f46fcb0} 'abs' '(F)F' in 'java/lang/Math')}
  0x0000022e17b7c134: c148 bf58 | 33d6 812e | 0200 008b | 9fcc 0000 | 0083 c302 | 899f cc00 | 0000 81e3 | feff 1f00 
  0x0000022e17b7c154: 85db 0f84 | b50f 0000 

  0x0000022e17b7c15c: ;   {metadata(method data for {method} {0x0000022e3f46fcb0} 'abs' '(F)F' in 'java/lang/Math')}
  0x0000022e17b7c15c: 48bf 5833 | d681 2e02 | 0000 4883 | 8718 0100 

  0x0000022e17b7c16c: ;   {metadata(method data for {method} {0x0000022e3f46fcb0} 'abs' '(F)F' in 'java/lang/Math')}
  0x0000022e17b7c16c: 0001 48bf | 5833 d681 | 2e02 0000 | 4883 8728 | 0100 0001 | c5fa 1184 | 24bc 0100 | 008b bc24 
  0x0000022e17b7c18c: bc01 0000 | 81e7 ffff | ff7f 89bc | 24d8 0100 | 00c5 fa10 | 8424 d801 

  0x0000022e17b7c1a4: ;   {section_word}
  0x0000022e17b7c1a4: 0000 c5fa | 100d b2cb | ffff c5f8 | 2ec1 bf01 | 0000 000f | 8a13 0000 | 000f 870d | 0000 00bf 
  0x0000022e17b7c1c4: 0000 0000 | 0f84 0200 | 0000 ffcf 

  0x0000022e17b7c1d0: ;   {metadata(method data for {method} {0x0000022e81401280} 'simpleUpdate' '(F)V' in 'com/csproject/jMEMain')}
  0x0000022e17b7c1d0: 85ff 48bf | a88f e381 | 2e02 0000 | bba8 0b00 | 007d 05bb | b80b 0000 | 488b 041f | 488d 4001 
  0x0000022e17b7c1f0: 4889 041f | 0f8d f601 | 0000 488b 

  0x0000022e17b7c1fc: ;   {metadata(method data for {method} {0x0000022e81401280} 'simpleUpdate' '(F)V' in 'com/csproject/jMEMain')}
  0x0000022e17b7c1fc: fe48 bba8 | 8fe3 812e | 0200 0048 | 8383 c80b | 0000 018b | 7e10 48c1 | e703 4885 

  0x0000022e17b7c218: ;   {metadata(method data for {method} {0x0000022e81401280} 'simpleUpdate' '(F)V' in 'com/csproject/jMEMain')}
  0x0000022e17b7c218: ff48 b8a8 | 8fe3 812e | 0200 0075 | 0c80 88f1 | 0b00 0001 | e9ae 0000 | 008b 4f08 | 49ba 0000 
  0x0000022e17b7c238: 003f 2e02 | 0000 4903 | ca48 3b88 | 000c 0000 | 750d 4883 | 8008 0c00 | 0001 e960 | 0000 0048 
  0x0000022e17b7c258: 3b88 100c | 0000 750d | 4883 8018 | 0c00 0001 | e94a 0000 | 0048 83b8 | 000c 0000 | 0075 1748 
  0x0000022e17b7c278: 8988 000c | 0000 48c7 | 8008 0c00 | 0001 0000 | 00e9 2900 | 0000 4883 | b810 0c00 | 0000 7517 
  0x0000022e17b7c298: 4889 8810 | 0c00 0048 | c780 180c | 0000 0100 | 0000 e908 | 0000 0048 | 8380 f80b 

  0x0000022e17b7c2b4: ;   {metadata('java/lang/Float')}
  0x0000022e17b7c2b4: 0000 0148 | b930 c818 | 3f2e 0200 | 008b 5f08 | 49ba 0000 | 003f 2e02 | 0000 4903 | da48 3bcb 
  0x0000022e17b7c2d4: 0f85 580e | 0000 e900 | 0000 0048 | 3b07 488b 

  0x0000022e17b7c2e4: ;   {metadata(method data for {method} {0x0000022e81401280} 'simpleUpdate' '(F)V' in 'com/csproject/jMEMain')}
  0x0000022e17b7c2e4: df48 b8a8 | 8fe3 812e | 0200 0048 | 8380 280c | 0000 01c5 | fa10 470c | c5fa 104a 

  0x0000022e17b7c300: ;   {metadata(method data for {method} {0x0000022e81401280} 'simpleUpdate' '(F)V' in 'com/csproject/jMEMain')}
  0x0000022e17b7c300: 1448 bfa8 | 8fe3 812e | 0200 0048 | 8387 580c | 0000 01c5 

  0x0000022e17b7c314: ;   {metadata(method data for {method} {0x0000022e3f46fcb0} 'abs' '(F)F' in 'java/lang/Math')}
  0x0000022e17b7c314: fa5c c148 | bf58 33d6 | 812e 0200 | 008b 9fcc | 0000 0083 | c302 899f | cc00 0000 | 81e3 feff 
  0x0000022e17b7c334: 1f00 85db | 0f84 020e 

  0x0000022e17b7c33c: ;   {metadata(method data for {method} {0x0000022e3f46fcb0} 'abs' '(F)F' in 'java/lang/Math')}
  0x0000022e17b7c33c: 0000 49b8 | 5833 d681 | 2e02 0000 | 4983 8018 | 0100 0001 

  0x0000022e17b7c350: ;   {metadata(method data for {method} {0x0000022e3f46fcb0} 'abs' '(F)F' in 'java/lang/Math')}
  0x0000022e17b7c350: 49b8 5833 | d681 2e02 | 0000 4983 | 8028 0100 | 0001 c5fa | 1184 24d0 | 0100 0044 | 8b84 24d0 
  0x0000022e17b7c370: 0100 0041 | 81e0 ffff | ff7f 4489 | 8424 dc01 | 0000 c5fa | 1084 24dc 

  0x0000022e17b7c388: ;   {section_word}
  0x0000022e17b7c388: 0100 00c5 | fa10 0dd1 | c9ff ffc5 | f82e c141 | b801 0000 | 000f 8a15 | 0000 000f | 870f 0000 
  0x0000022e17b7c3a8: 0041 b800 | 0000 000f | 8403 0000 | 0041 ffc8 

  0x0000022e17b7c3b8: ;   {metadata(method data for {method} {0x0000022e81401280} 'simpleUpdate' '(F)V' in 'com/csproject/jMEMain')}
  0x0000022e17b7c3b8: 4585 c049 | b8a8 8fe3 | 812e 0200 | 00ba 780c | 0000 7c05 | ba68 0c00 | 0049 8b3c | 1048 8d7f 
  0x0000022e17b7c3d8: 0149 893c | 100f 8c45 | 0100 0048 | 8b84 24c8 | 0100 00e9 | 0800 0000 | 488b 8424 | c801 0000 
  0x0000022e17b7c3f8: ; implicit exception: dispatches to 0x0000022e17b7d161
  0x0000022e17b7c3f8: 483b 0048 

  0x0000022e17b7c3fc: ;   {metadata(method data for {method} {0x0000022e81401280} 'simpleUpdate' '(F)V' in 'com/csproject/jMEMain')}
  0x0000022e17b7c3fc: 8bd0 48bf | a88f e381 | 2e02 0000 | 8b52 0849 | ba00 0000 | 3f2e 0200 | 0049 03d2 | 483b 97a8 
  0x0000022e17b7c41c: 0c00 0075 | 0d48 8387 | b00c 0000 | 01e9 6000 | 0000 483b | 97b8 0c00 | 0075 0d48 | 8387 c00c 
  0x0000022e17b7c43c: 0000 01e9 | 4a00 0000 | 4883 bfa8 | 0c00 0000 | 7517 4889 | 97a8 0c00 | 0048 c787 | b00c 0000 
  0x0000022e17b7c45c: 0100 0000 | e929 0000 | 0048 83bf | b80c 0000 | 0075 1748 | 8997 b80c | 0000 48c7 | 87c0 0c00 
  0x0000022e17b7c47c: 0001 0000 | 00e9 0800 | 0000 4883 | 87a0 0c00 | 0001 488b | d00f 1f40 | 0048 b8d0 | 78b5 9d2e 
  0x0000022e17b7c49c: ;   {virtual_call}
  0x0000022e17b7c49c: 0200 00e8 

  0x0000022e17b7c4a0: ; ImmutableOopMap {[176]=Oop [432]=Oop [448]=Oop [456]=Oop }
                      ;*invokeinterface hasNext {reexecute=0 rethrow=0 return_oop=0}
                      ; - com.csproject.jMEMain::simpleUpdate@431 (line 96)
  0x0000022e17b7c4a0: dea5 7b07 

  0x0000022e17b7c4a4: ;   {other}
  0x0000022e17b7c4a4: 0f1f 8400 | 1c3e 002d | 85c0 ba02 | 0000 0075 | 05ba 0000 

  0x0000022e17b7c4b8: ;   {metadata(method data for {method} {0x0000022e81401280} 'simpleUpdate' '(F)V' in 'com/csproject/jMEMain')}
  0x0000022e17b7c4b8: 0000 48be | a88f e381 | 2e02 0000 | 8bbe d000 | 0000 03fa | 89be d000 | 0000 85d2 | 7505 bf02 
  0x0000022e17b7c4d8: 0000 0081 | e7fe 3f00 | 0085 ff0f | 847d 0c00 | 004d 8b97 

  0x0000022e17b7c4ec: ; ImmutableOopMap {[176]=Oop [432]=Oop [448]=Oop [456]=Oop }
                      ;*ifne {reexecute=1 rethrow=0 return_oop=0}
                      ; - (reexecute) com.csproject.jMEMain::simpleUpdate@436 (line 96)
  0x0000022e17b7c4ec: 5004 0000 

  0x0000022e17b7c4f0: ;   {poll}
  0x0000022e17b7c4f0: 4185 0285 

  0x0000022e17b7c4f4: ;   {metadata(method data for {method} {0x0000022e81401280} 'simpleUpdate' '(F)V' in 'com/csproject/jMEMain')}
  0x0000022e17b7c4f4: c048 baa8 | 8fe3 812e | 0200 00be | d00c 0000 | 7505 bee0 | 0c00 0048 | 8b3c 3248 | 8d7f 0148 
  0x0000022e17b7c514: 893c 320f | 8583 f8ff | ff41 b800 | 0000 00e9 | 1700 0000 

  0x0000022e17b7c528: ;   {metadata(method data for {method} {0x0000022e81401280} 'simpleUpdate' '(F)V' in 'com/csproject/jMEMain')}
  0x0000022e17b7c528: 49b8 a88f | e381 2e02 | 0000 41ff | 8088 0c00 | 0041 b801 | 0000 0044 | 2384 24b8 | 0100 0049 
  0x0000022e17b7c548: 8bf0 89b4 | 24b8 0100 | 0048 8b84 | 24b0 0100 | 00e9 aaf4 | ffff 8bb4 | 24b8 0100 

  0x0000022e17b7c564: ;   {metadata(method data for {method} {0x0000022e81401280} 'simpleUpdate' '(F)V' in 'com/csproject/jMEMain')}
  0x0000022e17b7c564: 0085 f649 | b8a8 8fe3 | 812e 0200 | 00ba 400d | 0000 7405 | ba50 0d00 | 0049 8b3c | 1048 8d7f 
  0x0000022e17b7c584: 0149 893c | 100f 84fd | 0100 0089 | b424 b801 

  0x0000022e17b7c594: ;   {oop(a 'java/lang/Class'{0x0000000404104738} = 'java/lang/System')}
  0x0000022e17b7c594: 0000 49b8 | 3847 1004 | 0400 0000 | 418b 5078 | 48c1 e203 

  0x0000022e17b7c5a8: ; implicit exception: dispatches to 0x0000022e17b7d187
  0x0000022e17b7c5a8: 483b 024c 

  0x0000022e17b7c5ac: ;   {metadata(method data for {method} {0x0000022e81401280} 'simpleUpdate' '(F)V' in 'com/csproject/jMEMain')}
  0x0000022e17b7c5ac: 8bc2 48bf | a88f e381 | 2e02 0000 

  0x0000022e17b7c5b8: ;   {metadata('java/io/PrintStream')}
  0x0000022e17b7c5b8: 49ba 78c9 | 163f 2e02 | 0000 4c89 | 9768 0d00 | 0048 8387 | 700d 0000 

  0x0000022e17b7c5d0: ;   {oop("Success"{0x00000004421a3960})}
  0x0000022e17b7c5d0: 0149 b860 | 391a 4204 | 0000 000f 

  0x0000022e17b7c5dc: ;   {optimized virtual_call}
  0x0000022e17b7c5dc: 1f40 00e8 

  0x0000022e17b7c5e0: ; ImmutableOopMap {[176]=Oop [432]=Oop }
                      ;*invokevirtual println {reexecute=0 rethrow=0 return_oop=0}
                      ; - com.csproject.jMEMain::simpleUpdate@463 (line 105)
  0x0000022e17b7c5e0: 190d 0000 

  0x0000022e17b7c5e4: ;   {other}
  0x0000022e17b7c5e4: 0f1f 8400 | 5c3f 002f 

  0x0000022e17b7c5ec: ;   {static_call}
  0x0000022e17b7c5ec: 6666 90e8 

  0x0000022e17b7c5f0: ; ImmutableOopMap {[176]=Oop [432]=Oop }
                      ;*invokestatic CreateAndShowWindow {reexecute=0 rethrow=0 return_oop=0}
                      ; - com.csproject.jMEMain::simpleUpdate@466 (line 106)
  0x0000022e17b7c5f0: 190d 0000 

  0x0000022e17b7c5f4: ;   {other}
  0x0000022e17b7c5f4: 0f1f 8400 | 6c3f 0030 

  0x0000022e17b7c5fc: ;   {metadata(method data for {method} {0x0000022e81401280} 'simpleUpdate' '(F)V' in 'com/csproject/jMEMain')}
  0x0000022e17b7c5fc: 48ba a88f | e381 2e02 | 0000 4883 | 82a0 0d00 

  0x0000022e17b7c60c: ;   {metadata(method data for {method} {0x0000022e3f17da60} 'exit' '(I)V' in 'java/lang/System')}
  0x0000022e17b7c60c: 0001 48ba | 7803 d781 | 2e02 0000 | 8bb2 cc00 | 0000 83c6 | 0289 b2cc | 0000 0081 | e6fe ff1f 
  0x0000022e17b7c62c: 0085 f60f | 8457 0b00 

  0x0000022e17b7c634: ;   {metadata(method data for {method} {0x0000022e3f17da60} 'exit' '(I)V' in 'java/lang/System')}
  0x0000022e17b7c634: 0048 ba78 | 03d7 812e | 0200 0048 | 8382 1801 

  0x0000022e17b7c644: ;   {metadata(method data for {method} {0x0000022e3f22b4d8} 'getRuntime' '()Ljava/lang/Runtime;' in 'java/lang/Runtime')}
  0x0000022e17b7c644: 0000 0148 | ba10 05d7 | 812e 0200 | 008b b2cc | 0000 0083 | c602 89b2 | cc00 0000 | 81e6 feff 
  0x0000022e17b7c664: 1f00 85f6 | 0f84 3f0b 

  0x0000022e17b7c66c: ;   {oop(a 'java/lang/Runtime'{0x00000004040c3b90})}
  0x0000022e17b7c66c: 0000 48ba | 903b 0c04 | 0400 0000 

  0x0000022e17b7c678: ;   {metadata(method data for {method} {0x0000022e3f17da60} 'exit' '(I)V' in 'java/lang/System')}
  0x0000022e17b7c678: 48be 7803 | d781 2e02 

  0x0000022e17b7c680: ;   {metadata('java/lang/Runtime')}
  0x0000022e17b7c680: 0000 49ba | 00aa 223f | 2e02 0000 | 4c89 9630 | 0100 0048 | 8386 3801 

  0x0000022e17b7c698: ;   {metadata(method data for {method} {0x0000022e3f22acb0} 'exit' '(I)V' in 'java/lang/Runtime')}
  0x0000022e17b7c698: 0000 0148 | ba40 06d7 | 812e 0200 | 008b b2cc | 0000 0083 | c602 89b2 | cc00 0000 | 81e6 feff 
  0x0000022e17b7c6b8: 1f00 85f6 | 0f84 0c0b 

  0x0000022e17b7c6c0: ;   {metadata(method data for {method} {0x0000022e3f22acb0} 'exit' '(I)V' in 'java/lang/Runtime')}
  0x0000022e17b7c6c0: 0000 48ba | 4006 d781 | 2e02 0000 | 4883 8218 | 0100 0001 

  0x0000022e17b7c6d4: ;   {metadata(method data for {method} {0x0000022e3f17ddb8} 'getSecurityManager' '()Ljava/lang/SecurityManager;' in 'java/lang/System')}
  0x0000022e17b7c6d4: 48ba a89d | 0281 2e02 | 0000 8bb2 | cc00 0000 | 83c6 0289 | b2cc 0000 | 0081 e6fe | ff1f 0085 
  0x0000022e17b7c6f4: f60f 84f4 

  0x0000022e17b7c6f8: ;   {metadata(method data for {method} {0x0000022e3f17ddb8} 'getSecurityManager' '()Ljava/lang/SecurityManager;' in 'java/lang/System')}
  0x0000022e17b7c6f8: 0a00 0048 | baa8 9d02 | 812e 0200 | 0048 8382 | 1801 0000 

  0x0000022e17b7c70c: ;   {metadata(method data for {method} {0x0000022e3f17ded0} 'allowSecurityManager' '()Z' in 'java/lang/System')}
  0x0000022e17b7c70c: 0148 ba28 | 9f02 812e | 0200 008b | b2cc 0000 | 0083 c602 | 89b2 cc00 | 0000 81e6 | feff 1f00 
  0x0000022e17b7c72c: 85f6 0f84 | dc0a 0000 

  0x0000022e17b7c734: ;   {metadata(method data for {method} {0x0000022e3f17ded0} 'allowSecurityManager' '()Z' in 'java/lang/System')}
  0x0000022e17b7c734: 48ba 289f | 0281 2e02 | 0000 ff82 | 1801 0000 

  0x0000022e17b7c744: ;   {metadata(method data for {method} {0x0000022e3f17ddb8} 'getSecurityManager' '()Ljava/lang/SecurityManager;' in 'java/lang/System')}
  0x0000022e17b7c744: 48ba a89d | 0281 2e02 | 0000 ff82 | 2801 0000 

  0x0000022e17b7c754: ;   {metadata(method data for {method} {0x0000022e3f22acb0} 'exit' '(I)V' in 'java/lang/Runtime')}
  0x0000022e17b7c754: 48ba 4006 | d781 2e02 | 0000 ff82 | 2801 0000 

  0x0000022e17b7c764: ;   {metadata(method data for {method} {0x0000022e3f22acb0} 'exit' '(I)V' in 'java/lang/Runtime')}
  0x0000022e17b7c764: 48bf 4006 | d781 2e02 | 0000 4883 | 8778 0100 | 0001 ba00 | 0000 000f 

  0x0000022e17b7c77c: ;   {static_call}
  0x0000022e17b7c77c: 1f40 00e8 

  0x0000022e17b7c780: ; ImmutableOopMap {[176]=Oop [432]=Oop }
                      ;*invokestatic exit {reexecute=0 rethrow=0 return_oop=0}
                      ; - java.lang.Runtime::exit@14 (line 188)
                      ; - java.lang.System::exit@4 (line 1923)
                      ; - com.csproject.jMEMain::simpleUpdate@470 (line 107)
  0x0000022e17b7c780: d40b 0000 

  0x0000022e17b7c784: ;   {other}
  0x0000022e17b7c784: 0f1f 8400 | fc40 0031 | 4881 c4f0 | 0100 005d 

  0x0000022e17b7c794: ;   {poll_return}
  0x0000022e17b7c794: 493b a748 | 0400 000f | 8790 0a00 

  0x0000022e17b7c7a0: ;   {metadata({method} {0x0000022e81401280} 'simpleUpdate' '(F)V' in 'com/csproject/jMEMain')}
  0x0000022e17b7c7a0: 00c3 49ba | 7812 4081 | 2e02 0000 | 4c89 5424 | 0848 c704 | 24ff ffff 

  0x0000022e17b7c7b8: ;   {runtime_call counter_overflow Runtime1 stub}
  0x0000022e17b7c7b8: ffe8 a2db 

  0x0000022e17b7c7bc: ; ImmutableOopMap {rdx=Oop [176]=Oop }
                      ;*synchronization entry
                      ; - com.csproject.jMEMain::simpleUpdate@-1 (line 60)
  0x0000022e17b7c7bc: 0b07 e934 

  0x0000022e17b7c7c0: ;   {runtime_call throw_null_pointer_exception Runtime1 stub}
  0x0000022e17b7c7c0: c6ff ffe8 

  0x0000022e17b7c7c4: ; ImmutableOopMap {rdx=Oop rsi=Oop [176]=Oop }
                      ;*invokevirtual getPlayer_rigid {reexecute=0 rethrow=0 return_oop=0}
                      ; - com.csproject.jMEMain::simpleUpdate@4 (line 60)
  0x0000022e17b7c7c4: 9866 0b07 

  0x0000022e17b7c7c8: ;   {runtime_call throw_null_pointer_exception Runtime1 stub}
  0x0000022e17b7c7c8: e893 660b 

  0x0000022e17b7c7cc: ; ImmutableOopMap {rdx=Oop rsi=Oop rdi=Oop [176]=Oop }
                      ;*aaload {reexecute=0 rethrow=0 return_oop=0}
                      ; - com.csproject.jMEMain::simpleUpdate@8 (line 60)
                      ;   {runtime_call throw_null_pointer_exception Runtime1 stub}
  0x0000022e17b7c7cc: 07e8 8e66 

  0x0000022e17b7c7d0: ; ImmutableOopMap {rdx=Oop rsi=Oop rdi=Oop [176]=Oop }
                      ;*aaload {reexecute=0 rethrow=0 return_oop=0}
                      ; - com.csproject.jMEMain::simpleUpdate@8 (line 60)
  0x0000022e17b7c7d0: 0b07 48c7 | 0424 0100 | 0000 4889 

  0x0000022e17b7c7dc: ;   {runtime_call throw_range_check_failed Runtime1 stub}
  0x0000022e17b7c7dc: 7c24 08e8 

  0x0000022e17b7c7e0: ; ImmutableOopMap {rdx=Oop rsi=Oop rdi=Oop [176]=Oop }
                      ;*aaload {reexecute=0 rethrow=0 return_oop=0}
                      ; - com.csproject.jMEMain::simpleUpdate@8 (line 60)
  0x0000022e17b7c7e0: 7c54 0b07 

  0x0000022e17b7c7e4: ;   {runtime_call throw_null_pointer_exception Runtime1 stub}
  0x0000022e17b7c7e4: e877 660b 

  0x0000022e17b7c7e8: ; ImmutableOopMap {rdx=Oop rbx=Oop r8=Oop [152]=Oop [168]=Oop [176]=Oop }
                      ;*invokevirtual getPhysicsLocation {reexecute=0 rethrow=0 return_oop=0}
                      ; - com.csproject.jMEMain::simpleUpdate@16 (line 61)
                      ;   {metadata({method} {0x0000022e81c90548} 'getPhysicsLocation' '()Lcom/jme3/math/Vector3f;' in 'com/jme3/bullet/objects/PhysicsCharacter')}
  0x0000022e17b7c7e8: 0749 ba40 | 05c9 812e | 0200 004c | 8954 2408 | 48c7 0424 | ffff ffff 

  0x0000022e17b7c800: ;   {runtime_call counter_overflow Runtime1 stub}
  0x0000022e17b7c800: e85b db0b 

  0x0000022e17b7c804: ; ImmutableOopMap {rdx=Oop rbx=Oop r8=Oop [152]=Oop [168]=Oop [176]=Oop }
                      ;*synchronization entry
                      ; - com.jme3.bullet.objects.PhysicsCharacter::getPhysicsLocation@-1 (line 571)
                      ; - com.csproject.jMEMain::simpleUpdate@16 (line 61)
  0x0000022e17b7c804: 07e9 0ec7 

  0x0000022e17b7c808: ;   {metadata({method} {0x0000022e81c903e8} 'getPhysicsLocation' '(Lcom/jme3/math/Vector3f;)Lcom/jme3/math/Vector3f;' in 'com/jme3/bullet/objects/PhysicsCharacter')}
  0x0000022e17b7c808: ffff 49ba | e003 c981 | 2e02 0000 | 4c89 5424 | 0848 c704 | 24ff ffff 

  0x0000022e17b7c820: ;   {runtime_call counter_overflow Runtime1 stub}
  0x0000022e17b7c820: ffe8 3adb 

  0x0000022e17b7c824: ; ImmutableOopMap {rdx=Oop rbx=Oop r8=Oop [152]=Oop [168]=Oop [176]=Oop }
                      ;*synchronization entry
                      ; - com.jme3.bullet.objects.PhysicsCharacter::getPhysicsLocation@-1 (line 556)
                      ; - com.jme3.bullet.objects.PhysicsCharacter::getPhysicsLocation@2 (line 571)
                      ; - com.csproject.jMEMain::simpleUpdate@16 (line 61)
  0x0000022e17b7c824: 0b07 e9a7 | c7ff ff48 

  0x0000022e17b7c82c: ;   {runtime_call fast_new_instance Runtime1 stub}
  0x0000022e17b7c82c: 8bd2 e82d 

  0x0000022e17b7c830: ; ImmutableOopMap {[152]=Oop [168]=Oop [176]=Oop }
                      ;*new {reexecute=0 rethrow=0 return_oop=0}
                      ; - com.jme3.bullet.objects.PhysicsCharacter::getPhysicsLocation@4 (line 557)
                      ; - com.jme3.bullet.objects.PhysicsCharacter::getPhysicsLocation@2 (line 571)
                      ; - com.csproject.jMEMain::simpleUpdate@16 (line 61)
  0x0000022e17b7c830: 780b 07e9 | fac7 ffff 

  0x0000022e17b7c838: ;   {runtime_call fast_new_instance Runtime1 stub}
  0x0000022e17b7c838: 488b d2e8 

  0x0000022e17b7c83c: ; ImmutableOopMap {rbx=Oop [168]=Oop [176]=Oop }
                      ;*new {reexecute=0 rethrow=0 return_oop=0}
                      ; - com.csproject.jMEMain::simpleUpdate@19 (line 61)
  0x0000022e17b7c83c: 2078 0b07 | e9b7 c8ff 

  0x0000022e17b7c844: ;   {metadata({method} {0x0000022e8144c930} '<init>' '(FFF)V' in 'com/jme3/math/Vector3f')}
  0x0000022e17b7c844: ff49 ba28 | c944 812e | 0200 004c | 8954 2408 | 48c7 0424 | ffff ffff 

  0x0000022e17b7c85c: ;   {runtime_call counter_overflow Runtime1 stub}
  0x0000022e17b7c85c: e8ff da0b 

  0x0000022e17b7c860: ; ImmutableOopMap {rbx=Oop rax=Oop [168]=Oop [176]=Oop }
                      ;*synchronization entry
                      ; - com.jme3.math.Vector3f::<init>@-1 (line 109)
                      ; - com.csproject.jMEMain::simpleUpdate@27 (line 61)
  0x0000022e17b7c860: 07e9 d4c8 

  0x0000022e17b7c864: ;   {metadata({method} {0x0000022e3f49d700} '<init>' '()V' in 'java/lang/Object')}
  0x0000022e17b7c864: ffff 49ba | f8d6 493f | 2e02 0000 | 4c89 5424 | 0848 c704 | 24ff ffff 

  0x0000022e17b7c87c: ;   {runtime_call counter_overflow Runtime1 stub}
  0x0000022e17b7c87c: ffe8 deda 

  0x0000022e17b7c880: ; ImmutableOopMap {rbx=Oop rax=Oop [168]=Oop [176]=Oop }
                      ;*synchronization entry
                      ; - java.lang.Object::<init>@-1 (line 45)
                      ; - com.jme3.math.Vector3f::<init>@1 (line 109)
                      ; - com.csproject.jMEMain::simpleUpdate@27 (line 61)
  0x0000022e17b7c880: 0b07 e9f1 

  0x0000022e17b7c884: ;   {runtime_call throw_null_pointer_exception Runtime1 stub}
  0x0000022e17b7c884: c8ff ffe8 

  0x0000022e17b7c888: ; ImmutableOopMap {rax=Oop rbx=Oop [168]=Oop [176]=Oop }
                      ;*invokevirtual setPhysicsLocation {reexecute=0 rethrow=0 return_oop=0}
                      ; - com.csproject.jMEMain::simpleUpdate@33 (line 60)
  0x0000022e17b7c888: d465 0b07 

  0x0000022e17b7c88c: ;   {metadata({method} {0x0000022e81ac1ae8} 'setPhysicsLocation' '(Lcom/jme3/math/Vector3f;)V' in 'com/jme3/bullet/objects/PhysicsRigidBody')}
  0x0000022e17b7c88c: 49ba e01a | ac81 2e02 | 0000 4c89 | 5424 0848 | c704 24ff 

  0x0000022e17b7c8a0: ;   {runtime_call counter_overflow Runtime1 stub}
  0x0000022e17b7c8a0: ffff ffe8 

  0x0000022e17b7c8a4: ; ImmutableOopMap {rax=Oop rbx=Oop [168]=Oop [176]=Oop }
                      ;*synchronization entry
                      ; - com.jme3.bullet.objects.PhysicsRigidBody::setPhysicsLocation@-1 (line 181)
                      ; - com.csproject.jMEMain::simpleUpdate@33 (line 60)
  0x0000022e17b7c8a4: b8da 0b07 | e9ca c9ff 

  0x0000022e17b7c8ac: ;   {runtime_call throw_null_pointer_exception Runtime1 stub}
  0x0000022e17b7c8ac: ffe8 ae65 

  0x0000022e17b7c8b0: ; ImmutableOopMap {rdx=Oop rsi=Oop [176]=Oop }
                      ;*invokevirtual getPlayer_rigid {reexecute=0 rethrow=0 return_oop=0}
                      ; - com.csproject.jMEMain::simpleUpdate@40 (line 63)
                      ;   {runtime_call throw_null_pointer_exception Runtime1 stub}
  0x0000022e17b7c8b0: 0b07 e8a9 

  0x0000022e17b7c8b4: ; ImmutableOopMap {rdx=Oop rsi=Oop rdi=Oop [176]=Oop }
                      ;*aaload {reexecute=0 rethrow=0 return_oop=0}
                      ; - com.csproject.jMEMain::simpleUpdate@44 (line 63)
                      ;   {runtime_call throw_null_pointer_exception Runtime1 stub}
  0x0000022e17b7c8b4: 650b 07e8 

  0x0000022e17b7c8b8: ; ImmutableOopMap {rdx=Oop rsi=Oop rdi=Oop [176]=Oop }
                      ;*aaload {reexecute=0 rethrow=0 return_oop=0}
                      ; - com.csproject.jMEMain::simpleUpdate@44 (line 63)
  0x0000022e17b7c8b8: a465 0b07 | 48c7 0424 | 0200 0000 | 4889 7c24 

  0x0000022e17b7c8c8: ;   {runtime_call throw_range_check_failed Runtime1 stub}
  0x0000022e17b7c8c8: 08e8 9253 

  0x0000022e17b7c8cc: ; ImmutableOopMap {rdx=Oop rsi=Oop rdi=Oop [176]=Oop }
                      ;*aaload {reexecute=0 rethrow=0 return_oop=0}
                      ; - com.csproject.jMEMain::simpleUpdate@44 (line 63)
                      ;   {runtime_call throw_null_pointer_exception Runtime1 stub}
  0x0000022e17b7c8cc: 0b07 e88d 

  0x0000022e17b7c8d0: ; ImmutableOopMap {rdx=Oop rbx=Oop r8=Oop [176]=Oop [192]=Oop [208]=Oop }
                      ;*invokevirtual getPhysicsLocation {reexecute=0 rethrow=0 return_oop=0}
                      ; - com.csproject.jMEMain::simpleUpdate@52 (line 64)
                      ;   {metadata({method} {0x0000022e81c90548} 'getPhysicsLocation' '()Lcom/jme3/math/Vector3f;' in 'com/jme3/bullet/objects/PhysicsCharacter')}
  0x0000022e17b7c8d0: 650b 0749 | ba40 05c9 | 812e 0200 | 004c 8954 | 2408 48c7 | 0424 ffff 

  0x0000022e17b7c8e8: ;   {runtime_call counter_overflow Runtime1 stub}
  0x0000022e17b7c8e8: ffff e871 

  0x0000022e17b7c8ec: ; ImmutableOopMap {rdx=Oop rbx=Oop r8=Oop [176]=Oop [192]=Oop [208]=Oop }
                      ;*synchronization entry
                      ; - com.jme3.bullet.objects.PhysicsCharacter::getPhysicsLocation@-1 (line 571)
                      ; - com.csproject.jMEMain::simpleUpdate@52 (line 64)
  0x0000022e17b7c8ec: da0b 07e9 | e1ca ffff 

  0x0000022e17b7c8f4: ;   {metadata({method} {0x0000022e81c903e8} 'getPhysicsLocation' '(Lcom/jme3/math/Vector3f;)Lcom/jme3/math/Vector3f;' in 'com/jme3/bullet/objects/PhysicsCharacter')}
  0x0000022e17b7c8f4: 49ba e003 | c981 2e02 | 0000 4c89 | 5424 0848 | c704 24ff 

  0x0000022e17b7c908: ;   {runtime_call counter_overflow Runtime1 stub}
  0x0000022e17b7c908: ffff ffe8 

  0x0000022e17b7c90c: ; ImmutableOopMap {rdx=Oop rbx=Oop r8=Oop [176]=Oop [192]=Oop [208]=Oop }
                      ;*synchronization entry
                      ; - com.jme3.bullet.objects.PhysicsCharacter::getPhysicsLocation@-1 (line 556)
                      ; - com.jme3.bullet.objects.PhysicsCharacter::getPhysicsLocation@2 (line 571)
                      ; - com.csproject.jMEMain::simpleUpdate@52 (line 64)
  0x0000022e17b7c90c: 50da 0b07 | e97a cbff | ff48 8bd2 

  0x0000022e17b7c918: ;   {runtime_call fast_new_instance Runtime1 stub}
  0x0000022e17b7c918: e843 770b 

  0x0000022e17b7c91c: ; ImmutableOopMap {[176]=Oop [192]=Oop [208]=Oop }
                      ;*new {reexecute=0 rethrow=0 return_oop=0}
                      ; - com.jme3.bullet.objects.PhysicsCharacter::getPhysicsLocation@4 (line 557)
                      ; - com.jme3.bullet.objects.PhysicsCharacter::getPhysicsLocation@2 (line 571)
                      ; - com.csproject.jMEMain::simpleUpdate@52 (line 64)
  0x0000022e17b7c91c: 07e9 cdcb | ffff 488b 

  0x0000022e17b7c924: ;   {runtime_call fast_new_instance Runtime1 stub}
  0x0000022e17b7c924: d2e8 3677 

  0x0000022e17b7c928: ; ImmutableOopMap {rbx=Oop [176]=Oop [208]=Oop }
                      ;*new {reexecute=0 rethrow=0 return_oop=0}
                      ; - com.csproject.jMEMain::simpleUpdate@55 (line 64)
  0x0000022e17b7c928: 0b07 e985 

  0x0000022e17b7c92c: ;   {metadata({method} {0x0000022e8144c930} '<init>' '(FFF)V' in 'com/jme3/math/Vector3f')}
  0x0000022e17b7c92c: ccff ff49 | ba28 c944 | 812e 0200 | 004c 8954 | 2408 48c7 | 0424 ffff 

  0x0000022e17b7c944: ;   {runtime_call counter_overflow Runtime1 stub}
  0x0000022e17b7c944: ffff e815 

  0x0000022e17b7c948: ; ImmutableOopMap {rbx=Oop rax=Oop [176]=Oop [208]=Oop }
                      ;*synchronization entry
                      ; - com.jme3.math.Vector3f::<init>@-1 (line 109)
                      ; - com.csproject.jMEMain::simpleUpdate@63 (line 64)
  0x0000022e17b7c948: da0b 07e9 | a2cc ffff 

  0x0000022e17b7c950: ;   {metadata({method} {0x0000022e3f49d700} '<init>' '()V' in 'java/lang/Object')}
  0x0000022e17b7c950: 49ba f8d6 | 493f 2e02 | 0000 4c89 | 5424 0848 | c704 24ff 

  0x0000022e17b7c964: ;   {runtime_call counter_overflow Runtime1 stub}
  0x0000022e17b7c964: ffff ffe8 

  0x0000022e17b7c968: ; ImmutableOopMap {rbx=Oop rax=Oop [176]=Oop [208]=Oop }
                      ;*synchronization entry
                      ; - java.lang.Object::<init>@-1 (line 45)
                      ; - com.jme3.math.Vector3f::<init>@1 (line 109)
                      ; - com.csproject.jMEMain::simpleUpdate@63 (line 64)
  0x0000022e17b7c968: f4d9 0b07 | e9bf ccff 

  0x0000022e17b7c970: ;   {runtime_call throw_null_pointer_exception Runtime1 stub}
  0x0000022e17b7c970: ffe8 ea64 

  0x0000022e17b7c974: ; ImmutableOopMap {rax=Oop rbx=Oop [176]=Oop [208]=Oop }
                      ;*invokevirtual setPhysicsLocation {reexecute=0 rethrow=0 return_oop=0}
                      ; - com.csproject.jMEMain::simpleUpdate@69 (line 63)
                      ;   {metadata({method} {0x0000022e81ac1ae8} 'setPhysicsLocation' '(Lcom/jme3/math/Vector3f;)V' in 'com/jme3/bullet/objects/PhysicsRigidBody')}
  0x0000022e17b7c974: 0b07 49ba | e01a ac81 | 2e02 0000 | 4c89 5424 | 0848 c704 | 24ff ffff 

  0x0000022e17b7c98c: ;   {runtime_call counter_overflow Runtime1 stub}
  0x0000022e17b7c98c: ffe8 ced9 

  0x0000022e17b7c990: ; ImmutableOopMap {rax=Oop rbx=Oop [176]=Oop [208]=Oop }
                      ;*synchronization entry
                      ; - com.jme3.bullet.objects.PhysicsRigidBody::setPhysicsLocation@-1 (line 181)
                      ; - com.csproject.jMEMain::simpleUpdate@69 (line 63)
  0x0000022e17b7c990: 0b07 e998 

  0x0000022e17b7c994: ;   {runtime_call throw_null_pointer_exception Runtime1 stub}
  0x0000022e17b7c994: cdff ffe8 

  0x0000022e17b7c998: ; ImmutableOopMap {rdx=Oop rsi=Oop [176]=Oop }
                      ;*invokevirtual getPlayer_rigid {reexecute=0 rethrow=0 return_oop=0}
                      ; - com.csproject.jMEMain::simpleUpdate@76 (line 66)
  0x0000022e17b7c998: c464 0b07 

  0x0000022e17b7c99c: ;   {runtime_call throw_null_pointer_exception Runtime1 stub}
  0x0000022e17b7c99c: e8bf 640b 

  0x0000022e17b7c9a0: ; ImmutableOopMap {rdx=Oop rsi=Oop rdi=Oop [176]=Oop }
                      ;*aaload {reexecute=0 rethrow=0 return_oop=0}
                      ; - com.csproject.jMEMain::simpleUpdate@80 (line 66)
                      ;   {runtime_call throw_null_pointer_exception Runtime1 stub}
  0x0000022e17b7c9a0: 07e8 ba64 

  0x0000022e17b7c9a4: ; ImmutableOopMap {rdx=Oop rsi=Oop rdi=Oop [176]=Oop }
                      ;*aaload {reexecute=0 rethrow=0 return_oop=0}
                      ; - com.csproject.jMEMain::simpleUpdate@80 (line 66)
  0x0000022e17b7c9a4: 0b07 48c7 | 0424 0300 | 0000 4889 

  0x0000022e17b7c9b0: ;   {runtime_call throw_range_check_failed Runtime1 stub}
  0x0000022e17b7c9b0: 7c24 08e8 

  0x0000022e17b7c9b4: ; ImmutableOopMap {rdx=Oop rsi=Oop rdi=Oop [176]=Oop }
                      ;*aaload {reexecute=0 rethrow=0 return_oop=0}
                      ; - com.csproject.jMEMain::simpleUpdate@80 (line 66)
  0x0000022e17b7c9b4: a852 0b07 

  0x0000022e17b7c9b8: ;   {runtime_call throw_null_pointer_exception Runtime1 stub}
  0x0000022e17b7c9b8: e8a3 640b 

  0x0000022e17b7c9bc: ; ImmutableOopMap {rdx=Oop rbx=Oop r8=Oop [176]=Oop [224]=Oop [240]=Oop }
                      ;*invokevirtual getPhysicsLocation {reexecute=0 rethrow=0 return_oop=0}
                      ; - com.csproject.jMEMain::simpleUpdate@88 (line 67)
                      ;   {metadata({method} {0x0000022e81c90548} 'getPhysicsLocation' '()Lcom/jme3/math/Vector3f;' in 'com/jme3/bullet/objects/PhysicsCharacter')}
  0x0000022e17b7c9bc: 0749 ba40 | 05c9 812e | 0200 004c | 8954 2408 | 48c7 0424 | ffff ffff 

  0x0000022e17b7c9d4: ;   {runtime_call counter_overflow Runtime1 stub}
  0x0000022e17b7c9d4: e887 d90b 

  0x0000022e17b7c9d8: ; ImmutableOopMap {rdx=Oop rbx=Oop r8=Oop [176]=Oop [224]=Oop [240]=Oop }
                      ;*synchronization entry
                      ; - com.jme3.bullet.objects.PhysicsCharacter::getPhysicsLocation@-1 (line 571)
                      ; - com.csproject.jMEMain::simpleUpdate@88 (line 67)
  0x0000022e17b7c9d8: 07e9 afce 

  0x0000022e17b7c9dc: ;   {metadata({method} {0x0000022e81c903e8} 'getPhysicsLocation' '(Lcom/jme3/math/Vector3f;)Lcom/jme3/math/Vector3f;' in 'com/jme3/bullet/objects/PhysicsCharacter')}
  0x0000022e17b7c9dc: ffff 49ba | e003 c981 | 2e02 0000 | 4c89 5424 | 0848 c704 | 24ff ffff 

  0x0000022e17b7c9f4: ;   {runtime_call counter_overflow Runtime1 stub}
  0x0000022e17b7c9f4: ffe8 66d9 

  0x0000022e17b7c9f8: ; ImmutableOopMap {rdx=Oop rbx=Oop r8=Oop [176]=Oop [224]=Oop [240]=Oop }
                      ;*synchronization entry
                      ; - com.jme3.bullet.objects.PhysicsCharacter::getPhysicsLocation@-1 (line 556)
                      ; - com.jme3.bullet.objects.PhysicsCharacter::getPhysicsLocation@2 (line 571)
                      ; - com.csproject.jMEMain::simpleUpdate@88 (line 67)
  0x0000022e17b7c9f8: 0b07 e948 | cfff ff48 

  0x0000022e17b7ca00: ;   {runtime_call fast_new_instance Runtime1 stub}
  0x0000022e17b7ca00: 8bd2 e859 

  0x0000022e17b7ca04: ; ImmutableOopMap {[176]=Oop [224]=Oop [240]=Oop }
                      ;*new {reexecute=0 rethrow=0 return_oop=0}
                      ; - com.jme3.bullet.objects.PhysicsCharacter::getPhysicsLocation@4 (line 557)
                      ; - com.jme3.bullet.objects.PhysicsCharacter::getPhysicsLocation@2 (line 571)
                      ; - com.csproject.jMEMain::simpleUpdate@88 (line 67)
  0x0000022e17b7ca04: 760b 07e9 | 9bcf ffff 

  0x0000022e17b7ca0c: ;   {runtime_call fast_new_instance Runtime1 stub}
  0x0000022e17b7ca0c: 488b d2e8 

  0x0000022e17b7ca10: ; ImmutableOopMap {rbx=Oop [176]=Oop [240]=Oop }
                      ;*new {reexecute=0 rethrow=0 return_oop=0}
                      ; - com.csproject.jMEMain::simpleUpdate@91 (line 67)
  0x0000022e17b7ca10: 4c76 0b07 | e953 d0ff 

  0x0000022e17b7ca18: ;   {metadata({method} {0x0000022e8144c930} '<init>' '(FFF)V' in 'com/jme3/math/Vector3f')}
  0x0000022e17b7ca18: ff49 ba28 | c944 812e | 0200 004c | 8954 2408 | 48c7 0424 | ffff ffff 

  0x0000022e17b7ca30: ;   {runtime_call counter_overflow Runtime1 stub}
  0x0000022e17b7ca30: e82b d90b 

  0x0000022e17b7ca34: ; ImmutableOopMap {rbx=Oop rax=Oop [176]=Oop [240]=Oop }
                      ;*synchronization entry
                      ; - com.jme3.math.Vector3f::<init>@-1 (line 109)
                      ; - com.csproject.jMEMain::simpleUpdate@99 (line 67)
  0x0000022e17b7ca34: 07e9 70d0 

  0x0000022e17b7ca38: ;   {metadata({method} {0x0000022e3f49d700} '<init>' '()V' in 'java/lang/Object')}
  0x0000022e17b7ca38: ffff 49ba | f8d6 493f | 2e02 0000 | 4c89 5424 | 0848 c704 | 24ff ffff 

  0x0000022e17b7ca50: ;   {runtime_call counter_overflow Runtime1 stub}
  0x0000022e17b7ca50: ffe8 0ad9 

  0x0000022e17b7ca54: ; ImmutableOopMap {rbx=Oop rax=Oop [176]=Oop [240]=Oop }
                      ;*synchronization entry
                      ; - java.lang.Object::<init>@-1 (line 45)
                      ; - com.jme3.math.Vector3f::<init>@1 (line 109)
                      ; - com.csproject.jMEMain::simpleUpdate@99 (line 67)
  0x0000022e17b7ca54: 0b07 e98d 

  0x0000022e17b7ca58: ;   {runtime_call throw_null_pointer_exception Runtime1 stub}
  0x0000022e17b7ca58: d0ff ffe8 

  0x0000022e17b7ca5c: ; ImmutableOopMap {rax=Oop rbx=Oop [176]=Oop [240]=Oop }
                      ;*invokevirtual setPhysicsLocation {reexecute=0 rethrow=0 return_oop=0}
                      ; - com.csproject.jMEMain::simpleUpdate@105 (line 66)
  0x0000022e17b7ca5c: 0064 0b07 

  0x0000022e17b7ca60: ;   {metadata({method} {0x0000022e81ac1ae8} 'setPhysicsLocation' '(Lcom/jme3/math/Vector3f;)V' in 'com/jme3/bullet/objects/PhysicsRigidBody')}
  0x0000022e17b7ca60: 49ba e01a | ac81 2e02 | 0000 4c89 | 5424 0848 | c704 24ff 

  0x0000022e17b7ca74: ;   {runtime_call counter_overflow Runtime1 stub}
  0x0000022e17b7ca74: ffff ffe8 

  0x0000022e17b7ca78: ; ImmutableOopMap {rax=Oop rbx=Oop [176]=Oop [240]=Oop }
                      ;*synchronization entry
                      ; - com.jme3.bullet.objects.PhysicsRigidBody::setPhysicsLocation@-1 (line 181)
                      ; - com.csproject.jMEMain::simpleUpdate@105 (line 66)
  0x0000022e17b7ca78: e4d8 0b07 | e966 d1ff 

  0x0000022e17b7ca80: ;   {runtime_call throw_null_pointer_exception Runtime1 stub}
  0x0000022e17b7ca80: ffe8 da63 

  0x0000022e17b7ca84: ; ImmutableOopMap {rdx=Oop rsi=Oop [176]=Oop }
                      ;*invokevirtual getPlayer_rigid {reexecute=0 rethrow=0 return_oop=0}
                      ; - com.csproject.jMEMain::simpleUpdate@112 (line 69)
                      ;   {runtime_call throw_null_pointer_exception Runtime1 stub}
  0x0000022e17b7ca84: 0b07 e8d5 

  0x0000022e17b7ca88: ; ImmutableOopMap {rdx=Oop rsi=Oop rdi=Oop [176]=Oop }
                      ;*aaload {reexecute=0 rethrow=0 return_oop=0}
                      ; - com.csproject.jMEMain::simpleUpdate@116 (line 69)
                      ;   {runtime_call throw_null_pointer_exception Runtime1 stub}
  0x0000022e17b7ca88: 630b 07e8 

  0x0000022e17b7ca8c: ; ImmutableOopMap {rdx=Oop rsi=Oop rdi=Oop [176]=Oop }
                      ;*aaload {reexecute=0 rethrow=0 return_oop=0}
                      ; - com.csproject.jMEMain::simpleUpdate@116 (line 69)
  0x0000022e17b7ca8c: d063 0b07 | 48c7 0424 | 0400 0000 | 4889 7c24 

  0x0000022e17b7ca9c: ;   {runtime_call throw_range_check_failed Runtime1 stub}
  0x0000022e17b7ca9c: 08e8 be51 

  0x0000022e17b7caa0: ; ImmutableOopMap {rdx=Oop rsi=Oop rdi=Oop [176]=Oop }
                      ;*aaload {reexecute=0 rethrow=0 return_oop=0}
                      ; - com.csproject.jMEMain::simpleUpdate@116 (line 69)
                      ;   {runtime_call throw_null_pointer_exception Runtime1 stub}
  0x0000022e17b7caa0: 0b07 e8b9 

  0x0000022e17b7caa4: ; ImmutableOopMap {rdx=Oop rbx=Oop r8=Oop [176]=Oop [256]=Oop [272]=Oop }
                      ;*invokevirtual getPhysicsLocation {reexecute=0 rethrow=0 return_oop=0}
                      ; - com.csproject.jMEMain::simpleUpdate@124 (line 70)
                      ;   {metadata({method} {0x0000022e81c90548} 'getPhysicsLocation' '()Lcom/jme3/math/Vector3f;' in 'com/jme3/bullet/objects/PhysicsCharacter')}
  0x0000022e17b7caa4: 630b 0749 | ba40 05c9 | 812e 0200 | 004c 8954 | 2408 48c7 | 0424 ffff 

  0x0000022e17b7cabc: ;   {runtime_call counter_overflow Runtime1 stub}
  0x0000022e17b7cabc: ffff e89d 

  0x0000022e17b7cac0: ; ImmutableOopMap {rdx=Oop rbx=Oop r8=Oop [176]=Oop [256]=Oop [272]=Oop }
                      ;*synchronization entry
                      ; - com.jme3.bullet.objects.PhysicsCharacter::getPhysicsLocation@-1 (line 571)
                      ; - com.csproject.jMEMain::simpleUpdate@124 (line 70)
  0x0000022e17b7cac0: d80b 07e9 | 7dd2 ffff 

  0x0000022e17b7cac8: ;   {metadata({method} {0x0000022e81c903e8} 'getPhysicsLocation' '(Lcom/jme3/math/Vector3f;)Lcom/jme3/math/Vector3f;' in 'com/jme3/bullet/objects/PhysicsCharacter')}
  0x0000022e17b7cac8: 49ba e003 | c981 2e02 | 0000 4c89 | 5424 0848 | c704 24ff 

  0x0000022e17b7cadc: ;   {runtime_call counter_overflow Runtime1 stub}
  0x0000022e17b7cadc: ffff ffe8 

  0x0000022e17b7cae0: ; ImmutableOopMap {rdx=Oop rbx=Oop r8=Oop [176]=Oop [256]=Oop [272]=Oop }
                      ;*synchronization entry
                      ; - com.jme3.bullet.objects.PhysicsCharacter::getPhysicsLocation@-1 (line 556)
                      ; - com.jme3.bullet.objects.PhysicsCharacter::getPhysicsLocation@2 (line 571)
                      ; - com.csproject.jMEMain::simpleUpdate@124 (line 70)
  0x0000022e17b7cae0: 7cd8 0b07 | e916 d3ff | ff48 8bd2 

  0x0000022e17b7caec: ;   {runtime_call fast_new_instance Runtime1 stub}
  0x0000022e17b7caec: e86f 750b 

  0x0000022e17b7caf0: ; ImmutableOopMap {[176]=Oop [256]=Oop [272]=Oop }
                      ;*new {reexecute=0 rethrow=0 return_oop=0}
                      ; - com.jme3.bullet.objects.PhysicsCharacter::getPhysicsLocation@4 (line 557)
                      ; - com.jme3.bullet.objects.PhysicsCharacter::getPhysicsLocation@2 (line 571)
                      ; - com.csproject.jMEMain::simpleUpdate@124 (line 70)
  0x0000022e17b7caf0: 07e9 69d3 | ffff 488b 

  0x0000022e17b7caf8: ;   {runtime_call fast_new_instance Runtime1 stub}
  0x0000022e17b7caf8: d2e8 6275 

  0x0000022e17b7cafc: ; ImmutableOopMap {rbx=Oop [176]=Oop [272]=Oop }
                      ;*new {reexecute=0 rethrow=0 return_oop=0}
                      ; - com.csproject.jMEMain::simpleUpdate@127 (line 70)
  0x0000022e17b7cafc: 0b07 e921 

  0x0000022e17b7cb00: ;   {metadata({method} {0x0000022e8144c930} '<init>' '(FFF)V' in 'com/jme3/math/Vector3f')}
  0x0000022e17b7cb00: d4ff ff49 | ba28 c944 | 812e 0200 | 004c 8954 | 2408 48c7 | 0424 ffff 

  0x0000022e17b7cb18: ;   {runtime_call counter_overflow Runtime1 stub}
  0x0000022e17b7cb18: ffff e841 

  0x0000022e17b7cb1c: ; ImmutableOopMap {rbx=Oop rax=Oop [176]=Oop [272]=Oop }
                      ;*synchronization entry
                      ; - com.jme3.math.Vector3f::<init>@-1 (line 109)
                      ; - com.csproject.jMEMain::simpleUpdate@135 (line 70)
  0x0000022e17b7cb1c: d80b 07e9 | 3ed4 ffff 

  0x0000022e17b7cb24: ;   {metadata({method} {0x0000022e3f49d700} '<init>' '()V' in 'java/lang/Object')}
  0x0000022e17b7cb24: 49ba f8d6 | 493f 2e02 | 0000 4c89 | 5424 0848 | c704 24ff 

  0x0000022e17b7cb38: ;   {runtime_call counter_overflow Runtime1 stub}
  0x0000022e17b7cb38: ffff ffe8 

  0x0000022e17b7cb3c: ; ImmutableOopMap {rbx=Oop rax=Oop [176]=Oop [272]=Oop }
                      ;*synchronization entry
                      ; - java.lang.Object::<init>@-1 (line 45)
                      ; - com.jme3.math.Vector3f::<init>@1 (line 109)
                      ; - com.csproject.jMEMain::simpleUpdate@135 (line 70)
  0x0000022e17b7cb3c: 20d8 0b07 | e95b d4ff 

  0x0000022e17b7cb44: ;   {runtime_call throw_null_pointer_exception Runtime1 stub}
  0x0000022e17b7cb44: ffe8 1663 

  0x0000022e17b7cb48: ; ImmutableOopMap {rax=Oop rbx=Oop [176]=Oop [272]=Oop }
                      ;*invokevirtual setPhysicsLocation {reexecute=0 rethrow=0 return_oop=0}
                      ; - com.csproject.jMEMain::simpleUpdate@141 (line 69)
                      ;   {metadata({method} {0x0000022e81ac1ae8} 'setPhysicsLocation' '(Lcom/jme3/math/Vector3f;)V' in 'com/jme3/bullet/objects/PhysicsRigidBody')}
  0x0000022e17b7cb48: 0b07 49ba | e01a ac81 | 2e02 0000 | 4c89 5424 | 0848 c704 | 24ff ffff 

  0x0000022e17b7cb60: ;   {runtime_call counter_overflow Runtime1 stub}
  0x0000022e17b7cb60: ffe8 fad7 

  0x0000022e17b7cb64: ; ImmutableOopMap {rax=Oop rbx=Oop [176]=Oop [272]=Oop }
                      ;*synchronization entry
                      ; - com.jme3.bullet.objects.PhysicsRigidBody::setPhysicsLocation@-1 (line 181)
                      ; - com.csproject.jMEMain::simpleUpdate@141 (line 69)
  0x0000022e17b7cb64: 0b07 e934 

  0x0000022e17b7cb68: ;   {runtime_call throw_null_pointer_exception Runtime1 stub}
  0x0000022e17b7cb68: d5ff ffe8 

  0x0000022e17b7cb6c: ; ImmutableOopMap {rdx=Oop rsi=Oop [176]=Oop }
                      ;*invokevirtual getPlayer_rigid {reexecute=0 rethrow=0 return_oop=0}
                      ; - com.csproject.jMEMain::simpleUpdate@148 (line 72)
  0x0000022e17b7cb6c: f062 0b07 

  0x0000022e17b7cb70: ;   {runtime_call throw_null_pointer_exception Runtime1 stub}
  0x0000022e17b7cb70: e8eb 620b 

  0x0000022e17b7cb74: ; ImmutableOopMap {rdx=Oop rsi=Oop rdi=Oop [176]=Oop }
                      ;*aaload {reexecute=0 rethrow=0 return_oop=0}
                      ; - com.csproject.jMEMain::simpleUpdate@152 (line 72)
                      ;   {runtime_call throw_null_pointer_exception Runtime1 stub}
  0x0000022e17b7cb74: 07e8 e662 

  0x0000022e17b7cb78: ; ImmutableOopMap {rdx=Oop rsi=Oop rdi=Oop [176]=Oop }
                      ;*aaload {reexecute=0 rethrow=0 return_oop=0}
                      ; - com.csproject.jMEMain::simpleUpdate@152 (line 72)
  0x0000022e17b7cb78: 0b07 48c7 | 0424 0500 | 0000 4889 

  0x0000022e17b7cb84: ;   {runtime_call throw_range_check_failed Runtime1 stub}
  0x0000022e17b7cb84: 7c24 08e8 

  0x0000022e17b7cb88: ; ImmutableOopMap {rdx=Oop rsi=Oop rdi=Oop [176]=Oop }
                      ;*aaload {reexecute=0 rethrow=0 return_oop=0}
                      ; - com.csproject.jMEMain::simpleUpdate@152 (line 72)
  0x0000022e17b7cb88: d450 0b07 

  0x0000022e17b7cb8c: ;   {runtime_call throw_null_pointer_exception Runtime1 stub}
  0x0000022e17b7cb8c: e8cf 620b 

  0x0000022e17b7cb90: ; ImmutableOopMap {rdx=Oop rbx=Oop r8=Oop [176]=Oop [288]=Oop [304]=Oop }
                      ;*invokevirtual getPhysicsLocation {reexecute=0 rethrow=0 return_oop=0}
                      ; - com.csproject.jMEMain::simpleUpdate@160 (line 73)
                      ;   {metadata({method} {0x0000022e81c90548} 'getPhysicsLocation' '()Lcom/jme3/math/Vector3f;' in 'com/jme3/bullet/objects/PhysicsCharacter')}
  0x0000022e17b7cb90: 0749 ba40 | 05c9 812e | 0200 004c | 8954 2408 | 48c7 0424 | ffff ffff 

  0x0000022e17b7cba8: ;   {runtime_call counter_overflow Runtime1 stub}
  0x0000022e17b7cba8: e8b3 d70b 

  0x0000022e17b7cbac: ; ImmutableOopMap {rdx=Oop rbx=Oop r8=Oop [176]=Oop [288]=Oop [304]=Oop }
                      ;*synchronization entry
                      ; - com.jme3.bullet.objects.PhysicsCharacter::getPhysicsLocation@-1 (line 571)
                      ; - com.csproject.jMEMain::simpleUpdate@160 (line 73)
  0x0000022e17b7cbac: 07e9 4bd6 

  0x0000022e17b7cbb0: ;   {metadata({method} {0x0000022e81c903e8} 'getPhysicsLocation' '(Lcom/jme3/math/Vector3f;)Lcom/jme3/math/Vector3f;' in 'com/jme3/bullet/objects/PhysicsCharacter')}
  0x0000022e17b7cbb0: ffff 49ba | e003 c981 | 2e02 0000 | 4c89 5424 | 0848 c704 | 24ff ffff 

  0x0000022e17b7cbc8: ;   {runtime_call counter_overflow Runtime1 stub}
  0x0000022e17b7cbc8: ffe8 92d7 

  0x0000022e17b7cbcc: ; ImmutableOopMap {rdx=Oop rbx=Oop r8=Oop [176]=Oop [288]=Oop [304]=Oop }
                      ;*synchronization entry
                      ; - com.jme3.bullet.objects.PhysicsCharacter::getPhysicsLocation@-1 (line 556)
                      ; - com.jme3.bullet.objects.PhysicsCharacter::getPhysicsLocation@2 (line 571)
                      ; - com.csproject.jMEMain::simpleUpdate@160 (line 73)
  0x0000022e17b7cbcc: 0b07 e9e4 | d6ff ff48 

  0x0000022e17b7cbd4: ;   {runtime_call fast_new_instance Runtime1 stub}
  0x0000022e17b7cbd4: 8bd2 e885 

  0x0000022e17b7cbd8: ; ImmutableOopMap {[176]=Oop [288]=Oop [304]=Oop }
                      ;*new {reexecute=0 rethrow=0 return_oop=0}
                      ; - com.jme3.bullet.objects.PhysicsCharacter::getPhysicsLocation@4 (line 557)
                      ; - com.jme3.bullet.objects.PhysicsCharacter::getPhysicsLocation@2 (line 571)
                      ; - com.csproject.jMEMain::simpleUpdate@160 (line 73)
  0x0000022e17b7cbd8: 740b 07e9 | 37d7 ffff 

  0x0000022e17b7cbe0: ;   {runtime_call fast_new_instance Runtime1 stub}
  0x0000022e17b7cbe0: 488b d2e8 

  0x0000022e17b7cbe4: ; ImmutableOopMap {rbx=Oop [176]=Oop [304]=Oop }
                      ;*new {reexecute=0 rethrow=0 return_oop=0}
                      ; - com.csproject.jMEMain::simpleUpdate@163 (line 73)
  0x0000022e17b7cbe4: 7874 0b07 | e9ef d7ff 

  0x0000022e17b7cbec: ;   {metadata({method} {0x0000022e8144c930} '<init>' '(FFF)V' in 'com/jme3/math/Vector3f')}
  0x0000022e17b7cbec: ff49 ba28 | c944 812e | 0200 004c | 8954 2408 | 48c7 0424 | ffff ffff 

  0x0000022e17b7cc04: ;   {runtime_call counter_overflow Runtime1 stub}
  0x0000022e17b7cc04: e857 d70b 

  0x0000022e17b7cc08: ; ImmutableOopMap {rbx=Oop rax=Oop [176]=Oop [304]=Oop }
                      ;*synchronization entry
                      ; - com.jme3.math.Vector3f::<init>@-1 (line 109)
                      ; - com.csproject.jMEMain::simpleUpdate@172 (line 73)
  0x0000022e17b7cc08: 07e9 0cd8 

  0x0000022e17b7cc0c: ;   {metadata({method} {0x0000022e3f49d700} '<init>' '()V' in 'java/lang/Object')}
  0x0000022e17b7cc0c: ffff 49ba | f8d6 493f | 2e02 0000 | 4c89 5424 | 0848 c704 | 24ff ffff 

  0x0000022e17b7cc24: ;   {runtime_call counter_overflow Runtime1 stub}
  0x0000022e17b7cc24: ffe8 36d7 

  0x0000022e17b7cc28: ; ImmutableOopMap {rbx=Oop rax=Oop [176]=Oop [304]=Oop }
                      ;*synchronization entry
                      ; - java.lang.Object::<init>@-1 (line 45)
                      ; - com.jme3.math.Vector3f::<init>@1 (line 109)
                      ; - com.csproject.jMEMain::simpleUpdate@172 (line 73)
  0x0000022e17b7cc28: 0b07 e929 

  0x0000022e17b7cc2c: ;   {runtime_call throw_null_pointer_exception Runtime1 stub}
  0x0000022e17b7cc2c: d8ff ffe8 

  0x0000022e17b7cc30: ; ImmutableOopMap {rax=Oop rbx=Oop [176]=Oop [304]=Oop }
                      ;*invokevirtual setPhysicsLocation {reexecute=0 rethrow=0 return_oop=0}
                      ; - com.csproject.jMEMain::simpleUpdate@178 (line 72)
  0x0000022e17b7cc30: 2c62 0b07 

  0x0000022e17b7cc34: ;   {metadata({method} {0x0000022e81ac1ae8} 'setPhysicsLocation' '(Lcom/jme3/math/Vector3f;)V' in 'com/jme3/bullet/objects/PhysicsRigidBody')}
  0x0000022e17b7cc34: 49ba e01a | ac81 2e02 | 0000 4c89 | 5424 0848 | c704 24ff 

  0x0000022e17b7cc48: ;   {runtime_call counter_overflow Runtime1 stub}
  0x0000022e17b7cc48: ffff ffe8 

  0x0000022e17b7cc4c: ; ImmutableOopMap {rax=Oop rbx=Oop [176]=Oop [304]=Oop }
                      ;*synchronization entry
                      ; - com.jme3.bullet.objects.PhysicsRigidBody::setPhysicsLocation@-1 (line 181)
                      ; - com.csproject.jMEMain::simpleUpdate@178 (line 72)
  0x0000022e17b7cc4c: 10d7 0b07 | e90a d9ff 

  0x0000022e17b7cc54: ;   {runtime_call throw_null_pointer_exception Runtime1 stub}
  0x0000022e17b7cc54: ffe8 0662 

  0x0000022e17b7cc58: ; ImmutableOopMap {rdx=Oop rsi=Oop [176]=Oop }
                      ;*invokevirtual getPlayer_rigid {reexecute=0 rethrow=0 return_oop=0}
                      ; - com.csproject.jMEMain::simpleUpdate@185 (line 75)
                      ;   {runtime_call throw_null_pointer_exception Runtime1 stub}
  0x0000022e17b7cc58: 0b07 e801 

  0x0000022e17b7cc5c: ; ImmutableOopMap {rdx=Oop rsi=Oop rdi=Oop [176]=Oop }
                      ;*aaload {reexecute=0 rethrow=0 return_oop=0}
                      ; - com.csproject.jMEMain::simpleUpdate@190 (line 75)
                      ;   {runtime_call throw_null_pointer_exception Runtime1 stub}
  0x0000022e17b7cc5c: 620b 07e8 

  0x0000022e17b7cc60: ; ImmutableOopMap {rdx=Oop rsi=Oop rdi=Oop [176]=Oop }
                      ;*aaload {reexecute=0 rethrow=0 return_oop=0}
                      ; - com.csproject.jMEMain::simpleUpdate@190 (line 75)
  0x0000022e17b7cc60: fc61 0b07 | 48c7 0424 | 0600 0000 | 4889 7c24 

  0x0000022e17b7cc70: ;   {runtime_call throw_range_check_failed Runtime1 stub}
  0x0000022e17b7cc70: 08e8 ea4f 

  0x0000022e17b7cc74: ; ImmutableOopMap {rdx=Oop rsi=Oop rdi=Oop [176]=Oop }
                      ;*aaload {reexecute=0 rethrow=0 return_oop=0}
                      ; - com.csproject.jMEMain::simpleUpdate@190 (line 75)
                      ;   {runtime_call throw_null_pointer_exception Runtime1 stub}
  0x0000022e17b7cc74: 0b07 e8e5 

  0x0000022e17b7cc78: ; ImmutableOopMap {rdx=Oop rbx=Oop r8=Oop [176]=Oop [320]=Oop [336]=Oop }
                      ;*invokevirtual getPhysicsLocation {reexecute=0 rethrow=0 return_oop=0}
                      ; - com.csproject.jMEMain::simpleUpdate@198 (line 76)
                      ;   {metadata({method} {0x0000022e81c90548} 'getPhysicsLocation' '()Lcom/jme3/math/Vector3f;' in 'com/jme3/bullet/objects/PhysicsCharacter')}
  0x0000022e17b7cc78: 610b 0749 | ba40 05c9 | 812e 0200 | 004c 8954 | 2408 48c7 | 0424 ffff 

  0x0000022e17b7cc90: ;   {runtime_call counter_overflow Runtime1 stub}
  0x0000022e17b7cc90: ffff e8c9 

  0x0000022e17b7cc94: ; ImmutableOopMap {rdx=Oop rbx=Oop r8=Oop [176]=Oop [320]=Oop [336]=Oop }
                      ;*synchronization entry
                      ; - com.jme3.bullet.objects.PhysicsCharacter::getPhysicsLocation@-1 (line 571)
                      ; - com.csproject.jMEMain::simpleUpdate@198 (line 76)
  0x0000022e17b7cc94: d60b 07e9 | 21da ffff 

  0x0000022e17b7cc9c: ;   {metadata({method} {0x0000022e81c903e8} 'getPhysicsLocation' '(Lcom/jme3/math/Vector3f;)Lcom/jme3/math/Vector3f;' in 'com/jme3/bullet/objects/PhysicsCharacter')}
  0x0000022e17b7cc9c: 49ba e003 | c981 2e02 | 0000 4c89 | 5424 0848 | c704 24ff 

  0x0000022e17b7ccb0: ;   {runtime_call counter_overflow Runtime1 stub}
  0x0000022e17b7ccb0: ffff ffe8 

  0x0000022e17b7ccb4: ; ImmutableOopMap {rdx=Oop rbx=Oop r8=Oop [176]=Oop [320]=Oop [336]=Oop }
                      ;*synchronization entry
                      ; - com.jme3.bullet.objects.PhysicsCharacter::getPhysicsLocation@-1 (line 556)
                      ; - com.jme3.bullet.objects.PhysicsCharacter::getPhysicsLocation@2 (line 571)
                      ; - com.csproject.jMEMain::simpleUpdate@198 (line 76)
  0x0000022e17b7ccb4: a8d6 0b07 | e9ba daff | ff48 8bd2 

  0x0000022e17b7ccc0: ;   {runtime_call fast_new_instance Runtime1 stub}
  0x0000022e17b7ccc0: e89b 730b 

  0x0000022e17b7ccc4: ; ImmutableOopMap {[176]=Oop [320]=Oop [336]=Oop }
                      ;*new {reexecute=0 rethrow=0 return_oop=0}
                      ; - com.jme3.bullet.objects.PhysicsCharacter::getPhysicsLocation@4 (line 557)
                      ; - com.jme3.bullet.objects.PhysicsCharacter::getPhysicsLocation@2 (line 571)
                      ; - com.csproject.jMEMain::simpleUpdate@198 (line 76)
  0x0000022e17b7ccc4: 07e9 0ddb | ffff 488b 

  0x0000022e17b7cccc: ;   {runtime_call fast_new_instance Runtime1 stub}
  0x0000022e17b7cccc: d2e8 8e73 

  0x0000022e17b7ccd0: ; ImmutableOopMap {rbx=Oop [176]=Oop [336]=Oop }
                      ;*new {reexecute=0 rethrow=0 return_oop=0}
                      ; - com.csproject.jMEMain::simpleUpdate@201 (line 76)
  0x0000022e17b7ccd0: 0b07 e9c5 

  0x0000022e17b7ccd4: ;   {metadata({method} {0x0000022e8144c930} '<init>' '(FFF)V' in 'com/jme3/math/Vector3f')}
  0x0000022e17b7ccd4: dbff ff49 | ba28 c944 | 812e 0200 | 004c 8954 | 2408 48c7 | 0424 ffff 

  0x0000022e17b7ccec: ;   {runtime_call counter_overflow Runtime1 stub}
  0x0000022e17b7ccec: ffff e86d 

  0x0000022e17b7ccf0: ; ImmutableOopMap {rbx=Oop rax=Oop [176]=Oop [336]=Oop }
                      ;*synchronization entry
                      ; - com.jme3.math.Vector3f::<init>@-1 (line 109)
                      ; - com.csproject.jMEMain::simpleUpdate@210 (line 76)
  0x0000022e17b7ccf0: d60b 07e9 | e2db ffff 

  0x0000022e17b7ccf8: ;   {metadata({method} {0x0000022e3f49d700} '<init>' '()V' in 'java/lang/Object')}
  0x0000022e17b7ccf8: 49ba f8d6 | 493f 2e02 | 0000 4c89 | 5424 0848 | c704 24ff 

  0x0000022e17b7cd0c: ;   {runtime_call counter_overflow Runtime1 stub}
  0x0000022e17b7cd0c: ffff ffe8 

  0x0000022e17b7cd10: ; ImmutableOopMap {rbx=Oop rax=Oop [176]=Oop [336]=Oop }
                      ;*synchronization entry
                      ; - java.lang.Object::<init>@-1 (line 45)
                      ; - com.jme3.math.Vector3f::<init>@1 (line 109)
                      ; - com.csproject.jMEMain::simpleUpdate@210 (line 76)
  0x0000022e17b7cd10: 4cd6 0b07 | e9ff dbff 

  0x0000022e17b7cd18: ;   {runtime_call throw_null_pointer_exception Runtime1 stub}
  0x0000022e17b7cd18: ffe8 4261 

  0x0000022e17b7cd1c: ; ImmutableOopMap {rax=Oop rbx=Oop [176]=Oop [336]=Oop }
                      ;*invokevirtual setPhysicsLocation {reexecute=0 rethrow=0 return_oop=0}
                      ; - com.csproject.jMEMain::simpleUpdate@216 (line 75)
                      ;   {metadata({method} {0x0000022e81ac1ae8} 'setPhysicsLocation' '(Lcom/jme3/math/Vector3f;)V' in 'com/jme3/bullet/objects/PhysicsRigidBody')}
  0x0000022e17b7cd1c: 0b07 49ba | e01a ac81 | 2e02 0000 | 4c89 5424 | 0848 c704 | 24ff ffff 

  0x0000022e17b7cd34: ;   {runtime_call counter_overflow Runtime1 stub}
  0x0000022e17b7cd34: ffe8 26d6 

  0x0000022e17b7cd38: ; ImmutableOopMap {rax=Oop rbx=Oop [176]=Oop [336]=Oop }
                      ;*synchronization entry
                      ; - com.jme3.bullet.objects.PhysicsRigidBody::setPhysicsLocation@-1 (line 181)
                      ; - com.csproject.jMEMain::simpleUpdate@216 (line 75)
  0x0000022e17b7cd38: 0b07 e9e0 

  0x0000022e17b7cd3c: ;   {runtime_call throw_null_pointer_exception Runtime1 stub}
  0x0000022e17b7cd3c: dcff ffe8 

  0x0000022e17b7cd40: ; ImmutableOopMap {rdx=Oop rsi=Oop [176]=Oop }
                      ;*invokevirtual getPlayer_rigid {reexecute=0 rethrow=0 return_oop=0}
                      ; - com.csproject.jMEMain::simpleUpdate@223 (line 78)
  0x0000022e17b7cd40: 1c61 0b07 

  0x0000022e17b7cd44: ;   {runtime_call throw_null_pointer_exception Runtime1 stub}
  0x0000022e17b7cd44: e817 610b 

  0x0000022e17b7cd48: ; ImmutableOopMap {rdx=Oop rsi=Oop rdi=Oop [176]=Oop }
                      ;*aaload {reexecute=0 rethrow=0 return_oop=0}
                      ; - com.csproject.jMEMain::simpleUpdate@228 (line 78)
                      ;   {runtime_call throw_null_pointer_exception Runtime1 stub}
  0x0000022e17b7cd48: 07e8 1261 

  0x0000022e17b7cd4c: ; ImmutableOopMap {rdx=Oop rsi=Oop rdi=Oop [176]=Oop }
                      ;*aaload {reexecute=0 rethrow=0 return_oop=0}
                      ; - com.csproject.jMEMain::simpleUpdate@228 (line 78)
  0x0000022e17b7cd4c: 0b07 48c7 | 0424 0700 | 0000 4889 

  0x0000022e17b7cd58: ;   {runtime_call throw_range_check_failed Runtime1 stub}
  0x0000022e17b7cd58: 7c24 08e8 

  0x0000022e17b7cd5c: ; ImmutableOopMap {rdx=Oop rsi=Oop rdi=Oop [176]=Oop }
                      ;*aaload {reexecute=0 rethrow=0 return_oop=0}
                      ; - com.csproject.jMEMain::simpleUpdate@228 (line 78)
  0x0000022e17b7cd5c: 004f 0b07 

  0x0000022e17b7cd60: ;   {runtime_call throw_null_pointer_exception Runtime1 stub}
  0x0000022e17b7cd60: e8fb 600b 

  0x0000022e17b7cd64: ; ImmutableOopMap {rdx=Oop rbx=Oop r8=Oop [176]=Oop [352]=Oop [368]=Oop }
                      ;*invokevirtual getPhysicsLocation {reexecute=0 rethrow=0 return_oop=0}
                      ; - com.csproject.jMEMain::simpleUpdate@236 (line 79)
                      ;   {metadata({method} {0x0000022e81c90548} 'getPhysicsLocation' '()Lcom/jme3/math/Vector3f;' in 'com/jme3/bullet/objects/PhysicsCharacter')}
  0x0000022e17b7cd64: 0749 ba40 | 05c9 812e | 0200 004c | 8954 2408 | 48c7 0424 | ffff ffff 

  0x0000022e17b7cd7c: ;   {runtime_call counter_overflow Runtime1 stub}
  0x0000022e17b7cd7c: e8df d50b 

  0x0000022e17b7cd80: ; ImmutableOopMap {rdx=Oop rbx=Oop r8=Oop [176]=Oop [352]=Oop [368]=Oop }
                      ;*synchronization entry
                      ; - com.jme3.bullet.objects.PhysicsCharacter::getPhysicsLocation@-1 (line 571)
                      ; - com.csproject.jMEMain::simpleUpdate@236 (line 79)
  0x0000022e17b7cd80: 07e9 f7dd 

  0x0000022e17b7cd84: ;   {metadata({method} {0x0000022e81c903e8} 'getPhysicsLocation' '(Lcom/jme3/math/Vector3f;)Lcom/jme3/math/Vector3f;' in 'com/jme3/bullet/objects/PhysicsCharacter')}
  0x0000022e17b7cd84: ffff 49ba | e003 c981 | 2e02 0000 | 4c89 5424 | 0848 c704 | 24ff ffff 

  0x0000022e17b7cd9c: ;   {runtime_call counter_overflow Runtime1 stub}
  0x0000022e17b7cd9c: ffe8 bed5 

  0x0000022e17b7cda0: ; ImmutableOopMap {rdx=Oop rbx=Oop r8=Oop [176]=Oop [352]=Oop [368]=Oop }
                      ;*synchronization entry
                      ; - com.jme3.bullet.objects.PhysicsCharacter::getPhysicsLocation@-1 (line 556)
                      ; - com.jme3.bullet.objects.PhysicsCharacter::getPhysicsLocation@2 (line 571)
                      ; - com.csproject.jMEMain::simpleUpdate@236 (line 79)
  0x0000022e17b7cda0: 0b07 e990 | deff ff48 

  0x0000022e17b7cda8: ;   {runtime_call fast_new_instance Runtime1 stub}
  0x0000022e17b7cda8: 8bd2 e8b1 

  0x0000022e17b7cdac: ; ImmutableOopMap {[176]=Oop [352]=Oop [368]=Oop }
                      ;*new {reexecute=0 rethrow=0 return_oop=0}
                      ; - com.jme3.bullet.objects.PhysicsCharacter::getPhysicsLocation@4 (line 557)
                      ; - com.jme3.bullet.objects.PhysicsCharacter::getPhysicsLocation@2 (line 571)
                      ; - com.csproject.jMEMain::simpleUpdate@236 (line 79)
  0x0000022e17b7cdac: 720b 07e9 | e3de ffff 

  0x0000022e17b7cdb4: ;   {runtime_call fast_new_instance Runtime1 stub}
  0x0000022e17b7cdb4: 488b d2e8 

  0x0000022e17b7cdb8: ; ImmutableOopMap {rbx=Oop [176]=Oop [368]=Oop }
                      ;*new {reexecute=0 rethrow=0 return_oop=0}
                      ; - com.csproject.jMEMain::simpleUpdate@239 (line 79)
  0x0000022e17b7cdb8: a472 0b07 | e99b dfff 

  0x0000022e17b7cdc0: ;   {metadata({method} {0x0000022e8144c930} '<init>' '(FFF)V' in 'com/jme3/math/Vector3f')}
  0x0000022e17b7cdc0: ff49 ba28 | c944 812e | 0200 004c | 8954 2408 | 48c7 0424 | ffff ffff 

  0x0000022e17b7cdd8: ;   {runtime_call counter_overflow Runtime1 stub}
  0x0000022e17b7cdd8: e883 d50b 

  0x0000022e17b7cddc: ; ImmutableOopMap {rbx=Oop rax=Oop [176]=Oop [368]=Oop }
                      ;*synchronization entry
                      ; - com.jme3.math.Vector3f::<init>@-1 (line 109)
                      ; - com.csproject.jMEMain::simpleUpdate@248 (line 79)
  0x0000022e17b7cddc: 07e9 b8df 

  0x0000022e17b7cde0: ;   {metadata({method} {0x0000022e3f49d700} '<init>' '()V' in 'java/lang/Object')}
  0x0000022e17b7cde0: ffff 49ba | f8d6 493f | 2e02 0000 | 4c89 5424 | 0848 c704 | 24ff ffff 

  0x0000022e17b7cdf8: ;   {runtime_call counter_overflow Runtime1 stub}
  0x0000022e17b7cdf8: ffe8 62d5 

  0x0000022e17b7cdfc: ; ImmutableOopMap {rbx=Oop rax=Oop [176]=Oop [368]=Oop }
                      ;*synchronization entry
                      ; - java.lang.Object::<init>@-1 (line 45)
                      ; - com.jme3.math.Vector3f::<init>@1 (line 109)
                      ; - com.csproject.jMEMain::simpleUpdate@248 (line 79)
  0x0000022e17b7cdfc: 0b07 e9d5 

  0x0000022e17b7ce00: ;   {runtime_call throw_null_pointer_exception Runtime1 stub}
  0x0000022e17b7ce00: dfff ffe8 

  0x0000022e17b7ce04: ; ImmutableOopMap {rax=Oop rbx=Oop [176]=Oop [368]=Oop }
                      ;*invokevirtual setPhysicsLocation {reexecute=0 rethrow=0 return_oop=0}
                      ; - com.csproject.jMEMain::simpleUpdate@254 (line 78)
  0x0000022e17b7ce04: 5860 0b07 

  0x0000022e17b7ce08: ;   {metadata({method} {0x0000022e81ac1ae8} 'setPhysicsLocation' '(Lcom/jme3/math/Vector3f;)V' in 'com/jme3/bullet/objects/PhysicsRigidBody')}
  0x0000022e17b7ce08: 49ba e01a | ac81 2e02 | 0000 4c89 | 5424 0848 | c704 24ff 

  0x0000022e17b7ce1c: ;   {runtime_call counter_overflow Runtime1 stub}
  0x0000022e17b7ce1c: ffff ffe8 

  0x0000022e17b7ce20: ; ImmutableOopMap {rax=Oop rbx=Oop [176]=Oop [368]=Oop }
                      ;*synchronization entry
                      ; - com.jme3.bullet.objects.PhysicsRigidBody::setPhysicsLocation@-1 (line 181)
                      ; - com.csproject.jMEMain::simpleUpdate@254 (line 78)
  0x0000022e17b7ce20: 3cd5 0b07 | e9b6 e0ff 

  0x0000022e17b7ce28: ;   {runtime_call throw_null_pointer_exception Runtime1 stub}
  0x0000022e17b7ce28: ffe8 3260 

  0x0000022e17b7ce2c: ; ImmutableOopMap {rdx=Oop rsi=Oop [176]=Oop }
                      ;*invokevirtual getPlayer_rigid {reexecute=0 rethrow=0 return_oop=0}
                      ; - com.csproject.jMEMain::simpleUpdate@261 (line 81)
                      ;   {runtime_call throw_null_pointer_exception Runtime1 stub}
  0x0000022e17b7ce2c: 0b07 e82d 

  0x0000022e17b7ce30: ; ImmutableOopMap {rdx=Oop rsi=Oop rdi=Oop [176]=Oop }
                      ;*aaload {reexecute=0 rethrow=0 return_oop=0}
                      ; - com.csproject.jMEMain::simpleUpdate@266 (line 81)
                      ;   {runtime_call throw_null_pointer_exception Runtime1 stub}
  0x0000022e17b7ce30: 600b 07e8 

  0x0000022e17b7ce34: ; ImmutableOopMap {rdx=Oop rsi=Oop rdi=Oop [176]=Oop }
                      ;*aaload {reexecute=0 rethrow=0 return_oop=0}
                      ; - com.csproject.jMEMain::simpleUpdate@266 (line 81)
  0x0000022e17b7ce34: 2860 0b07 | 48c7 0424 | 0800 0000 | 4889 7c24 

  0x0000022e17b7ce44: ;   {runtime_call throw_range_check_failed Runtime1 stub}
  0x0000022e17b7ce44: 08e8 164e 

  0x0000022e17b7ce48: ; ImmutableOopMap {rdx=Oop rsi=Oop rdi=Oop [176]=Oop }
                      ;*aaload {reexecute=0 rethrow=0 return_oop=0}
                      ; - com.csproject.jMEMain::simpleUpdate@266 (line 81)
                      ;   {runtime_call throw_null_pointer_exception Runtime1 stub}
  0x0000022e17b7ce48: 0b07 e811 

  0x0000022e17b7ce4c: ; ImmutableOopMap {rdx=Oop rbx=Oop r8=Oop [176]=Oop [384]=Oop [400]=Oop }
                      ;*invokevirtual getPhysicsLocation {reexecute=0 rethrow=0 return_oop=0}
                      ; - com.csproject.jMEMain::simpleUpdate@274 (line 82)
                      ;   {metadata({method} {0x0000022e81c90548} 'getPhysicsLocation' '()Lcom/jme3/math/Vector3f;' in 'com/jme3/bullet/objects/PhysicsCharacter')}
  0x0000022e17b7ce4c: 600b 0749 | ba40 05c9 | 812e 0200 | 004c 8954 | 2408 48c7 | 0424 ffff 

  0x0000022e17b7ce64: ;   {runtime_call counter_overflow Runtime1 stub}
  0x0000022e17b7ce64: ffff e8f5 

  0x0000022e17b7ce68: ; ImmutableOopMap {rdx=Oop rbx=Oop r8=Oop [176]=Oop [384]=Oop [400]=Oop }
                      ;*synchronization entry
                      ; - com.jme3.bullet.objects.PhysicsCharacter::getPhysicsLocation@-1 (line 571)
                      ; - com.csproject.jMEMain::simpleUpdate@274 (line 82)
  0x0000022e17b7ce68: d40b 07e9 | cde1 ffff 

  0x0000022e17b7ce70: ;   {metadata({method} {0x0000022e81c903e8} 'getPhysicsLocation' '(Lcom/jme3/math/Vector3f;)Lcom/jme3/math/Vector3f;' in 'com/jme3/bullet/objects/PhysicsCharacter')}
  0x0000022e17b7ce70: 49ba e003 | c981 2e02 | 0000 4c89 | 5424 0848 | c704 24ff 

  0x0000022e17b7ce84: ;   {runtime_call counter_overflow Runtime1 stub}
  0x0000022e17b7ce84: ffff ffe8 

  0x0000022e17b7ce88: ; ImmutableOopMap {rdx=Oop rbx=Oop r8=Oop [176]=Oop [384]=Oop [400]=Oop }
                      ;*synchronization entry
                      ; - com.jme3.bullet.objects.PhysicsCharacter::getPhysicsLocation@-1 (line 556)
                      ; - com.jme3.bullet.objects.PhysicsCharacter::getPhysicsLocation@2 (line 571)
                      ; - com.csproject.jMEMain::simpleUpdate@274 (line 82)
  0x0000022e17b7ce88: d4d4 0b07 | e966 e2ff | ff48 8bd2 

  0x0000022e17b7ce94: ;   {runtime_call fast_new_instance Runtime1 stub}
  0x0000022e17b7ce94: e8c7 710b 

  0x0000022e17b7ce98: ; ImmutableOopMap {[176]=Oop [384]=Oop [400]=Oop }
                      ;*new {reexecute=0 rethrow=0 return_oop=0}
                      ; - com.jme3.bullet.objects.PhysicsCharacter::getPhysicsLocation@4 (line 557)
                      ; - com.jme3.bullet.objects.PhysicsCharacter::getPhysicsLocation@2 (line 571)
                      ; - com.csproject.jMEMain::simpleUpdate@274 (line 82)
  0x0000022e17b7ce98: 07e9 b9e2 | ffff 488b 

  0x0000022e17b7cea0: ;   {runtime_call fast_new_instance Runtime1 stub}
  0x0000022e17b7cea0: d2e8 ba71 

  0x0000022e17b7cea4: ; ImmutableOopMap {rbx=Oop [176]=Oop [400]=Oop }
                      ;*new {reexecute=0 rethrow=0 return_oop=0}
                      ; - com.csproject.jMEMain::simpleUpdate@277 (line 82)
  0x0000022e17b7cea4: 0b07 e971 

  0x0000022e17b7cea8: ;   {metadata({method} {0x0000022e8144c930} '<init>' '(FFF)V' in 'com/jme3/math/Vector3f')}
  0x0000022e17b7cea8: e3ff ff49 | ba28 c944 | 812e 0200 | 004c 8954 | 2408 48c7 | 0424 ffff 

  0x0000022e17b7cec0: ;   {runtime_call counter_overflow Runtime1 stub}
  0x0000022e17b7cec0: ffff e899 

  0x0000022e17b7cec4: ; ImmutableOopMap {rbx=Oop rax=Oop [176]=Oop [400]=Oop }
                      ;*synchronization entry
                      ; - com.jme3.math.Vector3f::<init>@-1 (line 109)
                      ; - com.csproject.jMEMain::simpleUpdate@286 (line 82)
  0x0000022e17b7cec4: d40b 07e9 | 8ee3 ffff 

  0x0000022e17b7cecc: ;   {metadata({method} {0x0000022e3f49d700} '<init>' '()V' in 'java/lang/Object')}
  0x0000022e17b7cecc: 49ba f8d6 | 493f 2e02 | 0000 4c89 | 5424 0848 | c704 24ff 

  0x0000022e17b7cee0: ;   {runtime_call counter_overflow Runtime1 stub}
  0x0000022e17b7cee0: ffff ffe8 

  0x0000022e17b7cee4: ; ImmutableOopMap {rbx=Oop rax=Oop [176]=Oop [400]=Oop }
                      ;*synchronization entry
                      ; - java.lang.Object::<init>@-1 (line 45)
                      ; - com.jme3.math.Vector3f::<init>@1 (line 109)
                      ; - com.csproject.jMEMain::simpleUpdate@286 (line 82)
  0x0000022e17b7cee4: 78d4 0b07 | e9ab e3ff 

  0x0000022e17b7ceec: ;   {runtime_call throw_null_pointer_exception Runtime1 stub}
  0x0000022e17b7ceec: ffe8 6e5f 

  0x0000022e17b7cef0: ; ImmutableOopMap {rax=Oop rbx=Oop [176]=Oop [400]=Oop }
                      ;*invokevirtual setPhysicsLocation {reexecute=0 rethrow=0 return_oop=0}
                      ; - com.csproject.jMEMain::simpleUpdate@292 (line 81)
                      ;   {metadata({method} {0x0000022e81ac1ae8} 'setPhysicsLocation' '(Lcom/jme3/math/Vector3f;)V' in 'com/jme3/bullet/objects/PhysicsRigidBody')}
  0x0000022e17b7cef0: 0b07 49ba | e01a ac81 | 2e02 0000 | 4c89 5424 | 0848 c704 | 24ff ffff 

  0x0000022e17b7cf08: ;   {runtime_call counter_overflow Runtime1 stub}
  0x0000022e17b7cf08: ffe8 52d4 

  0x0000022e17b7cf0c: ; ImmutableOopMap {rax=Oop rbx=Oop [176]=Oop [400]=Oop }
                      ;*synchronization entry
                      ; - com.jme3.bullet.objects.PhysicsRigidBody::setPhysicsLocation@-1 (line 181)
                      ; - com.csproject.jMEMain::simpleUpdate@292 (line 81)
  0x0000022e17b7cf0c: 0b07 e98c 

  0x0000022e17b7cf10: ;   {metadata({method} {0x0000022e3f1e0a50} 'linkToTargetMethod' '(Ljava/lang/Object;Ljava/lang/Object;)Ljava/lang/Object;' in 'java/lang/invoke/Invokers$Holder')}
  0x0000022e17b7cf10: e4ff ff49 | ba48 0a1e | 3f2e 0200 | 004c 8954 | 2408 48c7 | 0424 ffff 

  0x0000022e17b7cf28: ;   {runtime_call counter_overflow Runtime1 stub}
  0x0000022e17b7cf28: ffff e831 

  0x0000022e17b7cf2c: ; ImmutableOopMap {rax=Oop [176]=Oop [416]=Oop }
                      ;*synchronization entry
                      ; - java.lang.invoke.Invokers$Holder::linkToTargetMethod@-1
                      ; - com.csproject.jMEMain::simpleUpdate@302 (line 85)
  0x0000022e17b7cf2c: d40b 07e9 | 13e5 ffff 

  0x0000022e17b7cf34: ;   {metadata({method} {0x0000022e3f1e5af8} 'newInvokeSpecial' '(Ljava/lang/Object;Ljava/lang/Object;)Ljava/lang/Object;' in 'java/lang/invoke/DirectMethodHandle$Holder')}
  0x0000022e17b7cf34: 49ba f05a | 1e3f 2e02 | 0000 4c89 | 5424 0848 | c704 24ff 

  0x0000022e17b7cf48: ;   {runtime_call counter_overflow Runtime1 stub}
  0x0000022e17b7cf48: ffff ffe8 

  0x0000022e17b7cf4c: ; ImmutableOopMap {rax=Oop [176]=Oop [416]=Oop }
                      ;*synchronization entry
                      ; - java.lang.invoke.DirectMethodHandle$Holder::newInvokeSpecial@-1
                      ; - java.lang.invoke.Invokers$Holder::linkToTargetMethod@5
                      ; - com.csproject.jMEMain::simpleUpdate@302 (line 85)
  0x0000022e17b7cf4c: 10d4 0b07 | e92d e5ff 

  0x0000022e17b7cf54: ;   {metadata({method} {0x0000022e3f1d72e0} 'allocateInstance' '(Ljava/lang/Object;)Ljava/lang/Object;' in 'java/lang/invoke/DirectMethodHandle')}
  0x0000022e17b7cf54: ff49 bad8 | 721d 3f2e | 0200 004c | 8954 2408 | 48c7 0424 | ffff ffff 

  0x0000022e17b7cf6c: ;   {runtime_call counter_overflow Runtime1 stub}
  0x0000022e17b7cf6c: e8ef d30b 

  0x0000022e17b7cf70: ; ImmutableOopMap {rax=Oop [176]=Oop [416]=Oop }
                      ;*synchronization entry
                      ; - java.lang.invoke.DirectMethodHandle::allocateInstance@-1 (line 499)
                      ; - java.lang.invoke.DirectMethodHandle$Holder::newInvokeSpecial@1
                      ; - java.lang.invoke.Invokers$Holder::linkToTargetMethod@5
                      ; - com.csproject.jMEMain::simpleUpdate@302 (line 85)
  0x0000022e17b7cf70: 07e9 47e5 

  0x0000022e17b7cf74: ;   {metadata({method} {0x0000022e3f1d7d88} 'constructorMethod' '(Ljava/lang/Object;)Ljava/lang/Object;' in 'java/lang/invoke/DirectMethodHandle')}
  0x0000022e17b7cf74: ffff 49ba | 807d 1d3f | 2e02 0000 | 4c89 5424 | 0848 c704 | 24ff ffff 

  0x0000022e17b7cf8c: ;   {runtime_call counter_overflow Runtime1 stub}
  0x0000022e17b7cf8c: ffe8 ced3 

  0x0000022e17b7cf90: ; ImmutableOopMap {rax=Oop [176]=Oop [416]=Oop [424]=Oop }
                      ;*synchronization entry
                      ; - java.lang.invoke.DirectMethodHandle::constructorMethod@-1 (line 493)
                      ; - java.lang.invoke.DirectMethodHandle$Holder::newInvokeSpecial@6
                      ; - java.lang.invoke.Invokers$Holder::linkToTargetMethod@5
                      ; - com.csproject.jMEMain::simpleUpdate@302 (line 85)
  0x0000022e17b7cf90: 0b07 e9be 

  0x0000022e17b7cf94: ;   {runtime_call throw_null_pointer_exception Runtime1 stub}
  0x0000022e17b7cf94: e5ff ffe8 

  0x0000022e17b7cf98: ; ImmutableOopMap {rax=Oop [176]=Oop [416]=Oop [424]=Oop }
                      ;*invokestatic linkToSpecial {reexecute=0 rethrow=0 return_oop=0}
                      ; - java.lang.invoke.DirectMethodHandle$Holder::newInvokeSpecial@16
                      ; - java.lang.invoke.Invokers$Holder::linkToTargetMethod@5
                      ; - com.csproject.jMEMain::simpleUpdate@302 (line 85)
  0x0000022e17b7cf98: c45e 0b07 

  0x0000022e17b7cf9c: ;   {metadata({method} {0x0000022e81ca19e8} '<init>' '(Lcom/csproject/jMEMain;)V' in 'com/csproject/jMEMain$$Lambda+0x0000022e4011fb28')}
  0x0000022e17b7cf9c: 49ba e019 | ca81 2e02 | 0000 4c89 | 5424 0848 | c704 24ff 

  0x0000022e17b7cfb0: ;   {runtime_call counter_overflow Runtime1 stub}
  0x0000022e17b7cfb0: ffff ffe8 

  0x0000022e17b7cfb4: ; ImmutableOopMap {rax=Oop [176]=Oop [416]=Oop [424]=Oop }
                      ;*synchronization entry
                      ; - com.csproject.jMEMain$$Lambda/0x0000022e4011fb28::<init>@-1
                      ; - java.lang.invoke.DirectMethodHandle$Holder::newInvokeSpecial@16
                      ; - java.lang.invoke.Invokers$Holder::linkToTargetMethod@5
                      ; - com.csproject.jMEMain::simpleUpdate@302 (line 85)
  0x0000022e17b7cfb4: a8d3 0b07 | e9d7 e5ff 

  0x0000022e17b7cfbc: ;   {metadata({method} {0x0000022e3f49d700} '<init>' '()V' in 'java/lang/Object')}
  0x0000022e17b7cfbc: ff49 baf8 | d649 3f2e | 0200 004c | 8954 2408 | 48c7 0424 | ffff ffff 

  0x0000022e17b7cfd4: ;   {runtime_call counter_overflow Runtime1 stub}
  0x0000022e17b7cfd4: e887 d30b 

  0x0000022e17b7cfd8: ; ImmutableOopMap {rax=Oop [176]=Oop [416]=Oop [424]=Oop }
                      ;*synchronization entry
                      ; - java.lang.Object::<init>@-1 (line 45)
                      ; - com.csproject.jMEMain$$Lambda/0x0000022e4011fb28::<init>@1
                      ; - java.lang.invoke.DirectMethodHandle$Holder::newInvokeSpecial@16
                      ; - java.lang.invoke.Invokers$Holder::linkToTargetMethod@5
                      ; - com.csproject.jMEMain::simpleUpdate@302 (line 85)
  0x0000022e17b7cfd8: 07e9 f2e5 | ffff 8b50 | 0c48 c1e2 | 0348 83fa | 000f 84ee | e5ff ff48 

  0x0000022e17b7cff0: ;   {runtime_call g1_pre_barrier_slow}
  0x0000022e17b7cff0: 8914 24e8 | 68d9 0b07 | e9e0 e5ff | ff48 83fa | 000f 84fd | e5ff ff48 

  0x0000022e17b7d008: ;   {runtime_call g1_post_barrier_slow}
  0x0000022e17b7d008: 8904 24e8 | 50dc 0b07 | e9ef e5ff 

  0x0000022e17b7d014: ;   {runtime_call throw_incompatible_class_change_error Runtime1 stub}
  0x0000022e17b7d014: ffe8 46a0 

  0x0000022e17b7d018: ; ImmutableOopMap {rax=Oop rdx=Oop rsi=Oop [176]=Oop [416]=Oop [424]=Oop }
                      ;*invokeinterface forEach {reexecute=0 rethrow=0 return_oop=0}
                      ; - com.csproject.jMEMain::simpleUpdate@307 (line 84)
                      ;   {runtime_call throw_null_pointer_exception Runtime1 stub}
  0x0000022e17b7d018: 0b07 e841 

  0x0000022e17b7d01c: ; ImmutableOopMap {rax=Oop rdx=Oop rsi=Oop [176]=Oop [416]=Oop [424]=Oop }
                      ;*invokeinterface forEach {reexecute=0 rethrow=0 return_oop=0}
                      ; - com.csproject.jMEMain::simpleUpdate@307 (line 84)
                      ;   {metadata({method} {0x0000022e81d374f0} 'forEach' '(Ljava/util/function/IntConsumer;)V' in 'java/util/stream/IntPipeline$Head')}
  0x0000022e17b7d01c: 5e0b 0749 | bae8 74d3 | 812e 0200 | 004c 8954 | 2408 48c7 | 0424 ffff 

  0x0000022e17b7d034: ;   {runtime_call counter_overflow Runtime1 stub}
  0x0000022e17b7d034: ffff e825 

  0x0000022e17b7d038: ; ImmutableOopMap {rax=Oop rdx=Oop rsi=Oop [176]=Oop [416]=Oop [424]=Oop }
                      ;*synchronization entry
                      ; - java.util.stream.IntPipeline$Head::forEach@-1 (line 619)
                      ; - com.csproject.jMEMain::simpleUpdate@307 (line 84)
  0x0000022e17b7d038: d30b 07e9 | abe6 ffff 

  0x0000022e17b7d040: ;   {metadata({method} {0x0000022e3f2084a0} 'isParallel' '()Z' in 'java/util/stream/AbstractPipeline')}
  0x0000022e17b7d040: 49ba 9884 | 203f 2e02 | 0000 4c89 | 5424 0848 | c704 24ff 

  0x0000022e17b7d054: ;   {runtime_call counter_overflow Runtime1 stub}
  0x0000022e17b7d054: ffff ffe8 

  0x0000022e17b7d058: ; ImmutableOopMap {rax=Oop rdx=Oop rsi=Oop [176]=Oop [416]=Oop [424]=Oop }
                      ;*synchronization entry
                      ; - java.util.stream.AbstractPipeline::isParallel@-1 (line 405)
                      ; - java.util.stream.IntPipeline$Head::forEach@1 (line 619)
                      ; - com.csproject.jMEMain::simpleUpdate@307 (line 84)
  0x0000022e17b7d058: 04d3 0b07 | e9c6 e6ff 

  0x0000022e17b7d060: ;   {runtime_call throw_null_pointer_exception Runtime1 stub}
  0x0000022e17b7d060: ffe8 fa5d 

  0x0000022e17b7d064: ; ImmutableOopMap {rax=Oop rdx=Oop rsi=Oop [176]=Oop [416]=Oop [424]=Oop }
                      ;*getfield parallel {reexecute=1 rethrow=0 return_oop=0}
                      ; - (reexecute) java.util.stream.AbstractPipeline::isParallel@4 (line 405)
                      ; - java.util.stream.IntPipeline$Head::forEach@1 (line 619)
                      ; - com.csproject.jMEMain::simpleUpdate@307 (line 84)
                      ;   {runtime_call throw_null_pointer_exception Runtime1 stub}
  0x0000022e17b7d064: 0b07 e8f5 

  0x0000022e17b7d068: ; ImmutableOopMap {rax=Oop [176]=Oop [416]=Oop [424]=Oop }
                      ;*invokeinterface forEachRemaining {reexecute=0 rethrow=0 return_oop=0}
                      ; - java.util.stream.IntPipeline$Head::forEach@15 (line 620)
                      ; - com.csproject.jMEMain::simpleUpdate@307 (line 84)
                      ;   {metadata({method} {0x0000022e81d3b0e0} 'forEach' '(Ljava/util/function/IntConsumer;)V' in 'java/util/stream/IntPipeline')}
  0x0000022e17b7d068: 5d0b 0749 | bad8 b0d3 | 812e 0200 | 004c 8954 | 2408 48c7 | 0424 ffff 

  0x0000022e17b7d080: ;   {runtime_call counter_overflow Runtime1 stub}
  0x0000022e17b7d080: ffff e8d9 

  0x0000022e17b7d084: ; ImmutableOopMap {rax=Oop rsi=Oop [176]=Oop [416]=Oop [424]=Oop }
                      ;*synchronization entry
                      ; - java.util.stream.IntPipeline::forEach@-1 (line 466)
                      ; - java.util.stream.IntPipeline$Head::forEach@25 (line 623)
                      ; - com.csproject.jMEMain::simpleUpdate@307 (line 84)
  0x0000022e17b7d084: d20b 07e9 | 49e8 ffff 

  0x0000022e17b7d08c: ;   {runtime_call throw_null_pointer_exception Runtime1 stub}
  0x0000022e17b7d08c: e8cf 5d0b 

  0x0000022e17b7d090: ; ImmutableOopMap {rdx=Oop [176]=Oop }
                      ;*invokeinterface iterator {reexecute=0 rethrow=0 return_oop=0}
                      ; - com.csproject.jMEMain::simpleUpdate@317 (line 94)
                      ;   {runtime_call throw_null_pointer_exception Runtime1 stub}
  0x0000022e17b7d090: 07e8 ca5d 

  0x0000022e17b7d094: ; ImmutableOopMap {rax=Oop [176]=Oop [432]=Oop }
                      ;*invokeinterface hasNext {reexecute=0 rethrow=0 return_oop=0}
                      ; - com.csproject.jMEMain::simpleUpdate@446 (line 94)
                      ;   {metadata({method} {0x0000022e81401280} 'simpleUpdate' '(F)V' in 'com/csproject/jMEMain')}
  0x0000022e17b7d094: 0b07 49ba | 7812 4081 | 2e02 0000 | 4c89 5424 | 0848 c704 | 24c3 0100 

  0x0000022e17b7d0ac: ;   {runtime_call counter_overflow Runtime1 stub}
  0x0000022e17b7d0ac: 00e8 aed2 

  0x0000022e17b7d0b0: ; ImmutableOopMap {[176]=Oop [432]=Oop }
                      ;*ifne {reexecute=1 rethrow=0 return_oop=0}
                      ; - (reexecute) com.csproject.jMEMain::simpleUpdate@451 (line 94)
  0x0000022e17b7d0b0: 0b07 e942 | eaff ff48 

  0x0000022e17b7d0b8: ;   {runtime_call throw_class_cast_exception Runtime1 stub}
  0x0000022e17b7d0b8: 8904 24e8 

  0x0000022e17b7d0bc: ; ImmutableOopMap {[176]=Oop [432]=Oop }
                      ;*checkcast {reexecute=0 rethrow=0 return_oop=0}
                      ; - com.csproject.jMEMain::simpleUpdate@334 (line 94)
  0x0000022e17b7d0bc: a09c 0b07 

  0x0000022e17b7d0c0: ;   {runtime_call throw_null_pointer_exception Runtime1 stub}
  0x0000022e17b7d0c0: e89b 5d0b 

  0x0000022e17b7d0c4: ; ImmutableOopMap {rsi=Oop rdx=Oop [176]=Oop [432]=Oop [448]=Oop }
                      ;*invokeinterface iterator {reexecute=0 rethrow=0 return_oop=0}
                      ; - com.csproject.jMEMain::simpleUpdate@344 (line 96)
  0x0000022e17b7d0c4: 0748 8904 

  0x0000022e17b7d0c8: ;   {runtime_call throw_class_cast_exception Runtime1 stub}
  0x0000022e17b7d0c8: 24e8 929c 

  0x0000022e17b7d0cc: ; ImmutableOopMap {[176]=Oop [432]=Oop [448]=Oop [456]=Oop }
                      ;*checkcast {reexecute=0 rethrow=0 return_oop=0}
                      ; - com.csproject.jMEMain::simpleUpdate@361 (line 96)
                      ;   {runtime_call throw_null_pointer_exception Runtime1 stub}
  0x0000022e17b7d0cc: 0b07 e88d 

  0x0000022e17b7d0d0: ; ImmutableOopMap {r8=Oop [176]=Oop [432]=Oop [448]=Oop [456]=Oop }
                      ;*invokevirtual getLocalTranslation {reexecute=0 rethrow=0 return_oop=0}
                      ; - com.csproject.jMEMain::simpleUpdate@368 (line 97)
                      ;   {metadata({method} {0x0000022e81412778} 'getLocalTranslation' '()Lcom/jme3/math/Vector3f;' in 'com/jme3/scene/Spatial')}
  0x0000022e17b7d0d0: 5d0b 0749 | ba70 2741 | 812e 0200 | 004c 8954 | 2408 48c7 | 0424 ffff 

  0x0000022e17b7d0e8: ;   {runtime_call counter_overflow Runtime1 stub}
  0x0000022e17b7d0e8: ffff e871 

  0x0000022e17b7d0ec: ; ImmutableOopMap {r8=Oop [176]=Oop [432]=Oop [448]=Oop [456]=Oop }
                      ;*synchronization entry
                      ; - com.jme3.scene.Spatial::getLocalTranslation@-1 (line 1078)
                      ; - com.csproject.jMEMain::simpleUpdate@368 (line 97)
  0x0000022e17b7d0ec: d20b 07e9 | f2ee ffff 

  0x0000022e17b7d0f4: ;   {runtime_call throw_null_pointer_exception Runtime1 stub}
  0x0000022e17b7d0f4: e867 5d0b 

  0x0000022e17b7d0f8: ; ImmutableOopMap {r8=Oop rdx=Oop [176]=Oop [432]=Oop [448]=Oop [456]=Oop }
                      ;*invokevirtual getTranslation {reexecute=0 rethrow=0 return_oop=0}
                      ; - com.jme3.scene.Spatial::getLocalTranslation@4 (line 1078)
                      ; - com.csproject.jMEMain::simpleUpdate@368 (line 97)
                      ;   {runtime_call throw_null_pointer_exception Runtime1 stub}
  0x0000022e17b7d0f8: 07e8 625d 

  0x0000022e17b7d0fc: ; ImmutableOopMap {r8=Oop rdx=Oop rsi=Oop [176]=Oop [432]=Oop [448]=Oop [456]=Oop }
                      ;*invokevirtual getLeft {reexecute=0 rethrow=0 return_oop=0}
                      ; - com.csproject.jMEMain::simpleUpdate@374 (line 98)
  0x0000022e17b7d0fc: 0b07 4889 

  0x0000022e17b7d100: ;   {runtime_call throw_class_cast_exception Runtime1 stub}
  0x0000022e17b7d100: 3c24 e859 

  0x0000022e17b7d104: ; ImmutableOopMap {r8=Oop rdx=Oop rsi=Oop [176]=Oop [432]=Oop [448]=Oop [456]=Oop }
                      ;*checkcast {reexecute=0 rethrow=0 return_oop=0}
                      ; - com.csproject.jMEMain::simpleUpdate@377 (line 98)
                      ;   {runtime_call throw_null_pointer_exception Runtime1 stub}
  0x0000022e17b7d104: 9c0b 07e8 

  0x0000022e17b7d108: ; ImmutableOopMap {r8=Oop rdx=Oop rsi=Oop rdi=Oop [176]=Oop [432]=Oop [448]=Oop [456]=Oop }
                      ;*invokevirtual floatValue {reexecute=0 rethrow=0 return_oop=0}
                      ; - com.csproject.jMEMain::simpleUpdate@380 (line 98)
  0x0000022e17b7d108: 545d 0b07 

  0x0000022e17b7d10c: ;   {runtime_call throw_null_pointer_exception Runtime1 stub}
  0x0000022e17b7d10c: e84f 5d0b 

  0x0000022e17b7d110: ; ImmutableOopMap {r8=Oop rdx=Oop rsi=Oop [176]=Oop [432]=Oop [448]=Oop [456]=Oop }
                      ;*getfield x {reexecute=1 rethrow=0 return_oop=0}
                      ; - (reexecute) com.csproject.jMEMain::simpleUpdate@385 (line 98)
                      ;   {metadata({method} {0x0000022e3f46fcb0} 'abs' '(F)F' in 'java/lang/Math')}
  0x0000022e17b7d110: 0749 baa8 | fc46 3f2e | 0200 004c | 8954 2408 | 48c7 0424 | ffff ffff 

  0x0000022e17b7d128: ;   {runtime_call counter_overflow Runtime1 stub}
  0x0000022e17b7d128: e833 d20b 

  0x0000022e17b7d12c: ; ImmutableOopMap {r8=Oop rdx=Oop rsi=Oop [176]=Oop [432]=Oop [448]=Oop [456]=Oop }
                      ;*synchronization entry
                      ; - java.lang.Math::abs@-1 (line 1979)
                      ; - com.csproject.jMEMain::simpleUpdate@389 (line 98)
  0x0000022e17b7d12c: 07e9 2af0 | ffff 4889 

  0x0000022e17b7d134: ;   {runtime_call throw_class_cast_exception Runtime1 stub}
  0x0000022e17b7d134: 3c24 e825 

  0x0000022e17b7d138: ; ImmutableOopMap {r8=Oop rdx=Oop rsi=Oop [176]=Oop [432]=Oop [448]=Oop [456]=Oop }
                      ;*checkcast {reexecute=0 rethrow=0 return_oop=0}
                      ; - com.csproject.jMEMain::simpleUpdate@402 (line 98)
                      ;   {runtime_call throw_null_pointer_exception Runtime1 stub}
  0x0000022e17b7d138: 9c0b 07e8 

  0x0000022e17b7d13c: ; ImmutableOopMap {r8=Oop rdx=Oop rsi=Oop rdi=Oop [176]=Oop [432]=Oop [448]=Oop [456]=Oop }
                      ;*invokevirtual floatValue {reexecute=0 rethrow=0 return_oop=0}
                      ; - com.csproject.jMEMain::simpleUpdate@405 (line 98)
  0x0000022e17b7d13c: 205d 0b07 

  0x0000022e17b7d140: ;   {metadata({method} {0x0000022e3f46fcb0} 'abs' '(F)F' in 'java/lang/Math')}
  0x0000022e17b7d140: 49ba a8fc | 463f 2e02 | 0000 4c89 | 5424 0848 | c704 24ff 

  0x0000022e17b7d154: ;   {runtime_call counter_overflow Runtime1 stub}
  0x0000022e17b7d154: ffff ffe8 

  0x0000022e17b7d158: ; ImmutableOopMap {r8=Oop rdx=Oop rsi=Oop [176]=Oop [432]=Oop [448]=Oop [456]=Oop }
                      ;*synchronization entry
                      ; - java.lang.Math::abs@-1 (line 1979)
                      ; - com.csproject.jMEMain::simpleUpdate@414 (line 98)
  0x0000022e17b7d158: 04d2 0b07 | e9dd f1ff 

  0x0000022e17b7d160: ;   {runtime_call throw_null_pointer_exception Runtime1 stub}
  0x0000022e17b7d160: ffe8 fa5c 

  0x0000022e17b7d164: ; ImmutableOopMap {rax=Oop [176]=Oop [432]=Oop [448]=Oop [456]=Oop }
                      ;*invokeinterface hasNext {reexecute=0 rethrow=0 return_oop=0}
                      ; - com.csproject.jMEMain::simpleUpdate@431 (line 96)
                      ;   {metadata({method} {0x0000022e81401280} 'simpleUpdate' '(F)V' in 'com/csproject/jMEMain')}
  0x0000022e17b7d164: 0b07 49ba | 7812 4081 | 2e02 0000 | 4c89 5424 | 0848 c704 | 24b4 0100 

  0x0000022e17b7d17c: ;   {runtime_call counter_overflow Runtime1 stub}
  0x0000022e17b7d17c: 00e8 ded1 

  0x0000022e17b7d180: ; ImmutableOopMap {[176]=Oop [432]=Oop [448]=Oop [456]=Oop }
                      ;*ifne {reexecute=1 rethrow=0 return_oop=0}
                      ; - (reexecute) com.csproject.jMEMain::simpleUpdate@436 (line 96)
  0x0000022e17b7d180: 0b07 e962 

  0x0000022e17b7d184: ;   {runtime_call throw_null_pointer_exception Runtime1 stub}
  0x0000022e17b7d184: f3ff ffe8 

  0x0000022e17b7d188: ; ImmutableOopMap {rdx=Oop [176]=Oop [432]=Oop }
                      ;*invokevirtual println {reexecute=0 rethrow=0 return_oop=0}
                      ; - com.csproject.jMEMain::simpleUpdate@463 (line 105)
  0x0000022e17b7d188: d45c 0b07 

  0x0000022e17b7d18c: ;   {metadata({method} {0x0000022e3f17da60} 'exit' '(I)V' in 'java/lang/System')}
  0x0000022e17b7d18c: 49ba 58da | 173f 2e02 | 0000 4c89 | 5424 0848 | c704 24ff 

  0x0000022e17b7d1a0: ;   {runtime_call counter_overflow Runtime1 stub}
  0x0000022e17b7d1a0: ffff ffe8 

  0x0000022e17b7d1a4: ; ImmutableOopMap {[176]=Oop [432]=Oop }
                      ;*synchronization entry
                      ; - java.lang.System::exit@-1 (line 1923)
                      ; - com.csproject.jMEMain::simpleUpdate@470 (line 107)
  0x0000022e17b7d1a4: b8d1 0b07 | e988 f4ff 

  0x0000022e17b7d1ac: ;   {metadata({method} {0x0000022e3f22b4d8} 'getRuntime' '()Ljava/lang/Runtime;' in 'java/lang/Runtime')}
  0x0000022e17b7d1ac: ff49 bad0 | b422 3f2e | 0200 004c | 8954 2408 | 48c7 0424 | ffff ffff 

  0x0000022e17b7d1c4: ;   {runtime_call counter_overflow Runtime1 stub}
  0x0000022e17b7d1c4: e897 d10b 

  0x0000022e17b7d1c8: ; ImmutableOopMap {[176]=Oop [432]=Oop }
                      ;*synchronization entry
                      ; - java.lang.Runtime::getRuntime@-1 (line 136)
                      ; - java.lang.System::exit@0 (line 1923)
                      ; - com.csproject.jMEMain::simpleUpdate@470 (line 107)
  0x0000022e17b7d1c8: 07e9 a0f4 

  0x0000022e17b7d1cc: ;   {metadata({method} {0x0000022e3f22acb0} 'exit' '(I)V' in 'java/lang/Runtime')}
  0x0000022e17b7d1cc: ffff 49ba | a8ac 223f | 2e02 0000 | 4c89 5424 | 0848 c704 | 24ff ffff 

  0x0000022e17b7d1e4: ;   {runtime_call counter_overflow Runtime1 stub}
  0x0000022e17b7d1e4: ffe8 76d1 

  0x0000022e17b7d1e8: ; ImmutableOopMap {[176]=Oop [432]=Oop }
                      ;*synchronization entry
                      ; - java.lang.Runtime::exit@-1 (line 184)
                      ; - java.lang.System::exit@4 (line 1923)
                      ; - com.csproject.jMEMain::simpleUpdate@470 (line 107)
  0x0000022e17b7d1e8: 0b07 e9d3 

  0x0000022e17b7d1ec: ;   {metadata({method} {0x0000022e3f17ddb8} 'getSecurityManager' '()Ljava/lang/SecurityManager;' in 'java/lang/System')}
  0x0000022e17b7d1ec: f4ff ff49 | bab0 dd17 | 3f2e 0200 | 004c 8954 | 2408 48c7 | 0424 ffff 

  0x0000022e17b7d204: ;   {runtime_call counter_overflow Runtime1 stub}
  0x0000022e17b7d204: ffff e855 

  0x0000022e17b7d208: ; ImmutableOopMap {[176]=Oop [432]=Oop }
                      ;*synchronization entry
                      ; - java.lang.System::getSecurityManager@-1 (line 503)
                      ; - java.lang.Runtime::exit@0 (line 184)
                      ; - java.lang.System::exit@4 (line 1923)
                      ; - com.csproject.jMEMain::simpleUpdate@470 (line 107)
  0x0000022e17b7d208: d10b 07e9 | ebf4 ffff 

  0x0000022e17b7d210: ;   {metadata({method} {0x0000022e3f17ded0} 'allowSecurityManager' '()Z' in 'java/lang/System')}
  0x0000022e17b7d210: 49ba c8de | 173f 2e02 | 0000 4c89 | 5424 0848 | c704 24ff 

  0x0000022e17b7d224: ;   {runtime_call counter_overflow Runtime1 stub}
  0x0000022e17b7d224: ffff ffe8 

  0x0000022e17b7d228: ; ImmutableOopMap {[176]=Oop [432]=Oop }
                      ;*synchronization entry
                      ; - java.lang.System::allowSecurityManager@-1 (line 214)
                      ; - java.lang.System::getSecurityManager@0 (line 503)
                      ; - java.lang.Runtime::exit@0 (line 184)
                      ; - java.lang.System::exit@4 (line 1923)
                      ; - com.csproject.jMEMain::simpleUpdate@470 (line 107)
  0x0000022e17b7d228: 34d1 0b07 | e903 f5ff 

  0x0000022e17b7d230: ;   {internal_word}
  0x0000022e17b7d230: ff49 ba94 | c7b7 172e | 0200 004d | 8997 6004 

  0x0000022e17b7d240: ;   {runtime_call SafepointBlob}
  0x0000022e17b7d240: 0000 e999 | 81fe 0649 | 8b87 0005 | 0000 49c7 | 8700 0500 | 0000 0000 | 0049 c787 | 0805 0000 
  0x0000022e17b7d260: 0000 0000 | 4881 c4f0 | 0100 005d 

  0x0000022e17b7d26c: ;   {runtime_call unwind_exception Runtime1 stub}
  0x0000022e17b7d26c: e9ef 430b | 07f4 f4f4 | f4f4 f4f4 
[Stub Code]
  0x0000022e17b7d278: ;   {no_reloc}
  0x0000022e17b7d278: 0f1f 4400 

  0x0000022e17b7d27c: ;   {static_stub}
  0x0000022e17b7d27c: 0048 bb00 | 0000 0000 

  0x0000022e17b7d284: ;   {runtime_call nmethod}
  0x0000022e17b7d284: 0000 00e9 | fbff ffff 

  0x0000022e17b7d28c: ;   {static_stub}
  0x0000022e17b7d28c: 9048 bb00 | 0000 0000 

  0x0000022e17b7d294: ;   {runtime_call nmethod}
  0x0000022e17b7d294: 0000 00e9 | fbff ffff 

  0x0000022e17b7d29c: ;   {static_stub}
  0x0000022e17b7d29c: 9048 bb00 | 0000 0000 

  0x0000022e17b7d2a4: ;   {runtime_call nmethod}
  0x0000022e17b7d2a4: 0000 00e9 | fbff ffff 

  0x0000022e17b7d2ac: ;   {static_stub}
  0x0000022e17b7d2ac: 9048 bb00 | 0000 0000 

  0x0000022e17b7d2b4: ;   {runtime_call nmethod}
  0x0000022e17b7d2b4: 0000 00e9 | fbff ffff 

  0x0000022e17b7d2bc: ;   {static_stub}
  0x0000022e17b7d2bc: 9048 bb00 | 0000 0000 

  0x0000022e17b7d2c4: ;   {runtime_call nmethod}
  0x0000022e17b7d2c4: 0000 00e9 | fbff ffff 

  0x0000022e17b7d2cc: ;   {static_stub}
  0x0000022e17b7d2cc: 9048 bb00 | 0000 0000 

  0x0000022e17b7d2d4: ;   {runtime_call nmethod}
  0x0000022e17b7d2d4: 0000 00e9 | fbff ffff 

  0x0000022e17b7d2dc: ;   {static_stub}
  0x0000022e17b7d2dc: 9048 bb00 | 0000 0000 

  0x0000022e17b7d2e4: ;   {runtime_call nmethod}
  0x0000022e17b7d2e4: 0000 00e9 | fbff ffff 

  0x0000022e17b7d2ec: ;   {static_stub}
  0x0000022e17b7d2ec: 9048 bb00 | 0000 0000 

  0x0000022e17b7d2f4: ;   {runtime_call nmethod}
  0x0000022e17b7d2f4: 0000 00e9 | fbff ffff 

  0x0000022e17b7d2fc: ;   {static_stub}
  0x0000022e17b7d2fc: 9048 bbf0 | d316 3f2e 

  0x0000022e17b7d304: ;   {runtime_call I2C/C2I adapters}
  0x0000022e17b7d304: 0200 00e9 | 2a6c fe06 

  0x0000022e17b7d30c: ;   {static_stub}
  0x0000022e17b7d30c: 9048 bb68 | 0de5 812e 

  0x0000022e17b7d314: ;   {runtime_call I2C/C2I adapters}
  0x0000022e17b7d314: 0200 00e9 | 9209 fe06 

  0x0000022e17b7d31c: ;   {static_stub}
  0x0000022e17b7d31c: 48bb 0000 | 0000 0000 

  0x0000022e17b7d324: ;   {runtime_call nmethod}
  0x0000022e17b7d324: 0000 e9fb 

  0x0000022e17b7d328: ;   {static_stub}
  0x0000022e17b7d328: ffff ff48 | bb00 0000 | 0000 0000 

  0x0000022e17b7d334: ;   {runtime_call nmethod}
  0x0000022e17b7d334: 00e9 fbff 

  0x0000022e17b7d338: ;   {static_stub}
  0x0000022e17b7d338: ffff 48bb | d89a d381 | 2e02 0000 

  0x0000022e17b7d344: ;   {runtime_call I2C/C2I adapters}
  0x0000022e17b7d344: e969 5efe 

  0x0000022e17b7d348: ;   {static_stub}
  0x0000022e17b7d348: 0648 bb00 | 0000 0000 

  0x0000022e17b7d350: ;   {runtime_call nmethod}
  0x0000022e17b7d350: 0000 00e9 | fbff ffff 

  0x0000022e17b7d358: ;   {static_stub}
  0x0000022e17b7d358: 48bb 784b | 193f 2e02 

  0x0000022e17b7d360: ;   {runtime_call I2C/C2I adapters}
  0x0000022e17b7d360: 0000 e9ca 

  0x0000022e17b7d364: ;   {static_stub}
  0x0000022e17b7d364: 62fe 0648 | bb00 0000 | 0000 0000 

  0x0000022e17b7d370: ;   {runtime_call nmethod}
  0x0000022e17b7d370: 00e9 fbff 

  0x0000022e17b7d374: ;   {static_stub}
  0x0000022e17b7d374: ffff 48bb | 0000 0000 | 0000 0000 

  0x0000022e17b7d380: ;   {runtime_call nmethod}
  0x0000022e17b7d380: e9fb ffff 

  0x0000022e17b7d384: ;   {static_stub}
  0x0000022e17b7d384: ff48 bb00 | 0000 0000 

  0x0000022e17b7d38c: ;   {runtime_call nmethod}
  0x0000022e17b7d38c: 0000 00e9 | fbff ffff 

  0x0000022e17b7d394: ;   {static_stub}
  0x0000022e17b7d394: 48bb 0000 | 0000 0000 

  0x0000022e17b7d39c: ;   {runtime_call nmethod}
  0x0000022e17b7d39c: 0000 e9fb 

  0x0000022e17b7d3a0: ;   {static_stub}
  0x0000022e17b7d3a0: ffff ff48 | bb00 0000 | 0000 0000 

  0x0000022e17b7d3ac: ;   {runtime_call nmethod}
  0x0000022e17b7d3ac: 00e9 fbff 

  0x0000022e17b7d3b0: ;   {runtime_call handle_exception_from_callee Runtime1 stub}
  0x0000022e17b7d3b0: ffff e8a9 

  0x0000022e17b7d3b4: ;   {external_word}
  0x0000022e17b7d3b4: 930b 0748 | b940 d5a3 | 46fe 7f00 | 0048 83e4 

  0x0000022e17b7d3c4: ;   {runtime_call}
  0x0000022e17b7d3c4: f048 b870 | 4a6a 46fe | 7f00 00ff 

  0x0000022e17b7d3d0: ;   {section_word}
  0x0000022e17b7d3d0: d0f4 49ba | d2d3 b717 | 2e02 0000 

  0x0000022e17b7d3dc: ;   {runtime_call DeoptimizationBlob}
  0x0000022e17b7d3dc: 4152 e99d | 72fe 06f4 | f4f4 f4f4 
[/MachCode]


Compiled method (c1) 20254 3334       3       com.jme3.app.SimpleApplication::update (235 bytes)
 total in heap  [0x0000022e17b4dc88,0x0000022e17b4f128] = 5280
 relocation     [0x0000022e17b4dd60,0x0000022e17b4df48] = 488
 main code      [0x0000022e17b4df60,0x0000022e17b4ef48] = 4072
 stub code      [0x0000022e17b4ef48,0x0000022e17b4f080] = 312
 oops           [0x0000022e17b4f080,0x0000022e17b4f088] = 8
 metadata       [0x0000022e17b4f088,0x0000022e17b4f128] = 160
 immutable data [0x0000022e851bc190,0x0000022e851bc6b8] = 1320
 dependencies   [0x0000022e851bc190,0x0000022e851bc1c0] = 48
 nul chk table  [0x0000022e851bc1c0,0x0000022e851bc250] = 144
 scopes pcs     [0x0000022e851bc250,0x0000022e851bc590] = 832
 scopes data    [0x0000022e851bc590,0x0000022e851bc6b8] = 296

[Constant Pool (empty)]

[MachCode]
[Instructions begin]
  0x0000022e17b4df60: 6666 660f | 1f84 0000 | 0000 0066 | 6666 9066 | 6690 448b | 5208 443b 

  0x0000022e17b4df78: ;   {runtime_call ic_miss_stub}
  0x0000022e17b4df78: 5008 0f85 | 6005 0107 
[Verified Entry Point]
  0x0000022e17b4df80: 8984 2400 | 80ff ff55 | 4883 ec60 | 4181 7f20 | 0100 0000 

  0x0000022e17b4df94: ;   {runtime_call StubRoutines (final stubs)}
  0x0000022e17b4df94: 7405 e8a5 | 97ff 0648 | 8954 2440 

  0x0000022e17b4dfa0: ;   {metadata(method data for {method} {0x0000022e814034e0} 'update' '()V' in 'com/jme3/app/SimpleApplication')}
  0x0000022e17b4dfa0: 49b8 7081 | e381 2e02 | 0000 418b | b0cc 0000 | 0083 c602 | 4189 b0cc | 0000 0081 | e6fe 0700 
  0x0000022e17b4dfc0: 0085 f60f | 84b9 0a00 | 008b 725c | 48c1 e603 

  0x0000022e17b4dfd0: ;   {metadata(method data for {method} {0x0000022e814034e0} 'update' '()V' in 'com/jme3/app/SimpleApplication')}
  0x0000022e17b4dfd0: 4885 f649 | b870 81e3 | 812e 0200 | 00bf 1801 | 0000 7405 | bf28 0100 | 0049 8b1c | 3848 8d5b 
  0x0000022e17b4dff0: 0149 891c | 380f 8446 | 0000 000f | 1f44 0000 

  0x0000022e17b4e000: ;   {no_reloc}
  0x0000022e17b4e000: e916 0b00 | 0000 0000 | 0000 660f | 1f44 0000 

  0x0000022e17b4e010: ; implicit exception: dispatches to 0x0000022e17b4eb25
  0x0000022e17b4e010: e921 0b00 | 0090 9049 | c1e0 0348 | 8bd6 0f1f | 8000 0000 | 0048 b8b0 | 9e9d 9d2e 

  0x0000022e17b4e02c: ;   {virtual_call}
  0x0000022e17b4e02c: 0200 00e8 

  0x0000022e17b4e030: ; ImmutableOopMap {[64]=Oop }
                      ;*invokeinterface appStep {reexecute=0 rethrow=0 return_oop=0}
                      ; - com.jme3.app.SimpleApplication::update@14 (line 244)
  0x0000022e17b4e030: ac0a 0107 

  0x0000022e17b4e034: ;   {other}
  0x0000022e17b4e034: 0f1f 8400 | ac03 0000 | 488b 5424 | 4048 8bf2 

  0x0000022e17b4e044: ;   {metadata(method data for {method} {0x0000022e814034e0} 'update' '()V' in 'com/jme3/app/SimpleApplication')}
  0x0000022e17b4e044: 48bf 7081 | e381 2e02 | 0000 4883 | 8768 0100 | 0001 488b | f248 8bd6 

  0x0000022e17b4e05c: ;   {optimized virtual_call}
  0x0000022e17b4e05c: 6666 90e8 

  0x0000022e17b4e060: ; ImmutableOopMap {[64]=Oop }
                      ;*invokespecial update {reexecute=0 rethrow=0 return_oop=0}
                      ; - com.jme3.app.SimpleApplication::update@20 (line 246)
  0x0000022e17b4e060: 9c13 0000 

  0x0000022e17b4e064: ;   {other}
  0x0000022e17b4e064: 0f1f 8400 | dc03 0001 | 488b 5424 | 40c5 fa10 | 420c c5f0 | 57c9 c5f8 | 2ec1 41b8 | ffff ffff 
  0x0000022e17b4e084: 0f8a 1500 | 0000 0f82 | 0f00 0000 | 41b8 0000 | 0000 0f84 | 0300 0000 | 49ff c045 

  0x0000022e17b4e0a0: ;   {metadata(method data for {method} {0x0000022e814034e0} 'update' '()V' in 'com/jme3/app/SimpleApplication')}
  0x0000022e17b4e0a0: 85c0 49b8 | 7081 e381 | 2e02 0000 | be78 0100 | 0074 05be | 8801 0000 | 498b 3c30 | 488d 7f01 
  0x0000022e17b4e0c0: 4989 3c30 | 0f84 a509 | 0000 440f | be42 1145 

  0x0000022e17b4e0d0: ;   {metadata(method data for {method} {0x0000022e814034e0} 'update' '()V' in 'com/jme3/app/SimpleApplication')}
  0x0000022e17b4e0d0: 85c0 49b8 | 7081 e381 | 2e02 0000 | bea8 0100 | 0075 05be | 9801 0000 | 498b 3c30 | 488d 7f01 
  0x0000022e17b4e0f0: 4989 3c30 | 0f85 7509 | 0000 448b | 4234 49c1 | e003 493b | 0049 8bf0 

  0x0000022e17b4e108: ;   {metadata(method data for {method} {0x0000022e814034e0} 'update' '()V' in 'com/jme3/app/SimpleApplication')}
  0x0000022e17b4e108: 48bf 7081 | e381 2e02 

  0x0000022e17b4e110: ;   {metadata('com/jme3/system/NanoTimer')}
  0x0000022e17b4e110: 0000 49ba | 0004 0040 | 2e02 0000 | 4c89 97c0 | 0100 0048 | 8387 c801 | 0000 01c4 | c17a 1048 
  0x0000022e17b4e130: 0cc5 f259 | c8c5 fa11 | 4c24 488b | 725c 48c1 | e603 4885 

  0x0000022e17b4e144: ;   {metadata(method data for {method} {0x0000022e814034e0} 'update' '()V' in 'com/jme3/app/SimpleApplication')}
  0x0000022e17b4e144: f649 b870 | 81e3 812e | 0200 00bf | e801 0000 | 7405 bff8 | 0100 0049 | 8b1c 3848 | 8d5b 0149 
  0x0000022e17b4e164: 891c 380f | 8444 0000 | 0066 6690 

  0x0000022e17b4e170: ;   {no_reloc}
  0x0000022e17b4e170: e948 0a00 | 0000 0000 | 0000 660f | 1f44 0000 

  0x0000022e17b4e180: ; implicit exception: dispatches to 0x0000022e17b4ebc7
  0x0000022e17b4e180: e953 0a00 | 0090 9049 | c1e0 0348 | 8bd6 0f1f | 8000 0000 | 0048 b8d8 | 9e9d 9d2e 

  0x0000022e17b4e19c: ;   {virtual_call}
  0x0000022e17b4e19c: 0200 00e8 

  0x0000022e17b4e1a0: ; ImmutableOopMap {[64]=Oop }
                      ;*invokeinterface appStep {reexecute=0 rethrow=0 return_oop=0}
                      ; - com.jme3.app.SimpleApplication::update@67 (line 254)
  0x0000022e17b4e1a0: 3c09 0107 

  0x0000022e17b4e1a4: ;   {other}
  0x0000022e17b4e1a4: 0f1f 8400 | 1c05 0002 | 488b 5424 | 408b 7258 | 48c1 e603 

  0x0000022e17b4e1b8: ; implicit exception: dispatches to 0x0000022e17b4ebe2
  0x0000022e17b4e1b8: 483b 0648 

  0x0000022e17b4e1bc: ;   {metadata(method data for {method} {0x0000022e814034e0} 'update' '()V' in 'com/jme3/app/SimpleApplication')}
  0x0000022e17b4e1bc: 8bfe 48bb | 7081 e381 | 2e02 0000 

  0x0000022e17b4e1c8: ;   {metadata('com/jme3/app/state/AppStateManager')}
  0x0000022e17b4e1c8: 49ba e870 | 0040 2e02 | 0000 4c89 | 9340 0200 | 0048 8383 | 4802 0000 | 01c5 fa10 | 4424 4848 
  0x0000022e17b4e1e8: 8bd6 0f1f 

  0x0000022e17b4e1ec: ;   {optimized virtual_call}
  0x0000022e17b4e1ec: 4400 00e8 

  0x0000022e17b4e1f0: ; ImmutableOopMap {[64]=Oop }
                      ;*invokevirtual update {reexecute=0 rethrow=0 return_oop=0}
                      ; - com.jme3.app.SimpleApplication::update@77 (line 255)
  0x0000022e17b4e1f0: 8c45 0200 

  0x0000022e17b4e1f4: ;   {other}
  0x0000022e17b4e1f4: 0f1f 8400 | 6c05 0003 | 488b 5424 

  0x0000022e17b4e200: ;   {metadata(method data for {method} {0x0000022e814034e0} 'update' '()V' in 'com/jme3/app/SimpleApplication')}
  0x0000022e17b4e200: 4048 be70 | 81e3 812e 

  0x0000022e17b4e208: ;   {metadata('com/csproject/jMEMain')}
  0x0000022e17b4e208: 0200 0049 | baa8 1900 | 402e 0200 | 004c 8996 | 7002 0000 | 4883 8678 | 0200 0001 | c5fa 1044 
  0x0000022e17b4e228: 2448 488b 

  0x0000022e17b4e22c: ;   {optimized virtual_call}
  0x0000022e17b4e22c: 5424 40e8 

  0x0000022e17b4e230: ; ImmutableOopMap {[64]=Oop }
                      ;*invokevirtual simpleUpdate {reexecute=0 rethrow=0 return_oop=0}
                      ; - com.jme3.app.SimpleApplication::update@82 (line 258)
  0x0000022e17b4e230: 6cab 0200 

  0x0000022e17b4e234: ;   {other}
  0x0000022e17b4e234: 0f1f 8400 | ac05 0004 | 488b 5424 | 408b 725c | 48c1 e603 

  0x0000022e17b4e248: ;   {metadata(method data for {method} {0x0000022e814034e0} 'update' '()V' in 'com/jme3/app/SimpleApplication')}
  0x0000022e17b4e248: 4885 f649 | b870 81e3 | 812e 0200 | 00bf 9802 | 0000 7405 | bfa8 0200 | 0049 8b1c | 3848 8d5b 
  0x0000022e17b4e268: 0149 891c | 380f 8446 | 0000 000f | 1f44 0000 

  0x0000022e17b4e278: ;   {no_reloc}
  0x0000022e17b4e278: e9e2 0900 | 0000 0000 | 0000 660f | 1f44 0000 

  0x0000022e17b4e288: ; implicit exception: dispatches to 0x0000022e17b4ec69
  0x0000022e17b4e288: e9ed 0900 | 0090 9049 | c1e0 0348 | 8bd6 0f1f | 8000 0000 | 0048 b800 | 9f9d 9d2e 

  0x0000022e17b4e2a4: ;   {virtual_call}
  0x0000022e17b4e2a4: 0200 00e8 

  0x0000022e17b4e2a8: ; ImmutableOopMap {[64]=Oop }
                      ;*invokeinterface appStep {reexecute=0 rethrow=0 return_oop=0}
                      ; - com.jme3.app.SimpleApplication::update@99 (line 260)
  0x0000022e17b4e2a8: 3408 0107 

  0x0000022e17b4e2ac: ;   {other}
  0x0000022e17b4e2ac: 0f1f 8400 | 2406 0005 | 488b 5424 | 408b 7264 | 48c1 e603 

  0x0000022e17b4e2c0: ; implicit exception: dispatches to 0x0000022e17b4ec84
  0x0000022e17b4e2c0: 483b 0648 

  0x0000022e17b4e2c4: ;   {metadata(method data for {method} {0x0000022e814034e0} 'update' '()V' in 'com/jme3/app/SimpleApplication')}
  0x0000022e17b4e2c4: 8bfe 48bb | 7081 e381 | 2e02 0000 | 8b7f 0849 | ba00 0000 | 3f2e 0200 | 0049 03fa | 483b bbf0 
  0x0000022e17b4e2e4: 0200 0075 | 0d48 8383 | f802 0000 | 01e9 6000 | 0000 483b | bb00 0300 | 0075 0d48 | 8383 0803 
  0x0000022e17b4e304: 0000 01e9 | 4a00 0000 | 4883 bbf0 | 0200 0000 | 7517 4889 | bbf0 0200 | 0048 c783 | f802 0000 
  0x0000022e17b4e324: 0100 0000 | e929 0000 | 0048 83bb | 0003 0000 | 0075 1748 | 89bb 0003 | 0000 48c7 | 8308 0300 
  0x0000022e17b4e344: 0001 0000 | 00e9 0800 | 0000 4883 | 83e8 0200 | 0001 c5fa | 1044 2448 | 488b d666 | 0f1f 4400 
  0x0000022e17b4e364: 0048 b828 | 9f9d 9d2e 

  0x0000022e17b4e36c: ;   {virtual_call}
  0x0000022e17b4e36c: 0200 00e8 

  0x0000022e17b4e370: ; ImmutableOopMap {[64]=Oop }
                      ;*invokevirtual updateLogicalState {reexecute=0 rethrow=0 return_oop=0}
                      ; - com.jme3.app.SimpleApplication::update@109 (line 261)
  0x0000022e17b4e370: 8e54 8907 

  0x0000022e17b4e374: ;   {other}
  0x0000022e17b4e374: 0f1f 8400 | ec06 0006 | 488b 5424 | 408b 7268 | 48c1 e603 

  0x0000022e17b4e388: ; implicit exception: dispatches to 0x0000022e17b4ec89
  0x0000022e17b4e388: 483b 0648 

  0x0000022e17b4e38c: ;   {metadata(method data for {method} {0x0000022e814034e0} 'update' '()V' in 'com/jme3/app/SimpleApplication')}
  0x0000022e17b4e38c: 8bfe 48bb | 7081 e381 | 2e02 0000 | 8b7f 0849 | ba00 0000 | 3f2e 0200 | 0049 03fa | 483b bb20 
  0x0000022e17b4e3ac: 0300 0075 | 0d48 8383 | 2803 0000 | 01e9 6000 | 0000 483b | bb30 0300 | 0075 0d48 | 8383 3803 
  0x0000022e17b4e3cc: 0000 01e9 | 4a00 0000 | 4883 bb20 | 0300 0000 | 7517 4889 | bb20 0300 | 0048 c783 | 2803 0000 
  0x0000022e17b4e3ec: 0100 0000 | e929 0000 | 0048 83bb | 3003 0000 | 0075 1748 | 89bb 3003 | 0000 48c7 | 8338 0300 
  0x0000022e17b4e40c: 0001 0000 | 00e9 0800 | 0000 4883 | 8318 0300 | 0001 c5fa | 1044 2448 | 488b d666 | 0f1f 4400 
  0x0000022e17b4e42c: 0048 b850 | 9f9d 9d2e 

  0x0000022e17b4e434: ;   {virtual_call}
  0x0000022e17b4e434: 0200 00e8 

  0x0000022e17b4e438: ; ImmutableOopMap {[64]=Oop }
                      ;*invokevirtual updateLogicalState {reexecute=0 rethrow=0 return_oop=0}
                      ; - com.jme3.app.SimpleApplication::update@117 (line 262)
  0x0000022e17b4e438: c653 8907 

  0x0000022e17b4e43c: ;   {other}
  0x0000022e17b4e43c: 0f1f 8400 | b407 0007 | 488b 5424 | 408b 7264 | 48c1 e603 

  0x0000022e17b4e450: ; implicit exception: dispatches to 0x0000022e17b4ec8e
  0x0000022e17b4e450: 483b 0648 

  0x0000022e17b4e454: ;   {metadata(method data for {method} {0x0000022e814034e0} 'update' '()V' in 'com/jme3/app/SimpleApplication')}
  0x0000022e17b4e454: 8bfe 48bb | 7081 e381 | 2e02 0000 | 8b7f 0849 | ba00 0000 | 3f2e 0200 | 0049 03fa | 483b bb50 
  0x0000022e17b4e474: 0300 0075 | 0d48 8383 | 5803 0000 | 01e9 6000 | 0000 483b | bb60 0300 | 0075 0d48 | 8383 6803 
  0x0000022e17b4e494: 0000 01e9 | 4a00 0000 | 4883 bb50 | 0300 0000 | 7517 4889 | bb50 0300 | 0048 c783 | 5803 0000 
  0x0000022e17b4e4b4: 0100 0000 | e929 0000 | 0048 83bb | 6003 0000 | 0075 1748 | 89bb 6003 | 0000 48c7 | 8368 0300 
  0x0000022e17b4e4d4: 0001 0000 | 00e9 0800 | 0000 4883 | 8348 0300 | 0001 488b | d666 0f1f 

  0x0000022e17b4e4ec: ;   {optimized virtual_call}
  0x0000022e17b4e4ec: 4400 00e8 

  0x0000022e17b4e4f0: ; ImmutableOopMap {[64]=Oop }
                      ;*invokevirtual updateGeometricState {reexecute=0 rethrow=0 return_oop=0}
                      ; - com.jme3.app.SimpleApplication::update@124 (line 264)
  0x0000022e17b4e4f0: dc46 8907 

  0x0000022e17b4e4f4: ;   {other}
  0x0000022e17b4e4f4: 0f1f 8400 | 6c08 0008 | 488b 5424 | 408b 7268 | 48c1 e603 

  0x0000022e17b4e508: ; implicit exception: dispatches to 0x0000022e17b4ec93
  0x0000022e17b4e508: 483b 0648 

  0x0000022e17b4e50c: ;   {metadata(method data for {method} {0x0000022e814034e0} 'update' '()V' in 'com/jme3/app/SimpleApplication')}
  0x0000022e17b4e50c: 8bfe 48bb | 7081 e381 | 2e02 0000 | 8b7f 0849 | ba00 0000 | 3f2e 0200 | 0049 03fa | 483b bb80 
  0x0000022e17b4e52c: 0300 0075 | 0d48 8383 | 8803 0000 | 01e9 6000 | 0000 483b | bb90 0300 | 0075 0d48 | 8383 9803 
  0x0000022e17b4e54c: 0000 01e9 | 4a00 0000 | 4883 bb80 | 0300 0000 | 7517 4889 | bb80 0300 | 0048 c783 | 8803 0000 
  0x0000022e17b4e56c: 0100 0000 | e929 0000 | 0048 83bb | 9003 0000 | 0075 1748 | 89bb 9003 | 0000 48c7 | 8398 0300 
  0x0000022e17b4e58c: 0001 0000 | 00e9 0800 | 0000 4883 | 8378 0300 | 0001 488b | d666 0f1f 

  0x0000022e17b4e5a4: ;   {optimized virtual_call}
  0x0000022e17b4e5a4: 4400 00e8 

  0x0000022e17b4e5a8: ; ImmutableOopMap {[64]=Oop }
                      ;*invokevirtual updateGeometricState {reexecute=0 rethrow=0 return_oop=0}
                      ; - com.jme3.app.SimpleApplication::update@131 (line 265)
  0x0000022e17b4e5a8: 2446 8907 

  0x0000022e17b4e5ac: ;   {other}
  0x0000022e17b4e5ac: 0f1f 8400 | 2409 0009 | 488b 5424 | 408b 725c | 48c1 e603 

  0x0000022e17b4e5c0: ;   {metadata(method data for {method} {0x0000022e814034e0} 'update' '()V' in 'com/jme3/app/SimpleApplication')}
  0x0000022e17b4e5c0: 4885 f649 | b870 81e3 | 812e 0200 | 00bf a803 | 0000 7405 | bfb8 0300 | 0049 8b1c | 3848 8d5b 
  0x0000022e17b4e5e0: 0149 891c | 380f 8446 | 0000 000f | 1f44 0000 

  0x0000022e17b4e5f0: ;   {no_reloc}
  0x0000022e17b4e5f0: e91b 0700 | 0000 0000 | 0000 660f | 1f44 0000 

  0x0000022e17b4e600: ; implicit exception: dispatches to 0x0000022e17b4ed1a
  0x0000022e17b4e600: e926 0700 | 0090 9049 | c1e0 0348 | 8bd6 0f1f | 8000 0000 | 0048 b878 | 9f9d 9d2e 

  0x0000022e17b4e61c: ;   {virtual_call}
  0x0000022e17b4e61c: 0200 00e8 

  0x0000022e17b4e620: ; ImmutableOopMap {[64]=Oop }
                      ;*invokeinterface appStep {reexecute=0 rethrow=0 return_oop=0}
                      ; - com.jme3.app.SimpleApplication::update@148 (line 268)
  0x0000022e17b4e620: bc04 0107 

  0x0000022e17b4e624: ;   {other}
  0x0000022e17b4e624: 0f1f 8400 | 9c09 000a | 488b 5424 | 408b 7258 | 48c1 e603 | 448b 4220 | 49c1 e003 

  0x0000022e17b4e640: ; implicit exception: dispatches to 0x0000022e17b4ed35
  0x0000022e17b4e640: 483b 0648 

  0x0000022e17b4e644: ;   {metadata(method data for {method} {0x0000022e814034e0} 'update' '()V' in 'com/jme3/app/SimpleApplication')}
  0x0000022e17b4e644: 8bfe 48bb | 7081 e381 | 2e02 0000 

  0x0000022e17b4e650: ;   {metadata('com/jme3/app/state/AppStateManager')}
  0x0000022e17b4e650: 49ba e870 | 0040 2e02 | 0000 4c89 | 9300 0400 | 0048 8383 | 0804 0000 | 0148 8bd6 

  0x0000022e17b4e66c: ;   {optimized virtual_call}
  0x0000022e17b4e66c: 6666 90e8 

  0x0000022e17b4e670: ; ImmutableOopMap {[64]=Oop }
                      ;*invokevirtual render {reexecute=0 rethrow=0 return_oop=0}
                      ; - com.jme3.app.SimpleApplication::update@161 (line 269)
  0x0000022e17b4e670: 2c49 0400 

  0x0000022e17b4e674: ;   {other}
  0x0000022e17b4e674: 0f1f 8400 | ec09 000b | 488b 5424 | 408b 725c | 48c1 e603 

  0x0000022e17b4e688: ;   {metadata(method data for {method} {0x0000022e814034e0} 'update' '()V' in 'com/jme3/app/SimpleApplication')}
  0x0000022e17b4e688: 4885 f649 | b870 81e3 | 812e 0200 | 00bf 2804 | 0000 7405 | bf38 0400 | 0049 8b1c | 3848 8d5b 
  0x0000022e17b4e6a8: 0149 891c | 380f 8446 | 0000 000f | 1f44 0000 

  0x0000022e17b4e6b8: ;   {no_reloc}
  0x0000022e17b4e6b8: e9f5 0600 | 0000 0000 | 0000 660f | 1f44 0000 

  0x0000022e17b4e6c8: ; implicit exception: dispatches to 0x0000022e17b4edbc
  0x0000022e17b4e6c8: e900 0700 | 0090 9049 | c1e0 0348 | 8bd6 0f1f | 8000 0000 | 0048 b8a0 | 9f9d 9d2e 

  0x0000022e17b4e6e4: ;   {virtual_call}
  0x0000022e17b4e6e4: 0200 00e8 

  0x0000022e17b4e6e8: ; ImmutableOopMap {[64]=Oop }
                      ;*invokeinterface appStep {reexecute=0 rethrow=0 return_oop=0}
                      ; - com.jme3.app.SimpleApplication::update@178 (line 271)
  0x0000022e17b4e6e8: f403 0107 

  0x0000022e17b4e6ec: ;   {other}
  0x0000022e17b4e6ec: 0f1f 8400 | 640a 000c | 488b 5424 | 408b 7220 | 48c1 e603 | 448b 422c | 49c1 e003 | 4d85 c00f 
  0x0000022e17b4e70c: 842a 0000 

  0x0000022e17b4e710: ;   {metadata('com/jme3/system/lwjgl/LwjglContext')}
  0x0000022e17b4e710: 0048 b970 | 4c01 402e | 0200 0041 | 8b40 0849 | ba00 0000 | 3f2e 0200 | 0049 03c2 | 483b 4838 
  0x0000022e17b4e730: 0f85 a106 | 0000 e900 | 0000 0049 | 8bf8 493b | 0049 8bf8 

  0x0000022e17b4e744: ;   {metadata(method data for {method} {0x0000022e814034e0} 'update' '()V' in 'com/jme3/app/SimpleApplication')}
  0x0000022e17b4e744: 48bb 7081 | e381 2e02 | 0000 8b7f | 0849 ba00 | 0000 3f2e | 0200 0049 | 03fa 483b | bb80 0400 
  0x0000022e17b4e764: 0075 0d48 | 8383 8804 | 0000 01e9 | 6000 0000 | 483b bb90 | 0400 0075 | 0d48 8383 | 9804 0000 
  0x0000022e17b4e784: 01e9 4a00 | 0000 4883 | bb80 0400 | 0000 7517 | 4889 bb80 | 0400 0048 | c783 8804 | 0000 0100 
  0x0000022e17b4e7a4: 0000 e929 | 0000 0048 | 83bb 9004 | 0000 0075 | 1748 89bb | 9004 0000 | 48c7 8398 | 0400 0001 
  0x0000022e17b4e7c4: 0000 00e9 | 0800 0000 | 4883 8378 | 0400 0001 

  0x0000022e17b4e7d4: ;   {metadata(method data for {method} {0x0000022e8149d468} 'isRenderable' '()Z' in 'com/jme3/system/lwjgl/LwjglContext')}
  0x0000022e17b4e7d4: 48bf c8cf | e281 2e02 | 0000 8b9f | cc00 0000 | 83c3 0289 | 9fcc 0000 | 0081 e3fe | ff1f 0085 
  0x0000022e17b4e7f4: db0f 84e6 | 0500 0041 | 8b78 1448 | c1e7 0348 | 3b07 488b 

  0x0000022e17b4e808: ;   {metadata(method data for {method} {0x0000022e8149d468} 'isRenderable' '()Z' in 'com/jme3/system/lwjgl/LwjglContext')}
  0x0000022e17b4e808: df48 b8c8 | cfe2 812e | 0200 0048 | 8380 1801 

  0x0000022e17b4e818: ;   {metadata(method data for {method} {0x0000022e8116d8d8} 'get' '()Z' in 'java/util/concurrent/atomic/AtomicBoolean')}
  0x0000022e17b4e818: 0000 0148 | bb90 59d6 | 812e 0200 | 008b 83cc | 0000 0083 | c002 8983 | cc00 0000 | 25fe ff1f 
  0x0000022e17b4e838: 0085 c00f | 84c6 0500 | 0044 8b47 | 0c45 85c0 

  0x0000022e17b4e848: ;   {metadata(method data for {method} {0x0000022e8116d8d8} 'get' '()Z' in 'java/util/concurrent/atomic/AtomicBoolean')}
  0x0000022e17b4e848: 49b8 9059 | d681 2e02 | 0000 bf18 | 0100 0074 | 05bf 2801 | 0000 498b | 1c38 488d | 5b01 4989 
  0x0000022e17b4e868: 1c38 0f84 | 1c00 0000 

  0x0000022e17b4e870: ;   {metadata(method data for {method} {0x0000022e8116d8d8} 'get' '()Z' in 'java/util/concurrent/atomic/AtomicBoolean')}
  0x0000022e17b4e870: 49b8 9059 | d681 2e02 | 0000 41ff | 8038 0100 | 0041 b801 | 0000 00e9 | 0600 0000 | 41b8 0000 
  0x0000022e17b4e890: 0000 4183 | e001 4183 | e001 483b | 0648 8bfe 

  0x0000022e17b4e8a0: ;   {metadata(method data for {method} {0x0000022e814034e0} 'update' '()V' in 'com/jme3/app/SimpleApplication')}
  0x0000022e17b4e8a0: 48bb 7081 | e381 2e02 

  0x0000022e17b4e8a8: ;   {metadata('com/jme3/renderer/RenderManager')}
  0x0000022e17b4e8a8: 0000 49ba | 585c 0a40 | 2e02 0000 | 4c89 93b0 | 0400 0048 | 8383 b804 | 0000 01c5 | fa10 4424 
  0x0000022e17b4e8c8: 4848 8bd6 

  0x0000022e17b4e8cc: ;   {optimized virtual_call}
  0x0000022e17b4e8cc: 6666 90e8 

  0x0000022e17b4e8d0: ; ImmutableOopMap {[64]=Oop }
                      ;*invokevirtual render {reexecute=0 rethrow=0 return_oop=0}
                      ; - com.jme3.app.SimpleApplication::update@197 (line 272)
  0x0000022e17b4e8d0: 6c08 0500 

  0x0000022e17b4e8d4: ;   {other}
  0x0000022e17b4e8d4: 0f1f 8400 | 4c0c 000d | 488b 5424 | 408b 7220 | 48c1 e603 

  0x0000022e17b4e8e8: ;   {metadata(method data for {method} {0x0000022e814034e0} 'update' '()V' in 'com/jme3/app/SimpleApplication')}
  0x0000022e17b4e8e8: 488b fa48 | bb70 81e3 | 812e 0200 | 008b 7f08 | 49ba 0000 | 003f 2e02 | 0000 4903 | fa48 3bbb 
  0x0000022e17b4e908: e004 0000 | 750d 4883 | 83e8 0400 | 0001 e960 | 0000 0048 | 3bbb f004 | 0000 750d | 4883 83f8 
  0x0000022e17b4e928: 0400 0001 | e94a 0000 | 0048 83bb | e004 0000 | 0075 1748 | 89bb e004 | 0000 48c7 | 83e8 0400 
  0x0000022e17b4e948: 0001 0000 | 00e9 2900 | 0000 4883 | bbf0 0400 | 0000 7517 | 4889 bbf0 | 0400 0048 | c783 f804 
  0x0000022e17b4e968: 0000 0100 | 0000 e908 | 0000 0048 | 8383 d804 

  0x0000022e17b4e978: ;   {metadata(method data for {method} {0x0000022e814038a8} 'simpleRender' '(Lcom/jme3/renderer/RenderManager;)V' in 'com/jme3/app/SimpleApplication')}
  0x0000022e17b4e978: 0000 0148 | bf90 a7e3 | 812e 0200 | 008b 9fcc | 0000 0083 | c302 899f | cc00 0000 | 81e3 feff 
  0x0000022e17b4e998: 1f00 85db | 0f84 8b04 | 0000 8b72 | 5848 c1e6 | 0348 3b06 

  0x0000022e17b4e9ac: ;   {metadata(method data for {method} {0x0000022e814034e0} 'update' '()V' in 'com/jme3/app/SimpleApplication')}
  0x0000022e17b4e9ac: 488b fe48 | bb70 81e3 | 812e 0200 

  0x0000022e17b4e9b8: ;   {metadata('com/jme3/app/state/AppStateManager')}
  0x0000022e17b4e9b8: 0049 bae8 | 7000 402e | 0200 004c | 8993 1005 | 0000 4883 | 8318 0500 | 0001 488b 

  0x0000022e17b4e9d4: ;   {optimized virtual_call}
  0x0000022e17b4e9d4: d666 90e8 

  0x0000022e17b4e9d8: ; ImmutableOopMap {[64]=Oop }
                      ;*invokevirtual postRender {reexecute=0 rethrow=0 return_oop=0}
                      ; - com.jme3.app.SimpleApplication::update@212 (line 274)
  0x0000022e17b4e9d8: c44e 0400 

  0x0000022e17b4e9dc: ;   {other}
  0x0000022e17b4e9dc: 0f1f 8400 | 540d 000e | 488b 5424 | 408b 725c | 48c1 e603 

  0x0000022e17b4e9f0: ;   {metadata(method data for {method} {0x0000022e814034e0} 'update' '()V' in 'com/jme3/app/SimpleApplication')}
  0x0000022e17b4e9f0: 4885 f649 | b870 81e3 | 812e 0200 | 00bf 3805 | 0000 7405 | bf48 0500 | 0049 8b1c | 3848 8d5b 
  0x0000022e17b4ea10: 0149 891c | 380f 8441 | 0000 000f | 1f44 0000 

  0x0000022e17b4ea20: ;   {no_reloc}
  0x0000022e17b4ea20: e9a6 0400 | 0000 0000 | 0000 660f | 1f44 0000 

  0x0000022e17b4ea30: ; implicit exception: dispatches to 0x0000022e17b4eed5
  0x0000022e17b4ea30: e9b1 0400 | 0090 9049 | c1e0 0348 | 8bd6 0f1f | 8000 0000 | 0048 b8c8 | 9f9d 9d2e 

  0x0000022e17b4ea4c: ;   {virtual_call}
  0x0000022e17b4ea4c: 0200 00e8 

  0x0000022e17b4ea50: ; ImmutableOopMap {[64]=Oop }
                      ;*invokeinterface appStep {reexecute=0 rethrow=0 return_oop=0}
                      ; - com.jme3.app.SimpleApplication::update@229 (line 276)
  0x0000022e17b4ea50: 8c00 0107 

  0x0000022e17b4ea54: ;   {other}
  0x0000022e17b4ea54: 0f1f 8400 | cc0d 000f | 4883 c460 

  0x0000022e17b4ea60: ;   {poll_return}
  0x0000022e17b4ea60: 5d49 3ba7 | 4804 0000 | 0f87 8204 | 0000 c348 | 83c4 605d 

  0x0000022e17b4ea74: ;   {poll_return}
  0x0000022e17b4ea74: 493b a748 | 0400 000f | 8785 0400 

  0x0000022e17b4ea80: ;   {metadata({method} {0x0000022e814034e0} 'update' '()V' in 'com/jme3/app/SimpleApplication')}
  0x0000022e17b4ea80: 00c3 49ba | d834 4081 | 2e02 0000 | 4c89 5424 | 0848 c704 | 24ff ffff 

  0x0000022e17b4ea98: ;   {runtime_call counter_overflow Runtime1 stub}
  0x0000022e17b4ea98: ffe8 c2b8 

  0x0000022e17b4ea9c: ; ImmutableOopMap {rdx=Oop [64]=Oop }
                      ;*synchronization entry
                      ; - com.jme3.app.SimpleApplication::update@-1 (line 244)
  0x0000022e17b4ea9c: 0e07 e926 

  0x0000022e17b4eaa0: ;   {oop(nullptr)}
  0x0000022e17b4eaa0: f5ff ff49 | b800 0000 | 0000 0000 | 0050 5349 | 8b58 1057 | 5652 5141 | 5041 5141 | 5241 5348 
  0x0000022e17b4eac0: 83ec 2040 | f6c4 0f0f | 8419 0000 | 0048 83ec 

  0x0000022e17b4ead0: ;   {runtime_call}
  0x0000022e17b4ead0: 0848 b8b0 | b507 46fe | 7f00 00ff | d048 83c4 | 08e9 0c00 

  0x0000022e17b4eae4: ;   {runtime_call}
  0x0000022e17b4eae4: 0000 48b8 | b0b5 0746 | fe7f 0000 | ffd0 4883 | c420 415b | 415a 4159 | 4158 595a | 5e5f 483b 
  0x0000022e17b4eb04: 8338 0100 | 005b 580f | 850a 0000 | 00e9 f4f4 | ffff b800 

  0x0000022e17b4eb18: ;   {runtime_call load_mirror_patching Runtime1 stub}
  0x0000022e17b4eb18: 786e 0ae8 

  0x0000022e17b4eb1c: ; ImmutableOopMap {rsi=Oop [64]=Oop }
                      ;*getstatic BeginFrame {reexecute=1 rethrow=0 return_oop=0}
                      ; - (reexecute) com.jme3.app.SimpleApplication::update@11 (line 244)
  0x0000022e17b4eb1c: c0a7 0e07 | e9db f4ff 

  0x0000022e17b4eb24: ;   {runtime_call throw_null_pointer_exception Runtime1 stub}
  0x0000022e17b4eb24: ffe8 3643 

  0x0000022e17b4eb28: ; ImmutableOopMap {rsi=Oop r8=Oop [64]=Oop }
                      ;*getstatic BeginFrame {reexecute=1 rethrow=0 return_oop=0}
                      ; - (reexecute) com.jme3.app.SimpleApplication::update@11 (line 244)
  0x0000022e17b4eb28: 0e07 458b | 8000 0000 | 00b8 000c 

  0x0000022e17b4eb34: ;   {runtime_call access_field_patching Runtime1 stub}
  0x0000022e17b4eb34: 0507 e8a5 

  0x0000022e17b4eb38: ; ImmutableOopMap {rsi=Oop r8=Oop [64]=Oop }
                      ;*getstatic BeginFrame {reexecute=1 rethrow=0 return_oop=0}
                      ; - (reexecute) com.jme3.app.SimpleApplication::update@11 (line 244)
  0x0000022e17b4eb38: 9e0e 07e9 | d0f4 ffff 

  0x0000022e17b4eb40: ;   {runtime_call throw_null_pointer_exception Runtime1 stub}
  0x0000022e17b4eb40: e81b 430e 

  0x0000022e17b4eb44: ; ImmutableOopMap {rdx=Oop r8=Oop [64]=Oop }
                      ;*invokevirtual getTimePerFrame {reexecute=0 rethrow=0 return_oop=0}
                      ; - com.jme3.app.SimpleApplication::update@44 (line 251)
                      ;   {oop(nullptr)}
  0x0000022e17b4eb44: 0749 b800 | 0000 0000 | 0000 0050 | 5349 8b58 | 1057 5652 | 5141 5041 | 5141 5241 | 5348 83ec 
  0x0000022e17b4eb64: 2040 f6c4 | 0f0f 8419 | 0000 0048 

  0x0000022e17b4eb70: ;   {runtime_call}
  0x0000022e17b4eb70: 83ec 0848 | b8b0 b507 | 46fe 7f00 | 00ff d048 | 83c4 08e9 | 0c00 0000 

  0x0000022e17b4eb88: ;   {runtime_call}
  0x0000022e17b4eb88: 48b8 b0b5 | 0746 fe7f | 0000 ffd0 | 4883 c420 | 415b 415a | 4159 4158 | 595a 5e5f | 483b 8338 
  0x0000022e17b4eba8: 0100 005b | 580f 850a | 0000 00e9 | c2f5 ffff | b800 786e 

  0x0000022e17b4ebbc: ;   {runtime_call load_mirror_patching Runtime1 stub}
  0x0000022e17b4ebbc: 0ae8 1ea7 

  0x0000022e17b4ebc0: ; ImmutableOopMap {rsi=Oop [64]=Oop }
                      ;*getstatic StateManagerUpdate {reexecute=1 rethrow=0 return_oop=0}
                      ; - (reexecute) com.jme3.app.SimpleApplication::update@64 (line 254)
  0x0000022e17b4ebc0: 0e07 e9a9 

  0x0000022e17b4ebc4: ;   {runtime_call throw_null_pointer_exception Runtime1 stub}
  0x0000022e17b4ebc4: f5ff ffe8 

  0x0000022e17b4ebc8: ; ImmutableOopMap {rsi=Oop r8=Oop [64]=Oop }
                      ;*getstatic StateManagerUpdate {reexecute=1 rethrow=0 return_oop=0}
                      ; - (reexecute) com.jme3.app.SimpleApplication::update@64 (line 254)
  0x0000022e17b4ebc8: 9442 0e07 | 458b 8000 | 0000 00b8 | 000c 0507 

  0x0000022e17b4ebd8: ;   {runtime_call access_field_patching Runtime1 stub}
  0x0000022e17b4ebd8: e803 9e0e 

  0x0000022e17b4ebdc: ; ImmutableOopMap {rsi=Oop r8=Oop [64]=Oop }
                      ;*getstatic StateManagerUpdate {reexecute=1 rethrow=0 return_oop=0}
                      ; - (reexecute) com.jme3.app.SimpleApplication::update@64 (line 254)
  0x0000022e17b4ebdc: 07e9 9ef5 

  0x0000022e17b4ebe0: ;   {runtime_call throw_null_pointer_exception Runtime1 stub}
  0x0000022e17b4ebe0: ffff e879 

  0x0000022e17b4ebe4: ; ImmutableOopMap {rdx=Oop rsi=Oop [64]=Oop }
                      ;*invokevirtual update {reexecute=0 rethrow=0 return_oop=0}
                      ; - com.jme3.app.SimpleApplication::update@77 (line 255)
                      ;   {oop(nullptr)}
  0x0000022e17b4ebe4: 420e 0749 | b800 0000 | 0000 0000 | 0050 5349 | 8b58 1057 | 5652 5141 | 5041 5141 | 5241 5348 
  0x0000022e17b4ec04: 83ec 2040 | f6c4 0f0f | 8419 0000 | 0048 83ec 

  0x0000022e17b4ec14: ;   {runtime_call}
  0x0000022e17b4ec14: 0848 b8b0 | b507 46fe | 7f00 00ff | d048 83c4 | 08e9 0c00 

  0x0000022e17b4ec28: ;   {runtime_call}
  0x0000022e17b4ec28: 0000 48b8 | b0b5 0746 | fe7f 0000 | ffd0 4883 | c420 415b | 415a 4159 | 4158 595a | 5e5f 483b 
  0x0000022e17b4ec48: 8338 0100 | 005b 580f | 850a 0000 | 00e9 28f6 | ffff b800 

  0x0000022e17b4ec5c: ;   {runtime_call load_mirror_patching Runtime1 stub}
  0x0000022e17b4ec5c: 786e 0ae8 

  0x0000022e17b4ec60: ; ImmutableOopMap {rsi=Oop [64]=Oop }
                      ;*getstatic SpatialUpdate {reexecute=1 rethrow=0 return_oop=0}
                      ; - (reexecute) com.jme3.app.SimpleApplication::update@96 (line 260)
  0x0000022e17b4ec60: 7ca6 0e07 | e90f f6ff 

  0x0000022e17b4ec68: ;   {runtime_call throw_null_pointer_exception Runtime1 stub}
  0x0000022e17b4ec68: ffe8 f241 

  0x0000022e17b4ec6c: ; ImmutableOopMap {rsi=Oop r8=Oop [64]=Oop }
                      ;*getstatic SpatialUpdate {reexecute=1 rethrow=0 return_oop=0}
                      ; - (reexecute) com.jme3.app.SimpleApplication::update@96 (line 260)
  0x0000022e17b4ec6c: 0e07 458b | 8000 0000 | 00b8 000c 

  0x0000022e17b4ec78: ;   {runtime_call access_field_patching Runtime1 stub}
  0x0000022e17b4ec78: 0507 e861 

  0x0000022e17b4ec7c: ; ImmutableOopMap {rsi=Oop r8=Oop [64]=Oop }
                      ;*getstatic SpatialUpdate {reexecute=1 rethrow=0 return_oop=0}
                      ; - (reexecute) com.jme3.app.SimpleApplication::update@96 (line 260)
  0x0000022e17b4ec7c: 9d0e 07e9 | 04f6 ffff 

  0x0000022e17b4ec84: ;   {runtime_call throw_null_pointer_exception Runtime1 stub}
  0x0000022e17b4ec84: e8d7 410e 

  0x0000022e17b4ec88: ; ImmutableOopMap {rdx=Oop rsi=Oop [64]=Oop }
                      ;*invokevirtual updateLogicalState {reexecute=0 rethrow=0 return_oop=0}
                      ; - com.jme3.app.SimpleApplication::update@109 (line 261)
                      ;   {runtime_call throw_null_pointer_exception Runtime1 stub}
  0x0000022e17b4ec88: 07e8 d241 

  0x0000022e17b4ec8c: ; ImmutableOopMap {rdx=Oop rsi=Oop [64]=Oop }
                      ;*invokevirtual updateLogicalState {reexecute=0 rethrow=0 return_oop=0}
                      ; - com.jme3.app.SimpleApplication::update@117 (line 262)
                      ;   {runtime_call throw_null_pointer_exception Runtime1 stub}
  0x0000022e17b4ec8c: 0e07 e8cd 

  0x0000022e17b4ec90: ; ImmutableOopMap {rdx=Oop rsi=Oop [64]=Oop }
                      ;*invokevirtual updateGeometricState {reexecute=0 rethrow=0 return_oop=0}
                      ; - com.jme3.app.SimpleApplication::update@124 (line 264)
                      ;   {runtime_call throw_null_pointer_exception Runtime1 stub}
  0x0000022e17b4ec90: 410e 07e8 

  0x0000022e17b4ec94: ; ImmutableOopMap {rdx=Oop rsi=Oop [64]=Oop }
                      ;*invokevirtual updateGeometricState {reexecute=0 rethrow=0 return_oop=0}
                      ; - com.jme3.app.SimpleApplication::update@131 (line 265)
  0x0000022e17b4ec94: c841 0e07 

  0x0000022e17b4ec98: ;   {oop(nullptr)}
  0x0000022e17b4ec98: 49b8 0000 | 0000 0000 | 0000 5053 | 498b 5810 | 5756 5251 | 4150 4151 | 4152 4153 | 4883 ec20 
  0x0000022e17b4ecb8: 40f6 c40f | 0f84 1900 | 0000 4883 

  0x0000022e17b4ecc4: ;   {runtime_call}
  0x0000022e17b4ecc4: ec08 48b8 | b0b5 0746 | fe7f 0000 | ffd0 4883 | c408 e90c 

  0x0000022e17b4ecd8: ;   {runtime_call}
  0x0000022e17b4ecd8: 0000 0048 | b8b0 b507 | 46fe 7f00 | 00ff d048 | 83c4 2041 | 5b41 5a41 | 5941 5859 | 5a5e 5f48 
  0x0000022e17b4ecf8: 3b83 3801 | 0000 5b58 | 0f85 0a00 | 0000 e9ef | f8ff ffb8 | 0078 6e0a 

  0x0000022e17b4ed10: ;   {runtime_call load_mirror_patching Runtime1 stub}
  0x0000022e17b4ed10: e8cb a50e 

  0x0000022e17b4ed14: ; ImmutableOopMap {rsi=Oop [64]=Oop }
                      ;*getstatic StateManagerRender {reexecute=1 rethrow=0 return_oop=0}
                      ; - (reexecute) com.jme3.app.SimpleApplication::update@145 (line 268)
  0x0000022e17b4ed14: 07e9 d6f8 

  0x0000022e17b4ed18: ;   {runtime_call throw_null_pointer_exception Runtime1 stub}
  0x0000022e17b4ed18: ffff e841 

  0x0000022e17b4ed1c: ; ImmutableOopMap {rsi=Oop r8=Oop [64]=Oop }
                      ;*getstatic StateManagerRender {reexecute=1 rethrow=0 return_oop=0}
                      ; - (reexecute) com.jme3.app.SimpleApplication::update@145 (line 268)
  0x0000022e17b4ed1c: 410e 0745 | 8b80 0000 | 0000 b800 

  0x0000022e17b4ed28: ;   {runtime_call access_field_patching Runtime1 stub}
  0x0000022e17b4ed28: 0c05 07e8 

  0x0000022e17b4ed2c: ; ImmutableOopMap {rsi=Oop r8=Oop [64]=Oop }
                      ;*getstatic StateManagerRender {reexecute=1 rethrow=0 return_oop=0}
                      ; - (reexecute) com.jme3.app.SimpleApplication::update@145 (line 268)
  0x0000022e17b4ed2c: b09c 0e07 | e9cb f8ff 

  0x0000022e17b4ed34: ;   {runtime_call throw_null_pointer_exception Runtime1 stub}
  0x0000022e17b4ed34: ffe8 2641 

  0x0000022e17b4ed38: ; ImmutableOopMap {rdx=Oop rsi=Oop r8=Oop [64]=Oop }
                      ;*invokevirtual render {reexecute=0 rethrow=0 return_oop=0}
                      ; - com.jme3.app.SimpleApplication::update@161 (line 269)
                      ;   {oop(nullptr)}
  0x0000022e17b4ed38: 0e07 49b8 | 0000 0000 | 0000 0000 | 5053 498b | 5810 5756 | 5251 4150 | 4151 4152 | 4153 4883 
  0x0000022e17b4ed58: ec20 40f6 | c40f 0f84 | 1900 0000 | 4883 ec08 

  0x0000022e17b4ed68: ;   {runtime_call}
  0x0000022e17b4ed68: 48b8 b0b5 | 0746 fe7f | 0000 ffd0 | 4883 c408 | e90c 0000 

  0x0000022e17b4ed7c: ;   {runtime_call}
  0x0000022e17b4ed7c: 0048 b8b0 | b507 46fe | 7f00 00ff | d048 83c4 | 2041 5b41 | 5a41 5941 | 5859 5a5e | 5f48 3b83 
  0x0000022e17b4ed9c: 3801 0000 | 5b58 0f85 | 0a00 0000 | e915 f9ff | ffb8 0078 

  0x0000022e17b4edb0: ;   {runtime_call load_mirror_patching Runtime1 stub}
  0x0000022e17b4edb0: 6e0a e829 

  0x0000022e17b4edb4: ; ImmutableOopMap {rsi=Oop [64]=Oop }
                      ;*getstatic RenderFrame {reexecute=1 rethrow=0 return_oop=0}
                      ; - (reexecute) com.jme3.app.SimpleApplication::update@175 (line 271)
  0x0000022e17b4edb4: a50e 07e9 | fcf8 ffff 

  0x0000022e17b4edbc: ;   {runtime_call throw_null_pointer_exception Runtime1 stub}
  0x0000022e17b4edbc: e89f 400e 

  0x0000022e17b4edc0: ; ImmutableOopMap {rsi=Oop r8=Oop [64]=Oop }
                      ;*getstatic RenderFrame {reexecute=1 rethrow=0 return_oop=0}
                      ; - (reexecute) com.jme3.app.SimpleApplication::update@175 (line 271)
  0x0000022e17b4edc0: 0745 8b80 | 0000 0000 | b800 0c05 

  0x0000022e17b4edcc: ;   {runtime_call access_field_patching Runtime1 stub}
  0x0000022e17b4edcc: 07e8 0e9c 

  0x0000022e17b4edd0: ; ImmutableOopMap {rsi=Oop r8=Oop [64]=Oop }
                      ;*getstatic RenderFrame {reexecute=1 rethrow=0 return_oop=0}
                      ; - (reexecute) com.jme3.app.SimpleApplication::update@175 (line 271)
  0x0000022e17b4edd0: 0e07 e9f1 

  0x0000022e17b4edd4: ;   {runtime_call throw_incompatible_class_change_error Runtime1 stub}
  0x0000022e17b4edd4: f8ff ffe8 

  0x0000022e17b4edd8: ; ImmutableOopMap {rdx=Oop rsi=Oop r8=Oop [64]=Oop }
                      ;*invokeinterface isRenderable {reexecute=0 rethrow=0 return_oop=0}
                      ; - com.jme3.app.SimpleApplication::update@192 (line 272)
  0x0000022e17b4edd8: 8482 0e07 

  0x0000022e17b4eddc: ;   {runtime_call throw_null_pointer_exception Runtime1 stub}
  0x0000022e17b4eddc: e87f 400e 

  0x0000022e17b4ede0: ; ImmutableOopMap {rdx=Oop rsi=Oop r8=Oop [64]=Oop }
                      ;*invokeinterface isRenderable {reexecute=0 rethrow=0 return_oop=0}
                      ; - com.jme3.app.SimpleApplication::update@192 (line 272)
                      ;   {metadata({method} {0x0000022e8149d468} 'isRenderable' '()Z' in 'com/jme3/system/lwjgl/LwjglContext')}
  0x0000022e17b4ede0: 0749 ba60 | d449 812e | 0200 004c | 8954 2408 | 48c7 0424 | ffff ffff 

  0x0000022e17b4edf8: ;   {runtime_call counter_overflow Runtime1 stub}
  0x0000022e17b4edf8: e863 b50e 

  0x0000022e17b4edfc: ; ImmutableOopMap {rdx=Oop rsi=Oop r8=Oop [64]=Oop }
                      ;*synchronization entry
                      ; - com.jme3.system.lwjgl.LwjglContext::isRenderable@-1 (line 497)
                      ; - com.jme3.app.SimpleApplication::update@192 (line 272)
  0x0000022e17b4edfc: 07e9 f9f9 

  0x0000022e17b4ee00: ;   {runtime_call throw_null_pointer_exception Runtime1 stub}
  0x0000022e17b4ee00: ffff e859 

  0x0000022e17b4ee04: ; ImmutableOopMap {rdx=Oop rsi=Oop r8=Oop rdi=Oop [64]=Oop }
                      ;*invokevirtual get {reexecute=0 rethrow=0 return_oop=0}
                      ; - com.jme3.system.lwjgl.LwjglContext::isRenderable@4 (line 497)
                      ; - com.jme3.app.SimpleApplication::update@192 (line 272)
                      ;   {metadata({method} {0x0000022e8116d8d8} 'get' '()Z' in 'java/util/concurrent/atomic/AtomicBoolean')}
  0x0000022e17b4ee04: 400e 0749 | bad0 d816 | 812e 0200 | 004c 8954 | 2408 48c7 | 0424 ffff 

  0x0000022e17b4ee1c: ;   {runtime_call counter_overflow Runtime1 stub}
  0x0000022e17b4ee1c: ffff e83d 

  0x0000022e17b4ee20: ; ImmutableOopMap {rdx=Oop rsi=Oop r8=Oop rdi=Oop [64]=Oop }
                      ;*synchronization entry
                      ; - java.util.concurrent.atomic.AtomicBoolean::get@-1 (line 88)
                      ; - com.jme3.system.lwjgl.LwjglContext::isRenderable@4 (line 497)
                      ; - com.jme3.app.SimpleApplication::update@192 (line 272)
  0x0000022e17b4ee20: b50e 07e9 | 19fa ffff 

  0x0000022e17b4ee28: ;   {runtime_call throw_null_pointer_exception Runtime1 stub}
  0x0000022e17b4ee28: e833 400e 

  0x0000022e17b4ee2c: ; ImmutableOopMap {rsi=Oop [64]=Oop }
                      ;*invokevirtual render {reexecute=0 rethrow=0 return_oop=0}
                      ; - com.jme3.app.SimpleApplication::update@197 (line 272)
                      ;   {metadata({method} {0x0000022e814038a8} 'simpleRender' '(Lcom/jme3/renderer/RenderManager;)V' in 'com/jme3/app/SimpleApplication')}
  0x0000022e17b4ee2c: 0749 baa0 | 3840 812e | 0200 004c | 8954 2408 | 48c7 0424 | ffff ffff 

  0x0000022e17b4ee44: ;   {runtime_call counter_overflow Runtime1 stub}
  0x0000022e17b4ee44: e817 b50e 

  0x0000022e17b4ee48: ; ImmutableOopMap {rdx=Oop rsi=Oop [64]=Oop }
                      ;*synchronization entry
                      ; - com.jme3.app.SimpleApplication::simpleRender@-1 (line 297)
                      ; - com.jme3.app.SimpleApplication::update@205 (line 273)
  0x0000022e17b4ee48: 07e9 54fb 

  0x0000022e17b4ee4c: ;   {runtime_call throw_null_pointer_exception Runtime1 stub}
  0x0000022e17b4ee4c: ffff e80d 

  0x0000022e17b4ee50: ; ImmutableOopMap {rdx=Oop rsi=Oop [64]=Oop }
                      ;*invokevirtual postRender {reexecute=0 rethrow=0 return_oop=0}
                      ; - com.jme3.app.SimpleApplication::update@212 (line 274)
                      ;   {oop(nullptr)}
  0x0000022e17b4ee50: 400e 0749 | b800 0000 | 0000 0000 | 0050 5349 | 8b58 1057 | 5652 5141 | 5041 5141 | 5241 5348 
  0x0000022e17b4ee70: 83ec 2040 | f6c4 0f0f | 8419 0000 | 0048 83ec 

  0x0000022e17b4ee80: ;   {runtime_call}
  0x0000022e17b4ee80: 0848 b8b0 | b507 46fe | 7f00 00ff | d048 83c4 | 08e9 0c00 

  0x0000022e17b4ee94: ;   {runtime_call}
  0x0000022e17b4ee94: 0000 48b8 | b0b5 0746 | fe7f 0000 | ffd0 4883 | c420 415b | 415a 4159 | 4158 595a | 5e5f 483b 
  0x0000022e17b4eeb4: 8338 0100 | 005b 580f | 850a 0000 | 00e9 64fb | ffff b800 

  0x0000022e17b4eec8: ;   {runtime_call load_mirror_patching Runtime1 stub}
  0x0000022e17b4eec8: 786e 0ae8 

  0x0000022e17b4eecc: ; ImmutableOopMap {rsi=Oop [64]=Oop }
                      ;*getstatic EndFrame {reexecute=1 rethrow=0 return_oop=0}
                      ; - (reexecute) com.jme3.app.SimpleApplication::update@226 (line 276)
  0x0000022e17b4eecc: 10a4 0e07 | e94b fbff 

  0x0000022e17b4eed4: ;   {runtime_call throw_null_pointer_exception Runtime1 stub}
  0x0000022e17b4eed4: ffe8 863f 

  0x0000022e17b4eed8: ; ImmutableOopMap {rsi=Oop r8=Oop [64]=Oop }
                      ;*getstatic EndFrame {reexecute=1 rethrow=0 return_oop=0}
                      ; - (reexecute) com.jme3.app.SimpleApplication::update@226 (line 276)
  0x0000022e17b4eed8: 0e07 458b | 8000 0000 | 00b8 000c 

  0x0000022e17b4eee4: ;   {runtime_call access_field_patching Runtime1 stub}
  0x0000022e17b4eee4: 0507 e8f5 

  0x0000022e17b4eee8: ; ImmutableOopMap {rsi=Oop r8=Oop [64]=Oop }
                      ;*getstatic EndFrame {reexecute=1 rethrow=0 return_oop=0}
                      ; - (reexecute) com.jme3.app.SimpleApplication::update@226 (line 276)
  0x0000022e17b4eee8: 9a0e 07e9 | 40fb ffff 

  0x0000022e17b4eef0: ;   {internal_word}
  0x0000022e17b4eef0: 49ba 61ea | b417 2e02 | 0000 4d89 | 9760 0400 

  0x0000022e17b4ef00: ;   {runtime_call SafepointBlob}
  0x0000022e17b4ef00: 00e9 da64 

  0x0000022e17b4ef04: ;   {internal_word}
  0x0000022e17b4ef04: 0107 49ba | 74ea b417 | 2e02 0000 | 4d89 9760 

  0x0000022e17b4ef14: ;   {runtime_call SafepointBlob}
  0x0000022e17b4ef14: 0400 00e9 | c464 0107 | 498b 8700 | 0500 0049 | c787 0005 | 0000 0000 | 0000 49c7 | 8708 0500 
  0x0000022e17b4ef34: 0000 0000 | 0048 83c4 

  0x0000022e17b4ef3c: ;   {runtime_call unwind_exception Runtime1 stub}
  0x0000022e17b4ef3c: 605d e91d | 270e 07f4 | f4f4 f4f4 
[Stub Code]
  0x0000022e17b4ef48: ;   {no_reloc}
  0x0000022e17b4ef48: 0f1f 4400 

  0x0000022e17b4ef4c: ;   {static_stub}
  0x0000022e17b4ef4c: 0048 bb00 | 0000 0000 

  0x0000022e17b4ef54: ;   {runtime_call nmethod}
  0x0000022e17b4ef54: 0000 00e9 | fbff ffff 

  0x0000022e17b4ef5c: ;   {static_stub}
  0x0000022e17b4ef5c: 9048 bb00 | 0000 0000 

  0x0000022e17b4ef64: ;   {runtime_call nmethod}
  0x0000022e17b4ef64: 0000 00e9 | fbff ffff 

  0x0000022e17b4ef6c: ;   {static_stub}
  0x0000022e17b4ef6c: 9048 bb00 | 0000 0000 

  0x0000022e17b4ef74: ;   {runtime_call nmethod}
  0x0000022e17b4ef74: 0000 00e9 | fbff ffff 

  0x0000022e17b4ef7c: ;   {static_stub}
  0x0000022e17b4ef7c: 9048 bb58 | 7d43 812e 

  0x0000022e17b4ef84: ;   {runtime_call I2C/C2I adapters}
  0x0000022e17b4ef84: 0200 00e9 | abcc 0207 

  0x0000022e17b4ef8c: ;   {static_stub}
  0x0000022e17b4ef8c: 9048 bb78 | 1240 812e 

  0x0000022e17b4ef94: ;   {runtime_call I2C/C2I adapters}
  0x0000022e17b4ef94: 0200 00e9 | 9bcc 0207 

  0x0000022e17b4ef9c: ;   {static_stub}
  0x0000022e17b4ef9c: 9048 bb00 | 0000 0000 

  0x0000022e17b4efa4: ;   {runtime_call nmethod}
  0x0000022e17b4efa4: 0000 00e9 | fbff ffff 

  0x0000022e17b4efac: ;   {static_stub}
  0x0000022e17b4efac: 9048 bb00 | 0000 0000 

  0x0000022e17b4efb4: ;   {runtime_call nmethod}
  0x0000022e17b4efb4: 0000 00e9 | fbff ffff 

  0x0000022e17b4efbc: ;   {static_stub}
  0x0000022e17b4efbc: 9048 bb00 | 0000 0000 

  0x0000022e17b4efc4: ;   {runtime_call nmethod}
  0x0000022e17b4efc4: 0000 00e9 | fbff ffff 

  0x0000022e17b4efcc: ;   {static_stub}
  0x0000022e17b4efcc: 9048 bb00 | 0000 0000 

  0x0000022e17b4efd4: ;   {runtime_call nmethod}
  0x0000022e17b4efd4: 0000 00e9 | fbff ffff 

  0x0000022e17b4efdc: ;   {static_stub}
  0x0000022e17b4efdc: 9048 bb00 | 0000 0000 

  0x0000022e17b4efe4: ;   {runtime_call nmethod}
  0x0000022e17b4efe4: 0000 00e9 | fbff ffff 

  0x0000022e17b4efec: ;   {static_stub}
  0x0000022e17b4efec: 9048 bb00 | 0000 0000 

  0x0000022e17b4eff4: ;   {runtime_call nmethod}
  0x0000022e17b4eff4: 0000 00e9 | fbff ffff 

  0x0000022e17b4effc: ;   {static_stub}
  0x0000022e17b4effc: 9048 bb88 | 7e43 812e 

  0x0000022e17b4f004: ;   {runtime_call I2C/C2I adapters}
  0x0000022e17b4f004: 0200 00e9 | 2a4f 0107 

  0x0000022e17b4f00c: ;   {static_stub}
  0x0000022e17b4f00c: 9048 bb00 | 0000 0000 

  0x0000022e17b4f014: ;   {runtime_call nmethod}
  0x0000022e17b4f014: 0000 00e9 | fbff ffff 

  0x0000022e17b4f01c: ;   {static_stub}
  0x0000022e17b4f01c: 9048 bbf0 | 9a9d 812e 

  0x0000022e17b4f024: ;   {runtime_call I2C/C2I adapters}
  0x0000022e17b4f024: 0200 00e9 | 0fc4 1e07 

  0x0000022e17b4f02c: ;   {static_stub}
  0x0000022e17b4f02c: 9048 bba8 | 7f43 812e 

  0x0000022e17b4f034: ;   {runtime_call I2C/C2I adapters}
  0x0000022e17b4f034: 0200 00e9 | 7641 0107 

  0x0000022e17b4f03c: ;   {static_stub}
  0x0000022e17b4f03c: 9048 bb00 | 0000 0000 

  0x0000022e17b4f044: ;   {runtime_call nmethod}
  0x0000022e17b4f044: 0000 00e9 | fbff ffff 
[Exception Handler]
  0x0000022e17b4f04c: ;   {runtime_call handle_exception_from_callee Runtime1 stub}
  0x0000022e17b4f04c: e80f 770e 

  0x0000022e17b4f050: ;   {external_word}
  0x0000022e17b4f050: 0748 b940 | d5a3 46fe | 7f00 0048 

  0x0000022e17b4f05c: ;   {runtime_call}
  0x0000022e17b4f05c: 83e4 f048 | b870 4a6a | 46fe 7f00 | 00ff d0f4 
[Deopt Handler Code]
  0x0000022e17b4f06c: ;   {section_word}
  0x0000022e17b4f06c: 49ba 6cf0 | b417 2e02 | 0000 4152 

  0x0000022e17b4f078: ;   {runtime_call DeoptimizationBlob}
  0x0000022e17b4f078: e903 5601 | 07f4 f4f4 
[/MachCode]


Compiled method (c1) 20267 3330   !   3       com.jme3.system.lwjgl.LwjglWindow::runLoop (220 bytes)
 total in heap  [0x0000022e17b4a908,0x0000022e17b4c858] = 8016
 relocation     [0x0000022e17b4a9e0,0x0000022e17b4ac60] = 640
 constants      [0x0000022e17b4ac60,0x0000022e17b4ac80] = 32
 main code      [0x0000022e17b4ac80,0x0000022e17b4c638] = 6584
 stub code      [0x0000022e17b4c638,0x0000022e17b4c738] = 256
 oops           [0x0000022e17b4c738,0x0000022e17b4c770] = 56
 metadata       [0x0000022e17b4c770,0x0000022e17b4c858] = 232
 immutable data [0x0000022e9d9d5330,0x0000022e9d9d5bc8] = 2200
 dependencies   [0x0000022e9d9d5330,0x0000022e9d9d5370] = 64
 nul chk table  [0x0000022e9d9d5370,0x0000022e9d9d53e8] = 120
 handler table  [0x0000022e9d9d53e8,0x0000022e9d9d5418] = 48
 scopes pcs     [0x0000022e9d9d5418,0x0000022e9d9d57d8] = 960
 scopes data    [0x0000022e9d9d57d8,0x0000022e9d9d5bc8] = 1008


[Constant Pool]
             Address          hex4                    hex8      
  0x0000022e17b4ac60:   0x00000000      0x408f400000000000      
  0x0000022e17b4ac64:   0x408f4000                              
  0x0000022e17b4ac68:   0x00000000      0x412e848000000000      
  0x0000022e17b4ac6c:   0x412e8480                              
  0x0000022e17b4ac70:   0xf4f4f4f4      0xf4f4f4f4f4f4f4f4      
  0x0000022e17b4ac74:   0xf4f4f4f4                              
  0x0000022e17b4ac78:   0xf4f4f4f4      0xf4f4f4f4f4f4f4f4      
  0x0000022e17b4ac7c:   0xf4f4f4f4                              

[MachCode]
[Instructions begin]
  0x0000022e17b4ac80: ;   {no_reloc}
  0x0000022e17b4ac80: 6666 660f | 1f84 0000 | 0000 0066 | 6666 9066 | 6690 448b | 5208 443b 

  0x0000022e17b4ac98: ;   {runtime_call ic_miss_stub}
  0x0000022e17b4ac98: 5008 0f85 | 4038 0107 
[Verified Entry Point]
  0x0000022e17b4aca0: 8984 2400 | 80ff ff55 | 4881 ec40 | 0100 0090 | 4181 7f20 | 0100 0000 

  0x0000022e17b4acb8: ;   {runtime_call StubRoutines (final stubs)}
  0x0000022e17b4acb8: 7405 e881 | caff 0648 | 8994 24e0 

  0x0000022e17b4acc4: ;   {metadata(method data for {method} {0x0000022e81497f90} 'runLoop' '()V' in 'com/jme3/system/lwjgl/LwjglWindow')}
  0x0000022e17b4acc4: 0000 0048 | be28 6de3 | 812e 0200 | 008b becc | 0000 0083 | c702 89be | cc00 0000 | 81e7 fe07 
  0x0000022e17b4ace4: 0000 85ff | 0f84 fe15 | 0000 8b5a | 5448 c1e3 | 0348 899c | 2420 0100 | 0048 3b03 

  0x0000022e17b4ad00: ;   {metadata(method data for {method} {0x0000022e81497f90} 'runLoop' '()V' in 'com/jme3/system/lwjgl/LwjglWindow')}
  0x0000022e17b4ad00: 488b f348 | bf28 6de3 | 812e 0200 | 0048 8387 | 1801 0000 

  0x0000022e17b4ad14: ;   {metadata(method data for {method} {0x0000022e8116df50} 'getAndSet' '(Z)Z' in 'java/util/concurrent/atomic/AtomicBoolean')}
  0x0000022e17b4ad14: 0148 be68 | e8d6 812e | 0200 008b | becc 0000 | 0083 c702 | 89be cc00 | 0000 81e7 | feff 1f00 
  0x0000022e17b4ad34: 85ff 0f84 | d615 0000 

  0x0000022e17b4ad3c: ;   {metadata(method data for {method} {0x0000022e8116df50} 'getAndSet' '(Z)Z' in 'java/util/concurrent/atomic/AtomicBoolean')}
  0x0000022e17b4ad3c: 48be 68e8 | d681 2e02 | 0000 ff86 | 1801 0000 

  0x0000022e17b4ad4c: ;   {metadata(method data for {method} {0x0000022e8116df50} 'getAndSet' '(Z)Z' in 'java/util/concurrent/atomic/AtomicBoolean')}
  0x0000022e17b4ad4c: 48be 68e8 | d681 2e02 | 0000 488d | b680 0100 

  0x0000022e17b4ad5c: ;   {metadata('java/util/concurrent/atomic/AtomicBoolean')}
  0x0000022e17b4ad5c: 0048 bf48 | d305 402e | 0200 0048 | 337e 0848 | f7c7 fcff | ffff 7404 | 4889 7e08 

  0x0000022e17b4ad78: ;   {metadata(method data for {method} {0x0000022e8116df50} 'getAndSet' '(Z)Z' in 'java/util/concurrent/atomic/AtomicBoolean')}
  0x0000022e17b4ad78: 48be 68e8 | d681 2e02 | 0000 4883 | 8650 0100 

  0x0000022e17b4ad88: ;   {metadata(method data for {method} {0x0000022e3f263048} 'guard_LI_I' '(Ljava/lang/invoke/VarHandle;Ljava/lang/Object;ILjava/lang/invoke/VarHandle$AccessDescriptor;)I' in 'java/lang/invoke/VarHandleGuards')}
  0x0000022e17b4ad88: 0001 48be | 00c1 0c81 | 2e02 0000 | 8bbe cc00 | 0000 83c7 | 0289 becc | 0000 0081 | e7fe ff1f 
  0x0000022e17b4ada8: 0085 ff0f | 8482 1500 

  0x0000022e17b4adb0: ;   {oop(a 'java/lang/invoke/VarHandleInts$FieldInstanceReadWrite'{0x000000040426d720})}
  0x0000022e17b4adb0: 0048 be20 | d726 0404 

  0x0000022e17b4adb8: ;   {metadata(method data for {method} {0x0000022e3f263048} 'guard_LI_I' '(Ljava/lang/invoke/VarHandle;Ljava/lang/Object;ILjava/lang/invoke/VarHandle$AccessDescriptor;)I' in 'java/lang/invoke/VarHandleGuards')}
  0x0000022e17b4adb8: 0000 0048 | bf00 c10c | 812e 0200 | 008b 7608 | 49ba 0000 | 003f 2e02 | 0000 4903 | f248 3bb7 
  0x0000022e17b4add8: 2001 0000 | 750d 4883 | 8728 0100 | 0001 e960 | 0000 0048 | 3bb7 3001 | 0000 750d | 4883 8738 
  0x0000022e17b4adf8: 0100 0001 | e94a 0000 | 0048 83bf | 2001 0000 | 0075 1748 | 89b7 2001 | 0000 48c7 | 8728 0100 
  0x0000022e17b4ae18: 0001 0000 | 00e9 2900 | 0000 4883 | bf30 0100 | 0000 7517 | 4889 b730 | 0100 0048 | c787 3801 
  0x0000022e17b4ae38: 0000 0100 | 0000 e908 | 0000 0048 | 8387 1801 

  0x0000022e17b4ae48: ;   {metadata(method data for {method} {0x0000022e3f1ce110} 'checkAccessModeThenIsDirect' '(Ljava/lang/invoke/VarHandle$AccessDescriptor;)Z' in 'java/lang/invoke/VarHandle')}
  0x0000022e17b4ae48: 0000 0148 | bec8 c40c | 812e 0200 | 008b becc | 0000 0083 | c702 89be | cc00 0000 | 81e7 feff 
  0x0000022e17b4ae68: 1f00 85ff | 0f84 e214 

  0x0000022e17b4ae70: ;   {metadata(method data for {method} {0x0000022e3f1ce110} 'checkAccessModeThenIsDirect' '(Ljava/lang/invoke/VarHandle$AccessDescriptor;)Z' in 'java/lang/invoke/VarHandle')}
  0x0000022e17b4ae70: 0000 48be | c8c4 0c81 | 2e02 0000 | ff86 1801 

  0x0000022e17b4ae80: ;   {metadata(method data for {method} {0x0000022e3f263048} 'guard_LI_I' '(Ljava/lang/invoke/VarHandle;Ljava/lang/Object;ILjava/lang/invoke/VarHandle$AccessDescriptor;)I' in 'java/lang/invoke/VarHandleGuards')}
  0x0000022e17b4ae80: 0000 48be | 00c1 0c81 | 2e02 0000 | ff86 7001 

  0x0000022e17b4ae90: ;   {metadata(method data for {method} {0x0000022e3f263048} 'guard_LI_I' '(Ljava/lang/invoke/VarHandle;Ljava/lang/Object;ILjava/lang/invoke/VarHandle$AccessDescriptor;)I' in 'java/lang/invoke/VarHandleGuards')}
  0x0000022e17b4ae90: 0000 48be | 00c1 0c81 | 2e02 0000 | ff86 9001 

  0x0000022e17b4aea0: ;   {oop(a 'java/lang/invoke/VarForm'{0x000000040426d748})}
  0x0000022e17b4aea0: 0000 48be | 48d7 2604 | 0400 0000 

  0x0000022e17b4aeac: ;   {metadata(method data for {method} {0x0000022e3f263048} 'guard_LI_I' '(Ljava/lang/invoke/VarHandle;Ljava/lang/Object;ILjava/lang/invoke/VarHandle$AccessDescriptor;)I' in 'java/lang/invoke/VarHandleGuards')}
  0x0000022e17b4aeac: 48bf 00c1 | 0c81 2e02 | 0000 4883 | 87a0 0100 

  0x0000022e17b4aebc: ;   {metadata(method data for {method} {0x0000022e3f2628d8} 'getMemberName' '(I)Ljava/lang/invoke/MemberName;' in 'java/lang/invoke/VarForm')}
  0x0000022e17b4aebc: 0001 48be | c8c6 0c81 | 2e02 0000 | 8bbe cc00 | 0000 83c7 | 0289 becc | 0000 0081 | e7fe ff1f 
  0x0000022e17b4aedc: 0085 ff0f | 8490 1400 

  0x0000022e17b4aee4: ;   {metadata(method data for {method} {0x0000022e3f2628d8} 'getMemberName' '(I)Ljava/lang/invoke/MemberName;' in 'java/lang/invoke/VarForm')}
  0x0000022e17b4aee4: 0048 bec8 | c60c 812e | 0200 00ff | 8618 0100 

  0x0000022e17b4aef4: ;   {metadata(method data for {method} {0x0000022e3f263048} 'guard_LI_I' '(Ljava/lang/invoke/VarHandle;Ljava/lang/Object;ILjava/lang/invoke/VarHandle$AccessDescriptor;)I' in 'java/lang/invoke/VarHandleGuards')}
  0x0000022e17b4aef4: 0048 be00 | c10c 812e | 0200 0048 | 8386 e001 

  0x0000022e17b4af04: ;   {metadata(method data for {method} {0x0000022e81170b70} 'getAndSet' '(Ljava/lang/invoke/VarHandle;Ljava/lang/Object;I)I' in 'java/lang/invoke/VarHandleInts$FieldInstanceReadWrite')}
  0x0000022e17b4af04: 0000 0148 | be80 ead6 | 812e 0200 | 008b becc | 0000 0083 | c702 89be | cc00 0000 | 81e7 feff 
  0x0000022e17b4af24: 1f00 85ff | 0f84 6814 

  0x0000022e17b4af2c: ;   {oop(a 'java/lang/Class'{0x000000040426d6a0} = 'java/util/concurrent/atomic/AtomicBoolean')}
  0x0000022e17b4af2c: 0000 48be | a0d6 2604 | 0400 0000 

  0x0000022e17b4af38: ;   {metadata(method data for {method} {0x0000022e81170b70} 'getAndSet' '(Ljava/lang/invoke/VarHandle;Ljava/lang/Object;I)I' in 'java/lang/invoke/VarHandleInts$FieldInstanceReadWrite')}
  0x0000022e17b4af38: 48bf 80ea | d681 2e02 | 0000 4883 | 8748 0100 

  0x0000022e17b4af48: ;   {metadata(method data for {method} {0x0000022e3f498490} 'cast' '(Ljava/lang/Object;)Ljava/lang/Object;' in 'java/lang/Class')}
  0x0000022e17b4af48: 0001 48be | f878 1781 | 2e02 0000 | 8bbe cc00 | 0000 83c7 | 0289 becc | 0000 0081 | e7fe ff1f 
  0x0000022e17b4af68: 0085 ff0f | 8446 1400 | 0048 85db 

  0x0000022e17b4af74: ;   {metadata(method data for {method} {0x0000022e3f498490} 'cast' '(Ljava/lang/Object;)Ljava/lang/Object;' in 'java/lang/Class')}
  0x0000022e17b4af74: 48be f878 | 1781 2e02 | 0000 bf18 | 0100 0074 | 05bf 2801 | 0000 488b | 043e 488d | 4001 4889 
  0x0000022e17b4af94: 043e 0f84 | 8200 0000 

  0x0000022e17b4af9c: ;   {oop(a 'java/lang/Class'{0x000000040426d6a0} = 'java/util/concurrent/atomic/AtomicBoolean')}
  0x0000022e17b4af9c: 48be a0d6 | 2604 0400 

  0x0000022e17b4afa4: ;   {metadata(method data for {method} {0x0000022e3f498490} 'cast' '(Ljava/lang/Object;)Ljava/lang/Object;' in 'java/lang/Class')}
  0x0000022e17b4afa4: 0000 48bf | f878 1781 | 2e02 0000 | 4883 8738 | 0100 0001 | 4885 db0f | 8429 0000 

  0x0000022e17b4afc0: ;   {metadata('java/util/concurrent/atomic/AtomicBoolean')}
  0x0000022e17b4afc0: 0048 b948 | d305 402e | 0200 008b | 4308 49ba | 0000 003f | 2e02 0000 | 4903 c248 | 3b48 380f 
  0x0000022e17b4afe0: 8505 0000 | 00e9 0500 | 0000 4833 | f6eb 05be | 0100 0000 

  0x0000022e17b4aff4: ;   {metadata(method data for {method} {0x0000022e3f498490} 'cast' '(Ljava/lang/Object;)Ljava/lang/Object;' in 'java/lang/Class')}
  0x0000022e17b4aff4: 85f6 48be | f878 1781 | 2e02 0000 | bf78 0100 | 0074 05bf | 6801 0000 | 488b 043e | 488d 4001 
  0x0000022e17b4b014: 4889 043e | 0f84 ee11 

  0x0000022e17b4b01c: ;   {metadata(method data for {method} {0x0000022e81170b70} 'getAndSet' '(Ljava/lang/invoke/VarHandle;Ljava/lang/Object;I)I' in 'java/lang/invoke/VarHandleInts$FieldInstanceReadWrite')}
  0x0000022e17b4b01c: 0000 48be | 80ea d681 | 2e02 0000 | 4883 8678 | 0100 0001 

  0x0000022e17b4b030: ;   {metadata(method data for {method} {0x0000022e3f44a3e0} 'requireNonNull' '(Ljava/lang/Object;)Ljava/lang/Object;' in 'java/util/Objects')}
  0x0000022e17b4b030: 48be c888 | 0181 2e02 | 0000 8bbe | cc00 0000 | 83c7 0289 | becc 0000 | 0081 e7fe | ff1f 0085 
  0x0000022e17b4b050: ff0f 8481 | 1300 0048 

  0x0000022e17b4b058: ;   {metadata(method data for {method} {0x0000022e3f44a3e0} 'requireNonNull' '(Ljava/lang/Object;)Ljava/lang/Object;' in 'java/util/Objects')}
  0x0000022e17b4b058: 85db 48be | c888 0181 | 2e02 0000 | bf28 0100 | 0074 05bf | 1801 0000 | 488b 043e | 488d 4001 
  0x0000022e17b4b078: 4889 043e | 0f84 e210 | 0000 488d | 730c bf00 | 0000 0087 

  0x0000022e17b4b08c: ;   {metadata(method data for {method} {0x0000022e8116df50} 'getAndSet' '(Z)Z' in 'java/util/concurrent/atomic/AtomicBoolean')}
  0x0000022e17b4b08c: 3e85 ff48 | be68 e8d6 | 812e 0200 | 00bf 9801 | 0000 7405 | bfa8 0100 | 0048 8b1c | 3e48 8d5b 
  0x0000022e17b4b0ac: 0148 891c | 3e0f 841a 

  0x0000022e17b4b0b4: ;   {metadata(method data for {method} {0x0000022e8116df50} 'getAndSet' '(Z)Z' in 'java/util/concurrent/atomic/AtomicBoolean')}
  0x0000022e17b4b0b4: 0000 0048 | be68 e8d6 | 812e 0200 | 00ff 86b8 | 0100 00be | 0100 0000 | e905 0000 | 00be 0000 
  0x0000022e17b4b0d4: 0000 83e6 

  0x0000022e17b4b0d8: ;   {metadata(method data for {method} {0x0000022e81497f90} 'runLoop' '()V' in 'com/jme3/system/lwjgl/LwjglWindow')}
  0x0000022e17b4b0d8: 0185 f648 | be28 6de3 | 812e 0200 | 00bf 4801 | 0000 7405 | bf58 0100 | 0048 8b1c | 3e48 8d5b 
  0x0000022e17b4b0f8: 0148 891c | 3e0f 8431 | 0000 0048 

  0x0000022e17b4b104: ;   {metadata(method data for {method} {0x0000022e81497f90} 'runLoop' '()V' in 'com/jme3/system/lwjgl/LwjglWindow')}
  0x0000022e17b4b104: 8bf2 48bf | 286d e381 | 2e02 0000 | 4883 8768 | 0100 0001 | 488b f248 

  0x0000022e17b4b11c: ;   {optimized virtual_call}
  0x0000022e17b4b11c: 8bd6 90e8 

  0x0000022e17b4b120: ; ImmutableOopMap {[224]=Oop }
                      ;*invokespecial restartContext {reexecute=0 rethrow=0 return_oop=0}
                      ; - com.jme3.system.lwjgl.LwjglWindow::runLoop@12 (line 523)
  0x0000022e17b4b120: bc36 0107 

  0x0000022e17b4b124: ;   {other}
  0x0000022e17b4b124: 0f1f 8400 | 1c08 0000 | 488b 9424 | e000 0000 | 8b72 1048 | c1e6 0348 | 3b06 488b 

  0x0000022e17b4b140: ;   {metadata(method data for {method} {0x0000022e81497f90} 'runLoop' '()V' in 'com/jme3/system/lwjgl/LwjglWindow')}
  0x0000022e17b4b140: fe48 bb28 | 6de3 812e | 0200 0048 | 8383 7801 

  0x0000022e17b4b150: ;   {metadata(method data for {method} {0x0000022e8116d8d8} 'get' '()Z' in 'java/util/concurrent/atomic/AtomicBoolean')}
  0x0000022e17b4b150: 0000 0148 | bf90 59d6 | 812e 0200 | 008b 9fcc | 0000 0083 | c302 899f | cc00 0000 | 81e3 feff 
  0x0000022e17b4b170: 1f00 85db | 0f84 8412 | 0000 8b76 

  0x0000022e17b4b17c: ;   {metadata(method data for {method} {0x0000022e8116d8d8} 'get' '()Z' in 'java/util/concurrent/atomic/AtomicBoolean')}
  0x0000022e17b4b17c: 0c85 f648 | be90 59d6 | 812e 0200 | 00bf 1801 | 0000 7405 | bf28 0100 | 0048 8b1c | 3e48 8d5b 
  0x0000022e17b4b19c: 0148 891c | 3e0f 841a 

  0x0000022e17b4b1a4: ;   {metadata(method data for {method} {0x0000022e8116d8d8} 'get' '()Z' in 'java/util/concurrent/atomic/AtomicBoolean')}
  0x0000022e17b4b1a4: 0000 0048 | be90 59d6 | 812e 0200 | 00ff 8638 | 0100 00be | 0100 0000 | e905 0000 | 00be 0000 
  0x0000022e17b4b1c4: 0000 83e6 

  0x0000022e17b4b1c8: ;   {metadata(method data for {method} {0x0000022e81497f90} 'runLoop' '()V' in 'com/jme3/system/lwjgl/LwjglWindow')}
  0x0000022e17b4b1c8: 0185 f648 | be28 6de3 | 812e 0200 | 00bf b801 | 0000 7405 | bfa8 0100 | 0048 8b1c | 3e48 8d5b 
  0x0000022e17b4b1e8: 0148 891c | 3e0f 84bf | 0e00 008b | 7230 48c1 | e603 483b | 0648 8bfe 

  0x0000022e17b4b200: ;   {metadata(method data for {method} {0x0000022e81497f90} 'runLoop' '()V' in 'com/jme3/system/lwjgl/LwjglWindow')}
  0x0000022e17b4b200: 48bb 286d | e381 2e02 | 0000 8b7f | 0849 ba00 | 0000 3f2e | 0200 0049 | 03fa 483b | bbe0 0100 
  0x0000022e17b4b220: 0075 0d48 | 8383 e801 | 0000 01e9 | 6000 0000 | 483b bbf0 | 0100 0075 | 0d48 8383 | f801 0000 
  0x0000022e17b4b240: 01e9 4a00 | 0000 4883 | bbe0 0100 | 0000 7517 | 4889 bbe0 | 0100 0048 | c783 e801 | 0000 0100 
  0x0000022e17b4b260: 0000 e929 | 0000 0048 | 83bb f001 | 0000 0075 | 1748 89bb | f001 0000 | 48c7 83f8 | 0100 0001 
  0x0000022e17b4b280: 0000 00e9 | 0800 0000 | 4883 83d8 | 0100 0001 | 488b d666 | 9048 b8c0 | fc25 9d2e 

  0x0000022e17b4b29c: ;   {virtual_call}
  0x0000022e17b4b29c: 0200 00e8 

  0x0000022e17b4b2a0: ; ImmutableOopMap {[224]=Oop }
                      ;*invokeinterface update {reexecute=0 rethrow=0 return_oop=0}
                      ; - com.jme3.system.lwjgl.LwjglWindow::runLoop@37 (line 530)
  0x0000022e17b4b2a0: ce2c 0000 

  0x0000022e17b4b2a4: ;   {other}
  0x0000022e17b4b2a4: 0f1f 8400 | 9c09 0001 | 488b 9424 | e000 0000 | 8b72 1448 | c1e6 0348 | 3b06 488b 

  0x0000022e17b4b2c0: ;   {metadata(method data for {method} {0x0000022e81497f90} 'runLoop' '()V' in 'com/jme3/system/lwjgl/LwjglWindow')}
  0x0000022e17b4b2c0: fe48 bb28 | 6de3 812e | 0200 0048 | 8383 0802 

  0x0000022e17b4b2d0: ;   {metadata(method data for {method} {0x0000022e8116d8d8} 'get' '()Z' in 'java/util/concurrent/atomic/AtomicBoolean')}
  0x0000022e17b4b2d0: 0000 0148 | bf90 59d6 | 812e 0200 | 008b 9fcc | 0000 0083 | c302 899f | cc00 0000 | 81e3 feff 
  0x0000022e17b4b2f0: 1f00 85db | 0f84 2f11 | 0000 8b76 

  0x0000022e17b4b2fc: ;   {metadata(method data for {method} {0x0000022e8116d8d8} 'get' '()Z' in 'java/util/concurrent/atomic/AtomicBoolean')}
  0x0000022e17b4b2fc: 0c85 f648 | be90 59d6 | 812e 0200 | 00bf 1801 | 0000 7405 | bf28 0100 | 0048 8b1c | 3e48 8d5b 
  0x0000022e17b4b31c: 0148 891c | 3e0f 841a 

  0x0000022e17b4b324: ;   {metadata(method data for {method} {0x0000022e8116d8d8} 'get' '()Z' in 'java/util/concurrent/atomic/AtomicBoolean')}
  0x0000022e17b4b324: 0000 0048 | be90 59d6 | 812e 0200 | 00ff 8638 | 0100 00be | 0100 0000 | e905 0000 | 00be 0000 
  0x0000022e17b4b344: 0000 83e6 

  0x0000022e17b4b348: ;   {metadata(method data for {method} {0x0000022e81497f90} 'runLoop' '()V' in 'com/jme3/system/lwjgl/LwjglWindow')}
  0x0000022e17b4b348: 0185 f648 | be28 6de3 | 812e 0200 | 00bf 3802 | 0000 7405 | bf48 0200 | 0048 8b1c | 3e48 8d5b 
  0x0000022e17b4b368: 0148 891c | 3e0f 84c9 | 0100 000f | be72 4e85 

  0x0000022e17b4b378: ;   {metadata(method data for {method} {0x0000022e81497f90} 'runLoop' '()V' in 'com/jme3/system/lwjgl/LwjglWindow')}
  0x0000022e17b4b378: f648 be28 | 6de3 812e | 0200 00bf | 5802 0000 | 7405 bf68 | 0200 0048 | 8b1c 3e48 | 8d5b 0148 
  0x0000022e17b4b398: 891c 3e0f | 845b 0000 | 000f be72 

  0x0000022e17b4b3a4: ;   {metadata(method data for {method} {0x0000022e81497f90} 'runLoop' '()V' in 'com/jme3/system/lwjgl/LwjglWindow')}
  0x0000022e17b4b3a4: 4d85 f648 | be28 6de3 | 812e 0200 | 00bf 7802 | 0000 7405 | bf88 0200 | 0048 8b1c | 3e48 8d5b 
  0x0000022e17b4b3c4: 0148 891c | 3e0f 842d | 0000 0048 

  0x0000022e17b4b3d0: ;   {metadata(method data for {method} {0x0000022e81497f90} 'runLoop' '()V' in 'com/jme3/system/lwjgl/LwjglWindow')}
  0x0000022e17b4b3d0: 8b72 4048 | bf28 6de3 | 812e 0200 | 0048 8387 | 9802 0000 | 0148 8bd6 | 0f1f 8000 

  0x0000022e17b4b3ec: ;   {static_call}
  0x0000022e17b4b3ec: 0000 00e8 

  0x0000022e17b4b3f0: ; ImmutableOopMap {[224]=Oop }
                      ;*invokestatic glfwSwapBuffers {reexecute=0 rethrow=0 return_oop=0}
                      ; - com.jme3.system.lwjgl.LwjglWindow::runLoop@70 (line 539)
  0x0000022e17b4b3f0: 6c6a 0200 

  0x0000022e17b4b3f4: ;   {other}
  0x0000022e17b4b3f4: 0f1f 8400 | ec0a 0002 

  0x0000022e17b4b3fc: ;   {metadata(method data for {method} {0x0000022e81497f90} 'runLoop' '()V' in 'com/jme3/system/lwjgl/LwjglWindow')}
  0x0000022e17b4b3fc: 48b8 286d | e381 2e02 | 0000 ff80 | a802 0000 | 488b 9424 | e000 0000 | e923 0100 | 0048 8b94 
  0x0000022e17b4b41c: 24e0 0000 | 0049 8b87 | 0005 0000 | 4d33 d24d | 8997 0005 | 0000 4d33 | d24d 8997 | 0805 0000 
  0x0000022e17b4b43c: 8b72 3048 | c1e6 0348 | 85f6 0f84 | 2900 0000 

  0x0000022e17b4b44c: ;   {metadata('com/jme3/app/LegacyApplication')}
  0x0000022e17b4b44c: 48bb 0010 | 0040 2e02 | 0000 8b7e | 0849 ba00 | 0000 3f2e | 0200 0049 | 03fa 483b | 5f38 0f85 
  0x0000022e17b4b46c: da0f 0000 | e900 0000 | 004c 8bc6 

  0x0000022e17b4b478: ; implicit exception: dispatches to 0x0000022e17b4c44f
  0x0000022e17b4b478: 483b 064c 

  0x0000022e17b4b47c: ;   {metadata(method data for {method} {0x0000022e81497f90} 'runLoop' '()V' in 'com/jme3/system/lwjgl/LwjglWindow')}
  0x0000022e17b4b47c: 8bc6 49b9 | 286d e381 | 2e02 0000 | 458b 4008 | 49ba 0000 | 003f 2e02 | 0000 4d03 | c24d 3b81 
  0x0000022e17b4b49c: c802 0000 | 750d 4983 | 81d0 0200 | 0001 e960 | 0000 004d | 3b81 d802 | 0000 750d | 4983 81e0 
  0x0000022e17b4b4bc: 0200 0001 | e94a 0000 | 0049 83b9 | c802 0000 | 0075 174d | 8981 c802 | 0000 49c7 | 81d0 0200 
  0x0000022e17b4b4dc: 0001 0000 | 00e9 2900 | 0000 4983 | b9d8 0200 | 0000 7517 | 4d89 81d8 | 0200 0049 | c781 e002 
  0x0000022e17b4b4fc: 0000 0100 | 0000 e908 | 0000 0049 | 8381 c002 

  0x0000022e17b4b50c: ;   {oop("Error while swapping buffers"{0x00000004437ecb98})}
  0x0000022e17b4b50c: 0000 0149 | b898 cb7e | 4304 0000 | 004c 8bc8 | 488b d648 | 8984 24e8 

  0x0000022e17b4b524: ;   {optimized virtual_call}
  0x0000022e17b4b524: 0000 00e8 

  0x0000022e17b4b528: ; ImmutableOopMap {[224]=Oop [232]=Oop }
                      ;*invokeinterface handleError {reexecute=0 rethrow=0 return_oop=0}
                      ; - com.jme3.system.lwjgl.LwjglWindow::runLoop@84 (line 542)
  0x0000022e17b4b528: b432 0107 

  0x0000022e17b4b52c: ;   {other}
  0x0000022e17b4b52c: 0f1f 8400 | 240c 0003 | 488b 9424 | e000 0000 | 8b72 2c48 | c1e6 0348 

  0x0000022e17b4b544: ;   {metadata(method data for {method} {0x0000022e81497f90} 'runLoop' '()V' in 'com/jme3/system/lwjgl/LwjglWindow')}
  0x0000022e17b4b544: 85f6 48bf | 286d e381 | 2e02 0000 | bbf0 0200 | 0074 05bb | 0003 0000 | 488b 041f | 488d 4001 
  0x0000022e17b4b564: 4889 041f | 0f84 be00 | 0000 483b | 0648 8bfe 

  0x0000022e17b4b574: ;   {metadata(method data for {method} {0x0000022e81497f90} 'runLoop' '()V' in 'com/jme3/system/lwjgl/LwjglWindow')}
  0x0000022e17b4b574: 48bb 286d | e381 2e02 | 0000 8b7f | 0849 ba00 | 0000 3f2e | 0200 0049 | 03fa 483b | bb18 0300 
  0x0000022e17b4b594: 0075 0d48 | 8383 2003 | 0000 01e9 | 6000 0000 | 483b bb28 | 0300 0075 | 0d48 8383 | 3003 0000 
  0x0000022e17b4b5b4: 01e9 4a00 | 0000 4883 | bb18 0300 | 0000 7517 | 4889 bb18 | 0300 0048 | c783 2003 | 0000 0100 
  0x0000022e17b4b5d4: 0000 e929 | 0000 0048 | 83bb 2803 | 0000 0075 | 1748 89bb | 2803 0000 | 48c7 8330 | 0300 0001 
  0x0000022e17b4b5f4: 0000 00e9 | 0800 0000 | 4883 8310 | 0300 0001 | 488b d666 | 0f1f 4400 | 0048 b8e8 | fc25 9d2e 
  0x0000022e17b4b614: ;   {virtual_call}
  0x0000022e17b4b614: 0200 00e8 

  0x0000022e17b4b618: ; ImmutableOopMap {[224]=Oop }
                      ;*invokeinterface postFrame {reexecute=0 rethrow=0 return_oop=0}
                      ; - com.jme3.system.lwjgl.LwjglWindow::runLoop@100 (line 549)
  0x0000022e17b4b618: d654 0000 

  0x0000022e17b4b61c: ;   {other}
  0x0000022e17b4b61c: 0f1f 8400 | 140d 0004 | 488b 9424 | e000 0000 | 440f be42 | 4d45 85c0 

  0x0000022e17b4b634: ;   {metadata(method data for {method} {0x0000022e81497f90} 'runLoop' '()V' in 'com/jme3/system/lwjgl/LwjglWindow')}
  0x0000022e17b4b634: 49b8 286d | e381 2e02 | 0000 be40 | 0300 0074 | 05be 5003 | 0000 498b | 3c30 488d | 7f01 4989 
  0x0000022e17b4b654: 3c30 0f84 | 9e07 0000 | 8b72 484c 

  0x0000022e17b4b660: ;   {metadata(method data for {method} {0x0000022e81497f90} 'runLoop' '()V' in 'com/jme3/system/lwjgl/LwjglWindow')}
  0x0000022e17b4b660: 8bc2 48bf | 286d e381 | 2e02 0000 | 458b 4008 | 49ba 0000 | 003f 2e02 | 0000 4d03 | c24c 3b87 
  0x0000022e17b4b680: 6803 0000 | 750d 4883 | 8770 0300 | 0001 e960 | 0000 004c | 3b87 7803 | 0000 750d | 4883 8780 
  0x0000022e17b4b6a0: 0300 0001 | e94a 0000 | 0048 83bf | 6803 0000 | 0075 174c | 8987 6803 | 0000 48c7 | 8770 0300 
  0x0000022e17b4b6c0: 0001 0000 | 00e9 2900 | 0000 4883 | bf78 0300 | 0000 7517 | 4c89 8778 | 0300 0048 | c787 8003 
  0x0000022e17b4b6e0: 0000 0100 | 0000 e908 | 0000 0048 | 8387 6003 | 0000 018b | 7a18 48c1 | e703 483b | 074c 8bc7 
  0x0000022e17b4b700: ;   {metadata(method data for {method} {0x0000022e81497f90} 'runLoop' '()V' in 'com/jme3/system/lwjgl/LwjglWindow')}
  0x0000022e17b4b700: 48bb 286d | e381 2e02 | 0000 4883 | 8390 0300 

  0x0000022e17b4b710: ;   {metadata(method data for {method} {0x0000022e81468170} 'getFrameRate' '()I' in 'com/jme3/system/AppSettings')}
  0x0000022e17b4b710: 0001 49b8 | 287d e381 | 2e02 0000 | 418b 98cc | 0000 0083 | c302 4189 | 98cc 0000 | 0081 e3fe 
  0x0000022e17b4b730: ff1f 0085 | db0f 8423 | 0d00 004c 

  0x0000022e17b4b73c: ;   {metadata(method data for {method} {0x0000022e81468170} 'getFrameRate' '()I' in 'com/jme3/system/AppSettings')}
  0x0000022e17b4b73c: 8bc7 48bb | 287d e381 | 2e02 0000 | 4883 8318 | 0100 0001 

  0x0000022e17b4b750: ;   {metadata(method data for {method} {0x0000022e81466358} 'getInteger' '(Ljava/lang/String;)I' in 'com/jme3/system/AppSettings')}
  0x0000022e17b4b750: 49b8 904f | e381 2e02 | 0000 418b | 98cc 0000 | 0083 c302 | 4189 98cc | 0000 0081 | e3fe ff1f 
  0x0000022e17b4b770: 0085 db0f | 8406 0d00 | 004c 8bc7 

  0x0000022e17b4b77c: ;   {metadata(method data for {method} {0x0000022e81466358} 'getInteger' '(Ljava/lang/String;)I' in 'com/jme3/system/AppSettings')}
  0x0000022e17b4b77c: 48bb 904f | e381 2e02 | 0000 458b | 4008 49ba | 0000 003f | 2e02 0000 | 4d03 c24c | 3b83 2001 
  0x0000022e17b4b79c: 0000 750d | 4883 8328 | 0100 0001 | e960 0000 | 004c 3b83 | 3001 0000 | 750d 4883 | 8338 0100 
  0x0000022e17b4b7bc: 0001 e94a | 0000 0048 | 83bb 2001 | 0000 0075 | 174c 8983 | 2001 0000 | 48c7 8328 | 0100 0001 
  0x0000022e17b4b7dc: 0000 00e9 | 2900 0000 | 4883 bb30 | 0100 0000 | 7517 4c89 | 8330 0100 | 0048 c783 | 3801 0000 
  0x0000022e17b4b7fc: 0100 0000 | e908 0000 | 0048 8383 | 1801 0000 

  0x0000022e17b4b80c: ;   {metadata(method data for {method} {0x0000022e3f1c7650} 'get' '(Ljava/lang/Object;)Ljava/lang/Object;' in 'java/util/HashMap')}
  0x0000022e17b4b80c: 0149 b810 | da02 812e | 0200 0041 | 8b98 cc00 | 0000 83c3 | 0241 8998 | cc00 0000 | 81e3 feff 
  0x0000022e17b4b82c: 1f00 85db | 0f84 6a0c | 0000 4c8b 

  0x0000022e17b4b838: ;   {metadata(method data for {method} {0x0000022e3f1c7650} 'get' '(Ljava/lang/Object;)Ljava/lang/Object;' in 'java/util/HashMap')}
  0x0000022e17b4b838: c748 bb10 | da02 812e | 0200 0048 | 8383 1801 

  0x0000022e17b4b848: ;   {oop("FrameRate"{0x0000000404336030})}
  0x0000022e17b4b848: 0000 0149 | b830 6033 | 0404 0000 | 0048 8bd7 | 4889 bc24 | f800 0000 | 89b4 24f0 

  0x0000022e17b4b864: ;   {optimized virtual_call}
  0x0000022e17b4b864: 0000 00e8 

  0x0000022e17b4b868: ; ImmutableOopMap {[224]=Oop [248]=Oop }
                      ;*invokevirtual getNode {reexecute=0 rethrow=0 return_oop=0}
                      ; - java.util.HashMap::get@2 (line 565)
                      ; - com.jme3.system.AppSettings::getInteger@2 (line 485)
                      ; - com.jme3.system.AppSettings::getFrameRate@3 (line 917)
                      ; - com.jme3.system.lwjgl.LwjglWindow::runLoop@120 (line 553)
  0x0000022e17b4b868: 0416 7607 

  0x0000022e17b4b86c: ;   {other}
  0x0000022e17b4b86c: 0f1f 8400 | 640f 0005 

  0x0000022e17b4b874: ;   {metadata(method data for {method} {0x0000022e3f1c7650} 'get' '(Ljava/lang/Object;)Ljava/lang/Object;' in 'java/util/HashMap')}
  0x0000022e17b4b874: 4885 c049 | b810 da02 | 812e 0200 | 00ba 4801 | 0000 7505 | ba58 0100 | 0049 8b34 | 1048 8d76 
  0x0000022e17b4b894: 0149 8934 | 100f 8520 

  0x0000022e17b4b89c: ;   {metadata(method data for {method} {0x0000022e3f1c7650} 'get' '(Ljava/lang/Object;)Ljava/lang/Object;' in 'java/util/HashMap')}
  0x0000022e17b4b89c: 0000 0049 | b810 da02 | 812e 0200 | 0041 ff80 | 6801 0000 

  0x0000022e17b4b8b0: ;   {oop(nullptr)}
  0x0000022e17b4b8b0: 49b8 0000 | 0000 0000 | 0000 e908 | 0000 0044 | 8b40 1449 | c1e0 034d 

  0x0000022e17b4b8c8: ;   {metadata(method data for {method} {0x0000022e81466358} 'getInteger' '(Ljava/lang/String;)I' in 'com/jme3/system/AppSettings')}
  0x0000022e17b4b8c8: 85c0 48be | 904f e381 | 2e02 0000 | 750c 808e | 4101 0000 | 01e9 b000 | 0000 418b | 7808 49ba 
  0x0000022e17b4b8e8: 0000 003f | 2e02 0000 | 4903 fa48 | 3bbe 5001 | 0000 750d | 4883 8658 | 0100 0001 | e960 0000 
  0x0000022e17b4b908: 0048 3bbe | 6001 0000 | 750d 4883 | 8668 0100 | 0001 e94a | 0000 0048 | 83be 5001 | 0000 0075 
  0x0000022e17b4b928: 1748 89be | 5001 0000 | 48c7 8658 | 0100 0001 | 0000 00e9 | 2900 0000 | 4883 be60 | 0100 0000 
  0x0000022e17b4b948: 7517 4889 | be60 0100 | 0048 c786 | 6801 0000 | 0100 0000 | e908 0000 | 0048 8386 | 4801 0000 
  0x0000022e17b4b968: ;   {metadata('java/lang/Integer')}
  0x0000022e17b4b968: 0148 bfe8 | 1018 3f2e | 0200 0041 | 8b50 0849 | ba00 0000 | 3f2e 0200 | 0049 03d2 | 483b fa0f 
  0x0000022e17b4b988: 8539 0b00 | 00e9 0000 | 0000 4d85 

  0x0000022e17b4b994: ;   {metadata(method data for {method} {0x0000022e81466358} 'getInteger' '(Ljava/lang/String;)I' in 'com/jme3/system/AppSettings')}
  0x0000022e17b4b994: c048 ba90 | 4fe3 812e | 0200 00be | 7801 0000 | 7505 be88 | 0100 0048 | 8b3c 3248 | 8d7f 0148 
  0x0000022e17b4b9b4: 893c 320f | 850b 0000 | 0041 b800 | 0000 00e9 | 2400 0000 | 488b bc24 | f800 0000 

  0x0000022e17b4b9d0: ; implicit exception: dispatches to 0x0000022e17b4c4cf
  0x0000022e17b4b9d0: 493b 0049 

  0x0000022e17b4b9d4: ;   {metadata(method data for {method} {0x0000022e81466358} 'getInteger' '(Ljava/lang/String;)I' in 'com/jme3/system/AppSettings')}
  0x0000022e17b4b9d4: 8bd0 48be | 904f e381 | 2e02 0000 | 4883 8698 | 0100 0001 | 458b 400c | 8bb4 24f0 | 0000 0041 
  0x0000022e17b4b9f4: ;   {metadata(method data for {method} {0x0000022e81497f90} 'runLoop' '()V' in 'com/jme3/system/lwjgl/LwjglWindow')}
  0x0000022e17b4b9f4: 3bf0 49b8 | 286d e381 | 2e02 0000 | bac0 0300 | 0074 05ba | d003 0000 | 498b 3410 | 488d 7601 
  0x0000022e17b4ba14: 4989 3410 | 488b 9424 | e000 0000 | 0f84 3e04 | 0000 4c8b 

  0x0000022e17b4ba28: ;   {metadata(method data for {method} {0x0000022e81497f90} 'runLoop' '()V' in 'com/jme3/system/lwjgl/LwjglWindow')}
  0x0000022e17b4ba28: c248 be28 | 6de3 812e | 0200 0045 | 8b40 0849 | ba00 0000 | 3f2e 0200 | 004d 03c2 | 4c3b 86e8 
  0x0000022e17b4ba48: 0300 0075 | 0d48 8386 | f003 0000 | 01e9 6000 | 0000 4c3b | 86f8 0300 | 0075 0d48 | 8386 0004 
  0x0000022e17b4ba68: 0000 01e9 | 4a00 0000 | 4883 bee8 | 0300 0000 | 7517 4c89 | 86e8 0300 | 0048 c786 | f003 0000 
  0x0000022e17b4ba88: 0100 0000 | e929 0000 | 0048 83be | f803 0000 | 0075 174c | 8986 f803 | 0000 48c7 | 8600 0400 
  0x0000022e17b4baa8: 0001 0000 | 00e9 0800 | 0000 4883 | 86e0 0300 | 0001 8b72 | 1848 c1e6 | 0348 3b06 

  0x0000022e17b4bac4: ;   {metadata(method data for {method} {0x0000022e81497f90} 'runLoop' '()V' in 'com/jme3/system/lwjgl/LwjglWindow')}
  0x0000022e17b4bac4: 4c8b c648 | bf28 6de3 | 812e 0200 | 0048 8387 | 1004 0000 

  0x0000022e17b4bad8: ;   {metadata(method data for {method} {0x0000022e81468170} 'getFrameRate' '()I' in 'com/jme3/system/AppSettings')}
  0x0000022e17b4bad8: 0149 b828 | 7de3 812e | 0200 0041 | 8bb8 cc00 | 0000 83c7 | 0241 89b8 | cc00 0000 | 81e7 feff 
  0x0000022e17b4baf8: 1f00 85ff | 0f84 d709 | 0000 4c8b 

  0x0000022e17b4bb04: ;   {metadata(method data for {method} {0x0000022e81468170} 'getFrameRate' '()I' in 'com/jme3/system/AppSettings')}
  0x0000022e17b4bb04: c648 bf28 | 7de3 812e | 0200 0048 | 8387 1801 

  0x0000022e17b4bb14: ;   {metadata(method data for {method} {0x0000022e81466358} 'getInteger' '(Ljava/lang/String;)I' in 'com/jme3/system/AppSettings')}
  0x0000022e17b4bb14: 0000 0149 | b890 4fe3 | 812e 0200 | 0041 8bb8 | cc00 0000 | 83c7 0241 | 89b8 cc00 | 0000 81e7 
  0x0000022e17b4bb34: feff 1f00 | 85ff 0f84 | ba09 0000 

  0x0000022e17b4bb40: ;   {metadata(method data for {method} {0x0000022e81466358} 'getInteger' '(Ljava/lang/String;)I' in 'com/jme3/system/AppSettings')}
  0x0000022e17b4bb40: 4c8b c648 | bf90 4fe3 | 812e 0200 | 0045 8b40 | 0849 ba00 | 0000 3f2e | 0200 004d | 03c2 4c3b 
  0x0000022e17b4bb60: 8720 0100 | 0075 0d48 | 8387 2801 | 0000 01e9 | 6000 0000 | 4c3b 8730 | 0100 0075 | 0d48 8387 
  0x0000022e17b4bb80: 3801 0000 | 01e9 4a00 | 0000 4883 | bf20 0100 | 0000 7517 | 4c89 8720 | 0100 0048 | c787 2801 
  0x0000022e17b4bba0: 0000 0100 | 0000 e929 | 0000 0048 | 83bf 3001 | 0000 0075 | 174c 8987 | 3001 0000 | 48c7 8738 
  0x0000022e17b4bbc0: 0100 0001 | 0000 00e9 | 0800 0000 | 4883 8718 | 0100 0001 

  0x0000022e17b4bbd4: ;   {metadata(method data for {method} {0x0000022e3f1c7650} 'get' '(Ljava/lang/Object;)Ljava/lang/Object;' in 'java/util/HashMap')}
  0x0000022e17b4bbd4: 49b8 10da | 0281 2e02 | 0000 418b | b8cc 0000 | 0083 c702 | 4189 b8cc | 0000 0081 | e7fe ff1f 
  0x0000022e17b4bbf4: 0085 ff0f | 841e 0900 | 004c 8bc6 

  0x0000022e17b4bc00: ;   {metadata(method data for {method} {0x0000022e3f1c7650} 'get' '(Ljava/lang/Object;)Ljava/lang/Object;' in 'java/util/HashMap')}
  0x0000022e17b4bc00: 48bf 10da | 0281 2e02 | 0000 4883 | 8718 0100 

  0x0000022e17b4bc10: ;   {oop("FrameRate"{0x0000000404336030})}
  0x0000022e17b4bc10: 0001 49b8 | 3060 3304 | 0400 0000 | 488b d648 | 89b4 2400 

  0x0000022e17b4bc24: ;   {optimized virtual_call}
  0x0000022e17b4bc24: 0100 00e8 

  0x0000022e17b4bc28: ; ImmutableOopMap {[224]=Oop [256]=Oop }
                      ;*invokevirtual getNode {reexecute=0 rethrow=0 return_oop=0}
                      ; - java.util.HashMap::get@2 (line 565)
                      ; - com.jme3.system.AppSettings::getInteger@2 (line 485)
                      ; - com.jme3.system.AppSettings::getFrameRate@3 (line 917)
                      ; - com.jme3.system.lwjgl.LwjglWindow::runLoop@131 (line 554)
  0x0000022e17b4bc28: b42b 0107 

  0x0000022e17b4bc2c: ;   {other}
  0x0000022e17b4bc2c: 0f1f 8400 | 2413 0006 

  0x0000022e17b4bc34: ;   {metadata(method data for {method} {0x0000022e3f1c7650} 'get' '(Ljava/lang/Object;)Ljava/lang/Object;' in 'java/util/HashMap')}
  0x0000022e17b4bc34: 4885 c049 | b810 da02 | 812e 0200 | 00ba 4801 | 0000 7505 | ba58 0100 | 0049 8b34 | 1048 8d76 
  0x0000022e17b4bc54: 0149 8934 | 100f 8520 

  0x0000022e17b4bc5c: ;   {metadata(method data for {method} {0x0000022e3f1c7650} 'get' '(Ljava/lang/Object;)Ljava/lang/Object;' in 'java/util/HashMap')}
  0x0000022e17b4bc5c: 0000 0049 | b810 da02 | 812e 0200 | 0041 ff80 | 6801 0000 

  0x0000022e17b4bc70: ;   {oop(nullptr)}
  0x0000022e17b4bc70: 49b8 0000 | 0000 0000 | 0000 e908 | 0000 0044 | 8b40 1449 | c1e0 034d 

  0x0000022e17b4bc88: ;   {metadata(method data for {method} {0x0000022e81466358} 'getInteger' '(Ljava/lang/String;)I' in 'com/jme3/system/AppSettings')}
  0x0000022e17b4bc88: 85c0 48be | 904f e381 | 2e02 0000 | 750c 808e | 4101 0000 | 01e9 b000 | 0000 418b | 7808 49ba 
  0x0000022e17b4bca8: 0000 003f | 2e02 0000 | 4903 fa48 | 3bbe 5001 | 0000 750d | 4883 8658 | 0100 0001 | e960 0000 
  0x0000022e17b4bcc8: 0048 3bbe | 6001 0000 | 750d 4883 | 8668 0100 | 0001 e94a | 0000 0048 | 83be 5001 | 0000 0075 
  0x0000022e17b4bce8: 1748 89be | 5001 0000 | 48c7 8658 | 0100 0001 | 0000 00e9 | 2900 0000 | 4883 be60 | 0100 0000 
  0x0000022e17b4bd08: 7517 4889 | be60 0100 | 0048 c786 | 6801 0000 | 0100 0000 | e908 0000 | 0048 8386 | 4801 0000 
  0x0000022e17b4bd28: ;   {metadata('java/lang/Integer')}
  0x0000022e17b4bd28: 0148 bfe8 | 1018 3f2e | 0200 0041 | 8b50 0849 | ba00 0000 | 3f2e 0200 | 0049 03d2 | 483b fa0f 
  0x0000022e17b4bd48: 85f4 0700 | 00e9 0000 | 0000 4d85 

  0x0000022e17b4bd54: ;   {metadata(method data for {method} {0x0000022e81466358} 'getInteger' '(Ljava/lang/String;)I' in 'com/jme3/system/AppSettings')}
  0x0000022e17b4bd54: c048 ba90 | 4fe3 812e | 0200 00be | 7801 0000 | 7505 be88 | 0100 0048 | 8b3c 3248 | 8d7f 0148 
  0x0000022e17b4bd74: 893c 320f | 850b 0000 | 0041 b800 | 0000 00e9 | 2400 0000 | 488b b424 | 0001 0000 

  0x0000022e17b4bd90: ; implicit exception: dispatches to 0x0000022e17b4c54a
  0x0000022e17b4bd90: 493b 0049 

  0x0000022e17b4bd94: ;   {metadata(method data for {method} {0x0000022e81466358} 'getInteger' '(Ljava/lang/String;)I' in 'com/jme3/system/AppSettings')}
  0x0000022e17b4bd94: 8bd0 48be | 904f e381 | 2e02 0000 | 4883 8698 | 0100 0001 | 458b 400c | 488b 9424 | e000 0000 
  0x0000022e17b4bdb4: ;   {metadata(method data for {method} {0x0000022e81497f90} 'runLoop' '()V' in 'com/jme3/system/lwjgl/LwjglWindow')}
  0x0000022e17b4bdb4: 48be 286d | e381 2e02 | 0000 4883 | 8640 0400 | 0001 488b | 9424 e000 

  0x0000022e17b4bdcc: ;   {optimized virtual_call}
  0x0000022e17b4bdcc: 0000 90e8 

  0x0000022e17b4bdd0: ; ImmutableOopMap {[224]=Oop }
                      ;*invokespecial setFrameRateLimit {reexecute=0 rethrow=0 return_oop=0}
                      ; - com.jme3.system.lwjgl.LwjglWindow::runLoop@134 (line 554)
  0x0000022e17b4bdd0: 0c2a 0107 

  0x0000022e17b4bdd4: ;   {other}
  0x0000022e17b4bdd4: 0f1f 8400 | cc14 0007 

  0x0000022e17b4bddc: ;   {metadata(method data for {method} {0x0000022e81497f90} 'runLoop' '()V' in 'com/jme3/system/lwjgl/LwjglWindow')}
  0x0000022e17b4bddc: 49b8 286d | e381 2e02 | 0000 41ff | 8050 0400 | 0048 8b94 | 24e0 0000 | 00e9 6a00 | 0000 448b 
  0x0000022e17b4bdfc: 4248 4183 

  0x0000022e17b4be00: ;   {metadata(method data for {method} {0x0000022e81497f90} 'runLoop' '()V' in 'com/jme3/system/lwjgl/LwjglWindow')}
  0x0000022e17b4be00: f814 49b8 | 286d e381 | 2e02 0000 | be68 0400 | 0074 05be | 7804 0000 | 498b 3c30 | 488d 7f01 
  0x0000022e17b4be20: 4989 3c30 | 0f84 3a00 | 0000 4c8b 

  0x0000022e17b4be2c: ;   {metadata(method data for {method} {0x0000022e81497f90} 'runLoop' '()V' in 'com/jme3/system/lwjgl/LwjglWindow')}
  0x0000022e17b4be2c: c248 be28 | 6de3 812e | 0200 0048 | 8386 8804 | 0000 0141 | b814 0000 | 0048 8bf2 | 488b d60f 
  0x0000022e17b4be4c: ;   {optimized virtual_call}
  0x0000022e17b4be4c: 1f40 00e8 

  0x0000022e17b4be50: ; ImmutableOopMap {[224]=Oop }
                      ;*invokespecial setFrameRateLimit {reexecute=0 rethrow=0 return_oop=0}
                      ; - com.jme3.system.lwjgl.LwjglWindow::runLoop@152 (line 557)
  0x0000022e17b4be50: 8c29 0107 

  0x0000022e17b4be54: ;   {other}
  0x0000022e17b4be54: 0f1f 8400 | 4c15 0008 | 488b 9424 | e000 0000 | 448b 4248 

  0x0000022e17b4be68: ;   {metadata(method data for {method} {0x0000022e81497f90} 'runLoop' '()V' in 'com/jme3/system/lwjgl/LwjglWindow')}
  0x0000022e17b4be68: 4585 c049 | b828 6de3 | 812e 0200 | 00be 9804 | 0000 7e05 | bea8 0400 | 0049 8b3c | 3048 8d7f 
  0x0000022e17b4be88: 0149 893c | 300f 8e69 | 0100 00c5 | fb10 4238 | 448b 4228 | 49c1 e003 

  0x0000022e17b4bea0: ; implicit exception: dispatches to 0x0000022e17b4c54f
  0x0000022e17b4bea0: 493b 0049 

  0x0000022e17b4bea4: ;   {metadata(method data for {method} {0x0000022e81497f90} 'runLoop' '()V' in 'com/jme3/system/lwjgl/LwjglWindow')}
  0x0000022e17b4bea4: 8bf0 48bf | 286d e381 | 2e02 0000 

  0x0000022e17b4beb0: ;   {metadata('com/jme3/system/NanoTimer')}
  0x0000022e17b4beb0: 49ba 0004 | 0040 2e02 | 0000 4c89 | 97c0 0400 | 0048 8387 | c804 0000 | 01c4 c17a | 1048 0cc5 
  0x0000022e17b4bed0: ;   {section_word}
  0x0000022e17b4bed0: f25a c9c5 | f35e 0d85 | edff ffc5 | fb5c c1c4 | e1fb 2cf0 

  0x0000022e17b4bee4: ;   {external_word}
  0x0000022e17b4bee4: 483b 3595 | 53fc 0675 | 0f48 83ec | 08c5 fb11 

  0x0000022e17b4bef4: ;   {runtime_call StubRoutines (initial stubs)}
  0x0000022e17b4bef4: 0424 e8b7 | 52fc 065e | c4e1 f32a | cec5 f928 | d0c5 eb5c 

  0x0000022e17b4bf08: ;   {section_word}
  0x0000022e17b4bf08: d1c5 eb59 | 1557 edff | ffc5 fb2c | fa81 ff00 | 0000 8075 | 0f48 83ec | 08c5 fb11 

  0x0000022e17b4bf24: ;   {runtime_call StubRoutines (initial stubs)}
  0x0000022e17b4bf24: 1424 e82c | 52fc 065f | 4c8b c6bb | 0000 0000 

  0x0000022e17b4bf34: ;   {metadata(method data for {method} {0x0000022e81497f90} 'runLoop' '()V' in 'com/jme3/system/lwjgl/LwjglWindow')}
  0x0000022e17b4bf34: 4c3b c349 | b828 6de3 | 812e 0200 | 00bb e804 | 0000 7c05 | bbf8 0400 | 0049 8b04 | 1848 8d40 
  0x0000022e17b4bf54: 0149 8904 | 180f 8c9d | 0000 0085 

  0x0000022e17b4bf60: ;   {metadata(method data for {method} {0x0000022e81497f90} 'runLoop' '()V' in 'com/jme3/system/lwjgl/LwjglWindow')}
  0x0000022e17b4bf60: ff49 b828 | 6de3 812e | 0200 00bb | 0805 0000 | 7c05 bb18 | 0500 0049 | 8b04 1848 | 8d40 0149 
  0x0000022e17b4bf80: 8904 180f | 8c73 0000 | 00c5 fb11 | 8424 3001 

  0x0000022e17b4bf90: ;   {metadata(method data for {method} {0x0000022e81497f90} 'runLoop' '()V' in 'com/jme3/system/lwjgl/LwjglWindow')}
  0x0000022e17b4bf90: 0000 49b8 | 286d e381 | 2e02 0000 | 4983 8028 | 0500 0001 | 488b d64c | 8bc7 4889 | b424 0801 
  0x0000022e17b4bfb0: 0000 89bc | 24f4 0000 | 0066 0f1f 

  0x0000022e17b4bfbc: ;   {static_call}
  0x0000022e17b4bfbc: 4400 00e8 

  0x0000022e17b4bfc0: ; ImmutableOopMap {[224]=Oop }
                      ;*invokestatic sleep {reexecute=0 rethrow=0 return_oop=0}
                      ; - com.jme3.system.lwjgl.LwjglWindow::runLoop@208 (line 570)
  0x0000022e17b4bfc0: 1c2e 0107 

  0x0000022e17b4bfc4: ;   {other}
  0x0000022e17b4bfc4: 0f1f 8400 | bc16 0009 

  0x0000022e17b4bfcc: ;   {metadata(method data for {method} {0x0000022e81497f90} 'runLoop' '()V' in 'com/jme3/system/lwjgl/LwjglWindow')}
  0x0000022e17b4bfcc: 48b8 286d | e381 2e02 | 0000 ff80 | 3805 0000 | e91b 0000 | 0049 8b87 | 0005 0000 | 4d33 d24d 
  0x0000022e17b4bfec: 8997 0005 | 0000 4d33 | d24d 8997 | 0805 0000 

  0x0000022e17b4bffc: ;   {metadata(method data for {method} {0x0000022e81497f90} 'runLoop' '()V' in 'com/jme3/system/lwjgl/LwjglWindow')}
  0x0000022e17b4bffc: 48ba 286d | e381 2e02 | 0000 4883 | 8250 0500 

  0x0000022e17b4c00c: ;   {metadata(method data for {method} {0x0000022e81576168} 'glfwPollEvents' '()V' in 'org/lwjgl/glfw/GLFW')}
  0x0000022e17b4c00c: 0001 48ba | 0080 e381 | 2e02 0000 | 8bb2 cc00 | 0000 83c6 | 0289 b2cc | 0000 0081 | e6fe ff1f 
  0x0000022e17b4c02c: 0085 f60f | 841f 0500 

  0x0000022e17b4c034: ;   {metadata(method data for {method} {0x0000022e81576168} 'glfwPollEvents' '()V' in 'org/lwjgl/glfw/GLFW')}
  0x0000022e17b4c034: 0048 ba00 | 80e3 812e | 0200 0048 | 8382 1801 

  0x0000022e17b4c044: ;   {metadata(method data for {method} {0x0000022e815887e8} 'check' '()V' in 'org/lwjgl/glfw/EventLoop$OnScreen')}
  0x0000022e17b4c044: 0000 0148 | ba00 6ce3 | 812e 0200 | 008b b2cc | 0000 0083 | c602 89b2 | cc00 0000 | 81e6 feff 
  0x0000022e17b4c064: 1f00 85f6 | 0f84 0705 

  0x0000022e17b4c06c: ;   {metadata(method data for {method} {0x0000022e81576168} 'glfwPollEvents' '()V' in 'org/lwjgl/glfw/GLFW')}
  0x0000022e17b4c06c: 0000 48ba | 0080 e381 | 2e02 0000 | 4883 8228 | 0100 0001 | 48ba a068 | 151e ff7f | 0000 0f1f 
  0x0000022e17b4c08c: ;   {static_call}
  0x0000022e17b4c08c: 4400 00e8 

  0x0000022e17b4c090: ; ImmutableOopMap {[224]=Oop }
                      ;*invokestatic invokeV {reexecute=0 rethrow=0 return_oop=0}
                      ; - org.lwjgl.glfw.GLFW::glfwPollEvents@8 (line 3094)
                      ; - com.jme3.system.lwjgl.LwjglWindow::runLoop@216 (line 576)
  0x0000022e17b4c090: 9c09 8907 

  0x0000022e17b4c094: ;   {other}
  0x0000022e17b4c094: 0f1f 8400 | 8c17 000a | 4881 c440 | 0100 005d 

  0x0000022e17b4c0a4: ;   {poll_return}
  0x0000022e17b4c0a4: 493b a748 | 0400 000f | 87e5 0400 | 00c3 660f | 1f44 0000 

  0x0000022e17b4c0b8: ;   {no_reloc}
  0x0000022e17b4c0b8: e9fe 0400 | 0000 0000 | 0000 80ba | 3101 0000 | 040f 85fb | 0400 0049 | 8b87 b801 | 0000 488d 
  0x0000022e17b4c0d8: 7828 493b | bfc8 0100 | 000f 87e3 | 0400 0049 | 89bf b801 | 0000 48c7 | 0001 0000 | 0048 8bca 
  0x0000022e17b4c0f8: 49ba 0000 | 003f 2e02 | 0000 492b | ca89 4808 | 4833 c989 | 480c 4833 | c948 8948 | 1048 8948 
  0x0000022e17b4c118: 1848 8948 | 2048 8bd0 

  0x0000022e17b4c120: ;   {metadata(method data for {method} {0x0000022e81497f90} 'runLoop' '()V' in 'com/jme3/system/lwjgl/LwjglWindow')}
  0x0000022e17b4c120: 48be 286d | e381 2e02 | 0000 4883 | 86c8 0100 | 0001 488b | d048 8984 | 2410 0100 

  0x0000022e17b4c13c: ;   {optimized virtual_call}
  0x0000022e17b4c13c: 0066 90e8 

  0x0000022e17b4c140: ; ImmutableOopMap {[224]=Oop [272]=Oop }
                      ;*invokespecial <init> {reexecute=0 rethrow=0 return_oop=0}
                      ; - com.jme3.system.lwjgl.LwjglWindow::runLoop@29 (line 527)
  0x0000022e17b4c140: 9c26 0107 

  0x0000022e17b4c144: ;   {other}
  0x0000022e17b4c144: 0f1f 8400 | 3c18 000b | 488b 8424 

  0x0000022e17b4c150: ; ImmutableOopMap {rax=Oop [224]=Oop }
                      ;*athrow {reexecute=1 rethrow=0 return_oop=0}
                      ; - (reexecute) com.jme3.system.lwjgl.LwjglWindow::runLoop@32 (line 527)
  0x0000022e17b4c150: 1001 0000 

  0x0000022e17b4c154: ;   {section_word}
  0x0000022e17b4c154: 48ba 54c1 | b417 2e02 

  0x0000022e17b4c15c: ;   {runtime_call handle_exception Runtime1 stub}
  0x0000022e17b4c15c: 0000 e8fd | a20e 0790 | 0f1f 4000 

  0x0000022e17b4c168: ;   {no_reloc}
  0x0000022e17b4c168: e979 0400 | 0000 0000 | 0000 498b | 87b8 0100 | 0048 8d78 | 3049 3bbf | c801 0000 | 0f87 6604 
  0x0000022e17b4c188: 0000 4989 | bfb8 0100 | 0048 c700 | 0100 0000 | 488b ca49 | ba00 0000 | 3f2e 0200 | 0049 2bca 
  0x0000022e17b4c1a8: 8948 0848 | 33c9 8948 | 0c48 33c9 | 4889 4810 | 4889 4818 | 4889 4820 | 4889 4828 

  0x0000022e17b4c1c4: ;   {metadata(method data for {method} {0x0000022e3f44a3e0} 'requireNonNull' '(Ljava/lang/Object;)Ljava/lang/Object;' in 'java/util/Objects')}
  0x0000022e17b4c1c4: 488b d048 | bec8 8801 | 812e 0200 | 0048 8386 | 3801 0000 | 0148 8bd0 | 4889 8424 | 1801 0000 
  0x0000022e17b4c1e4: ;   {optimized virtual_call}
  0x0000022e17b4c1e4: 6666 90e8 

  0x0000022e17b4c1e8: ; ImmutableOopMap {[224]=Oop [280]=Oop [288]=Oop }
                      ;*invokespecial <init> {reexecute=0 rethrow=0 return_oop=0}
                      ; - java.util.Objects::requireNonNull@8 (line 220)
                      ; - java.lang.invoke.VarHandleInts$FieldInstanceReadWrite::getAndSet@16 (line 250)
                      ; - java.lang.invoke.VarHandleGuards::guard_LI_I@45 (line 163)
                      ; - java.util.concurrent.atomic.AtomicBoolean::getAndSet@13 (line 175)
                      ; - com.jme3.system.lwjgl.LwjglWindow::runLoop@5 (line 522)
  0x0000022e17b4c1e8: f425 0107 

  0x0000022e17b4c1ec: ;   {other}
  0x0000022e17b4c1ec: 0f1f 8400 | e418 000d | 488b 8424 

  0x0000022e17b4c1f8: ; ImmutableOopMap {rax=Oop [224]=Oop [288]=Oop }
                      ;*athrow {reexecute=1 rethrow=0 return_oop=0}
                      ; - (reexecute) java.util.Objects::requireNonNull@11 (line 220)
                      ; - java.lang.invoke.VarHandleInts$FieldInstanceReadWrite::getAndSet@16 (line 250)
                      ; - java.lang.invoke.VarHandleGuards::guard_LI_I@45 (line 163)
                      ; - java.util.concurrent.atomic.AtomicBoolean::getAndSet@13 (line 175)
                      ; - com.jme3.system.lwjgl.LwjglWindow::runLoop@5 (line 522)
  0x0000022e17b4c1f8: 1801 0000 

  0x0000022e17b4c1fc: ;   {section_word}
  0x0000022e17b4c1fc: 48ba fcc1 | b417 2e02 

  0x0000022e17b4c204: ;   {runtime_call handle_exception Runtime1 stub}
  0x0000022e17b4c204: 0000 e855 | a20e 0790 

  0x0000022e17b4c20c: ;   {metadata('java/lang/ClassCastException')}
  0x0000022e17b4c20c: 48ba 280f | 1b3f 2e02 | 0000 498b | 87b8 0100 | 0048 8d78 | 2849 3bbf | c801 0000 | 0f87 cf03 
  0x0000022e17b4c22c: 0000 4989 | bfb8 0100 | 0048 c700 | 0100 0000 | 488b ca49 | ba00 0000 | 3f2e 0200 | 0049 2bca 
  0x0000022e17b4c24c: 8948 0848 | 33c9 8948 | 0c48 33c9 | 4889 4810 | 4889 4818 | 4889 4820 

  0x0000022e17b4c264: ;   {oop(a 'java/lang/Class'{0x000000040426d6a0} = 'java/util/concurrent/atomic/AtomicBoolean')}
  0x0000022e17b4c264: 48ba a0d6 | 2604 0400 | 0000 4c8b 

  0x0000022e17b4c270: ;   {metadata(method data for {method} {0x0000022e3f498490} 'cast' '(Ljava/lang/Object;)Ljava/lang/Object;' in 'java/lang/Class')}
  0x0000022e17b4c270: c248 bef8 | 7817 812e | 0200 0048 | 8386 8801 | 0000 014c | 8bc3 4889 | 8424 2801 

  0x0000022e17b4c28c: ;   {optimized virtual_call}
  0x0000022e17b4c28c: 0000 90e8 

  0x0000022e17b4c290: ; ImmutableOopMap {[224]=Oop [288]=Oop [296]=Oop }
                      ;*invokevirtual cannotCastMsg {reexecute=0 rethrow=0 return_oop=0}
                      ; - java.lang.Class::cast@18 (line 4139)
                      ; - java.lang.invoke.VarHandleInts$FieldInstanceReadWrite::getAndSet@13 (line 250)
                      ; - java.lang.invoke.VarHandleGuards::guard_LI_I@45 (line 163)
                      ; - java.util.concurrent.atomic.AtomicBoolean::getAndSet@13 (line 175)
                      ; - com.jme3.system.lwjgl.LwjglWindow::runLoop@5 (line 522)
  0x0000022e17b4c290: 4c25 0107 

  0x0000022e17b4c294: ;   {other}
  0x0000022e17b4c294: 0f1f 8400 | 8c19 000f | 4c8b 8424 | 2801 0000 

  0x0000022e17b4c2a4: ;   {metadata(method data for {method} {0x0000022e3f498490} 'cast' '(Ljava/lang/Object;)Ljava/lang/Object;' in 'java/lang/Class')}
  0x0000022e17b4c2a4: 48ba f878 | 1781 2e02 | 0000 4883 | 82b8 0100 | 0001 4c8b | c048 8b94 | 2428 0100 | 0066 0f1f 
  0x0000022e17b4c2c4: ;   {optimized virtual_call}
  0x0000022e17b4c2c4: 4400 00e8 

  0x0000022e17b4c2c8: ; ImmutableOopMap {[224]=Oop [288]=Oop [296]=Oop }
                      ;*invokespecial <init> {reexecute=0 rethrow=0 return_oop=0}
                      ; - java.lang.Class::cast@21 (line 4139)
                      ; - java.lang.invoke.VarHandleInts$FieldInstanceReadWrite::getAndSet@13 (line 250)
                      ; - java.lang.invoke.VarHandleGuards::guard_LI_I@45 (line 163)
                      ; - java.util.concurrent.atomic.AtomicBoolean::getAndSet@13 (line 175)
                      ; - com.jme3.system.lwjgl.LwjglWindow::runLoop@5 (line 522)
  0x0000022e17b4c2c8: 1425 0107 

  0x0000022e17b4c2cc: ;   {other}
  0x0000022e17b4c2cc: 0f1f 8400 | c419 0010 | 488b 8424 

  0x0000022e17b4c2d8: ; ImmutableOopMap {rax=Oop [224]=Oop [288]=Oop }
                      ;*athrow {reexecute=1 rethrow=0 return_oop=0}
                      ; - (reexecute) java.lang.Class::cast@24 (line 4139)
                      ; - java.lang.invoke.VarHandleInts$FieldInstanceReadWrite::getAndSet@13 (line 250)
                      ; - java.lang.invoke.VarHandleGuards::guard_LI_I@45 (line 163)
                      ; - java.util.concurrent.atomic.AtomicBoolean::getAndSet@13 (line 175)
                      ; - com.jme3.system.lwjgl.LwjglWindow::runLoop@5 (line 522)
  0x0000022e17b4c2d8: 2801 0000 

  0x0000022e17b4c2dc: ;   {section_word}
  0x0000022e17b4c2dc: 48ba dcc2 | b417 2e02 

  0x0000022e17b4c2e4: ;   {runtime_call handle_exception Runtime1 stub}
  0x0000022e17b4c2e4: 0000 e875 | a10e 0790 

  0x0000022e17b4c2ec: ;   {metadata({method} {0x0000022e81497f90} 'runLoop' '()V' in 'com/jme3/system/lwjgl/LwjglWindow')}
  0x0000022e17b4c2ec: 49ba 887f | 4981 2e02 | 0000 4c89 | 5424 0848 | c704 24ff 

  0x0000022e17b4c300: ;   {runtime_call counter_overflow Runtime1 stub}
  0x0000022e17b4c300: ffff ffe8 

  0x0000022e17b4c304: ; ImmutableOopMap {rdx=Oop [224]=Oop }
                      ;*synchronization entry
                      ; - com.jme3.system.lwjgl.LwjglWindow::runLoop@-1 (line 522)
  0x0000022e17b4c304: 58e0 0e07 | e9e1 e9ff 

  0x0000022e17b4c30c: ;   {runtime_call throw_null_pointer_exception Runtime1 stub}
  0x0000022e17b4c30c: ffe8 4e6b 

  0x0000022e17b4c310: ; ImmutableOopMap {rdx=Oop rbx=Oop [224]=Oop [288]=Oop }
                      ;*invokevirtual getAndSet {reexecute=0 rethrow=0 return_oop=0}
                      ; - com.jme3.system.lwjgl.LwjglWindow::runLoop@5 (line 522)
                      ;   {metadata({method} {0x0000022e8116df50} 'getAndSet' '(Z)Z' in 'java/util/concurrent/atomic/AtomicBoolean')}
  0x0000022e17b4c310: 0e07 49ba | 48df 1681 | 2e02 0000 | 4c89 5424 | 0848 c704 | 24ff ffff 

  0x0000022e17b4c328: ;   {runtime_call counter_overflow Runtime1 stub}
  0x0000022e17b4c328: ffe8 32e0 

  0x0000022e17b4c32c: ; ImmutableOopMap {rdx=Oop rbx=Oop [224]=Oop [288]=Oop }
                      ;*synchronization entry
                      ; - java.util.concurrent.atomic.AtomicBoolean::getAndSet@-1 (line 175)
                      ; - com.jme3.system.lwjgl.LwjglWindow::runLoop@5 (line 522)
  0x0000022e17b4c32c: 0e07 e909 

  0x0000022e17b4c330: ;   {metadata({method} {0x0000022e3f263048} 'guard_LI_I' '(Ljava/lang/invoke/VarHandle;Ljava/lang/Object;ILjava/lang/invoke/VarHandle$AccessDescriptor;)I' in 'java/lang/invoke/VarHandleGuards')}
  0x0000022e17b4c330: eaff ff49 | ba40 3026 | 3f2e 0200 | 004c 8954 | 2408 48c7 | 0424 ffff 

  0x0000022e17b4c348: ;   {runtime_call counter_overflow Runtime1 stub}
  0x0000022e17b4c348: ffff e811 

  0x0000022e17b4c34c: ; ImmutableOopMap {rdx=Oop rbx=Oop [224]=Oop [288]=Oop }
                      ;*synchronization entry
                      ; - java.lang.invoke.VarHandleGuards::guard_LI_I@-1 (line 161)
                      ; - java.util.concurrent.atomic.AtomicBoolean::getAndSet@13 (line 175)
                      ; - com.jme3.system.lwjgl.LwjglWindow::runLoop@5 (line 522)
  0x0000022e17b4c34c: e00e 07e9 | 5dea ffff 

  0x0000022e17b4c354: ;   {metadata({method} {0x0000022e3f1ce110} 'checkAccessModeThenIsDirect' '(Ljava/lang/invoke/VarHandle$AccessDescriptor;)Z' in 'java/lang/invoke/VarHandle')}
  0x0000022e17b4c354: 49ba 08e1 | 1c3f 2e02 | 0000 4c89 | 5424 0848 | c704 24ff 

  0x0000022e17b4c368: ;   {runtime_call counter_overflow Runtime1 stub}
  0x0000022e17b4c368: ffff ffe8 

  0x0000022e17b4c36c: ; ImmutableOopMap {rdx=Oop rbx=Oop [224]=Oop [288]=Oop }
                      ;*synchronization entry
                      ; - java.lang.invoke.VarHandle::checkAccessModeThenIsDirect@-1 (line 2100)
                      ; - java.lang.invoke.VarHandleGuards::guard_LI_I@2 (line 161)
                      ; - java.util.concurrent.atomic.AtomicBoolean::getAndSet@13 (line 175)
                      ; - com.jme3.system.lwjgl.LwjglWindow::runLoop@5 (line 522)
  0x0000022e17b4c36c: f0df 0e07 | e9fd eaff 

  0x0000022e17b4c374: ;   {metadata({method} {0x0000022e3f2628d8} 'getMemberName' '(I)Ljava/lang/invoke/MemberName;' in 'java/lang/invoke/VarForm')}
  0x0000022e17b4c374: ff49 bad0 | 2826 3f2e | 0200 004c | 8954 2408 | 48c7 0424 | ffff ffff 

  0x0000022e17b4c38c: ;   {runtime_call counter_overflow Runtime1 stub}
  0x0000022e17b4c38c: e8cf df0e 

  0x0000022e17b4c390: ; ImmutableOopMap {rdx=Oop rbx=Oop [224]=Oop [288]=Oop }
                      ;*synchronization entry
                      ; - java.lang.invoke.VarForm::getMemberName@-1 (line 116)
                      ; - java.lang.invoke.VarHandleGuards::guard_LI_I@42 (line 163)
                      ; - java.util.concurrent.atomic.AtomicBoolean::getAndSet@13 (line 175)
                      ; - com.jme3.system.lwjgl.LwjglWindow::runLoop@5 (line 522)
  0x0000022e17b4c390: 07e9 4feb 

  0x0000022e17b4c394: ;   {metadata({method} {0x0000022e81170b70} 'getAndSet' '(Ljava/lang/invoke/VarHandle;Ljava/lang/Object;I)I' in 'java/lang/invoke/VarHandleInts$FieldInstanceReadWrite')}
  0x0000022e17b4c394: ffff 49ba | 680b 1781 | 2e02 0000 | 4c89 5424 | 0848 c704 | 24ff ffff 

  0x0000022e17b4c3ac: ;   {runtime_call counter_overflow Runtime1 stub}
  0x0000022e17b4c3ac: ffe8 aedf 

  0x0000022e17b4c3b0: ; ImmutableOopMap {rdx=Oop rbx=Oop [224]=Oop [288]=Oop }
                      ;*synchronization entry
                      ; - java.lang.invoke.VarHandleInts$FieldInstanceReadWrite::getAndSet@-1 (line 249)
                      ; - java.lang.invoke.VarHandleGuards::guard_LI_I@45 (line 163)
                      ; - java.util.concurrent.atomic.AtomicBoolean::getAndSet@13 (line 175)
                      ; - com.jme3.system.lwjgl.LwjglWindow::runLoop@5 (line 522)
  0x0000022e17b4c3b0: 0e07 e977 

  0x0000022e17b4c3b4: ;   {metadata({method} {0x0000022e3f498490} 'cast' '(Ljava/lang/Object;)Ljava/lang/Object;' in 'java/lang/Class')}
  0x0000022e17b4c3b4: ebff ff49 | ba88 8449 | 3f2e 0200 | 004c 8954 | 2408 48c7 | 0424 ffff 

  0x0000022e17b4c3cc: ;   {runtime_call counter_overflow Runtime1 stub}
  0x0000022e17b4c3cc: ffff e88d 

  0x0000022e17b4c3d0: ; ImmutableOopMap {rdx=Oop rbx=Oop [224]=Oop [288]=Oop }
                      ;*synchronization entry
                      ; - java.lang.Class::cast@-1 (line 4138)
                      ; - java.lang.invoke.VarHandleInts$FieldInstanceReadWrite::getAndSet@13 (line 250)
                      ; - java.lang.invoke.VarHandleGuards::guard_LI_I@45 (line 163)
                      ; - java.util.concurrent.atomic.AtomicBoolean::getAndSet@13 (line 175)
                      ; - com.jme3.system.lwjgl.LwjglWindow::runLoop@5 (line 522)
  0x0000022e17b4c3d0: df0e 07e9 | 99eb ffff 

  0x0000022e17b4c3d8: ;   {metadata({method} {0x0000022e3f44a3e0} 'requireNonNull' '(Ljava/lang/Object;)Ljava/lang/Object;' in 'java/util/Objects')}
  0x0000022e17b4c3d8: 49ba d8a3 | 443f 2e02 | 0000 4c89 | 5424 0848 | c704 24ff 

  0x0000022e17b4c3ec: ;   {runtime_call counter_overflow Runtime1 stub}
  0x0000022e17b4c3ec: ffff ffe8 

  0x0000022e17b4c3f0: ; ImmutableOopMap {rdx=Oop rbx=Oop [224]=Oop [288]=Oop }
                      ;*synchronization entry
                      ; - java.util.Objects::requireNonNull@-1 (line 219)
                      ; - java.lang.invoke.VarHandleInts$FieldInstanceReadWrite::getAndSet@16 (line 250)
                      ; - java.lang.invoke.VarHandleGuards::guard_LI_I@45 (line 163)
                      ; - java.util.concurrent.atomic.AtomicBoolean::getAndSet@13 (line 175)
                      ; - com.jme3.system.lwjgl.LwjglWindow::runLoop@5 (line 522)
  0x0000022e17b4c3f0: 6cdf 0e07 | e95e ecff 

  0x0000022e17b4c3f8: ;   {runtime_call throw_null_pointer_exception Runtime1 stub}
  0x0000022e17b4c3f8: ffe8 626a 

  0x0000022e17b4c3fc: ; ImmutableOopMap {rdx=Oop rsi=Oop [224]=Oop }
                      ;*invokevirtual get {reexecute=0 rethrow=0 return_oop=0}
                      ; - com.jme3.system.lwjgl.LwjglWindow::runLoop@19 (line 526)
                      ;   {metadata({method} {0x0000022e8116d8d8} 'get' '()Z' in 'java/util/concurrent/atomic/AtomicBoolean')}
  0x0000022e17b4c3fc: 0e07 49ba | d0d8 1681 | 2e02 0000 | 4c89 5424 | 0848 c704 | 24ff ffff 

  0x0000022e17b4c414: ;   {runtime_call counter_overflow Runtime1 stub}
  0x0000022e17b4c414: ffe8 46df 

  0x0000022e17b4c418: ; ImmutableOopMap {rdx=Oop rsi=Oop [224]=Oop }
                      ;*synchronization entry
                      ; - java.util.concurrent.atomic.AtomicBoolean::get@-1 (line 88)
                      ; - com.jme3.system.lwjgl.LwjglWindow::runLoop@19 (line 526)
  0x0000022e17b4c418: 0e07 e95b 

  0x0000022e17b4c41c: ;   {runtime_call throw_null_pointer_exception Runtime1 stub}
  0x0000022e17b4c41c: edff ffe8 

  0x0000022e17b4c420: ; ImmutableOopMap {rdx=Oop rsi=Oop [224]=Oop }
                      ;*invokeinterface update {reexecute=0 rethrow=0 return_oop=0}
                      ; - com.jme3.system.lwjgl.LwjglWindow::runLoop@37 (line 530)
  0x0000022e17b4c420: 3c6a 0e07 

  0x0000022e17b4c424: ;   {runtime_call throw_null_pointer_exception Runtime1 stub}
  0x0000022e17b4c424: e837 6a0e 

  0x0000022e17b4c428: ; ImmutableOopMap {rdx=Oop rsi=Oop [224]=Oop }
                      ;*invokevirtual get {reexecute=0 rethrow=0 return_oop=0}
                      ; - com.jme3.system.lwjgl.LwjglWindow::runLoop@46 (line 535)
                      ;   {metadata({method} {0x0000022e8116d8d8} 'get' '()Z' in 'java/util/concurrent/atomic/AtomicBoolean')}
  0x0000022e17b4c428: 0749 bad0 | d816 812e | 0200 004c | 8954 2408 | 48c7 0424 | ffff ffff 

  0x0000022e17b4c440: ;   {runtime_call counter_overflow Runtime1 stub}
  0x0000022e17b4c440: e81b df0e 

  0x0000022e17b4c444: ; ImmutableOopMap {rdx=Oop rsi=Oop [224]=Oop }
                      ;*synchronization entry
                      ; - java.util.concurrent.atomic.AtomicBoolean::get@-1 (line 88)
                      ; - com.jme3.system.lwjgl.LwjglWindow::runLoop@46 (line 535)
  0x0000022e17b4c444: 07e9 b0ee 

  0x0000022e17b4c448: ;   {runtime_call throw_incompatible_class_change_error Runtime1 stub}
  0x0000022e17b4c448: ffff e811 

  0x0000022e17b4c44c: ; ImmutableOopMap {rdx=Oop rax=Oop rsi=Oop [224]=Oop }
                      ;*invokeinterface handleError {reexecute=0 rethrow=0 return_oop=0}
                      ; - com.jme3.system.lwjgl.LwjglWindow::runLoop@84 (line 542)
                      ;   {runtime_call throw_null_pointer_exception Runtime1 stub}
  0x0000022e17b4c44c: ac0e 07e8 

  0x0000022e17b4c450: ; ImmutableOopMap {rdx=Oop rax=Oop rsi=Oop [224]=Oop }
                      ;*invokeinterface handleError {reexecute=0 rethrow=0 return_oop=0}
                      ; - com.jme3.system.lwjgl.LwjglWindow::runLoop@84 (line 542)
  0x0000022e17b4c450: 0c6a 0e07 

  0x0000022e17b4c454: ;   {runtime_call throw_null_pointer_exception Runtime1 stub}
  0x0000022e17b4c454: e807 6a0e 

  0x0000022e17b4c458: ; ImmutableOopMap {rsi=Oop [224]=Oop }
                      ;*invokeinterface postFrame {reexecute=0 rethrow=0 return_oop=0}
                      ; - com.jme3.system.lwjgl.LwjglWindow::runLoop@100 (line 549)
                      ;   {runtime_call throw_null_pointer_exception Runtime1 stub}
  0x0000022e17b4c458: 07e8 026a 

  0x0000022e17b4c45c: ; ImmutableOopMap {rdx=Oop rdi=Oop [224]=Oop }
                      ;*invokevirtual getFrameRate {reexecute=0 rethrow=0 return_oop=0}
                      ; - com.jme3.system.lwjgl.LwjglWindow::runLoop@120 (line 553)
                      ;   {metadata({method} {0x0000022e81468170} 'getFrameRate' '()I' in 'com/jme3/system/AppSettings')}
  0x0000022e17b4c45c: 0e07 49ba | 6881 4681 | 2e02 0000 | 4c89 5424 | 0848 c704 | 24ff ffff 

  0x0000022e17b4c474: ;   {runtime_call counter_overflow Runtime1 stub}
  0x0000022e17b4c474: ffe8 e6de 

  0x0000022e17b4c478: ; ImmutableOopMap {rdx=Oop rdi=Oop [224]=Oop }
                      ;*synchronization entry
                      ; - com.jme3.system.AppSettings::getFrameRate@-1 (line 917)
                      ; - com.jme3.system.lwjgl.LwjglWindow::runLoop@120 (line 553)
  0x0000022e17b4c478: 0e07 e9bc 

  0x0000022e17b4c47c: ;   {metadata({method} {0x0000022e81466358} 'getInteger' '(Ljava/lang/String;)I' in 'com/jme3/system/AppSettings')}
  0x0000022e17b4c47c: f2ff ff49 | ba50 6346 | 812e 0200 | 004c 8954 | 2408 48c7 | 0424 ffff 

  0x0000022e17b4c494: ;   {runtime_call counter_overflow Runtime1 stub}
  0x0000022e17b4c494: ffff e8c5 

  0x0000022e17b4c498: ; ImmutableOopMap {rdx=Oop rdi=Oop [224]=Oop }
                      ;*synchronization entry
                      ; - com.jme3.system.AppSettings::getInteger@-1 (line 485)
                      ; - com.jme3.system.AppSettings::getFrameRate@3 (line 917)
                      ; - com.jme3.system.lwjgl.LwjglWindow::runLoop@120 (line 553)
  0x0000022e17b4c498: de0e 07e9 | d9f2 ffff 

  0x0000022e17b4c4a0: ;   {metadata({method} {0x0000022e3f1c7650} 'get' '(Ljava/lang/Object;)Ljava/lang/Object;' in 'java/util/HashMap')}
  0x0000022e17b4c4a0: 49ba 4876 | 1c3f 2e02 | 0000 4c89 | 5424 0848 | c704 24ff 

  0x0000022e17b4c4b4: ;   {runtime_call counter_overflow Runtime1 stub}
  0x0000022e17b4c4b4: ffff ffe8 

  0x0000022e17b4c4b8: ; ImmutableOopMap {rdx=Oop rdi=Oop [224]=Oop }
                      ;*synchronization entry
                      ; - java.util.HashMap::get@-1 (line 565)
                      ; - com.jme3.system.AppSettings::getInteger@2 (line 485)
                      ; - com.jme3.system.AppSettings::getFrameRate@3 (line 917)
                      ; - com.jme3.system.lwjgl.LwjglWindow::runLoop@120 (line 553)
  0x0000022e17b4c4b8: a4de 0e07 | e975 f3ff 

  0x0000022e17b4c4c0: ;   {runtime_call throw_null_pointer_exception Runtime1 stub}
  0x0000022e17b4c4c0: ffe8 9a69 

  0x0000022e17b4c4c4: ; ImmutableOopMap {rax=Oop [224]=Oop [248]=Oop }
                      ;*getfield value {reexecute=1 rethrow=0 return_oop=0}
                      ; - (reexecute) java.util.HashMap::get@15 (line 565)
                      ; - com.jme3.system.AppSettings::getInteger@2 (line 485)
                      ; - com.jme3.system.AppSettings::getFrameRate@3 (line 917)
                      ; - com.jme3.system.lwjgl.LwjglWindow::runLoop@120 (line 553)
  0x0000022e17b4c4c4: 0e07 4c89 

  0x0000022e17b4c4c8: ;   {runtime_call throw_class_cast_exception Runtime1 stub}
  0x0000022e17b4c4c8: 0424 e891 

  0x0000022e17b4c4cc: ; ImmutableOopMap {[224]=Oop [248]=Oop }
                      ;*checkcast {reexecute=0 rethrow=0 return_oop=0}
                      ; - com.jme3.system.AppSettings::getInteger@5 (line 485)
                      ; - com.jme3.system.AppSettings::getFrameRate@3 (line 917)
                      ; - com.jme3.system.lwjgl.LwjglWindow::runLoop@120 (line 553)
                      ;   {runtime_call throw_null_pointer_exception Runtime1 stub}
  0x0000022e17b4c4cc: a80e 07e8 

  0x0000022e17b4c4d0: ; ImmutableOopMap {rdi=Oop r8=Oop [224]=Oop }
                      ;*invokevirtual intValue {reexecute=0 rethrow=0 return_oop=0}
                      ; - com.jme3.system.AppSettings::getInteger@16 (line 490)
                      ; - com.jme3.system.AppSettings::getFrameRate@3 (line 917)
                      ; - com.jme3.system.lwjgl.LwjglWindow::runLoop@120 (line 553)
  0x0000022e17b4c4d0: 8c69 0e07 

  0x0000022e17b4c4d4: ;   {runtime_call throw_null_pointer_exception Runtime1 stub}
  0x0000022e17b4c4d4: e887 690e 

  0x0000022e17b4c4d8: ; ImmutableOopMap {rdx=Oop rsi=Oop [224]=Oop }
                      ;*invokevirtual getFrameRate {reexecute=0 rethrow=0 return_oop=0}
                      ; - com.jme3.system.lwjgl.LwjglWindow::runLoop@131 (line 554)
                      ;   {metadata({method} {0x0000022e81468170} 'getFrameRate' '()I' in 'com/jme3/system/AppSettings')}
  0x0000022e17b4c4d8: 0749 ba68 | 8146 812e | 0200 004c | 8954 2408 | 48c7 0424 | ffff ffff 

  0x0000022e17b4c4f0: ;   {runtime_call counter_overflow Runtime1 stub}
  0x0000022e17b4c4f0: e86b de0e 

  0x0000022e17b4c4f4: ; ImmutableOopMap {rdx=Oop rsi=Oop [224]=Oop }
                      ;*synchronization entry
                      ; - com.jme3.system.AppSettings::getFrameRate@-1 (line 917)
                      ; - com.jme3.system.lwjgl.LwjglWindow::runLoop@131 (line 554)
  0x0000022e17b4c4f4: 07e9 08f6 

  0x0000022e17b4c4f8: ;   {metadata({method} {0x0000022e81466358} 'getInteger' '(Ljava/lang/String;)I' in 'com/jme3/system/AppSettings')}
  0x0000022e17b4c4f8: ffff 49ba | 5063 4681 | 2e02 0000 | 4c89 5424 | 0848 c704 | 24ff ffff 

  0x0000022e17b4c510: ;   {runtime_call counter_overflow Runtime1 stub}
  0x0000022e17b4c510: ffe8 4ade 

  0x0000022e17b4c514: ; ImmutableOopMap {rdx=Oop rsi=Oop [224]=Oop }
                      ;*synchronization entry
                      ; - com.jme3.system.AppSettings::getInteger@-1 (line 485)
                      ; - com.jme3.system.AppSettings::getFrameRate@3 (line 917)
                      ; - com.jme3.system.lwjgl.LwjglWindow::runLoop@131 (line 554)
  0x0000022e17b4c514: 0e07 e925 

  0x0000022e17b4c518: ;   {metadata({method} {0x0000022e3f1c7650} 'get' '(Ljava/lang/Object;)Ljava/lang/Object;' in 'java/util/HashMap')}
  0x0000022e17b4c518: f6ff ff49 | ba48 761c | 3f2e 0200 | 004c 8954 | 2408 48c7 | 0424 ffff 

  0x0000022e17b4c530: ;   {runtime_call counter_overflow Runtime1 stub}
  0x0000022e17b4c530: ffff e829 

  0x0000022e17b4c534: ; ImmutableOopMap {rdx=Oop rsi=Oop [224]=Oop }
                      ;*synchronization entry
                      ; - java.util.HashMap::get@-1 (line 565)
                      ; - com.jme3.system.AppSettings::getInteger@2 (line 485)
                      ; - com.jme3.system.AppSettings::getFrameRate@3 (line 917)
                      ; - com.jme3.system.lwjgl.LwjglWindow::runLoop@131 (line 554)
  0x0000022e17b4c534: de0e 07e9 | c1f6 ffff 

  0x0000022e17b4c53c: ;   {runtime_call throw_null_pointer_exception Runtime1 stub}
  0x0000022e17b4c53c: e81f 690e 

  0x0000022e17b4c540: ; ImmutableOopMap {rax=Oop [224]=Oop [256]=Oop }
                      ;*getfield value {reexecute=1 rethrow=0 return_oop=0}
                      ; - (reexecute) java.util.HashMap::get@15 (line 565)
                      ; - com.jme3.system.AppSettings::getInteger@2 (line 485)
                      ; - com.jme3.system.AppSettings::getFrameRate@3 (line 917)
                      ; - com.jme3.system.lwjgl.LwjglWindow::runLoop@131 (line 554)
  0x0000022e17b4c540: 074c 8904 

  0x0000022e17b4c544: ;   {runtime_call throw_class_cast_exception Runtime1 stub}
  0x0000022e17b4c544: 24e8 16a8 

  0x0000022e17b4c548: ; ImmutableOopMap {[224]=Oop [256]=Oop }
                      ;*checkcast {reexecute=0 rethrow=0 return_oop=0}
                      ; - com.jme3.system.AppSettings::getInteger@5 (line 485)
                      ; - com.jme3.system.AppSettings::getFrameRate@3 (line 917)
                      ; - com.jme3.system.lwjgl.LwjglWindow::runLoop@131 (line 554)
                      ;   {runtime_call throw_null_pointer_exception Runtime1 stub}
  0x0000022e17b4c548: 0e07 e811 

  0x0000022e17b4c54c: ; ImmutableOopMap {rsi=Oop r8=Oop [224]=Oop }
                      ;*invokevirtual intValue {reexecute=0 rethrow=0 return_oop=0}
                      ; - com.jme3.system.AppSettings::getInteger@16 (line 490)
                      ; - com.jme3.system.AppSettings::getFrameRate@3 (line 917)
                      ; - com.jme3.system.lwjgl.LwjglWindow::runLoop@131 (line 554)
                      ;   {runtime_call throw_null_pointer_exception Runtime1 stub}
  0x0000022e17b4c54c: 690e 07e8 

  0x0000022e17b4c550: ; ImmutableOopMap {rdx=Oop r8=Oop [224]=Oop }
                      ;*invokevirtual getTimePerFrame {reexecute=0 rethrow=0 return_oop=0}
                      ; - com.jme3.system.lwjgl.LwjglWindow::runLoop@170 (line 564)
  0x0000022e17b4c550: 0c69 0e07 

  0x0000022e17b4c554: ;   {metadata({method} {0x0000022e81576168} 'glfwPollEvents' '()V' in 'org/lwjgl/glfw/GLFW')}
  0x0000022e17b4c554: 49ba 6061 | 5781 2e02 | 0000 4c89 | 5424 0848 | c704 24ff 

  0x0000022e17b4c568: ;   {runtime_call counter_overflow Runtime1 stub}
  0x0000022e17b4c568: ffff ffe8 

  0x0000022e17b4c56c: ; ImmutableOopMap {[224]=Oop }
                      ;*synchronization entry
                      ; - org.lwjgl.glfw.GLFW::glfwPollEvents@-1 (line 3092)
                      ; - com.jme3.system.lwjgl.LwjglWindow::runLoop@216 (line 576)
  0x0000022e17b4c56c: f0dd 0e07 | e9c0 faff 

  0x0000022e17b4c574: ;   {metadata({method} {0x0000022e815887e8} 'check' '()V' in 'org/lwjgl/glfw/EventLoop$OnScreen')}
  0x0000022e17b4c574: ff49 bae0 | 8758 812e | 0200 004c | 8954 2408 | 48c7 0424 | ffff ffff 

  0x0000022e17b4c58c: ;   {runtime_call counter_overflow Runtime1 stub}
  0x0000022e17b4c58c: e8cf dd0e 

  0x0000022e17b4c590: ; ImmutableOopMap {[224]=Oop }
                      ;*synchronization entry
                      ; - org.lwjgl.glfw.EventLoop$OnScreen::check@-1 (line 74)
                      ; - org.lwjgl.glfw.GLFW::glfwPollEvents@4 (line 3093)
                      ; - com.jme3.system.lwjgl.LwjglWindow::runLoop@216 (line 576)
  0x0000022e17b4c590: 07e9 d8fa 

  0x0000022e17b4c594: ;   {internal_word}
  0x0000022e17b4c594: ffff 49ba | a4c0 b417 | 2e02 0000 | 4d89 9760 

  0x0000022e17b4c5a4: ;   {runtime_call SafepointBlob}
  0x0000022e17b4c5a4: 0400 00e9 | 348e 0107 

  0x0000022e17b4c5ac: ;   {metadata(nullptr)}
  0x0000022e17b4c5ac: 48ba 0000 | 0000 0000 | 0000 b800 

  0x0000022e17b4c5b8: ;   {runtime_call load_klass_patching Runtime1 stub}
  0x0000022e17b4c5b8: 0f05 0ae8 

  0x0000022e17b4c5bc: ; ImmutableOopMap {[224]=Oop }
                      ;*new {reexecute=1 rethrow=0 return_oop=0}
                      ; - (reexecute) com.jme3.system.lwjgl.LwjglWindow::runLoop@25 (line 527)
  0x0000022e17b4c5bc: a0c8 0e07 | e9f3 faff 

  0x0000022e17b4c5c4: ;   {runtime_call throw_null_pointer_exception Runtime1 stub}
  0x0000022e17b4c5c4: ffe8 9668 

  0x0000022e17b4c5c8: ; ImmutableOopMap {[224]=Oop }
                      ;*new {reexecute=0 rethrow=0 return_oop=0}
                      ; - com.jme3.system.lwjgl.LwjglWindow::runLoop@25 (line 527)
  0x0000022e17b4c5c8: 0e07 488b 

  0x0000022e17b4c5cc: ;   {runtime_call fast_new_instance_init_check Runtime1 stub}
  0x0000022e17b4c5cc: d2e8 8e7d 

  0x0000022e17b4c5d0: ; ImmutableOopMap {[224]=Oop }
                      ;*new {reexecute=0 rethrow=0 return_oop=0}
                      ; - com.jme3.system.lwjgl.LwjglWindow::runLoop@25 (line 527)
  0x0000022e17b4c5d0: 0e07 e946 

  0x0000022e17b4c5d4: ;   {metadata(nullptr)}
  0x0000022e17b4c5d4: fbff ff48 | ba00 0000 | 0000 0000 | 00b8 000f 

  0x0000022e17b4c5e4: ;   {runtime_call load_klass_patching Runtime1 stub}
  0x0000022e17b4c5e4: 050a e875 

  0x0000022e17b4c5e8: ; ImmutableOopMap {[224]=Oop [288]=Oop }
                      ;*new {reexecute=1 rethrow=0 return_oop=0}
                      ; - (reexecute) java.util.Objects::requireNonNull@4 (line 220)
                      ; - java.lang.invoke.VarHandleInts$FieldInstanceReadWrite::getAndSet@16 (line 250)
                      ; - java.lang.invoke.VarHandleGuards::guard_LI_I@45 (line 163)
                      ; - java.util.concurrent.atomic.AtomicBoolean::getAndSet@13 (line 175)
                      ; - com.jme3.system.lwjgl.LwjglWindow::runLoop@5 (line 522)
  0x0000022e17b4c5e8: c80e 07e9 | 78fb ffff 

  0x0000022e17b4c5f0: ;   {runtime_call fast_new_instance Runtime1 stub}
  0x0000022e17b4c5f0: 488b d2e8 

  0x0000022e17b4c5f4: ; ImmutableOopMap {[224]=Oop [288]=Oop }
                      ;*new {reexecute=0 rethrow=0 return_oop=0}
                      ; - java.util.Objects::requireNonNull@4 (line 220)
                      ; - java.lang.invoke.VarHandleInts$FieldInstanceReadWrite::getAndSet@16 (line 250)
                      ; - java.lang.invoke.VarHandleGuards::guard_LI_I@45 (line 163)
                      ; - java.util.concurrent.atomic.AtomicBoolean::getAndSet@13 (line 175)
                      ; - com.jme3.system.lwjgl.LwjglWindow::runLoop@5 (line 522)
  0x0000022e17b4c5f4: 687a 0e07 | e9c7 fbff | ff48 8bd2 

  0x0000022e17b4c600: ;   {runtime_call fast_new_instance Runtime1 stub}
  0x0000022e17b4c600: e85b 7a0e 

  0x0000022e17b4c604: ; ImmutableOopMap {rbx=Oop [224]=Oop [288]=Oop }
                      ;*new {reexecute=0 rethrow=0 return_oop=0}
                      ; - java.lang.Class::cast@12 (line 4139)
                      ; - java.lang.invoke.VarHandleInts$FieldInstanceReadWrite::getAndSet@13 (line 250)
                      ; - java.lang.invoke.VarHandleGuards::guard_LI_I@45 (line 163)
                      ; - java.util.concurrent.atomic.AtomicBoolean::getAndSet@13 (line 175)
                      ; - com.jme3.system.lwjgl.LwjglWindow::runLoop@5 (line 522)
  0x0000022e17b4c604: 07e9 5afc | ffff 498b | 8700 0500 | 0049 c787 | 0005 0000 | 0000 0000 | 49c7 8708 | 0500 0000 
  0x0000022e17b4c624: 0000 0048 | 81c4 4001 

  0x0000022e17b4c62c: ;   {runtime_call unwind_exception Runtime1 stub}
  0x0000022e17b4c62c: 0000 5de9 | 2c50 0e07 | f4f4 f4f4 
[Stub Code]
  0x0000022e17b4c638: ;   {no_reloc}
  0x0000022e17b4c638: 0f1f 4400 

  0x0000022e17b4c63c: ;   {static_stub}
  0x0000022e17b4c63c: 0048 bb00 | 0000 0000 

  0x0000022e17b4c644: ;   {runtime_call nmethod}
  0x0000022e17b4c644: 0000 00e9 | fbff ffff 

  0x0000022e17b4c64c: ;   {static_stub}
  0x0000022e17b4c64c: 9048 bb00 | 0000 0000 

  0x0000022e17b4c654: ;   {runtime_call nmethod}
  0x0000022e17b4c654: 0000 00e9 | fbff ffff 

  0x0000022e17b4c65c: ;   {static_stub}
  0x0000022e17b4c65c: 9048 bb00 | 0000 0000 

  0x0000022e17b4c664: ;   {runtime_call nmethod}
  0x0000022e17b4c664: 0000 00e9 | fbff ffff 

  0x0000022e17b4c66c: ;   {static_stub}
  0x0000022e17b4c66c: 9048 bb00 | 0000 0000 

  0x0000022e17b4c674: ;   {runtime_call nmethod}
  0x0000022e17b4c674: 0000 00e9 | fbff ffff 

  0x0000022e17b4c67c: ;   {static_stub}
  0x0000022e17b4c67c: 48bb 0000 | 0000 0000 

  0x0000022e17b4c684: ;   {runtime_call nmethod}
  0x0000022e17b4c684: 0000 e9fb 

  0x0000022e17b4c688: ;   {static_stub}
  0x0000022e17b4c688: ffff ff48 | bb00 0000 | 0000 0000 

  0x0000022e17b4c694: ;   {runtime_call nmethod}
  0x0000022e17b4c694: 00e9 fbff 

  0x0000022e17b4c698: ;   {static_stub}
  0x0000022e17b4c698: ffff 48bb | 0000 0000 | 0000 0000 

  0x0000022e17b4c6a4: ;   {runtime_call nmethod}
  0x0000022e17b4c6a4: e9fb ffff 

  0x0000022e17b4c6a8: ;   {static_stub}
  0x0000022e17b4c6a8: ff48 bb00 | 0000 0000 

  0x0000022e17b4c6b0: ;   {runtime_call nmethod}
  0x0000022e17b4c6b0: 0000 00e9 | fbff ffff 

  0x0000022e17b4c6b8: ;   {static_stub}
  0x0000022e17b4c6b8: 48bb 0000 | 0000 0000 

  0x0000022e17b4c6c0: ;   {runtime_call nmethod}
  0x0000022e17b4c6c0: 0000 e9fb 

  0x0000022e17b4c6c4: ;   {static_stub}
  0x0000022e17b4c6c4: ffff ff48 | bb28 a257 | 812e 0200 

  0x0000022e17b4c6d0: ;   {runtime_call I2C/C2I adapters}
  0x0000022e17b4c6d0: 00e9 5cbf 

  0x0000022e17b4c6d4: ;   {static_stub}
  0x0000022e17b4c6d4: 0107 48bb | 0000 0000 | 0000 0000 

  0x0000022e17b4c6e0: ;   {runtime_call nmethod}
  0x0000022e17b4c6e0: e9fb ffff 

  0x0000022e17b4c6e4: ;   {static_stub}
  0x0000022e17b4c6e4: ff48 bb00 | 0000 0000 

  0x0000022e17b4c6ec: ;   {runtime_call nmethod}
  0x0000022e17b4c6ec: 0000 00e9 | fbff ffff 

  0x0000022e17b4c6f4: ;   {static_stub}
  0x0000022e17b4c6f4: 48bb 0000 | 0000 0000 

  0x0000022e17b4c6fc: ;   {runtime_call nmethod}
  0x0000022e17b4c6fc: 0000 e9fb 

  0x0000022e17b4c700: ;   {runtime_call handle_exception_from_callee Runtime1 stub}
  0x0000022e17b4c700: ffff ffe8 | 58a0 0e07 

  0x0000022e17b4c708: ;   {external_word}
  0x0000022e17b4c708: 48b9 40d5 | a346 fe7f | 0000 4883 

  0x0000022e17b4c714: ;   {runtime_call}
  0x0000022e17b4c714: e4f0 48b8 | 704a 6a46 | fe7f 0000 

  0x0000022e17b4c720: ;   {section_word}
  0x0000022e17b4c720: ffd0 f449 | ba23 c7b4 | 172e 0200 

  0x0000022e17b4c72c: ;   {runtime_call DeoptimizationBlob}
  0x0000022e17b4c72c: 0041 52e9 | 4c7f 0107 | f4f4 f4f4 
[/MachCode]


---------------  P R O C E S S  ---------------

Threads class SMR info:
_java_thread_list=0x0000022e9eb1bcf0, length=24, elements={
0x0000022e0efa9770, 0x0000022e278a8260, 0x0000022e800e4fd0, 0x0000022e800e7b70,
0x0000022e800e8830, 0x0000022e800eb7e0, 0x0000022e800ec370, 0x0000022e8011e000,
0x0000022e8011eab0, 0x0000022e803a9590, 0x0000022e803a9c20, 0x0000022e803aa2b0,
0x0000022e803afd00, 0x0000022e803bf860, 0x0000022e85e684a0, 0x0000022e85d69d00,
0x0000022e9cc0c4d0, 0x0000022e9ee5a100, 0x0000022e9ee5a790, 0x0000022e85bc9810,
0x0000022e9ee58030, 0x0000022e85bc74a0, 0x0000022e9f165320, 0x0000022e9d4a6760
}

Java Threads: ( => current thread )
=>0x0000022e0efa9770 JavaThread "main"                              [_thread_in_native, id=43768, stack(0x0000004924a00000,0x0000004924b00000) (1024K)]
  0x0000022e278a8260 JavaThread "Reference Handler"          daemon [_thread_blocked, id=39140, stack(0x0000004925200000,0x0000004925300000) (1024K)]
  0x0000022e800e4fd0 JavaThread "Finalizer"                  daemon [_thread_blocked, id=3088, stack(0x0000004925300000,0x0000004925400000) (1024K)]
  0x0000022e800e7b70 JavaThread "Signal Dispatcher"          daemon [_thread_blocked, id=35032, stack(0x0000004925400000,0x0000004925500000) (1024K)]
  0x0000022e800e8830 JavaThread "Attach Listener"            daemon [_thread_blocked, id=39700, stack(0x0000004925500000,0x0000004925600000) (1024K)]
  0x0000022e800eb7e0 JavaThread "Service Thread"             daemon [_thread_blocked, id=41056, stack(0x0000004925600000,0x0000004925700000) (1024K)]
  0x0000022e800ec370 JavaThread "Monitor Deflation Thread"   daemon [_thread_blocked, id=34984, stack(0x0000004925700000,0x0000004925800000) (1024K)]
  0x0000022e8011e000 JavaThread "C2 CompilerThread0"         daemon [_thread_blocked, id=36152, stack(0x0000004925800000,0x0000004925900000) (1024K)]
  0x0000022e8011eab0 JavaThread "C1 CompilerThread0"         daemon [_thread_blocked, id=41916, stack(0x0000004925900000,0x0000004925a00000) (1024K)]
  0x0000022e803a9590 JavaThread "JDWP Transport Listener: dt_socket" daemon [_thread_blocked, id=22232, stack(0x0000004925c00000,0x0000004925d00000) (1024K)]
  0x0000022e803a9c20 JavaThread "JDWP Event Helper Thread"   daemon [_thread_blocked, id=38964, stack(0x0000004925d00000,0x0000004925e00000) (1024K)]
  0x0000022e803aa2b0 JavaThread "JDWP Command Reader"        daemon [_thread_in_native, id=35452, stack(0x0000004925e00000,0x0000004925f00000) (1024K)]
  0x0000022e803afd00 JavaThread "Notification Thread"        daemon [_thread_blocked, id=35812, stack(0x0000004925f00000,0x0000004926000000) (1024K)]
  0x0000022e803bf860 JavaThread "Common-Cleaner"             daemon [_thread_blocked, id=43664, stack(0x0000004926000000,0x0000004926100000) (1024K)]
  0x0000022e85e684a0 JavaThread "Thread to free LWJGL byte buffers" daemon [_thread_blocked, id=35376, stack(0x0000004926900000,0x0000004926a00000) (1024K)]
  0x0000022e85d69d00 JavaThread "jME3 Audio Decoder"         daemon [_thread_blocked, id=32764, stack(0x0000004926200000,0x0000004926300000) (1024K)]
  0x0000022e9cc0c4d0 JavaThread "Java2D Disposer"            daemon [_thread_blocked, id=20060, stack(0x0000004927000000,0x0000004927100000) (1024K)]
  0x0000022e9ee5a100 JavaThread "AWT-Shutdown"                      [_thread_blocked, id=27828, stack(0x0000004925a00000,0x0000004925b00000) (1024K)]
  0x0000022e9ee5a790 JavaThread "Image Fetcher 0"            daemon [_thread_blocked, id=42484, stack(0x0000004926100000,0x0000004926200000) (1024K)]
  0x0000022e85bc9810 JavaThread "C1 CompilerThread1"         daemon [_thread_blocked, id=33392, stack(0x0000004927100000,0x0000004927200000) (1024K)]
  0x0000022e9ee58030 JavaThread "AWT-EventQueue-0"                  [_thread_in_native, id=3216, stack(0x0000004927200000,0x0000004927300000) (1024K)]
  0x0000022e85bc74a0 JavaThread "C2 CompilerThread1"         daemon [_thread_blocked, id=40332, stack(0x0000004927300000,0x0000004927400000) (1024K)]
  0x0000022e9f165320 JavaThread "C2 CompilerThread2"         daemon [_thread_blocked, id=37064, stack(0x0000004927400000,0x0000004927500000) (1024K)]
  0x0000022e9d4a6760 JavaThread "C1 CompilerThread2"         daemon [_thread_blocked, id=37424, stack(0x0000004927500000,0x0000004927600000) (1024K)]
Total: 24

Other Threads:
  0x0000022e278951c0 VMThread "VM Thread"                           [id=41776, stack(0x0000004925100000,0x0000004925200000) (1024K)]
  0x0000022e0f020920 WorkerThread "GC Thread#0"                     [id=35496, stack(0x0000004924b00000,0x0000004924c00000) (1024K)]
  0x0000022e9d6e7110 WorkerThread "GC Thread#1"                     [id=19740, stack(0x0000004927700000,0x0000004927800000) (1024K)]
  0x0000022e9d6e74c0 WorkerThread "GC Thread#2"                     [id=24528, stack(0x0000004927800000,0x0000004927900000) (1024K)]
  0x0000022e9d7c8380 WorkerThread "GC Thread#3"                     [id=38372, stack(0x0000004927900000,0x0000004927a00000) (1024K)]
  0x0000022e9d5270a0 WorkerThread "GC Thread#4"                     [id=21848, stack(0x0000004927a00000,0x0000004927b00000) (1024K)]
  0x0000022e9da1ce30 WorkerThread "GC Thread#5"                     [id=8548, stack(0x0000004927b00000,0x0000004927c00000) (1024K)]
  0x0000022e9da1d1e0 WorkerThread "GC Thread#6"                     [id=40064, stack(0x0000004927c00000,0x0000004927d00000) (1024K)]
  0x0000022e9da1d940 WorkerThread "GC Thread#7"                     [id=43348, stack(0x0000004927d00000,0x0000004927e00000) (1024K)]
  0x0000022e9da1d590 WorkerThread "GC Thread#8"                     [id=33340, stack(0x0000004927e00000,0x0000004927f00000) (1024K)]
  0x0000022e9da1dcf0 WorkerThread "GC Thread#9"                     [id=23556, stack(0x0000004927f00000,0x0000004928000000) (1024K)]
  0x0000022e9da1c320 WorkerThread "GC Thread#10"                    [id=43596, stack(0x0000004928000000,0x0000004928100000) (1024K)]
  0x0000022e9da1c6d0 WorkerThread "GC Thread#11"                    [id=37076, stack(0x0000004928100000,0x0000004928200000) (1024K)]
  0x0000022e9da1ca80 WorkerThread "GC Thread#12"                    [id=39368, stack(0x0000004928200000,0x0000004928300000) (1024K)]
  0x0000022e9d67ab90 WorkerThread "GC Thread#13"                    [id=42040, stack(0x0000004928300000,0x0000004928400000) (1024K)]
  0x0000022e9d67ba50 WorkerThread "GC Thread#14"                    [id=1788, stack(0x0000004928400000,0x0000004928500000) (1024K)]
  0x0000022e9d679920 WorkerThread "GC Thread#15"                    [id=38088, stack(0x0000004928500000,0x0000004928600000) (1024K)]
  0x0000022e9d67af40 WorkerThread "GC Thread#16"                    [id=34376, stack(0x0000004928600000,0x0000004928700000) (1024K)]
  0x0000022e9d67c560 WorkerThread "GC Thread#17"                    [id=24636, stack(0x0000004928700000,0x0000004928800000) (1024K)]
  0x0000022e9d67b6a0 WorkerThread "GC Thread#18"                    [id=36796, stack(0x0000004928800000,0x0000004928900000) (1024K)]
  0x0000022e9d67be00 WorkerThread "GC Thread#19"                    [id=35596, stack(0x0000004928900000,0x0000004928a00000) (1024K)]
  0x0000022e27730560 ConcurrentGCThread "G1 Main Marker"            terminated
  0x0000022e0f035700 WorkerThread "G1 Conc#0"                       [id=41788, stack(0x0000004924d00000,0x0000004924e00000) (1024K)]
  0x0000022e27825b00 ConcurrentGCThread "G1 Refine#0"               terminated
  0x0000022e0efa7210 ConcurrentGCThread "G1 Service"                terminated
Total: 25

Threads with active compile tasks:
Total: 0

VM state: not at safepoint (normal execution)

VM Mutex/Monitor currently owned by a thread: None

Heap address: 0x0000000404000000, size: 16320 MB, Compressed Oops mode: Zero based, Oop shift amount: 3

CDS archive(s) mapped at: [0x0000022e3f000000-0x0000022e3fd70000-0x0000022e3fd70000), size 14090240, SharedBaseAddress: 0x0000022e3f000000, ArchiveRelocationMode: 1.
Compressed class space mapped at: 0x0000022e40000000-0x0000022e80000000, reserved size: 1073741824
Narrow klass base: 0x0000022e3f000000, Narrow klass shift: 0, Narrow klass range: 0x41000000

GC Precious Log:
 CardTable entry size: 512
 Card Set container configuration: InlinePtr #cards 4 size 8 Array Of Cards #cards 64 size 144 Howl #buckets 8 coarsen threshold 14745 Howl Bitmap #cards 2048 size 272 coarsen threshold 1843 Card regions per heap region 1 cards per card region 16384
 CPUs: 28 total, 28 available
 Memory: 65277M
 Large Page Support: Disabled
 NUMA Support: Disabled
 Compressed Oops: Enabled (Zero based)
 Heap Region Size: 8M
 Heap Min Capacity: 8M
 Heap Initial Capacity: 1G
 Heap Max Capacity: 16320M
 Pre-touch: Disabled
 Parallel Workers: 20
 Concurrent Workers: 5
 Concurrent Refinement Workers: 20
 Periodic GC: Disabled

Heap:
 garbage-first heap   total reserved 16711680K, committed 1048576K, used 51038K [0x0000000404000000, 0x0000000800000000)
  region size 8192K, 8 young (65536K), 1 survivors (8192K)
 Metaspace       used 19981K, committed 20288K, reserved 1114112K
  class space    used 1678K, committed 1856K, reserved 1048576K

Heap Regions: E=young(eden), S=young(survivor), O=old, HS=humongous(starts), HC=humongous(continues), CS=collection set, F=free, TAMS=top-at-mark-start, PB=parsable bottom
|   0|0x0000000404000000, 0x000000040470e670, 0x0000000404800000| 88%| O|  |TAMS 0x0000000404000000| PB 0x0000000404000000| Untracked |  0
|   1|0x0000000404800000, 0x0000000404800000, 0x0000000405000000|  0%| F|  |TAMS 0x0000000404800000| PB 0x0000000404800000| Untracked |  0
|   2|0x0000000405000000, 0x0000000405000000, 0x0000000405800000|  0%| F|  |TAMS 0x0000000405000000| PB 0x0000000405000000| Untracked |  0
|   3|0x0000000405800000, 0x0000000405800000, 0x0000000406000000|  0%| F|  |TAMS 0x0000000405800000| PB 0x0000000405800000| Untracked |  0
|   4|0x0000000406000000, 0x0000000406000000, 0x0000000406800000|  0%| F|  |TAMS 0x0000000406000000| PB 0x0000000406000000| Untracked |  0
|   5|0x0000000406800000, 0x0000000406800000, 0x0000000407000000|  0%| F|  |TAMS 0x0000000406800000| PB 0x0000000406800000| Untracked |  0
|   6|0x0000000407000000, 0x0000000407000000, 0x0000000407800000|  0%| F|  |TAMS 0x0000000407000000| PB 0x0000000407000000| Untracked |  0
|   7|0x0000000407800000, 0x0000000407800000, 0x0000000408000000|  0%| F|  |TAMS 0x0000000407800000| PB 0x0000000407800000| Untracked |  0
|   8|0x0000000408000000, 0x0000000408000000, 0x0000000408800000|  0%| F|  |TAMS 0x0000000408000000| PB 0x0000000408000000| Untracked |  0
|   9|0x0000000408800000, 0x0000000408800000, 0x0000000409000000|  0%| F|  |TAMS 0x0000000408800000| PB 0x0000000408800000| Untracked |  0
|  10|0x0000000409000000, 0x0000000409000000, 0x0000000409800000|  0%| F|  |TAMS 0x0000000409000000| PB 0x0000000409000000| Untracked |  0
|  11|0x0000000409800000, 0x0000000409800000, 0x000000040a000000|  0%| F|  |TAMS 0x0000000409800000| PB 0x0000000409800000| Untracked |  0
|  12|0x000000040a000000, 0x000000040a000000, 0x000000040a800000|  0%| F|  |TAMS 0x000000040a000000| PB 0x000000040a000000| Untracked |  0
|  13|0x000000040a800000, 0x000000040a800000, 0x000000040b000000|  0%| F|  |TAMS 0x000000040a800000| PB 0x000000040a800000| Untracked |  0
|  14|0x000000040b000000, 0x000000040b000000, 0x000000040b800000|  0%| F|  |TAMS 0x000000040b000000| PB 0x000000040b000000| Untracked |  0
|  15|0x000000040b800000, 0x000000040b800000, 0x000000040c000000|  0%| F|  |TAMS 0x000000040b800000| PB 0x000000040b800000| Untracked |  0
|  16|0x000000040c000000, 0x000000040c000000, 0x000000040c800000|  0%| F|  |TAMS 0x000000040c000000| PB 0x000000040c000000| Untracked |  0
|  17|0x000000040c800000, 0x000000040c800000, 0x000000040d000000|  0%| F|  |TAMS 0x000000040c800000| PB 0x000000040c800000| Untracked |  0
|  18|0x000000040d000000, 0x000000040d000000, 0x000000040d800000|  0%| F|  |TAMS 0x000000040d000000| PB 0x000000040d000000| Untracked |  0
|  19|0x000000040d800000, 0x000000040d800000, 0x000000040e000000|  0%| F|  |TAMS 0x000000040d800000| PB 0x000000040d800000| Untracked |  0
|  20|0x000000040e000000, 0x000000040e000000, 0x000000040e800000|  0%| F|  |TAMS 0x000000040e000000| PB 0x000000040e000000| Untracked |  0
|  21|0x000000040e800000, 0x000000040e800000, 0x000000040f000000|  0%| F|  |TAMS 0x000000040e800000| PB 0x000000040e800000| Untracked |  0
|  22|0x000000040f000000, 0x000000040f000000, 0x000000040f800000|  0%| F|  |TAMS 0x000000040f000000| PB 0x000000040f000000| Untracked |  0
|  23|0x000000040f800000, 0x000000040f800000, 0x0000000410000000|  0%| F|  |TAMS 0x000000040f800000| PB 0x000000040f800000| Untracked |  0
|  24|0x0000000410000000, 0x0000000410000000, 0x0000000410800000|  0%| F|  |TAMS 0x0000000410000000| PB 0x0000000410000000| Untracked |  0
|  25|0x0000000410800000, 0x0000000410800000, 0x0000000411000000|  0%| F|  |TAMS 0x0000000410800000| PB 0x0000000410800000| Untracked |  0
|  26|0x0000000411000000, 0x0000000411000000, 0x0000000411800000|  0%| F|  |TAMS 0x0000000411000000| PB 0x0000000411000000| Untracked |  0
|  27|0x0000000411800000, 0x0000000411800000, 0x0000000412000000|  0%| F|  |TAMS 0x0000000411800000| PB 0x0000000411800000| Untracked |  0
|  28|0x0000000412000000, 0x0000000412000000, 0x0000000412800000|  0%| F|  |TAMS 0x0000000412000000| PB 0x0000000412000000| Untracked |  0
|  29|0x0000000412800000, 0x0000000412800000, 0x0000000413000000|  0%| F|  |TAMS 0x0000000412800000| PB 0x0000000412800000| Untracked |  0
|  30|0x0000000413000000, 0x0000000413000000, 0x0000000413800000|  0%| F|  |TAMS 0x0000000413000000| PB 0x0000000413000000| Untracked |  0
|  31|0x0000000413800000, 0x0000000413800000, 0x0000000414000000|  0%| F|  |TAMS 0x0000000413800000| PB 0x0000000413800000| Untracked |  0
|  32|0x0000000414000000, 0x0000000414000000, 0x0000000414800000|  0%| F|  |TAMS 0x0000000414000000| PB 0x0000000414000000| Untracked |  0
|  33|0x0000000414800000, 0x0000000414800000, 0x0000000415000000|  0%| F|  |TAMS 0x0000000414800000| PB 0x0000000414800000| Untracked |  0
|  34|0x0000000415000000, 0x0000000415000000, 0x0000000415800000|  0%| F|  |TAMS 0x0000000415000000| PB 0x0000000415000000| Untracked |  0
|  35|0x0000000415800000, 0x0000000415800000, 0x0000000416000000|  0%| F|  |TAMS 0x0000000415800000| PB 0x0000000415800000| Untracked |  0
|  36|0x0000000416000000, 0x0000000416000000, 0x0000000416800000|  0%| F|  |TAMS 0x0000000416000000| PB 0x0000000416000000| Untracked |  0
|  37|0x0000000416800000, 0x0000000416800000, 0x0000000417000000|  0%| F|  |TAMS 0x0000000416800000| PB 0x0000000416800000| Untracked |  0
|  38|0x0000000417000000, 0x0000000417000000, 0x0000000417800000|  0%| F|  |TAMS 0x0000000417000000| PB 0x0000000417000000| Untracked |  0
|  39|0x0000000417800000, 0x0000000417800000, 0x0000000418000000|  0%| F|  |TAMS 0x0000000417800000| PB 0x0000000417800000| Untracked |  0
|  40|0x0000000418000000, 0x0000000418000000, 0x0000000418800000|  0%| F|  |TAMS 0x0000000418000000| PB 0x0000000418000000| Untracked |  0
|  41|0x0000000418800000, 0x0000000418800000, 0x0000000419000000|  0%| F|  |TAMS 0x0000000418800000| PB 0x0000000418800000| Untracked |  0
|  42|0x0000000419000000, 0x0000000419000000, 0x0000000419800000|  0%| F|  |TAMS 0x0000000419000000| PB 0x0000000419000000| Untracked |  0
|  43|0x0000000419800000, 0x0000000419800000, 0x000000041a000000|  0%| F|  |TAMS 0x0000000419800000| PB 0x0000000419800000| Untracked |  0
|  44|0x000000041a000000, 0x000000041a000000, 0x000000041a800000|  0%| F|  |TAMS 0x000000041a000000| PB 0x000000041a000000| Untracked |  0
|  45|0x000000041a800000, 0x000000041a800000, 0x000000041b000000|  0%| F|  |TAMS 0x000000041a800000| PB 0x000000041a800000| Untracked |  0
|  46|0x000000041b000000, 0x000000041b000000, 0x000000041b800000|  0%| F|  |TAMS 0x000000041b000000| PB 0x000000041b000000| Untracked |  0
|  47|0x000000041b800000, 0x000000041b800000, 0x000000041c000000|  0%| F|  |TAMS 0x000000041b800000| PB 0x000000041b800000| Untracked |  0
|  48|0x000000041c000000, 0x000000041c000000, 0x000000041c800000|  0%| F|  |TAMS 0x000000041c000000| PB 0x000000041c000000| Untracked |  0
|  49|0x000000041c800000, 0x000000041c800000, 0x000000041d000000|  0%| F|  |TAMS 0x000000041c800000| PB 0x000000041c800000| Untracked |  0
|  50|0x000000041d000000, 0x000000041d000000, 0x000000041d800000|  0%| F|  |TAMS 0x000000041d000000| PB 0x000000041d000000| Untracked |  0
|  51|0x000000041d800000, 0x000000041d800000, 0x000000041e000000|  0%| F|  |TAMS 0x000000041d800000| PB 0x000000041d800000| Untracked |  0
|  52|0x000000041e000000, 0x000000041e000000, 0x000000041e800000|  0%| F|  |TAMS 0x000000041e000000| PB 0x000000041e000000| Untracked |  0
|  53|0x000000041e800000, 0x000000041e800000, 0x000000041f000000|  0%| F|  |TAMS 0x000000041e800000| PB 0x000000041e800000| Untracked |  0
|  54|0x000000041f000000, 0x000000041f000000, 0x000000041f800000|  0%| F|  |TAMS 0x000000041f000000| PB 0x000000041f000000| Untracked |  0
|  55|0x000000041f800000, 0x000000041f800000, 0x0000000420000000|  0%| F|  |TAMS 0x000000041f800000| PB 0x000000041f800000| Untracked |  0
|  56|0x0000000420000000, 0x0000000420000000, 0x0000000420800000|  0%| F|  |TAMS 0x0000000420000000| PB 0x0000000420000000| Untracked |  0
|  57|0x0000000420800000, 0x0000000420800000, 0x0000000421000000|  0%| F|  |TAMS 0x0000000420800000| PB 0x0000000420800000| Untracked |  0
|  58|0x0000000421000000, 0x0000000421000000, 0x0000000421800000|  0%| F|  |TAMS 0x0000000421000000| PB 0x0000000421000000| Untracked |  0
|  59|0x0000000421800000, 0x0000000421800000, 0x0000000422000000|  0%| F|  |TAMS 0x0000000421800000| PB 0x0000000421800000| Untracked |  0
|  60|0x0000000422000000, 0x0000000422000000, 0x0000000422800000|  0%| F|  |TAMS 0x0000000422000000| PB 0x0000000422000000| Untracked |  0
|  61|0x0000000422800000, 0x0000000422800000, 0x0000000423000000|  0%| F|  |TAMS 0x0000000422800000| PB 0x0000000422800000| Untracked |  0
|  62|0x0000000423000000, 0x0000000423000000, 0x0000000423800000|  0%| F|  |TAMS 0x0000000423000000| PB 0x0000000423000000| Untracked |  0
|  63|0x0000000423800000, 0x0000000423800000, 0x0000000424000000|  0%| F|  |TAMS 0x0000000423800000| PB 0x0000000423800000| Untracked |  0
|  64|0x0000000424000000, 0x0000000424000000, 0x0000000424800000|  0%| F|  |TAMS 0x0000000424000000| PB 0x0000000424000000| Untracked |  0
|  65|0x0000000424800000, 0x0000000424800000, 0x0000000425000000|  0%| F|  |TAMS 0x0000000424800000| PB 0x0000000424800000| Untracked |  0
|  66|0x0000000425000000, 0x0000000425000000, 0x0000000425800000|  0%| F|  |TAMS 0x0000000425000000| PB 0x0000000425000000| Untracked |  0
|  67|0x0000000425800000, 0x0000000425800000, 0x0000000426000000|  0%| F|  |TAMS 0x0000000425800000| PB 0x0000000425800000| Untracked |  0
|  68|0x0000000426000000, 0x0000000426000000, 0x0000000426800000|  0%| F|  |TAMS 0x0000000426000000| PB 0x0000000426000000| Untracked |  0
|  69|0x0000000426800000, 0x0000000426800000, 0x0000000427000000|  0%| F|  |TAMS 0x0000000426800000| PB 0x0000000426800000| Untracked |  0
|  70|0x0000000427000000, 0x0000000427000000, 0x0000000427800000|  0%| F|  |TAMS 0x0000000427000000| PB 0x0000000427000000| Untracked |  0
|  71|0x0000000427800000, 0x0000000427800000, 0x0000000428000000|  0%| F|  |TAMS 0x0000000427800000| PB 0x0000000427800000| Untracked |  0
|  72|0x0000000428000000, 0x0000000428000000, 0x0000000428800000|  0%| F|  |TAMS 0x0000000428000000| PB 0x0000000428000000| Untracked |  0
|  73|0x0000000428800000, 0x0000000428800000, 0x0000000429000000|  0%| F|  |TAMS 0x0000000428800000| PB 0x0000000428800000| Untracked |  0
|  74|0x0000000429000000, 0x0000000429000000, 0x0000000429800000|  0%| F|  |TAMS 0x0000000429000000| PB 0x0000000429000000| Untracked |  0
|  75|0x0000000429800000, 0x0000000429800000, 0x000000042a000000|  0%| F|  |TAMS 0x0000000429800000| PB 0x0000000429800000| Untracked |  0
|  76|0x000000042a000000, 0x000000042a000000, 0x000000042a800000|  0%| F|  |TAMS 0x000000042a000000| PB 0x000000042a000000| Untracked |  0
|  77|0x000000042a800000, 0x000000042a800000, 0x000000042b000000|  0%| F|  |TAMS 0x000000042a800000| PB 0x000000042a800000| Untracked |  0
|  78|0x000000042b000000, 0x000000042b000000, 0x000000042b800000|  0%| F|  |TAMS 0x000000042b000000| PB 0x000000042b000000| Untracked |  0
|  79|0x000000042b800000, 0x000000042b800000, 0x000000042c000000|  0%| F|  |TAMS 0x000000042b800000| PB 0x000000042b800000| Untracked |  0
|  80|0x000000042c000000, 0x000000042c000000, 0x000000042c800000|  0%| F|  |TAMS 0x000000042c000000| PB 0x000000042c000000| Untracked |  0
|  81|0x000000042c800000, 0x000000042c800000, 0x000000042d000000|  0%| F|  |TAMS 0x000000042c800000| PB 0x000000042c800000| Untracked |  0
|  82|0x000000042d000000, 0x000000042d000000, 0x000000042d800000|  0%| F|  |TAMS 0x000000042d000000| PB 0x000000042d000000| Untracked |  0
|  83|0x000000042d800000, 0x000000042d800000, 0x000000042e000000|  0%| F|  |TAMS 0x000000042d800000| PB 0x000000042d800000| Untracked |  0
|  84|0x000000042e000000, 0x000000042e000000, 0x000000042e800000|  0%| F|  |TAMS 0x000000042e000000| PB 0x000000042e000000| Untracked |  0
|  85|0x000000042e800000, 0x000000042e800000, 0x000000042f000000|  0%| F|  |TAMS 0x000000042e800000| PB 0x000000042e800000| Untracked |  0
|  86|0x000000042f000000, 0x000000042f000000, 0x000000042f800000|  0%| F|  |TAMS 0x000000042f000000| PB 0x000000042f000000| Untracked |  0
|  87|0x000000042f800000, 0x000000042f800000, 0x0000000430000000|  0%| F|  |TAMS 0x000000042f800000| PB 0x000000042f800000| Untracked |  0
|  88|0x0000000430000000, 0x0000000430000000, 0x0000000430800000|  0%| F|  |TAMS 0x0000000430000000| PB 0x0000000430000000| Untracked |  0
|  89|0x0000000430800000, 0x0000000430800000, 0x0000000431000000|  0%| F|  |TAMS 0x0000000430800000| PB 0x0000000430800000| Untracked |  0
|  90|0x0000000431000000, 0x0000000431000000, 0x0000000431800000|  0%| F|  |TAMS 0x0000000431000000| PB 0x0000000431000000| Untracked |  0
|  91|0x0000000431800000, 0x0000000431800000, 0x0000000432000000|  0%| F|  |TAMS 0x0000000431800000| PB 0x0000000431800000| Untracked |  0
|  92|0x0000000432000000, 0x0000000432000000, 0x0000000432800000|  0%| F|  |TAMS 0x0000000432000000| PB 0x0000000432000000| Untracked |  0
|  93|0x0000000432800000, 0x0000000432800000, 0x0000000433000000|  0%| F|  |TAMS 0x0000000432800000| PB 0x0000000432800000| Untracked |  0
|  94|0x0000000433000000, 0x0000000433000000, 0x0000000433800000|  0%| F|  |TAMS 0x0000000433000000| PB 0x0000000433000000| Untracked |  0
|  95|0x0000000433800000, 0x0000000433800000, 0x0000000434000000|  0%| F|  |TAMS 0x0000000433800000| PB 0x0000000433800000| Untracked |  0
|  96|0x0000000434000000, 0x0000000434000000, 0x0000000434800000|  0%| F|  |TAMS 0x0000000434000000| PB 0x0000000434000000| Untracked |  0
|  97|0x0000000434800000, 0x0000000434800000, 0x0000000435000000|  0%| F|  |TAMS 0x0000000434800000| PB 0x0000000434800000| Untracked |  0
|  98|0x0000000435000000, 0x0000000435000000, 0x0000000435800000|  0%| F|  |TAMS 0x0000000435000000| PB 0x0000000435000000| Untracked |  0
|  99|0x0000000435800000, 0x0000000435800000, 0x0000000436000000|  0%| F|  |TAMS 0x0000000435800000| PB 0x0000000435800000| Untracked |  0
| 100|0x0000000436000000, 0x0000000436000000, 0x0000000436800000|  0%| F|  |TAMS 0x0000000436000000| PB 0x0000000436000000| Untracked |  0
| 101|0x0000000436800000, 0x0000000436800000, 0x0000000437000000|  0%| F|  |TAMS 0x0000000436800000| PB 0x0000000436800000| Untracked |  0
| 102|0x0000000437000000, 0x0000000437000000, 0x0000000437800000|  0%| F|  |TAMS 0x0000000437000000| PB 0x0000000437000000| Untracked |  0
| 103|0x0000000437800000, 0x0000000437800000, 0x0000000438000000|  0%| F|  |TAMS 0x0000000437800000| PB 0x0000000437800000| Untracked |  0
| 104|0x0000000438000000, 0x0000000438000000, 0x0000000438800000|  0%| F|  |TAMS 0x0000000438000000| PB 0x0000000438000000| Untracked |  0
| 105|0x0000000438800000, 0x0000000438800000, 0x0000000439000000|  0%| F|  |TAMS 0x0000000438800000| PB 0x0000000438800000| Untracked |  0
| 106|0x0000000439000000, 0x0000000439000000, 0x0000000439800000|  0%| F|  |TAMS 0x0000000439000000| PB 0x0000000439000000| Untracked |  0
| 107|0x0000000439800000, 0x0000000439800000, 0x000000043a000000|  0%| F|  |TAMS 0x0000000439800000| PB 0x0000000439800000| Untracked |  0
| 108|0x000000043a000000, 0x000000043a000000, 0x000000043a800000|  0%| F|  |TAMS 0x000000043a000000| PB 0x000000043a000000| Untracked |  0
| 109|0x000000043a800000, 0x000000043a800000, 0x000000043b000000|  0%| F|  |TAMS 0x000000043a800000| PB 0x000000043a800000| Untracked |  0
| 110|0x000000043b000000, 0x000000043b000000, 0x000000043b800000|  0%| F|  |TAMS 0x000000043b000000| PB 0x000000043b000000| Untracked |  0
| 111|0x000000043b800000, 0x000000043b800000, 0x000000043c000000|  0%| F|  |TAMS 0x000000043b800000| PB 0x000000043b800000| Untracked |  0
| 112|0x000000043c000000, 0x000000043c000000, 0x000000043c800000|  0%| F|  |TAMS 0x000000043c000000| PB 0x000000043c000000| Untracked |  0
| 113|0x000000043c800000, 0x000000043c800000, 0x000000043d000000|  0%| F|  |TAMS 0x000000043c800000| PB 0x000000043c800000| Untracked |  0
| 114|0x000000043d000000, 0x000000043d000000, 0x000000043d800000|  0%| F|  |TAMS 0x000000043d000000| PB 0x000000043d000000| Untracked |  0
| 115|0x000000043d800000, 0x000000043d800000, 0x000000043e000000|  0%| F|  |TAMS 0x000000043d800000| PB 0x000000043d800000| Untracked |  0
| 116|0x000000043e000000, 0x000000043e000000, 0x000000043e800000|  0%| F|  |TAMS 0x000000043e000000| PB 0x000000043e000000| Untracked |  0
| 117|0x000000043e800000, 0x000000043e800000, 0x000000043f000000|  0%| F|  |TAMS 0x000000043e800000| PB 0x000000043e800000| Untracked |  0
| 118|0x000000043f000000, 0x000000043f000000, 0x000000043f800000|  0%| F|  |TAMS 0x000000043f000000| PB 0x000000043f000000| Untracked |  0
| 119|0x000000043f800000, 0x000000043f800000, 0x0000000440000000|  0%| F|  |TAMS 0x000000043f800000| PB 0x000000043f800000| Untracked |  0
| 120|0x0000000440000000, 0x0000000440224e98, 0x0000000440800000| 26%| E|  |TAMS 0x0000000440000000| PB 0x0000000440000000| Complete |  0
| 121|0x0000000440800000, 0x0000000441000000, 0x0000000441000000|100%| E|  |TAMS 0x0000000440800000| PB 0x0000000440800000| Complete |  0
| 122|0x0000000441000000, 0x00000004412c9460, 0x0000000441800000| 34%| S|CS|TAMS 0x0000000441000000| PB 0x0000000441000000| Complete |  0
| 123|0x0000000441800000, 0x0000000442000000, 0x0000000442000000|100%| E|CS|TAMS 0x0000000441800000| PB 0x0000000441800000| Complete |  0
| 124|0x0000000442000000, 0x0000000442800000, 0x0000000442800000|100%| E|CS|TAMS 0x0000000442000000| PB 0x0000000442000000| Complete |  0
| 125|0x0000000442800000, 0x0000000443000000, 0x0000000443000000|100%| E|CS|TAMS 0x0000000442800000| PB 0x0000000442800000| Complete |  0
| 126|0x0000000443000000, 0x0000000443800000, 0x0000000443800000|100%| E|CS|TAMS 0x0000000443000000| PB 0x0000000443000000| Complete |  0
| 127|0x0000000443800000, 0x0000000444000000, 0x0000000444000000|100%| E|CS|TAMS 0x0000000443800000| PB 0x0000000443800000| Complete |  0

Card table byte_map: [0x0000022e29890000,0x0000022e2b870000] _byte_map_base: 0x0000022e27870000

Marking Bits: (CMBitMap*) 0x0000022e2772fab0
 Bits: [0x0000022e2b870000, 0x0000022e3b770000)

Polling page: 0x0000022e0ce30000

Metaspace:

Usage:
  Non-class:     17.87 MB used.
      Class:      1.64 MB used.
       Both:     19.51 MB used.

Virtual space:
  Non-class space:       64.00 MB reserved,      18.00 MB ( 28%) committed,  1 nodes.
      Class space:        1.00 GB reserved,       1.81 MB ( <1%) committed,  1 nodes.
             Both:        1.06 GB reserved,      19.81 MB (  2%) committed. 

Chunk freelists:
   Non-Class:  14.01 MB
       Class:  14.24 MB
        Both:  28.24 MB

MaxMetaspaceSize: unlimited
CompressedClassSpaceSize: 1.00 GB
Initial GC threshold: 21.00 MB
Current GC threshold: 21.00 MB
CDS: on
 - commit_granule_bytes: 65536.
 - commit_granule_words: 8192.
 - virtual_space_node_default_size: 8388608.
 - enlarge_chunks_in_place: 1.
 - use_allocation_guard: 0.


Internal statistics:

num_allocs_failed_limit: 0.
num_arena_births: 232.
num_arena_deaths: 0.
num_vsnodes_births: 2.
num_vsnodes_deaths: 0.
num_space_committed: 316.
num_space_uncommitted: 0.
num_chunks_returned_to_freelist: 0.
num_chunks_taken_from_freelist: 647.
num_chunk_merges: 0.
num_chunk_splits: 441.
num_chunks_enlarged: 309.
num_inconsistent_stats: 0.

CodeHeap 'non-profiled nmethods': size=119232Kb used=2091Kb max_used=2091Kb free=117140Kb
 bounds [0x0000022e1f250000, 0x0000022e1f4c0000, 0x0000022e266c0000]
CodeHeap 'profiled nmethods': size=119104Kb used=5525Kb max_used=5525Kb free=113578Kb
 bounds [0x0000022e176c0000, 0x0000022e17c30000, 0x0000022e1eb10000]
CodeHeap 'non-nmethods': size=7424Kb used=3498Kb max_used=3969Kb free=3925Kb
 bounds [0x0000022e1eb10000, 0x0000022e1ef40000, 0x0000022e1f250000]
CodeCache: size=245760Kb, used=11114Kb, max_used=11585Kb, free=234643Kb
 total_blobs=5156, nmethods=3873, adapters=1186, full_count=0
Compilation: enabled, stopped_count=0, restarted_count=0

Compilation events (20 events):
Event: 20.032 Thread 0x0000022e9f165320 3865       4       java.util.concurrent.locks.ReentrantLock::lock (8 bytes)
Event: 20.033 Thread 0x0000022e9d4a6760 3867       3       java.util.logging.LogManager$LoggerContext::ensureDefaultLogger (71 bytes)
Event: 20.033 Thread 0x0000022e85bc9810 3868   !   3       java.util.logging.Logger::doSetParent (167 bytes)
Event: 20.033 Thread 0x0000022e8011eab0 3869       1       java.util.logging.LogManager$LoggerWeakRef::setParentRef (6 bytes)
Event: 20.033 Thread 0x0000022e8011eab0 nmethod 3869 0x0000022e1f451e88 code [0x0000022e1f451fa0, 0x0000022e1f4520b8]
Event: 20.033 Thread 0x0000022e8011eab0 3870       3       java.awt.Component::getParent (5 bytes)
Event: 20.033 Thread 0x0000022e9f165320 nmethod 3865 0x0000022e1f452188 code [0x0000022e1f4522a0, 0x0000022e1f4524d0]
Event: 20.033 Thread 0x0000022e9d4a6760 nmethod 3867 0x0000022e17c21588 code [0x0000022e17c21720, 0x0000022e17c21da8]
Event: 20.033 Thread 0x0000022e8011eab0 nmethod 3870 0x0000022e17c21e88 code [0x0000022e17c21fa0, 0x0000022e17c220c8]
Event: 20.033 Thread 0x0000022e9f165320 3866       4       java.util.concurrent.locks.ReentrantLock::unlock (10 bytes)
Event: 20.034 Thread 0x0000022e8011eab0 3872   !   3       java.util.logging.LogManager$LoggerContext::findLogger (113 bytes)
Event: 20.034 Thread 0x0000022e85bc9810 nmethod 3868 0x0000022e17c22188 code [0x0000022e17c22460, 0x0000022e17c24030]
Event: 20.034 Thread 0x0000022e9d4a6760 3873       3       java.util.logging.LogManager::checkPermission (16 bytes)
Event: 20.034 Thread 0x0000022e9d4a6760 nmethod 3873 0x0000022e17c24108 code [0x0000022e17c24240, 0x0000022e17c24430]
Event: 20.034 Thread 0x0000022e8011eab0 nmethod 3872 0x0000022e17c24488 code [0x0000022e17c246a0, 0x0000022e17c256a8]
Event: 20.034 Thread 0x0000022e9f165320 nmethod 3866 0x0000022e1f452588 code [0x0000022e1f4526a0, 0x0000022e1f4528c0]
Event: 20.034 Thread 0x0000022e9f165320 3871       4       java.util.ArrayList$Itr::<init> (26 bytes)
Event: 20.035 Thread 0x0000022e9f165320 nmethod 3871 0x0000022e1f452f08 code [0x0000022e1f453000, 0x0000022e1f4531b8]
Event: 20.040 Thread 0x0000022e8011e000 nmethod 3692 0x0000022e1f453208 code [0x0000022e1f453660, 0x0000022e1f45acb0]
Event: 20.051 Thread 0x0000022e85bc74a0 


GC Heap History (4 events):
Event: 2.137 GC heap before
{Heap before GC invocations=0 (full 0):
 garbage-first heap   total reserved 16711680K, committed 1048576K, used 49152K [0x0000000404000000, 0x0000000800000000)
  region size 8192K, 6 young (49152K), 0 survivors (0K)
 Metaspace       used 13204K, committed 13376K, reserved 1114112K
  class space    used 1005K, committed 1088K, reserved 1048576K
}
Event: 2.141 GC heap after
{Heap after GC invocations=1 (full 0):
 garbage-first heap   total reserved 16711680K, committed 1048576K, used 9166K [0x0000000404000000, 0x0000000800000000)
  region size 8192K, 1 young (8192K), 1 survivors (8192K)
 Metaspace       used 13204K, committed 13376K, reserved 1114112K
  class space    used 1005K, committed 1088K, reserved 1048576K
}
Event: 2.350 GC heap before
{Heap before GC invocations=1 (full 0):
 garbage-first heap   total reserved 16711680K, committed 1048576K, used 50126K [0x0000000404000000, 0x0000000800000000)
  region size 8192K, 6 young (49152K), 1 survivors (8192K)
 Metaspace       used 14071K, committed 14336K, reserved 1114112K
  class space    used 1057K, committed 1152K, reserved 1048576K
}
Event: 2.353 GC heap after
{Heap after GC invocations=2 (full 0):
 garbage-first heap   total reserved 16711680K, committed 1048576K, used 10078K [0x0000000404000000, 0x0000000800000000)
  region size 8192K, 1 young (8192K), 1 survivors (8192K)
 Metaspace       used 14071K, committed 14336K, reserved 1114112K
  class space    used 1057K, committed 1152K, reserved 1048576K
}

Dll operation events (13 events):
Event: 0.005 Loaded shared library E:\Program Files\jdk23\bin\java.dll
Event: 0.026 Loaded shared library E:\Program Files\jdk23\bin\jsvml.dll
Event: 0.077 Loaded shared library E:\Program Files\jdk23\bin\net.dll
Event: 0.078 Loaded shared library E:\Program Files\jdk23\bin\nio.dll
Event: 0.080 Loaded shared library E:\Program Files\jdk23\bin\zip.dll
Event: 0.099 Loaded shared library E:\Program Files\jdk23\bin\jimage.dll
Event: 0.174 Loaded shared library E:\CSProject2024\bulletjme.dll
Event: 0.206 Loaded shared library C:\Users\Tsawke\AppData\Local\Temp\lwjglTsawke\3.2.3-build-13\lwjgl.dll
Event: 1.405 Loaded shared library C:\Users\Tsawke\AppData\Local\Temp\lwjglTsawke\3.2.3-build-13\lwjgl_opengl.dll
Event: 1.811 Loaded shared library E:\Program Files\jdk23\bin\awt.dll
Event: 2.120 Loaded shared library E:\Program Files\jdk23\bin\javajpeg.dll
Event: 20.001 Loaded shared library E:\Program Files\jdk23\bin\freetype.dll
Event: 20.001 Loaded shared library E:\Program Files\jdk23\bin\fontmanager.dll

Deoptimization events (20 events):
Event: 20.013 Thread 0x0000022e0efa9770 Uncommon trap: trap_request=0xffffffc6 fr.pc=0x0000022e1f2dcc1c relative=0x000000000000097c
Event: 20.013 Thread 0x0000022e0efa9770 Uncommon trap: reason=bimorphic_or_optimized_type_check action=maybe_recompile pc=0x0000022e1f2dcc1c method=java.nio.charset.CharsetDecoder.decode(Ljava/nio/ByteBuffer;Ljava/nio/CharBuffer;Z)Ljava/nio/charset/CoderResult; @ 57 c2
Event: 20.013 Thread 0x0000022e0efa9770 DEOPT PACKING pc=0x0000022e1f2dcc1c sp=0x0000004924afdc70
Event: 20.013 Thread 0x0000022e0efa9770 DEOPT UNPACKING pc=0x0000022e1eb64402 sp=0x0000004924afdc48 mode 2
Event: 20.013 Thread 0x0000022e0efa9770 Uncommon trap: trap_request=0xffffffde fr.pc=0x0000022e1f33f0ac relative=0x000000000000138c
Event: 20.013 Thread 0x0000022e0efa9770 Uncommon trap: reason=class_check action=maybe_recompile pc=0x0000022e1f33f0ac method=java.lang.String.<init>(Ljava/nio/charset/Charset;[BII)V @ 509 c2
Event: 20.013 Thread 0x0000022e0efa9770 DEOPT PACKING pc=0x0000022e1f33f0ac sp=0x0000004924afdd90
Event: 20.013 Thread 0x0000022e0efa9770 DEOPT UNPACKING pc=0x0000022e1eb64402 sp=0x0000004924afdd80 mode 2
Event: 20.013 Thread 0x0000022e0efa9770 Uncommon trap: trap_request=0xffffffc6 fr.pc=0x0000022e1f2dcc1c relative=0x000000000000097c
Event: 20.014 Thread 0x0000022e0efa9770 Uncommon trap: reason=bimorphic_or_optimized_type_check action=maybe_recompile pc=0x0000022e1f2dcc1c method=java.nio.charset.CharsetDecoder.decode(Ljava/nio/ByteBuffer;Ljava/nio/CharBuffer;Z)Ljava/nio/charset/CoderResult; @ 57 c2
Event: 20.014 Thread 0x0000022e0efa9770 DEOPT PACKING pc=0x0000022e1f2dcc1c sp=0x0000004924afdc70
Event: 20.014 Thread 0x0000022e0efa9770 DEOPT UNPACKING pc=0x0000022e1eb64402 sp=0x0000004924afdc48 mode 2
Event: 20.014 Thread 0x0000022e0efa9770 Uncommon trap: trap_request=0xffffffde fr.pc=0x0000022e1f33f0ac relative=0x000000000000138c
Event: 20.014 Thread 0x0000022e0efa9770 Uncommon trap: reason=class_check action=maybe_recompile pc=0x0000022e1f33f0ac method=java.lang.String.<init>(Ljava/nio/charset/Charset;[BII)V @ 509 c2
Event: 20.014 Thread 0x0000022e0efa9770 DEOPT PACKING pc=0x0000022e1f33f0ac sp=0x0000004924afdd90
Event: 20.014 Thread 0x0000022e0efa9770 DEOPT UNPACKING pc=0x0000022e1eb64402 sp=0x0000004924afdd80 mode 2
Event: 20.014 Thread 0x0000022e0efa9770 Uncommon trap: trap_request=0xffffffc6 fr.pc=0x0000022e1f2dcc1c relative=0x000000000000097c
Event: 20.014 Thread 0x0000022e0efa9770 Uncommon trap: reason=bimorphic_or_optimized_type_check action=maybe_recompile pc=0x0000022e1f2dcc1c method=java.nio.charset.CharsetDecoder.decode(Ljava/nio/ByteBuffer;Ljava/nio/CharBuffer;Z)Ljava/nio/charset/CoderResult; @ 57 c2
Event: 20.014 Thread 0x0000022e0efa9770 DEOPT PACKING pc=0x0000022e1f2dcc1c sp=0x0000004924afdc70
Event: 20.014 Thread 0x0000022e0efa9770 DEOPT UNPACKING pc=0x0000022e1eb64402 sp=0x0000004924afdc48 mode 2

Classes loaded (20 events):
Event: 20.032 Loading class sun/awt/windows/WGlobalCursorManager
Event: 20.032 Loading class sun/awt/GlobalCursorManager
Event: 20.032 Loading class sun/awt/GlobalCursorManager done
Event: 20.032 Loading class sun/awt/windows/WGlobalCursorManager done
Event: 20.032 Loading class sun/awt/GlobalCursorManager$NativeUpdater
Event: 20.032 Loading class sun/awt/GlobalCursorManager$NativeUpdater done
Event: 20.032 Loading class sun/awt/event/IgnorePaintEvent
Event: 20.032 Loading class sun/awt/event/IgnorePaintEvent done
Event: 20.033 Loading class sun/awt/WeakIdentityHashMap$WeakKey
Event: 20.033 Loading class sun/awt/WeakIdentityHashMap$WeakKey done
Event: 20.033 Loading class java/util/ArrayList$ListItr
Event: 20.033 Loading class java/util/ArrayList$ListItr done
Event: 20.033 Loading class sun/awt/KeyboardFocusManagerPeerImpl$KfmAccessor
Event: 20.033 Loading class sun/awt/KeyboardFocusManagerPeerImpl$KfmAccessor done
Event: 20.034 Loading class java/awt/KeyboardFocusManager$HeavyweightFocusRequest
Event: 20.034 Loading class java/awt/KeyboardFocusManager$HeavyweightFocusRequest done
Event: 20.034 Loading class java/awt/DefaultKeyboardFocusManager$TypeAheadMarker
Event: 20.034 Loading class java/awt/DefaultKeyboardFocusManager$TypeAheadMarker done
Event: 20.034 Loading class java/awt/KeyboardFocusManager$LightweightFocusRequest
Event: 20.034 Loading class java/awt/KeyboardFocusManager$LightweightFocusRequest done

Classes unloaded (0 events):
No events

Classes redefined (0 events):
No events

Internal exceptions (20 events):
Event: 1.837 Thread 0x0000022e0efa9770 Exception <a 'sun/nio/fs/WindowsException'{0x0000000441c423e8}> (0x0000000441c423e8) 
thrown [s\open\src\hotspot\share\prims\jni.cpp, line 520]
Event: 2.058 Thread 0x0000022e0efa9770 Exception <a 'java/lang/ClassNotFoundException'{0x0000000441f3e648}: sun/awt/resources/spi/awtProvider> (0x0000000441f3e648) 
thrown [s\open\src\hotspot\share\classfile\systemDictionary.cpp, line 313]
Event: 2.059 Thread 0x0000022e0efa9770 Exception <a 'java/io/FileNotFoundException'{0x0000000441f45970}> (0x0000000441f45970) 
thrown [s\open\src\hotspot\share\prims\jni.cpp, line 520]
Event: 2.061 Thread 0x0000022e0efa9770 Exception <a 'java/io/FileNotFoundException'{0x0000000441f6fed0}> (0x0000000441f6fed0) 
thrown [s\open\src\hotspot\share\prims\jni.cpp, line 520]
Event: 2.267 Thread 0x0000022e0efa9770 Exception <a 'java/lang/NoSuchMethodError'{0x0000000442a8cea0}: 'java.lang.Object java.lang.invoke.DirectMethodHandle$Holder.newInvokeSpecial(java.lang.Object, java.lang.Object, java.lang.Object, java.lang.Object, java.lang.Object, java.lang.Object, java.lang.Object)'> (0x0000000442a8cea0) 
thrown [s\open\src\hotspot\share\interpreter\linkResolver.cpp, line 796]
Event: 2.388 Thread 0x0000022e0efa9770 Exception <a 'java/lang/NoSuchMethodError'{0x0000000443597790}: 'void java.lang.invoke.DirectMethodHandle$Holder.invokeSpecial(java.lang.Object, java.lang.Object, int)'> (0x0000000443597790) 
thrown [s\open\src\hotspot\share\interpreter\linkResolver.cpp, line 796]
Event: 4.554 Thread 0x0000022e0efa9770 Implicit null exception at 0x0000022e1f3ba97d to 0x0000022e1f3c3f0c
Event: 13.847 Thread 0x0000022e0efa9770 Implicit null exception at 0x0000022e1f42b398 to 0x0000022e1f42c13c
Event: 13.847 Thread 0x0000022e0efa9770 Implicit null exception at 0x0000022e1f42b398 to 0x0000022e1f42c13c
Event: 13.847 Thread 0x0000022e0efa9770 Implicit null exception at 0x0000022e1f42b398 to 0x0000022e1f42c13c
Event: 13.857 Thread 0x0000022e0efa9770 Implicit null exception at 0x0000022e1f42b398 to 0x0000022e1f42c13c
Event: 19.951 Thread 0x0000022e0efa9770 Exception <a 'java/lang/NoSuchMethodError'{0x0000000441e6df70}: 'java.lang.Object java.lang.invoke.DirectMethodHandle$Holder.invokeStatic(java.lang.Object, int, java.lang.Object)'> (0x0000000441e6df70) 
thrown [s\open\src\hotspot\share\interpreter\linkResolver.cpp, line 796]
Event: 19.957 Thread 0x0000022e0efa9770 Exception <a 'java/lang/ClassNotFoundException'{0x0000000441f3b798}: com/sun/swing/internal/plaf/metal/resources/spi/metalProvider> (0x0000000441f3b798) 
thrown [s\open\src\hotspot\share\classfile\systemDictionary.cpp, line 313]
Event: 19.957 Thread 0x0000022e0efa9770 Exception <a 'java/lang/ClassNotFoundException'{0x0000000441f41790}: com/sun/swing/internal/plaf/basic/resources/spi/basicProvider> (0x0000000441f41790) 
thrown [s\open\src\hotspot\share\classfile\systemDictionary.cpp, line 313]
Event: 19.961 Thread 0x0000022e0efa9770 Exception <a 'java/lang/NoSuchMethodError'{0x0000000441f628d8}: 'int java.lang.invoke.Invokers$Holder.invokeExact_MT(java.lang.Object, java.lang.Object)'> (0x0000000441f628d8) 
thrown [s\open\src\hotspot\share\interpreter\linkResolver.cpp, line 796]
Event: 19.962 Thread 0x0000022e0efa9770 Exception <a 'java/lang/NoSuchMethodError'{0x0000000441f68d28}: 'void java.lang.invoke.DirectMethodHandle$Holder.invokeStatic(java.lang.Object, java.lang.Object, java.lang.Object, int)'> (0x0000000441f68d28) 
thrown [s\open\src\hotspot\share\interpreter\linkResolver.cpp, line 796]
Event: 19.966 Thread 0x0000022e9ee5a790 Exception <a 'java/lang/NoSuchMethodError'{0x0000000441fa02e8}: 'java.lang.Object java.lang.invoke.DirectMethodHandle$Holder.newInvokeSpecial(java.lang.Object, java.lang.Object, java.lang.Object, int, int, int, int, int)'> (0x0000000441fa02e8) 
thrown [s\open\src\hotspot\share\interpreter\linkResolver.cpp, line 796]
Event: 19.976 Thread 0x0000022e0efa9770 Exception <a 'java/lang/NoSuchMethodError'{0x0000000441f7d1e8}: 'java.lang.Object java.lang.invoke.DirectMethodHandle$Holder.newInvokeSpecial(java.lang.Object, java.lang.Object, int)'> (0x0000000441f7d1e8) 
thrown [s\open\src\hotspot\share\interpreter\linkResolver.cpp, line 796]
Event: 20.003 Thread 0x0000022e0efa9770 Exception <a 'java/io/FileNotFoundException'{0x0000000440f030f8}> (0x0000000440f030f8) 
thrown [s\open\src\hotspot\share\prims\jni.cpp, line 520]
Event: 20.032 Thread 0x0000022e9ee579a0 Exception <a 'java/lang/NoSuchMethodError'{0x0000000441eb7d30}: 'void java.lang.invoke.DirectMethodHandle$Holder.invokeVirtual(java.lang.Object, java.lang.Object)'> (0x0000000441eb7d30) 
thrown [s\open\src\hotspot\share\interpreter\linkResolver.cpp, line 796]

VM Operations (20 events):
Event: 2.350 Executing VM operation: G1CollectForAllocation (G1 Evacuation Pause)
Event: 2.353 Executing VM operation: G1CollectForAllocation (G1 Evacuation Pause) done
Event: 2.378 Executing VM operation: HandshakeAllThreads (Deoptimize)
Event: 2.378 Executing VM operation: HandshakeAllThreads (Deoptimize) done
Event: 2.378 Executing VM operation: HandshakeAllThreads (Deoptimize)
Event: 2.378 Executing VM operation: HandshakeAllThreads (Deoptimize) done
Event: 19.943 Executing VM operation: HandshakeAllThreads (Deoptimize)
Event: 19.943 Executing VM operation: HandshakeAllThreads (Deoptimize) done
Event: 19.943 Executing VM operation: HandshakeAllThreads (Deoptimize)
Event: 19.943 Executing VM operation: HandshakeAllThreads (Deoptimize) done
Event: 20.012 Executing VM operation: HandshakeAllThreads (Deoptimize)
Event: 20.012 Executing VM operation: HandshakeAllThreads (Deoptimize) done
Event: 20.012 Executing VM operation: HandshakeAllThreads (Deoptimize)
Event: 20.012 Executing VM operation: HandshakeAllThreads (Deoptimize) done
Event: 20.013 Executing VM operation: HandshakeAllThreads (Deoptimize)
Event: 20.013 Executing VM operation: HandshakeAllThreads (Deoptimize) done
Event: 20.013 Executing VM operation: HandshakeAllThreads (Deoptimize)
Event: 20.013 Executing VM operation: HandshakeAllThreads (Deoptimize) done
Event: 20.033 Executing VM operation: HandshakeAllThreads (Deoptimize)
Event: 20.033 Executing VM operation: HandshakeAllThreads (Deoptimize) done

Memory protections (0 events):
No events

Nmethod flushes (0 events):
No events

Events (20 events):
Event: 12.357 Thread 0x0000022e8011eab0 Thread added: 0x0000022e9ed09440
Event: 12.873 Thread 0x0000022e9ed09440 Thread exited: 0x0000022e9ed09440
Event: 13.660 Thread 0x0000022e9db587b0 Thread exited: 0x0000022e9db587b0
Event: 13.660 Thread 0x0000022e9db570d0 Thread exited: 0x0000022e9db570d0
Event: 19.839 Thread 0x0000022e0efa9770 Thread added: 0x0000022e9ee5a100
Event: 19.840 Thread 0x0000022e0efa9770 Thread added: 0x0000022e9ee579a0
Event: 19.965 Thread 0x0000022e0efa9770 Thread added: 0x0000022e9ee5a790
Event: 19.973 Thread 0x0000022e8011eab0 Thread added: 0x0000022e85bc9810
Event: 19.993 Thread 0x0000022e9ee579a0 Thread added: 0x0000022e9ee58030
Event: 19.998 Thread 0x0000022e8011eab0 Thread added: 0x0000022e85bc74a0
Event: 20.011 Thread 0x0000022e85bc9810 Thread added: 0x0000022e9f165320
Event: 20.015 Thread 0x0000022e85bc9810 Thread added: 0x0000022e9d4a6760
Event: 20.033 Thread 0x0000022e0efa9770 Thread added: 0x0000022e9ee586c0
Event: 20.033 Thread 0x0000022e0efa9770 Thread added: 0x0000022e9ee57310
Event: 20.033 Thread 0x0000022e0efa9770 Thread added: 0x0000022e9ee58d50
Event: 20.034 Thread 0x0000022e9ee57310 Thread exited: 0x0000022e9ee57310
Event: 20.034 Thread 0x0000022e9ee58d50 Thread exited: 0x0000022e9ee58d50
Event: 20.042 Thread 0x0000022e9ee579a0 Thread exited: 0x0000022e9ee579a0
Event: 20.135 Thread 0x0000022e9ee586c0 Thread exited: 0x0000022e9ee586c0
Event: 20.135 Thread 0x0000022e0efa9770 Before exit entered


Dynamic libraries:
0x00007ff7fc900000 - 0x00007ff7fc910000 	E:\Program Files\jdk23\bin\java.exe
0x00007fff39430000 - 0x00007fff39647000 	C:\Windows\SYSTEM32\ntdll.dll
0x00007fff37790000 - 0x00007fff37854000 	C:\Windows\System32\KERNEL32.DLL
0x00007fff36870000 - 0x00007fff36c2a000 	C:\Windows\System32\KERNELBASE.dll
0x00007fff36ef0000 - 0x00007fff37001000 	C:\Windows\System32\ucrtbase.dll
0x00007ffeda730000 - 0x00007ffeda74b000 	E:\Program Files\jdk23\bin\VCRUNTIME140.dll
0x00007fff2c7d0000 - 0x00007fff2c7e7000 	E:\Program Files\jdk23\bin\jli.dll
0x00007fff38240000 - 0x00007fff383ee000 	C:\Windows\System32\USER32.dll
0x00007fff36cb0000 - 0x00007fff36cd6000 	C:\Windows\System32\win32u.dll
0x00007fff14040000 - 0x00007fff142d2000 	C:\Windows\WinSxS\amd64_microsoft.windows.common-controls_6595b64144ccf1df_6.0.22621.4541_none_2710d1c57384c085\COMCTL32.dll
0x00007fff38f60000 - 0x00007fff38f89000 	C:\Windows\System32\GDI32.dll
0x00007fff37010000 - 0x00007fff3712b000 	C:\Windows\System32\gdi32full.dll
0x00007fff372b0000 - 0x00007fff37357000 	C:\Windows\System32\msvcrt.dll
0x00007fff36e50000 - 0x00007fff36eea000 	C:\Windows\System32\msvcp_win.dll
0x00007fff391a0000 - 0x00007fff391d1000 	C:\Windows\System32\IMM32.DLL
0x00007fff2e5c0000 - 0x00007fff2e5cc000 	E:\Program Files\jdk23\bin\vcruntime140_1.dll
0x00007ffe4b030000 - 0x00007ffe4b0be000 	E:\Program Files\jdk23\bin\msvcp140.dll
0x00007ffe46070000 - 0x00007ffe46dbf000 	E:\Program Files\jdk23\bin\server\jvm.dll
0x00007fff385a0000 - 0x00007fff38652000 	C:\Windows\System32\ADVAPI32.dll
0x00007fff38e70000 - 0x00007fff38f17000 	C:\Windows\System32\sechost.dll
0x00007fff36e20000 - 0x00007fff36e48000 	C:\Windows\System32\bcrypt.dll
0x00007fff37190000 - 0x00007fff372a4000 	C:\Windows\System32\RPCRT4.dll
0x00007fff39370000 - 0x00007fff393e1000 	C:\Windows\System32\WS2_32.dll
0x00007fff35590000 - 0x00007fff355dd000 	C:\Windows\SYSTEM32\POWRPROF.dll
0x00007fff31110000 - 0x00007fff31144000 	C:\Windows\SYSTEM32\WINMM.dll
0x00007fff2ea10000 - 0x00007fff2ea1a000 	C:\Windows\SYSTEM32\VERSION.dll
0x00007fff35570000 - 0x00007fff35583000 	C:\Windows\SYSTEM32\UMPDC.dll
0x00007fff35830000 - 0x00007fff35848000 	C:\Windows\SYSTEM32\kernel.appcore.dll
0x00007fff12ee0000 - 0x00007fff12eea000 	E:\Program Files\jdk23\bin\jimage.dll
0x00007fff340f0000 - 0x00007fff34322000 	C:\Windows\SYSTEM32\DBGHELP.DLL
0x00007fff38ae0000 - 0x00007fff38e6f000 	C:\Windows\System32\combase.dll
0x00007fff38fb0000 - 0x00007fff39087000 	C:\Windows\System32\OLEAUT32.dll
0x00007fff2dac0000 - 0x00007fff2daf2000 	C:\Windows\SYSTEM32\dbgcore.DLL
0x00007fff36c30000 - 0x00007fff36cab000 	C:\Windows\System32\bcryptPrimitives.dll
0x00007fff1e910000 - 0x00007fff1e94c000 	E:\Program Files\jdk23\bin\jdwp.dll
0x00007ffed58f0000 - 0x00007ffed590e000 	E:\Program Files\jdk23\bin\java.dll
0x00007fff383f0000 - 0x00007fff38595000 	C:\Windows\System32\ole32.dll
0x00007fff379c0000 - 0x00007fff38238000 	C:\Windows\System32\SHELL32.dll
0x00007fff34650000 - 0x00007fff34f58000 	C:\Windows\SYSTEM32\windows.storage.dll
0x00007fff34510000 - 0x00007fff3464f000 	C:\Windows\SYSTEM32\wintypes.dll
0x00007fff378b0000 - 0x00007fff379aa000 	C:\Windows\System32\SHCORE.dll
0x00007fff39090000 - 0x00007fff390ee000 	C:\Windows\System32\shlwapi.dll
0x00007fff36630000 - 0x00007fff3665b000 	C:\Windows\SYSTEM32\profapi.dll
0x00007ffe678d0000 - 0x00007ffe679a7000 	E:\Program Files\jdk23\bin\jsvml.dll
0x00007fff31320000 - 0x00007fff3132c000 	E:\Program Files\jdk23\bin\dt_socket.dll
0x00007fff35230000 - 0x00007fff3525d000 	C:\Windows\SYSTEM32\IPHLPAPI.DLL
0x00007fff35cb0000 - 0x00007fff35d19000 	C:\Windows\system32\mswsock.dll
0x00007fff352a0000 - 0x00007fff353a2000 	C:\Windows\SYSTEM32\DNSAPI.dll
0x00007fff38f40000 - 0x00007fff38f49000 	C:\Windows\System32\NSI.dll
0x00007fff2e600000 - 0x00007fff2e60a000 	C:\Windows\System32\rasadhlp.dll
0x00007fff2ea20000 - 0x00007fff2eaa3000 	C:\Windows\System32\fwpuclnt.dll
0x00007fff121f0000 - 0x00007fff12200000 	E:\Program Files\jdk23\bin\net.dll
0x00007ffece220000 - 0x00007ffece236000 	E:\Program Files\jdk23\bin\nio.dll
0x00007ffecd8f0000 - 0x00007ffecd907000 	E:\Program Files\jdk23\bin\zip.dll
0x00007ffecc4c0000 - 0x00007ffecc71d000 	E:\CSProject2024\bulletjme.dll
0x00007fff1e1c0000 - 0x00007fff1e224000 	C:\Users\Tsawke\AppData\Local\Temp\lwjglTsawke\3.2.3-build-13\lwjgl.dll
0x00007ffecbb80000 - 0x00007ffecbdd3000 	C:\Users\Tsawke\AppData\Local\Temp\lwjglTsawke\3.2.3-build-13\jemalloc.dll
0x00007fff1e150000 - 0x00007fff1e1b2000 	C:\Users\Tsawke\AppData\Local\Temp\lwjglTsawke\3.2.3-build-13\glfw.dll
0x00007fff33680000 - 0x00007fff33731000 	C:\Windows\system32\uxtheme.dll
0x00007ffea7860000 - 0x00007ffea78a6000 	C:\Windows\SYSTEM32\dinput8.dll
0x00007fff2c790000 - 0x00007fff2c7a1000 	C:\Windows\SYSTEM32\xinput1_4.dll
0x00007fff363f0000 - 0x00007fff3643e000 	C:\Windows\SYSTEM32\cfgmgr32.dll
0x00007fff363c0000 - 0x00007fff363ec000 	C:\Windows\SYSTEM32\DEVOBJ.dll
0x00007fff33910000 - 0x00007fff3393b000 	C:\Windows\SYSTEM32\dwmapi.dll
0x00007fff1ba90000 - 0x00007fff1bca4000 	C:\Windows\SYSTEM32\inputhost.dll
0x00007fff30980000 - 0x00007fff30ab3000 	C:\Windows\SYSTEM32\CoreMessaging.dll
0x00007fff35f20000 - 0x00007fff35f2c000 	C:\Windows\SYSTEM32\CRYPTBASE.DLL
0x00007fff37520000 - 0x00007fff37681000 	C:\Windows\System32\MSCTF.dll
0x00007fff34f60000 - 0x00007fff34f6e000 	C:\Windows\SYSTEM32\HID.DLL
0x00007fff38660000 - 0x00007fff38ad4000 	C:\Windows\System32\SETUPAPI.DLL
0x00007fff36da0000 - 0x00007fff36e12000 	C:\Windows\System32\WINTRUST.dll
0x00007fff36700000 - 0x00007fff36866000 	C:\Windows\System32\CRYPT32.dll
0x00007fff35f60000 - 0x00007fff35f72000 	C:\Windows\SYSTEM32\MSASN1.dll
0x00007fff00350000 - 0x00007fff00450000 	C:\Windows\SYSTEM32\opengl32.dll
0x00007fff180b0000 - 0x00007fff180dd000 	C:\Windows\SYSTEM32\GLU32.dll
0x00007fff33980000 - 0x00007fff339b7000 	C:\Windows\SYSTEM32\dxcore.dll
0x00007fff390f0000 - 0x00007fff391a0000 	C:\Windows\System32\clbcatq.dll
0x00007ffe90c80000 - 0x00007ffe932b8000 	C:\Windows\System32\DriverStore\FileRepository\nv_dispi.inf_amd64_adf5a840df867035\nvoglv64.dll
0x00007fff355e0000 - 0x00007fff355f4000 	C:\Windows\SYSTEM32\WTSAPI32.dll
0x00007fff2e0f0000 - 0x00007fff2e122000 	C:\Windows\SYSTEM32\cryptnet.dll
0x00007fff35fd0000 - 0x00007fff3601c000 	C:\Windows\SYSTEM32\wldp.dll
0x00007fff2df30000 - 0x00007fff2e092000 	C:\Windows\SYSTEM32\drvstore.dll
0x00007fff35940000 - 0x00007fff35974000 	C:\Windows\SYSTEM32\ntmarta.dll
0x00007fff38f90000 - 0x00007fff38faf000 	C:\Windows\System32\imagehlp.dll
0x00007fff35f00000 - 0x00007fff35f1b000 	C:\Windows\SYSTEM32\CRYPTSP.dll
0x00007fff35790000 - 0x00007fff357c5000 	C:\Windows\system32\rsaenh.dll
0x00007fff25b10000 - 0x00007fff28820000 	C:\Windows\System32\DriverStore\FileRepository\nv_dispi.inf_amd64_adf5a840df867035\nvgpucomp64.dll
0x00007fff1f9e0000 - 0x00007fff1fcdb000 	C:\Windows\system32\nvspcap64.dll
0x00007fff351b0000 - 0x00007fff35216000 	C:\Windows\SYSTEM32\WINSTA.dll
0x00007fff1b940000 - 0x00007fff1ba85000 	C:\Windows\SYSTEM32\textinputframework.dll
0x00007fff0dad0000 - 0x00007fff0db29000 	C:\Users\Tsawke\AppData\Local\Temp\lwjglTsawke\3.2.3-build-13\lwjgl_opengl.dll
0x00007ffe45ee0000 - 0x00007ffe4606e000 	E:\Program Files\jdk23\bin\awt.dll
0x00007fff30ee0000 - 0x00007fff30f77000 	C:\Windows\SYSTEM32\apphelp.dll
0x00007ffe64ef0000 - 0x00007ffe64ffb000 	C:\Users\Tsawke\AppData\Local\Temp\lwjglTsawke\3.2.3-build-13\OpenAL.dll
0x00007fff2d890000 - 0x00007fff2d92e000 	C:\Windows\System32\MMDevApi.dll
0x00007fff12cb0000 - 0x00007fff12e9e000 	C:\Windows\SYSTEM32\AUDIOSES.DLL
0x00007fff33c30000 - 0x00007fff33c45000 	C:\Windows\SYSTEM32\resourcepolicyclient.dll
0x00007fff12890000 - 0x00007fff128be000 	E:\Program Files\jdk23\bin\javajpeg.dll
0x00007fff28820000 - 0x00007fff28b8d000 	C:\Windows\SYSTEM32\CoreUIComponents.dll
0x00007fff35d40000 - 0x00007fff35d66000 	C:\Windows\SYSTEM32\gpapi.dll
0x00007fff1f7e0000 - 0x00007fff1f935000 	C:\Windows\System32\DriverStore\FileRepository\nv_dispi.inf_amd64_adf5a840df867035\nvppex.dll
0x00007ffe4d550000 - 0x00007ffe4d5d7000 	E:\Program Files\jdk23\bin\freetype.dll
0x00007ffe44e70000 - 0x00007ffe44f47000 	E:\Program Files\jdk23\bin\fontmanager.dll

dbghelp: loaded successfully - version: 4.0.5 - missing functions: none
symbol engine: initialized successfully - sym options: 0x614 - pdb path: .;E:\Program Files\jdk23\bin;C:\Windows\SYSTEM32;C:\Windows\WinSxS\amd64_microsoft.windows.common-controls_6595b64144ccf1df_6.0.22621.4541_none_2710d1c57384c085;E:\Program Files\jdk23\bin\server;E:\CSProject2024;C:\Users\Tsawke\AppData\Local\Temp\lwjglTsawke\3.2.3-build-13;C:\Windows\System32\DriverStore\FileRepository\nv_dispi.inf_amd64_adf5a840df867035

VM Arguments:
jvm_args: -agentlib:jdwp=transport=dt_socket,server=n,suspend=y,address=localhost:6695 -XX:+ShowCodeDetailsInExceptionMessages 
java_command: com.csproject.jMEMain
java_class_path (initial): E:\CSProject2024\csproject\target\classes;C:\Users\Tsawke\.m2\repository\com\formdev\flatlaf\3.5.2\flatlaf-3.5.2.jar;C:\Users\Tsawke\.m2\repository\org\apache\commons\commons-lang3\3.12.0\commons-lang3-3.12.0.jar;C:\Users\Tsawke\.m2\repository\com\h2database\h2\1.4.200\h2-1.4.200.jar;C:\Users\Tsawke\.m2\repository\junit\junit\4.12\junit-4.12.jar;C:\Users\Tsawke\.m2\repository\org\hamcrest\hamcrest-core\1.3\hamcrest-core-1.3.jar;C:\Users\Tsawke\.m2\repository\org\junit\jupiter\junit-jupiter\5.9.3\junit-jupiter-5.9.3.jar;C:\Users\Tsawke\.m2\repository\org\junit\jupiter\junit-jupiter-api\5.9.3\junit-jupiter-api-5.9.3.jar;C:\Users\Tsawke\.m2\repository\org\opentest4j\opentest4j\1.2.0\opentest4j-1.2.0.jar;C:\Users\Tsawke\.m2\repository\org\junit\platform\junit-platform-commons\1.9.3\junit-platform-commons-1.9.3.jar;C:\Users\Tsawke\.m2\repository\org\apiguardian\apiguardian-api\1.1.2\apiguardian-api-1.1.2.jar;C:\Users\Tsawke\.m2\repository\org\junit\jupiter\junit-jupiter-params\5.9.3\junit-jupiter-params-5.9.3.jar;C:\Users\Tsawke\.m2\repository\org\junit\jupiter\junit-jupiter-engine\5.9.3\junit-jupiter-engine-5.9.3.jar;C:\Users\Tsawke\.m2\repository\org\junit\platform\junit-platform-engine\1.9.3\junit-platform-engine-1.9.3.jar;C:\Users\Tsawke\.m2\repository\commons-codec\commons-codec\1.15\commons-codec-1.15.jar;C:\Users\Tsawke\.m2\repository\commons-beanutils\commons-beanutils\1.9.4\commons-beanutils-1.9.4.jar;C:\Users\Tsawke\.m2\repository\commons-logging\commons-logging\1.2\commons-logging-1.2.jar;C:\Users\Tsawke\.m2\repository\commons-collections\commons-collections\3.2.2\commons-collections-3.2.2.jar;C:\Users\Tsawke\.m2\repository\org\jmonkeyengine\jme3-core\3.3.0-stable\jme3-core-3.3.0-stable.jar;C:\Users\Tsawke\.m2\repository\org\jmonkeyengine\jme3-desktop\3.3.0-stable\jme3-desktop-3.3.0-stable.jar;C:\Users\Tsawke\.m2\repository\org\jmonkeyengine\jme3-lwjgl3\3.3.0-stable\jme3-lwjgl3-3.3.0-stable.jar;C:\Users\Tsawke\.m2\repository\org\lwjgl\lwjgl\3.2.3\lwjgl-3.2.3.jar;C:\Users\Tsawke\.m2\repository\org\lwjgl\lwjgl-glfw\3.2.3\lwjgl-glfw-3.2.3.jar;C:\Users\Tsawke\.m2\repository\org\lwjgl\lwjgl-jemalloc\3.2.3\lwjgl-jemalloc-3.2.3.jar;C:\Users\Tsawke\.m2\repository\org\lwjgl\lwjgl-openal\3.2.3\lwjgl-openal-3.2.3.jar;C:\Users\Tsawke\.m2\repository\org\lwjgl\lwjgl-opencl\3.2.3\lwjgl-opencl-3.2.3.jar;C:\Users\Tsawke\.m2\repository\org\lwjgl\lwjgl-opengl\3.2.3\lwjgl-opengl-3.2.3.jar;C:\Users\Tsawke\.m2\repository\org\lwjgl\lwjgl\3.2.3\lwjgl-3.2.3-natives-windows.jar;C:\Users\Tsawke\.m2\repository\org\lwjgl\lwjgl\3.2.3\lwjgl-3.2.3-natives-linux.jar;C:\Users\Tsawke\.m2\repository\org\lwjgl\lwjgl\3.2.3\lwjgl-3.2.3-natives-macos.jar;C:\Users\Tsawke\.m2\repository\org\lwjgl\lwjgl-glfw\3.2.3\lwjgl-glfw-3.2.3-natives-windows.jar;C:\Users\Tsawke\.m2\repository\org\lwjgl\lwjgl-glfw\3.2.3\lwjgl-glfw-3.2.3-natives-linux.jar;C:\Users\Tsawke\.m2\repository\org\lwjgl\lwjgl-glfw\3.2.3\lwjgl-glfw-3.2.3-natives-macos.jar;C:\Users\Tsawke\.m2\repository\org\lwjgl\lwjgl-jemalloc\3.2.3\lwjgl-jemalloc-3.2.3-natives-windows.jar;C:\Users\Tsawke\.m2\repository\org\lwjgl\lwjgl-jemalloc\3.2.3\lwjgl-jemalloc-3.2.3-natives-linux.jar;C:\Users\Tsawke\.m2\repository\org\lwjgl\lwjgl-jemalloc\3.2.3\lwjgl-jemalloc-3.2.3-natives-macos.jar;C:\Users\Tsawke\.m2\repository\org\lwjgl\lwjgl-opengl\3.2.3\lwjgl-opengl-3.2.3-natives-windows.jar;C:\Users\Tsawke\.m2\repository\org\lwjgl\lwjgl-opengl\3.2.3\lwjgl-opengl-3.2.3-natives-linux.jar;C:\Users\Tsawke\.m2\repository\org\lwjgl\lwjgl-opengl\3.2.3\lwjgl-opengl-3.2.3-natives-macos.jar;C:\Users\Tsawke\.m2\repository\org\lwjgl\lwjgl-openal\3.2.3\lwjgl-openal-3.2.3-natives-windows.jar;C:\Users\Tsawke\.m2\repository\org\lwjgl\lwjgl-openal\3.2.3\lwjgl-openal-3.2.3-natives-linux.jar;C:\Users\Tsawke\.m2\repository\org\lwjgl\lwjgl-openal\3.2.3\lwjgl-openal-3.2.3-natives-macos.jar;C:\Users\Tsawke\.m2\repository\org\jmonkeyengine\jme3-effects\3.3.0-stable\jme3-effects-3.3.0-stable.jar;C:\Users\Tsawke\.m2\repository\org\jmonkeyengine\jme3-blender\3.3.0-stable\jme3-blender-3.3.0-stable.jar;C:\Users\Tsawke\.m2\repository\org\ejml\core\0.27\core-0.27.jar;C:\Users\Tsawke\.m2\repository\org\ejml\dense64\0.27\dense64-0.27.jar;C:\Users\Tsawke\.m2\repository\org\ejml\simple\0.27\simple-0.27.jar;C:\Users\Tsawke\.m2\repository\org\ejml\denseC64\0.27\denseC64-0.27.jar;C:\Users\Tsawke\.m2\repository\org\jmonkeyengine\jme3-plugins\3.3.0-stable\jme3-plugins-3.3.0-stable.jar;C:\Users\Tsawke\.m2\repository\com\google\code\gson\gson\2.8.1\gson-2.8.1.jar;C:\Users\Tsawke\.m2\repository\org\jmonkeyengine\jme3-jogg\3.3.0-stable\jme3-jogg-3.3.0-stable.jar;C:\Users\Tsawke\.m2\repository\de\jarnbjo\j-ogg-all\1.0.0\j-ogg-all-1.0.0.jar;C:\Users\Tsawke\.m2\repository\org\jmonkeyengine\jme3-niftygui\3.3.0-stable\jme3-niftygui-3.3.0-stable.jar;C:\Users\Tsawke\.m2\repository\com\github\nifty-gui\nifty\1.4.3\nifty-1.4.3.jar;C:\Users\Tsawke\.m2\repository\xpp3\xpp3\1.1.4c\xpp3-1.1.4c.jar;C:\Users\Tsawke\.m2\repository\com\google\code\findbugs\jsr305\2.0.2\jsr305-2.0.2.jar;C:\Users\Tsawke\.m2\repository\com\github\nifty-gui\nifty-default-controls\1.4.3\nifty-default-controls-1.4.3.jar;C:\Users\Tsawke\.m2\repository\com\github\nifty-gui\nifty-style-black\1.4.3\nifty-style-black-1.4.3.jar;C:\Users\Tsawke\.m2\repository\org\jmonkeyengine\jme3-terrain\3.3.0-stable\jme3-terrain-3.3.0-stable.jar;C:\Users\Tsawke\.m2\repository\org\jmonkeyengine\jme3-networking\3.3.0-stable\jme3-networking-3.3.0-stable.jar;C:\Users\Tsawke\.m2\repository\org\jmonkeyengine\jme3-bullet\3.3.0-stable\jme3-bullet-3.3.0-stable.jar;C:\Users\Tsawke\.m2\repository\org\jmonkeyengine\jme3-bullet-native\3.3.0-stable\jme3-bullet-native-3.3.0-stable.jar;C:\Users\Tsawke\.m2\repository\org\jmonkeyengine\jme3-bullet-native-android\3.3.0-stable\jme3-bullet-native-android-3.3.0-stable.jar;C:\Users\Tsawke\.m2\repository\org\jmonkeyengine\jme3-jogl\3.3.0-stable\jme3-jogl-3.3.0-stable.jar;C:\Users\Tsawke\.m2\repository\org\jogamp\gluegen\gluegen-rt-main\2.3.2\gluegen-rt-main-2.3.2.jar;C:\Users\Tsawke\.m2\repository\org\jogamp\gluegen\gluegen-rt\2.3.2\gluegen-rt-2.3.2.jar;C:\Users\Tsawke\.m2\repository\org\jogamp\gluegen\gluegen-rt\2.3.2\gluegen-rt-2.3.2-natives-android-aarch64.jar;C:\Users\Tsawke\.m2\repository\org\jogamp\gluegen\gluegen-rt\2.3.2\gluegen-rt-2.3.2-natives-android-armv6.jar;C:\Users\Tsawke\.m2\repository\org\jogamp\gluegen\gluegen-rt\2.3.2\gluegen-rt-2.3.2-natives-linux-amd64.jar;C:\Users\Tsawke\.m2\repository\org\jogamp\gluegen\gluegen-rt\2.3.2\gluegen-rt-2.3.2-natives-linux-armv6.jar;C:\Users\Tsawke\.m2\repository\org\jogamp\gluegen\gluegen-rt\2.3.2\gluegen-rt-2.3.2-natives-linux-armv6hf.jar;C:\Users\Tsawke\.m2\repository\org\jogamp\gluegen\gluegen-rt\2.3.2\gluegen-rt-2.3.2-natives-linux-i586.jar;C:\Users\Tsawke\.m2\repository\org\jogamp\gluegen\gluegen-rt\2.3.2\gluegen-rt-2.3.2-natives-macosx-universal.jar;C:\Users\Tsawke\.m2\repository\org\jogamp\gluegen\gluegen-rt\2.3.2\gluegen-rt-2.3.2-natives-solaris-amd64.jar;C:\Users\Tsawke\.m2\repository\org\jogamp\gluegen\gluegen-rt\2.3.2\gluegen-rt-2.3.2-natives-solaris-i586.jar;C:\Users\Tsawke\.m2\repository\org\jogamp\gluegen\gluegen-rt\2.3.2\gluegen-rt-2.3.2-natives-windows-amd64.jar;C:\Users\Tsawke\.m2\repository\org\jogamp\gluegen\gluegen-rt\2.3.2\gluegen-rt-2.3.2-natives-windows-i586.jar;C:\Users\Tsawke\.m2\repository\org\jogamp\jogl\jogl-all-main\2.3.2\jogl-all-main-2.3.2.jar;C:\Users\Tsawke\.m2\repository\org\jogamp\jogl\jogl-all\2.3.2\jogl-all-2.3.2.jar;C:\Users\Tsawke\.m2\repository\org\jogamp\jogl\jogl-all\2.3.2\jogl-all-2.3.2-natives-android-aarch64.jar;C:\Users\Tsawke\.m2\repository\org\jogamp\jogl\jogl-all\2.3.2\jogl-all-2.3.2-natives-android-armv6.jar;C:\Users\Tsawke\.m2\repository\org\jogamp\jogl\jogl-all\2.3.2\jogl-all-2.3.2-natives-linux-amd64.jar;C:\Users\Tsawke\.m2\repository\org\jogamp\jogl\jogl-all\2.3.2\jogl-all-2.3.2-natives-linux-armv6.jar;C:\Users\Tsawke\.m2\repository\org\jogamp\jogl\jogl-all\2.3.2\jogl-all-2.3.2-natives-linux-armv6hf.jar;C:\Users\Tsawke\.m2\repository\org\jogamp\jogl\jogl-all\2.3.2\jogl-all-2.3.2-natives-linux-i586.jar;C:\Users\Tsawke\.m2\repository\org\jogamp\jogl\jogl-all\2.3.2\jogl-all-2.3.2-natives-macosx-universal.jar;C:\Users\Tsawke\.m2\repository\org\jogamp\jogl\jogl-all\2.3.2\jogl-all-2.3.2-natives-solaris-amd64.jar;C:\Users\Tsawke\.m2\repository\org\jogamp\jogl\jogl-all\2.3.2\jogl-all-2.3.2-natives-solaris-i586.jar;C:\Users\Tsawke\.m2\repository\org\jogamp\jogl\jogl-all\2.3.2\jogl-all-2.3.2-natives-windows-amd64.jar;C:\Users\Tsawke\.m2\repository\org\jogamp\jogl\jogl-all\2.3.2\jogl-all-2.3.2-natives-windows-i586.jar;C:\Users\Tsawke\.m2\repository\org\jogamp\joal\joal-main\2.3.2\joal-main-2.3.2.jar;C:\Users\Tsawke\.m2\repository\org\jogamp\joal\joal\2.3.2\joal-2.3.2.jar;C:\Users\Tsawke\.m2\repository\org\jogamp\joal\joal\2.3.2\joal-2.3.2-natives-android-aarch64.jar;C:\Users\Tsawke\.m2\repository\org\jogamp\joal\joal\2.3.2\joal-2.3.2-natives-android-armv6.jar;C:\Users\Tsawke\.m2\repository\org\jogamp\joal\joal\2.3.2\joal-2.3.2-natives-linux-amd64.jar;C:\Users\Tsawke\.m2\repository\org\jogamp\joal\joal\2.3.2\joal-2.3.2-natives-linux-armv6.jar;C:\Users\Tsawke\.m2\repository\org\jogamp\joal\joal\2.3.2\joal-2.3.2-natives-linux-armv6hf.jar;C:\Users\Tsawke\.m2\repository\org\jogamp\joal\joal\2.3.2\joal-2.3.2-natives-linux-i586.jar;C:\Users\Tsawke\.m2\repository\org\jogamp\joal\joal\2.3.2\joal-2.3.2-natives-macosx-universal.jar;C:\Users\Tsawke\.m2\repository\org\jogamp\joal\joal\2.3.2\joal-2.3.2-natives-solaris-amd64.jar;C:\Users\Tsawke\.m2\repository\org\jogamp\joal\joal\2.3.2\joal-2.3.2-natives-solaris-i586.jar;C:\Users\Tsawke\.m2\repository\org\jogamp\joal\joal\2.3.2\joal-2.3.2-natives-windows-amd64.jar;C:\Users\Tsawke\.m2\repository\org\jogamp\joal\joal\2.3.2\joal-2.3.2-natives-windows-i586.jar;C:\Users\Tsawke\.m2\repository\org\jogamp\jocl\jocl-main\2.3.2\jocl-main-2.3.2.jar;C:\Users\Tsawke\.m2\repository\org\jogamp\jocl\jocl\2.3.2\jocl-2.3.2.jar;C:\Users\Tsawke\.m2\repository\org\jogamp\jocl\jocl\2.3.2\jocl-2.3.2-natives-android-aarch64.jar;C:\Users\Tsawke\.m2\repository\org\jogamp\jocl\jocl\2.3.2\jocl-2.3.2-natives-android-armv6.jar;C:\Users\Tsawke\.m2\repository\org\jogamp\jocl\jocl\2.3.2\jocl-2.3.2-natives-linux-amd64.jar;C:\Users\Tsawke\.m2\repository\org\jogamp\jocl\jocl\2.3.2\jocl-2.3.2-natives-linux-armv6.jar;C:\Users\Tsawke\.m2\repository\org\jogamp\jocl\jocl\2.3.2\jocl-2.3.2-natives-linux-armv6hf.jar;C:\Users\Tsawke\.m2\repository\org\jogamp\jocl\jocl\2.3.2\jocl-2.3.2-natives-linux-i586.jar;C:\Users\Tsawke\.m2\repository\org\jogamp\jocl\jocl\2.3.2\jocl-2.3.2-natives-macosx-universal.jar;C:\Users\Tsawke\.m2\repository\org\jogamp\jocl\jocl\2.3.2\jocl-2.3.2-natives-solaris-amd64.jar;C:\Users\Tsawke\.m2\repository\org\jogamp\jocl\jocl\2.3.2\jocl-2.3.2-natives-solaris-i586.jar;C:\Users\Tsawke\.m2\repository\org\jogamp\jocl\jocl\2.3.2\jocl-2.3.2-natives-windows-amd64.jar;C:\Users\Tsawke\.m2\repository\org\jogamp\jocl\jocl\2.3.2\jocl-2.3.2-natives-windows-i586.jar;C:\Users\Tsawke\.m2\repository\org\jmonkeyengine\jme3-android\3.3.0-stable\jme3-android-3.3.0-stable.jar;C:\Users\Tsawke\.m2\repository\org\jmonkeyengine\jme3-android-native\3.3.0-stable\jme3-android-native-3.3.0-stable.jar;C:\Users\Tsawke\.m2\repository\org\jmonkeyengine\jme3-ios\3.3.0-stable\jme3-ios-3.3.0-stable.jar;C:\Users\Tsawke\.m2\repository\org\jmonkeyengine\jme3-vr\3.3.0-stable\jme3-vr-3.3.0-stable.jar;C:\Users\Tsawke\.m2\repository\net\java\dev\jna\jna\4.3.0\jna-4.3.0.jar;C:\Users\Tsawke\.m2\repository\com\nativelibs4java\jnaerator-runtime\0.12\jnaerator-runtime-0.12.jar;C:\Users\Tsawke\.m2\repository\com\nativelibs4java\ochafik-util\0.12\ochafik-util-0.12.jar;C:\Users\Tsawke\.m2\repository\org\lwjgl\lwjgl-ovr\3.2.3\lwjgl-ovr-3.2.3.jar;C:\Users\Tsawke\.m2\repository\org\lwjgl\lwjgl-openvr\3.2.3\lwjgl-openvr-3.2.3.jar;C:\Users\Tsawke\.m2\repository\org\lwjgl\lwjgl-openvr\3.2.3\lwjgl-openvr-3.2.3-natives-linux.jar;C:\Users\Tsawke\.m2\repository\org\lwjgl\lwjgl-openvr\3.2.3\lwjgl-openvr-3.2.3-natives-macos.jar;C:\Users\Tsawke\.m2\repository\org\lwjgl\lwjgl-ovr\3.2.3\lwjgl-ovr-3.2.3-natives-windows.jar;C:\Users\Tsawke\.m2\repository\org\lwjgl\lwjgl-openvr\3.2.3\lwjgl-openvr-3.2.3-natives-windows.jar
Launcher Type: SUN_STANDARD

[Global flags]
     intx CICompilerCount                          = 12                                        {product} {ergonomic}
     uint ConcGCThreads                            = 5                                         {product} {ergonomic}
     uint G1ConcRefinementThreads                  = 20                                        {product} {ergonomic}
   size_t G1HeapRegionSize                         = 8388608                                   {product} {ergonomic}
   size_t InitialHeapSize                          = 1073741824                                {product} {ergonomic}
   size_t MarkStackSize                            = 4194304                                   {product} {ergonomic}
   size_t MarkStackSizeMax                         = 536870912                                 {product} {ergonomic}
   size_t MaxHeapSize                              = 17112760320                               {product} {ergonomic}
   size_t MaxNewSize                               = 10267656192                               {product} {ergonomic}
   size_t MinHeapDeltaBytes                        = 8388608                                   {product} {ergonomic}
   size_t MinHeapSize                              = 8388608                                   {product} {ergonomic}
    uintx NonNMethodCodeHeapSize                   = 7602176                                {pd product} {ergonomic}
    uintx NonProfiledCodeHeapSize                  = 122093568                              {pd product} {ergonomic}
    uintx ProfiledCodeHeapSize                     = 121962496                              {pd product} {ergonomic}
    uintx ReservedCodeCacheSize                    = 251658240                              {pd product} {ergonomic}
     bool SegmentedCodeCache                       = true                                      {product} {ergonomic}
     bool ShowCodeDetailsInExceptionMessages       = true                                   {manageable} {command line}
   size_t SoftMaxHeapSize                          = 17112760320                            {manageable} {ergonomic}
     bool UseCompressedOops                        = true                           {product lp64_product} {ergonomic}
     bool UseG1GC                                  = true                                      {product} {ergonomic}
     bool UseLargePagesIndividualAllocation        = false                                  {pd product} {ergonomic}

Logging:
Log output configuration:
 #0: stdout all=warning uptime,level,tags foldmultilines=false
 #1: stderr all=off uptime,level,tags foldmultilines=false

Environment Variables:
JAVA_HOME=E:\Program Files\jdk23
CLASSPATH=.;E:\Program Files\jdk23\lib\dt.jar;E:\Program Files\jdk23\lib\tools.jar
PATH=C:\Program Files\Common Files\Oracle\Java\javapath;E:\Program Files\Python313\Scripts\;E:\Program Files\Python313\;C:\Program Files (x86)\Common Files\Intel\Shared Libraries\redist\intel64\compiler;E:\Program Files\python312\Scripts\;E:\Program Files\python312\;C:\Windows\system32;C:\Windows;C:\Windows\System32\Wbem;C:\Windows\System32\WindowsPowerShell\v1.0\;C:\Windows\System32\OpenSSH\;C:\Program Files (x86)\NVIDIA Corporation\PhysX\Common;C:\Program Files\dotnet\;E:\Program Files\Bandzip\Bandizip;%Python_HOME%;C:\Pro;ramData\chocolatey\bin;E:\Program Files\nodejs;E:\Program Files\nodejs\node_global;E:\Program Files\nodejs\node_cache;E:\Program Files\nodejs\;E:\Program Files\Git\cmd;E:\Program Files\微信web开发者工具\dll;C:\Program Files (x86)\Microsoft SQL Server\160\Tools\Binn\;C:\Program Files\Microsoft SQL Server\160\Tools\Binn\;C:\Program Files\Microsoft SQL Server\Client SDK\ODBC\170\Tools\Binn\;C:\Program Files\Microsoft SQL Server\160\DTS\Binn\;C:\Program Files (x86)\Windows Kits\8.1\Windows Performance Toolkit\;E:\Program Files\jdk23\bin;E:\Program Files\jdk23\jre\bin;E:\Program Files\apache-maven-3.9.9\bin;C:\Program Files\Common Files\Autodesk Shared\;C:\Program Files\NVIDIA Corporation\NVIDIA app\NvDLISR;C:\Users\Tsawke\AppData\Local\Microsoft\WindowsApps;C:\Users\Tsawke\AppData\Local\Programs\Microsoft VS Code\bin;E:\Program Files\nodejs\node_global;;E:\Program Files\IntelliJ IDEA 2024.1\bin;
USERNAME=Tsawke
LANG=en_US.UTF-8
OS=Windows_NT
PROCESSOR_IDENTIFIER=Intel64 Family 6 Model 183 Stepping 1, GenuineIntel
TMP=C:\Users\Tsawke\AppData\Local\Temp
TEMP=C:\Users\Tsawke\AppData\Local\Temp




Periodic native trim disabled

---------------  S Y S T E M  ---------------

OS:
 Windows 11 , 64 bit Build 22621 (10.0.22621.4391)
OS uptime: 0 days 16:53 hours

CPU: total 28 (initial active 28) (14 cores per cpu, 2 threads per core) family 6 model 183 stepping 1 microcode 0x123, cx8, cmov, fxsr, ht, mmx, 3dnowpref, sse, sse2, sse3, ssse3, sse4.1, sse4.2, popcnt, lzcnt, tsc, tscinvbit, avx, avx2, aes, erms, clmul, bmi1, bmi2, adx, sha, fma, vzeroupper, clflush, clflushopt, clwb, serialize, rdtscp, rdpid, fsrm, gfni, f16c, pku, cet_ibt, cet_ss
Processor Information for the first 28 processors :
  Max Mhz: 3400, Current Mhz: 3400, Mhz Limit: 3400

Memory: 4k page, system-wide physical 65277M (45448M free)
TotalPageFile size 69373M (AvailPageFile size 38081M)
current process WorkingSet (physical memory assigned to process): 291M, peak: 305M
current process commit charge ("private bytes"): 1664M, peak: 1686M

vm_info: Java HotSpot(TM) 64-Bit Server VM (23.0.1+11-39) for windows-amd64 JRE (23.0.1+11-39), built on 2024-09-30T07:20:43Z with MS VC++ 17.6 (VS2022)

END.
