#
# A fatal error has been detected by the Java Runtime Environment:
#
#  EXCEPTION_ACCESS_VIOLATION (0xc0000005) at pc=0x0000000000000000, pid=33252, tid=38408
#
# JRE version: Java(TM) SE Runtime Environment (23.0.1+11) (build 23.0.1+11-39)
# Java VM: Java HotSpot(TM) 64-Bit Server VM (23.0.1+11-39, mixed mode, sharing, tiered, compressed oops, compressed class ptrs, g1 gc, windows-amd64)
# Problematic frame:
# C  [jdwp.dll+0x161f3]
#
# No core dump will be written. Minidumps are not enabled by default on client versions of Windows
#
# If you would like to submit a bug report, please visit:
#   https://bugreport.java.com/bugreport/crash.jsp
# The crash happened outside the Java Virtual Machine in native code.
# See problematic frame for where to report the bug.
#

---------------  S U M M A R Y ------------

Command Line: -agentlib:jdwp=transport=dt_socket,server=n,suspend=y,address=localhost:6708 -XX:+ShowCodeDetailsInExceptionMessages com.csproject.jMEMain

Host: Intel(R) Core(TM) i7-14700K, 28 cores, 63G,  Windows 11 , 64 bit Build 22621 (10.0.22621.4391)
Time: Sun Dec 15 01:40:40 2024  Windows 11 , 64 bit Build 22621 (10.0.22621.4391) elapsed time: 19.852373 seconds (0d 0h 0m 19s)

---------------  T H R E A D  ---------------

Current thread (0x000002a27b2178b0):  JavaThread "main"             [_thread_in_native, id=38408, stack(0x000000d864400000,0x000000d864500000) (1024K)]

Stack: [0x000000d864400000,0x000000d864500000],  sp=0x000000d8644fe720,  free space=1017k
Native frames: (J=compiled Java code, j=interpreted, Vv=VM code, C=native code)

Java frames: (J=compiled Java code, j=interpreted, Vv=VM code)
j  java.lang.Shutdown.halt0(I)V+0 java.base@23.0.1
j  java.lang.Shutdown.halt(I)V+7 java.base@23.0.1
j  java.lang.Shutdown.exit(I)V+16 java.base@23.0.1
J 3436 c1 com.csproject.jMEMain.simpleUpdate(F)V (474 bytes) @ 0x000002a208b41e04 [0x000002a208b3e400+0x0000000000003a04]
J 3330 c1 com.jme3.app.SimpleApplication.update()V (235 bytes) @ 0x000002a208b061b4 [0x000002a208b05ee0+0x00000000000002d4]
J 3326 c1 com.jme3.system.lwjgl.LwjglWindow.runLoop()V (220 bytes) @ 0x000002a208b02524 [0x000002a208b01f00+0x0000000000000624]
j  com.jme3.system.lwjgl.LwjglWindow.run()V+51
j  com.jme3.system.lwjgl.LwjglWindow.create(Z)V+27
j  com.jme3.app.LegacyApplication.start(Lcom/jme3/system/JmeContext$Type;Z)V+92
j  com.jme3.app.LegacyApplication.start()V+5
j  com.jme3.app.SimpleApplication.start()V+51
j  com.csproject.jMEMain.main([Ljava/lang/String;)V+55
v  ~StubRoutines::call_stub 0x000002a20fac0fcd

siginfo: EXCEPTION_ACCESS_VIOLATION (0xc0000005), data execution prevention violation at address 0x0000000000000000


Registers:
RAX=0x000002a278570000, RBX=0x000002a27c492d50, RCX=0x000002a27b217c70, RDX=0x000002a27c492d50
RSP=0x000000d8644fe718, RBP=0x00007fff1e940428, RSI=0x000000d8644fe7c0, RDI=0x000002a27b217c70
R8 =0x0000000000010002, R9 =0x0000000000000000, R10=0x00007ffeda730000, R11=0x000000d8644fe6e8
R12=0x0000000000000006, R13=0x000002a27b215cf0, R14=0x0000000000000000, R15=0x0000000000000000
RIP=0x0000000000000000, EFLAGS=0x0000000000010202


Register to memory mapping:

RAX=0x000002a278570000 points into unknown readable memory: 0x0000000000000000 | 00 00 00 00 00 00 00 00
RBX=0x000002a27c492d50 points into unknown readable memory: 0x00000004048023f8 | f8 23 80 04 04 00 00 00
RCX=0x000002a27b217c70 points into unknown readable memory: 0x000002a278570000 | 00 00 57 78 a2 02 00 00
RDX=0x000002a27c492d50 points into unknown readable memory: 0x00000004048023f8 | f8 23 80 04 04 00 00 00
RSP=0x000000d8644fe718 is pointing into the stack for thread: 0x000002a27b2178b0
RBP=0x00007fff1e940428 jdwp.dll
RSI=0x000000d8644fe7c0 is pointing into the stack for thread: 0x000002a27b2178b0
RDI=0x000002a27b217c70 points into unknown readable memory: 0x000002a278570000 | 00 00 57 78 a2 02 00 00
R8 =0x0000000000010002 is an unknown value
R9 =0x0 is null
R10=0x00007ffeda730000 VCRUNTIME140.dll
R11=0x000000d8644fe6e8 is pointing into the stack for thread: 0x000002a27b2178b0
R12=0x0000000000000006 is an unknown value
R13=0x000002a27b215cf0 points into unknown readable memory: 0x00007ffe46c5e8d0 | d0 e8 c5 46 fe 7f 00 00
R14=0x0 is null
R15=0x0 is null

Top of Stack: (sp=0x000000d8644fe718)
0x000000d8644fe718:   00007fff1e9261f3 000002a27c492d50
0x000000d8644fe728:   000000d8644fe7c0 0000000000000000
0x000000d8644fe738:   0000000000000000 000002a27b2178b0
0x000000d8644fe748:   00007ffe462afcab 0000000000000003
0x000000d8644fe758:   0000000000000002 000002a27b217e88
0x000000d8644fe768:   00007fff1e92455d 000002a27c492d50
0x000000d8644fe778:   00007fff1e940428 000002a27b2178b0
0x000000d8644fe788:   000002a27b217c70 0000000000000000
0x000000d8644fe798:   000000d8644fe7a0 0000000000000000
0x000000d8644fe7a8:   00007fff39483810 000026d083911b87
0x000000d8644fe7b8:   0000000000009608 0000000000000006
0x000000d8644fe7c8:   000002a27c492d50 0000000000000000
0x000000d8644fe7d8:   0000000000000000 0000000000000000
0x000000d8644fe7e8:   0000000000000000 0000000000000000
0x000000d8644fe7f8:   0000000000000000 0000000000000000
0x000000d8644fe808:   0000000000000000 0000000000000000
0x000000d8644fe818:   000002a27b217e88 000002a278eb9e80
0x000000d8644fe828:   00007ffe46610a71 0000000000000000
0x000000d8644fe838:   000002a22b773f10 000002a27b2178b0
0x000000d8644fe848:   000002a278f7d240 0000000000000000
0x000000d8644fe858:   00007fff368df237 000002a27b1cbef0
0x000000d8644fe868:   000002a278f7e3b0 000002a278f7e3c0
0x000000d8644fe878:   000002a278f7e798 00000000000003d8
0x000000d8644fe888:   000002a27b2178b0 000002a27b2178b0
0x000000d8644fe898:   000002a27b1cc5b0 000002a278f7e7a0
0x000000d8644fe8a8:   000002a278f7e7b0 000002a278f7e888
0x000000d8644fe8b8:   00000000000000d8 000000d8644ff520
0x000000d8644fe8c8:   00007ffe46ce2210 0000000000000020
0x000000d8644fe8d8:   000002a278ebb040 000002a27b2178b0
0x000000d8644fe8e8:   000000d8644fe920 00007ffe46ce1200
0x000000d8644fe8f8:   00007ffe46ce2210 0000000000000020
0x000000d8644fe908:   000002a27c330400 000002a27b2178b0 

Instructions: (pc=0x00007fff1e9261f3)
0x00007fff1e9260f3:   2c 41 b8 61 02 00 00 48 8d 0d 97 6e 01 00 48 8b
0x00007fff1e926103:   d3 e8 7f 50 00 00 41 8b cc e8 33 a0 ff ff 48 8b
0x00007fff1e926113:   d0 48 8d 0d 55 a4 01 00 e8 10 51 00 00 4c 8b 4e
0x00007fff1e926123:   28 48 8d 0d 5d a4 01 00 4c 8b 46 20 48 8b 56 08
0x00007fff1e926133:   e8 0c 0e 01 00 48 8b 05 b1 0f 02 00 f6 80 10 02
0x00007fff1e926143:   00 00 02 74 28 41 b8 6a 02 00 00 48 8d 0d 6f 62
0x00007fff1e926153:   01 00 48 8b d3 e8 2b 50 00 00 48 8d 15 54 63 01
0x00007fff1e926163:   00 48 8d 0d 6d 62 01 00 e8 c0 50 00 00 48 8b 07
0x00007fff1e926173:   48 8b cf ff 50 78 48 8b 0d 70 0f 02 00 4c 8b f8
0x00007fff1e926183:   f6 81 10 02 00 00 02 74 28 41 b8 6b 02 00 00 48
0x00007fff1e926193:   8d 0d 2b 62 01 00 48 8b d3 e8 e7 4f 00 00 48 8d
0x00007fff1e9261a3:   15 48 63 01 00 48 8d 0d 29 62 01 00 e8 7c 50 00
0x00007fff1e9261b3:   00 48 8b 07 48 8b cf ff 90 88 00 00 00 83 3d e5
0x00007fff1e9261c3:   0a 02 00 00 76 0c e8 ce 5b ff ff 83 25 d7 0a 02
0x00007fff1e9261d3:   00 00 48 8b 5e 08 48 85 db 74 4b 48 8b 05 0b 0f
0x00007fff1e9261e3:   02 00 80 78 13 00 74 0b 48 8b cb e8 b5 07 01 00
0x00007fff1e9261f3:   88 46 10 4d 8b c7 48 8b d6 41 8a ce e8 c8 a0 00
0x00007fff1e926203:   00 48 8b e8 48 85 c0 75 25 48 8b cb e8 c0 44 00
0x00007fff1e926213:   00 84 c0 0f 84 ea 00 00 00 48 8b d3 41 8a ce e8
0x00007fff1e926223:   ad 13 00 00 eb e3 e8 0e 0e 00 00 48 8b e8 4c 8b
0x00007fff1e926233:   cd 44 88 74 24 20 45 8b c4 48 8b d6 48 8b cf e8
0x00007fff1e926243:   e1 00 00 00 83 3e 14 75 0b 48 8b 05 9d 0e 02 00
0x00007fff1e926253:   c6 40 10 01 48 85 db 75 08 48 8b cd e8 0c 53 ff
0x00007fff1e926263:   ff 48 8b 05 85 0e 02 00 4d 85 ff 74 43 f6 80 10
0x00007fff1e926273:   02 00 00 02 74 2c 41 b8 b3 02 00 00 48 8d 15 a2
0x00007fff1e926283:   a1 01 00 48 8d 0d 37 61 01 00 e8 f6 4e 00 00 48
0x00007fff1e926293:   8d 15 e7 7c 01 00 48 8d 0d 38 61 01 00 e8 8b 4f
0x00007fff1e9262a3:   00 00 48 8b 07 49 8b d7 48 8b cf ff 50 68 eb 41
0x00007fff1e9262b3:   f6 80 10 02 00 00 02 74 2c 41 b8 b5 02 00 00 48
0x00007fff1e9262c3:   8d 15 5f a1 01 00 48 8d 0d f4 60 01 00 e8 b3 4e
0x00007fff1e9262d3:   00 00 48 8d 15 14 62 01 00 48 8d 0d f5 60 01 00
0x00007fff1e9262e3:   e8 48 4f 00 00 48 8b 07 48 8b cf ff 90 88 00 00 


Stack slot to memory mapping:

stack at sp + 0 slots: 0x000002a27c492d50 points into unknown readable memory: 0x00000004048023f8 | f8 23 80 04 04 00 00 00
stack at sp + 1 slots: 0x000000d8644fe7c0 is pointing into the stack for thread: 0x000002a27b2178b0
stack at sp + 2 slots: 0x0 is null
stack at sp + 3 slots: 0x0 is null
stack at sp + 4 slots: 0x000002a27b2178b0 is a thread
stack at sp + 5 slots: 0x00007ffe462afcab jvm.dll
stack at sp + 6 slots: 0x0000000000000003 is an unknown value
stack at sp + 7 slots: 0x0000000000000002 is an unknown value

Lock stack of current Java thread (top to bottom):
LockStack[1]: java.lang.Shutdown$Lock 
{0x0000000404e22d38} - klass: 'java/lang/Shutdown$Lock'
 - ---- fields (total size 2 words):
LockStack[0]: java.lang.Class 
{0x0000000404de0858} - klass: 'java/lang/Class'
 - ---- fields (total size 17 words):
 - private volatile transient 'classRedefinedCount' 'I' @12  0 (0x00000000)
 - injected 'klass' 'J' @16  2895547811856 (0x000002a22c194810)
 - injected 'array_klass' 'J' @24  0 (0x0000000000000000)
 - injected 'oop_size' 'I' @32  17 (0x00000011)
 - injected 'static_oop_field_count' 'I' @36  3 (0x00000003)
 - private volatile transient 'cachedConstructor' 'Ljava/lang/reflect/Constructor;' @40  null (0x00000000)
 - private transient 'name' 'Ljava/lang/String;' @44  null (0x00000000)
 - private transient 'module' 'Ljava/lang/Module;' @48  a 'java/lang/Module'{0x0000000404804f98} (0x809009f3)
 - private final 'classLoader' 'Ljava/lang/ClassLoader;' @52  null (0x00000000)
 - private transient 'classData' 'Ljava/lang/Object;' @56  null (0x00000000)
 - private transient 'packageName' 'Ljava/lang/String;' @60  null (0x00000000)
 - private final 'componentType' 'Ljava/lang/Class;' @64  null (0x00000000)
 - private volatile transient 'reflectionData' 'Ljava/lang/ref/SoftReference;' @68  null (0x00000000)
 - private volatile transient 'genericInfo' 'Lsun/reflect/generics/repository/ClassRepository;' @72  null (0x00000000)
 - private volatile transient 'enumConstants' '[Ljava/lang/Object;' @76  null (0x00000000)
 - private volatile transient 'enumConstantDirectory' 'Ljava/util/Map;' @80  null (0x00000000)
 - private volatile transient 'annotationData' 'Ljava/lang/Class$AnnotationData;' @84  null (0x00000000)
 - private volatile transient 'annotationType' 'Lsun/reflect/annotation/AnnotationType;' @88  null (0x00000000)
 - transient 'classValueMap' 'Ljava/lang/ClassValue$ClassValueMap;' @92  null (0x00000000)
 - injected 'protection_domain' 'Ljava/lang/Object;' @96  null (0x00000000)
 - injected 'signers_name' 'Ljava/lang/Object;' @100  null (0x00000000)
 - injected 'source_file' 'Ljava/lang/Object;' @104  null (0x00000000)
 - signature: Ljava/lang/Shutdown;
 - ---- static fields (3):
 - private static final 'MAX_SYSTEM_HOOKS' 'I' @124  10 (0x0000000a)
 - private static final 'hooks' '[Ljava/lang/Runnable;' @112  a 'java/lang/Runnable'[10] {0x0000000404e1c0a0} (0x809c3814)
 - private static 'currentRunningHook' 'I' @128  9 (0x00000009)
 - private static 'lock' 'Ljava/lang/Object;' @116  a 'java/lang/Shutdown$Lock'{0x0000000404e167e0} (0x809c2cfc)
 - private static 'haltLock' 'Ljava/lang/Object;' @120  a 'java/lang/Shutdown$Lock'{0x0000000404e22d38} (0x809c45a7)


Compiled method (c1) 19918 3436       3       com.csproject.jMEMain::simpleUpdate (474 bytes)
 total in heap  [0x000002a208b3dd08,0x000002a208b42bf0] = 20200
 relocation     [0x000002a208b3dde0,0x000002a208b3e3e0] = 1536
 constants      [0x000002a208b3e3e0,0x000002a208b3e400] = 32
 main code      [0x000002a208b3e400,0x000002a208b428f8] = 17656
 stub code      [0x000002a208b428f8,0x000002a208b42a68] = 368
 oops           [0x000002a208b42a68,0x000002a208b42a88] = 32
 metadata       [0x000002a208b42a88,0x000002a208b42bf0] = 360
 immutable data [0x000002a2713e6160,0x000002a2713e7a78] = 6424
 dependencies   [0x000002a2713e6160,0x000002a2713e61c0] = 96
 nul chk table  [0x000002a2713e61c0,0x000002a2713e6380] = 448
 scopes pcs     [0x000002a2713e6380,0x000002a2713e6fc0] = 3136
 scopes data    [0x000002a2713e6fc0,0x000002a2713e7a78] = 2744


[Constant Pool]
             Address          hex4                    hex8      
  0x000002a208b3e3e0:   0x3e99999a      0x3e99999a3e99999a      
  0x000002a208b3e3e4:   0x3e99999a                              
  0x000002a208b3e3e8:   0xf4f4f4f4      0xf4f4f4f4f4f4f4f4      
  0x000002a208b3e3ec:   0xf4f4f4f4                              
  0x000002a208b3e3f0:   0xf4f4f4f4      0xf4f4f4f4f4f4f4f4      
  0x000002a208b3e3f4:   0xf4f4f4f4                              
  0x000002a208b3e3f8:   0xf4f4f4f4      0xf4f4f4f4f4f4f4f4      
  0x000002a208b3e3fc:   0xf4f4f4f4                              

[MachCode]
[Instructions begin]
  0x000002a208b3e400: ;   {no_reloc}
  0x000002a208b3e400: 6666 660f | 1f84 0000 | 0000 0066 | 6666 9066 | 6690 448b | 5208 443b 

  0x000002a208b3e418: ;   {runtime_call ic_miss_stub}
  0x000002a208b3e418: 5008 0f85 | c000 fd06 
[Verified Entry Point]
  0x000002a208b3e420: 8984 2400 | 80ff ff55 | 4881 ecf0 | 0100 0090 | 4181 7f20 | 0100 0000 

  0x000002a208b3e438: ;   {runtime_call StubRoutines (final stubs)}
  0x000002a208b3e438: 7405 e801 | 93fb 0648 | 8994 24b0 | 0000 00c5 | fa11 8424 | d401 0000 

  0x000002a208b3e450: ;   {metadata(method data for {method} {0x000002a26d401260} 'simpleUpdate' '(F)V' in 'com/csproject/jMEMain')}
  0x000002a208b3e450: 48be 18a0 | e36d a202 | 0000 8bbe | cc00 0000 | 83c7 0289 | becc 0000 | 0081 e7fe | 0700 0085 
  0x000002a208b3e470: ff0f 84ab | 3900 008b | 727c 48c1 | e603 483b | 0648 8bfe 

  0x000002a208b3e484: ;   {metadata(method data for {method} {0x000002a26d401260} 'simpleUpdate' '(F)V' in 'com/csproject/jMEMain')}
  0x000002a208b3e484: 48b8 18a0 | e36d a202 | 0000 4883 | 8028 0100 | 0001 8b7e | 5448 c1e7 | 0383 7f0c | 010f 86ab 
  0x000002a208b3e4a4: 3900 008b | 5f14 48c1 | e303 4889 | 9c24 a800 | 0000 488b 

  0x000002a208b3e4b8: ;   {metadata(method data for {method} {0x000002a26d401260} 'simpleUpdate' '(F)V' in 'com/csproject/jMEMain')}
  0x000002a208b3e4b8: fe48 b818 | a0e3 6da2 | 0200 0048 | 8380 5801 | 0000 0144 | 8b46 2c49 | c1e0 034c | 8984 2498 
  0x000002a208b3e4d8: 0000 0049 | 3b00 498b 

  0x000002a208b3e4e0: ;   {metadata(method data for {method} {0x000002a26d401260} 'simpleUpdate' '(F)V' in 'com/csproject/jMEMain')}
  0x000002a208b3e4e0: f048 bf18 | a0e3 6da2 | 0200 008b | 7608 49ba | 0000 002c | a202 0000 | 4903 f248 | 3bb7 8001 
  0x000002a208b3e500: 0000 750d | 4883 8788 | 0100 0001 | e960 0000 | 0048 3bb7 | 9001 0000 | 750d 4883 | 8798 0100 
  0x000002a208b3e520: 0001 e94a | 0000 0048 | 83bf 8001 | 0000 0075 | 1748 89b7 | 8001 0000 | 48c7 8788 | 0100 0001 
  0x000002a208b3e540: 0000 00e9 | 2900 0000 | 4883 bf90 | 0100 0000 | 7517 4889 | b790 0100 | 0048 c787 | 9801 0000 
  0x000002a208b3e560: 0100 0000 | e908 0000 | 0048 8387 | 7801 0000 

  0x000002a208b3e570: ;   {metadata(method data for {method} {0x000002a26dc90778} 'getPhysicsLocation' '()Lcom/jme3/math/Vector3f;' in 'com/jme3/bullet/objects/PhysicsCharacter')}
  0x000002a208b3e570: 0148 be50 | 56e1 6da2 | 0200 008b | becc 0000 | 0083 c702 | 89be cc00 | 0000 81e7 | feff 1f00 
  0x000002a208b3e590: 85ff 0f84 | d138 0000 

  0x000002a208b3e598: ;   {metadata(method data for {method} {0x000002a26dc90778} 'getPhysicsLocation' '()Lcom/jme3/math/Vector3f;' in 'com/jme3/bullet/objects/PhysicsCharacter')}
  0x000002a208b3e598: 498b f048 | bf50 56e1 | 6da2 0200 | 008b 7608 | 49ba 0000 | 002c a202 | 0000 4903 | f248 3bb7 
  0x000002a208b3e5b8: 2001 0000 | 750d 4883 | 8728 0100 | 0001 e960 | 0000 0048 | 3bb7 3001 | 0000 750d | 4883 8738 
  0x000002a208b3e5d8: 0100 0001 | e94a 0000 | 0048 83bf | 2001 0000 | 0075 1748 | 89b7 2001 | 0000 48c7 | 8728 0100 
  0x000002a208b3e5f8: 0001 0000 | 00e9 2900 | 0000 4883 | bf30 0100 | 0000 7517 | 4889 b730 | 0100 0048 | c787 3801 
  0x000002a208b3e618: 0000 0100 | 0000 e908 | 0000 0048 | 8387 1801 

  0x000002a208b3e628: ;   {metadata(method data for {method} {0x000002a26dc90618} 'getPhysicsLocation' '(Lcom/jme3/math/Vector3f;)Lcom/jme3/math/Vector3f;' in 'com/jme3/bullet/objects/PhysicsCharacter')}
  0x000002a208b3e628: 0000 0148 | bee8 42e1 | 6da2 0200 | 008b becc | 0000 0083 | c702 89be | cc00 0000 | 81e7 feff 
  0x000002a208b3e648: 1f00 85ff | 0f84 3838 

  0x000002a208b3e650: ;   {metadata(method data for {method} {0x000002a26dc90618} 'getPhysicsLocation' '(Lcom/jme3/math/Vector3f;)Lcom/jme3/math/Vector3f;' in 'com/jme3/bullet/objects/PhysicsCharacter')}
  0x000002a208b3e650: 0000 48be | e842 e16d | a202 0000 | ff86 2801 

  0x000002a208b3e660: ;   {metadata('com/jme3/math/Vector3f')}
  0x000002a208b3e660: 0000 48ba | d0dd 002d | a202 0000 | 498b 87b8 | 0100 0048 | 8d78 1849 | 3bbf c801 | 0000 0f87 
  0x000002a208b3e680: 2738 0000 | 4989 bfb8 | 0100 0048 | c700 0100 | 0000 488b | ca49 ba00 | 0000 2ca2 | 0200 0049 
  0x000002a208b3e6a0: 2bca 8948 | 0848 33c9 | 8948 0c48 | 33c9 4889 | 4810 488b 

  0x000002a208b3e6b4: ;   {metadata(method data for {method} {0x000002a26dc90618} 'getPhysicsLocation' '(Lcom/jme3/math/Vector3f;)Lcom/jme3/math/Vector3f;' in 'com/jme3/bullet/objects/PhysicsCharacter')}
  0x000002a208b3e6b4: d048 bee8 | 42e1 6da2 | 0200 0048 | 8386 3801 | 0000 0148 | 8bd0 4889 | 8424 a000 | 0000 0f1f 
  0x000002a208b3e6d4: ;   {optimized virtual_call}
  0x000002a208b3e6d4: 4400 00e8 

  0x000002a208b3e6d8: ; ImmutableOopMap {[152]=Oop [160]=Oop [168]=Oop [176]=Oop }
                      ;*invokespecial <init> {reexecute=0 rethrow=0 return_oop=0}
                      ; - com.jme3.bullet.objects.PhysicsCharacter::getPhysicsLocation@8 (line 557)
                      ; - com.jme3.bullet.objects.PhysicsCharacter::getPhysicsLocation@2 (line 571)
                      ; - com.csproject.jMEMain::simpleUpdate@16 (line 61)
  0x000002a208b3e6d8: b41c 8907 

  0x000002a208b3e6dc: ;   {other}
  0x000002a208b3e6dc: 0f1f 8400 | d409 0000 | 4c8b 8424 | 9800 0000 | 4d8b 4810 

  0x000002a208b3e6f0: ;   {metadata(method data for {method} {0x000002a26dc90618} 'getPhysicsLocation' '(Lcom/jme3/math/Vector3f;)Lcom/jme3/math/Vector3f;' in 'com/jme3/bullet/objects/PhysicsCharacter')}
  0x000002a208b3e6f0: 498b d048 | bee8 42e1 | 6da2 0200 | 0048 8386 | 4801 0000 | 0149 8bf0 | 4d8b c14c | 8b8c 24a0 
  0x000002a208b3e710: 0000 0048 

  0x000002a208b3e714: ;   {optimized virtual_call}
  0x000002a208b3e714: 8bd6 90e8 

  0x000002a208b3e718: ; ImmutableOopMap {[152]=Oop [160]=Oop [168]=Oop [176]=Oop }
                      ;*invokespecial getPhysicsLocation {reexecute=0 rethrow=0 return_oop=0}
                      ; - com.jme3.bullet.objects.PhysicsCharacter::getPhysicsLocation@18 (line 559)
                      ; - com.jme3.bullet.objects.PhysicsCharacter::getPhysicsLocation@2 (line 571)
                      ; - com.csproject.jMEMain::simpleUpdate@16 (line 61)
  0x000002a208b3e718: 1460 7f07 

  0x000002a208b3e71c: ;   {other}
  0x000002a208b3e71c: 0f1f 8400 | 140a 0001 | 488b 9c24 | a000 0000 

  0x000002a208b3e72c: ;   {metadata('com/jme3/math/Vector3f')}
  0x000002a208b3e72c: 48ba d0dd | 002d a202 | 0000 498b | 87b8 0100 | 0048 8d78 | 1849 3bbf | c801 0000 | 0f87 6a37 
  0x000002a208b3e74c: 0000 4989 | bfb8 0100 | 0048 c700 | 0100 0000 | 488b ca49 | ba00 0000 | 2ca2 0200 | 0049 2bca 
  0x000002a208b3e76c: 8948 0848 | 33c9 8948 | 0c48 33c9 | 4889 4810 

  0x000002a208b3e77c: ;   {metadata(method data for {method} {0x000002a26d401260} 'simpleUpdate' '(F)V' in 'com/csproject/jMEMain')}
  0x000002a208b3e77c: 4c8b c048 | ba18 a0e3 | 6da2 0200 | 0048 8382 | a801 0000 

  0x000002a208b3e790: ;   {metadata(method data for {method} {0x000002a26d44c8f8} '<init>' '(FFF)V' in 'com/jme3/math/Vector3f')}
  0x000002a208b3e790: 0149 b828 | 56c3 6da2 | 0200 0041 | 8b90 cc00 | 0000 83c2 | 0241 8990 | cc00 0000 | 81e2 feff 
  0x000002a208b3e7b0: 1f00 85d2 | 0f84 0b37 | 0000 4c8b 

  0x000002a208b3e7bc: ;   {metadata(method data for {method} {0x000002a26d44c8f8} '<init>' '(FFF)V' in 'com/jme3/math/Vector3f')}
  0x000002a208b3e7bc: c048 ba28 | 56c3 6da2 | 0200 0048 | 8382 1801 

  0x000002a208b3e7cc: ;   {metadata(method data for {method} {0x000002a22c49d700} '<init>' '()V' in 'java/lang/Object')}
  0x000002a208b3e7cc: 0000 0149 | b868 1001 | 6da2 0200 | 0041 8b90 | cc00 0000 | 83c2 0241 | 8990 cc00 | 0000 81e2 
  0x000002a208b3e7ec: feff 1f00 | 85d2 0f84 | ee36 0000 | c740 0c9a | 9919 3f4c 

  0x000002a208b3e800: ;   {metadata(method data for {method} {0x000002a26d401260} 'simpleUpdate' '(F)V' in 'com/csproject/jMEMain')}
  0x000002a208b3e800: 8bc3 48ba | 18a0 e36d | a202 0000 | 4883 82b8 | 0100 0001 | 4c8b c048 | 8bd3 0f1f 

  0x000002a208b3e81c: ;   {optimized virtual_call}
  0x000002a208b3e81c: 4400 00e8 

  0x000002a208b3e820: ; ImmutableOopMap {[168]=Oop [176]=Oop }
                      ;*invokevirtual add {reexecute=0 rethrow=0 return_oop=0}
                      ; - com.csproject.jMEMain::simpleUpdate@30 (line 61)
  0x000002a208b3e820: 8cf8 8907 

  0x000002a208b3e824: ;   {other}
  0x000002a208b3e824: 0f1f 8400 | 1c0b 0002 | 488b 9c24 | a800 0000 

  0x000002a208b3e834: ; implicit exception: dispatches to 0x000002a208b41f07
  0x000002a208b3e834: 483b 034c 

  0x000002a208b3e838: ;   {metadata(method data for {method} {0x000002a26d401260} 'simpleUpdate' '(F)V' in 'com/csproject/jMEMain')}
  0x000002a208b3e838: 8bc3 49b9 | 18a0 e36d | a202 0000 | 458b 4008 | 49ba 0000 | 002c a202 | 0000 4d03 | c24d 3b81 
  0x000002a208b3e858: f001 0000 | 750d 4983 | 81f8 0100 | 0001 e960 | 0000 004d | 3b81 0002 | 0000 750d | 4983 8108 
  0x000002a208b3e878: 0200 0001 | e94a 0000 | 0049 83b9 | f001 0000 | 0075 174d | 8981 f001 | 0000 49c7 | 81f8 0100 
  0x000002a208b3e898: 0001 0000 | 00e9 2900 | 0000 4983 | b900 0200 | 0000 7517 | 4d89 8100 | 0200 0049 | c781 0802 
  0x000002a208b3e8b8: 0000 0100 | 0000 e908 | 0000 0049 | 8381 e801 

  0x000002a208b3e8c8: ;   {metadata(method data for {method} {0x000002a26dac1ae8} 'setPhysicsLocation' '(Lcom/jme3/math/Vector3f;)V' in 'com/jme3/bullet/objects/PhysicsRigidBody')}
  0x000002a208b3e8c8: 0000 0149 | b8f8 cde0 | 6da2 0200 | 0045 8b88 | cc00 0000 | 4183 c102 | 4589 88cc | 0000 0041 
  0x000002a208b3e8e8: 81e1 feff | 1f00 4585 | c90f 8415 | 3600 004c | 8b43 104c 

  0x000002a208b3e8fc: ;   {metadata(method data for {method} {0x000002a26dac1ae8} 'setPhysicsLocation' '(Lcom/jme3/math/Vector3f;)V' in 'com/jme3/bullet/objects/PhysicsRigidBody')}
  0x000002a208b3e8fc: 8bcb 48ba | f8cd e06d | a202 0000 | 4883 8218 | 0100 0001 | 4c8b c848 | 8bd3 4889 | 8424 b800 
  0x000002a208b3e91c: ;   {optimized virtual_call}
  0x000002a208b3e91c: 0000 90e8 

  0x000002a208b3e920: ; ImmutableOopMap {[168]=Oop [176]=Oop [184]=Oop }
                      ;*invokespecial setPhysicsLocation {reexecute=0 rethrow=0 return_oop=0}
                      ; - com.jme3.bullet.objects.PhysicsRigidBody::setPhysicsLocation@6 (line 181)
                      ; - com.csproject.jMEMain::simpleUpdate@33 (line 60)
  0x000002a208b3e920: 0cd8 7e07 

  0x000002a208b3e924: ;   {other}
  0x000002a208b3e924: 0f1f 8400 | 1c0c 0003 | 488b 9424 | b000 0000 | 8b72 7c48 | c1e6 0348 | 3b06 488b 

  0x000002a208b3e940: ;   {metadata(method data for {method} {0x000002a26d401260} 'simpleUpdate' '(F)V' in 'com/csproject/jMEMain')}
  0x000002a208b3e940: fe48 b818 | a0e3 6da2 | 0200 0048 | 8380 2802 | 0000 018b | 7e54 48c1 | e703 837f | 0c02 0f86 
  0x000002a208b3e960: d835 0000 | 8b5f 1848 | c1e3 0348 | 899c 24d0 | 0000 0048 

  0x000002a208b3e974: ;   {metadata(method data for {method} {0x000002a26d401260} 'simpleUpdate' '(F)V' in 'com/csproject/jMEMain')}
  0x000002a208b3e974: 8bfe 48b8 | 18a0 e36d | a202 0000 | 4883 8058 | 0200 0001 | 448b 462c | 49c1 e003 | 4c89 8424 
  0x000002a208b3e994: c000 0000 

  0x000002a208b3e998: ; implicit exception: dispatches to 0x000002a208b41f4e
  0x000002a208b3e998: 493b 0049 

  0x000002a208b3e99c: ;   {metadata(method data for {method} {0x000002a26d401260} 'simpleUpdate' '(F)V' in 'com/csproject/jMEMain')}
  0x000002a208b3e99c: 8bf0 48bf | 18a0 e36d | a202 0000 | 8b76 0849 | ba00 0000 | 2ca2 0200 | 0049 03f2 | 483b b780 
  0x000002a208b3e9bc: 0200 0075 | 0d48 8387 | 8802 0000 | 01e9 6000 | 0000 483b | b790 0200 | 0075 0d48 | 8387 9802 
  0x000002a208b3e9dc: 0000 01e9 | 4a00 0000 | 4883 bf80 | 0200 0000 | 7517 4889 | b780 0200 | 0048 c787 | 8802 0000 
  0x000002a208b3e9fc: 0100 0000 | e929 0000 | 0048 83bf | 9002 0000 | 0075 1748 | 89b7 9002 | 0000 48c7 | 8798 0200 
  0x000002a208b3ea1c: 0001 0000 | 00e9 0800 | 0000 4883 | 8778 0200 

  0x000002a208b3ea2c: ;   {metadata(method data for {method} {0x000002a26dc90778} 'getPhysicsLocation' '()Lcom/jme3/math/Vector3f;' in 'com/jme3/bullet/objects/PhysicsCharacter')}
  0x000002a208b3ea2c: 0001 48be | 5056 e16d | a202 0000 | 8bbe cc00 | 0000 83c7 | 0289 becc | 0000 0081 | e7fe ff1f 
  0x000002a208b3ea4c: 0085 ff0f | 84fe 3400 | 0049 8bf0 

  0x000002a208b3ea58: ;   {metadata(method data for {method} {0x000002a26dc90778} 'getPhysicsLocation' '()Lcom/jme3/math/Vector3f;' in 'com/jme3/bullet/objects/PhysicsCharacter')}
  0x000002a208b3ea58: 48bf 5056 | e16d a202 | 0000 8b76 | 0849 ba00 | 0000 2ca2 | 0200 0049 | 03f2 483b | b720 0100 
  0x000002a208b3ea78: 0075 0d48 | 8387 2801 | 0000 01e9 | 6000 0000 | 483b b730 | 0100 0075 | 0d48 8387 | 3801 0000 
  0x000002a208b3ea98: 01e9 4a00 | 0000 4883 | bf20 0100 | 0000 7517 | 4889 b720 | 0100 0048 | c787 2801 | 0000 0100 
  0x000002a208b3eab8: 0000 e929 | 0000 0048 | 83bf 3001 | 0000 0075 | 1748 89b7 | 3001 0000 | 48c7 8738 | 0100 0001 
  0x000002a208b3ead8: 0000 00e9 | 0800 0000 | 4883 8718 | 0100 0001 

  0x000002a208b3eae8: ;   {metadata(method data for {method} {0x000002a26dc90618} 'getPhysicsLocation' '(Lcom/jme3/math/Vector3f;)Lcom/jme3/math/Vector3f;' in 'com/jme3/bullet/objects/PhysicsCharacter')}
  0x000002a208b3eae8: 48be e842 | e16d a202 | 0000 8bbe | cc00 0000 | 83c7 0289 | becc 0000 | 0081 e7fe | ff1f 0085 
  0x000002a208b3eb08: ff0f 8465 

  0x000002a208b3eb0c: ;   {metadata(method data for {method} {0x000002a26dc90618} 'getPhysicsLocation' '(Lcom/jme3/math/Vector3f;)Lcom/jme3/math/Vector3f;' in 'com/jme3/bullet/objects/PhysicsCharacter')}
  0x000002a208b3eb0c: 3400 0048 | bee8 42e1 | 6da2 0200 | 00ff 8628 

  0x000002a208b3eb1c: ;   {metadata('com/jme3/math/Vector3f')}
  0x000002a208b3eb1c: 0100 0048 | bad0 dd00 | 2da2 0200 | 0049 8b87 | b801 0000 | 488d 7818 | 493b bfc8 | 0100 000f 
  0x000002a208b3eb3c: 8754 3400 | 0049 89bf | b801 0000 | 48c7 0001 | 0000 0048 | 8bca 49ba | 0000 002c | a202 0000 
  0x000002a208b3eb5c: 492b ca89 | 4808 4833 | c989 480c | 4833 c948 | 8948 1048 

  0x000002a208b3eb70: ;   {metadata(method data for {method} {0x000002a26dc90618} 'getPhysicsLocation' '(Lcom/jme3/math/Vector3f;)Lcom/jme3/math/Vector3f;' in 'com/jme3/bullet/objects/PhysicsCharacter')}
  0x000002a208b3eb70: 8bd0 48be | e842 e16d | a202 0000 | 4883 8638 | 0100 0001 | 488b d048 | 8984 24c8 

  0x000002a208b3eb8c: ;   {optimized virtual_call}
  0x000002a208b3eb8c: 0000 00e8 

  0x000002a208b3eb90: ; ImmutableOopMap {[176]=Oop [192]=Oop [200]=Oop [208]=Oop }
                      ;*invokespecial <init> {reexecute=0 rethrow=0 return_oop=0}
                      ; - com.jme3.bullet.objects.PhysicsCharacter::getPhysicsLocation@8 (line 557)
                      ; - com.jme3.bullet.objects.PhysicsCharacter::getPhysicsLocation@2 (line 571)
                      ; - com.csproject.jMEMain::simpleUpdate@52 (line 64)
  0x000002a208b3eb90: fc17 8907 

  0x000002a208b3eb94: ;   {other}
  0x000002a208b3eb94: 0f1f 8400 | 8c0e 0004 | 4c8b 8424 | c000 0000 | 4d8b 4810 

  0x000002a208b3eba8: ;   {metadata(method data for {method} {0x000002a26dc90618} 'getPhysicsLocation' '(Lcom/jme3/math/Vector3f;)Lcom/jme3/math/Vector3f;' in 'com/jme3/bullet/objects/PhysicsCharacter')}
  0x000002a208b3eba8: 498b d048 | bee8 42e1 | 6da2 0200 | 0048 8386 | 4801 0000 | 0149 8bf0 | 4d8b c14c | 8b8c 24c8 
  0x000002a208b3ebc8: 0000 0048 

  0x000002a208b3ebcc: ;   {optimized virtual_call}
  0x000002a208b3ebcc: 8bd6 90e8 

  0x000002a208b3ebd0: ; ImmutableOopMap {[176]=Oop [192]=Oop [200]=Oop [208]=Oop }
                      ;*invokespecial getPhysicsLocation {reexecute=0 rethrow=0 return_oop=0}
                      ; - com.jme3.bullet.objects.PhysicsCharacter::getPhysicsLocation@18 (line 559)
                      ; - com.jme3.bullet.objects.PhysicsCharacter::getPhysicsLocation@2 (line 571)
                      ; - com.csproject.jMEMain::simpleUpdate@52 (line 64)
  0x000002a208b3ebd0: 5c5b 7f07 

  0x000002a208b3ebd4: ;   {other}
  0x000002a208b3ebd4: 0f1f 8400 | cc0e 0005 | 488b 9c24 | c800 0000 

  0x000002a208b3ebe4: ;   {metadata('com/jme3/math/Vector3f')}
  0x000002a208b3ebe4: 48ba d0dd | 002d a202 | 0000 498b | 87b8 0100 | 0048 8d78 | 1849 3bbf | c801 0000 | 0f87 9c33 
  0x000002a208b3ec04: 0000 4989 | bfb8 0100 | 0048 c700 | 0100 0000 | 488b ca49 | ba00 0000 | 2ca2 0200 | 0049 2bca 
  0x000002a208b3ec24: 8948 0848 | 33c9 8948 | 0c48 33c9 | 4889 4810 

  0x000002a208b3ec34: ;   {metadata(method data for {method} {0x000002a26d401260} 'simpleUpdate' '(F)V' in 'com/csproject/jMEMain')}
  0x000002a208b3ec34: 4c8b c048 | ba18 a0e3 | 6da2 0200 | 0048 8382 | a802 0000 

  0x000002a208b3ec48: ;   {metadata(method data for {method} {0x000002a26d44c8f8} '<init>' '(FFF)V' in 'com/jme3/math/Vector3f')}
  0x000002a208b3ec48: 0149 b828 | 56c3 6da2 | 0200 0041 | 8b90 cc00 | 0000 83c2 | 0241 8990 | cc00 0000 | 81e2 feff 
  0x000002a208b3ec68: 1f00 85d2 | 0f84 3d33 | 0000 4c8b 

  0x000002a208b3ec74: ;   {metadata(method data for {method} {0x000002a26d44c8f8} '<init>' '(FFF)V' in 'com/jme3/math/Vector3f')}
  0x000002a208b3ec74: c048 ba28 | 56c3 6da2 | 0200 0048 | 8382 1801 

  0x000002a208b3ec84: ;   {metadata(method data for {method} {0x000002a22c49d700} '<init>' '()V' in 'java/lang/Object')}
  0x000002a208b3ec84: 0000 0149 | b868 1001 | 6da2 0200 | 0041 8b90 | cc00 0000 | 83c2 0241 | 8990 cc00 | 0000 81e2 
  0x000002a208b3eca4: feff 1f00 | 85d2 0f84 | 2033 0000 | c740 0c9a | 9919 bf4c 

  0x000002a208b3ecb8: ;   {metadata(method data for {method} {0x000002a26d401260} 'simpleUpdate' '(F)V' in 'com/csproject/jMEMain')}
  0x000002a208b3ecb8: 8bc3 48ba | 18a0 e36d | a202 0000 | 4883 82b8 | 0200 0001 | 4c8b c048 | 8bd3 0f1f 

  0x000002a208b3ecd4: ;   {optimized virtual_call}
  0x000002a208b3ecd4: 4400 00e8 

  0x000002a208b3ecd8: ; ImmutableOopMap {[176]=Oop [208]=Oop }
                      ;*invokevirtual add {reexecute=0 rethrow=0 return_oop=0}
                      ; - com.csproject.jMEMain::simpleUpdate@66 (line 64)
  0x000002a208b3ecd8: d4f3 8907 

  0x000002a208b3ecdc: ;   {other}
  0x000002a208b3ecdc: 0f1f 8400 | d40f 0006 | 488b 9c24 | d000 0000 

  0x000002a208b3ecec: ; implicit exception: dispatches to 0x000002a208b41ff1
  0x000002a208b3ecec: 483b 034c 

  0x000002a208b3ecf0: ;   {metadata(method data for {method} {0x000002a26d401260} 'simpleUpdate' '(F)V' in 'com/csproject/jMEMain')}
  0x000002a208b3ecf0: 8bc3 49b9 | 18a0 e36d | a202 0000 | 458b 4008 | 49ba 0000 | 002c a202 | 0000 4d03 | c24d 3b81 
  0x000002a208b3ed10: f002 0000 | 750d 4983 | 81f8 0200 | 0001 e960 | 0000 004d | 3b81 0003 | 0000 750d | 4983 8108 
  0x000002a208b3ed30: 0300 0001 | e94a 0000 | 0049 83b9 | f002 0000 | 0075 174d | 8981 f002 | 0000 49c7 | 81f8 0200 
  0x000002a208b3ed50: 0001 0000 | 00e9 2900 | 0000 4983 | b900 0300 | 0000 7517 | 4d89 8100 | 0300 0049 | c781 0803 
  0x000002a208b3ed70: 0000 0100 | 0000 e908 | 0000 0049 | 8381 e802 

  0x000002a208b3ed80: ;   {metadata(method data for {method} {0x000002a26dac1ae8} 'setPhysicsLocation' '(Lcom/jme3/math/Vector3f;)V' in 'com/jme3/bullet/objects/PhysicsRigidBody')}
  0x000002a208b3ed80: 0000 0149 | b8f8 cde0 | 6da2 0200 | 0045 8b88 | cc00 0000 | 4183 c102 | 4589 88cc | 0000 0041 
  0x000002a208b3eda0: 81e1 feff | 1f00 4585 | c90f 8447 | 3200 004c | 8b43 104c 

  0x000002a208b3edb4: ;   {metadata(method data for {method} {0x000002a26dac1ae8} 'setPhysicsLocation' '(Lcom/jme3/math/Vector3f;)V' in 'com/jme3/bullet/objects/PhysicsRigidBody')}
  0x000002a208b3edb4: 8bcb 48ba | f8cd e06d | a202 0000 | 4883 8218 | 0100 0001 | 4c8b c848 | 8bd3 4889 | 8424 d800 
  0x000002a208b3edd4: ;   {optimized virtual_call}
  0x000002a208b3edd4: 0000 90e8 

  0x000002a208b3edd8: ; ImmutableOopMap {[176]=Oop [208]=Oop [216]=Oop }
                      ;*invokespecial setPhysicsLocation {reexecute=0 rethrow=0 return_oop=0}
                      ; - com.jme3.bullet.objects.PhysicsRigidBody::setPhysicsLocation@6 (line 181)
                      ; - com.csproject.jMEMain::simpleUpdate@69 (line 63)
  0x000002a208b3edd8: 54d3 7e07 

  0x000002a208b3eddc: ;   {other}
  0x000002a208b3eddc: 0f1f 8400 | d410 0007 | 488b 9424 | b000 0000 | 8b72 7c48 | c1e6 0348 | 3b06 488b 

  0x000002a208b3edf8: ;   {metadata(method data for {method} {0x000002a26d401260} 'simpleUpdate' '(F)V' in 'com/csproject/jMEMain')}
  0x000002a208b3edf8: fe48 b818 | a0e3 6da2 | 0200 0048 | 8380 2803 | 0000 018b | 7e54 48c1 | e703 837f | 0c03 0f86 
  0x000002a208b3ee18: 0a32 0000 | 8b5f 1c48 | c1e3 0348 | 899c 24f0 | 0000 0048 

  0x000002a208b3ee2c: ;   {metadata(method data for {method} {0x000002a26d401260} 'simpleUpdate' '(F)V' in 'com/csproject/jMEMain')}
  0x000002a208b3ee2c: 8bfe 48b8 | 18a0 e36d | a202 0000 | 4883 8058 | 0300 0001 | 448b 462c | 49c1 e003 | 4c89 8424 
  0x000002a208b3ee4c: e000 0000 

  0x000002a208b3ee50: ; implicit exception: dispatches to 0x000002a208b42038
  0x000002a208b3ee50: 493b 0049 

  0x000002a208b3ee54: ;   {metadata(method data for {method} {0x000002a26d401260} 'simpleUpdate' '(F)V' in 'com/csproject/jMEMain')}
  0x000002a208b3ee54: 8bf0 48bf | 18a0 e36d | a202 0000 | 8b76 0849 | ba00 0000 | 2ca2 0200 | 0049 03f2 | 483b b780 
  0x000002a208b3ee74: 0300 0075 | 0d48 8387 | 8803 0000 | 01e9 6000 | 0000 483b | b790 0300 | 0075 0d48 | 8387 9803 
  0x000002a208b3ee94: 0000 01e9 | 4a00 0000 | 4883 bf80 | 0300 0000 | 7517 4889 | b780 0300 | 0048 c787 | 8803 0000 
  0x000002a208b3eeb4: 0100 0000 | e929 0000 | 0048 83bf | 9003 0000 | 0075 1748 | 89b7 9003 | 0000 48c7 | 8798 0300 
  0x000002a208b3eed4: 0001 0000 | 00e9 0800 | 0000 4883 | 8778 0300 

  0x000002a208b3eee4: ;   {metadata(method data for {method} {0x000002a26dc90778} 'getPhysicsLocation' '()Lcom/jme3/math/Vector3f;' in 'com/jme3/bullet/objects/PhysicsCharacter')}
  0x000002a208b3eee4: 0001 48be | 5056 e16d | a202 0000 | 8bbe cc00 | 0000 83c7 | 0289 becc | 0000 0081 | e7fe ff1f 
  0x000002a208b3ef04: 0085 ff0f | 8430 3100 | 0049 8bf0 

  0x000002a208b3ef10: ;   {metadata(method data for {method} {0x000002a26dc90778} 'getPhysicsLocation' '()Lcom/jme3/math/Vector3f;' in 'com/jme3/bullet/objects/PhysicsCharacter')}
  0x000002a208b3ef10: 48bf 5056 | e16d a202 | 0000 8b76 | 0849 ba00 | 0000 2ca2 | 0200 0049 | 03f2 483b | b720 0100 
  0x000002a208b3ef30: 0075 0d48 | 8387 2801 | 0000 01e9 | 6000 0000 | 483b b730 | 0100 0075 | 0d48 8387 | 3801 0000 
  0x000002a208b3ef50: 01e9 4a00 | 0000 4883 | bf20 0100 | 0000 7517 | 4889 b720 | 0100 0048 | c787 2801 | 0000 0100 
  0x000002a208b3ef70: 0000 e929 | 0000 0048 | 83bf 3001 | 0000 0075 | 1748 89b7 | 3001 0000 | 48c7 8738 | 0100 0001 
  0x000002a208b3ef90: 0000 00e9 | 0800 0000 | 4883 8718 | 0100 0001 

  0x000002a208b3efa0: ;   {metadata(method data for {method} {0x000002a26dc90618} 'getPhysicsLocation' '(Lcom/jme3/math/Vector3f;)Lcom/jme3/math/Vector3f;' in 'com/jme3/bullet/objects/PhysicsCharacter')}
  0x000002a208b3efa0: 48be e842 | e16d a202 | 0000 8bbe | cc00 0000 | 83c7 0289 | becc 0000 | 0081 e7fe | ff1f 0085 
  0x000002a208b3efc0: ff0f 8497 

  0x000002a208b3efc4: ;   {metadata(method data for {method} {0x000002a26dc90618} 'getPhysicsLocation' '(Lcom/jme3/math/Vector3f;)Lcom/jme3/math/Vector3f;' in 'com/jme3/bullet/objects/PhysicsCharacter')}
  0x000002a208b3efc4: 3000 0048 | bee8 42e1 | 6da2 0200 | 00ff 8628 

  0x000002a208b3efd4: ;   {metadata('com/jme3/math/Vector3f')}
  0x000002a208b3efd4: 0100 0048 | bad0 dd00 | 2da2 0200 | 0049 8b87 | b801 0000 | 488d 7818 | 493b bfc8 | 0100 000f 
  0x000002a208b3eff4: 8786 3000 | 0049 89bf | b801 0000 | 48c7 0001 | 0000 0048 | 8bca 49ba | 0000 002c | a202 0000 
  0x000002a208b3f014: 492b ca89 | 4808 4833 | c989 480c | 4833 c948 | 8948 1048 

  0x000002a208b3f028: ;   {metadata(method data for {method} {0x000002a26dc90618} 'getPhysicsLocation' '(Lcom/jme3/math/Vector3f;)Lcom/jme3/math/Vector3f;' in 'com/jme3/bullet/objects/PhysicsCharacter')}
  0x000002a208b3f028: 8bd0 48be | e842 e16d | a202 0000 | 4883 8638 | 0100 0001 | 488b d048 | 8984 24e8 

  0x000002a208b3f044: ;   {optimized virtual_call}
  0x000002a208b3f044: 0000 00e8 

  0x000002a208b3f048: ; ImmutableOopMap {[176]=Oop [224]=Oop [232]=Oop [240]=Oop }
                      ;*invokespecial <init> {reexecute=0 rethrow=0 return_oop=0}
                      ; - com.jme3.bullet.objects.PhysicsCharacter::getPhysicsLocation@8 (line 557)
                      ; - com.jme3.bullet.objects.PhysicsCharacter::getPhysicsLocation@2 (line 571)
                      ; - com.csproject.jMEMain::simpleUpdate@88 (line 67)
  0x000002a208b3f048: 4413 8907 

  0x000002a208b3f04c: ;   {other}
  0x000002a208b3f04c: 0f1f 8400 | 4413 0008 | 4c8b 8424 | e000 0000 | 4d8b 4810 

  0x000002a208b3f060: ;   {metadata(method data for {method} {0x000002a26dc90618} 'getPhysicsLocation' '(Lcom/jme3/math/Vector3f;)Lcom/jme3/math/Vector3f;' in 'com/jme3/bullet/objects/PhysicsCharacter')}
  0x000002a208b3f060: 498b d048 | bee8 42e1 | 6da2 0200 | 0048 8386 | 4801 0000 | 0149 8bf0 | 4d8b c14c | 8b8c 24e8 
  0x000002a208b3f080: 0000 0048 

  0x000002a208b3f084: ;   {optimized virtual_call}
  0x000002a208b3f084: 8bd6 90e8 

  0x000002a208b3f088: ; ImmutableOopMap {[176]=Oop [224]=Oop [232]=Oop [240]=Oop }
                      ;*invokespecial getPhysicsLocation {reexecute=0 rethrow=0 return_oop=0}
                      ; - com.jme3.bullet.objects.PhysicsCharacter::getPhysicsLocation@18 (line 559)
                      ; - com.jme3.bullet.objects.PhysicsCharacter::getPhysicsLocation@2 (line 571)
                      ; - com.csproject.jMEMain::simpleUpdate@88 (line 67)
  0x000002a208b3f088: a456 7f07 

  0x000002a208b3f08c: ;   {other}
  0x000002a208b3f08c: 0f1f 8400 | 8413 0009 | 488b 9c24 | e800 0000 

  0x000002a208b3f09c: ;   {metadata('com/jme3/math/Vector3f')}
  0x000002a208b3f09c: 48ba d0dd | 002d a202 | 0000 498b | 87b8 0100 | 0048 8d78 | 1849 3bbf | c801 0000 | 0f87 ce2f 
  0x000002a208b3f0bc: 0000 4989 | bfb8 0100 | 0048 c700 | 0100 0000 | 488b ca49 | ba00 0000 | 2ca2 0200 | 0049 2bca 
  0x000002a208b3f0dc: 8948 0848 | 33c9 8948 | 0c48 33c9 | 4889 4810 

  0x000002a208b3f0ec: ;   {metadata(method data for {method} {0x000002a26d401260} 'simpleUpdate' '(F)V' in 'com/csproject/jMEMain')}
  0x000002a208b3f0ec: 4c8b c048 | ba18 a0e3 | 6da2 0200 | 0048 8382 | a803 0000 

  0x000002a208b3f100: ;   {metadata(method data for {method} {0x000002a26d44c8f8} '<init>' '(FFF)V' in 'com/jme3/math/Vector3f')}
  0x000002a208b3f100: 0149 b828 | 56c3 6da2 | 0200 0041 | 8b90 cc00 | 0000 83c2 | 0241 8990 | cc00 0000 | 81e2 feff 
  0x000002a208b3f120: 1f00 85d2 | 0f84 6f2f | 0000 4c8b 

  0x000002a208b3f12c: ;   {metadata(method data for {method} {0x000002a26d44c8f8} '<init>' '(FFF)V' in 'com/jme3/math/Vector3f')}
  0x000002a208b3f12c: c048 ba28 | 56c3 6da2 | 0200 0048 | 8382 1801 

  0x000002a208b3f13c: ;   {metadata(method data for {method} {0x000002a22c49d700} '<init>' '()V' in 'java/lang/Object')}
  0x000002a208b3f13c: 0000 0149 | b868 1001 | 6da2 0200 | 0041 8b90 | cc00 0000 | 83c2 0241 | 8990 cc00 | 0000 81e2 
  0x000002a208b3f15c: feff 1f00 | 85d2 0f84 | 522f 0000 | c740 149a | 9919 3f4c 

  0x000002a208b3f170: ;   {metadata(method data for {method} {0x000002a26d401260} 'simpleUpdate' '(F)V' in 'com/csproject/jMEMain')}
  0x000002a208b3f170: 8bc3 48ba | 18a0 e36d | a202 0000 | 4883 82b8 | 0300 0001 | 4c8b c048 | 8bd3 0f1f 

  0x000002a208b3f18c: ;   {optimized virtual_call}
  0x000002a208b3f18c: 4400 00e8 

  0x000002a208b3f190: ; ImmutableOopMap {[176]=Oop [240]=Oop }
                      ;*invokevirtual add {reexecute=0 rethrow=0 return_oop=0}
                      ; - com.csproject.jMEMain::simpleUpdate@102 (line 67)
  0x000002a208b3f190: 1cef 8907 

  0x000002a208b3f194: ;   {other}
  0x000002a208b3f194: 0f1f 8400 | 8c14 000a | 488b 9c24 | f000 0000 

  0x000002a208b3f1a4: ; implicit exception: dispatches to 0x000002a208b420db
  0x000002a208b3f1a4: 483b 034c 

  0x000002a208b3f1a8: ;   {metadata(method data for {method} {0x000002a26d401260} 'simpleUpdate' '(F)V' in 'com/csproject/jMEMain')}
  0x000002a208b3f1a8: 8bc3 49b9 | 18a0 e36d | a202 0000 | 458b 4008 | 49ba 0000 | 002c a202 | 0000 4d03 | c24d 3b81 
  0x000002a208b3f1c8: f003 0000 | 750d 4983 | 81f8 0300 | 0001 e960 | 0000 004d | 3b81 0004 | 0000 750d | 4983 8108 
  0x000002a208b3f1e8: 0400 0001 | e94a 0000 | 0049 83b9 | f003 0000 | 0075 174d | 8981 f003 | 0000 49c7 | 81f8 0300 
  0x000002a208b3f208: 0001 0000 | 00e9 2900 | 0000 4983 | b900 0400 | 0000 7517 | 4d89 8100 | 0400 0049 | c781 0804 
  0x000002a208b3f228: 0000 0100 | 0000 e908 | 0000 0049 | 8381 e803 

  0x000002a208b3f238: ;   {metadata(method data for {method} {0x000002a26dac1ae8} 'setPhysicsLocation' '(Lcom/jme3/math/Vector3f;)V' in 'com/jme3/bullet/objects/PhysicsRigidBody')}
  0x000002a208b3f238: 0000 0149 | b8f8 cde0 | 6da2 0200 | 0045 8b88 | cc00 0000 | 4183 c102 | 4589 88cc | 0000 0041 
  0x000002a208b3f258: 81e1 feff | 1f00 4585 | c90f 8479 | 2e00 004c | 8b43 104c 

  0x000002a208b3f26c: ;   {metadata(method data for {method} {0x000002a26dac1ae8} 'setPhysicsLocation' '(Lcom/jme3/math/Vector3f;)V' in 'com/jme3/bullet/objects/PhysicsRigidBody')}
  0x000002a208b3f26c: 8bcb 48ba | f8cd e06d | a202 0000 | 4883 8218 | 0100 0001 | 4c8b c848 | 8bd3 4889 | 8424 f800 
  0x000002a208b3f28c: ;   {optimized virtual_call}
  0x000002a208b3f28c: 0000 90e8 

  0x000002a208b3f290: ; ImmutableOopMap {[176]=Oop [240]=Oop [248]=Oop }
                      ;*invokespecial setPhysicsLocation {reexecute=0 rethrow=0 return_oop=0}
                      ; - com.jme3.bullet.objects.PhysicsRigidBody::setPhysicsLocation@6 (line 181)
                      ; - com.csproject.jMEMain::simpleUpdate@105 (line 66)
  0x000002a208b3f290: 9cce 7e07 

  0x000002a208b3f294: ;   {other}
  0x000002a208b3f294: 0f1f 8400 | 8c15 000b | 488b 9424 | b000 0000 | 8b72 7c48 | c1e6 0348 | 3b06 488b 

  0x000002a208b3f2b0: ;   {metadata(method data for {method} {0x000002a26d401260} 'simpleUpdate' '(F)V' in 'com/csproject/jMEMain')}
  0x000002a208b3f2b0: fe48 b818 | a0e3 6da2 | 0200 0048 | 8380 2804 | 0000 018b | 7e54 48c1 | e703 837f | 0c04 0f86 
  0x000002a208b3f2d0: 3c2e 0000 | 8b5f 2048 | c1e3 0348 | 899c 2410 | 0100 0048 

  0x000002a208b3f2e4: ;   {metadata(method data for {method} {0x000002a26d401260} 'simpleUpdate' '(F)V' in 'com/csproject/jMEMain')}
  0x000002a208b3f2e4: 8bfe 48b8 | 18a0 e36d | a202 0000 | 4883 8058 | 0400 0001 | 448b 462c | 49c1 e003 | 4c89 8424 
  0x000002a208b3f304: 0001 0000 

  0x000002a208b3f308: ; implicit exception: dispatches to 0x000002a208b42122
  0x000002a208b3f308: 493b 0049 

  0x000002a208b3f30c: ;   {metadata(method data for {method} {0x000002a26d401260} 'simpleUpdate' '(F)V' in 'com/csproject/jMEMain')}
  0x000002a208b3f30c: 8bf0 48bf | 18a0 e36d | a202 0000 | 8b76 0849 | ba00 0000 | 2ca2 0200 | 0049 03f2 | 483b b780 
  0x000002a208b3f32c: 0400 0075 | 0d48 8387 | 8804 0000 | 01e9 6000 | 0000 483b | b790 0400 | 0075 0d48 | 8387 9804 
  0x000002a208b3f34c: 0000 01e9 | 4a00 0000 | 4883 bf80 | 0400 0000 | 7517 4889 | b780 0400 | 0048 c787 | 8804 0000 
  0x000002a208b3f36c: 0100 0000 | e929 0000 | 0048 83bf | 9004 0000 | 0075 1748 | 89b7 9004 | 0000 48c7 | 8798 0400 
  0x000002a208b3f38c: 0001 0000 | 00e9 0800 | 0000 4883 | 8778 0400 

  0x000002a208b3f39c: ;   {metadata(method data for {method} {0x000002a26dc90778} 'getPhysicsLocation' '()Lcom/jme3/math/Vector3f;' in 'com/jme3/bullet/objects/PhysicsCharacter')}
  0x000002a208b3f39c: 0001 48be | 5056 e16d | a202 0000 | 8bbe cc00 | 0000 83c7 | 0289 becc | 0000 0081 | e7fe ff1f 
  0x000002a208b3f3bc: 0085 ff0f | 8462 2d00 | 0049 8bf0 

  0x000002a208b3f3c8: ;   {metadata(method data for {method} {0x000002a26dc90778} 'getPhysicsLocation' '()Lcom/jme3/math/Vector3f;' in 'com/jme3/bullet/objects/PhysicsCharacter')}
  0x000002a208b3f3c8: 48bf 5056 | e16d a202 | 0000 8b76 | 0849 ba00 | 0000 2ca2 | 0200 0049 | 03f2 483b | b720 0100 
  0x000002a208b3f3e8: 0075 0d48 | 8387 2801 | 0000 01e9 | 6000 0000 | 483b b730 | 0100 0075 | 0d48 8387 | 3801 0000 
  0x000002a208b3f408: 01e9 4a00 | 0000 4883 | bf20 0100 | 0000 7517 | 4889 b720 | 0100 0048 | c787 2801 | 0000 0100 
  0x000002a208b3f428: 0000 e929 | 0000 0048 | 83bf 3001 | 0000 0075 | 1748 89b7 | 3001 0000 | 48c7 8738 | 0100 0001 
  0x000002a208b3f448: 0000 00e9 | 0800 0000 | 4883 8718 | 0100 0001 

  0x000002a208b3f458: ;   {metadata(method data for {method} {0x000002a26dc90618} 'getPhysicsLocation' '(Lcom/jme3/math/Vector3f;)Lcom/jme3/math/Vector3f;' in 'com/jme3/bullet/objects/PhysicsCharacter')}
  0x000002a208b3f458: 48be e842 | e16d a202 | 0000 8bbe | cc00 0000 | 83c7 0289 | becc 0000 | 0081 e7fe | ff1f 0085 
  0x000002a208b3f478: ff0f 84c9 

  0x000002a208b3f47c: ;   {metadata(method data for {method} {0x000002a26dc90618} 'getPhysicsLocation' '(Lcom/jme3/math/Vector3f;)Lcom/jme3/math/Vector3f;' in 'com/jme3/bullet/objects/PhysicsCharacter')}
  0x000002a208b3f47c: 2c00 0048 | bee8 42e1 | 6da2 0200 | 00ff 8628 

  0x000002a208b3f48c: ;   {metadata('com/jme3/math/Vector3f')}
  0x000002a208b3f48c: 0100 0048 | bad0 dd00 | 2da2 0200 | 0049 8b87 | b801 0000 | 488d 7818 | 493b bfc8 | 0100 000f 
  0x000002a208b3f4ac: 87b8 2c00 | 0049 89bf | b801 0000 | 48c7 0001 | 0000 0048 | 8bca 49ba | 0000 002c | a202 0000 
  0x000002a208b3f4cc: 492b ca89 | 4808 4833 | c989 480c | 4833 c948 | 8948 1048 

  0x000002a208b3f4e0: ;   {metadata(method data for {method} {0x000002a26dc90618} 'getPhysicsLocation' '(Lcom/jme3/math/Vector3f;)Lcom/jme3/math/Vector3f;' in 'com/jme3/bullet/objects/PhysicsCharacter')}
  0x000002a208b3f4e0: 8bd0 48be | e842 e16d | a202 0000 | 4883 8638 | 0100 0001 | 488b d048 | 8984 2408 

  0x000002a208b3f4fc: ;   {optimized virtual_call}
  0x000002a208b3f4fc: 0100 00e8 

  0x000002a208b3f500: ; ImmutableOopMap {[176]=Oop [256]=Oop [264]=Oop [272]=Oop }
                      ;*invokespecial <init> {reexecute=0 rethrow=0 return_oop=0}
                      ; - com.jme3.bullet.objects.PhysicsCharacter::getPhysicsLocation@8 (line 557)
                      ; - com.jme3.bullet.objects.PhysicsCharacter::getPhysicsLocation@2 (line 571)
                      ; - com.csproject.jMEMain::simpleUpdate@124 (line 70)
  0x000002a208b3f500: 8c0e 8907 

  0x000002a208b3f504: ;   {other}
  0x000002a208b3f504: 0f1f 8400 | fc17 000c | 4c8b 8424 | 0001 0000 | 4d8b 4810 

  0x000002a208b3f518: ;   {metadata(method data for {method} {0x000002a26dc90618} 'getPhysicsLocation' '(Lcom/jme3/math/Vector3f;)Lcom/jme3/math/Vector3f;' in 'com/jme3/bullet/objects/PhysicsCharacter')}
  0x000002a208b3f518: 498b d048 | bee8 42e1 | 6da2 0200 | 0048 8386 | 4801 0000 | 0149 8bf0 | 4d8b c14c | 8b8c 2408 
  0x000002a208b3f538: 0100 0048 

  0x000002a208b3f53c: ;   {optimized virtual_call}
  0x000002a208b3f53c: 8bd6 90e8 

  0x000002a208b3f540: ; ImmutableOopMap {[176]=Oop [256]=Oop [264]=Oop [272]=Oop }
                      ;*invokespecial getPhysicsLocation {reexecute=0 rethrow=0 return_oop=0}
                      ; - com.jme3.bullet.objects.PhysicsCharacter::getPhysicsLocation@18 (line 559)
                      ; - com.jme3.bullet.objects.PhysicsCharacter::getPhysicsLocation@2 (line 571)
                      ; - com.csproject.jMEMain::simpleUpdate@124 (line 70)
  0x000002a208b3f540: ec51 7f07 

  0x000002a208b3f544: ;   {other}
  0x000002a208b3f544: 0f1f 8400 | 3c18 000d | 488b 9c24 | 0801 0000 

  0x000002a208b3f554: ;   {metadata('com/jme3/math/Vector3f')}
  0x000002a208b3f554: 48ba d0dd | 002d a202 | 0000 498b | 87b8 0100 | 0048 8d78 | 1849 3bbf | c801 0000 | 0f87 002c 
  0x000002a208b3f574: 0000 4989 | bfb8 0100 | 0048 c700 | 0100 0000 | 488b ca49 | ba00 0000 | 2ca2 0200 | 0049 2bca 
  0x000002a208b3f594: 8948 0848 | 33c9 8948 | 0c48 33c9 | 4889 4810 

  0x000002a208b3f5a4: ;   {metadata(method data for {method} {0x000002a26d401260} 'simpleUpdate' '(F)V' in 'com/csproject/jMEMain')}
  0x000002a208b3f5a4: 4c8b c048 | ba18 a0e3 | 6da2 0200 | 0048 8382 | a804 0000 

  0x000002a208b3f5b8: ;   {metadata(method data for {method} {0x000002a26d44c8f8} '<init>' '(FFF)V' in 'com/jme3/math/Vector3f')}
  0x000002a208b3f5b8: 0149 b828 | 56c3 6da2 | 0200 0041 | 8b90 cc00 | 0000 83c2 | 0241 8990 | cc00 0000 | 81e2 feff 
  0x000002a208b3f5d8: 1f00 85d2 | 0f84 a12b | 0000 4c8b 

  0x000002a208b3f5e4: ;   {metadata(method data for {method} {0x000002a26d44c8f8} '<init>' '(FFF)V' in 'com/jme3/math/Vector3f')}
  0x000002a208b3f5e4: c048 ba28 | 56c3 6da2 | 0200 0048 | 8382 1801 

  0x000002a208b3f5f4: ;   {metadata(method data for {method} {0x000002a22c49d700} '<init>' '()V' in 'java/lang/Object')}
  0x000002a208b3f5f4: 0000 0149 | b868 1001 | 6da2 0200 | 0041 8b90 | cc00 0000 | 83c2 0241 | 8990 cc00 | 0000 81e2 
  0x000002a208b3f614: feff 1f00 | 85d2 0f84 | 842b 0000 | c740 149a | 9919 bf4c 

  0x000002a208b3f628: ;   {metadata(method data for {method} {0x000002a26d401260} 'simpleUpdate' '(F)V' in 'com/csproject/jMEMain')}
  0x000002a208b3f628: 8bc3 48ba | 18a0 e36d | a202 0000 | 4883 82b8 | 0400 0001 | 4c8b c048 | 8bd3 0f1f 

  0x000002a208b3f644: ;   {optimized virtual_call}
  0x000002a208b3f644: 4400 00e8 

  0x000002a208b3f648: ; ImmutableOopMap {[176]=Oop [272]=Oop }
                      ;*invokevirtual add {reexecute=0 rethrow=0 return_oop=0}
                      ; - com.csproject.jMEMain::simpleUpdate@138 (line 70)
  0x000002a208b3f648: 64ea 8907 

  0x000002a208b3f64c: ;   {other}
  0x000002a208b3f64c: 0f1f 8400 | 4419 000e | 488b 9c24 | 1001 0000 

  0x000002a208b3f65c: ; implicit exception: dispatches to 0x000002a208b421c5
  0x000002a208b3f65c: 483b 034c 

  0x000002a208b3f660: ;   {metadata(method data for {method} {0x000002a26d401260} 'simpleUpdate' '(F)V' in 'com/csproject/jMEMain')}
  0x000002a208b3f660: 8bc3 49b9 | 18a0 e36d | a202 0000 | 458b 4008 | 49ba 0000 | 002c a202 | 0000 4d03 | c24d 3b81 
  0x000002a208b3f680: f004 0000 | 750d 4983 | 81f8 0400 | 0001 e960 | 0000 004d | 3b81 0005 | 0000 750d | 4983 8108 
  0x000002a208b3f6a0: 0500 0001 | e94a 0000 | 0049 83b9 | f004 0000 | 0075 174d | 8981 f004 | 0000 49c7 | 81f8 0400 
  0x000002a208b3f6c0: 0001 0000 | 00e9 2900 | 0000 4983 | b900 0500 | 0000 7517 | 4d89 8100 | 0500 0049 | c781 0805 
  0x000002a208b3f6e0: 0000 0100 | 0000 e908 | 0000 0049 | 8381 e804 

  0x000002a208b3f6f0: ;   {metadata(method data for {method} {0x000002a26dac1ae8} 'setPhysicsLocation' '(Lcom/jme3/math/Vector3f;)V' in 'com/jme3/bullet/objects/PhysicsRigidBody')}
  0x000002a208b3f6f0: 0000 0149 | b8f8 cde0 | 6da2 0200 | 0045 8b88 | cc00 0000 | 4183 c102 | 4589 88cc | 0000 0041 
  0x000002a208b3f710: 81e1 feff | 1f00 4585 | c90f 84ab | 2a00 004c | 8b43 104c 

  0x000002a208b3f724: ;   {metadata(method data for {method} {0x000002a26dac1ae8} 'setPhysicsLocation' '(Lcom/jme3/math/Vector3f;)V' in 'com/jme3/bullet/objects/PhysicsRigidBody')}
  0x000002a208b3f724: 8bcb 48ba | f8cd e06d | a202 0000 | 4883 8218 | 0100 0001 | 4c8b c848 | 8bd3 4889 | 8424 1801 
  0x000002a208b3f744: ;   {optimized virtual_call}
  0x000002a208b3f744: 0000 90e8 

  0x000002a208b3f748: ; ImmutableOopMap {[176]=Oop [272]=Oop [280]=Oop }
                      ;*invokespecial setPhysicsLocation {reexecute=0 rethrow=0 return_oop=0}
                      ; - com.jme3.bullet.objects.PhysicsRigidBody::setPhysicsLocation@6 (line 181)
                      ; - com.csproject.jMEMain::simpleUpdate@141 (line 69)
  0x000002a208b3f748: e4c9 7e07 

  0x000002a208b3f74c: ;   {other}
  0x000002a208b3f74c: 0f1f 8400 | 441a 000f | 488b 9424 | b000 0000 | 8b72 7c48 | c1e6 0348 | 3b06 488b 

  0x000002a208b3f768: ;   {metadata(method data for {method} {0x000002a26d401260} 'simpleUpdate' '(F)V' in 'com/csproject/jMEMain')}
  0x000002a208b3f768: fe48 b818 | a0e3 6da2 | 0200 0048 | 8380 2805 | 0000 018b | 7e54 48c1 | e703 837f | 0c05 0f86 
  0x000002a208b3f788: 6e2a 0000 | 8b5f 2448 | c1e3 0348 | 899c 2430 | 0100 0048 

  0x000002a208b3f79c: ;   {metadata(method data for {method} {0x000002a26d401260} 'simpleUpdate' '(F)V' in 'com/csproject/jMEMain')}
  0x000002a208b3f79c: 8bfe 48b8 | 18a0 e36d | a202 0000 | 4883 8058 | 0500 0001 | 448b 462c | 49c1 e003 | 4c89 8424 
  0x000002a208b3f7bc: 2001 0000 

  0x000002a208b3f7c0: ; implicit exception: dispatches to 0x000002a208b4220c
  0x000002a208b3f7c0: 493b 0049 

  0x000002a208b3f7c4: ;   {metadata(method data for {method} {0x000002a26d401260} 'simpleUpdate' '(F)V' in 'com/csproject/jMEMain')}
  0x000002a208b3f7c4: 8bf0 48bf | 18a0 e36d | a202 0000 | 8b76 0849 | ba00 0000 | 2ca2 0200 | 0049 03f2 | 483b b780 
  0x000002a208b3f7e4: 0500 0075 | 0d48 8387 | 8805 0000 | 01e9 6000 | 0000 483b | b790 0500 | 0075 0d48 | 8387 9805 
  0x000002a208b3f804: 0000 01e9 | 4a00 0000 | 4883 bf80 | 0500 0000 | 7517 4889 | b780 0500 | 0048 c787 | 8805 0000 
  0x000002a208b3f824: 0100 0000 | e929 0000 | 0048 83bf | 9005 0000 | 0075 1748 | 89b7 9005 | 0000 48c7 | 8798 0500 
  0x000002a208b3f844: 0001 0000 | 00e9 0800 | 0000 4883 | 8778 0500 

  0x000002a208b3f854: ;   {metadata(method data for {method} {0x000002a26dc90778} 'getPhysicsLocation' '()Lcom/jme3/math/Vector3f;' in 'com/jme3/bullet/objects/PhysicsCharacter')}
  0x000002a208b3f854: 0001 48be | 5056 e16d | a202 0000 | 8bbe cc00 | 0000 83c7 | 0289 becc | 0000 0081 | e7fe ff1f 
  0x000002a208b3f874: 0085 ff0f | 8494 2900 | 0049 8bf0 

  0x000002a208b3f880: ;   {metadata(method data for {method} {0x000002a26dc90778} 'getPhysicsLocation' '()Lcom/jme3/math/Vector3f;' in 'com/jme3/bullet/objects/PhysicsCharacter')}
  0x000002a208b3f880: 48bf 5056 | e16d a202 | 0000 8b76 | 0849 ba00 | 0000 2ca2 | 0200 0049 | 03f2 483b | b720 0100 
  0x000002a208b3f8a0: 0075 0d48 | 8387 2801 | 0000 01e9 | 6000 0000 | 483b b730 | 0100 0075 | 0d48 8387 | 3801 0000 
  0x000002a208b3f8c0: 01e9 4a00 | 0000 4883 | bf20 0100 | 0000 7517 | 4889 b720 | 0100 0048 | c787 2801 | 0000 0100 
  0x000002a208b3f8e0: 0000 e929 | 0000 0048 | 83bf 3001 | 0000 0075 | 1748 89b7 | 3001 0000 | 48c7 8738 | 0100 0001 
  0x000002a208b3f900: 0000 00e9 | 0800 0000 | 4883 8718 | 0100 0001 

  0x000002a208b3f910: ;   {metadata(method data for {method} {0x000002a26dc90618} 'getPhysicsLocation' '(Lcom/jme3/math/Vector3f;)Lcom/jme3/math/Vector3f;' in 'com/jme3/bullet/objects/PhysicsCharacter')}
  0x000002a208b3f910: 48be e842 | e16d a202 | 0000 8bbe | cc00 0000 | 83c7 0289 | becc 0000 | 0081 e7fe | ff1f 0085 
  0x000002a208b3f930: ff0f 84fb 

  0x000002a208b3f934: ;   {metadata(method data for {method} {0x000002a26dc90618} 'getPhysicsLocation' '(Lcom/jme3/math/Vector3f;)Lcom/jme3/math/Vector3f;' in 'com/jme3/bullet/objects/PhysicsCharacter')}
  0x000002a208b3f934: 2800 0048 | bee8 42e1 | 6da2 0200 | 00ff 8628 

  0x000002a208b3f944: ;   {metadata('com/jme3/math/Vector3f')}
  0x000002a208b3f944: 0100 0048 | bad0 dd00 | 2da2 0200 | 0049 8b87 | b801 0000 | 488d 7818 | 493b bfc8 | 0100 000f 
  0x000002a208b3f964: 87ea 2800 | 0049 89bf | b801 0000 | 48c7 0001 | 0000 0048 | 8bca 49ba | 0000 002c | a202 0000 
  0x000002a208b3f984: 492b ca89 | 4808 4833 | c989 480c | 4833 c948 | 8948 1048 

  0x000002a208b3f998: ;   {metadata(method data for {method} {0x000002a26dc90618} 'getPhysicsLocation' '(Lcom/jme3/math/Vector3f;)Lcom/jme3/math/Vector3f;' in 'com/jme3/bullet/objects/PhysicsCharacter')}
  0x000002a208b3f998: 8bd0 48be | e842 e16d | a202 0000 | 4883 8638 | 0100 0001 | 488b d048 | 8984 2428 

  0x000002a208b3f9b4: ;   {optimized virtual_call}
  0x000002a208b3f9b4: 0100 00e8 

  0x000002a208b3f9b8: ; ImmutableOopMap {[176]=Oop [288]=Oop [296]=Oop [304]=Oop }
                      ;*invokespecial <init> {reexecute=0 rethrow=0 return_oop=0}
                      ; - com.jme3.bullet.objects.PhysicsCharacter::getPhysicsLocation@8 (line 557)
                      ; - com.jme3.bullet.objects.PhysicsCharacter::getPhysicsLocation@2 (line 571)
                      ; - com.csproject.jMEMain::simpleUpdate@160 (line 73)
  0x000002a208b3f9b8: d409 8907 

  0x000002a208b3f9bc: ;   {other}
  0x000002a208b3f9bc: 0f1f 8400 | b41c 0010 | 4c8b 8424 | 2001 0000 | 4d8b 4810 

  0x000002a208b3f9d0: ;   {metadata(method data for {method} {0x000002a26dc90618} 'getPhysicsLocation' '(Lcom/jme3/math/Vector3f;)Lcom/jme3/math/Vector3f;' in 'com/jme3/bullet/objects/PhysicsCharacter')}
  0x000002a208b3f9d0: 498b d048 | bee8 42e1 | 6da2 0200 | 0048 8386 | 4801 0000 | 0149 8bf0 | 4d8b c14c | 8b8c 2428 
  0x000002a208b3f9f0: 0100 0048 

  0x000002a208b3f9f4: ;   {optimized virtual_call}
  0x000002a208b3f9f4: 8bd6 90e8 

  0x000002a208b3f9f8: ; ImmutableOopMap {[176]=Oop [288]=Oop [296]=Oop [304]=Oop }
                      ;*invokespecial getPhysicsLocation {reexecute=0 rethrow=0 return_oop=0}
                      ; - com.jme3.bullet.objects.PhysicsCharacter::getPhysicsLocation@18 (line 559)
                      ; - com.jme3.bullet.objects.PhysicsCharacter::getPhysicsLocation@2 (line 571)
                      ; - com.csproject.jMEMain::simpleUpdate@160 (line 73)
  0x000002a208b3f9f8: 344d 7f07 

  0x000002a208b3f9fc: ;   {other}
  0x000002a208b3f9fc: 0f1f 8400 | f41c 0011 | 488b 9c24 | 2801 0000 

  0x000002a208b3fa0c: ;   {metadata('com/jme3/math/Vector3f')}
  0x000002a208b3fa0c: 48ba d0dd | 002d a202 | 0000 498b | 87b8 0100 | 0048 8d78 | 1849 3bbf | c801 0000 | 0f87 3228 
  0x000002a208b3fa2c: 0000 4989 | bfb8 0100 | 0048 c700 | 0100 0000 | 488b ca49 | ba00 0000 | 2ca2 0200 | 0049 2bca 
  0x000002a208b3fa4c: 8948 0848 | 33c9 8948 | 0c48 33c9 | 4889 4810 

  0x000002a208b3fa5c: ;   {metadata(method data for {method} {0x000002a26d401260} 'simpleUpdate' '(F)V' in 'com/csproject/jMEMain')}
  0x000002a208b3fa5c: 4c8b c048 | ba18 a0e3 | 6da2 0200 | 0048 8382 | a805 0000 

  0x000002a208b3fa70: ;   {metadata(method data for {method} {0x000002a26d44c8f8} '<init>' '(FFF)V' in 'com/jme3/math/Vector3f')}
  0x000002a208b3fa70: 0149 b828 | 56c3 6da2 | 0200 0041 | 8b90 cc00 | 0000 83c2 | 0241 8990 | cc00 0000 | 81e2 feff 
  0x000002a208b3fa90: 1f00 85d2 | 0f84 d327 | 0000 4c8b 

  0x000002a208b3fa9c: ;   {metadata(method data for {method} {0x000002a26d44c8f8} '<init>' '(FFF)V' in 'com/jme3/math/Vector3f')}
  0x000002a208b3fa9c: c048 ba28 | 56c3 6da2 | 0200 0048 | 8382 1801 

  0x000002a208b3faac: ;   {metadata(method data for {method} {0x000002a22c49d700} '<init>' '()V' in 'java/lang/Object')}
  0x000002a208b3faac: 0000 0149 | b868 1001 | 6da2 0200 | 0041 8b90 | cc00 0000 | 83c2 0241 | 8990 cc00 | 0000 81e2 
  0x000002a208b3facc: feff 1f00 | 85d2 0f84 | b627 0000 | c740 0c9a | 9919 3fc7 | 4014 9a99 | 193f 4c8b 

  0x000002a208b3fae8: ;   {metadata(method data for {method} {0x000002a26d401260} 'simpleUpdate' '(F)V' in 'com/csproject/jMEMain')}
  0x000002a208b3fae8: c348 ba18 | a0e3 6da2 | 0200 0048 | 8382 b805 | 0000 014c | 8bc0 488b | d366 0f1f 

  0x000002a208b3fb04: ;   {optimized virtual_call}
  0x000002a208b3fb04: 4400 00e8 

  0x000002a208b3fb08: ; ImmutableOopMap {[176]=Oop [304]=Oop }
                      ;*invokevirtual add {reexecute=0 rethrow=0 return_oop=0}
                      ; - com.csproject.jMEMain::simpleUpdate@175 (line 73)
  0x000002a208b3fb08: a4e5 8907 

  0x000002a208b3fb0c: ;   {other}
  0x000002a208b3fb0c: 0f1f 8400 | 041e 0012 | 488b 9c24 | 3001 0000 

  0x000002a208b3fb1c: ; implicit exception: dispatches to 0x000002a208b422af
  0x000002a208b3fb1c: 483b 034c 

  0x000002a208b3fb20: ;   {metadata(method data for {method} {0x000002a26d401260} 'simpleUpdate' '(F)V' in 'com/csproject/jMEMain')}
  0x000002a208b3fb20: 8bc3 49b9 | 18a0 e36d | a202 0000 | 458b 4008 | 49ba 0000 | 002c a202 | 0000 4d03 | c24d 3b81 
  0x000002a208b3fb40: f005 0000 | 750d 4983 | 81f8 0500 | 0001 e960 | 0000 004d | 3b81 0006 | 0000 750d | 4983 8108 
  0x000002a208b3fb60: 0600 0001 | e94a 0000 | 0049 83b9 | f005 0000 | 0075 174d | 8981 f005 | 0000 49c7 | 81f8 0500 
  0x000002a208b3fb80: 0001 0000 | 00e9 2900 | 0000 4983 | b900 0600 | 0000 7517 | 4d89 8100 | 0600 0049 | c781 0806 
  0x000002a208b3fba0: 0000 0100 | 0000 e908 | 0000 0049 | 8381 e805 

  0x000002a208b3fbb0: ;   {metadata(method data for {method} {0x000002a26dac1ae8} 'setPhysicsLocation' '(Lcom/jme3/math/Vector3f;)V' in 'com/jme3/bullet/objects/PhysicsRigidBody')}
  0x000002a208b3fbb0: 0000 0149 | b8f8 cde0 | 6da2 0200 | 0045 8b88 | cc00 0000 | 4183 c102 | 4589 88cc | 0000 0041 
  0x000002a208b3fbd0: 81e1 feff | 1f00 4585 | c90f 84d5 | 2600 004c | 8b43 104c 

  0x000002a208b3fbe4: ;   {metadata(method data for {method} {0x000002a26dac1ae8} 'setPhysicsLocation' '(Lcom/jme3/math/Vector3f;)V' in 'com/jme3/bullet/objects/PhysicsRigidBody')}
  0x000002a208b3fbe4: 8bcb 48ba | f8cd e06d | a202 0000 | 4883 8218 | 0100 0001 | 4c8b c848 | 8bd3 4889 | 8424 3801 
  0x000002a208b3fc04: ;   {optimized virtual_call}
  0x000002a208b3fc04: 0000 90e8 

  0x000002a208b3fc08: ; ImmutableOopMap {[176]=Oop [304]=Oop [312]=Oop }
                      ;*invokespecial setPhysicsLocation {reexecute=0 rethrow=0 return_oop=0}
                      ; - com.jme3.bullet.objects.PhysicsRigidBody::setPhysicsLocation@6 (line 181)
                      ; - com.csproject.jMEMain::simpleUpdate@178 (line 72)
  0x000002a208b3fc08: 24c5 7e07 

  0x000002a208b3fc0c: ;   {other}
  0x000002a208b3fc0c: 0f1f 8400 | 041f 0013 | 488b 9424 | b000 0000 | 8b72 7c48 | c1e6 0348 | 3b06 488b 

  0x000002a208b3fc28: ;   {metadata(method data for {method} {0x000002a26d401260} 'simpleUpdate' '(F)V' in 'com/csproject/jMEMain')}
  0x000002a208b3fc28: fe48 b818 | a0e3 6da2 | 0200 0048 | 8380 2806 | 0000 018b | 7e54 48c1 | e703 837f | 0c06 0f86 
  0x000002a208b3fc48: 9826 0000 | 8b5f 2848 | c1e3 0348 | 899c 2450 | 0100 0048 

  0x000002a208b3fc5c: ;   {metadata(method data for {method} {0x000002a26d401260} 'simpleUpdate' '(F)V' in 'com/csproject/jMEMain')}
  0x000002a208b3fc5c: 8bfe 48b8 | 18a0 e36d | a202 0000 | 4883 8058 | 0600 0001 | 448b 462c | 49c1 e003 | 4c89 8424 
  0x000002a208b3fc7c: 4001 0000 

  0x000002a208b3fc80: ; implicit exception: dispatches to 0x000002a208b422f6
  0x000002a208b3fc80: 493b 0049 

  0x000002a208b3fc84: ;   {metadata(method data for {method} {0x000002a26d401260} 'simpleUpdate' '(F)V' in 'com/csproject/jMEMain')}
  0x000002a208b3fc84: 8bf0 48bf | 18a0 e36d | a202 0000 | 8b76 0849 | ba00 0000 | 2ca2 0200 | 0049 03f2 | 483b b780 
  0x000002a208b3fca4: 0600 0075 | 0d48 8387 | 8806 0000 | 01e9 6000 | 0000 483b | b790 0600 | 0075 0d48 | 8387 9806 
  0x000002a208b3fcc4: 0000 01e9 | 4a00 0000 | 4883 bf80 | 0600 0000 | 7517 4889 | b780 0600 | 0048 c787 | 8806 0000 
  0x000002a208b3fce4: 0100 0000 | e929 0000 | 0048 83bf | 9006 0000 | 0075 1748 | 89b7 9006 | 0000 48c7 | 8798 0600 
  0x000002a208b3fd04: 0001 0000 | 00e9 0800 | 0000 4883 | 8778 0600 

  0x000002a208b3fd14: ;   {metadata(method data for {method} {0x000002a26dc90778} 'getPhysicsLocation' '()Lcom/jme3/math/Vector3f;' in 'com/jme3/bullet/objects/PhysicsCharacter')}
  0x000002a208b3fd14: 0001 48be | 5056 e16d | a202 0000 | 8bbe cc00 | 0000 83c7 | 0289 becc | 0000 0081 | e7fe ff1f 
  0x000002a208b3fd34: 0085 ff0f | 84be 2500 | 0049 8bf0 

  0x000002a208b3fd40: ;   {metadata(method data for {method} {0x000002a26dc90778} 'getPhysicsLocation' '()Lcom/jme3/math/Vector3f;' in 'com/jme3/bullet/objects/PhysicsCharacter')}
  0x000002a208b3fd40: 48bf 5056 | e16d a202 | 0000 8b76 | 0849 ba00 | 0000 2ca2 | 0200 0049 | 03f2 483b | b720 0100 
  0x000002a208b3fd60: 0075 0d48 | 8387 2801 | 0000 01e9 | 6000 0000 | 483b b730 | 0100 0075 | 0d48 8387 | 3801 0000 
  0x000002a208b3fd80: 01e9 4a00 | 0000 4883 | bf20 0100 | 0000 7517 | 4889 b720 | 0100 0048 | c787 2801 | 0000 0100 
  0x000002a208b3fda0: 0000 e929 | 0000 0048 | 83bf 3001 | 0000 0075 | 1748 89b7 | 3001 0000 | 48c7 8738 | 0100 0001 
  0x000002a208b3fdc0: 0000 00e9 | 0800 0000 | 4883 8718 | 0100 0001 

  0x000002a208b3fdd0: ;   {metadata(method data for {method} {0x000002a26dc90618} 'getPhysicsLocation' '(Lcom/jme3/math/Vector3f;)Lcom/jme3/math/Vector3f;' in 'com/jme3/bullet/objects/PhysicsCharacter')}
  0x000002a208b3fdd0: 48be e842 | e16d a202 | 0000 8bbe | cc00 0000 | 83c7 0289 | becc 0000 | 0081 e7fe | ff1f 0085 
  0x000002a208b3fdf0: ff0f 8425 

  0x000002a208b3fdf4: ;   {metadata(method data for {method} {0x000002a26dc90618} 'getPhysicsLocation' '(Lcom/jme3/math/Vector3f;)Lcom/jme3/math/Vector3f;' in 'com/jme3/bullet/objects/PhysicsCharacter')}
  0x000002a208b3fdf4: 2500 0048 | bee8 42e1 | 6da2 0200 | 00ff 8628 

  0x000002a208b3fe04: ;   {metadata('com/jme3/math/Vector3f')}
  0x000002a208b3fe04: 0100 0048 | bad0 dd00 | 2da2 0200 | 0049 8b87 | b801 0000 | 488d 7818 | 493b bfc8 | 0100 000f 
  0x000002a208b3fe24: 8714 2500 | 0049 89bf | b801 0000 | 48c7 0001 | 0000 0048 | 8bca 49ba | 0000 002c | a202 0000 
  0x000002a208b3fe44: 492b ca89 | 4808 4833 | c989 480c | 4833 c948 | 8948 1048 

  0x000002a208b3fe58: ;   {metadata(method data for {method} {0x000002a26dc90618} 'getPhysicsLocation' '(Lcom/jme3/math/Vector3f;)Lcom/jme3/math/Vector3f;' in 'com/jme3/bullet/objects/PhysicsCharacter')}
  0x000002a208b3fe58: 8bd0 48be | e842 e16d | a202 0000 | 4883 8638 | 0100 0001 | 488b d048 | 8984 2448 

  0x000002a208b3fe74: ;   {optimized virtual_call}
  0x000002a208b3fe74: 0100 00e8 

  0x000002a208b3fe78: ; ImmutableOopMap {[176]=Oop [320]=Oop [328]=Oop [336]=Oop }
                      ;*invokespecial <init> {reexecute=0 rethrow=0 return_oop=0}
                      ; - com.jme3.bullet.objects.PhysicsCharacter::getPhysicsLocation@8 (line 557)
                      ; - com.jme3.bullet.objects.PhysicsCharacter::getPhysicsLocation@2 (line 571)
                      ; - com.csproject.jMEMain::simpleUpdate@198 (line 76)
  0x000002a208b3fe78: 1405 8907 

  0x000002a208b3fe7c: ;   {other}
  0x000002a208b3fe7c: 0f1f 8400 | 7421 0014 | 4c8b 8424 | 4001 0000 | 4d8b 4810 

  0x000002a208b3fe90: ;   {metadata(method data for {method} {0x000002a26dc90618} 'getPhysicsLocation' '(Lcom/jme3/math/Vector3f;)Lcom/jme3/math/Vector3f;' in 'com/jme3/bullet/objects/PhysicsCharacter')}
  0x000002a208b3fe90: 498b d048 | bee8 42e1 | 6da2 0200 | 0048 8386 | 4801 0000 | 0149 8bf0 | 4d8b c14c | 8b8c 2448 
  0x000002a208b3feb0: 0100 0048 

  0x000002a208b3feb4: ;   {optimized virtual_call}
  0x000002a208b3feb4: 8bd6 90e8 

  0x000002a208b3feb8: ; ImmutableOopMap {[176]=Oop [320]=Oop [328]=Oop [336]=Oop }
                      ;*invokespecial getPhysicsLocation {reexecute=0 rethrow=0 return_oop=0}
                      ; - com.jme3.bullet.objects.PhysicsCharacter::getPhysicsLocation@18 (line 559)
                      ; - com.jme3.bullet.objects.PhysicsCharacter::getPhysicsLocation@2 (line 571)
                      ; - com.csproject.jMEMain::simpleUpdate@198 (line 76)
  0x000002a208b3feb8: 7448 7f07 

  0x000002a208b3febc: ;   {other}
  0x000002a208b3febc: 0f1f 8400 | b421 0015 | 488b 9c24 | 4801 0000 

  0x000002a208b3fecc: ;   {metadata('com/jme3/math/Vector3f')}
  0x000002a208b3fecc: 48ba d0dd | 002d a202 | 0000 498b | 87b8 0100 | 0048 8d78 | 1849 3bbf | c801 0000 | 0f87 5c24 
  0x000002a208b3feec: 0000 4989 | bfb8 0100 | 0048 c700 | 0100 0000 | 488b ca49 | ba00 0000 | 2ca2 0200 | 0049 2bca 
  0x000002a208b3ff0c: 8948 0848 | 33c9 8948 | 0c48 33c9 | 4889 4810 

  0x000002a208b3ff1c: ;   {metadata(method data for {method} {0x000002a26d401260} 'simpleUpdate' '(F)V' in 'com/csproject/jMEMain')}
  0x000002a208b3ff1c: 4c8b c048 | ba18 a0e3 | 6da2 0200 | 0048 8382 | a806 0000 

  0x000002a208b3ff30: ;   {metadata(method data for {method} {0x000002a26d44c8f8} '<init>' '(FFF)V' in 'com/jme3/math/Vector3f')}
  0x000002a208b3ff30: 0149 b828 | 56c3 6da2 | 0200 0041 | 8b90 cc00 | 0000 83c2 | 0241 8990 | cc00 0000 | 81e2 feff 
  0x000002a208b3ff50: 1f00 85d2 | 0f84 fd23 | 0000 4c8b 

  0x000002a208b3ff5c: ;   {metadata(method data for {method} {0x000002a26d44c8f8} '<init>' '(FFF)V' in 'com/jme3/math/Vector3f')}
  0x000002a208b3ff5c: c048 ba28 | 56c3 6da2 | 0200 0048 | 8382 1801 

  0x000002a208b3ff6c: ;   {metadata(method data for {method} {0x000002a22c49d700} '<init>' '()V' in 'java/lang/Object')}
  0x000002a208b3ff6c: 0000 0149 | b868 1001 | 6da2 0200 | 0041 8b90 | cc00 0000 | 83c2 0241 | 8990 cc00 | 0000 81e2 
  0x000002a208b3ff8c: feff 1f00 | 85d2 0f84 | e023 0000 | c740 0c9a | 9919 bfc7 | 4014 9a99 | 193f 4c8b 

  0x000002a208b3ffa8: ;   {metadata(method data for {method} {0x000002a26d401260} 'simpleUpdate' '(F)V' in 'com/csproject/jMEMain')}
  0x000002a208b3ffa8: c348 ba18 | a0e3 6da2 | 0200 0048 | 8382 b806 | 0000 014c | 8bc0 488b | d366 0f1f 

  0x000002a208b3ffc4: ;   {optimized virtual_call}
  0x000002a208b3ffc4: 4400 00e8 

  0x000002a208b3ffc8: ; ImmutableOopMap {[176]=Oop [336]=Oop }
                      ;*invokevirtual add {reexecute=0 rethrow=0 return_oop=0}
                      ; - com.csproject.jMEMain::simpleUpdate@213 (line 76)
  0x000002a208b3ffc8: e4e0 8907 

  0x000002a208b3ffcc: ;   {other}
  0x000002a208b3ffcc: 0f1f 8400 | c422 0016 | 488b 9c24 | 5001 0000 

  0x000002a208b3ffdc: ; implicit exception: dispatches to 0x000002a208b42399
  0x000002a208b3ffdc: 483b 034c 

  0x000002a208b3ffe0: ;   {metadata(method data for {method} {0x000002a26d401260} 'simpleUpdate' '(F)V' in 'com/csproject/jMEMain')}
  0x000002a208b3ffe0: 8bc3 49b9 | 18a0 e36d | a202 0000 | 458b 4008 | 49ba 0000 | 002c a202 | 0000 4d03 | c24d 3b81 
  0x000002a208b40000: f006 0000 | 750d 4983 | 81f8 0600 | 0001 e960 | 0000 004d | 3b81 0007 | 0000 750d | 4983 8108 
  0x000002a208b40020: 0700 0001 | e94a 0000 | 0049 83b9 | f006 0000 | 0075 174d | 8981 f006 | 0000 49c7 | 81f8 0600 
  0x000002a208b40040: 0001 0000 | 00e9 2900 | 0000 4983 | b900 0700 | 0000 7517 | 4d89 8100 | 0700 0049 | c781 0807 
  0x000002a208b40060: 0000 0100 | 0000 e908 | 0000 0049 | 8381 e806 

  0x000002a208b40070: ;   {metadata(method data for {method} {0x000002a26dac1ae8} 'setPhysicsLocation' '(Lcom/jme3/math/Vector3f;)V' in 'com/jme3/bullet/objects/PhysicsRigidBody')}
  0x000002a208b40070: 0000 0149 | b8f8 cde0 | 6da2 0200 | 0045 8b88 | cc00 0000 | 4183 c102 | 4589 88cc | 0000 0041 
  0x000002a208b40090: 81e1 feff | 1f00 4585 | c90f 84ff | 2200 004c | 8b43 104c 

  0x000002a208b400a4: ;   {metadata(method data for {method} {0x000002a26dac1ae8} 'setPhysicsLocation' '(Lcom/jme3/math/Vector3f;)V' in 'com/jme3/bullet/objects/PhysicsRigidBody')}
  0x000002a208b400a4: 8bcb 48ba | f8cd e06d | a202 0000 | 4883 8218 | 0100 0001 | 4c8b c848 | 8bd3 4889 | 8424 5801 
  0x000002a208b400c4: ;   {optimized virtual_call}
  0x000002a208b400c4: 0000 90e8 

  0x000002a208b400c8: ; ImmutableOopMap {[176]=Oop [336]=Oop [344]=Oop }
                      ;*invokespecial setPhysicsLocation {reexecute=0 rethrow=0 return_oop=0}
                      ; - com.jme3.bullet.objects.PhysicsRigidBody::setPhysicsLocation@6 (line 181)
                      ; - com.csproject.jMEMain::simpleUpdate@216 (line 75)
  0x000002a208b400c8: 64c0 7e07 

  0x000002a208b400cc: ;   {other}
  0x000002a208b400cc: 0f1f 8400 | c423 0017 | 488b 9424 | b000 0000 | 8b72 7c48 | c1e6 0348 | 3b06 488b 

  0x000002a208b400e8: ;   {metadata(method data for {method} {0x000002a26d401260} 'simpleUpdate' '(F)V' in 'com/csproject/jMEMain')}
  0x000002a208b400e8: fe48 b818 | a0e3 6da2 | 0200 0048 | 8380 2807 | 0000 018b | 7e54 48c1 | e703 837f | 0c07 0f86 
  0x000002a208b40108: c222 0000 | 8b5f 2c48 | c1e3 0348 | 899c 2470 | 0100 0048 

  0x000002a208b4011c: ;   {metadata(method data for {method} {0x000002a26d401260} 'simpleUpdate' '(F)V' in 'com/csproject/jMEMain')}
  0x000002a208b4011c: 8bfe 48b8 | 18a0 e36d | a202 0000 | 4883 8058 | 0700 0001 | 448b 462c | 49c1 e003 | 4c89 8424 
  0x000002a208b4013c: 6001 0000 

  0x000002a208b40140: ; implicit exception: dispatches to 0x000002a208b423e0
  0x000002a208b40140: 493b 0049 

  0x000002a208b40144: ;   {metadata(method data for {method} {0x000002a26d401260} 'simpleUpdate' '(F)V' in 'com/csproject/jMEMain')}
  0x000002a208b40144: 8bf0 48bf | 18a0 e36d | a202 0000 | 8b76 0849 | ba00 0000 | 2ca2 0200 | 0049 03f2 | 483b b780 
  0x000002a208b40164: 0700 0075 | 0d48 8387 | 8807 0000 | 01e9 6000 | 0000 483b | b790 0700 | 0075 0d48 | 8387 9807 
  0x000002a208b40184: 0000 01e9 | 4a00 0000 | 4883 bf80 | 0700 0000 | 7517 4889 | b780 0700 | 0048 c787 | 8807 0000 
  0x000002a208b401a4: 0100 0000 | e929 0000 | 0048 83bf | 9007 0000 | 0075 1748 | 89b7 9007 | 0000 48c7 | 8798 0700 
  0x000002a208b401c4: 0001 0000 | 00e9 0800 | 0000 4883 | 8778 0700 

  0x000002a208b401d4: ;   {metadata(method data for {method} {0x000002a26dc90778} 'getPhysicsLocation' '()Lcom/jme3/math/Vector3f;' in 'com/jme3/bullet/objects/PhysicsCharacter')}
  0x000002a208b401d4: 0001 48be | 5056 e16d | a202 0000 | 8bbe cc00 | 0000 83c7 | 0289 becc | 0000 0081 | e7fe ff1f 
  0x000002a208b401f4: 0085 ff0f | 84e8 2100 | 0049 8bf0 

  0x000002a208b40200: ;   {metadata(method data for {method} {0x000002a26dc90778} 'getPhysicsLocation' '()Lcom/jme3/math/Vector3f;' in 'com/jme3/bullet/objects/PhysicsCharacter')}
  0x000002a208b40200: 48bf 5056 | e16d a202 | 0000 8b76 | 0849 ba00 | 0000 2ca2 | 0200 0049 | 03f2 483b | b720 0100 
  0x000002a208b40220: 0075 0d48 | 8387 2801 | 0000 01e9 | 6000 0000 | 483b b730 | 0100 0075 | 0d48 8387 | 3801 0000 
  0x000002a208b40240: 01e9 4a00 | 0000 4883 | bf20 0100 | 0000 7517 | 4889 b720 | 0100 0048 | c787 2801 | 0000 0100 
  0x000002a208b40260: 0000 e929 | 0000 0048 | 83bf 3001 | 0000 0075 | 1748 89b7 | 3001 0000 | 48c7 8738 | 0100 0001 
  0x000002a208b40280: 0000 00e9 | 0800 0000 | 4883 8718 | 0100 0001 

  0x000002a208b40290: ;   {metadata(method data for {method} {0x000002a26dc90618} 'getPhysicsLocation' '(Lcom/jme3/math/Vector3f;)Lcom/jme3/math/Vector3f;' in 'com/jme3/bullet/objects/PhysicsCharacter')}
  0x000002a208b40290: 48be e842 | e16d a202 | 0000 8bbe | cc00 0000 | 83c7 0289 | becc 0000 | 0081 e7fe | ff1f 0085 
  0x000002a208b402b0: ff0f 844f 

  0x000002a208b402b4: ;   {metadata(method data for {method} {0x000002a26dc90618} 'getPhysicsLocation' '(Lcom/jme3/math/Vector3f;)Lcom/jme3/math/Vector3f;' in 'com/jme3/bullet/objects/PhysicsCharacter')}
  0x000002a208b402b4: 2100 0048 | bee8 42e1 | 6da2 0200 | 00ff 8628 

  0x000002a208b402c4: ;   {metadata('com/jme3/math/Vector3f')}
  0x000002a208b402c4: 0100 0048 | bad0 dd00 | 2da2 0200 | 0049 8b87 | b801 0000 | 488d 7818 | 493b bfc8 | 0100 000f 
  0x000002a208b402e4: 873e 2100 | 0049 89bf | b801 0000 | 48c7 0001 | 0000 0048 | 8bca 49ba | 0000 002c | a202 0000 
  0x000002a208b40304: 492b ca89 | 4808 4833 | c989 480c | 4833 c948 | 8948 1048 

  0x000002a208b40318: ;   {metadata(method data for {method} {0x000002a26dc90618} 'getPhysicsLocation' '(Lcom/jme3/math/Vector3f;)Lcom/jme3/math/Vector3f;' in 'com/jme3/bullet/objects/PhysicsCharacter')}
  0x000002a208b40318: 8bd0 48be | e842 e16d | a202 0000 | 4883 8638 | 0100 0001 | 488b d048 | 8984 2468 

  0x000002a208b40334: ;   {optimized virtual_call}
  0x000002a208b40334: 0100 00e8 

  0x000002a208b40338: ; ImmutableOopMap {[176]=Oop [352]=Oop [360]=Oop [368]=Oop }
                      ;*invokespecial <init> {reexecute=0 rethrow=0 return_oop=0}
                      ; - com.jme3.bullet.objects.PhysicsCharacter::getPhysicsLocation@8 (line 557)
                      ; - com.jme3.bullet.objects.PhysicsCharacter::getPhysicsLocation@2 (line 571)
                      ; - com.csproject.jMEMain::simpleUpdate@236 (line 79)
  0x000002a208b40338: 5400 8907 

  0x000002a208b4033c: ;   {other}
  0x000002a208b4033c: 0f1f 8400 | 3426 0018 | 4c8b 8424 | 6001 0000 | 4d8b 4810 

  0x000002a208b40350: ;   {metadata(method data for {method} {0x000002a26dc90618} 'getPhysicsLocation' '(Lcom/jme3/math/Vector3f;)Lcom/jme3/math/Vector3f;' in 'com/jme3/bullet/objects/PhysicsCharacter')}
  0x000002a208b40350: 498b d048 | bee8 42e1 | 6da2 0200 | 0048 8386 | 4801 0000 | 0149 8bf0 | 4d8b c14c | 8b8c 2468 
  0x000002a208b40370: 0100 0048 

  0x000002a208b40374: ;   {optimized virtual_call}
  0x000002a208b40374: 8bd6 90e8 

  0x000002a208b40378: ; ImmutableOopMap {[176]=Oop [352]=Oop [360]=Oop [368]=Oop }
                      ;*invokespecial getPhysicsLocation {reexecute=0 rethrow=0 return_oop=0}
                      ; - com.jme3.bullet.objects.PhysicsCharacter::getPhysicsLocation@18 (line 559)
                      ; - com.jme3.bullet.objects.PhysicsCharacter::getPhysicsLocation@2 (line 571)
                      ; - com.csproject.jMEMain::simpleUpdate@236 (line 79)
  0x000002a208b40378: b443 7f07 

  0x000002a208b4037c: ;   {other}
  0x000002a208b4037c: 0f1f 8400 | 7426 0019 | 488b 9c24 | 6801 0000 

  0x000002a208b4038c: ;   {metadata('com/jme3/math/Vector3f')}
  0x000002a208b4038c: 48ba d0dd | 002d a202 | 0000 498b | 87b8 0100 | 0048 8d78 | 1849 3bbf | c801 0000 | 0f87 8620 
  0x000002a208b403ac: 0000 4989 | bfb8 0100 | 0048 c700 | 0100 0000 | 488b ca49 | ba00 0000 | 2ca2 0200 | 0049 2bca 
  0x000002a208b403cc: 8948 0848 | 33c9 8948 | 0c48 33c9 | 4889 4810 

  0x000002a208b403dc: ;   {metadata(method data for {method} {0x000002a26d401260} 'simpleUpdate' '(F)V' in 'com/csproject/jMEMain')}
  0x000002a208b403dc: 4c8b c048 | ba18 a0e3 | 6da2 0200 | 0048 8382 | a807 0000 

  0x000002a208b403f0: ;   {metadata(method data for {method} {0x000002a26d44c8f8} '<init>' '(FFF)V' in 'com/jme3/math/Vector3f')}
  0x000002a208b403f0: 0149 b828 | 56c3 6da2 | 0200 0041 | 8b90 cc00 | 0000 83c2 | 0241 8990 | cc00 0000 | 81e2 feff 
  0x000002a208b40410: 1f00 85d2 | 0f84 2720 | 0000 4c8b 

  0x000002a208b4041c: ;   {metadata(method data for {method} {0x000002a26d44c8f8} '<init>' '(FFF)V' in 'com/jme3/math/Vector3f')}
  0x000002a208b4041c: c048 ba28 | 56c3 6da2 | 0200 0048 | 8382 1801 

  0x000002a208b4042c: ;   {metadata(method data for {method} {0x000002a22c49d700} '<init>' '()V' in 'java/lang/Object')}
  0x000002a208b4042c: 0000 0149 | b868 1001 | 6da2 0200 | 0041 8b90 | cc00 0000 | 83c2 0241 | 8990 cc00 | 0000 81e2 
  0x000002a208b4044c: feff 1f00 | 85d2 0f84 | 0a20 0000 | c740 0c9a | 9919 3fc7 | 4014 9a99 | 19bf 4c8b 

  0x000002a208b40468: ;   {metadata(method data for {method} {0x000002a26d401260} 'simpleUpdate' '(F)V' in 'com/csproject/jMEMain')}
  0x000002a208b40468: c348 ba18 | a0e3 6da2 | 0200 0048 | 8382 b807 | 0000 014c | 8bc0 488b | d366 0f1f 

  0x000002a208b40484: ;   {optimized virtual_call}
  0x000002a208b40484: 4400 00e8 

  0x000002a208b40488: ; ImmutableOopMap {[176]=Oop [368]=Oop }
                      ;*invokevirtual add {reexecute=0 rethrow=0 return_oop=0}
                      ; - com.csproject.jMEMain::simpleUpdate@251 (line 79)
  0x000002a208b40488: 24dc 8907 

  0x000002a208b4048c: ;   {other}
  0x000002a208b4048c: 0f1f 8400 | 8427 001a | 488b 9c24 | 7001 0000 

  0x000002a208b4049c: ; implicit exception: dispatches to 0x000002a208b42483
  0x000002a208b4049c: 483b 034c 

  0x000002a208b404a0: ;   {metadata(method data for {method} {0x000002a26d401260} 'simpleUpdate' '(F)V' in 'com/csproject/jMEMain')}
  0x000002a208b404a0: 8bc3 49b9 | 18a0 e36d | a202 0000 | 458b 4008 | 49ba 0000 | 002c a202 | 0000 4d03 | c24d 3b81 
  0x000002a208b404c0: f007 0000 | 750d 4983 | 81f8 0700 | 0001 e960 | 0000 004d | 3b81 0008 | 0000 750d | 4983 8108 
  0x000002a208b404e0: 0800 0001 | e94a 0000 | 0049 83b9 | f007 0000 | 0075 174d | 8981 f007 | 0000 49c7 | 81f8 0700 
  0x000002a208b40500: 0001 0000 | 00e9 2900 | 0000 4983 | b900 0800 | 0000 7517 | 4d89 8100 | 0800 0049 | c781 0808 
  0x000002a208b40520: 0000 0100 | 0000 e908 | 0000 0049 | 8381 e807 

  0x000002a208b40530: ;   {metadata(method data for {method} {0x000002a26dac1ae8} 'setPhysicsLocation' '(Lcom/jme3/math/Vector3f;)V' in 'com/jme3/bullet/objects/PhysicsRigidBody')}
  0x000002a208b40530: 0000 0149 | b8f8 cde0 | 6da2 0200 | 0045 8b88 | cc00 0000 | 4183 c102 | 4589 88cc | 0000 0041 
  0x000002a208b40550: 81e1 feff | 1f00 4585 | c90f 8429 | 1f00 004c | 8b43 104c 

  0x000002a208b40564: ;   {metadata(method data for {method} {0x000002a26dac1ae8} 'setPhysicsLocation' '(Lcom/jme3/math/Vector3f;)V' in 'com/jme3/bullet/objects/PhysicsRigidBody')}
  0x000002a208b40564: 8bcb 48ba | f8cd e06d | a202 0000 | 4883 8218 | 0100 0001 | 4c8b c848 | 8bd3 4889 | 8424 7801 
  0x000002a208b40584: ;   {optimized virtual_call}
  0x000002a208b40584: 0000 90e8 

  0x000002a208b40588: ; ImmutableOopMap {[176]=Oop [368]=Oop [376]=Oop }
                      ;*invokespecial setPhysicsLocation {reexecute=0 rethrow=0 return_oop=0}
                      ; - com.jme3.bullet.objects.PhysicsRigidBody::setPhysicsLocation@6 (line 181)
                      ; - com.csproject.jMEMain::simpleUpdate@254 (line 78)
  0x000002a208b40588: a4bb 7e07 

  0x000002a208b4058c: ;   {other}
  0x000002a208b4058c: 0f1f 8400 | 8428 001b | 488b 9424 | b000 0000 | 8b72 7c48 | c1e6 0348 | 3b06 488b 

  0x000002a208b405a8: ;   {metadata(method data for {method} {0x000002a26d401260} 'simpleUpdate' '(F)V' in 'com/csproject/jMEMain')}
  0x000002a208b405a8: fe48 b818 | a0e3 6da2 | 0200 0048 | 8380 2808 | 0000 018b | 7e54 48c1 | e703 837f | 0c08 0f86 
  0x000002a208b405c8: ec1e 0000 | 8b5f 3048 | c1e3 0348 | 899c 2490 | 0100 0048 

  0x000002a208b405dc: ;   {metadata(method data for {method} {0x000002a26d401260} 'simpleUpdate' '(F)V' in 'com/csproject/jMEMain')}
  0x000002a208b405dc: 8bfe 48b8 | 18a0 e36d | a202 0000 | 4883 8058 | 0800 0001 | 448b 462c | 49c1 e003 | 4c89 8424 
  0x000002a208b405fc: 8001 0000 

  0x000002a208b40600: ; implicit exception: dispatches to 0x000002a208b424ca
  0x000002a208b40600: 493b 0049 

  0x000002a208b40604: ;   {metadata(method data for {method} {0x000002a26d401260} 'simpleUpdate' '(F)V' in 'com/csproject/jMEMain')}
  0x000002a208b40604: 8bf0 48bf | 18a0 e36d | a202 0000 | 8b76 0849 | ba00 0000 | 2ca2 0200 | 0049 03f2 | 483b b780 
  0x000002a208b40624: 0800 0075 | 0d48 8387 | 8808 0000 | 01e9 6000 | 0000 483b | b790 0800 | 0075 0d48 | 8387 9808 
  0x000002a208b40644: 0000 01e9 | 4a00 0000 | 4883 bf80 | 0800 0000 | 7517 4889 | b780 0800 | 0048 c787 | 8808 0000 
  0x000002a208b40664: 0100 0000 | e929 0000 | 0048 83bf | 9008 0000 | 0075 1748 | 89b7 9008 | 0000 48c7 | 8798 0800 
  0x000002a208b40684: 0001 0000 | 00e9 0800 | 0000 4883 | 8778 0800 

  0x000002a208b40694: ;   {metadata(method data for {method} {0x000002a26dc90778} 'getPhysicsLocation' '()Lcom/jme3/math/Vector3f;' in 'com/jme3/bullet/objects/PhysicsCharacter')}
  0x000002a208b40694: 0001 48be | 5056 e16d | a202 0000 | 8bbe cc00 | 0000 83c7 | 0289 becc | 0000 0081 | e7fe ff1f 
  0x000002a208b406b4: 0085 ff0f | 8412 1e00 | 0049 8bf0 

  0x000002a208b406c0: ;   {metadata(method data for {method} {0x000002a26dc90778} 'getPhysicsLocation' '()Lcom/jme3/math/Vector3f;' in 'com/jme3/bullet/objects/PhysicsCharacter')}
  0x000002a208b406c0: 48bf 5056 | e16d a202 | 0000 8b76 | 0849 ba00 | 0000 2ca2 | 0200 0049 | 03f2 483b | b720 0100 
  0x000002a208b406e0: 0075 0d48 | 8387 2801 | 0000 01e9 | 6000 0000 | 483b b730 | 0100 0075 | 0d48 8387 | 3801 0000 
  0x000002a208b40700: 01e9 4a00 | 0000 4883 | bf20 0100 | 0000 7517 | 4889 b720 | 0100 0048 | c787 2801 | 0000 0100 
  0x000002a208b40720: 0000 e929 | 0000 0048 | 83bf 3001 | 0000 0075 | 1748 89b7 | 3001 0000 | 48c7 8738 | 0100 0001 
  0x000002a208b40740: 0000 00e9 | 0800 0000 | 4883 8718 | 0100 0001 

  0x000002a208b40750: ;   {metadata(method data for {method} {0x000002a26dc90618} 'getPhysicsLocation' '(Lcom/jme3/math/Vector3f;)Lcom/jme3/math/Vector3f;' in 'com/jme3/bullet/objects/PhysicsCharacter')}
  0x000002a208b40750: 48be e842 | e16d a202 | 0000 8bbe | cc00 0000 | 83c7 0289 | becc 0000 | 0081 e7fe | ff1f 0085 
  0x000002a208b40770: ff0f 8479 

  0x000002a208b40774: ;   {metadata(method data for {method} {0x000002a26dc90618} 'getPhysicsLocation' '(Lcom/jme3/math/Vector3f;)Lcom/jme3/math/Vector3f;' in 'com/jme3/bullet/objects/PhysicsCharacter')}
  0x000002a208b40774: 1d00 0048 | bee8 42e1 | 6da2 0200 | 00ff 8628 

  0x000002a208b40784: ;   {metadata('com/jme3/math/Vector3f')}
  0x000002a208b40784: 0100 0048 | bad0 dd00 | 2da2 0200 | 0049 8b87 | b801 0000 | 488d 7818 | 493b bfc8 | 0100 000f 
  0x000002a208b407a4: 8768 1d00 | 0049 89bf | b801 0000 | 48c7 0001 | 0000 0048 | 8bca 49ba | 0000 002c | a202 0000 
  0x000002a208b407c4: 492b ca89 | 4808 4833 | c989 480c | 4833 c948 | 8948 1048 

  0x000002a208b407d8: ;   {metadata(method data for {method} {0x000002a26dc90618} 'getPhysicsLocation' '(Lcom/jme3/math/Vector3f;)Lcom/jme3/math/Vector3f;' in 'com/jme3/bullet/objects/PhysicsCharacter')}
  0x000002a208b407d8: 8bd0 48be | e842 e16d | a202 0000 | 4883 8638 | 0100 0001 | 488b d048 | 8984 2488 

  0x000002a208b407f4: ;   {optimized virtual_call}
  0x000002a208b407f4: 0100 00e8 

  0x000002a208b407f8: ; ImmutableOopMap {[176]=Oop [384]=Oop [392]=Oop [400]=Oop }
                      ;*invokespecial <init> {reexecute=0 rethrow=0 return_oop=0}
                      ; - com.jme3.bullet.objects.PhysicsCharacter::getPhysicsLocation@8 (line 557)
                      ; - com.jme3.bullet.objects.PhysicsCharacter::getPhysicsLocation@2 (line 571)
                      ; - com.csproject.jMEMain::simpleUpdate@274 (line 82)
  0x000002a208b407f8: 94fb 8807 

  0x000002a208b407fc: ;   {other}
  0x000002a208b407fc: 0f1f 8400 | f42a 001c | 4c8b 8424 | 8001 0000 | 4d8b 4810 

  0x000002a208b40810: ;   {metadata(method data for {method} {0x000002a26dc90618} 'getPhysicsLocation' '(Lcom/jme3/math/Vector3f;)Lcom/jme3/math/Vector3f;' in 'com/jme3/bullet/objects/PhysicsCharacter')}
  0x000002a208b40810: 498b d048 | bee8 42e1 | 6da2 0200 | 0048 8386 | 4801 0000 | 0149 8bf0 | 4d8b c14c | 8b8c 2488 
  0x000002a208b40830: 0100 0048 

  0x000002a208b40834: ;   {optimized virtual_call}
  0x000002a208b40834: 8bd6 90e8 

  0x000002a208b40838: ; ImmutableOopMap {[176]=Oop [384]=Oop [392]=Oop [400]=Oop }
                      ;*invokespecial getPhysicsLocation {reexecute=0 rethrow=0 return_oop=0}
                      ; - com.jme3.bullet.objects.PhysicsCharacter::getPhysicsLocation@18 (line 559)
                      ; - com.jme3.bullet.objects.PhysicsCharacter::getPhysicsLocation@2 (line 571)
                      ; - com.csproject.jMEMain::simpleUpdate@274 (line 82)
  0x000002a208b40838: f43e 7f07 

  0x000002a208b4083c: ;   {other}
  0x000002a208b4083c: 0f1f 8400 | 342b 001d | 488b 9c24 | 8801 0000 

  0x000002a208b4084c: ;   {metadata('com/jme3/math/Vector3f')}
  0x000002a208b4084c: 48ba d0dd | 002d a202 | 0000 498b | 87b8 0100 | 0048 8d78 | 1849 3bbf | c801 0000 | 0f87 b01c 
  0x000002a208b4086c: 0000 4989 | bfb8 0100 | 0048 c700 | 0100 0000 | 488b ca49 | ba00 0000 | 2ca2 0200 | 0049 2bca 
  0x000002a208b4088c: 8948 0848 | 33c9 8948 | 0c48 33c9 | 4889 4810 

  0x000002a208b4089c: ;   {metadata(method data for {method} {0x000002a26d401260} 'simpleUpdate' '(F)V' in 'com/csproject/jMEMain')}
  0x000002a208b4089c: 4c8b c048 | ba18 a0e3 | 6da2 0200 | 0048 8382 | a808 0000 

  0x000002a208b408b0: ;   {metadata(method data for {method} {0x000002a26d44c8f8} '<init>' '(FFF)V' in 'com/jme3/math/Vector3f')}
  0x000002a208b408b0: 0149 b828 | 56c3 6da2 | 0200 0041 | 8b90 cc00 | 0000 83c2 | 0241 8990 | cc00 0000 | 81e2 feff 
  0x000002a208b408d0: 1f00 85d2 | 0f84 511c | 0000 4c8b 

  0x000002a208b408dc: ;   {metadata(method data for {method} {0x000002a26d44c8f8} '<init>' '(FFF)V' in 'com/jme3/math/Vector3f')}
  0x000002a208b408dc: c048 ba28 | 56c3 6da2 | 0200 0048 | 8382 1801 

  0x000002a208b408ec: ;   {metadata(method data for {method} {0x000002a22c49d700} '<init>' '()V' in 'java/lang/Object')}
  0x000002a208b408ec: 0000 0149 | b868 1001 | 6da2 0200 | 0041 8b90 | cc00 0000 | 83c2 0241 | 8990 cc00 | 0000 81e2 
  0x000002a208b4090c: feff 1f00 | 85d2 0f84 | 341c 0000 | c740 0c9a | 9919 bfc7 | 4014 9a99 | 19bf 4c8b 

  0x000002a208b40928: ;   {metadata(method data for {method} {0x000002a26d401260} 'simpleUpdate' '(F)V' in 'com/csproject/jMEMain')}
  0x000002a208b40928: c348 ba18 | a0e3 6da2 | 0200 0048 | 8382 b808 | 0000 014c | 8bc0 488b | d366 0f1f 

  0x000002a208b40944: ;   {optimized virtual_call}
  0x000002a208b40944: 4400 00e8 

  0x000002a208b40948: ; ImmutableOopMap {[176]=Oop [400]=Oop }
                      ;*invokevirtual add {reexecute=0 rethrow=0 return_oop=0}
                      ; - com.csproject.jMEMain::simpleUpdate@289 (line 82)
  0x000002a208b40948: 64d7 8907 

  0x000002a208b4094c: ;   {other}
  0x000002a208b4094c: 0f1f 8400 | 442c 001e | 488b 9c24 | 9001 0000 

  0x000002a208b4095c: ; implicit exception: dispatches to 0x000002a208b4256d
  0x000002a208b4095c: 483b 034c 

  0x000002a208b40960: ;   {metadata(method data for {method} {0x000002a26d401260} 'simpleUpdate' '(F)V' in 'com/csproject/jMEMain')}
  0x000002a208b40960: 8bc3 49b9 | 18a0 e36d | a202 0000 | 458b 4008 | 49ba 0000 | 002c a202 | 0000 4d03 | c24d 3b81 
  0x000002a208b40980: f008 0000 | 750d 4983 | 81f8 0800 | 0001 e960 | 0000 004d | 3b81 0009 | 0000 750d | 4983 8108 
  0x000002a208b409a0: 0900 0001 | e94a 0000 | 0049 83b9 | f008 0000 | 0075 174d | 8981 f008 | 0000 49c7 | 81f8 0800 
  0x000002a208b409c0: 0001 0000 | 00e9 2900 | 0000 4983 | b900 0900 | 0000 7517 | 4d89 8100 | 0900 0049 | c781 0809 
  0x000002a208b409e0: 0000 0100 | 0000 e908 | 0000 0049 | 8381 e808 

  0x000002a208b409f0: ;   {metadata(method data for {method} {0x000002a26dac1ae8} 'setPhysicsLocation' '(Lcom/jme3/math/Vector3f;)V' in 'com/jme3/bullet/objects/PhysicsRigidBody')}
  0x000002a208b409f0: 0000 0149 | b8f8 cde0 | 6da2 0200 | 0045 8b88 | cc00 0000 | 4183 c102 | 4589 88cc | 0000 0041 
  0x000002a208b40a10: 81e1 feff | 1f00 4585 | c90f 8453 | 1b00 004c | 8b43 104c 

  0x000002a208b40a24: ;   {metadata(method data for {method} {0x000002a26dac1ae8} 'setPhysicsLocation' '(Lcom/jme3/math/Vector3f;)V' in 'com/jme3/bullet/objects/PhysicsRigidBody')}
  0x000002a208b40a24: 8bcb 48ba | f8cd e06d | a202 0000 | 4883 8218 | 0100 0001 | 4c8b c848 | 8bd3 4889 | 8424 9801 
  0x000002a208b40a44: ;   {optimized virtual_call}
  0x000002a208b40a44: 0000 90e8 

  0x000002a208b40a48: ; ImmutableOopMap {[176]=Oop [400]=Oop [408]=Oop }
                      ;*invokespecial setPhysicsLocation {reexecute=0 rethrow=0 return_oop=0}
                      ; - com.jme3.bullet.objects.PhysicsRigidBody::setPhysicsLocation@6 (line 181)
                      ; - com.csproject.jMEMain::simpleUpdate@292 (line 81)
  0x000002a208b40a48: e4b6 7e07 

  0x000002a208b40a4c: ;   {other}
  0x000002a208b40a4c: 0f1f 8400 | 442d 001f 

  0x000002a208b40a54: ;   {metadata(method data for {method} {0x000002a26d401260} 'simpleUpdate' '(F)V' in 'com/csproject/jMEMain')}
  0x000002a208b40a54: 48ba 18a0 | e36d a202 | 0000 4883 | 8218 0900 | 0001 ba01 | 0000 0041 | b809 0000 | 0066 0f1f 
  0x000002a208b40a74: ;   {static_call}
  0x000002a208b40a74: 4400 00e8 

  0x000002a208b40a78: ; ImmutableOopMap {[176]=Oop }
                      ;*invokestatic range {reexecute=0 rethrow=0 return_oop=0}
                      ; - com.csproject.jMEMain::simpleUpdate@298 (line 84)
  0x000002a208b40a78: e483 fbff 

  0x000002a208b40a7c: ;   {other}
  0x000002a208b40a7c: 0f1f 8400 | 742d 0020 | 4889 8424 | a001 0000 

  0x000002a208b40a8c: ;   {metadata(method data for {method} {0x000002a26d401260} 'simpleUpdate' '(F)V' in 'com/csproject/jMEMain')}
  0x000002a208b40a8c: 49b8 18a0 | e36d a202 | 0000 4983 | 8028 0900 

  0x000002a208b40a9c: ;   {metadata(method data for {method} {0x000002a22c1e0a50} 'linkToTargetMethod' '(Ljava/lang/Object;Ljava/lang/Object;)Ljava/lang/Object;' in 'java/lang/invoke/Invokers$Holder')}
  0x000002a208b40a9c: 0001 49b8 | d033 276d | a202 0000 | 418b 90cc | 0000 0083 | c202 4189 | 90cc 0000 | 0081 e2fe 
  0x000002a208b40abc: ff1f 0085 | d20f 84cc 

  0x000002a208b40ac4: ;   {metadata(method data for {method} {0x000002a22c1e0a50} 'linkToTargetMethod' '(Ljava/lang/Object;Ljava/lang/Object;)Ljava/lang/Object;' in 'java/lang/invoke/Invokers$Holder')}
  0x000002a208b40ac4: 1a00 0049 | b8d0 3327 | 6da2 0200 | 0049 8380 | 4801 0000 

  0x000002a208b40ad8: ;   {metadata(method data for {method} {0x000002a22c1e5af8} 'newInvokeSpecial' '(Ljava/lang/Object;Ljava/lang/Object;)Ljava/lang/Object;' in 'java/lang/invoke/DirectMethodHandle$Holder')}
  0x000002a208b40ad8: 0149 b858 | 23b1 6da2 | 0200 0041 | 8b90 cc00 | 0000 83c2 | 0241 8990 | cc00 0000 | 81e2 feff 
  0x000002a208b40af8: 1f00 85d2 | 0f84 b21a 

  0x000002a208b40b00: ;   {metadata(method data for {method} {0x000002a22c1e5af8} 'newInvokeSpecial' '(Ljava/lang/Object;Ljava/lang/Object;)Ljava/lang/Object;' in 'java/lang/invoke/DirectMethodHandle$Holder')}
  0x000002a208b40b00: 0000 49b8 | 5823 b16d | a202 0000 | 4983 8018 | 0100 0001 

  0x000002a208b40b14: ;   {metadata(method data for {method} {0x000002a22c1d72e0} 'allocateInstance' '(Ljava/lang/Object;)Ljava/lang/Object;' in 'java/lang/invoke/DirectMethodHandle')}
  0x000002a208b40b14: 49b8 38f1 | 2a6d a202 | 0000 418b | 90cc 0000 | 0083 c202 | 4189 90cc | 0000 0081 | e2fe ff1f 
  0x000002a208b40b34: 0085 d20f | 8498 1a00 

  0x000002a208b40b3c: ;   {oop(a 'jdk/internal/misc/Unsafe'{0x0000000404801970})}
  0x000002a208b40b3c: 0048 ba70 | 1980 0404 | 0000 004c 

  0x000002a208b40b48: ;   {metadata(method data for {method} {0x000002a22c1d72e0} 'allocateInstance' '(Ljava/lang/Object;)Ljava/lang/Object;' in 'java/lang/invoke/DirectMethodHandle')}
  0x000002a208b40b48: 8bc2 48be | 38f1 2a6d | a202 0000 | 4883 8648 | 0100 0001 

  0x000002a208b40b5c: ;   {oop(a 'java/lang/Class'{0x0000000443432578} = 'com/csproject/jMEMain$$Lambda+0x000002a22d11f7b0')}
  0x000002a208b40b5c: 49b8 7825 | 4343 0400 

  0x000002a208b40b64: ;   {optimized virtual_call}
  0x000002a208b40b64: 0000 90e8 

  0x000002a208b40b68: ; ImmutableOopMap {[176]=Oop [416]=Oop }
                      ;*invokevirtual allocateInstance {reexecute=0 rethrow=0 return_oop=0}
                      ; - java.lang.invoke.DirectMethodHandle::allocateInstance@12 (line 500)
                      ; - java.lang.invoke.DirectMethodHandle$Holder::newInvokeSpecial@1
                      ; - java.lang.invoke.Invokers$Holder::linkToTargetMethod@5
                      ; - com.csproject.jMEMain::simpleUpdate@302 (line 85)
  0x000002a208b40b68: c4f9 6f07 

  0x000002a208b40b6c: ;   {other}
  0x000002a208b40b6c: 0f1f 8400 | 642e 0021 | 4889 8424 | a801 0000 

  0x000002a208b40b7c: ;   {metadata(method data for {method} {0x000002a22c1e5af8} 'newInvokeSpecial' '(Ljava/lang/Object;Ljava/lang/Object;)Ljava/lang/Object;' in 'java/lang/invoke/DirectMethodHandle$Holder')}
  0x000002a208b40b7c: 48ba 5823 | b16d a202 | 0000 488d | 9238 0100 | 0048 85c0 | 750a f602 | 0175 05f0 | 4883 0a01 
  0x000002a208b40b9c: ;   {metadata(method data for {method} {0x000002a22c1e5af8} 'newInvokeSpecial' '(Ljava/lang/Object;Ljava/lang/Object;)Ljava/lang/Object;' in 'java/lang/invoke/DirectMethodHandle$Holder')}
  0x000002a208b40b9c: 48ba 5823 | b16d a202 | 0000 4883 | 8248 0100 

  0x000002a208b40bac: ;   {metadata(method data for {method} {0x000002a22c1d7d88} 'constructorMethod' '(Ljava/lang/Object;)Ljava/lang/Object;' in 'java/lang/invoke/DirectMethodHandle')}
  0x000002a208b40bac: 0001 48ba | f0f2 2a6d | a202 0000 | 8bb2 cc00 | 0000 83c6 | 0289 b2cc | 0000 0081 | e6fe ff1f 
  0x000002a208b40bcc: 0085 f60f | 8421 1a00 | 0048 3b00 

  0x000002a208b40bd8: ;   {metadata(method data for {method} {0x000002a22c1e5af8} 'newInvokeSpecial' '(Ljava/lang/Object;Ljava/lang/Object;)Ljava/lang/Object;' in 'java/lang/invoke/DirectMethodHandle$Holder')}
  0x000002a208b40bd8: 488b d048 | be58 23b1 | 6da2 0200 | 0048 8386 | a801 0000 

  0x000002a208b40bec: ;   {metadata(method data for {method} {0x000002a26dca1910} '<init>' '(Lcom/csproject/jMEMain;)V' in 'com/csproject/jMEMain$$Lambda+0x000002a22d11f7b0')}
  0x000002a208b40bec: 0148 baa0 | 44e4 6da2 | 0200 008b | b2cc 0000 | 0083 c602 | 89b2 cc00 | 0000 81e6 | feff 1f00 
  0x000002a208b40c0c: 85f6 0f84 | 081a 0000 

  0x000002a208b40c14: ;   {metadata(method data for {method} {0x000002a26dca1910} '<init>' '(Lcom/csproject/jMEMain;)V' in 'com/csproject/jMEMain$$Lambda+0x000002a22d11f7b0')}
  0x000002a208b40c14: 488b d048 | bea0 44e4 | 6da2 0200 | 0048 8386 | 1801 0000 

  0x000002a208b40c28: ;   {metadata(method data for {method} {0x000002a22c49d700} '<init>' '()V' in 'java/lang/Object')}
  0x000002a208b40c28: 0148 ba68 | 1001 6da2 | 0200 008b | b2cc 0000 | 0083 c602 | 89b2 cc00 | 0000 81e6 | feff 1f00 
  0x000002a208b40c48: 85f6 0f84 | ed19 0000 | 410f be57 | 3885 d20f | 8501 1a00 | 0048 8b94 | 24b0 0000 | 004c 8bd2 
  0x000002a208b40c68: 49c1 ea03 | 4489 500c | 488b f048 | 33f2 48c1 | ee17 4883 | fe00 0f85 | f919 0000 

  0x000002a208b40c84: ;   {metadata(method data for {method} {0x000002a22c1e0a50} 'linkToTargetMethod' '(Ljava/lang/Object;Ljava/lang/Object;)Ljava/lang/Object;' in 'java/lang/invoke/Invokers$Holder')}
  0x000002a208b40c84: 48be d033 | 276d a202 | 0000 488d | b688 0100 | 0048 85c0 | 750a f606 | 0175 05f0 | 4883 0e01 
  0x000002a208b40ca4: ;   {metadata(method data for {method} {0x000002a26d401260} 'simpleUpdate' '(F)V' in 'com/csproject/jMEMain')}
  0x000002a208b40ca4: 48be 18a0 | e36d a202 | 0000 488d | b648 0900 | 0048 85c0 | 750c f606 | 0175 30f0 | 4883 0e01 
  0x000002a208b40cc4: eb29 8b78 | 0849 ba00 | 0000 2ca2 | 0200 0049 | 03fa 4c8b | d748 333e | 48f7 c7fc | ffff ff74 
  0x000002a208b40ce4: 0a40 f6c7 | 0275 0448 | 830e 0248 | 8bb4 24a0 | 0100 0048 | 85f6 0f84 | 2900 0000 

  0x000002a208b40d00: ;   {metadata('java/util/stream/IntPipeline$Head')}
  0x000002a208b40d00: 49b8 d881 | 0f2d a202 | 0000 8b4e | 0849 ba00 | 0000 2ca2 | 0200 0049 | 03ca 4c3b | 4150 0f85 
  0x000002a208b40d20: 7119 0000 | e900 0000 | 0048 8bfe 

  0x000002a208b40d2c: ; implicit exception: dispatches to 0x000002a208b4269a
  0x000002a208b40d2c: 483b 0648 

  0x000002a208b40d30: ;   {metadata(method data for {method} {0x000002a26d401260} 'simpleUpdate' '(F)V' in 'com/csproject/jMEMain')}
  0x000002a208b40d30: 8bfe 48bb | 18a0 e36d | a202 0000 | 4883 8368 | 0900 0001 

  0x000002a208b40d44: ;   {metadata(method data for {method} {0x000002a26dd36828} 'forEach' '(Ljava/util/function/IntConsumer;)V' in 'java/util/stream/IntPipeline$Head')}
  0x000002a208b40d44: 48bf 20cd | d66d a202 | 0000 8b9f | cc00 0000 | 83c3 0289 | 9fcc 0000 | 0081 e3fe | ff1f 0085 
  0x000002a208b40d64: db0f 8434 | 1900 0048 

  0x000002a208b40d6c: ;   {metadata(method data for {method} {0x000002a26dd36828} 'forEach' '(Ljava/util/function/IntConsumer;)V' in 'java/util/stream/IntPipeline$Head')}
  0x000002a208b40d6c: 8bfe 48bb | 20cd d66d | a202 0000 | 4883 8318 | 0100 0001 

  0x000002a208b40d80: ;   {metadata(method data for {method} {0x000002a22c2084a0} 'isParallel' '()Z' in 'java/util/stream/AbstractPipeline')}
  0x000002a208b40d80: 48bf 28a3 | d66d a202 | 0000 8b9f | cc00 0000 | 83c3 0289 | 9fcc 0000 | 0081 e3fe | ff1f 0085 
  0x000002a208b40da0: db0f 8419 | 1900 008b | 7e1c 48c1 | e703 0fbe | 7f19 83e7 

  0x000002a208b40db4: ;   {metadata(method data for {method} {0x000002a26dd36828} 'forEach' '(Ljava/util/function/IntConsumer;)V' in 'java/util/stream/IntPipeline$Head')}
  0x000002a208b40db4: 0185 ff48 | bf20 cdd6 | 6da2 0200 | 00bb 4801 | 0000 7505 | bb58 0100 | 0048 8b0c | 1f48 8d49 
  0x000002a208b40dd4: 0148 890c | 1f0f 8522 | 0100 0048 

  0x000002a208b40de0: ;   {metadata(method data for {method} {0x000002a26dd36828} 'forEach' '(Ljava/util/function/IntConsumer;)V' in 'java/util/stream/IntPipeline$Head')}
  0x000002a208b40de0: 8bfe 48bb | 20cd d66d | a202 0000 | 4883 8368 | 0100 0001 

  0x000002a208b40df4: ;   {optimized virtual_call}
  0x000002a208b40df4: 488b d6e8 

  0x000002a208b40df8: ; ImmutableOopMap {[176]=Oop [416]=Oop [424]=Oop }
                      ;*invokevirtual sourceStageSpliterator {reexecute=0 rethrow=0 return_oop=0}
                      ; - java.util.stream.IntPipeline$Head::forEach@8 (line 620)
                      ; - com.csproject.jMEMain::simpleUpdate@307 (line 84)
  0x000002a208b40df8: 649f fbff 

  0x000002a208b40dfc: ;   {other}
  0x000002a208b40dfc: 0f1f 8400 | f430 0022 

  0x000002a208b40e04: ;   {metadata(method data for {method} {0x000002a26dd36828} 'forEach' '(Ljava/util/function/IntConsumer;)V' in 'java/util/stream/IntPipeline$Head')}
  0x000002a208b40e04: 48ba 20cd | d66d a202 | 0000 4883 | 8298 0100 | 0001 488b | d066 0f1f 

  0x000002a208b40e1c: ;   {static_call}
  0x000002a208b40e1c: 4400 00e8 

  0x000002a208b40e20: ; ImmutableOopMap {[176]=Oop [416]=Oop [424]=Oop }
                      ;*invokestatic adapt {reexecute=0 rethrow=0 return_oop=0}
                      ; - java.util.stream.IntPipeline$Head::forEach@11 (line 620)
                      ; - com.csproject.jMEMain::simpleUpdate@307 (line 84)
  0x000002a208b40e20: 3c87 0100 

  0x000002a208b40e24: ;   {other}
  0x000002a208b40e24: 0f1f 8400 | 1c31 0023 

  0x000002a208b40e2c: ; implicit exception: dispatches to 0x000002a208b426e6
  0x000002a208b40e2c: 483b 004c 

  0x000002a208b40e30: ;   {metadata(method data for {method} {0x000002a26dd36828} 'forEach' '(Ljava/util/function/IntConsumer;)V' in 'java/util/stream/IntPipeline$Head')}
  0x000002a208b40e30: 8bc0 48ba | 20cd d66d | a202 0000 | 458b 4008 | 49ba 0000 | 002c a202 | 0000 4d03 | c24c 3b82 
  0x000002a208b40e50: b001 0000 | 750d 4883 | 82b8 0100 | 0001 e960 | 0000 004c | 3b82 c001 | 0000 750d | 4883 82c8 
  0x000002a208b40e70: 0100 0001 | e94a 0000 | 0048 83ba | b001 0000 | 0075 174c | 8982 b001 | 0000 48c7 | 82b8 0100 
  0x000002a208b40e90: 0001 0000 | 00e9 2900 | 0000 4883 | bac0 0100 | 0000 7517 | 4c89 82c0 | 0100 0048 | c782 c801 
  0x000002a208b40eb0: 0000 0100 | 0000 e908 | 0000 0048 | 8382 a801 | 0000 014c | 8b84 24a8 | 0100 0048 | 8bd0 0f1f 
  0x000002a208b40ed0: 8000 0000 | 0048 b830 | 73d4 81a2 

  0x000002a208b40edc: ;   {virtual_call}
  0x000002a208b40edc: 0200 00e8 

  0x000002a208b40ee0: ; ImmutableOopMap {[176]=Oop [416]=Oop [424]=Oop }
                      ;*invokeinterface forEachRemaining {reexecute=0 rethrow=0 return_oop=0}
                      ; - java.util.stream.IntPipeline$Head::forEach@15 (line 620)
                      ; - com.csproject.jMEMain::simpleUpdate@307 (line 84)
  0x000002a208b40ee0: 2ec7 fbff 

  0x000002a208b40ee4: ;   {other}
  0x000002a208b40ee4: 0f1f 8400 | dc31 0024 

  0x000002a208b40eec: ;   {metadata(method data for {method} {0x000002a26dd36828} 'forEach' '(Ljava/util/function/IntConsumer;)V' in 'java/util/stream/IntPipeline$Head')}
  0x000002a208b40eec: 48ba 20cd | d66d a202 | 0000 ff82 | d801 0000 | e9a3 0000 | 0048 89b4 | 24a0 0100 | 0048 8bf0 
  0x000002a208b40f0c: 488b 8424 | a001 0000 

  0x000002a208b40f14: ;   {metadata(method data for {method} {0x000002a26dd36828} 'forEach' '(Ljava/util/function/IntConsumer;)V' in 'java/util/stream/IntPipeline$Head')}
  0x000002a208b40f14: 488b d049 | b820 cdd6 | 6da2 0200 | 0049 8380 | f001 0000 

  0x000002a208b40f28: ;   {metadata(method data for {method} {0x000002a26dd3a418} 'forEach' '(Ljava/util/function/IntConsumer;)V' in 'java/util/stream/IntPipeline')}
  0x000002a208b40f28: 0148 baf8 | d3d6 6da2 | 0200 0044 | 8b82 cc00 | 0000 4183 | c002 4489 | 82cc 0000 | 0041 81e0 
  0x000002a208b40f48: feff 1f00 | 4585 c00f | 8496 1700 | 0048 8bd6 | 41b8 0000 

  0x000002a208b40f5c: ;   {static_call}
  0x000002a208b40f5c: 0000 90e8 

  0x000002a208b40f60: ; ImmutableOopMap {[176]=Oop [416]=Oop [424]=Oop }
                      ;*invokestatic makeInt {reexecute=0 rethrow=0 return_oop=0}
                      ; - java.util.stream.IntPipeline::forEach@3 (line 466)
                      ; - java.util.stream.IntPipeline$Head::forEach@25 (line 623)
                      ; - com.csproject.jMEMain::simpleUpdate@307 (line 84)
  0x000002a208b40f60: 7cde fc06 

  0x000002a208b40f64: ;   {other}
  0x000002a208b40f64: 0f1f 8400 | 5c32 0025 | 4c8b 8424 | a001 0000 

  0x000002a208b40f74: ;   {metadata(method data for {method} {0x000002a26dd3a418} 'forEach' '(Ljava/util/function/IntConsumer;)V' in 'java/util/stream/IntPipeline')}
  0x000002a208b40f74: 48ba f8d3 | d66d a202 | 0000 4883 | 8228 0100 | 0001 4c8b | c048 8b94 | 24a0 0100 | 0066 0f1f 
  0x000002a208b40f94: ;   {optimized virtual_call}
  0x000002a208b40f94: 4400 00e8 

  0x000002a208b40f98: ; ImmutableOopMap {[176]=Oop [416]=Oop [424]=Oop }
                      ;*invokevirtual evaluate {reexecute=0 rethrow=0 return_oop=0}
                      ; - java.util.stream.IntPipeline::forEach@6 (line 466)
                      ; - java.util.stream.IntPipeline$Head::forEach@25 (line 623)
                      ; - com.csproject.jMEMain::simpleUpdate@307 (line 84)
  0x000002a208b40f98: 44d8 fc06 

  0x000002a208b40f9c: ;   {other}
  0x000002a208b40f9c: 0f1f 8400 | 9432 0026 

  0x000002a208b40fa4: ;   {oop(a 'java/lang/Class'{0x00000004049072d0} = 'com/csproject/jMEMain')}
  0x000002a208b40fa4: 48ba d072 | 9004 0400 | 0000 8b52 | 7048 c1e2 | 0348 3b02 

  0x000002a208b40fb8: ;   {metadata(method data for {method} {0x000002a26d401260} 'simpleUpdate' '(F)V' in 'com/csproject/jMEMain')}
  0x000002a208b40fb8: 488b f248 | bf18 a0e3 | 6da2 0200 | 008b 7608 | 49ba 0000 | 002c a202 | 0000 4903 | f248 3bb7 
  0x000002a208b40fd8: 9009 0000 | 750d 4883 | 8798 0900 | 0001 e960 | 0000 0048 | 3bb7 a009 | 0000 750d | 4883 87a8 
  0x000002a208b40ff8: 0900 0001 | e94a 0000 | 0048 83bf | 9009 0000 | 0075 1748 | 89b7 9009 | 0000 48c7 | 8798 0900 
  0x000002a208b41018: 0001 0000 | 00e9 2900 | 0000 4883 | bfa0 0900 | 0000 7517 | 4889 b7a0 | 0900 0048 | c787 a809 
  0x000002a208b41038: 0000 0100 | 0000 e908 | 0000 0048 | 8387 8809 | 0000 0166 | 9048 b858 | 73d4 81a2 

  0x000002a208b41054: ;   {virtual_call}
  0x000002a208b41054: 0200 00e8 

  0x000002a208b41058: ; ImmutableOopMap {[176]=Oop }
                      ;*invokeinterface iterator {reexecute=0 rethrow=0 return_oop=0}
                      ; - com.csproject.jMEMain::simpleUpdate@317 (line 94)
  0x000002a208b41058: 265c 7a07 

  0x000002a208b4105c: ;   {other}
  0x000002a208b4105c: 0f1f 8400 | 5433 0027 | 4889 8424 | b001 0000 

  0x000002a208b4106c: ;   {metadata(method data for {method} {0x000002a26d401260} 'simpleUpdate' '(F)V' in 'com/csproject/jMEMain')}
  0x000002a208b4106c: 48ba 18a0 | e36d a202 | 0000 ff82 | b809 0000 | be01 0000 | 0089 b424 | b801 0000 

  0x000002a208b41088: ; implicit exception: dispatches to 0x000002a208b42711
  0x000002a208b41088: 483b 0048 

  0x000002a208b4108c: ;   {metadata(method data for {method} {0x000002a26d401260} 'simpleUpdate' '(F)V' in 'com/csproject/jMEMain')}
  0x000002a208b4108c: 8bd0 48bf | 18a0 e36d | a202 0000 | 8b52 0849 | ba00 0000 | 2ca2 0200 | 0049 03d2 | 483b 97f8 
  0x000002a208b410ac: 0c00 0075 | 0d48 8387 | 000d 0000 | 01e9 6000 | 0000 483b | 9708 0d00 | 0075 0d48 | 8387 100d 
  0x000002a208b410cc: 0000 01e9 | 4a00 0000 | 4883 bff8 | 0c00 0000 | 7517 4889 | 97f8 0c00 | 0048 c787 | 000d 0000 
  0x000002a208b410ec: 0100 0000 | e929 0000 | 0048 83bf | 080d 0000 | 0075 1748 | 8997 080d | 0000 48c7 | 8710 0d00 
  0x000002a208b4110c: 0001 0000 | 00e9 0800 | 0000 4883 | 87f0 0c00 | 0001 488b | d00f 1f40 | 0048 b880 | 73d4 81a2 
  0x000002a208b4112c: ;   {virtual_call}
  0x000002a208b4112c: 0200 00e8 

  0x000002a208b41130: ; ImmutableOopMap {[176]=Oop [432]=Oop }
                      ;*invokeinterface hasNext {reexecute=0 rethrow=0 return_oop=0}
                      ; - com.csproject.jMEMain::simpleUpdate@446 (line 94)
  0x000002a208b41130: 4e49 7a07 

  0x000002a208b41134: ;   {other}
  0x000002a208b41134: 0f1f 8400 | 2c34 0028 | 85c0 ba02 | 0000 0075 | 05ba 0000 

  0x000002a208b41148: ;   {metadata(method data for {method} {0x000002a26d401260} 'simpleUpdate' '(F)V' in 'com/csproject/jMEMain')}
  0x000002a208b41148: 0000 48be | 18a0 e36d | a202 0000 | 8bbe d000 | 0000 03fa | 89be d000 | 0000 85d2 | 7505 bf02 
  0x000002a208b41168: 0000 0081 | e7fe 3f00 | 0085 ff0f | 849d 1500 | 004d 8b97 

  0x000002a208b4117c: ; ImmutableOopMap {[176]=Oop [432]=Oop }
                      ;*ifne {reexecute=1 rethrow=0 return_oop=0}
                      ; - (reexecute) com.csproject.jMEMain::simpleUpdate@451 (line 94)
  0x000002a208b4117c: 5004 0000 

  0x000002a208b41180: ;   {poll}
  0x000002a208b41180: 4185 0285 

  0x000002a208b41184: ;   {metadata(method data for {method} {0x000002a26d401260} 'simpleUpdate' '(F)V' in 'com/csproject/jMEMain')}
  0x000002a208b41184: c048 ba18 | a0e3 6da2 | 0200 00be | 300d 0000 | 7405 be20 | 0d00 0048 | 8b3c 3248 | 8d7f 0148 
  0x000002a208b411a4: 893c 320f | 8431 0a00 | 0048 8b84 | 24b0 0100 

  0x000002a208b411b4: ;   {metadata(method data for {method} {0x000002a26d401260} 'simpleUpdate' '(F)V' in 'com/csproject/jMEMain')}
  0x000002a208b411b4: 0048 ba18 | a0e3 6da2 | 0200 008b | 4008 49ba | 0000 002c | a202 0000 | 4903 c248 | 3b82 d809 
  0x000002a208b411d4: 0000 750d | 4883 82e0 | 0900 0001 | e960 0000 | 0048 3b82 | e809 0000 | 750d 4883 | 82f0 0900 
  0x000002a208b411f4: 0001 e94a | 0000 0048 | 83ba d809 | 0000 0075 | 1748 8982 | d809 0000 | 48c7 82e0 | 0900 0001 
  0x000002a208b41214: 0000 00e9 | 2900 0000 | 4883 bae8 | 0900 0000 | 7517 4889 | 82e8 0900 | 0048 c782 | f009 0000 
  0x000002a208b41234: 0100 0000 | e908 0000 | 0048 8382 | d009 0000 | 0148 8b94 | 24b0 0100 | 0048 b8a8 | 73d4 81a2 
  0x000002a208b41254: ;   {virtual_call}
  0x000002a208b41254: 0200 00e8 

  0x000002a208b41258: ; ImmutableOopMap {[176]=Oop [432]=Oop }
                      ;*invokeinterface next {reexecute=0 rethrow=0 return_oop=0}
                      ; - com.csproject.jMEMain::simpleUpdate@329 (line 94)
  0x000002a208b41258: c646 8907 

  0x000002a208b4125c: ;   {other}
  0x000002a208b4125c: 0f1f 8400 | 5435 002a 

  0x000002a208b41264: ;   {metadata(method data for {method} {0x000002a26d401260} 'simpleUpdate' '(F)V' in 'com/csproject/jMEMain')}
  0x000002a208b41264: 4885 c048 | bf18 a0e3 | 6da2 0200 | 0075 0c80 | 8ff9 0900 | 0001 e9af | 0000 008b | 5808 49ba 
  0x000002a208b41284: 0000 002c | a202 0000 | 4903 da48 | 3b9f 080a | 0000 750d | 4883 8710 | 0a00 0001 | e960 0000 
  0x000002a208b412a4: 0048 3b9f | 180a 0000 | 750d 4883 | 8720 0a00 | 0001 e94a | 0000 0048 | 83bf 080a | 0000 0075 
  0x000002a208b412c4: 1748 899f | 080a 0000 | 48c7 8710 | 0a00 0001 | 0000 00e9 | 2900 0000 | 4883 bf18 | 0a00 0000 
  0x000002a208b412e4: 7517 4889 | 9f18 0a00 | 0048 c787 | 200a 0000 | 0100 0000 | e908 0000 | 0048 8387 | 000a 0000 
  0x000002a208b41304: ;   {metadata('org/apache/commons/lang3/tuple/Pair')}
  0x000002a208b41304: 0148 bb08 | f910 2da2 | 0200 008b | 7808 49ba | 0000 002c | a202 0000 | 4903 fa48 | 3b5f 380f 
  0x000002a208b41324: 850e 1400 | 00e9 0000 | 0000 488b | f048 89b4 | 24c0 0100 

  0x000002a208b41338: ;   {oop(a 'java/lang/Class'{0x00000004049072d0} = 'com/csproject/jMEMain')}
  0x000002a208b41338: 0048 bad0 | 7290 0404 | 0000 008b | 5274 48c1 | e203 483b | 0248 8bfa 

  0x000002a208b41350: ;   {metadata(method data for {method} {0x000002a26d401260} 'simpleUpdate' '(F)V' in 'com/csproject/jMEMain')}
  0x000002a208b41350: 48bb 18a0 | e36d a202 | 0000 8b7f | 0849 ba00 | 0000 2ca2 | 0200 0049 | 03fa 483b | bb38 0a00 
  0x000002a208b41370: 0075 0d48 | 8383 400a | 0000 01e9 | 6000 0000 | 483b bb48 | 0a00 0075 | 0d48 8383 | 500a 0000 
  0x000002a208b41390: 01e9 4a00 | 0000 4883 | bb38 0a00 | 0000 7517 | 4889 bb38 | 0a00 0048 | c783 400a | 0000 0100 
  0x000002a208b413b0: 0000 e929 | 0000 0048 | 83bb 480a | 0000 0075 | 1748 89bb | 480a 0000 | 48c7 8350 | 0a00 0001 
  0x000002a208b413d0: 0000 00e9 | 0800 0000 | 4883 8330 | 0a00 0001 | 0f1f 4400 | 0048 b8d0 | 73d4 81a2 

  0x000002a208b413ec: ;   {virtual_call}
  0x000002a208b413ec: 0200 00e8 

  0x000002a208b413f0: ; ImmutableOopMap {[176]=Oop [432]=Oop [448]=Oop }
                      ;*invokeinterface iterator {reexecute=0 rethrow=0 return_oop=0}
                      ; - com.csproject.jMEMain::simpleUpdate@344 (line 96)
  0x000002a208b413f0: 8e58 7a07 

  0x000002a208b413f4: ;   {other}
  0x000002a208b413f4: 0f1f 8400 | ec36 002b | 4889 8424 | c801 0000 

  0x000002a208b41404: ;   {metadata(method data for {method} {0x000002a26d401260} 'simpleUpdate' '(F)V' in 'com/csproject/jMEMain')}
  0x000002a208b41404: 48ba 18a0 | e36d a202 | 0000 ff82 | 600a 0000 | e95f 0600 | 000f 1f80 | 0000 0000 | 488b 8424 
  0x000002a208b41424: c801 0000 

  0x000002a208b41428: ;   {metadata(method data for {method} {0x000002a26d401260} 'simpleUpdate' '(F)V' in 'com/csproject/jMEMain')}
  0x000002a208b41428: 48ba 18a0 | e36d a202 | 0000 8b40 | 0849 ba00 | 0000 2ca2 | 0200 0049 | 03c2 483b | 8280 0a00 
  0x000002a208b41448: 0075 0d48 | 8382 880a | 0000 01e9 | 6000 0000 | 483b 8290 | 0a00 0075 | 0d48 8382 | 980a 0000 
  0x000002a208b41468: 01e9 4a00 | 0000 4883 | ba80 0a00 | 0000 7517 | 4889 8280 | 0a00 0048 | c782 880a | 0000 0100 
  0x000002a208b41488: 0000 e929 | 0000 0048 | 83ba 900a | 0000 0075 | 1748 8982 | 900a 0000 | 48c7 8298 | 0a00 0001 
  0x000002a208b414a8: 0000 00e9 | 0800 0000 | 4883 8278 | 0a00 0001 | 488b 9424 | c801 0000 | 0f1f 4400 | 0048 b8f8 
  0x000002a208b414c8: 73d4 81a2 

  0x000002a208b414cc: ;   {virtual_call}
  0x000002a208b414cc: 0200 00e8 

  0x000002a208b414d0: ; ImmutableOopMap {[176]=Oop [432]=Oop [448]=Oop [456]=Oop }
                      ;*invokeinterface next {reexecute=0 rethrow=0 return_oop=0}
                      ; - com.csproject.jMEMain::simpleUpdate@356 (line 96)
  0x000002a208b414d0: 4e44 8907 

  0x000002a208b414d4: ;   {other}
  0x000002a208b414d4: 0f1f 8400 | cc37 002c 

  0x000002a208b414dc: ;   {metadata(method data for {method} {0x000002a26d401260} 'simpleUpdate' '(F)V' in 'com/csproject/jMEMain')}
  0x000002a208b414dc: 4885 c048 | be18 a0e3 | 6da2 0200 | 0075 0c80 | 8ea1 0a00 | 0001 e9af | 0000 008b | 7808 49ba 
  0x000002a208b414fc: 0000 002c | a202 0000 | 4903 fa48 | 3bbe b00a | 0000 750d | 4883 86b8 | 0a00 0001 | e960 0000 
  0x000002a208b4151c: 0048 3bbe | c00a 0000 | 750d 4883 | 86c8 0a00 | 0001 e94a | 0000 0048 | 83be b00a | 0000 0075 
  0x000002a208b4153c: 1748 89be | b00a 0000 | 48c7 86b8 | 0a00 0001 | 0000 00e9 | 2900 0000 | 4883 bec0 | 0a00 0000 
  0x000002a208b4155c: 7517 4889 | bec0 0a00 | 0048 c786 | c80a 0000 | 0100 0000 | e908 0000 | 0048 8386 | a80a 0000 
  0x000002a208b4157c: ;   {metadata('com/jme3/scene/Geometry')}
  0x000002a208b4157c: 0148 bf48 | 5c00 2da2 | 0200 008b | 7008 49ba | 0000 002c | a202 0000 | 4903 f248 | 3b7e 400f 
  0x000002a208b4159c: 85a4 1100 | 00e9 0000 | 0000 4c8b | c049 3b00 

  0x000002a208b415ac: ;   {metadata(method data for {method} {0x000002a26d401260} 'simpleUpdate' '(F)V' in 'com/csproject/jMEMain')}
  0x000002a208b415ac: 498b d048 | be18 a0e3 | 6da2 0200 | 008b 5208 | 49ba 0000 | 002c a202 | 0000 4903 | d248 3b96 
  0x000002a208b415cc: e00a 0000 | 750d 4883 | 86e8 0a00 | 0001 e960 | 0000 0048 | 3b96 f00a | 0000 750d | 4883 86f8 
  0x000002a208b415ec: 0a00 0001 | e94a 0000 | 0048 83be | e00a 0000 | 0075 1748 | 8996 e00a | 0000 48c7 | 86e8 0a00 
  0x000002a208b4160c: 0001 0000 | 00e9 2900 | 0000 4883 | bef0 0a00 | 0000 7517 | 4889 96f0 | 0a00 0048 | c786 f80a 
  0x000002a208b4162c: 0000 0100 | 0000 e908 | 0000 0048 | 8386 d80a 

  0x000002a208b4163c: ;   {metadata(method data for {method} {0x000002a26d412758} 'getLocalTranslation' '()Lcom/jme3/math/Vector3f;' in 'com/jme3/scene/Spatial')}
  0x000002a208b4163c: 0000 0148 | ba50 2ee0 | 6da2 0200 | 008b b2cc | 0000 0083 | c602 89b2 | cc00 0000 | 81e6 feff 
  0x000002a208b4165c: 1f00 85f6 | 0f84 ed10 | 0000 418b | 5044 48c1 | e203 483b | 0248 8bf2 

  0x000002a208b41674: ;   {metadata(method data for {method} {0x000002a26d412758} 'getLocalTranslation' '()Lcom/jme3/math/Vector3f;' in 'com/jme3/scene/Spatial')}
  0x000002a208b41674: 48bf 502e | e06d a202 | 0000 4883 | 8718 0100 | 0001 8b52 | 1048 c1e2 | 0348 8bb4 | 24c0 0100 
  0x000002a208b41694: 0048 3b06 

  0x000002a208b41698: ;   {metadata(method data for {method} {0x000002a26d401260} 'simpleUpdate' '(F)V' in 'com/csproject/jMEMain')}
  0x000002a208b41698: 488b fe48 | bb18 a0e3 | 6da2 0200 | 0048 8383 | 080b 0000 | 018b 7e0c | 48c1 e703 

  0x000002a208b416b4: ;   {metadata(method data for {method} {0x000002a26d401260} 'simpleUpdate' '(F)V' in 'com/csproject/jMEMain')}
  0x000002a208b416b4: 4885 ff48 | b818 a0e3 | 6da2 0200 | 0075 0c80 | 8831 0b00 | 0001 e9ae | 0000 008b | 4f08 49ba 
  0x000002a208b416d4: 0000 002c | a202 0000 | 4903 ca48 | 3b88 400b | 0000 750d | 4883 8048 | 0b00 0001 | e960 0000 
  0x000002a208b416f4: 0048 3b88 | 500b 0000 | 750d 4883 | 8058 0b00 | 0001 e94a | 0000 0048 | 83b8 400b | 0000 0075 
  0x000002a208b41714: 1748 8988 | 400b 0000 | 48c7 8048 | 0b00 0001 | 0000 00e9 | 2900 0000 | 4883 b850 | 0b00 0000 
  0x000002a208b41734: 7517 4889 | 8850 0b00 | 0048 c780 | 580b 0000 | 0100 0000 | e908 0000 | 0048 8380 | 380b 0000 
  0x000002a208b41754: ;   {metadata('java/lang/Float')}
  0x000002a208b41754: 0148 b930 | c818 2ca2 | 0200 008b | 5f08 49ba | 0000 002c | a202 0000 | 4903 da48 | 3bcb 0f85 
  0x000002a208b41774: 0610 0000 | e900 0000 | 0048 3b07 

  0x000002a208b41780: ;   {metadata(method data for {method} {0x000002a26d401260} 'simpleUpdate' '(F)V' in 'com/csproject/jMEMain')}
  0x000002a208b41780: 488b df48 | b818 a0e3 | 6da2 0200 | 0048 8380 | 680b 0000 | 01c5 fa10 | 470c c5fa 

  0x000002a208b4179c: ;   {metadata(method data for {method} {0x000002a26d401260} 'simpleUpdate' '(F)V' in 'com/csproject/jMEMain')}
  0x000002a208b4179c: 104a 0c48 | bf18 a0e3 | 6da2 0200 | 0048 8387 | 980b 0000 | 01c5 fa5c 

  0x000002a208b417b4: ;   {metadata(method data for {method} {0x000002a22c46fcb0} 'abs' '(F)F' in 'java/lang/Math')}
  0x000002a208b417b4: c148 bfb8 | 1ad6 6da2 | 0200 008b | 9fcc 0000 | 0083 c302 | 899f cc00 | 0000 81e3 | feff 1f00 
  0x000002a208b417d4: 85db 0f84 | b50f 0000 

  0x000002a208b417dc: ;   {metadata(method data for {method} {0x000002a22c46fcb0} 'abs' '(F)F' in 'java/lang/Math')}
  0x000002a208b417dc: 48bf b81a | d66d a202 | 0000 4883 | 8718 0100 

  0x000002a208b417ec: ;   {metadata(method data for {method} {0x000002a22c46fcb0} 'abs' '(F)F' in 'java/lang/Math')}
  0x000002a208b417ec: 0001 48bf | b81a d66d | a202 0000 | 4883 8728 | 0100 0001 | c5fa 1184 | 24bc 0100 | 008b bc24 
  0x000002a208b4180c: bc01 0000 | 81e7 ffff | ff7f 89bc | 24d8 0100 | 00c5 fa10 | 8424 d801 

  0x000002a208b41824: ;   {section_word}
  0x000002a208b41824: 0000 c5fa | 100d b2cb | ffff c5f8 | 2ec1 bf01 | 0000 000f | 8a13 0000 | 000f 870d | 0000 00bf 
  0x000002a208b41844: 0000 0000 | 0f84 0200 | 0000 ffcf 

  0x000002a208b41850: ;   {metadata(method data for {method} {0x000002a26d401260} 'simpleUpdate' '(F)V' in 'com/csproject/jMEMain')}
  0x000002a208b41850: 85ff 48bf | 18a0 e36d | a202 0000 | bba8 0b00 | 007d 05bb | b80b 0000 | 488b 041f | 488d 4001 
  0x000002a208b41870: 4889 041f | 0f8d f601 | 0000 488b 

  0x000002a208b4187c: ;   {metadata(method data for {method} {0x000002a26d401260} 'simpleUpdate' '(F)V' in 'com/csproject/jMEMain')}
  0x000002a208b4187c: fe48 bb18 | a0e3 6da2 | 0200 0048 | 8383 c80b | 0000 018b | 7e10 48c1 | e703 4885 

  0x000002a208b41898: ;   {metadata(method data for {method} {0x000002a26d401260} 'simpleUpdate' '(F)V' in 'com/csproject/jMEMain')}
  0x000002a208b41898: ff48 b818 | a0e3 6da2 | 0200 0075 | 0c80 88f1 | 0b00 0001 | e9ae 0000 | 008b 4f08 | 49ba 0000 
  0x000002a208b418b8: 002c a202 | 0000 4903 | ca48 3b88 | 000c 0000 | 750d 4883 | 8008 0c00 | 0001 e960 | 0000 0048 
  0x000002a208b418d8: 3b88 100c | 0000 750d | 4883 8018 | 0c00 0001 | e94a 0000 | 0048 83b8 | 000c 0000 | 0075 1748 
  0x000002a208b418f8: 8988 000c | 0000 48c7 | 8008 0c00 | 0001 0000 | 00e9 2900 | 0000 4883 | b810 0c00 | 0000 7517 
  0x000002a208b41918: 4889 8810 | 0c00 0048 | c780 180c | 0000 0100 | 0000 e908 | 0000 0048 | 8380 f80b 

  0x000002a208b41934: ;   {metadata('java/lang/Float')}
  0x000002a208b41934: 0000 0148 | b930 c818 | 2ca2 0200 | 008b 5f08 | 49ba 0000 | 002c a202 | 0000 4903 | da48 3bcb 
  0x000002a208b41954: 0f85 580e | 0000 e900 | 0000 0048 | 3b07 488b 

  0x000002a208b41964: ;   {metadata(method data for {method} {0x000002a26d401260} 'simpleUpdate' '(F)V' in 'com/csproject/jMEMain')}
  0x000002a208b41964: df48 b818 | a0e3 6da2 | 0200 0048 | 8380 280c | 0000 01c5 | fa10 470c | c5fa 104a 

  0x000002a208b41980: ;   {metadata(method data for {method} {0x000002a26d401260} 'simpleUpdate' '(F)V' in 'com/csproject/jMEMain')}
  0x000002a208b41980: 1448 bf18 | a0e3 6da2 | 0200 0048 | 8387 580c | 0000 01c5 

  0x000002a208b41994: ;   {metadata(method data for {method} {0x000002a22c46fcb0} 'abs' '(F)F' in 'java/lang/Math')}
  0x000002a208b41994: fa5c c148 | bfb8 1ad6 | 6da2 0200 | 008b 9fcc | 0000 0083 | c302 899f | cc00 0000 | 81e3 feff 
  0x000002a208b419b4: 1f00 85db | 0f84 020e 

  0x000002a208b419bc: ;   {metadata(method data for {method} {0x000002a22c46fcb0} 'abs' '(F)F' in 'java/lang/Math')}
  0x000002a208b419bc: 0000 49b8 | b81a d66d | a202 0000 | 4983 8018 | 0100 0001 

  0x000002a208b419d0: ;   {metadata(method data for {method} {0x000002a22c46fcb0} 'abs' '(F)F' in 'java/lang/Math')}
  0x000002a208b419d0: 49b8 b81a | d66d a202 | 0000 4983 | 8028 0100 | 0001 c5fa | 1184 24d0 | 0100 0044 | 8b84 24d0 
  0x000002a208b419f0: 0100 0041 | 81e0 ffff | ff7f 4489 | 8424 dc01 | 0000 c5fa | 1084 24dc 

  0x000002a208b41a08: ;   {section_word}
  0x000002a208b41a08: 0100 00c5 | fa10 0dd1 | c9ff ffc5 | f82e c141 | b801 0000 | 000f 8a15 | 0000 000f | 870f 0000 
  0x000002a208b41a28: 0041 b800 | 0000 000f | 8403 0000 | 0041 ffc8 

  0x000002a208b41a38: ;   {metadata(method data for {method} {0x000002a26d401260} 'simpleUpdate' '(F)V' in 'com/csproject/jMEMain')}
  0x000002a208b41a38: 4585 c049 | b818 a0e3 | 6da2 0200 | 00ba 780c | 0000 7c05 | ba68 0c00 | 0049 8b3c | 1048 8d7f 
  0x000002a208b41a58: 0149 893c | 100f 8c45 | 0100 0048 | 8b84 24c8 | 0100 00e9 | 0800 0000 | 488b 8424 | c801 0000 
  0x000002a208b41a78: ; implicit exception: dispatches to 0x000002a208b427e1
  0x000002a208b41a78: 483b 0048 

  0x000002a208b41a7c: ;   {metadata(method data for {method} {0x000002a26d401260} 'simpleUpdate' '(F)V' in 'com/csproject/jMEMain')}
  0x000002a208b41a7c: 8bd0 48bf | 18a0 e36d | a202 0000 | 8b52 0849 | ba00 0000 | 2ca2 0200 | 0049 03d2 | 483b 97a8 
  0x000002a208b41a9c: 0c00 0075 | 0d48 8387 | b00c 0000 | 01e9 6000 | 0000 483b | 97b8 0c00 | 0075 0d48 | 8387 c00c 
  0x000002a208b41abc: 0000 01e9 | 4a00 0000 | 4883 bfa8 | 0c00 0000 | 7517 4889 | 97a8 0c00 | 0048 c787 | b00c 0000 
  0x000002a208b41adc: 0100 0000 | e929 0000 | 0048 83bf | b80c 0000 | 0075 1748 | 8997 b80c | 0000 48c7 | 87c0 0c00 
  0x000002a208b41afc: 0001 0000 | 00e9 0800 | 0000 4883 | 87a0 0c00 | 0001 488b | d00f 1f40 | 0048 b820 | 74d4 81a2 
  0x000002a208b41b1c: ;   {virtual_call}
  0x000002a208b41b1c: 0200 00e8 

  0x000002a208b41b20: ; ImmutableOopMap {[176]=Oop [432]=Oop [448]=Oop [456]=Oop }
                      ;*invokeinterface hasNext {reexecute=0 rethrow=0 return_oop=0}
                      ; - com.csproject.jMEMain::simpleUpdate@431 (line 96)
  0x000002a208b41b20: 5e3f 7a07 

  0x000002a208b41b24: ;   {other}
  0x000002a208b41b24: 0f1f 8400 | 1c3e 002d | 85c0 ba02 | 0000 0075 | 05ba 0000 

  0x000002a208b41b38: ;   {metadata(method data for {method} {0x000002a26d401260} 'simpleUpdate' '(F)V' in 'com/csproject/jMEMain')}
  0x000002a208b41b38: 0000 48be | 18a0 e36d | a202 0000 | 8bbe d000 | 0000 03fa | 89be d000 | 0000 85d2 | 7505 bf02 
  0x000002a208b41b58: 0000 0081 | e7fe 3f00 | 0085 ff0f | 847d 0c00 | 004d 8b97 

  0x000002a208b41b6c: ; ImmutableOopMap {[176]=Oop [432]=Oop [448]=Oop [456]=Oop }
                      ;*ifne {reexecute=1 rethrow=0 return_oop=0}
                      ; - (reexecute) com.csproject.jMEMain::simpleUpdate@436 (line 96)
  0x000002a208b41b6c: 5004 0000 

  0x000002a208b41b70: ;   {poll}
  0x000002a208b41b70: 4185 0285 

  0x000002a208b41b74: ;   {metadata(method data for {method} {0x000002a26d401260} 'simpleUpdate' '(F)V' in 'com/csproject/jMEMain')}
  0x000002a208b41b74: c048 ba18 | a0e3 6da2 | 0200 00be | d00c 0000 | 7505 bee0 | 0c00 0048 | 8b3c 3248 | 8d7f 0148 
  0x000002a208b41b94: 893c 320f | 8583 f8ff | ff41 b800 | 0000 00e9 | 1700 0000 

  0x000002a208b41ba8: ;   {metadata(method data for {method} {0x000002a26d401260} 'simpleUpdate' '(F)V' in 'com/csproject/jMEMain')}
  0x000002a208b41ba8: 49b8 18a0 | e36d a202 | 0000 41ff | 8088 0c00 | 0041 b801 | 0000 0044 | 2384 24b8 | 0100 0049 
  0x000002a208b41bc8: 8bf0 89b4 | 24b8 0100 | 0048 8b84 | 24b0 0100 | 00e9 aaf4 | ffff 8bb4 | 24b8 0100 

  0x000002a208b41be4: ;   {metadata(method data for {method} {0x000002a26d401260} 'simpleUpdate' '(F)V' in 'com/csproject/jMEMain')}
  0x000002a208b41be4: 0085 f649 | b818 a0e3 | 6da2 0200 | 00ba 400d | 0000 7405 | ba50 0d00 | 0049 8b3c | 1048 8d7f 
  0x000002a208b41c04: 0149 893c | 100f 84fd | 0100 0089 | b424 b801 

  0x000002a208b41c14: ;   {oop(a 'java/lang/Class'{0x0000000404805ae0} = 'java/lang/System')}
  0x000002a208b41c14: 0000 49b8 | e05a 8004 | 0400 0000 | 418b 5078 | 48c1 e203 

  0x000002a208b41c28: ; implicit exception: dispatches to 0x000002a208b42807
  0x000002a208b41c28: 483b 024c 

  0x000002a208b41c2c: ;   {metadata(method data for {method} {0x000002a26d401260} 'simpleUpdate' '(F)V' in 'com/csproject/jMEMain')}
  0x000002a208b41c2c: 8bc2 48bf | 18a0 e36d | a202 0000 

  0x000002a208b41c38: ;   {metadata('java/io/PrintStream')}
  0x000002a208b41c38: 49ba 78c9 | 162c a202 | 0000 4c89 | 9768 0d00 | 0048 8387 | 700d 0000 

  0x000002a208b41c50: ;   {oop("Success"{0x000000044367deb0})}
  0x000002a208b41c50: 0149 b8b0 | de67 4304 | 0000 000f 

  0x000002a208b41c5c: ;   {optimized virtual_call}
  0x000002a208b41c5c: 1f40 00e8 

  0x000002a208b41c60: ; ImmutableOopMap {[176]=Oop [432]=Oop }
                      ;*invokevirtual println {reexecute=0 rethrow=0 return_oop=0}
                      ; - com.csproject.jMEMain::simpleUpdate@463 (line 105)
  0x000002a208b41c60: 190d 0000 

  0x000002a208b41c64: ;   {other}
  0x000002a208b41c64: 0f1f 8400 | 5c3f 002f 

  0x000002a208b41c6c: ;   {static_call}
  0x000002a208b41c6c: 6666 90e8 

  0x000002a208b41c70: ; ImmutableOopMap {[176]=Oop [432]=Oop }
                      ;*invokestatic CreateAndShowWindow {reexecute=0 rethrow=0 return_oop=0}
                      ; - com.csproject.jMEMain::simpleUpdate@466 (line 106)
  0x000002a208b41c70: 190d 0000 

  0x000002a208b41c74: ;   {other}
  0x000002a208b41c74: 0f1f 8400 | 6c3f 0030 

  0x000002a208b41c7c: ;   {metadata(method data for {method} {0x000002a26d401260} 'simpleUpdate' '(F)V' in 'com/csproject/jMEMain')}
  0x000002a208b41c7c: 48ba 18a0 | e36d a202 | 0000 4883 | 82a0 0d00 

  0x000002a208b41c8c: ;   {metadata(method data for {method} {0x000002a22c17da60} 'exit' '(I)V' in 'java/lang/System')}
  0x000002a208b41c8c: 0001 48ba | 000d d76d | a202 0000 | 8bb2 cc00 | 0000 83c6 | 0289 b2cc | 0000 0081 | e6fe ff1f 
  0x000002a208b41cac: 0085 f60f | 8457 0b00 

  0x000002a208b41cb4: ;   {metadata(method data for {method} {0x000002a22c17da60} 'exit' '(I)V' in 'java/lang/System')}
  0x000002a208b41cb4: 0048 ba00 | 0dd7 6da2 | 0200 0048 | 8382 1801 

  0x000002a208b41cc4: ;   {metadata(method data for {method} {0x000002a22c22b4d8} 'getRuntime' '()Ljava/lang/Runtime;' in 'java/lang/Runtime')}
  0x000002a208b41cc4: 0000 0148 | ba98 0ed7 | 6da2 0200 | 008b b2cc | 0000 0083 | c602 89b2 | cc00 0000 | 81e6 feff 
  0x000002a208b41ce4: 1f00 85f6 | 0f84 3f0b 

  0x000002a208b41cec: ;   {oop(a 'java/lang/Runtime'{0x0000000404e86900})}
  0x000002a208b41cec: 0000 48ba | 0069 e804 | 0400 0000 

  0x000002a208b41cf8: ;   {metadata(method data for {method} {0x000002a22c17da60} 'exit' '(I)V' in 'java/lang/System')}
  0x000002a208b41cf8: 48be 000d | d76d a202 

  0x000002a208b41d00: ;   {metadata('java/lang/Runtime')}
  0x000002a208b41d00: 0000 49ba | 00aa 222c | a202 0000 | 4c89 9630 | 0100 0048 | 8386 3801 

  0x000002a208b41d18: ;   {metadata(method data for {method} {0x000002a22c22acb0} 'exit' '(I)V' in 'java/lang/Runtime')}
  0x000002a208b41d18: 0000 0148 | bac8 0fd7 | 6da2 0200 | 008b b2cc | 0000 0083 | c602 89b2 | cc00 0000 | 81e6 feff 
  0x000002a208b41d38: 1f00 85f6 | 0f84 0c0b 

  0x000002a208b41d40: ;   {metadata(method data for {method} {0x000002a22c22acb0} 'exit' '(I)V' in 'java/lang/Runtime')}
  0x000002a208b41d40: 0000 48ba | c80f d76d | a202 0000 | 4883 8218 | 0100 0001 

  0x000002a208b41d54: ;   {metadata(method data for {method} {0x000002a22c17ddb8} 'getSecurityManager' '()Ljava/lang/SecurityManager;' in 'java/lang/System')}
  0x000002a208b41d54: 48ba 60a4 | 026d a202 | 0000 8bb2 | cc00 0000 | 83c6 0289 | b2cc 0000 | 0081 e6fe | ff1f 0085 
  0x000002a208b41d74: f60f 84f4 

  0x000002a208b41d78: ;   {metadata(method data for {method} {0x000002a22c17ddb8} 'getSecurityManager' '()Ljava/lang/SecurityManager;' in 'java/lang/System')}
  0x000002a208b41d78: 0a00 0048 | ba60 a402 | 6da2 0200 | 0048 8382 | 1801 0000 

  0x000002a208b41d8c: ;   {metadata(method data for {method} {0x000002a22c17ded0} 'allowSecurityManager' '()Z' in 'java/lang/System')}
  0x000002a208b41d8c: 0148 bae0 | a502 6da2 | 0200 008b | b2cc 0000 | 0083 c602 | 89b2 cc00 | 0000 81e6 | feff 1f00 
  0x000002a208b41dac: 85f6 0f84 | dc0a 0000 

  0x000002a208b41db4: ;   {metadata(method data for {method} {0x000002a22c17ded0} 'allowSecurityManager' '()Z' in 'java/lang/System')}
  0x000002a208b41db4: 48ba e0a5 | 026d a202 | 0000 ff82 | 1801 0000 

  0x000002a208b41dc4: ;   {metadata(method data for {method} {0x000002a22c17ddb8} 'getSecurityManager' '()Ljava/lang/SecurityManager;' in 'java/lang/System')}
  0x000002a208b41dc4: 48ba 60a4 | 026d a202 | 0000 ff82 | 2801 0000 

  0x000002a208b41dd4: ;   {metadata(method data for {method} {0x000002a22c22acb0} 'exit' '(I)V' in 'java/lang/Runtime')}
  0x000002a208b41dd4: 48ba c80f | d76d a202 | 0000 ff82 | 2801 0000 

  0x000002a208b41de4: ;   {metadata(method data for {method} {0x000002a22c22acb0} 'exit' '(I)V' in 'java/lang/Runtime')}
  0x000002a208b41de4: 48bf c80f | d76d a202 | 0000 4883 | 8778 0100 | 0001 ba00 | 0000 000f 

  0x000002a208b41dfc: ;   {static_call}
  0x000002a208b41dfc: 1f40 00e8 

  0x000002a208b41e00: ; ImmutableOopMap {[176]=Oop [432]=Oop }
                      ;*invokestatic exit {reexecute=0 rethrow=0 return_oop=0}
                      ; - java.lang.Runtime::exit@14 (line 188)
                      ; - java.lang.System::exit@4 (line 1923)
                      ; - com.csproject.jMEMain::simpleUpdate@470 (line 107)
  0x000002a208b41e00: e30b 0000 

  0x000002a208b41e04: ;   {other}
  0x000002a208b41e04: 0f1f 8400 | fc40 0031 | 4881 c4f0 | 0100 005d 

  0x000002a208b41e14: ;   {poll_return}
  0x000002a208b41e14: 493b a748 | 0400 000f | 8790 0a00 

  0x000002a208b41e20: ;   {metadata({method} {0x000002a26d401260} 'simpleUpdate' '(F)V' in 'com/csproject/jMEMain')}
  0x000002a208b41e20: 00c3 49ba | 5812 406d | a202 0000 | 4c89 5424 | 0848 c704 | 24ff ffff 

  0x000002a208b41e38: ;   {runtime_call counter_overflow Runtime1 stub}
  0x000002a208b41e38: ffe8 228a 

  0x000002a208b41e3c: ; ImmutableOopMap {rdx=Oop [176]=Oop }
                      ;*synchronization entry
                      ; - com.csproject.jMEMain::simpleUpdate@-1 (line 60)
  0x000002a208b41e3c: 0a07 e934 

  0x000002a208b41e40: ;   {runtime_call throw_null_pointer_exception Runtime1 stub}
  0x000002a208b41e40: c6ff ffe8 

  0x000002a208b41e44: ; ImmutableOopMap {rdx=Oop rsi=Oop [176]=Oop }
                      ;*invokevirtual getPlayer_rigid {reexecute=0 rethrow=0 return_oop=0}
                      ; - com.csproject.jMEMain::simpleUpdate@4 (line 60)
  0x000002a208b41e44: 1822 0a07 

  0x000002a208b41e48: ;   {runtime_call throw_null_pointer_exception Runtime1 stub}
  0x000002a208b41e48: e813 220a 

  0x000002a208b41e4c: ; ImmutableOopMap {rdx=Oop rsi=Oop rdi=Oop [176]=Oop }
                      ;*aaload {reexecute=0 rethrow=0 return_oop=0}
                      ; - com.csproject.jMEMain::simpleUpdate@8 (line 60)
                      ;   {runtime_call throw_null_pointer_exception Runtime1 stub}
  0x000002a208b41e4c: 07e8 0e22 

  0x000002a208b41e50: ; ImmutableOopMap {rdx=Oop rsi=Oop rdi=Oop [176]=Oop }
                      ;*aaload {reexecute=0 rethrow=0 return_oop=0}
                      ; - com.csproject.jMEMain::simpleUpdate@8 (line 60)
  0x000002a208b41e50: 0a07 48c7 | 0424 0100 | 0000 4889 

  0x000002a208b41e5c: ;   {runtime_call throw_range_check_failed Runtime1 stub}
  0x000002a208b41e5c: 7c24 08e8 

  0x000002a208b41e60: ; ImmutableOopMap {rdx=Oop rsi=Oop rdi=Oop [176]=Oop }
                      ;*aaload {reexecute=0 rethrow=0 return_oop=0}
                      ; - com.csproject.jMEMain::simpleUpdate@8 (line 60)
  0x000002a208b41e60: fc0f 0a07 

  0x000002a208b41e64: ;   {runtime_call throw_null_pointer_exception Runtime1 stub}
  0x000002a208b41e64: e8f7 210a 

  0x000002a208b41e68: ; ImmutableOopMap {rdx=Oop rbx=Oop r8=Oop [152]=Oop [168]=Oop [176]=Oop }
                      ;*invokevirtual getPhysicsLocation {reexecute=0 rethrow=0 return_oop=0}
                      ; - com.csproject.jMEMain::simpleUpdate@16 (line 61)
                      ;   {metadata({method} {0x000002a26dc90778} 'getPhysicsLocation' '()Lcom/jme3/math/Vector3f;' in 'com/jme3/bullet/objects/PhysicsCharacter')}
  0x000002a208b41e68: 0749 ba70 | 07c9 6da2 | 0200 004c | 8954 2408 | 48c7 0424 | ffff ffff 

  0x000002a208b41e80: ;   {runtime_call counter_overflow Runtime1 stub}
  0x000002a208b41e80: e8db 890a 

  0x000002a208b41e84: ; ImmutableOopMap {rdx=Oop rbx=Oop r8=Oop [152]=Oop [168]=Oop [176]=Oop }
                      ;*synchronization entry
                      ; - com.jme3.bullet.objects.PhysicsCharacter::getPhysicsLocation@-1 (line 571)
                      ; - com.csproject.jMEMain::simpleUpdate@16 (line 61)
  0x000002a208b41e84: 07e9 0ec7 

  0x000002a208b41e88: ;   {metadata({method} {0x000002a26dc90618} 'getPhysicsLocation' '(Lcom/jme3/math/Vector3f;)Lcom/jme3/math/Vector3f;' in 'com/jme3/bullet/objects/PhysicsCharacter')}
  0x000002a208b41e88: ffff 49ba | 1006 c96d | a202 0000 | 4c89 5424 | 0848 c704 | 24ff ffff 

  0x000002a208b41ea0: ;   {runtime_call counter_overflow Runtime1 stub}
  0x000002a208b41ea0: ffe8 ba89 

  0x000002a208b41ea4: ; ImmutableOopMap {rdx=Oop rbx=Oop r8=Oop [152]=Oop [168]=Oop [176]=Oop }
                      ;*synchronization entry
                      ; - com.jme3.bullet.objects.PhysicsCharacter::getPhysicsLocation@-1 (line 556)
                      ; - com.jme3.bullet.objects.PhysicsCharacter::getPhysicsLocation@2 (line 571)
                      ; - com.csproject.jMEMain::simpleUpdate@16 (line 61)
  0x000002a208b41ea4: 0a07 e9a7 | c7ff ff48 

  0x000002a208b41eac: ;   {runtime_call fast_new_instance Runtime1 stub}
  0x000002a208b41eac: 8bd2 e8ad 

  0x000002a208b41eb0: ; ImmutableOopMap {[152]=Oop [168]=Oop [176]=Oop }
                      ;*new {reexecute=0 rethrow=0 return_oop=0}
                      ; - com.jme3.bullet.objects.PhysicsCharacter::getPhysicsLocation@4 (line 557)
                      ; - com.jme3.bullet.objects.PhysicsCharacter::getPhysicsLocation@2 (line 571)
                      ; - com.csproject.jMEMain::simpleUpdate@16 (line 61)
  0x000002a208b41eb0: 330a 07e9 | fac7 ffff 

  0x000002a208b41eb8: ;   {runtime_call fast_new_instance Runtime1 stub}
  0x000002a208b41eb8: 488b d2e8 

  0x000002a208b41ebc: ; ImmutableOopMap {rbx=Oop [168]=Oop [176]=Oop }
                      ;*new {reexecute=0 rethrow=0 return_oop=0}
                      ; - com.csproject.jMEMain::simpleUpdate@19 (line 61)
  0x000002a208b41ebc: a033 0a07 | e9b7 c8ff 

  0x000002a208b41ec4: ;   {metadata({method} {0x000002a26d44c8f8} '<init>' '(FFF)V' in 'com/jme3/math/Vector3f')}
  0x000002a208b41ec4: ff49 baf0 | c844 6da2 | 0200 004c | 8954 2408 | 48c7 0424 | ffff ffff 

  0x000002a208b41edc: ;   {runtime_call counter_overflow Runtime1 stub}
  0x000002a208b41edc: e87f 890a 

  0x000002a208b41ee0: ; ImmutableOopMap {rbx=Oop rax=Oop [168]=Oop [176]=Oop }
                      ;*synchronization entry
                      ; - com.jme3.math.Vector3f::<init>@-1 (line 109)
                      ; - com.csproject.jMEMain::simpleUpdate@27 (line 61)
  0x000002a208b41ee0: 07e9 d4c8 

  0x000002a208b41ee4: ;   {metadata({method} {0x000002a22c49d700} '<init>' '()V' in 'java/lang/Object')}
  0x000002a208b41ee4: ffff 49ba | f8d6 492c | a202 0000 | 4c89 5424 | 0848 c704 | 24ff ffff 

  0x000002a208b41efc: ;   {runtime_call counter_overflow Runtime1 stub}
  0x000002a208b41efc: ffe8 5e89 

  0x000002a208b41f00: ; ImmutableOopMap {rbx=Oop rax=Oop [168]=Oop [176]=Oop }
                      ;*synchronization entry
                      ; - java.lang.Object::<init>@-1 (line 45)
                      ; - com.jme3.math.Vector3f::<init>@1 (line 109)
                      ; - com.csproject.jMEMain::simpleUpdate@27 (line 61)
  0x000002a208b41f00: 0a07 e9f1 

  0x000002a208b41f04: ;   {runtime_call throw_null_pointer_exception Runtime1 stub}
  0x000002a208b41f04: c8ff ffe8 

  0x000002a208b41f08: ; ImmutableOopMap {rax=Oop rbx=Oop [168]=Oop [176]=Oop }
                      ;*invokevirtual setPhysicsLocation {reexecute=0 rethrow=0 return_oop=0}
                      ; - com.csproject.jMEMain::simpleUpdate@33 (line 60)
  0x000002a208b41f08: 5421 0a07 

  0x000002a208b41f0c: ;   {metadata({method} {0x000002a26dac1ae8} 'setPhysicsLocation' '(Lcom/jme3/math/Vector3f;)V' in 'com/jme3/bullet/objects/PhysicsRigidBody')}
  0x000002a208b41f0c: 49ba e01a | ac6d a202 | 0000 4c89 | 5424 0848 | c704 24ff 

  0x000002a208b41f20: ;   {runtime_call counter_overflow Runtime1 stub}
  0x000002a208b41f20: ffff ffe8 

  0x000002a208b41f24: ; ImmutableOopMap {rax=Oop rbx=Oop [168]=Oop [176]=Oop }
                      ;*synchronization entry
                      ; - com.jme3.bullet.objects.PhysicsRigidBody::setPhysicsLocation@-1 (line 181)
                      ; - com.csproject.jMEMain::simpleUpdate@33 (line 60)
  0x000002a208b41f24: 3889 0a07 | e9ca c9ff 

  0x000002a208b41f2c: ;   {runtime_call throw_null_pointer_exception Runtime1 stub}
  0x000002a208b41f2c: ffe8 2e21 

  0x000002a208b41f30: ; ImmutableOopMap {rdx=Oop rsi=Oop [176]=Oop }
                      ;*invokevirtual getPlayer_rigid {reexecute=0 rethrow=0 return_oop=0}
                      ; - com.csproject.jMEMain::simpleUpdate@40 (line 63)
                      ;   {runtime_call throw_null_pointer_exception Runtime1 stub}
  0x000002a208b41f30: 0a07 e829 

  0x000002a208b41f34: ; ImmutableOopMap {rdx=Oop rsi=Oop rdi=Oop [176]=Oop }
                      ;*aaload {reexecute=0 rethrow=0 return_oop=0}
                      ; - com.csproject.jMEMain::simpleUpdate@44 (line 63)
                      ;   {runtime_call throw_null_pointer_exception Runtime1 stub}
  0x000002a208b41f34: 210a 07e8 

  0x000002a208b41f38: ; ImmutableOopMap {rdx=Oop rsi=Oop rdi=Oop [176]=Oop }
                      ;*aaload {reexecute=0 rethrow=0 return_oop=0}
                      ; - com.csproject.jMEMain::simpleUpdate@44 (line 63)
  0x000002a208b41f38: 2421 0a07 | 48c7 0424 | 0200 0000 | 4889 7c24 

  0x000002a208b41f48: ;   {runtime_call throw_range_check_failed Runtime1 stub}
  0x000002a208b41f48: 08e8 120f 

  0x000002a208b41f4c: ; ImmutableOopMap {rdx=Oop rsi=Oop rdi=Oop [176]=Oop }
                      ;*aaload {reexecute=0 rethrow=0 return_oop=0}
                      ; - com.csproject.jMEMain::simpleUpdate@44 (line 63)
                      ;   {runtime_call throw_null_pointer_exception Runtime1 stub}
  0x000002a208b41f4c: 0a07 e80d 

  0x000002a208b41f50: ; ImmutableOopMap {rdx=Oop rbx=Oop r8=Oop [176]=Oop [192]=Oop [208]=Oop }
                      ;*invokevirtual getPhysicsLocation {reexecute=0 rethrow=0 return_oop=0}
                      ; - com.csproject.jMEMain::simpleUpdate@52 (line 64)
                      ;   {metadata({method} {0x000002a26dc90778} 'getPhysicsLocation' '()Lcom/jme3/math/Vector3f;' in 'com/jme3/bullet/objects/PhysicsCharacter')}
  0x000002a208b41f50: 210a 0749 | ba70 07c9 | 6da2 0200 | 004c 8954 | 2408 48c7 | 0424 ffff 

  0x000002a208b41f68: ;   {runtime_call counter_overflow Runtime1 stub}
  0x000002a208b41f68: ffff e8f1 

  0x000002a208b41f6c: ; ImmutableOopMap {rdx=Oop rbx=Oop r8=Oop [176]=Oop [192]=Oop [208]=Oop }
                      ;*synchronization entry
                      ; - com.jme3.bullet.objects.PhysicsCharacter::getPhysicsLocation@-1 (line 571)
                      ; - com.csproject.jMEMain::simpleUpdate@52 (line 64)
  0x000002a208b41f6c: 880a 07e9 | e1ca ffff 

  0x000002a208b41f74: ;   {metadata({method} {0x000002a26dc90618} 'getPhysicsLocation' '(Lcom/jme3/math/Vector3f;)Lcom/jme3/math/Vector3f;' in 'com/jme3/bullet/objects/PhysicsCharacter')}
  0x000002a208b41f74: 49ba 1006 | c96d a202 | 0000 4c89 | 5424 0848 | c704 24ff 

  0x000002a208b41f88: ;   {runtime_call counter_overflow Runtime1 stub}
  0x000002a208b41f88: ffff ffe8 

  0x000002a208b41f8c: ; ImmutableOopMap {rdx=Oop rbx=Oop r8=Oop [176]=Oop [192]=Oop [208]=Oop }
                      ;*synchronization entry
                      ; - com.jme3.bullet.objects.PhysicsCharacter::getPhysicsLocation@-1 (line 556)
                      ; - com.jme3.bullet.objects.PhysicsCharacter::getPhysicsLocation@2 (line 571)
                      ; - com.csproject.jMEMain::simpleUpdate@52 (line 64)
  0x000002a208b41f8c: d088 0a07 | e97a cbff | ff48 8bd2 

  0x000002a208b41f98: ;   {runtime_call fast_new_instance Runtime1 stub}
  0x000002a208b41f98: e8c3 320a 

  0x000002a208b41f9c: ; ImmutableOopMap {[176]=Oop [192]=Oop [208]=Oop }
                      ;*new {reexecute=0 rethrow=0 return_oop=0}
                      ; - com.jme3.bullet.objects.PhysicsCharacter::getPhysicsLocation@4 (line 557)
                      ; - com.jme3.bullet.objects.PhysicsCharacter::getPhysicsLocation@2 (line 571)
                      ; - com.csproject.jMEMain::simpleUpdate@52 (line 64)
  0x000002a208b41f9c: 07e9 cdcb | ffff 488b 

  0x000002a208b41fa4: ;   {runtime_call fast_new_instance Runtime1 stub}
  0x000002a208b41fa4: d2e8 b632 

  0x000002a208b41fa8: ; ImmutableOopMap {rbx=Oop [176]=Oop [208]=Oop }
                      ;*new {reexecute=0 rethrow=0 return_oop=0}
                      ; - com.csproject.jMEMain::simpleUpdate@55 (line 64)
  0x000002a208b41fa8: 0a07 e985 

  0x000002a208b41fac: ;   {metadata({method} {0x000002a26d44c8f8} '<init>' '(FFF)V' in 'com/jme3/math/Vector3f')}
  0x000002a208b41fac: ccff ff49 | baf0 c844 | 6da2 0200 | 004c 8954 | 2408 48c7 | 0424 ffff 

  0x000002a208b41fc4: ;   {runtime_call counter_overflow Runtime1 stub}
  0x000002a208b41fc4: ffff e895 

  0x000002a208b41fc8: ; ImmutableOopMap {rbx=Oop rax=Oop [176]=Oop [208]=Oop }
                      ;*synchronization entry
                      ; - com.jme3.math.Vector3f::<init>@-1 (line 109)
                      ; - com.csproject.jMEMain::simpleUpdate@63 (line 64)
  0x000002a208b41fc8: 880a 07e9 | a2cc ffff 

  0x000002a208b41fd0: ;   {metadata({method} {0x000002a22c49d700} '<init>' '()V' in 'java/lang/Object')}
  0x000002a208b41fd0: 49ba f8d6 | 492c a202 | 0000 4c89 | 5424 0848 | c704 24ff 

  0x000002a208b41fe4: ;   {runtime_call counter_overflow Runtime1 stub}
  0x000002a208b41fe4: ffff ffe8 

  0x000002a208b41fe8: ; ImmutableOopMap {rbx=Oop rax=Oop [176]=Oop [208]=Oop }
                      ;*synchronization entry
                      ; - java.lang.Object::<init>@-1 (line 45)
                      ; - com.jme3.math.Vector3f::<init>@1 (line 109)
                      ; - com.csproject.jMEMain::simpleUpdate@63 (line 64)
  0x000002a208b41fe8: 7488 0a07 | e9bf ccff 

  0x000002a208b41ff0: ;   {runtime_call throw_null_pointer_exception Runtime1 stub}
  0x000002a208b41ff0: ffe8 6a20 

  0x000002a208b41ff4: ; ImmutableOopMap {rax=Oop rbx=Oop [176]=Oop [208]=Oop }
                      ;*invokevirtual setPhysicsLocation {reexecute=0 rethrow=0 return_oop=0}
                      ; - com.csproject.jMEMain::simpleUpdate@69 (line 63)
                      ;   {metadata({method} {0x000002a26dac1ae8} 'setPhysicsLocation' '(Lcom/jme3/math/Vector3f;)V' in 'com/jme3/bullet/objects/PhysicsRigidBody')}
  0x000002a208b41ff4: 0a07 49ba | e01a ac6d | a202 0000 | 4c89 5424 | 0848 c704 | 24ff ffff 

  0x000002a208b4200c: ;   {runtime_call counter_overflow Runtime1 stub}
  0x000002a208b4200c: ffe8 4e88 

  0x000002a208b42010: ; ImmutableOopMap {rax=Oop rbx=Oop [176]=Oop [208]=Oop }
                      ;*synchronization entry
                      ; - com.jme3.bullet.objects.PhysicsRigidBody::setPhysicsLocation@-1 (line 181)
                      ; - com.csproject.jMEMain::simpleUpdate@69 (line 63)
  0x000002a208b42010: 0a07 e998 

  0x000002a208b42014: ;   {runtime_call throw_null_pointer_exception Runtime1 stub}
  0x000002a208b42014: cdff ffe8 

  0x000002a208b42018: ; ImmutableOopMap {rdx=Oop rsi=Oop [176]=Oop }
                      ;*invokevirtual getPlayer_rigid {reexecute=0 rethrow=0 return_oop=0}
                      ; - com.csproject.jMEMain::simpleUpdate@76 (line 66)
  0x000002a208b42018: 4420 0a07 

  0x000002a208b4201c: ;   {runtime_call throw_null_pointer_exception Runtime1 stub}
  0x000002a208b4201c: e83f 200a 

  0x000002a208b42020: ; ImmutableOopMap {rdx=Oop rsi=Oop rdi=Oop [176]=Oop }
                      ;*aaload {reexecute=0 rethrow=0 return_oop=0}
                      ; - com.csproject.jMEMain::simpleUpdate@80 (line 66)
                      ;   {runtime_call throw_null_pointer_exception Runtime1 stub}
  0x000002a208b42020: 07e8 3a20 

  0x000002a208b42024: ; ImmutableOopMap {rdx=Oop rsi=Oop rdi=Oop [176]=Oop }
                      ;*aaload {reexecute=0 rethrow=0 return_oop=0}
                      ; - com.csproject.jMEMain::simpleUpdate@80 (line 66)
  0x000002a208b42024: 0a07 48c7 | 0424 0300 | 0000 4889 

  0x000002a208b42030: ;   {runtime_call throw_range_check_failed Runtime1 stub}
  0x000002a208b42030: 7c24 08e8 

  0x000002a208b42034: ; ImmutableOopMap {rdx=Oop rsi=Oop rdi=Oop [176]=Oop }
                      ;*aaload {reexecute=0 rethrow=0 return_oop=0}
                      ; - com.csproject.jMEMain::simpleUpdate@80 (line 66)
  0x000002a208b42034: 280e 0a07 

  0x000002a208b42038: ;   {runtime_call throw_null_pointer_exception Runtime1 stub}
  0x000002a208b42038: e823 200a 

  0x000002a208b4203c: ; ImmutableOopMap {rdx=Oop rbx=Oop r8=Oop [176]=Oop [224]=Oop [240]=Oop }
                      ;*invokevirtual getPhysicsLocation {reexecute=0 rethrow=0 return_oop=0}
                      ; - com.csproject.jMEMain::simpleUpdate@88 (line 67)
                      ;   {metadata({method} {0x000002a26dc90778} 'getPhysicsLocation' '()Lcom/jme3/math/Vector3f;' in 'com/jme3/bullet/objects/PhysicsCharacter')}
  0x000002a208b4203c: 0749 ba70 | 07c9 6da2 | 0200 004c | 8954 2408 | 48c7 0424 | ffff ffff 

  0x000002a208b42054: ;   {runtime_call counter_overflow Runtime1 stub}
  0x000002a208b42054: e807 880a 

  0x000002a208b42058: ; ImmutableOopMap {rdx=Oop rbx=Oop r8=Oop [176]=Oop [224]=Oop [240]=Oop }
                      ;*synchronization entry
                      ; - com.jme3.bullet.objects.PhysicsCharacter::getPhysicsLocation@-1 (line 571)
                      ; - com.csproject.jMEMain::simpleUpdate@88 (line 67)
  0x000002a208b42058: 07e9 afce 

  0x000002a208b4205c: ;   {metadata({method} {0x000002a26dc90618} 'getPhysicsLocation' '(Lcom/jme3/math/Vector3f;)Lcom/jme3/math/Vector3f;' in 'com/jme3/bullet/objects/PhysicsCharacter')}
  0x000002a208b4205c: ffff 49ba | 1006 c96d | a202 0000 | 4c89 5424 | 0848 c704 | 24ff ffff 

  0x000002a208b42074: ;   {runtime_call counter_overflow Runtime1 stub}
  0x000002a208b42074: ffe8 e687 

  0x000002a208b42078: ; ImmutableOopMap {rdx=Oop rbx=Oop r8=Oop [176]=Oop [224]=Oop [240]=Oop }
                      ;*synchronization entry
                      ; - com.jme3.bullet.objects.PhysicsCharacter::getPhysicsLocation@-1 (line 556)
                      ; - com.jme3.bullet.objects.PhysicsCharacter::getPhysicsLocation@2 (line 571)
                      ; - com.csproject.jMEMain::simpleUpdate@88 (line 67)
  0x000002a208b42078: 0a07 e948 | cfff ff48 

  0x000002a208b42080: ;   {runtime_call fast_new_instance Runtime1 stub}
  0x000002a208b42080: 8bd2 e8d9 

  0x000002a208b42084: ; ImmutableOopMap {[176]=Oop [224]=Oop [240]=Oop }
                      ;*new {reexecute=0 rethrow=0 return_oop=0}
                      ; - com.jme3.bullet.objects.PhysicsCharacter::getPhysicsLocation@4 (line 557)
                      ; - com.jme3.bullet.objects.PhysicsCharacter::getPhysicsLocation@2 (line 571)
                      ; - com.csproject.jMEMain::simpleUpdate@88 (line 67)
  0x000002a208b42084: 310a 07e9 | 9bcf ffff 

  0x000002a208b4208c: ;   {runtime_call fast_new_instance Runtime1 stub}
  0x000002a208b4208c: 488b d2e8 

  0x000002a208b42090: ; ImmutableOopMap {rbx=Oop [176]=Oop [240]=Oop }
                      ;*new {reexecute=0 rethrow=0 return_oop=0}
                      ; - com.csproject.jMEMain::simpleUpdate@91 (line 67)
  0x000002a208b42090: cc31 0a07 | e953 d0ff 

  0x000002a208b42098: ;   {metadata({method} {0x000002a26d44c8f8} '<init>' '(FFF)V' in 'com/jme3/math/Vector3f')}
  0x000002a208b42098: ff49 baf0 | c844 6da2 | 0200 004c | 8954 2408 | 48c7 0424 | ffff ffff 

  0x000002a208b420b0: ;   {runtime_call counter_overflow Runtime1 stub}
  0x000002a208b420b0: e8ab 870a 

  0x000002a208b420b4: ; ImmutableOopMap {rbx=Oop rax=Oop [176]=Oop [240]=Oop }
                      ;*synchronization entry
                      ; - com.jme3.math.Vector3f::<init>@-1 (line 109)
                      ; - com.csproject.jMEMain::simpleUpdate@99 (line 67)
  0x000002a208b420b4: 07e9 70d0 

  0x000002a208b420b8: ;   {metadata({method} {0x000002a22c49d700} '<init>' '()V' in 'java/lang/Object')}
  0x000002a208b420b8: ffff 49ba | f8d6 492c | a202 0000 | 4c89 5424 | 0848 c704 | 24ff ffff 

  0x000002a208b420d0: ;   {runtime_call counter_overflow Runtime1 stub}
  0x000002a208b420d0: ffe8 8a87 

  0x000002a208b420d4: ; ImmutableOopMap {rbx=Oop rax=Oop [176]=Oop [240]=Oop }
                      ;*synchronization entry
                      ; - java.lang.Object::<init>@-1 (line 45)
                      ; - com.jme3.math.Vector3f::<init>@1 (line 109)
                      ; - com.csproject.jMEMain::simpleUpdate@99 (line 67)
  0x000002a208b420d4: 0a07 e98d 

  0x000002a208b420d8: ;   {runtime_call throw_null_pointer_exception Runtime1 stub}
  0x000002a208b420d8: d0ff ffe8 

  0x000002a208b420dc: ; ImmutableOopMap {rax=Oop rbx=Oop [176]=Oop [240]=Oop }
                      ;*invokevirtual setPhysicsLocation {reexecute=0 rethrow=0 return_oop=0}
                      ; - com.csproject.jMEMain::simpleUpdate@105 (line 66)
  0x000002a208b420dc: 801f 0a07 

  0x000002a208b420e0: ;   {metadata({method} {0x000002a26dac1ae8} 'setPhysicsLocation' '(Lcom/jme3/math/Vector3f;)V' in 'com/jme3/bullet/objects/PhysicsRigidBody')}
  0x000002a208b420e0: 49ba e01a | ac6d a202 | 0000 4c89 | 5424 0848 | c704 24ff 

  0x000002a208b420f4: ;   {runtime_call counter_overflow Runtime1 stub}
  0x000002a208b420f4: ffff ffe8 

  0x000002a208b420f8: ; ImmutableOopMap {rax=Oop rbx=Oop [176]=Oop [240]=Oop }
                      ;*synchronization entry
                      ; - com.jme3.bullet.objects.PhysicsRigidBody::setPhysicsLocation@-1 (line 181)
                      ; - com.csproject.jMEMain::simpleUpdate@105 (line 66)
  0x000002a208b420f8: 6487 0a07 | e966 d1ff 

  0x000002a208b42100: ;   {runtime_call throw_null_pointer_exception Runtime1 stub}
  0x000002a208b42100: ffe8 5a1f 

  0x000002a208b42104: ; ImmutableOopMap {rdx=Oop rsi=Oop [176]=Oop }
                      ;*invokevirtual getPlayer_rigid {reexecute=0 rethrow=0 return_oop=0}
                      ; - com.csproject.jMEMain::simpleUpdate@112 (line 69)
                      ;   {runtime_call throw_null_pointer_exception Runtime1 stub}
  0x000002a208b42104: 0a07 e855 

  0x000002a208b42108: ; ImmutableOopMap {rdx=Oop rsi=Oop rdi=Oop [176]=Oop }
                      ;*aaload {reexecute=0 rethrow=0 return_oop=0}
                      ; - com.csproject.jMEMain::simpleUpdate@116 (line 69)
                      ;   {runtime_call throw_null_pointer_exception Runtime1 stub}
  0x000002a208b42108: 1f0a 07e8 

  0x000002a208b4210c: ; ImmutableOopMap {rdx=Oop rsi=Oop rdi=Oop [176]=Oop }
                      ;*aaload {reexecute=0 rethrow=0 return_oop=0}
                      ; - com.csproject.jMEMain::simpleUpdate@116 (line 69)
  0x000002a208b4210c: 501f 0a07 | 48c7 0424 | 0400 0000 | 4889 7c24 

  0x000002a208b4211c: ;   {runtime_call throw_range_check_failed Runtime1 stub}
  0x000002a208b4211c: 08e8 3e0d 

  0x000002a208b42120: ; ImmutableOopMap {rdx=Oop rsi=Oop rdi=Oop [176]=Oop }
                      ;*aaload {reexecute=0 rethrow=0 return_oop=0}
                      ; - com.csproject.jMEMain::simpleUpdate@116 (line 69)
                      ;   {runtime_call throw_null_pointer_exception Runtime1 stub}
  0x000002a208b42120: 0a07 e839 

  0x000002a208b42124: ; ImmutableOopMap {rdx=Oop rbx=Oop r8=Oop [176]=Oop [256]=Oop [272]=Oop }
                      ;*invokevirtual getPhysicsLocation {reexecute=0 rethrow=0 return_oop=0}
                      ; - com.csproject.jMEMain::simpleUpdate@124 (line 70)
                      ;   {metadata({method} {0x000002a26dc90778} 'getPhysicsLocation' '()Lcom/jme3/math/Vector3f;' in 'com/jme3/bullet/objects/PhysicsCharacter')}
  0x000002a208b42124: 1f0a 0749 | ba70 07c9 | 6da2 0200 | 004c 8954 | 2408 48c7 | 0424 ffff 

  0x000002a208b4213c: ;   {runtime_call counter_overflow Runtime1 stub}
  0x000002a208b4213c: ffff e81d 

  0x000002a208b42140: ; ImmutableOopMap {rdx=Oop rbx=Oop r8=Oop [176]=Oop [256]=Oop [272]=Oop }
                      ;*synchronization entry
                      ; - com.jme3.bullet.objects.PhysicsCharacter::getPhysicsLocation@-1 (line 571)
                      ; - com.csproject.jMEMain::simpleUpdate@124 (line 70)
  0x000002a208b42140: 870a 07e9 | 7dd2 ffff 

  0x000002a208b42148: ;   {metadata({method} {0x000002a26dc90618} 'getPhysicsLocation' '(Lcom/jme3/math/Vector3f;)Lcom/jme3/math/Vector3f;' in 'com/jme3/bullet/objects/PhysicsCharacter')}
  0x000002a208b42148: 49ba 1006 | c96d a202 | 0000 4c89 | 5424 0848 | c704 24ff 

  0x000002a208b4215c: ;   {runtime_call counter_overflow Runtime1 stub}
  0x000002a208b4215c: ffff ffe8 

  0x000002a208b42160: ; ImmutableOopMap {rdx=Oop rbx=Oop r8=Oop [176]=Oop [256]=Oop [272]=Oop }
                      ;*synchronization entry
                      ; - com.jme3.bullet.objects.PhysicsCharacter::getPhysicsLocation@-1 (line 556)
                      ; - com.jme3.bullet.objects.PhysicsCharacter::getPhysicsLocation@2 (line 571)
                      ; - com.csproject.jMEMain::simpleUpdate@124 (line 70)
  0x000002a208b42160: fc86 0a07 | e916 d3ff | ff48 8bd2 

  0x000002a208b4216c: ;   {runtime_call fast_new_instance Runtime1 stub}
  0x000002a208b4216c: e8ef 300a 

  0x000002a208b42170: ; ImmutableOopMap {[176]=Oop [256]=Oop [272]=Oop }
                      ;*new {reexecute=0 rethrow=0 return_oop=0}
                      ; - com.jme3.bullet.objects.PhysicsCharacter::getPhysicsLocation@4 (line 557)
                      ; - com.jme3.bullet.objects.PhysicsCharacter::getPhysicsLocation@2 (line 571)
                      ; - com.csproject.jMEMain::simpleUpdate@124 (line 70)
  0x000002a208b42170: 07e9 69d3 | ffff 488b 

  0x000002a208b42178: ;   {runtime_call fast_new_instance Runtime1 stub}
  0x000002a208b42178: d2e8 e230 

  0x000002a208b4217c: ; ImmutableOopMap {rbx=Oop [176]=Oop [272]=Oop }
                      ;*new {reexecute=0 rethrow=0 return_oop=0}
                      ; - com.csproject.jMEMain::simpleUpdate@127 (line 70)
  0x000002a208b4217c: 0a07 e921 

  0x000002a208b42180: ;   {metadata({method} {0x000002a26d44c8f8} '<init>' '(FFF)V' in 'com/jme3/math/Vector3f')}
  0x000002a208b42180: d4ff ff49 | baf0 c844 | 6da2 0200 | 004c 8954 | 2408 48c7 | 0424 ffff 

  0x000002a208b42198: ;   {runtime_call counter_overflow Runtime1 stub}
  0x000002a208b42198: ffff e8c1 

  0x000002a208b4219c: ; ImmutableOopMap {rbx=Oop rax=Oop [176]=Oop [272]=Oop }
                      ;*synchronization entry
                      ; - com.jme3.math.Vector3f::<init>@-1 (line 109)
                      ; - com.csproject.jMEMain::simpleUpdate@135 (line 70)
  0x000002a208b4219c: 860a 07e9 | 3ed4 ffff 

  0x000002a208b421a4: ;   {metadata({method} {0x000002a22c49d700} '<init>' '()V' in 'java/lang/Object')}
  0x000002a208b421a4: 49ba f8d6 | 492c a202 | 0000 4c89 | 5424 0848 | c704 24ff 

  0x000002a208b421b8: ;   {runtime_call counter_overflow Runtime1 stub}
  0x000002a208b421b8: ffff ffe8 

  0x000002a208b421bc: ; ImmutableOopMap {rbx=Oop rax=Oop [176]=Oop [272]=Oop }
                      ;*synchronization entry
                      ; - java.lang.Object::<init>@-1 (line 45)
                      ; - com.jme3.math.Vector3f::<init>@1 (line 109)
                      ; - com.csproject.jMEMain::simpleUpdate@135 (line 70)
  0x000002a208b421bc: a086 0a07 | e95b d4ff 

  0x000002a208b421c4: ;   {runtime_call throw_null_pointer_exception Runtime1 stub}
  0x000002a208b421c4: ffe8 961e 

  0x000002a208b421c8: ; ImmutableOopMap {rax=Oop rbx=Oop [176]=Oop [272]=Oop }
                      ;*invokevirtual setPhysicsLocation {reexecute=0 rethrow=0 return_oop=0}
                      ; - com.csproject.jMEMain::simpleUpdate@141 (line 69)
                      ;   {metadata({method} {0x000002a26dac1ae8} 'setPhysicsLocation' '(Lcom/jme3/math/Vector3f;)V' in 'com/jme3/bullet/objects/PhysicsRigidBody')}
  0x000002a208b421c8: 0a07 49ba | e01a ac6d | a202 0000 | 4c89 5424 | 0848 c704 | 24ff ffff 

  0x000002a208b421e0: ;   {runtime_call counter_overflow Runtime1 stub}
  0x000002a208b421e0: ffe8 7a86 

  0x000002a208b421e4: ; ImmutableOopMap {rax=Oop rbx=Oop [176]=Oop [272]=Oop }
                      ;*synchronization entry
                      ; - com.jme3.bullet.objects.PhysicsRigidBody::setPhysicsLocation@-1 (line 181)
                      ; - com.csproject.jMEMain::simpleUpdate@141 (line 69)
  0x000002a208b421e4: 0a07 e934 

  0x000002a208b421e8: ;   {runtime_call throw_null_pointer_exception Runtime1 stub}
  0x000002a208b421e8: d5ff ffe8 

  0x000002a208b421ec: ; ImmutableOopMap {rdx=Oop rsi=Oop [176]=Oop }
                      ;*invokevirtual getPlayer_rigid {reexecute=0 rethrow=0 return_oop=0}
                      ; - com.csproject.jMEMain::simpleUpdate@148 (line 72)
  0x000002a208b421ec: 701e 0a07 

  0x000002a208b421f0: ;   {runtime_call throw_null_pointer_exception Runtime1 stub}
  0x000002a208b421f0: e86b 1e0a 

  0x000002a208b421f4: ; ImmutableOopMap {rdx=Oop rsi=Oop rdi=Oop [176]=Oop }
                      ;*aaload {reexecute=0 rethrow=0 return_oop=0}
                      ; - com.csproject.jMEMain::simpleUpdate@152 (line 72)
                      ;   {runtime_call throw_null_pointer_exception Runtime1 stub}
  0x000002a208b421f4: 07e8 661e 

  0x000002a208b421f8: ; ImmutableOopMap {rdx=Oop rsi=Oop rdi=Oop [176]=Oop }
                      ;*aaload {reexecute=0 rethrow=0 return_oop=0}
                      ; - com.csproject.jMEMain::simpleUpdate@152 (line 72)
  0x000002a208b421f8: 0a07 48c7 | 0424 0500 | 0000 4889 

  0x000002a208b42204: ;   {runtime_call throw_range_check_failed Runtime1 stub}
  0x000002a208b42204: 7c24 08e8 

  0x000002a208b42208: ; ImmutableOopMap {rdx=Oop rsi=Oop rdi=Oop [176]=Oop }
                      ;*aaload {reexecute=0 rethrow=0 return_oop=0}
                      ; - com.csproject.jMEMain::simpleUpdate@152 (line 72)
  0x000002a208b42208: 540c 0a07 

  0x000002a208b4220c: ;   {runtime_call throw_null_pointer_exception Runtime1 stub}
  0x000002a208b4220c: e84f 1e0a 

  0x000002a208b42210: ; ImmutableOopMap {rdx=Oop rbx=Oop r8=Oop [176]=Oop [288]=Oop [304]=Oop }
                      ;*invokevirtual getPhysicsLocation {reexecute=0 rethrow=0 return_oop=0}
                      ; - com.csproject.jMEMain::simpleUpdate@160 (line 73)
                      ;   {metadata({method} {0x000002a26dc90778} 'getPhysicsLocation' '()Lcom/jme3/math/Vector3f;' in 'com/jme3/bullet/objects/PhysicsCharacter')}
  0x000002a208b42210: 0749 ba70 | 07c9 6da2 | 0200 004c | 8954 2408 | 48c7 0424 | ffff ffff 

  0x000002a208b42228: ;   {runtime_call counter_overflow Runtime1 stub}
  0x000002a208b42228: e833 860a 

  0x000002a208b4222c: ; ImmutableOopMap {rdx=Oop rbx=Oop r8=Oop [176]=Oop [288]=Oop [304]=Oop }
                      ;*synchronization entry
                      ; - com.jme3.bullet.objects.PhysicsCharacter::getPhysicsLocation@-1 (line 571)
                      ; - com.csproject.jMEMain::simpleUpdate@160 (line 73)
  0x000002a208b4222c: 07e9 4bd6 

  0x000002a208b42230: ;   {metadata({method} {0x000002a26dc90618} 'getPhysicsLocation' '(Lcom/jme3/math/Vector3f;)Lcom/jme3/math/Vector3f;' in 'com/jme3/bullet/objects/PhysicsCharacter')}
  0x000002a208b42230: ffff 49ba | 1006 c96d | a202 0000 | 4c89 5424 | 0848 c704 | 24ff ffff 

  0x000002a208b42248: ;   {runtime_call counter_overflow Runtime1 stub}
  0x000002a208b42248: ffe8 1286 

  0x000002a208b4224c: ; ImmutableOopMap {rdx=Oop rbx=Oop r8=Oop [176]=Oop [288]=Oop [304]=Oop }
                      ;*synchronization entry
                      ; - com.jme3.bullet.objects.PhysicsCharacter::getPhysicsLocation@-1 (line 556)
                      ; - com.jme3.bullet.objects.PhysicsCharacter::getPhysicsLocation@2 (line 571)
                      ; - com.csproject.jMEMain::simpleUpdate@160 (line 73)
  0x000002a208b4224c: 0a07 e9e4 | d6ff ff48 

  0x000002a208b42254: ;   {runtime_call fast_new_instance Runtime1 stub}
  0x000002a208b42254: 8bd2 e805 

  0x000002a208b42258: ; ImmutableOopMap {[176]=Oop [288]=Oop [304]=Oop }
                      ;*new {reexecute=0 rethrow=0 return_oop=0}
                      ; - com.jme3.bullet.objects.PhysicsCharacter::getPhysicsLocation@4 (line 557)
                      ; - com.jme3.bullet.objects.PhysicsCharacter::getPhysicsLocation@2 (line 571)
                      ; - com.csproject.jMEMain::simpleUpdate@160 (line 73)
  0x000002a208b42258: 300a 07e9 | 37d7 ffff 

  0x000002a208b42260: ;   {runtime_call fast_new_instance Runtime1 stub}
  0x000002a208b42260: 488b d2e8 

  0x000002a208b42264: ; ImmutableOopMap {rbx=Oop [176]=Oop [304]=Oop }
                      ;*new {reexecute=0 rethrow=0 return_oop=0}
                      ; - com.csproject.jMEMain::simpleUpdate@163 (line 73)
  0x000002a208b42264: f82f 0a07 | e9ef d7ff 

  0x000002a208b4226c: ;   {metadata({method} {0x000002a26d44c8f8} '<init>' '(FFF)V' in 'com/jme3/math/Vector3f')}
  0x000002a208b4226c: ff49 baf0 | c844 6da2 | 0200 004c | 8954 2408 | 48c7 0424 | ffff ffff 

  0x000002a208b42284: ;   {runtime_call counter_overflow Runtime1 stub}
  0x000002a208b42284: e8d7 850a 

  0x000002a208b42288: ; ImmutableOopMap {rbx=Oop rax=Oop [176]=Oop [304]=Oop }
                      ;*synchronization entry
                      ; - com.jme3.math.Vector3f::<init>@-1 (line 109)
                      ; - com.csproject.jMEMain::simpleUpdate@172 (line 73)
  0x000002a208b42288: 07e9 0cd8 

  0x000002a208b4228c: ;   {metadata({method} {0x000002a22c49d700} '<init>' '()V' in 'java/lang/Object')}
  0x000002a208b4228c: ffff 49ba | f8d6 492c | a202 0000 | 4c89 5424 | 0848 c704 | 24ff ffff 

  0x000002a208b422a4: ;   {runtime_call counter_overflow Runtime1 stub}
  0x000002a208b422a4: ffe8 b685 

  0x000002a208b422a8: ; ImmutableOopMap {rbx=Oop rax=Oop [176]=Oop [304]=Oop }
                      ;*synchronization entry
                      ; - java.lang.Object::<init>@-1 (line 45)
                      ; - com.jme3.math.Vector3f::<init>@1 (line 109)
                      ; - com.csproject.jMEMain::simpleUpdate@172 (line 73)
  0x000002a208b422a8: 0a07 e929 

  0x000002a208b422ac: ;   {runtime_call throw_null_pointer_exception Runtime1 stub}
  0x000002a208b422ac: d8ff ffe8 

  0x000002a208b422b0: ; ImmutableOopMap {rax=Oop rbx=Oop [176]=Oop [304]=Oop }
                      ;*invokevirtual setPhysicsLocation {reexecute=0 rethrow=0 return_oop=0}
                      ; - com.csproject.jMEMain::simpleUpdate@178 (line 72)
  0x000002a208b422b0: ac1d 0a07 

  0x000002a208b422b4: ;   {metadata({method} {0x000002a26dac1ae8} 'setPhysicsLocation' '(Lcom/jme3/math/Vector3f;)V' in 'com/jme3/bullet/objects/PhysicsRigidBody')}
  0x000002a208b422b4: 49ba e01a | ac6d a202 | 0000 4c89 | 5424 0848 | c704 24ff 

  0x000002a208b422c8: ;   {runtime_call counter_overflow Runtime1 stub}
  0x000002a208b422c8: ffff ffe8 

  0x000002a208b422cc: ; ImmutableOopMap {rax=Oop rbx=Oop [176]=Oop [304]=Oop }
                      ;*synchronization entry
                      ; - com.jme3.bullet.objects.PhysicsRigidBody::setPhysicsLocation@-1 (line 181)
                      ; - com.csproject.jMEMain::simpleUpdate@178 (line 72)
  0x000002a208b422cc: 9085 0a07 | e90a d9ff 

  0x000002a208b422d4: ;   {runtime_call throw_null_pointer_exception Runtime1 stub}
  0x000002a208b422d4: ffe8 861d 

  0x000002a208b422d8: ; ImmutableOopMap {rdx=Oop rsi=Oop [176]=Oop }
                      ;*invokevirtual getPlayer_rigid {reexecute=0 rethrow=0 return_oop=0}
                      ; - com.csproject.jMEMain::simpleUpdate@185 (line 75)
                      ;   {runtime_call throw_null_pointer_exception Runtime1 stub}
  0x000002a208b422d8: 0a07 e881 

  0x000002a208b422dc: ; ImmutableOopMap {rdx=Oop rsi=Oop rdi=Oop [176]=Oop }
                      ;*aaload {reexecute=0 rethrow=0 return_oop=0}
                      ; - com.csproject.jMEMain::simpleUpdate@190 (line 75)
                      ;   {runtime_call throw_null_pointer_exception Runtime1 stub}
  0x000002a208b422dc: 1d0a 07e8 

  0x000002a208b422e0: ; ImmutableOopMap {rdx=Oop rsi=Oop rdi=Oop [176]=Oop }
                      ;*aaload {reexecute=0 rethrow=0 return_oop=0}
                      ; - com.csproject.jMEMain::simpleUpdate@190 (line 75)
  0x000002a208b422e0: 7c1d 0a07 | 48c7 0424 | 0600 0000 | 4889 7c24 

  0x000002a208b422f0: ;   {runtime_call throw_range_check_failed Runtime1 stub}
  0x000002a208b422f0: 08e8 6a0b 

  0x000002a208b422f4: ; ImmutableOopMap {rdx=Oop rsi=Oop rdi=Oop [176]=Oop }
                      ;*aaload {reexecute=0 rethrow=0 return_oop=0}
                      ; - com.csproject.jMEMain::simpleUpdate@190 (line 75)
                      ;   {runtime_call throw_null_pointer_exception Runtime1 stub}
  0x000002a208b422f4: 0a07 e865 

  0x000002a208b422f8: ; ImmutableOopMap {rdx=Oop rbx=Oop r8=Oop [176]=Oop [320]=Oop [336]=Oop }
                      ;*invokevirtual getPhysicsLocation {reexecute=0 rethrow=0 return_oop=0}
                      ; - com.csproject.jMEMain::simpleUpdate@198 (line 76)
                      ;   {metadata({method} {0x000002a26dc90778} 'getPhysicsLocation' '()Lcom/jme3/math/Vector3f;' in 'com/jme3/bullet/objects/PhysicsCharacter')}
  0x000002a208b422f8: 1d0a 0749 | ba70 07c9 | 6da2 0200 | 004c 8954 | 2408 48c7 | 0424 ffff 

  0x000002a208b42310: ;   {runtime_call counter_overflow Runtime1 stub}
  0x000002a208b42310: ffff e849 

  0x000002a208b42314: ; ImmutableOopMap {rdx=Oop rbx=Oop r8=Oop [176]=Oop [320]=Oop [336]=Oop }
                      ;*synchronization entry
                      ; - com.jme3.bullet.objects.PhysicsCharacter::getPhysicsLocation@-1 (line 571)
                      ; - com.csproject.jMEMain::simpleUpdate@198 (line 76)
  0x000002a208b42314: 850a 07e9 | 21da ffff 

  0x000002a208b4231c: ;   {metadata({method} {0x000002a26dc90618} 'getPhysicsLocation' '(Lcom/jme3/math/Vector3f;)Lcom/jme3/math/Vector3f;' in 'com/jme3/bullet/objects/PhysicsCharacter')}
  0x000002a208b4231c: 49ba 1006 | c96d a202 | 0000 4c89 | 5424 0848 | c704 24ff 

  0x000002a208b42330: ;   {runtime_call counter_overflow Runtime1 stub}
  0x000002a208b42330: ffff ffe8 

  0x000002a208b42334: ; ImmutableOopMap {rdx=Oop rbx=Oop r8=Oop [176]=Oop [320]=Oop [336]=Oop }
                      ;*synchronization entry
                      ; - com.jme3.bullet.objects.PhysicsCharacter::getPhysicsLocation@-1 (line 556)
                      ; - com.jme3.bullet.objects.PhysicsCharacter::getPhysicsLocation@2 (line 571)
                      ; - com.csproject.jMEMain::simpleUpdate@198 (line 76)
  0x000002a208b42334: 2885 0a07 | e9ba daff | ff48 8bd2 

  0x000002a208b42340: ;   {runtime_call fast_new_instance Runtime1 stub}
  0x000002a208b42340: e81b 2f0a 

  0x000002a208b42344: ; ImmutableOopMap {[176]=Oop [320]=Oop [336]=Oop }
                      ;*new {reexecute=0 rethrow=0 return_oop=0}
                      ; - com.jme3.bullet.objects.PhysicsCharacter::getPhysicsLocation@4 (line 557)
                      ; - com.jme3.bullet.objects.PhysicsCharacter::getPhysicsLocation@2 (line 571)
                      ; - com.csproject.jMEMain::simpleUpdate@198 (line 76)
  0x000002a208b42344: 07e9 0ddb | ffff 488b 

  0x000002a208b4234c: ;   {runtime_call fast_new_instance Runtime1 stub}
  0x000002a208b4234c: d2e8 0e2f 

  0x000002a208b42350: ; ImmutableOopMap {rbx=Oop [176]=Oop [336]=Oop }
                      ;*new {reexecute=0 rethrow=0 return_oop=0}
                      ; - com.csproject.jMEMain::simpleUpdate@201 (line 76)
  0x000002a208b42350: 0a07 e9c5 

  0x000002a208b42354: ;   {metadata({method} {0x000002a26d44c8f8} '<init>' '(FFF)V' in 'com/jme3/math/Vector3f')}
  0x000002a208b42354: dbff ff49 | baf0 c844 | 6da2 0200 | 004c 8954 | 2408 48c7 | 0424 ffff 

  0x000002a208b4236c: ;   {runtime_call counter_overflow Runtime1 stub}
  0x000002a208b4236c: ffff e8ed 

  0x000002a208b42370: ; ImmutableOopMap {rbx=Oop rax=Oop [176]=Oop [336]=Oop }
                      ;*synchronization entry
                      ; - com.jme3.math.Vector3f::<init>@-1 (line 109)
                      ; - com.csproject.jMEMain::simpleUpdate@210 (line 76)
  0x000002a208b42370: 840a 07e9 | e2db ffff 

  0x000002a208b42378: ;   {metadata({method} {0x000002a22c49d700} '<init>' '()V' in 'java/lang/Object')}
  0x000002a208b42378: 49ba f8d6 | 492c a202 | 0000 4c89 | 5424 0848 | c704 24ff 

  0x000002a208b4238c: ;   {runtime_call counter_overflow Runtime1 stub}
  0x000002a208b4238c: ffff ffe8 

  0x000002a208b42390: ; ImmutableOopMap {rbx=Oop rax=Oop [176]=Oop [336]=Oop }
                      ;*synchronization entry
                      ; - java.lang.Object::<init>@-1 (line 45)
                      ; - com.jme3.math.Vector3f::<init>@1 (line 109)
                      ; - com.csproject.jMEMain::simpleUpdate@210 (line 76)
  0x000002a208b42390: cc84 0a07 | e9ff dbff 

  0x000002a208b42398: ;   {runtime_call throw_null_pointer_exception Runtime1 stub}
  0x000002a208b42398: ffe8 c21c 

  0x000002a208b4239c: ; ImmutableOopMap {rax=Oop rbx=Oop [176]=Oop [336]=Oop }
                      ;*invokevirtual setPhysicsLocation {reexecute=0 rethrow=0 return_oop=0}
                      ; - com.csproject.jMEMain::simpleUpdate@216 (line 75)
                      ;   {metadata({method} {0x000002a26dac1ae8} 'setPhysicsLocation' '(Lcom/jme3/math/Vector3f;)V' in 'com/jme3/bullet/objects/PhysicsRigidBody')}
  0x000002a208b4239c: 0a07 49ba | e01a ac6d | a202 0000 | 4c89 5424 | 0848 c704 | 24ff ffff 

  0x000002a208b423b4: ;   {runtime_call counter_overflow Runtime1 stub}
  0x000002a208b423b4: ffe8 a684 

  0x000002a208b423b8: ; ImmutableOopMap {rax=Oop rbx=Oop [176]=Oop [336]=Oop }
                      ;*synchronization entry
                      ; - com.jme3.bullet.objects.PhysicsRigidBody::setPhysicsLocation@-1 (line 181)
                      ; - com.csproject.jMEMain::simpleUpdate@216 (line 75)
  0x000002a208b423b8: 0a07 e9e0 

  0x000002a208b423bc: ;   {runtime_call throw_null_pointer_exception Runtime1 stub}
  0x000002a208b423bc: dcff ffe8 

  0x000002a208b423c0: ; ImmutableOopMap {rdx=Oop rsi=Oop [176]=Oop }
                      ;*invokevirtual getPlayer_rigid {reexecute=0 rethrow=0 return_oop=0}
                      ; - com.csproject.jMEMain::simpleUpdate@223 (line 78)
  0x000002a208b423c0: 9c1c 0a07 

  0x000002a208b423c4: ;   {runtime_call throw_null_pointer_exception Runtime1 stub}
  0x000002a208b423c4: e897 1c0a 

  0x000002a208b423c8: ; ImmutableOopMap {rdx=Oop rsi=Oop rdi=Oop [176]=Oop }
                      ;*aaload {reexecute=0 rethrow=0 return_oop=0}
                      ; - com.csproject.jMEMain::simpleUpdate@228 (line 78)
                      ;   {runtime_call throw_null_pointer_exception Runtime1 stub}
  0x000002a208b423c8: 07e8 921c 

  0x000002a208b423cc: ; ImmutableOopMap {rdx=Oop rsi=Oop rdi=Oop [176]=Oop }
                      ;*aaload {reexecute=0 rethrow=0 return_oop=0}
                      ; - com.csproject.jMEMain::simpleUpdate@228 (line 78)
  0x000002a208b423cc: 0a07 48c7 | 0424 0700 | 0000 4889 

  0x000002a208b423d8: ;   {runtime_call throw_range_check_failed Runtime1 stub}
  0x000002a208b423d8: 7c24 08e8 

  0x000002a208b423dc: ; ImmutableOopMap {rdx=Oop rsi=Oop rdi=Oop [176]=Oop }
                      ;*aaload {reexecute=0 rethrow=0 return_oop=0}
                      ; - com.csproject.jMEMain::simpleUpdate@228 (line 78)
  0x000002a208b423dc: 800a 0a07 

  0x000002a208b423e0: ;   {runtime_call throw_null_pointer_exception Runtime1 stub}
  0x000002a208b423e0: e87b 1c0a 

  0x000002a208b423e4: ; ImmutableOopMap {rdx=Oop rbx=Oop r8=Oop [176]=Oop [352]=Oop [368]=Oop }
                      ;*invokevirtual getPhysicsLocation {reexecute=0 rethrow=0 return_oop=0}
                      ; - com.csproject.jMEMain::simpleUpdate@236 (line 79)
                      ;   {metadata({method} {0x000002a26dc90778} 'getPhysicsLocation' '()Lcom/jme3/math/Vector3f;' in 'com/jme3/bullet/objects/PhysicsCharacter')}
  0x000002a208b423e4: 0749 ba70 | 07c9 6da2 | 0200 004c | 8954 2408 | 48c7 0424 | ffff ffff 

  0x000002a208b423fc: ;   {runtime_call counter_overflow Runtime1 stub}
  0x000002a208b423fc: e85f 840a 

  0x000002a208b42400: ; ImmutableOopMap {rdx=Oop rbx=Oop r8=Oop [176]=Oop [352]=Oop [368]=Oop }
                      ;*synchronization entry
                      ; - com.jme3.bullet.objects.PhysicsCharacter::getPhysicsLocation@-1 (line 571)
                      ; - com.csproject.jMEMain::simpleUpdate@236 (line 79)
  0x000002a208b42400: 07e9 f7dd 

  0x000002a208b42404: ;   {metadata({method} {0x000002a26dc90618} 'getPhysicsLocation' '(Lcom/jme3/math/Vector3f;)Lcom/jme3/math/Vector3f;' in 'com/jme3/bullet/objects/PhysicsCharacter')}
  0x000002a208b42404: ffff 49ba | 1006 c96d | a202 0000 | 4c89 5424 | 0848 c704 | 24ff ffff 

  0x000002a208b4241c: ;   {runtime_call counter_overflow Runtime1 stub}
  0x000002a208b4241c: ffe8 3e84 

  0x000002a208b42420: ; ImmutableOopMap {rdx=Oop rbx=Oop r8=Oop [176]=Oop [352]=Oop [368]=Oop }
                      ;*synchronization entry
                      ; - com.jme3.bullet.objects.PhysicsCharacter::getPhysicsLocation@-1 (line 556)
                      ; - com.jme3.bullet.objects.PhysicsCharacter::getPhysicsLocation@2 (line 571)
                      ; - com.csproject.jMEMain::simpleUpdate@236 (line 79)
  0x000002a208b42420: 0a07 e990 | deff ff48 

  0x000002a208b42428: ;   {runtime_call fast_new_instance Runtime1 stub}
  0x000002a208b42428: 8bd2 e831 

  0x000002a208b4242c: ; ImmutableOopMap {[176]=Oop [352]=Oop [368]=Oop }
                      ;*new {reexecute=0 rethrow=0 return_oop=0}
                      ; - com.jme3.bullet.objects.PhysicsCharacter::getPhysicsLocation@4 (line 557)
                      ; - com.jme3.bullet.objects.PhysicsCharacter::getPhysicsLocation@2 (line 571)
                      ; - com.csproject.jMEMain::simpleUpdate@236 (line 79)
  0x000002a208b4242c: 2e0a 07e9 | e3de ffff 

  0x000002a208b42434: ;   {runtime_call fast_new_instance Runtime1 stub}
  0x000002a208b42434: 488b d2e8 

  0x000002a208b42438: ; ImmutableOopMap {rbx=Oop [176]=Oop [368]=Oop }
                      ;*new {reexecute=0 rethrow=0 return_oop=0}
                      ; - com.csproject.jMEMain::simpleUpdate@239 (line 79)
  0x000002a208b42438: 242e 0a07 | e99b dfff 

  0x000002a208b42440: ;   {metadata({method} {0x000002a26d44c8f8} '<init>' '(FFF)V' in 'com/jme3/math/Vector3f')}
  0x000002a208b42440: ff49 baf0 | c844 6da2 | 0200 004c | 8954 2408 | 48c7 0424 | ffff ffff 

  0x000002a208b42458: ;   {runtime_call counter_overflow Runtime1 stub}
  0x000002a208b42458: e803 840a 

  0x000002a208b4245c: ; ImmutableOopMap {rbx=Oop rax=Oop [176]=Oop [368]=Oop }
                      ;*synchronization entry
                      ; - com.jme3.math.Vector3f::<init>@-1 (line 109)
                      ; - com.csproject.jMEMain::simpleUpdate@248 (line 79)
  0x000002a208b4245c: 07e9 b8df 

  0x000002a208b42460: ;   {metadata({method} {0x000002a22c49d700} '<init>' '()V' in 'java/lang/Object')}
  0x000002a208b42460: ffff 49ba | f8d6 492c | a202 0000 | 4c89 5424 | 0848 c704 | 24ff ffff 

  0x000002a208b42478: ;   {runtime_call counter_overflow Runtime1 stub}
  0x000002a208b42478: ffe8 e283 

  0x000002a208b4247c: ; ImmutableOopMap {rbx=Oop rax=Oop [176]=Oop [368]=Oop }
                      ;*synchronization entry
                      ; - java.lang.Object::<init>@-1 (line 45)
                      ; - com.jme3.math.Vector3f::<init>@1 (line 109)
                      ; - com.csproject.jMEMain::simpleUpdate@248 (line 79)
  0x000002a208b4247c: 0a07 e9d5 

  0x000002a208b42480: ;   {runtime_call throw_null_pointer_exception Runtime1 stub}
  0x000002a208b42480: dfff ffe8 

  0x000002a208b42484: ; ImmutableOopMap {rax=Oop rbx=Oop [176]=Oop [368]=Oop }
                      ;*invokevirtual setPhysicsLocation {reexecute=0 rethrow=0 return_oop=0}
                      ; - com.csproject.jMEMain::simpleUpdate@254 (line 78)
  0x000002a208b42484: d81b 0a07 

  0x000002a208b42488: ;   {metadata({method} {0x000002a26dac1ae8} 'setPhysicsLocation' '(Lcom/jme3/math/Vector3f;)V' in 'com/jme3/bullet/objects/PhysicsRigidBody')}
  0x000002a208b42488: 49ba e01a | ac6d a202 | 0000 4c89 | 5424 0848 | c704 24ff 

  0x000002a208b4249c: ;   {runtime_call counter_overflow Runtime1 stub}
  0x000002a208b4249c: ffff ffe8 

  0x000002a208b424a0: ; ImmutableOopMap {rax=Oop rbx=Oop [176]=Oop [368]=Oop }
                      ;*synchronization entry
                      ; - com.jme3.bullet.objects.PhysicsRigidBody::setPhysicsLocation@-1 (line 181)
                      ; - com.csproject.jMEMain::simpleUpdate@254 (line 78)
  0x000002a208b424a0: bc83 0a07 | e9b6 e0ff 

  0x000002a208b424a8: ;   {runtime_call throw_null_pointer_exception Runtime1 stub}
  0x000002a208b424a8: ffe8 b21b 

  0x000002a208b424ac: ; ImmutableOopMap {rdx=Oop rsi=Oop [176]=Oop }
                      ;*invokevirtual getPlayer_rigid {reexecute=0 rethrow=0 return_oop=0}
                      ; - com.csproject.jMEMain::simpleUpdate@261 (line 81)
                      ;   {runtime_call throw_null_pointer_exception Runtime1 stub}
  0x000002a208b424ac: 0a07 e8ad 

  0x000002a208b424b0: ; ImmutableOopMap {rdx=Oop rsi=Oop rdi=Oop [176]=Oop }
                      ;*aaload {reexecute=0 rethrow=0 return_oop=0}
                      ; - com.csproject.jMEMain::simpleUpdate@266 (line 81)
                      ;   {runtime_call throw_null_pointer_exception Runtime1 stub}
  0x000002a208b424b0: 1b0a 07e8 

  0x000002a208b424b4: ; ImmutableOopMap {rdx=Oop rsi=Oop rdi=Oop [176]=Oop }
                      ;*aaload {reexecute=0 rethrow=0 return_oop=0}
                      ; - com.csproject.jMEMain::simpleUpdate@266 (line 81)
  0x000002a208b424b4: a81b 0a07 | 48c7 0424 | 0800 0000 | 4889 7c24 

  0x000002a208b424c4: ;   {runtime_call throw_range_check_failed Runtime1 stub}
  0x000002a208b424c4: 08e8 9609 

  0x000002a208b424c8: ; ImmutableOopMap {rdx=Oop rsi=Oop rdi=Oop [176]=Oop }
                      ;*aaload {reexecute=0 rethrow=0 return_oop=0}
                      ; - com.csproject.jMEMain::simpleUpdate@266 (line 81)
                      ;   {runtime_call throw_null_pointer_exception Runtime1 stub}
  0x000002a208b424c8: 0a07 e891 

  0x000002a208b424cc: ; ImmutableOopMap {rdx=Oop rbx=Oop r8=Oop [176]=Oop [384]=Oop [400]=Oop }
                      ;*invokevirtual getPhysicsLocation {reexecute=0 rethrow=0 return_oop=0}
                      ; - com.csproject.jMEMain::simpleUpdate@274 (line 82)
                      ;   {metadata({method} {0x000002a26dc90778} 'getPhysicsLocation' '()Lcom/jme3/math/Vector3f;' in 'com/jme3/bullet/objects/PhysicsCharacter')}
  0x000002a208b424cc: 1b0a 0749 | ba70 07c9 | 6da2 0200 | 004c 8954 | 2408 48c7 | 0424 ffff 

  0x000002a208b424e4: ;   {runtime_call counter_overflow Runtime1 stub}
  0x000002a208b424e4: ffff e875 

  0x000002a208b424e8: ; ImmutableOopMap {rdx=Oop rbx=Oop r8=Oop [176]=Oop [384]=Oop [400]=Oop }
                      ;*synchronization entry
                      ; - com.jme3.bullet.objects.PhysicsCharacter::getPhysicsLocation@-1 (line 571)
                      ; - com.csproject.jMEMain::simpleUpdate@274 (line 82)
  0x000002a208b424e8: 830a 07e9 | cde1 ffff 

  0x000002a208b424f0: ;   {metadata({method} {0x000002a26dc90618} 'getPhysicsLocation' '(Lcom/jme3/math/Vector3f;)Lcom/jme3/math/Vector3f;' in 'com/jme3/bullet/objects/PhysicsCharacter')}
  0x000002a208b424f0: 49ba 1006 | c96d a202 | 0000 4c89 | 5424 0848 | c704 24ff 

  0x000002a208b42504: ;   {runtime_call counter_overflow Runtime1 stub}
  0x000002a208b42504: ffff ffe8 

  0x000002a208b42508: ; ImmutableOopMap {rdx=Oop rbx=Oop r8=Oop [176]=Oop [384]=Oop [400]=Oop }
                      ;*synchronization entry
                      ; - com.jme3.bullet.objects.PhysicsCharacter::getPhysicsLocation@-1 (line 556)
                      ; - com.jme3.bullet.objects.PhysicsCharacter::getPhysicsLocation@2 (line 571)
                      ; - com.csproject.jMEMain::simpleUpdate@274 (line 82)
  0x000002a208b42508: 5483 0a07 | e966 e2ff | ff48 8bd2 

  0x000002a208b42514: ;   {runtime_call fast_new_instance Runtime1 stub}
  0x000002a208b42514: e847 2d0a 

  0x000002a208b42518: ; ImmutableOopMap {[176]=Oop [384]=Oop [400]=Oop }
                      ;*new {reexecute=0 rethrow=0 return_oop=0}
                      ; - com.jme3.bullet.objects.PhysicsCharacter::getPhysicsLocation@4 (line 557)
                      ; - com.jme3.bullet.objects.PhysicsCharacter::getPhysicsLocation@2 (line 571)
                      ; - com.csproject.jMEMain::simpleUpdate@274 (line 82)
  0x000002a208b42518: 07e9 b9e2 | ffff 488b 

  0x000002a208b42520: ;   {runtime_call fast_new_instance Runtime1 stub}
  0x000002a208b42520: d2e8 3a2d 

  0x000002a208b42524: ; ImmutableOopMap {rbx=Oop [176]=Oop [400]=Oop }
                      ;*new {reexecute=0 rethrow=0 return_oop=0}
                      ; - com.csproject.jMEMain::simpleUpdate@277 (line 82)
  0x000002a208b42524: 0a07 e971 

  0x000002a208b42528: ;   {metadata({method} {0x000002a26d44c8f8} '<init>' '(FFF)V' in 'com/jme3/math/Vector3f')}
  0x000002a208b42528: e3ff ff49 | baf0 c844 | 6da2 0200 | 004c 8954 | 2408 48c7 | 0424 ffff 

  0x000002a208b42540: ;   {runtime_call counter_overflow Runtime1 stub}
  0x000002a208b42540: ffff e819 

  0x000002a208b42544: ; ImmutableOopMap {rbx=Oop rax=Oop [176]=Oop [400]=Oop }
                      ;*synchronization entry
                      ; - com.jme3.math.Vector3f::<init>@-1 (line 109)
                      ; - com.csproject.jMEMain::simpleUpdate@286 (line 82)
  0x000002a208b42544: 830a 07e9 | 8ee3 ffff 

  0x000002a208b4254c: ;   {metadata({method} {0x000002a22c49d700} '<init>' '()V' in 'java/lang/Object')}
  0x000002a208b4254c: 49ba f8d6 | 492c a202 | 0000 4c89 | 5424 0848 | c704 24ff 

  0x000002a208b42560: ;   {runtime_call counter_overflow Runtime1 stub}
  0x000002a208b42560: ffff ffe8 

  0x000002a208b42564: ; ImmutableOopMap {rbx=Oop rax=Oop [176]=Oop [400]=Oop }
                      ;*synchronization entry
                      ; - java.lang.Object::<init>@-1 (line 45)
                      ; - com.jme3.math.Vector3f::<init>@1 (line 109)
                      ; - com.csproject.jMEMain::simpleUpdate@286 (line 82)
  0x000002a208b42564: f882 0a07 | e9ab e3ff 

  0x000002a208b4256c: ;   {runtime_call throw_null_pointer_exception Runtime1 stub}
  0x000002a208b4256c: ffe8 ee1a 

  0x000002a208b42570: ; ImmutableOopMap {rax=Oop rbx=Oop [176]=Oop [400]=Oop }
                      ;*invokevirtual setPhysicsLocation {reexecute=0 rethrow=0 return_oop=0}
                      ; - com.csproject.jMEMain::simpleUpdate@292 (line 81)
                      ;   {metadata({method} {0x000002a26dac1ae8} 'setPhysicsLocation' '(Lcom/jme3/math/Vector3f;)V' in 'com/jme3/bullet/objects/PhysicsRigidBody')}
  0x000002a208b42570: 0a07 49ba | e01a ac6d | a202 0000 | 4c89 5424 | 0848 c704 | 24ff ffff 

  0x000002a208b42588: ;   {runtime_call counter_overflow Runtime1 stub}
  0x000002a208b42588: ffe8 d282 

  0x000002a208b4258c: ; ImmutableOopMap {rax=Oop rbx=Oop [176]=Oop [400]=Oop }
                      ;*synchronization entry
                      ; - com.jme3.bullet.objects.PhysicsRigidBody::setPhysicsLocation@-1 (line 181)
                      ; - com.csproject.jMEMain::simpleUpdate@292 (line 81)
  0x000002a208b4258c: 0a07 e98c 

  0x000002a208b42590: ;   {metadata({method} {0x000002a22c1e0a50} 'linkToTargetMethod' '(Ljava/lang/Object;Ljava/lang/Object;)Ljava/lang/Object;' in 'java/lang/invoke/Invokers$Holder')}
  0x000002a208b42590: e4ff ff49 | ba48 0a1e | 2ca2 0200 | 004c 8954 | 2408 48c7 | 0424 ffff 

  0x000002a208b425a8: ;   {runtime_call counter_overflow Runtime1 stub}
  0x000002a208b425a8: ffff e8b1 

  0x000002a208b425ac: ; ImmutableOopMap {rax=Oop [176]=Oop [416]=Oop }
                      ;*synchronization entry
                      ; - java.lang.invoke.Invokers$Holder::linkToTargetMethod@-1
                      ; - com.csproject.jMEMain::simpleUpdate@302 (line 85)
  0x000002a208b425ac: 820a 07e9 | 13e5 ffff 

  0x000002a208b425b4: ;   {metadata({method} {0x000002a22c1e5af8} 'newInvokeSpecial' '(Ljava/lang/Object;Ljava/lang/Object;)Ljava/lang/Object;' in 'java/lang/invoke/DirectMethodHandle$Holder')}
  0x000002a208b425b4: 49ba f05a | 1e2c a202 | 0000 4c89 | 5424 0848 | c704 24ff 

  0x000002a208b425c8: ;   {runtime_call counter_overflow Runtime1 stub}
  0x000002a208b425c8: ffff ffe8 

  0x000002a208b425cc: ; ImmutableOopMap {rax=Oop [176]=Oop [416]=Oop }
                      ;*synchronization entry
                      ; - java.lang.invoke.DirectMethodHandle$Holder::newInvokeSpecial@-1
                      ; - java.lang.invoke.Invokers$Holder::linkToTargetMethod@5
                      ; - com.csproject.jMEMain::simpleUpdate@302 (line 85)
  0x000002a208b425cc: 9082 0a07 | e92d e5ff 

  0x000002a208b425d4: ;   {metadata({method} {0x000002a22c1d72e0} 'allocateInstance' '(Ljava/lang/Object;)Ljava/lang/Object;' in 'java/lang/invoke/DirectMethodHandle')}
  0x000002a208b425d4: ff49 bad8 | 721d 2ca2 | 0200 004c | 8954 2408 | 48c7 0424 | ffff ffff 

  0x000002a208b425ec: ;   {runtime_call counter_overflow Runtime1 stub}
  0x000002a208b425ec: e86f 820a 

  0x000002a208b425f0: ; ImmutableOopMap {rax=Oop [176]=Oop [416]=Oop }
                      ;*synchronization entry
                      ; - java.lang.invoke.DirectMethodHandle::allocateInstance@-1 (line 499)
                      ; - java.lang.invoke.DirectMethodHandle$Holder::newInvokeSpecial@1
                      ; - java.lang.invoke.Invokers$Holder::linkToTargetMethod@5
                      ; - com.csproject.jMEMain::simpleUpdate@302 (line 85)
  0x000002a208b425f0: 07e9 47e5 

  0x000002a208b425f4: ;   {metadata({method} {0x000002a22c1d7d88} 'constructorMethod' '(Ljava/lang/Object;)Ljava/lang/Object;' in 'java/lang/invoke/DirectMethodHandle')}
  0x000002a208b425f4: ffff 49ba | 807d 1d2c | a202 0000 | 4c89 5424 | 0848 c704 | 24ff ffff 

  0x000002a208b4260c: ;   {runtime_call counter_overflow Runtime1 stub}
  0x000002a208b4260c: ffe8 4e82 

  0x000002a208b42610: ; ImmutableOopMap {rax=Oop [176]=Oop [416]=Oop [424]=Oop }
                      ;*synchronization entry
                      ; - java.lang.invoke.DirectMethodHandle::constructorMethod@-1 (line 493)
                      ; - java.lang.invoke.DirectMethodHandle$Holder::newInvokeSpecial@6
                      ; - java.lang.invoke.Invokers$Holder::linkToTargetMethod@5
                      ; - com.csproject.jMEMain::simpleUpdate@302 (line 85)
  0x000002a208b42610: 0a07 e9be 

  0x000002a208b42614: ;   {runtime_call throw_null_pointer_exception Runtime1 stub}
  0x000002a208b42614: e5ff ffe8 

  0x000002a208b42618: ; ImmutableOopMap {rax=Oop [176]=Oop [416]=Oop [424]=Oop }
                      ;*invokestatic linkToSpecial {reexecute=0 rethrow=0 return_oop=0}
                      ; - java.lang.invoke.DirectMethodHandle$Holder::newInvokeSpecial@16
                      ; - java.lang.invoke.Invokers$Holder::linkToTargetMethod@5
                      ; - com.csproject.jMEMain::simpleUpdate@302 (line 85)
  0x000002a208b42618: 441a 0a07 

  0x000002a208b4261c: ;   {metadata({method} {0x000002a26dca1910} '<init>' '(Lcom/csproject/jMEMain;)V' in 'com/csproject/jMEMain$$Lambda+0x000002a22d11f7b0')}
  0x000002a208b4261c: 49ba 0819 | ca6d a202 | 0000 4c89 | 5424 0848 | c704 24ff 

  0x000002a208b42630: ;   {runtime_call counter_overflow Runtime1 stub}
  0x000002a208b42630: ffff ffe8 

  0x000002a208b42634: ; ImmutableOopMap {rax=Oop [176]=Oop [416]=Oop [424]=Oop }
                      ;*synchronization entry
                      ; - com.csproject.jMEMain$$Lambda/0x000002a22d11f7b0::<init>@-1
                      ; - java.lang.invoke.DirectMethodHandle$Holder::newInvokeSpecial@16
                      ; - java.lang.invoke.Invokers$Holder::linkToTargetMethod@5
                      ; - com.csproject.jMEMain::simpleUpdate@302 (line 85)
  0x000002a208b42634: 2882 0a07 | e9d7 e5ff 

  0x000002a208b4263c: ;   {metadata({method} {0x000002a22c49d700} '<init>' '()V' in 'java/lang/Object')}
  0x000002a208b4263c: ff49 baf8 | d649 2ca2 | 0200 004c | 8954 2408 | 48c7 0424 | ffff ffff 

  0x000002a208b42654: ;   {runtime_call counter_overflow Runtime1 stub}
  0x000002a208b42654: e807 820a 

  0x000002a208b42658: ; ImmutableOopMap {rax=Oop [176]=Oop [416]=Oop [424]=Oop }
                      ;*synchronization entry
                      ; - java.lang.Object::<init>@-1 (line 45)
                      ; - com.csproject.jMEMain$$Lambda/0x000002a22d11f7b0::<init>@1
                      ; - java.lang.invoke.DirectMethodHandle$Holder::newInvokeSpecial@16
                      ; - java.lang.invoke.Invokers$Holder::linkToTargetMethod@5
                      ; - com.csproject.jMEMain::simpleUpdate@302 (line 85)
  0x000002a208b42658: 07e9 f2e5 | ffff 8b50 | 0c48 c1e2 | 0348 83fa | 000f 84ee | e5ff ff48 

  0x000002a208b42670: ;   {runtime_call g1_pre_barrier_slow}
  0x000002a208b42670: 8914 24e8 | e88c 0a07 | e9e0 e5ff | ff48 83fa | 000f 84fd | e5ff ff48 

  0x000002a208b42688: ;   {runtime_call g1_post_barrier_slow}
  0x000002a208b42688: 8904 24e8 | d08f 0a07 | e9ef e5ff 

  0x000002a208b42694: ;   {runtime_call throw_incompatible_class_change_error Runtime1 stub}
  0x000002a208b42694: ffe8 464e 

  0x000002a208b42698: ; ImmutableOopMap {rax=Oop rdx=Oop rsi=Oop [176]=Oop [416]=Oop [424]=Oop }
                      ;*invokeinterface forEach {reexecute=0 rethrow=0 return_oop=0}
                      ; - com.csproject.jMEMain::simpleUpdate@307 (line 84)
                      ;   {runtime_call throw_null_pointer_exception Runtime1 stub}
  0x000002a208b42698: 0a07 e8c1 

  0x000002a208b4269c: ; ImmutableOopMap {rax=Oop rdx=Oop rsi=Oop [176]=Oop [416]=Oop [424]=Oop }
                      ;*invokeinterface forEach {reexecute=0 rethrow=0 return_oop=0}
                      ; - com.csproject.jMEMain::simpleUpdate@307 (line 84)
                      ;   {metadata({method} {0x000002a26dd36828} 'forEach' '(Ljava/util/function/IntConsumer;)V' in 'java/util/stream/IntPipeline$Head')}
  0x000002a208b4269c: 190a 0749 | ba20 68d3 | 6da2 0200 | 004c 8954 | 2408 48c7 | 0424 ffff 

  0x000002a208b426b4: ;   {runtime_call counter_overflow Runtime1 stub}
  0x000002a208b426b4: ffff e8a5 

  0x000002a208b426b8: ; ImmutableOopMap {rax=Oop rdx=Oop rsi=Oop [176]=Oop [416]=Oop [424]=Oop }
                      ;*synchronization entry
                      ; - java.util.stream.IntPipeline$Head::forEach@-1 (line 619)
                      ; - com.csproject.jMEMain::simpleUpdate@307 (line 84)
  0x000002a208b426b8: 810a 07e9 | abe6 ffff 

  0x000002a208b426c0: ;   {metadata({method} {0x000002a22c2084a0} 'isParallel' '()Z' in 'java/util/stream/AbstractPipeline')}
  0x000002a208b426c0: 49ba 9884 | 202c a202 | 0000 4c89 | 5424 0848 | c704 24ff 

  0x000002a208b426d4: ;   {runtime_call counter_overflow Runtime1 stub}
  0x000002a208b426d4: ffff ffe8 

  0x000002a208b426d8: ; ImmutableOopMap {rax=Oop rdx=Oop rsi=Oop [176]=Oop [416]=Oop [424]=Oop }
                      ;*synchronization entry
                      ; - java.util.stream.AbstractPipeline::isParallel@-1 (line 405)
                      ; - java.util.stream.IntPipeline$Head::forEach@1 (line 619)
                      ; - com.csproject.jMEMain::simpleUpdate@307 (line 84)
  0x000002a208b426d8: 8481 0a07 | e9c6 e6ff 

  0x000002a208b426e0: ;   {runtime_call throw_null_pointer_exception Runtime1 stub}
  0x000002a208b426e0: ffe8 7a19 

  0x000002a208b426e4: ; ImmutableOopMap {rax=Oop rdx=Oop rsi=Oop [176]=Oop [416]=Oop [424]=Oop }
                      ;*getfield parallel {reexecute=1 rethrow=0 return_oop=0}
                      ; - (reexecute) java.util.stream.AbstractPipeline::isParallel@4 (line 405)
                      ; - java.util.stream.IntPipeline$Head::forEach@1 (line 619)
                      ; - com.csproject.jMEMain::simpleUpdate@307 (line 84)
                      ;   {runtime_call throw_null_pointer_exception Runtime1 stub}
  0x000002a208b426e4: 0a07 e875 

  0x000002a208b426e8: ; ImmutableOopMap {rax=Oop [176]=Oop [416]=Oop [424]=Oop }
                      ;*invokeinterface forEachRemaining {reexecute=0 rethrow=0 return_oop=0}
                      ; - java.util.stream.IntPipeline$Head::forEach@15 (line 620)
                      ; - com.csproject.jMEMain::simpleUpdate@307 (line 84)
                      ;   {metadata({method} {0x000002a26dd3a418} 'forEach' '(Ljava/util/function/IntConsumer;)V' in 'java/util/stream/IntPipeline')}
  0x000002a208b426e8: 190a 0749 | ba10 a4d3 | 6da2 0200 | 004c 8954 | 2408 48c7 | 0424 ffff 

  0x000002a208b42700: ;   {runtime_call counter_overflow Runtime1 stub}
  0x000002a208b42700: ffff e859 

  0x000002a208b42704: ; ImmutableOopMap {rax=Oop rsi=Oop [176]=Oop [416]=Oop [424]=Oop }
                      ;*synchronization entry
                      ; - java.util.stream.IntPipeline::forEach@-1 (line 466)
                      ; - java.util.stream.IntPipeline$Head::forEach@25 (line 623)
                      ; - com.csproject.jMEMain::simpleUpdate@307 (line 84)
  0x000002a208b42704: 810a 07e9 | 49e8 ffff 

  0x000002a208b4270c: ;   {runtime_call throw_null_pointer_exception Runtime1 stub}
  0x000002a208b4270c: e84f 190a 

  0x000002a208b42710: ; ImmutableOopMap {rdx=Oop [176]=Oop }
                      ;*invokeinterface iterator {reexecute=0 rethrow=0 return_oop=0}
                      ; - com.csproject.jMEMain::simpleUpdate@317 (line 94)
                      ;   {runtime_call throw_null_pointer_exception Runtime1 stub}
  0x000002a208b42710: 07e8 4a19 

  0x000002a208b42714: ; ImmutableOopMap {rax=Oop [176]=Oop [432]=Oop }
                      ;*invokeinterface hasNext {reexecute=0 rethrow=0 return_oop=0}
                      ; - com.csproject.jMEMain::simpleUpdate@446 (line 94)
                      ;   {metadata({method} {0x000002a26d401260} 'simpleUpdate' '(F)V' in 'com/csproject/jMEMain')}
  0x000002a208b42714: 0a07 49ba | 5812 406d | a202 0000 | 4c89 5424 | 0848 c704 | 24c3 0100 

  0x000002a208b4272c: ;   {runtime_call counter_overflow Runtime1 stub}
  0x000002a208b4272c: 00e8 2e81 

  0x000002a208b42730: ; ImmutableOopMap {[176]=Oop [432]=Oop }
                      ;*ifne {reexecute=1 rethrow=0 return_oop=0}
                      ; - (reexecute) com.csproject.jMEMain::simpleUpdate@451 (line 94)
  0x000002a208b42730: 0a07 e942 | eaff ff48 

  0x000002a208b42738: ;   {runtime_call throw_class_cast_exception Runtime1 stub}
  0x000002a208b42738: 8904 24e8 

  0x000002a208b4273c: ; ImmutableOopMap {[176]=Oop [432]=Oop }
                      ;*checkcast {reexecute=0 rethrow=0 return_oop=0}
                      ; - com.csproject.jMEMain::simpleUpdate@334 (line 94)
  0x000002a208b4273c: a04a 0a07 

  0x000002a208b42740: ;   {runtime_call throw_null_pointer_exception Runtime1 stub}
  0x000002a208b42740: e81b 190a 

  0x000002a208b42744: ; ImmutableOopMap {rsi=Oop rdx=Oop [176]=Oop [432]=Oop [448]=Oop }
                      ;*invokeinterface iterator {reexecute=0 rethrow=0 return_oop=0}
                      ; - com.csproject.jMEMain::simpleUpdate@344 (line 96)
  0x000002a208b42744: 0748 8904 

  0x000002a208b42748: ;   {runtime_call throw_class_cast_exception Runtime1 stub}
  0x000002a208b42748: 24e8 924a 

  0x000002a208b4274c: ; ImmutableOopMap {[176]=Oop [432]=Oop [448]=Oop [456]=Oop }
                      ;*checkcast {reexecute=0 rethrow=0 return_oop=0}
                      ; - com.csproject.jMEMain::simpleUpdate@361 (line 96)
                      ;   {runtime_call throw_null_pointer_exception Runtime1 stub}
  0x000002a208b4274c: 0a07 e80d 

  0x000002a208b42750: ; ImmutableOopMap {r8=Oop [176]=Oop [432]=Oop [448]=Oop [456]=Oop }
                      ;*invokevirtual getLocalTranslation {reexecute=0 rethrow=0 return_oop=0}
                      ; - com.csproject.jMEMain::simpleUpdate@368 (line 97)
                      ;   {metadata({method} {0x000002a26d412758} 'getLocalTranslation' '()Lcom/jme3/math/Vector3f;' in 'com/jme3/scene/Spatial')}
  0x000002a208b42750: 190a 0749 | ba50 2741 | 6da2 0200 | 004c 8954 | 2408 48c7 | 0424 ffff 

  0x000002a208b42768: ;   {runtime_call counter_overflow Runtime1 stub}
  0x000002a208b42768: ffff e8f1 

  0x000002a208b4276c: ; ImmutableOopMap {r8=Oop [176]=Oop [432]=Oop [448]=Oop [456]=Oop }
                      ;*synchronization entry
                      ; - com.jme3.scene.Spatial::getLocalTranslation@-1 (line 1078)
                      ; - com.csproject.jMEMain::simpleUpdate@368 (line 97)
  0x000002a208b4276c: 800a 07e9 | f2ee ffff 

  0x000002a208b42774: ;   {runtime_call throw_null_pointer_exception Runtime1 stub}
  0x000002a208b42774: e8e7 180a 

  0x000002a208b42778: ; ImmutableOopMap {r8=Oop rdx=Oop [176]=Oop [432]=Oop [448]=Oop [456]=Oop }
                      ;*invokevirtual getTranslation {reexecute=0 rethrow=0 return_oop=0}
                      ; - com.jme3.scene.Spatial::getLocalTranslation@4 (line 1078)
                      ; - com.csproject.jMEMain::simpleUpdate@368 (line 97)
                      ;   {runtime_call throw_null_pointer_exception Runtime1 stub}
  0x000002a208b42778: 07e8 e218 

  0x000002a208b4277c: ; ImmutableOopMap {r8=Oop rdx=Oop rsi=Oop [176]=Oop [432]=Oop [448]=Oop [456]=Oop }
                      ;*invokevirtual getLeft {reexecute=0 rethrow=0 return_oop=0}
                      ; - com.csproject.jMEMain::simpleUpdate@374 (line 98)
  0x000002a208b4277c: 0a07 4889 

  0x000002a208b42780: ;   {runtime_call throw_class_cast_exception Runtime1 stub}
  0x000002a208b42780: 3c24 e859 

  0x000002a208b42784: ; ImmutableOopMap {r8=Oop rdx=Oop rsi=Oop [176]=Oop [432]=Oop [448]=Oop [456]=Oop }
                      ;*checkcast {reexecute=0 rethrow=0 return_oop=0}
                      ; - com.csproject.jMEMain::simpleUpdate@377 (line 98)
                      ;   {runtime_call throw_null_pointer_exception Runtime1 stub}
  0x000002a208b42784: 4a0a 07e8 

  0x000002a208b42788: ; ImmutableOopMap {r8=Oop rdx=Oop rsi=Oop rdi=Oop [176]=Oop [432]=Oop [448]=Oop [456]=Oop }
                      ;*invokevirtual floatValue {reexecute=0 rethrow=0 return_oop=0}
                      ; - com.csproject.jMEMain::simpleUpdate@380 (line 98)
  0x000002a208b42788: d418 0a07 

  0x000002a208b4278c: ;   {runtime_call throw_null_pointer_exception Runtime1 stub}
  0x000002a208b4278c: e8cf 180a 

  0x000002a208b42790: ; ImmutableOopMap {r8=Oop rdx=Oop rsi=Oop [176]=Oop [432]=Oop [448]=Oop [456]=Oop }
                      ;*getfield x {reexecute=1 rethrow=0 return_oop=0}
                      ; - (reexecute) com.csproject.jMEMain::simpleUpdate@385 (line 98)
                      ;   {metadata({method} {0x000002a22c46fcb0} 'abs' '(F)F' in 'java/lang/Math')}
  0x000002a208b42790: 0749 baa8 | fc46 2ca2 | 0200 004c | 8954 2408 | 48c7 0424 | ffff ffff 

  0x000002a208b427a8: ;   {runtime_call counter_overflow Runtime1 stub}
  0x000002a208b427a8: e8b3 800a 

  0x000002a208b427ac: ; ImmutableOopMap {r8=Oop rdx=Oop rsi=Oop [176]=Oop [432]=Oop [448]=Oop [456]=Oop }
                      ;*synchronization entry
                      ; - java.lang.Math::abs@-1 (line 1979)
                      ; - com.csproject.jMEMain::simpleUpdate@389 (line 98)
  0x000002a208b427ac: 07e9 2af0 | ffff 4889 

  0x000002a208b427b4: ;   {runtime_call throw_class_cast_exception Runtime1 stub}
  0x000002a208b427b4: 3c24 e825 

  0x000002a208b427b8: ; ImmutableOopMap {r8=Oop rdx=Oop rsi=Oop [176]=Oop [432]=Oop [448]=Oop [456]=Oop }
                      ;*checkcast {reexecute=0 rethrow=0 return_oop=0}
                      ; - com.csproject.jMEMain::simpleUpdate@402 (line 98)
                      ;   {runtime_call throw_null_pointer_exception Runtime1 stub}
  0x000002a208b427b8: 4a0a 07e8 

  0x000002a208b427bc: ; ImmutableOopMap {r8=Oop rdx=Oop rsi=Oop rdi=Oop [176]=Oop [432]=Oop [448]=Oop [456]=Oop }
                      ;*invokevirtual floatValue {reexecute=0 rethrow=0 return_oop=0}
                      ; - com.csproject.jMEMain::simpleUpdate@405 (line 98)
  0x000002a208b427bc: a018 0a07 

  0x000002a208b427c0: ;   {metadata({method} {0x000002a22c46fcb0} 'abs' '(F)F' in 'java/lang/Math')}
  0x000002a208b427c0: 49ba a8fc | 462c a202 | 0000 4c89 | 5424 0848 | c704 24ff 

  0x000002a208b427d4: ;   {runtime_call counter_overflow Runtime1 stub}
  0x000002a208b427d4: ffff ffe8 

  0x000002a208b427d8: ; ImmutableOopMap {r8=Oop rdx=Oop rsi=Oop [176]=Oop [432]=Oop [448]=Oop [456]=Oop }
                      ;*synchronization entry
                      ; - java.lang.Math::abs@-1 (line 1979)
                      ; - com.csproject.jMEMain::simpleUpdate@414 (line 98)
  0x000002a208b427d8: 8480 0a07 | e9dd f1ff 

  0x000002a208b427e0: ;   {runtime_call throw_null_pointer_exception Runtime1 stub}
  0x000002a208b427e0: ffe8 7a18 

  0x000002a208b427e4: ; ImmutableOopMap {rax=Oop [176]=Oop [432]=Oop [448]=Oop [456]=Oop }
                      ;*invokeinterface hasNext {reexecute=0 rethrow=0 return_oop=0}
                      ; - com.csproject.jMEMain::simpleUpdate@431 (line 96)
                      ;   {metadata({method} {0x000002a26d401260} 'simpleUpdate' '(F)V' in 'com/csproject/jMEMain')}
  0x000002a208b427e4: 0a07 49ba | 5812 406d | a202 0000 | 4c89 5424 | 0848 c704 | 24b4 0100 

  0x000002a208b427fc: ;   {runtime_call counter_overflow Runtime1 stub}
  0x000002a208b427fc: 00e8 5e80 

  0x000002a208b42800: ; ImmutableOopMap {[176]=Oop [432]=Oop [448]=Oop [456]=Oop }
                      ;*ifne {reexecute=1 rethrow=0 return_oop=0}
                      ; - (reexecute) com.csproject.jMEMain::simpleUpdate@436 (line 96)
  0x000002a208b42800: 0a07 e962 

  0x000002a208b42804: ;   {runtime_call throw_null_pointer_exception Runtime1 stub}
  0x000002a208b42804: f3ff ffe8 

  0x000002a208b42808: ; ImmutableOopMap {rdx=Oop [176]=Oop [432]=Oop }
                      ;*invokevirtual println {reexecute=0 rethrow=0 return_oop=0}
                      ; - com.csproject.jMEMain::simpleUpdate@463 (line 105)
  0x000002a208b42808: 5418 0a07 

  0x000002a208b4280c: ;   {metadata({method} {0x000002a22c17da60} 'exit' '(I)V' in 'java/lang/System')}
  0x000002a208b4280c: 49ba 58da | 172c a202 | 0000 4c89 | 5424 0848 | c704 24ff 

  0x000002a208b42820: ;   {runtime_call counter_overflow Runtime1 stub}
  0x000002a208b42820: ffff ffe8 

  0x000002a208b42824: ; ImmutableOopMap {[176]=Oop [432]=Oop }
                      ;*synchronization entry
                      ; - java.lang.System::exit@-1 (line 1923)
                      ; - com.csproject.jMEMain::simpleUpdate@470 (line 107)
  0x000002a208b42824: 3880 0a07 | e988 f4ff 

  0x000002a208b4282c: ;   {metadata({method} {0x000002a22c22b4d8} 'getRuntime' '()Ljava/lang/Runtime;' in 'java/lang/Runtime')}
  0x000002a208b4282c: ff49 bad0 | b422 2ca2 | 0200 004c | 8954 2408 | 48c7 0424 | ffff ffff 

  0x000002a208b42844: ;   {runtime_call counter_overflow Runtime1 stub}
  0x000002a208b42844: e817 800a 

  0x000002a208b42848: ; ImmutableOopMap {[176]=Oop [432]=Oop }
                      ;*synchronization entry
                      ; - java.lang.Runtime::getRuntime@-1 (line 136)
                      ; - java.lang.System::exit@0 (line 1923)
                      ; - com.csproject.jMEMain::simpleUpdate@470 (line 107)
  0x000002a208b42848: 07e9 a0f4 

  0x000002a208b4284c: ;   {metadata({method} {0x000002a22c22acb0} 'exit' '(I)V' in 'java/lang/Runtime')}
  0x000002a208b4284c: ffff 49ba | a8ac 222c | a202 0000 | 4c89 5424 | 0848 c704 | 24ff ffff 

  0x000002a208b42864: ;   {runtime_call counter_overflow Runtime1 stub}
  0x000002a208b42864: ffe8 f67f 

  0x000002a208b42868: ; ImmutableOopMap {[176]=Oop [432]=Oop }
                      ;*synchronization entry
                      ; - java.lang.Runtime::exit@-1 (line 184)
                      ; - java.lang.System::exit@4 (line 1923)
                      ; - com.csproject.jMEMain::simpleUpdate@470 (line 107)
  0x000002a208b42868: 0a07 e9d3 

  0x000002a208b4286c: ;   {metadata({method} {0x000002a22c17ddb8} 'getSecurityManager' '()Ljava/lang/SecurityManager;' in 'java/lang/System')}
  0x000002a208b4286c: f4ff ff49 | bab0 dd17 | 2ca2 0200 | 004c 8954 | 2408 48c7 | 0424 ffff 

  0x000002a208b42884: ;   {runtime_call counter_overflow Runtime1 stub}
  0x000002a208b42884: ffff e8d5 

  0x000002a208b42888: ; ImmutableOopMap {[176]=Oop [432]=Oop }
                      ;*synchronization entry
                      ; - java.lang.System::getSecurityManager@-1 (line 503)
                      ; - java.lang.Runtime::exit@0 (line 184)
                      ; - java.lang.System::exit@4 (line 1923)
                      ; - com.csproject.jMEMain::simpleUpdate@470 (line 107)
  0x000002a208b42888: 7f0a 07e9 | ebf4 ffff 

  0x000002a208b42890: ;   {metadata({method} {0x000002a22c17ded0} 'allowSecurityManager' '()Z' in 'java/lang/System')}
  0x000002a208b42890: 49ba c8de | 172c a202 | 0000 4c89 | 5424 0848 | c704 24ff 

  0x000002a208b428a4: ;   {runtime_call counter_overflow Runtime1 stub}
  0x000002a208b428a4: ffff ffe8 

  0x000002a208b428a8: ; ImmutableOopMap {[176]=Oop [432]=Oop }
                      ;*synchronization entry
                      ; - java.lang.System::allowSecurityManager@-1 (line 214)
                      ; - java.lang.System::getSecurityManager@0 (line 503)
                      ; - java.lang.Runtime::exit@0 (line 184)
                      ; - java.lang.System::exit@4 (line 1923)
                      ; - com.csproject.jMEMain::simpleUpdate@470 (line 107)
  0x000002a208b428a8: b47f 0a07 | e903 f5ff 

  0x000002a208b428b0: ;   {internal_word}
  0x000002a208b428b0: ff49 ba14 | 1eb4 08a2 | 0200 004d | 8997 6004 

  0x000002a208b428c0: ;   {runtime_call SafepointBlob}
  0x000002a208b428c0: 0000 e919 | 2bfd 0649 | 8b87 0005 | 0000 49c7 | 8700 0500 | 0000 0000 | 0049 c787 | 0805 0000 
  0x000002a208b428e0: 0000 0000 | 4881 c4f0 | 0100 005d 

  0x000002a208b428ec: ;   {runtime_call unwind_exception Runtime1 stub}
  0x000002a208b428ec: e9ef fa09 | 07f4 f4f4 | f4f4 f4f4 
[Stub Code]
  0x000002a208b428f8: ;   {no_reloc}
  0x000002a208b428f8: 0f1f 4400 

  0x000002a208b428fc: ;   {static_stub}
  0x000002a208b428fc: 0048 bb00 | 0000 0000 

  0x000002a208b42904: ;   {runtime_call nmethod}
  0x000002a208b42904: 0000 00e9 | fbff ffff 

  0x000002a208b4290c: ;   {static_stub}
  0x000002a208b4290c: 9048 bb00 | 0000 0000 

  0x000002a208b42914: ;   {runtime_call nmethod}
  0x000002a208b42914: 0000 00e9 | fbff ffff 

  0x000002a208b4291c: ;   {static_stub}
  0x000002a208b4291c: 9048 bb00 | 0000 0000 

  0x000002a208b42924: ;   {runtime_call nmethod}
  0x000002a208b42924: 0000 00e9 | fbff ffff 

  0x000002a208b4292c: ;   {static_stub}
  0x000002a208b4292c: 9048 bb00 | 0000 0000 

  0x000002a208b42934: ;   {runtime_call nmethod}
  0x000002a208b42934: 0000 00e9 | fbff ffff 

  0x000002a208b4293c: ;   {static_stub}
  0x000002a208b4293c: 9048 bb00 | 0000 0000 

  0x000002a208b42944: ;   {runtime_call nmethod}
  0x000002a208b42944: 0000 00e9 | fbff ffff 

  0x000002a208b4294c: ;   {static_stub}
  0x000002a208b4294c: 9048 bb00 | 0000 0000 

  0x000002a208b42954: ;   {runtime_call nmethod}
  0x000002a208b42954: 0000 00e9 | fbff ffff 

  0x000002a208b4295c: ;   {static_stub}
  0x000002a208b4295c: 9048 bb00 | 0000 0000 

  0x000002a208b42964: ;   {runtime_call nmethod}
  0x000002a208b42964: 0000 00e9 | fbff ffff 

  0x000002a208b4296c: ;   {static_stub}
  0x000002a208b4296c: 9048 bb00 | 0000 0000 

  0x000002a208b42974: ;   {runtime_call nmethod}
  0x000002a208b42974: 0000 00e9 | fbff ffff 

  0x000002a208b4297c: ;   {static_stub}
  0x000002a208b4297c: 9048 bbf0 | d316 2ca2 

  0x000002a208b42984: ;   {runtime_call I2C/C2I adapters}
  0x000002a208b42984: 0200 00e9 | aa15 fd06 

  0x000002a208b4298c: ;   {static_stub}
  0x000002a208b4298c: 9048 bb48 | 0de5 6da2 

  0x000002a208b42994: ;   {runtime_call I2C/C2I adapters}
  0x000002a208b42994: 0200 00e9 | 12b3 fc06 

  0x000002a208b4299c: ;   {static_stub}
  0x000002a208b4299c: 48bb 0000 | 0000 0000 

  0x000002a208b429a4: ;   {runtime_call nmethod}
  0x000002a208b429a4: 0000 e9fb 

  0x000002a208b429a8: ;   {static_stub}
  0x000002a208b429a8: ffff ff48 | bb00 0000 | 0000 0000 

  0x000002a208b429b4: ;   {runtime_call nmethod}
  0x000002a208b429b4: 00e9 fbff 

  0x000002a208b429b8: ;   {static_stub}
  0x000002a208b429b8: ffff 48bb | 0000 0000 | 0000 0000 

  0x000002a208b429c4: ;   {runtime_call nmethod}
  0x000002a208b429c4: e9fb ffff 

  0x000002a208b429c8: ;   {static_stub}
  0x000002a208b429c8: ff48 bb00 | 0000 0000 

  0x000002a208b429d0: ;   {runtime_call nmethod}
  0x000002a208b429d0: 0000 00e9 | fbff ffff 

  0x000002a208b429d8: ;   {static_stub}
  0x000002a208b429d8: 48bb 0000 | 0000 0000 

  0x000002a208b429e0: ;   {runtime_call nmethod}
  0x000002a208b429e0: 0000 e9fb 

  0x000002a208b429e4: ;   {static_stub}
  0x000002a208b429e4: ffff ff48 | bb78 4b19 | 2ca2 0200 

  0x000002a208b429f0: ;   {runtime_call I2C/C2I adapters}
  0x000002a208b429f0: 00e9 3b0c 

  0x000002a208b429f4: ;   {static_stub}
  0x000002a208b429f4: fd06 48bb | 0000 0000 | 0000 0000 

  0x000002a208b42a00: ;   {runtime_call nmethod}
  0x000002a208b42a00: e9fb ffff 

  0x000002a208b42a04: ;   {static_stub}
  0x000002a208b42a04: ff48 bb00 | 0000 0000 

  0x000002a208b42a0c: ;   {runtime_call nmethod}
  0x000002a208b42a0c: 0000 00e9 | fbff ffff 

  0x000002a208b42a14: ;   {static_stub}
  0x000002a208b42a14: 48bb 108e | d36d a202 

  0x000002a208b42a1c: ;   {runtime_call I2C/C2I adapters}
  0x000002a208b42a1c: 0000 e98f 

  0x000002a208b42a20: ;   {static_stub}
  0x000002a208b42a20: 07fd 0648 | bb00 0000 | 0000 0000 

  0x000002a208b42a2c: ;   {runtime_call nmethod}
  0x000002a208b42a2c: 00e9 fbff 

  0x000002a208b42a30: ;   {runtime_call handle_exception_from_callee Runtime1 stub}
  0x000002a208b42a30: ffff e8a9 

  0x000002a208b42a34: ;   {external_word}
  0x000002a208b42a34: 410a 0748 | b940 d5a3 | 46fe 7f00 | 0048 83e4 

  0x000002a208b42a44: ;   {runtime_call}
  0x000002a208b42a44: f048 b870 | 4a6a 46fe | 7f00 00ff 

  0x000002a208b42a50: ;   {section_word}
  0x000002a208b42a50: d0f4 49ba | 522a b408 | a202 0000 

  0x000002a208b42a5c: ;   {runtime_call DeoptimizationBlob}
  0x000002a208b42a5c: 4152 e91d | 1cfd 06f4 | f4f4 f4f4 
[/MachCode]


Compiled method (c1) 19968 3330       3       com.jme3.app.SimpleApplication::update (235 bytes)
 total in heap  [0x000002a208b05c08,0x000002a208b070a8] = 5280
 relocation     [0x000002a208b05ce0,0x000002a208b05ec8] = 488
 main code      [0x000002a208b05ee0,0x000002a208b06ec8] = 4072
 stub code      [0x000002a208b06ec8,0x000002a208b07000] = 312
 oops           [0x000002a208b07000,0x000002a208b07008] = 8
 metadata       [0x000002a208b07008,0x000002a208b070a8] = 160
 immutable data [0x000002a280a5d3a0,0x000002a280a5d8c8] = 1320
 dependencies   [0x000002a280a5d3a0,0x000002a280a5d3d0] = 48
 nul chk table  [0x000002a280a5d3d0,0x000002a280a5d460] = 144
 scopes pcs     [0x000002a280a5d460,0x000002a280a5d7a0] = 832
 scopes data    [0x000002a280a5d7a0,0x000002a280a5d8c8] = 296

[Constant Pool (empty)]

[MachCode]
[Instructions begin]
  0x000002a208b05ee0: 6666 660f | 1f84 0000 | 0000 0066 | 6666 9066 | 6690 448b | 5208 443b 

  0x000002a208b05ef8: ;   {runtime_call ic_miss_stub}
  0x000002a208b05ef8: 5008 0f85 | e085 0007 
[Verified Entry Point]
  0x000002a208b05f00: 8984 2400 | 80ff ff55 | 4883 ec60 | 4181 7f20 | 0100 0000 

  0x000002a208b05f14: ;   {runtime_call StubRoutines (final stubs)}
  0x000002a208b05f14: 7405 e825 | 18ff 0648 | 8954 2440 

  0x000002a208b05f20: ;   {metadata(method data for {method} {0x000002a26d4034e0} 'update' '()V' in 'com/jme3/app/SimpleApplication')}
  0x000002a208b05f20: 49b8 e091 | e36d a202 | 0000 418b | b0cc 0000 | 0083 c602 | 4189 b0cc | 0000 0081 | e6fe 0700 
  0x000002a208b05f40: 0085 f60f | 84b9 0a00 | 008b 725c | 48c1 e603 

  0x000002a208b05f50: ;   {metadata(method data for {method} {0x000002a26d4034e0} 'update' '()V' in 'com/jme3/app/SimpleApplication')}
  0x000002a208b05f50: 4885 f649 | b8e0 91e3 | 6da2 0200 | 00bf 1801 | 0000 7405 | bf28 0100 | 0049 8b1c | 3848 8d5b 
  0x000002a208b05f70: 0149 891c | 380f 8446 | 0000 000f | 1f44 0000 

  0x000002a208b05f80: ;   {no_reloc}
  0x000002a208b05f80: e916 0b00 | 0000 0000 | 0000 660f | 1f44 0000 

  0x000002a208b05f90: ; implicit exception: dispatches to 0x000002a208b06aa5
  0x000002a208b05f90: e921 0b00 | 0090 9049 | c1e0 0348 | 8bd6 0f1f | 8000 0000 | 0048 b8d0 | 63b4 81a2 

  0x000002a208b05fac: ;   {virtual_call}
  0x000002a208b05fac: 0200 00e8 

  0x000002a208b05fb0: ; ImmutableOopMap {[64]=Oop }
                      ;*invokeinterface appStep {reexecute=0 rethrow=0 return_oop=0}
                      ; - com.jme3.app.SimpleApplication::update@14 (line 244)
  0x000002a208b05fb0: 2c8b 0007 

  0x000002a208b05fb4: ;   {other}
  0x000002a208b05fb4: 0f1f 8400 | ac03 0000 | 488b 5424 | 4048 8bf2 

  0x000002a208b05fc4: ;   {metadata(method data for {method} {0x000002a26d4034e0} 'update' '()V' in 'com/jme3/app/SimpleApplication')}
  0x000002a208b05fc4: 48bf e091 | e36d a202 | 0000 4883 | 8768 0100 | 0001 488b | f248 8bd6 

  0x000002a208b05fdc: ;   {optimized virtual_call}
  0x000002a208b05fdc: 6666 90e8 

  0x000002a208b05fe0: ; ImmutableOopMap {[64]=Oop }
                      ;*invokespecial update {reexecute=0 rethrow=0 return_oop=0}
                      ; - com.jme3.app.SimpleApplication::update@20 (line 246)
  0x000002a208b05fe0: 9c13 0000 

  0x000002a208b05fe4: ;   {other}
  0x000002a208b05fe4: 0f1f 8400 | dc03 0001 | 488b 5424 | 40c5 fa10 | 420c c5f0 | 57c9 c5f8 | 2ec1 41b8 | ffff ffff 
  0x000002a208b06004: 0f8a 1500 | 0000 0f82 | 0f00 0000 | 41b8 0000 | 0000 0f84 | 0300 0000 | 49ff c045 

  0x000002a208b06020: ;   {metadata(method data for {method} {0x000002a26d4034e0} 'update' '()V' in 'com/jme3/app/SimpleApplication')}
  0x000002a208b06020: 85c0 49b8 | e091 e36d | a202 0000 | be78 0100 | 0074 05be | 8801 0000 | 498b 3c30 | 488d 7f01 
  0x000002a208b06040: 4989 3c30 | 0f84 a509 | 0000 440f | be42 1145 

  0x000002a208b06050: ;   {metadata(method data for {method} {0x000002a26d4034e0} 'update' '()V' in 'com/jme3/app/SimpleApplication')}
  0x000002a208b06050: 85c0 49b8 | e091 e36d | a202 0000 | bea8 0100 | 0075 05be | 9801 0000 | 498b 3c30 | 488d 7f01 
  0x000002a208b06070: 4989 3c30 | 0f85 7509 | 0000 448b | 4234 49c1 | e003 493b | 0049 8bf0 

  0x000002a208b06088: ;   {metadata(method data for {method} {0x000002a26d4034e0} 'update' '()V' in 'com/jme3/app/SimpleApplication')}
  0x000002a208b06088: 48bf e091 | e36d a202 

  0x000002a208b06090: ;   {metadata('com/jme3/system/NanoTimer')}
  0x000002a208b06090: 0000 49ba | 0004 002d | a202 0000 | 4c89 97c0 | 0100 0048 | 8387 c801 | 0000 01c4 | c17a 1048 
  0x000002a208b060b0: 0cc5 f259 | c8c5 fa11 | 4c24 488b | 725c 48c1 | e603 4885 

  0x000002a208b060c4: ;   {metadata(method data for {method} {0x000002a26d4034e0} 'update' '()V' in 'com/jme3/app/SimpleApplication')}
  0x000002a208b060c4: f649 b8e0 | 91e3 6da2 | 0200 00bf | e801 0000 | 7405 bff8 | 0100 0049 | 8b1c 3848 | 8d5b 0149 
  0x000002a208b060e4: 891c 380f | 8444 0000 | 0066 6690 

  0x000002a208b060f0: ;   {no_reloc}
  0x000002a208b060f0: e948 0a00 | 0000 0000 | 0000 660f | 1f44 0000 

  0x000002a208b06100: ; implicit exception: dispatches to 0x000002a208b06b47
  0x000002a208b06100: e953 0a00 | 0090 9049 | c1e0 0348 | 8bd6 0f1f | 8000 0000 | 0048 b8f8 | 63b4 81a2 

  0x000002a208b0611c: ;   {virtual_call}
  0x000002a208b0611c: 0200 00e8 

  0x000002a208b06120: ; ImmutableOopMap {[64]=Oop }
                      ;*invokeinterface appStep {reexecute=0 rethrow=0 return_oop=0}
                      ; - com.jme3.app.SimpleApplication::update@67 (line 254)
  0x000002a208b06120: bc89 0007 

  0x000002a208b06124: ;   {other}
  0x000002a208b06124: 0f1f 8400 | 1c05 0002 | 488b 5424 | 408b 7258 | 48c1 e603 

  0x000002a208b06138: ; implicit exception: dispatches to 0x000002a208b06b62
  0x000002a208b06138: 483b 0648 

  0x000002a208b0613c: ;   {metadata(method data for {method} {0x000002a26d4034e0} 'update' '()V' in 'com/jme3/app/SimpleApplication')}
  0x000002a208b0613c: 8bfe 48bb | e091 e36d | a202 0000 

  0x000002a208b06148: ;   {metadata('com/jme3/app/state/AppStateManager')}
  0x000002a208b06148: 49ba e870 | 002d a202 | 0000 4c89 | 9340 0200 | 0048 8383 | 4802 0000 | 01c5 fa10 | 4424 4848 
  0x000002a208b06168: 8bd6 0f1f 

  0x000002a208b0616c: ;   {optimized virtual_call}
  0x000002a208b0616c: 4400 00e8 

  0x000002a208b06170: ; ImmutableOopMap {[64]=Oop }
                      ;*invokevirtual update {reexecute=0 rethrow=0 return_oop=0}
                      ; - com.jme3.app.SimpleApplication::update@77 (line 255)
  0x000002a208b06170: 8c1c 0300 

  0x000002a208b06174: ;   {other}
  0x000002a208b06174: 0f1f 8400 | 6c05 0003 | 488b 5424 

  0x000002a208b06180: ;   {metadata(method data for {method} {0x000002a26d4034e0} 'update' '()V' in 'com/jme3/app/SimpleApplication')}
  0x000002a208b06180: 4048 bee0 | 91e3 6da2 

  0x000002a208b06188: ;   {metadata('com/csproject/jMEMain')}
  0x000002a208b06188: 0200 0049 | baa8 1900 | 2da2 0200 | 004c 8996 | 7002 0000 | 4883 8678 | 0200 0001 | c5fa 1044 
  0x000002a208b061a8: 2448 488b 

  0x000002a208b061ac: ;   {optimized virtual_call}
  0x000002a208b061ac: 5424 40e8 

  0x000002a208b061b0: ; ImmutableOopMap {[64]=Oop }
                      ;*invokevirtual simpleUpdate {reexecute=0 rethrow=0 return_oop=0}
                      ; - com.jme3.app.SimpleApplication::update@82 (line 258)
  0x000002a208b061b0: 6c82 0300 

  0x000002a208b061b4: ;   {other}
  0x000002a208b061b4: 0f1f 8400 | ac05 0004 | 488b 5424 | 408b 725c | 48c1 e603 

  0x000002a208b061c8: ;   {metadata(method data for {method} {0x000002a26d4034e0} 'update' '()V' in 'com/jme3/app/SimpleApplication')}
  0x000002a208b061c8: 4885 f649 | b8e0 91e3 | 6da2 0200 | 00bf 9802 | 0000 7405 | bfa8 0200 | 0049 8b1c | 3848 8d5b 
  0x000002a208b061e8: 0149 891c | 380f 8446 | 0000 000f | 1f44 0000 

  0x000002a208b061f8: ;   {no_reloc}
  0x000002a208b061f8: e9e2 0900 | 0000 0000 | 0000 660f | 1f44 0000 

  0x000002a208b06208: ; implicit exception: dispatches to 0x000002a208b06be9
  0x000002a208b06208: e9ed 0900 | 0090 9049 | c1e0 0348 | 8bd6 0f1f | 8000 0000 | 0048 b820 | 64b4 81a2 

  0x000002a208b06224: ;   {virtual_call}
  0x000002a208b06224: 0200 00e8 

  0x000002a208b06228: ; ImmutableOopMap {[64]=Oop }
                      ;*invokeinterface appStep {reexecute=0 rethrow=0 return_oop=0}
                      ; - com.jme3.app.SimpleApplication::update@99 (line 260)
  0x000002a208b06228: b488 0007 

  0x000002a208b0622c: ;   {other}
  0x000002a208b0622c: 0f1f 8400 | 2406 0005 | 488b 5424 | 408b 7264 | 48c1 e603 

  0x000002a208b06240: ; implicit exception: dispatches to 0x000002a208b06c04
  0x000002a208b06240: 483b 0648 

  0x000002a208b06244: ;   {metadata(method data for {method} {0x000002a26d4034e0} 'update' '()V' in 'com/jme3/app/SimpleApplication')}
  0x000002a208b06244: 8bfe 48bb | e091 e36d | a202 0000 | 8b7f 0849 | ba00 0000 | 2ca2 0200 | 0049 03fa | 483b bbf0 
  0x000002a208b06264: 0200 0075 | 0d48 8383 | f802 0000 | 01e9 6000 | 0000 483b | bb00 0300 | 0075 0d48 | 8383 0803 
  0x000002a208b06284: 0000 01e9 | 4a00 0000 | 4883 bbf0 | 0200 0000 | 7517 4889 | bbf0 0200 | 0048 c783 | f802 0000 
  0x000002a208b062a4: 0100 0000 | e929 0000 | 0048 83bb | 0003 0000 | 0075 1748 | 89bb 0003 | 0000 48c7 | 8308 0300 
  0x000002a208b062c4: 0001 0000 | 00e9 0800 | 0000 4883 | 83e8 0200 | 0001 c5fa | 1044 2448 | 488b d666 | 0f1f 4400 
  0x000002a208b062e4: 0048 b848 | 64b4 81a2 

  0x000002a208b062ec: ;   {virtual_call}
  0x000002a208b062ec: 0200 00e8 

  0x000002a208b062f0: ; ImmutableOopMap {[64]=Oop }
                      ;*invokevirtual updateLogicalState {reexecute=0 rethrow=0 return_oop=0}
                      ; - com.jme3.app.SimpleApplication::update@109 (line 261)
  0x000002a208b062f0: 0ea8 8807 

  0x000002a208b062f4: ;   {other}
  0x000002a208b062f4: 0f1f 8400 | ec06 0006 | 488b 5424 | 408b 7268 | 48c1 e603 

  0x000002a208b06308: ; implicit exception: dispatches to 0x000002a208b06c09
  0x000002a208b06308: 483b 0648 

  0x000002a208b0630c: ;   {metadata(method data for {method} {0x000002a26d4034e0} 'update' '()V' in 'com/jme3/app/SimpleApplication')}
  0x000002a208b0630c: 8bfe 48bb | e091 e36d | a202 0000 | 8b7f 0849 | ba00 0000 | 2ca2 0200 | 0049 03fa | 483b bb20 
  0x000002a208b0632c: 0300 0075 | 0d48 8383 | 2803 0000 | 01e9 6000 | 0000 483b | bb30 0300 | 0075 0d48 | 8383 3803 
  0x000002a208b0634c: 0000 01e9 | 4a00 0000 | 4883 bb20 | 0300 0000 | 7517 4889 | bb20 0300 | 0048 c783 | 2803 0000 
  0x000002a208b0636c: 0100 0000 | e929 0000 | 0048 83bb | 3003 0000 | 0075 1748 | 89bb 3003 | 0000 48c7 | 8338 0300 
  0x000002a208b0638c: 0001 0000 | 00e9 0800 | 0000 4883 | 8318 0300 | 0001 c5fa | 1044 2448 | 488b d666 | 0f1f 4400 
  0x000002a208b063ac: 0048 b870 | 64b4 81a2 

  0x000002a208b063b4: ;   {virtual_call}
  0x000002a208b063b4: 0200 00e8 

  0x000002a208b063b8: ; ImmutableOopMap {[64]=Oop }
                      ;*invokevirtual updateLogicalState {reexecute=0 rethrow=0 return_oop=0}
                      ; - com.jme3.app.SimpleApplication::update@117 (line 262)
  0x000002a208b063b8: 46a7 8807 

  0x000002a208b063bc: ;   {other}
  0x000002a208b063bc: 0f1f 8400 | b407 0007 | 488b 5424 | 408b 7264 | 48c1 e603 

  0x000002a208b063d0: ; implicit exception: dispatches to 0x000002a208b06c0e
  0x000002a208b063d0: 483b 0648 

  0x000002a208b063d4: ;   {metadata(method data for {method} {0x000002a26d4034e0} 'update' '()V' in 'com/jme3/app/SimpleApplication')}
  0x000002a208b063d4: 8bfe 48bb | e091 e36d | a202 0000 | 8b7f 0849 | ba00 0000 | 2ca2 0200 | 0049 03fa | 483b bb50 
  0x000002a208b063f4: 0300 0075 | 0d48 8383 | 5803 0000 | 01e9 6000 | 0000 483b | bb60 0300 | 0075 0d48 | 8383 6803 
  0x000002a208b06414: 0000 01e9 | 4a00 0000 | 4883 bb50 | 0300 0000 | 7517 4889 | bb50 0300 | 0048 c783 | 5803 0000 
  0x000002a208b06434: 0100 0000 | e929 0000 | 0048 83bb | 6003 0000 | 0075 1748 | 89bb 6003 | 0000 48c7 | 8368 0300 
  0x000002a208b06454: 0001 0000 | 00e9 0800 | 0000 4883 | 8348 0300 | 0001 488b | d666 0f1f 

  0x000002a208b0646c: ;   {optimized virtual_call}
  0x000002a208b0646c: 4400 00e8 

  0x000002a208b06470: ; ImmutableOopMap {[64]=Oop }
                      ;*invokevirtual updateGeometricState {reexecute=0 rethrow=0 return_oop=0}
                      ; - com.jme3.app.SimpleApplication::update@124 (line 264)
  0x000002a208b06470: 5c9a 8807 

  0x000002a208b06474: ;   {other}
  0x000002a208b06474: 0f1f 8400 | 6c08 0008 | 488b 5424 | 408b 7268 | 48c1 e603 

  0x000002a208b06488: ; implicit exception: dispatches to 0x000002a208b06c13
  0x000002a208b06488: 483b 0648 

  0x000002a208b0648c: ;   {metadata(method data for {method} {0x000002a26d4034e0} 'update' '()V' in 'com/jme3/app/SimpleApplication')}
  0x000002a208b0648c: 8bfe 48bb | e091 e36d | a202 0000 | 8b7f 0849 | ba00 0000 | 2ca2 0200 | 0049 03fa | 483b bb80 
  0x000002a208b064ac: 0300 0075 | 0d48 8383 | 8803 0000 | 01e9 6000 | 0000 483b | bb90 0300 | 0075 0d48 | 8383 9803 
  0x000002a208b064cc: 0000 01e9 | 4a00 0000 | 4883 bb80 | 0300 0000 | 7517 4889 | bb80 0300 | 0048 c783 | 8803 0000 
  0x000002a208b064ec: 0100 0000 | e929 0000 | 0048 83bb | 9003 0000 | 0075 1748 | 89bb 9003 | 0000 48c7 | 8398 0300 
  0x000002a208b0650c: 0001 0000 | 00e9 0800 | 0000 4883 | 8378 0300 | 0001 488b | d666 0f1f 

  0x000002a208b06524: ;   {optimized virtual_call}
  0x000002a208b06524: 4400 00e8 

  0x000002a208b06528: ; ImmutableOopMap {[64]=Oop }
                      ;*invokevirtual updateGeometricState {reexecute=0 rethrow=0 return_oop=0}
                      ; - com.jme3.app.SimpleApplication::update@131 (line 265)
  0x000002a208b06528: a499 8807 

  0x000002a208b0652c: ;   {other}
  0x000002a208b0652c: 0f1f 8400 | 2409 0009 | 488b 5424 | 408b 725c | 48c1 e603 

  0x000002a208b06540: ;   {metadata(method data for {method} {0x000002a26d4034e0} 'update' '()V' in 'com/jme3/app/SimpleApplication')}
  0x000002a208b06540: 4885 f649 | b8e0 91e3 | 6da2 0200 | 00bf a803 | 0000 7405 | bfb8 0300 | 0049 8b1c | 3848 8d5b 
  0x000002a208b06560: 0149 891c | 380f 8446 | 0000 000f | 1f44 0000 

  0x000002a208b06570: ;   {no_reloc}
  0x000002a208b06570: e91b 0700 | 0000 0000 | 0000 660f | 1f44 0000 

  0x000002a208b06580: ; implicit exception: dispatches to 0x000002a208b06c9a
  0x000002a208b06580: e926 0700 | 0090 9049 | c1e0 0348 | 8bd6 0f1f | 8000 0000 | 0048 b898 | 64b4 81a2 

  0x000002a208b0659c: ;   {virtual_call}
  0x000002a208b0659c: 0200 00e8 

  0x000002a208b065a0: ; ImmutableOopMap {[64]=Oop }
                      ;*invokeinterface appStep {reexecute=0 rethrow=0 return_oop=0}
                      ; - com.jme3.app.SimpleApplication::update@148 (line 268)
  0x000002a208b065a0: 3c85 0007 

  0x000002a208b065a4: ;   {other}
  0x000002a208b065a4: 0f1f 8400 | 9c09 000a | 488b 5424 | 408b 7258 | 48c1 e603 | 448b 4220 | 49c1 e003 

  0x000002a208b065c0: ; implicit exception: dispatches to 0x000002a208b06cb5
  0x000002a208b065c0: 483b 0648 

  0x000002a208b065c4: ;   {metadata(method data for {method} {0x000002a26d4034e0} 'update' '()V' in 'com/jme3/app/SimpleApplication')}
  0x000002a208b065c4: 8bfe 48bb | e091 e36d | a202 0000 

  0x000002a208b065d0: ;   {metadata('com/jme3/app/state/AppStateManager')}
  0x000002a208b065d0: 49ba e870 | 002d a202 | 0000 4c89 | 9300 0400 | 0048 8383 | 0804 0000 | 0148 8bd6 

  0x000002a208b065ec: ;   {optimized virtual_call}
  0x000002a208b065ec: 6666 90e8 

  0x000002a208b065f0: ; ImmutableOopMap {[64]=Oop }
                      ;*invokevirtual render {reexecute=0 rethrow=0 return_oop=0}
                      ; - com.jme3.app.SimpleApplication::update@161 (line 269)
  0x000002a208b065f0: 2cae ffff 

  0x000002a208b065f4: ;   {other}
  0x000002a208b065f4: 0f1f 8400 | ec09 000b | 488b 5424 | 408b 725c | 48c1 e603 

  0x000002a208b06608: ;   {metadata(method data for {method} {0x000002a26d4034e0} 'update' '()V' in 'com/jme3/app/SimpleApplication')}
  0x000002a208b06608: 4885 f649 | b8e0 91e3 | 6da2 0200 | 00bf 2804 | 0000 7405 | bf38 0400 | 0049 8b1c | 3848 8d5b 
  0x000002a208b06628: 0149 891c | 380f 8446 | 0000 000f | 1f44 0000 

  0x000002a208b06638: ;   {no_reloc}
  0x000002a208b06638: e9f5 0600 | 0000 0000 | 0000 660f | 1f44 0000 

  0x000002a208b06648: ; implicit exception: dispatches to 0x000002a208b06d3c
  0x000002a208b06648: e900 0700 | 0090 9049 | c1e0 0348 | 8bd6 0f1f | 8000 0000 | 0048 b8c0 | 64b4 81a2 

  0x000002a208b06664: ;   {virtual_call}
  0x000002a208b06664: 0200 00e8 

  0x000002a208b06668: ; ImmutableOopMap {[64]=Oop }
                      ;*invokeinterface appStep {reexecute=0 rethrow=0 return_oop=0}
                      ; - com.jme3.app.SimpleApplication::update@178 (line 271)
  0x000002a208b06668: 7484 0007 

  0x000002a208b0666c: ;   {other}
  0x000002a208b0666c: 0f1f 8400 | 640a 000c | 488b 5424 | 408b 7220 | 48c1 e603 | 448b 422c | 49c1 e003 | 4d85 c00f 
  0x000002a208b0668c: 842a 0000 

  0x000002a208b06690: ;   {metadata('com/jme3/system/lwjgl/LwjglContext')}
  0x000002a208b06690: 0048 b970 | 4c01 2da2 | 0200 0041 | 8b40 0849 | ba00 0000 | 2ca2 0200 | 0049 03c2 | 483b 4838 
  0x000002a208b066b0: 0f85 a106 | 0000 e900 | 0000 0049 | 8bf8 493b | 0049 8bf8 

  0x000002a208b066c4: ;   {metadata(method data for {method} {0x000002a26d4034e0} 'update' '()V' in 'com/jme3/app/SimpleApplication')}
  0x000002a208b066c4: 48bb e091 | e36d a202 | 0000 8b7f | 0849 ba00 | 0000 2ca2 | 0200 0049 | 03fa 483b | bb80 0400 
  0x000002a208b066e4: 0075 0d48 | 8383 8804 | 0000 01e9 | 6000 0000 | 483b bb90 | 0400 0075 | 0d48 8383 | 9804 0000 
  0x000002a208b06704: 01e9 4a00 | 0000 4883 | bb80 0400 | 0000 7517 | 4889 bb80 | 0400 0048 | c783 8804 | 0000 0100 
  0x000002a208b06724: 0000 e929 | 0000 0048 | 83bb 9004 | 0000 0075 | 1748 89bb | 9004 0000 | 48c7 8398 | 0400 0001 
  0x000002a208b06744: 0000 00e9 | 0800 0000 | 4883 8378 | 0400 0001 

  0x000002a208b06754: ;   {metadata(method data for {method} {0x000002a26d49d3f8} 'isRenderable' '()Z' in 'com/jme3/system/lwjgl/LwjglContext')}
  0x000002a208b06754: 48bf 38cc | e26d a202 | 0000 8b9f | cc00 0000 | 83c3 0289 | 9fcc 0000 | 0081 e3fe | ff1f 0085 
  0x000002a208b06774: db0f 84e6 | 0500 0041 | 8b78 1448 | c1e7 0348 | 3b07 488b 

  0x000002a208b06788: ;   {metadata(method data for {method} {0x000002a26d49d3f8} 'isRenderable' '()Z' in 'com/jme3/system/lwjgl/LwjglContext')}
  0x000002a208b06788: df48 b838 | cce2 6da2 | 0200 0048 | 8380 1801 

  0x000002a208b06798: ;   {metadata(method data for {method} {0x000002a26d16d1c8} 'get' '()Z' in 'java/util/concurrent/atomic/AtomicBoolean')}
  0x000002a208b06798: 0000 0148 | bbb0 4ed6 | 6da2 0200 | 008b 83cc | 0000 0083 | c002 8983 | cc00 0000 | 25fe ff1f 
  0x000002a208b067b8: 0085 c00f | 84c6 0500 | 0044 8b47 | 0c45 85c0 

  0x000002a208b067c8: ;   {metadata(method data for {method} {0x000002a26d16d1c8} 'get' '()Z' in 'java/util/concurrent/atomic/AtomicBoolean')}
  0x000002a208b067c8: 49b8 b04e | d66d a202 | 0000 bf18 | 0100 0074 | 05bf 2801 | 0000 498b | 1c38 488d | 5b01 4989 
  0x000002a208b067e8: 1c38 0f84 | 1c00 0000 

  0x000002a208b067f0: ;   {metadata(method data for {method} {0x000002a26d16d1c8} 'get' '()Z' in 'java/util/concurrent/atomic/AtomicBoolean')}
  0x000002a208b067f0: 49b8 b04e | d66d a202 | 0000 41ff | 8038 0100 | 0041 b801 | 0000 00e9 | 0600 0000 | 41b8 0000 
  0x000002a208b06810: 0000 4183 | e001 4183 | e001 483b | 0648 8bfe 

  0x000002a208b06820: ;   {metadata(method data for {method} {0x000002a26d4034e0} 'update' '()V' in 'com/jme3/app/SimpleApplication')}
  0x000002a208b06820: 48bb e091 | e36d a202 

  0x000002a208b06828: ;   {metadata('com/jme3/renderer/RenderManager')}
  0x000002a208b06828: 0000 49ba | 6058 0a2d | a202 0000 | 4c89 93b0 | 0400 0048 | 8383 b804 | 0000 01c5 | fa10 4424 
  0x000002a208b06848: 4848 8bd6 

  0x000002a208b0684c: ;   {optimized virtual_call}
  0x000002a208b0684c: 6666 90e8 

  0x000002a208b06850: ; ImmutableOopMap {[64]=Oop }
                      ;*invokevirtual render {reexecute=0 rethrow=0 return_oop=0}
                      ; - com.jme3.app.SimpleApplication::update@197 (line 272)
  0x000002a208b06850: 8cd9 ffff 

  0x000002a208b06854: ;   {other}
  0x000002a208b06854: 0f1f 8400 | 4c0c 000d | 488b 5424 | 408b 7220 | 48c1 e603 

  0x000002a208b06868: ;   {metadata(method data for {method} {0x000002a26d4034e0} 'update' '()V' in 'com/jme3/app/SimpleApplication')}
  0x000002a208b06868: 488b fa48 | bbe0 91e3 | 6da2 0200 | 008b 7f08 | 49ba 0000 | 002c a202 | 0000 4903 | fa48 3bbb 
  0x000002a208b06888: e004 0000 | 750d 4883 | 83e8 0400 | 0001 e960 | 0000 0048 | 3bbb f004 | 0000 750d | 4883 83f8 
  0x000002a208b068a8: 0400 0001 | e94a 0000 | 0048 83bb | e004 0000 | 0075 1748 | 89bb e004 | 0000 48c7 | 83e8 0400 
  0x000002a208b068c8: 0001 0000 | 00e9 2900 | 0000 4883 | bbf0 0400 | 0000 7517 | 4889 bbf0 | 0400 0048 | c783 f804 
  0x000002a208b068e8: 0000 0100 | 0000 e908 | 0000 0048 | 8383 d804 

  0x000002a208b068f8: ;   {metadata(method data for {method} {0x000002a26d4038a8} 'simpleRender' '(Lcom/jme3/renderer/RenderManager;)V' in 'com/jme3/app/SimpleApplication')}
  0x000002a208b068f8: 0000 0148 | bff8 b0e3 | 6da2 0200 | 008b 9fcc | 0000 0083 | c302 899f | cc00 0000 | 81e3 feff 
  0x000002a208b06918: 1f00 85db | 0f84 8b04 | 0000 8b72 | 5848 c1e6 | 0348 3b06 

  0x000002a208b0692c: ;   {metadata(method data for {method} {0x000002a26d4034e0} 'update' '()V' in 'com/jme3/app/SimpleApplication')}
  0x000002a208b0692c: 488b fe48 | bbe0 91e3 | 6da2 0200 

  0x000002a208b06938: ;   {metadata('com/jme3/app/state/AppStateManager')}
  0x000002a208b06938: 0049 bae8 | 7000 2da2 | 0200 004c | 8993 1005 | 0000 4883 | 8318 0500 | 0001 488b 

  0x000002a208b06954: ;   {optimized virtual_call}
  0x000002a208b06954: d666 90e8 

  0x000002a208b06958: ; ImmutableOopMap {[64]=Oop }
                      ;*invokevirtual postRender {reexecute=0 rethrow=0 return_oop=0}
                      ; - com.jme3.app.SimpleApplication::update@212 (line 274)
  0x000002a208b06958: 4405 0500 

  0x000002a208b0695c: ;   {other}
  0x000002a208b0695c: 0f1f 8400 | 540d 000e | 488b 5424 | 408b 725c | 48c1 e603 

  0x000002a208b06970: ;   {metadata(method data for {method} {0x000002a26d4034e0} 'update' '()V' in 'com/jme3/app/SimpleApplication')}
  0x000002a208b06970: 4885 f649 | b8e0 91e3 | 6da2 0200 | 00bf 3805 | 0000 7405 | bf48 0500 | 0049 8b1c | 3848 8d5b 
  0x000002a208b06990: 0149 891c | 380f 8441 | 0000 000f | 1f44 0000 

  0x000002a208b069a0: ;   {no_reloc}
  0x000002a208b069a0: e9a6 0400 | 0000 0000 | 0000 660f | 1f44 0000 

  0x000002a208b069b0: ; implicit exception: dispatches to 0x000002a208b06e55
  0x000002a208b069b0: e9b1 0400 | 0090 9049 | c1e0 0348 | 8bd6 0f1f | 8000 0000 | 0048 b8e8 | 64b4 81a2 

  0x000002a208b069cc: ;   {virtual_call}
  0x000002a208b069cc: 0200 00e8 

  0x000002a208b069d0: ; ImmutableOopMap {[64]=Oop }
                      ;*invokeinterface appStep {reexecute=0 rethrow=0 return_oop=0}
                      ; - com.jme3.app.SimpleApplication::update@229 (line 276)
  0x000002a208b069d0: 0c81 0007 

  0x000002a208b069d4: ;   {other}
  0x000002a208b069d4: 0f1f 8400 | cc0d 000f | 4883 c460 

  0x000002a208b069e0: ;   {poll_return}
  0x000002a208b069e0: 5d49 3ba7 | 4804 0000 | 0f87 8204 | 0000 c348 | 83c4 605d 

  0x000002a208b069f4: ;   {poll_return}
  0x000002a208b069f4: 493b a748 | 0400 000f | 8785 0400 

  0x000002a208b06a00: ;   {metadata({method} {0x000002a26d4034e0} 'update' '()V' in 'com/jme3/app/SimpleApplication')}
  0x000002a208b06a00: 00c3 49ba | d834 406d | a202 0000 | 4c89 5424 | 0848 c704 | 24ff ffff 

  0x000002a208b06a18: ;   {runtime_call counter_overflow Runtime1 stub}
  0x000002a208b06a18: ffe8 423e 

  0x000002a208b06a1c: ; ImmutableOopMap {rdx=Oop [64]=Oop }
                      ;*synchronization entry
                      ; - com.jme3.app.SimpleApplication::update@-1 (line 244)
  0x000002a208b06a1c: 0e07 e926 

  0x000002a208b06a20: ;   {oop(nullptr)}
  0x000002a208b06a20: f5ff ff49 | b800 0000 | 0000 0000 | 0050 5349 | 8b58 1057 | 5652 5141 | 5041 5141 | 5241 5348 
  0x000002a208b06a40: 83ec 2040 | f6c4 0f0f | 8419 0000 | 0048 83ec 

  0x000002a208b06a50: ;   {runtime_call}
  0x000002a208b06a50: 0848 b8b0 | b507 46fe | 7f00 00ff | d048 83c4 | 08e9 0c00 

  0x000002a208b06a64: ;   {runtime_call}
  0x000002a208b06a64: 0000 48b8 | b0b5 0746 | fe7f 0000 | ffd0 4883 | c420 415b | 415a 4159 | 4158 595a | 5e5f 483b 
  0x000002a208b06a84: 8338 0100 | 005b 580f | 850a 0000 | 00e9 f4f4 | ffff b800 

  0x000002a208b06a98: ;   {runtime_call load_mirror_patching Runtime1 stub}
  0x000002a208b06a98: 786e 0ae8 

  0x000002a208b06a9c: ; ImmutableOopMap {rsi=Oop [64]=Oop }
                      ;*getstatic BeginFrame {reexecute=1 rethrow=0 return_oop=0}
                      ; - (reexecute) com.jme3.app.SimpleApplication::update@11 (line 244)
  0x000002a208b06a9c: c02c 0e07 | e9db f4ff 

  0x000002a208b06aa4: ;   {runtime_call throw_null_pointer_exception Runtime1 stub}
  0x000002a208b06aa4: ffe8 b6d5 

  0x000002a208b06aa8: ; ImmutableOopMap {rsi=Oop r8=Oop [64]=Oop }
                      ;*getstatic BeginFrame {reexecute=1 rethrow=0 return_oop=0}
                      ; - (reexecute) com.jme3.app.SimpleApplication::update@11 (line 244)
  0x000002a208b06aa8: 0d07 458b | 8000 0000 | 00b8 000c 

  0x000002a208b06ab4: ;   {runtime_call access_field_patching Runtime1 stub}
  0x000002a208b06ab4: 0507 e8a5 

  0x000002a208b06ab8: ; ImmutableOopMap {rsi=Oop r8=Oop [64]=Oop }
                      ;*getstatic BeginFrame {reexecute=1 rethrow=0 return_oop=0}
                      ; - (reexecute) com.jme3.app.SimpleApplication::update@11 (line 244)
  0x000002a208b06ab8: 230e 07e9 | d0f4 ffff 

  0x000002a208b06ac0: ;   {runtime_call throw_null_pointer_exception Runtime1 stub}
  0x000002a208b06ac0: e89b d50d 

  0x000002a208b06ac4: ; ImmutableOopMap {rdx=Oop r8=Oop [64]=Oop }
                      ;*invokevirtual getTimePerFrame {reexecute=0 rethrow=0 return_oop=0}
                      ; - com.jme3.app.SimpleApplication::update@44 (line 251)
                      ;   {oop(nullptr)}
  0x000002a208b06ac4: 0749 b800 | 0000 0000 | 0000 0050 | 5349 8b58 | 1057 5652 | 5141 5041 | 5141 5241 | 5348 83ec 
  0x000002a208b06ae4: 2040 f6c4 | 0f0f 8419 | 0000 0048 

  0x000002a208b06af0: ;   {runtime_call}
  0x000002a208b06af0: 83ec 0848 | b8b0 b507 | 46fe 7f00 | 00ff d048 | 83c4 08e9 | 0c00 0000 

  0x000002a208b06b08: ;   {runtime_call}
  0x000002a208b06b08: 48b8 b0b5 | 0746 fe7f | 0000 ffd0 | 4883 c420 | 415b 415a | 4159 4158 | 595a 5e5f | 483b 8338 
  0x000002a208b06b28: 0100 005b | 580f 850a | 0000 00e9 | c2f5 ffff | b800 786e 

  0x000002a208b06b3c: ;   {runtime_call load_mirror_patching Runtime1 stub}
  0x000002a208b06b3c: 0ae8 1e2c 

  0x000002a208b06b40: ; ImmutableOopMap {rsi=Oop [64]=Oop }
                      ;*getstatic StateManagerUpdate {reexecute=1 rethrow=0 return_oop=0}
                      ; - (reexecute) com.jme3.app.SimpleApplication::update@64 (line 254)
  0x000002a208b06b40: 0e07 e9a9 

  0x000002a208b06b44: ;   {runtime_call throw_null_pointer_exception Runtime1 stub}
  0x000002a208b06b44: f5ff ffe8 

  0x000002a208b06b48: ; ImmutableOopMap {rsi=Oop r8=Oop [64]=Oop }
                      ;*getstatic StateManagerUpdate {reexecute=1 rethrow=0 return_oop=0}
                      ; - (reexecute) com.jme3.app.SimpleApplication::update@64 (line 254)
  0x000002a208b06b48: 14d5 0d07 | 458b 8000 | 0000 00b8 | 000c 0507 

  0x000002a208b06b58: ;   {runtime_call access_field_patching Runtime1 stub}
  0x000002a208b06b58: e803 230e 

  0x000002a208b06b5c: ; ImmutableOopMap {rsi=Oop r8=Oop [64]=Oop }
                      ;*getstatic StateManagerUpdate {reexecute=1 rethrow=0 return_oop=0}
                      ; - (reexecute) com.jme3.app.SimpleApplication::update@64 (line 254)
  0x000002a208b06b5c: 07e9 9ef5 

  0x000002a208b06b60: ;   {runtime_call throw_null_pointer_exception Runtime1 stub}
  0x000002a208b06b60: ffff e8f9 

  0x000002a208b06b64: ; ImmutableOopMap {rdx=Oop rsi=Oop [64]=Oop }
                      ;*invokevirtual update {reexecute=0 rethrow=0 return_oop=0}
                      ; - com.jme3.app.SimpleApplication::update@77 (line 255)
                      ;   {oop(nullptr)}
  0x000002a208b06b64: d40d 0749 | b800 0000 | 0000 0000 | 0050 5349 | 8b58 1057 | 5652 5141 | 5041 5141 | 5241 5348 
  0x000002a208b06b84: 83ec 2040 | f6c4 0f0f | 8419 0000 | 0048 83ec 

  0x000002a208b06b94: ;   {runtime_call}
  0x000002a208b06b94: 0848 b8b0 | b507 46fe | 7f00 00ff | d048 83c4 | 08e9 0c00 

  0x000002a208b06ba8: ;   {runtime_call}
  0x000002a208b06ba8: 0000 48b8 | b0b5 0746 | fe7f 0000 | ffd0 4883 | c420 415b | 415a 4159 | 4158 595a | 5e5f 483b 
  0x000002a208b06bc8: 8338 0100 | 005b 580f | 850a 0000 | 00e9 28f6 | ffff b800 

  0x000002a208b06bdc: ;   {runtime_call load_mirror_patching Runtime1 stub}
  0x000002a208b06bdc: 786e 0ae8 

  0x000002a208b06be0: ; ImmutableOopMap {rsi=Oop [64]=Oop }
                      ;*getstatic SpatialUpdate {reexecute=1 rethrow=0 return_oop=0}
                      ; - (reexecute) com.jme3.app.SimpleApplication::update@96 (line 260)
  0x000002a208b06be0: 7c2b 0e07 | e90f f6ff 

  0x000002a208b06be8: ;   {runtime_call throw_null_pointer_exception Runtime1 stub}
  0x000002a208b06be8: ffe8 72d4 

  0x000002a208b06bec: ; ImmutableOopMap {rsi=Oop r8=Oop [64]=Oop }
                      ;*getstatic SpatialUpdate {reexecute=1 rethrow=0 return_oop=0}
                      ; - (reexecute) com.jme3.app.SimpleApplication::update@96 (line 260)
  0x000002a208b06bec: 0d07 458b | 8000 0000 | 00b8 000c 

  0x000002a208b06bf8: ;   {runtime_call access_field_patching Runtime1 stub}
  0x000002a208b06bf8: 0507 e861 

  0x000002a208b06bfc: ; ImmutableOopMap {rsi=Oop r8=Oop [64]=Oop }
                      ;*getstatic SpatialUpdate {reexecute=1 rethrow=0 return_oop=0}
                      ; - (reexecute) com.jme3.app.SimpleApplication::update@96 (line 260)
  0x000002a208b06bfc: 220e 07e9 | 04f6 ffff 

  0x000002a208b06c04: ;   {runtime_call throw_null_pointer_exception Runtime1 stub}
  0x000002a208b06c04: e857 d40d 

  0x000002a208b06c08: ; ImmutableOopMap {rdx=Oop rsi=Oop [64]=Oop }
                      ;*invokevirtual updateLogicalState {reexecute=0 rethrow=0 return_oop=0}
                      ; - com.jme3.app.SimpleApplication::update@109 (line 261)
                      ;   {runtime_call throw_null_pointer_exception Runtime1 stub}
  0x000002a208b06c08: 07e8 52d4 

  0x000002a208b06c0c: ; ImmutableOopMap {rdx=Oop rsi=Oop [64]=Oop }
                      ;*invokevirtual updateLogicalState {reexecute=0 rethrow=0 return_oop=0}
                      ; - com.jme3.app.SimpleApplication::update@117 (line 262)
                      ;   {runtime_call throw_null_pointer_exception Runtime1 stub}
  0x000002a208b06c0c: 0d07 e84d 

  0x000002a208b06c10: ; ImmutableOopMap {rdx=Oop rsi=Oop [64]=Oop }
                      ;*invokevirtual updateGeometricState {reexecute=0 rethrow=0 return_oop=0}
                      ; - com.jme3.app.SimpleApplication::update@124 (line 264)
                      ;   {runtime_call throw_null_pointer_exception Runtime1 stub}
  0x000002a208b06c10: d40d 07e8 

  0x000002a208b06c14: ; ImmutableOopMap {rdx=Oop rsi=Oop [64]=Oop }
                      ;*invokevirtual updateGeometricState {reexecute=0 rethrow=0 return_oop=0}
                      ; - com.jme3.app.SimpleApplication::update@131 (line 265)
  0x000002a208b06c14: 48d4 0d07 

  0x000002a208b06c18: ;   {oop(nullptr)}
  0x000002a208b06c18: 49b8 0000 | 0000 0000 | 0000 5053 | 498b 5810 | 5756 5251 | 4150 4151 | 4152 4153 | 4883 ec20 
  0x000002a208b06c38: 40f6 c40f | 0f84 1900 | 0000 4883 

  0x000002a208b06c44: ;   {runtime_call}
  0x000002a208b06c44: ec08 48b8 | b0b5 0746 | fe7f 0000 | ffd0 4883 | c408 e90c 

  0x000002a208b06c58: ;   {runtime_call}
  0x000002a208b06c58: 0000 0048 | b8b0 b507 | 46fe 7f00 | 00ff d048 | 83c4 2041 | 5b41 5a41 | 5941 5859 | 5a5e 5f48 
  0x000002a208b06c78: 3b83 3801 | 0000 5b58 | 0f85 0a00 | 0000 e9ef | f8ff ffb8 | 0078 6e0a 

  0x000002a208b06c90: ;   {runtime_call load_mirror_patching Runtime1 stub}
  0x000002a208b06c90: e8cb 2a0e 

  0x000002a208b06c94: ; ImmutableOopMap {rsi=Oop [64]=Oop }
                      ;*getstatic StateManagerRender {reexecute=1 rethrow=0 return_oop=0}
                      ; - (reexecute) com.jme3.app.SimpleApplication::update@145 (line 268)
  0x000002a208b06c94: 07e9 d6f8 

  0x000002a208b06c98: ;   {runtime_call throw_null_pointer_exception Runtime1 stub}
  0x000002a208b06c98: ffff e8c1 

  0x000002a208b06c9c: ; ImmutableOopMap {rsi=Oop r8=Oop [64]=Oop }
                      ;*getstatic StateManagerRender {reexecute=1 rethrow=0 return_oop=0}
                      ; - (reexecute) com.jme3.app.SimpleApplication::update@145 (line 268)
  0x000002a208b06c9c: d30d 0745 | 8b80 0000 | 0000 b800 

  0x000002a208b06ca8: ;   {runtime_call access_field_patching Runtime1 stub}
  0x000002a208b06ca8: 0c05 07e8 

  0x000002a208b06cac: ; ImmutableOopMap {rsi=Oop r8=Oop [64]=Oop }
                      ;*getstatic StateManagerRender {reexecute=1 rethrow=0 return_oop=0}
                      ; - (reexecute) com.jme3.app.SimpleApplication::update@145 (line 268)
  0x000002a208b06cac: b021 0e07 | e9cb f8ff 

  0x000002a208b06cb4: ;   {runtime_call throw_null_pointer_exception Runtime1 stub}
  0x000002a208b06cb4: ffe8 a6d3 

  0x000002a208b06cb8: ; ImmutableOopMap {rdx=Oop rsi=Oop r8=Oop [64]=Oop }
                      ;*invokevirtual render {reexecute=0 rethrow=0 return_oop=0}
                      ; - com.jme3.app.SimpleApplication::update@161 (line 269)
                      ;   {oop(nullptr)}
  0x000002a208b06cb8: 0d07 49b8 | 0000 0000 | 0000 0000 | 5053 498b | 5810 5756 | 5251 4150 | 4151 4152 | 4153 4883 
  0x000002a208b06cd8: ec20 40f6 | c40f 0f84 | 1900 0000 | 4883 ec08 

  0x000002a208b06ce8: ;   {runtime_call}
  0x000002a208b06ce8: 48b8 b0b5 | 0746 fe7f | 0000 ffd0 | 4883 c408 | e90c 0000 

  0x000002a208b06cfc: ;   {runtime_call}
  0x000002a208b06cfc: 0048 b8b0 | b507 46fe | 7f00 00ff | d048 83c4 | 2041 5b41 | 5a41 5941 | 5859 5a5e | 5f48 3b83 
  0x000002a208b06d1c: 3801 0000 | 5b58 0f85 | 0a00 0000 | e915 f9ff | ffb8 0078 

  0x000002a208b06d30: ;   {runtime_call load_mirror_patching Runtime1 stub}
  0x000002a208b06d30: 6e0a e829 

  0x000002a208b06d34: ; ImmutableOopMap {rsi=Oop [64]=Oop }
                      ;*getstatic RenderFrame {reexecute=1 rethrow=0 return_oop=0}
                      ; - (reexecute) com.jme3.app.SimpleApplication::update@175 (line 271)
  0x000002a208b06d34: 2a0e 07e9 | fcf8 ffff 

  0x000002a208b06d3c: ;   {runtime_call throw_null_pointer_exception Runtime1 stub}
  0x000002a208b06d3c: e81f d30d 

  0x000002a208b06d40: ; ImmutableOopMap {rsi=Oop r8=Oop [64]=Oop }
                      ;*getstatic RenderFrame {reexecute=1 rethrow=0 return_oop=0}
                      ; - (reexecute) com.jme3.app.SimpleApplication::update@175 (line 271)
  0x000002a208b06d40: 0745 8b80 | 0000 0000 | b800 0c05 

  0x000002a208b06d4c: ;   {runtime_call access_field_patching Runtime1 stub}
  0x000002a208b06d4c: 07e8 0e21 

  0x000002a208b06d50: ; ImmutableOopMap {rsi=Oop r8=Oop [64]=Oop }
                      ;*getstatic RenderFrame {reexecute=1 rethrow=0 return_oop=0}
                      ; - (reexecute) com.jme3.app.SimpleApplication::update@175 (line 271)
  0x000002a208b06d50: 0e07 e9f1 

  0x000002a208b06d54: ;   {runtime_call throw_incompatible_class_change_error Runtime1 stub}
  0x000002a208b06d54: f8ff ffe8 

  0x000002a208b06d58: ; ImmutableOopMap {rdx=Oop rsi=Oop r8=Oop [64]=Oop }
                      ;*invokeinterface isRenderable {reexecute=0 rethrow=0 return_oop=0}
                      ; - com.jme3.app.SimpleApplication::update@192 (line 272)
  0x000002a208b06d58: 8407 0e07 

  0x000002a208b06d5c: ;   {runtime_call throw_null_pointer_exception Runtime1 stub}
  0x000002a208b06d5c: e8ff d20d 

  0x000002a208b06d60: ; ImmutableOopMap {rdx=Oop rsi=Oop r8=Oop [64]=Oop }
                      ;*invokeinterface isRenderable {reexecute=0 rethrow=0 return_oop=0}
                      ; - com.jme3.app.SimpleApplication::update@192 (line 272)
                      ;   {metadata({method} {0x000002a26d49d3f8} 'isRenderable' '()Z' in 'com/jme3/system/lwjgl/LwjglContext')}
  0x000002a208b06d60: 0749 baf0 | d349 6da2 | 0200 004c | 8954 2408 | 48c7 0424 | ffff ffff 

  0x000002a208b06d78: ;   {runtime_call counter_overflow Runtime1 stub}
  0x000002a208b06d78: e8e3 3a0e 

  0x000002a208b06d7c: ; ImmutableOopMap {rdx=Oop rsi=Oop r8=Oop [64]=Oop }
                      ;*synchronization entry
                      ; - com.jme3.system.lwjgl.LwjglContext::isRenderable@-1 (line 497)
                      ; - com.jme3.app.SimpleApplication::update@192 (line 272)
  0x000002a208b06d7c: 07e9 f9f9 

  0x000002a208b06d80: ;   {runtime_call throw_null_pointer_exception Runtime1 stub}
  0x000002a208b06d80: ffff e8d9 

  0x000002a208b06d84: ; ImmutableOopMap {rdx=Oop rsi=Oop r8=Oop rdi=Oop [64]=Oop }
                      ;*invokevirtual get {reexecute=0 rethrow=0 return_oop=0}
                      ; - com.jme3.system.lwjgl.LwjglContext::isRenderable@4 (line 497)
                      ; - com.jme3.app.SimpleApplication::update@192 (line 272)
                      ;   {metadata({method} {0x000002a26d16d1c8} 'get' '()Z' in 'java/util/concurrent/atomic/AtomicBoolean')}
  0x000002a208b06d84: d20d 0749 | bac0 d116 | 6da2 0200 | 004c 8954 | 2408 48c7 | 0424 ffff 

  0x000002a208b06d9c: ;   {runtime_call counter_overflow Runtime1 stub}
  0x000002a208b06d9c: ffff e8bd 

  0x000002a208b06da0: ; ImmutableOopMap {rdx=Oop rsi=Oop r8=Oop rdi=Oop [64]=Oop }
                      ;*synchronization entry
                      ; - java.util.concurrent.atomic.AtomicBoolean::get@-1 (line 88)
                      ; - com.jme3.system.lwjgl.LwjglContext::isRenderable@4 (line 497)
                      ; - com.jme3.app.SimpleApplication::update@192 (line 272)
  0x000002a208b06da0: 3a0e 07e9 | 19fa ffff 

  0x000002a208b06da8: ;   {runtime_call throw_null_pointer_exception Runtime1 stub}
  0x000002a208b06da8: e8b3 d20d 

  0x000002a208b06dac: ; ImmutableOopMap {rsi=Oop [64]=Oop }
                      ;*invokevirtual render {reexecute=0 rethrow=0 return_oop=0}
                      ; - com.jme3.app.SimpleApplication::update@197 (line 272)
                      ;   {metadata({method} {0x000002a26d4038a8} 'simpleRender' '(Lcom/jme3/renderer/RenderManager;)V' in 'com/jme3/app/SimpleApplication')}
  0x000002a208b06dac: 0749 baa0 | 3840 6da2 | 0200 004c | 8954 2408 | 48c7 0424 | ffff ffff 

  0x000002a208b06dc4: ;   {runtime_call counter_overflow Runtime1 stub}
  0x000002a208b06dc4: e897 3a0e 

  0x000002a208b06dc8: ; ImmutableOopMap {rdx=Oop rsi=Oop [64]=Oop }
                      ;*synchronization entry
                      ; - com.jme3.app.SimpleApplication::simpleRender@-1 (line 297)
                      ; - com.jme3.app.SimpleApplication::update@205 (line 273)
  0x000002a208b06dc8: 07e9 54fb 

  0x000002a208b06dcc: ;   {runtime_call throw_null_pointer_exception Runtime1 stub}
  0x000002a208b06dcc: ffff e88d 

  0x000002a208b06dd0: ; ImmutableOopMap {rdx=Oop rsi=Oop [64]=Oop }
                      ;*invokevirtual postRender {reexecute=0 rethrow=0 return_oop=0}
                      ; - com.jme3.app.SimpleApplication::update@212 (line 274)
                      ;   {oop(nullptr)}
  0x000002a208b06dd0: d20d 0749 | b800 0000 | 0000 0000 | 0050 5349 | 8b58 1057 | 5652 5141 | 5041 5141 | 5241 5348 
  0x000002a208b06df0: 83ec 2040 | f6c4 0f0f | 8419 0000 | 0048 83ec 

  0x000002a208b06e00: ;   {runtime_call}
  0x000002a208b06e00: 0848 b8b0 | b507 46fe | 7f00 00ff | d048 83c4 | 08e9 0c00 

  0x000002a208b06e14: ;   {runtime_call}
  0x000002a208b06e14: 0000 48b8 | b0b5 0746 | fe7f 0000 | ffd0 4883 | c420 415b | 415a 4159 | 4158 595a | 5e5f 483b 
  0x000002a208b06e34: 8338 0100 | 005b 580f | 850a 0000 | 00e9 64fb | ffff b800 

  0x000002a208b06e48: ;   {runtime_call load_mirror_patching Runtime1 stub}
  0x000002a208b06e48: 786e 0ae8 

  0x000002a208b06e4c: ; ImmutableOopMap {rsi=Oop [64]=Oop }
                      ;*getstatic EndFrame {reexecute=1 rethrow=0 return_oop=0}
                      ; - (reexecute) com.jme3.app.SimpleApplication::update@226 (line 276)
  0x000002a208b06e4c: 1029 0e07 | e94b fbff 

  0x000002a208b06e54: ;   {runtime_call throw_null_pointer_exception Runtime1 stub}
  0x000002a208b06e54: ffe8 06d2 

  0x000002a208b06e58: ; ImmutableOopMap {rsi=Oop r8=Oop [64]=Oop }
                      ;*getstatic EndFrame {reexecute=1 rethrow=0 return_oop=0}
                      ; - (reexecute) com.jme3.app.SimpleApplication::update@226 (line 276)
  0x000002a208b06e58: 0d07 458b | 8000 0000 | 00b8 000c 

  0x000002a208b06e64: ;   {runtime_call access_field_patching Runtime1 stub}
  0x000002a208b06e64: 0507 e8f5 

  0x000002a208b06e68: ; ImmutableOopMap {rsi=Oop r8=Oop [64]=Oop }
                      ;*getstatic EndFrame {reexecute=1 rethrow=0 return_oop=0}
                      ; - (reexecute) com.jme3.app.SimpleApplication::update@226 (line 276)
  0x000002a208b06e68: 1f0e 07e9 | 40fb ffff 

  0x000002a208b06e70: ;   {internal_word}
  0x000002a208b06e70: 49ba e169 | b008 a202 | 0000 4d89 | 9760 0400 

  0x000002a208b06e80: ;   {runtime_call SafepointBlob}
  0x000002a208b06e80: 00e9 5ae5 

  0x000002a208b06e84: ;   {internal_word}
  0x000002a208b06e84: 0007 49ba | f469 b008 | a202 0000 | 4d89 9760 

  0x000002a208b06e94: ;   {runtime_call SafepointBlob}
  0x000002a208b06e94: 0400 00e9 | 44e5 0007 | 498b 8700 | 0500 0049 | c787 0005 | 0000 0000 | 0000 49c7 | 8708 0500 
  0x000002a208b06eb4: 0000 0000 | 0048 83c4 

  0x000002a208b06ebc: ;   {runtime_call unwind_exception Runtime1 stub}
  0x000002a208b06ebc: 605d e91d | b50d 07f4 | f4f4 f4f4 
[Stub Code]
  0x000002a208b06ec8: ;   {no_reloc}
  0x000002a208b06ec8: 0f1f 4400 

  0x000002a208b06ecc: ;   {static_stub}
  0x000002a208b06ecc: 0048 bb00 | 0000 0000 

  0x000002a208b06ed4: ;   {runtime_call nmethod}
  0x000002a208b06ed4: 0000 00e9 | fbff ffff 

  0x000002a208b06edc: ;   {static_stub}
  0x000002a208b06edc: 9048 bb00 | 0000 0000 

  0x000002a208b06ee4: ;   {runtime_call nmethod}
  0x000002a208b06ee4: 0000 00e9 | fbff ffff 

  0x000002a208b06eec: ;   {static_stub}
  0x000002a208b06eec: 9048 bb00 | 0000 0000 

  0x000002a208b06ef4: ;   {runtime_call nmethod}
  0x000002a208b06ef4: 0000 00e9 | fbff ffff 

  0x000002a208b06efc: ;   {static_stub}
  0x000002a208b06efc: 9048 bb10 | 7d43 6da2 

  0x000002a208b06f04: ;   {runtime_call I2C/C2I adapters}
  0x000002a208b06f04: 0200 00e9 | 2b4d 0207 

  0x000002a208b06f0c: ;   {static_stub}
  0x000002a208b06f0c: 9048 bb58 | 1240 6da2 

  0x000002a208b06f14: ;   {runtime_call I2C/C2I adapters}
  0x000002a208b06f14: 0200 00e9 | 1b4d 0207 

  0x000002a208b06f1c: ;   {static_stub}
  0x000002a208b06f1c: 9048 bb00 | 0000 0000 

  0x000002a208b06f24: ;   {runtime_call nmethod}
  0x000002a208b06f24: 0000 00e9 | fbff ffff 

  0x000002a208b06f2c: ;   {static_stub}
  0x000002a208b06f2c: 9048 bb00 | 0000 0000 

  0x000002a208b06f34: ;   {runtime_call nmethod}
  0x000002a208b06f34: 0000 00e9 | fbff ffff 

  0x000002a208b06f3c: ;   {static_stub}
  0x000002a208b06f3c: 9048 bb00 | 0000 0000 

  0x000002a208b06f44: ;   {runtime_call nmethod}
  0x000002a208b06f44: 0000 00e9 | fbff ffff 

  0x000002a208b06f4c: ;   {static_stub}
  0x000002a208b06f4c: 9048 bb00 | 0000 0000 

  0x000002a208b06f54: ;   {runtime_call nmethod}
  0x000002a208b06f54: 0000 00e9 | fbff ffff 

  0x000002a208b06f5c: ;   {static_stub}
  0x000002a208b06f5c: 9048 bb00 | 0000 0000 

  0x000002a208b06f64: ;   {runtime_call nmethod}
  0x000002a208b06f64: 0000 00e9 | fbff ffff 

  0x000002a208b06f6c: ;   {static_stub}
  0x000002a208b06f6c: 9048 bb00 | 0000 0000 

  0x000002a208b06f74: ;   {runtime_call nmethod}
  0x000002a208b06f74: 0000 00e9 | fbff ffff 

  0x000002a208b06f7c: ;   {static_stub}
  0x000002a208b06f7c: 9048 bb00 | 0000 0000 

  0x000002a208b06f84: ;   {runtime_call nmethod}
  0x000002a208b06f84: 0000 00e9 | fbff ffff 

  0x000002a208b06f8c: ;   {static_stub}
  0x000002a208b06f8c: 9048 bb00 | 0000 0000 

  0x000002a208b06f94: ;   {runtime_call nmethod}
  0x000002a208b06f94: 0000 00e9 | fbff ffff 

  0x000002a208b06f9c: ;   {static_stub}
  0x000002a208b06f9c: 9048 bb00 | 0000 0000 

  0x000002a208b06fa4: ;   {runtime_call nmethod}
  0x000002a208b06fa4: 0000 00e9 | fbff ffff 

  0x000002a208b06fac: ;   {static_stub}
  0x000002a208b06fac: 9048 bb60 | 7f43 6da2 

  0x000002a208b06fb4: ;   {runtime_call I2C/C2I adapters}
  0x000002a208b06fb4: 0200 00e9 | f6c1 0007 

  0x000002a208b06fbc: ;   {static_stub}
  0x000002a208b06fbc: 9048 bb00 | 0000 0000 

  0x000002a208b06fc4: ;   {runtime_call nmethod}
  0x000002a208b06fc4: 0000 00e9 | fbff ffff 
[Exception Handler]
  0x000002a208b06fcc: ;   {runtime_call handle_exception_from_callee Runtime1 stub}
  0x000002a208b06fcc: e80f fc0d 

  0x000002a208b06fd0: ;   {external_word}
  0x000002a208b06fd0: 0748 b940 | d5a3 46fe | 7f00 0048 

  0x000002a208b06fdc: ;   {runtime_call}
  0x000002a208b06fdc: 83e4 f048 | b870 4a6a | 46fe 7f00 | 00ff d0f4 
[Deopt Handler Code]
  0x000002a208b06fec: ;   {section_word}
  0x000002a208b06fec: 49ba ec6f | b008 a202 | 0000 4152 

  0x000002a208b06ff8: ;   {runtime_call DeoptimizationBlob}
  0x000002a208b06ff8: e983 d600 | 07f4 f4f4 
[/MachCode]


Compiled method (c1) 19981 3326   !   3       com.jme3.system.lwjgl.LwjglWindow::runLoop (220 bytes)
 total in heap  [0x000002a208b01b88,0x000002a208b03ad8] = 8016
 relocation     [0x000002a208b01c60,0x000002a208b01ee0] = 640
 constants      [0x000002a208b01ee0,0x000002a208b01f00] = 32
 main code      [0x000002a208b01f00,0x000002a208b038b8] = 6584
 stub code      [0x000002a208b038b8,0x000002a208b039b8] = 256
 oops           [0x000002a208b039b8,0x000002a208b039f0] = 56
 metadata       [0x000002a208b039f0,0x000002a208b03ad8] = 232
 immutable data [0x000002a2821a6ce0,0x000002a2821a7578] = 2200
 dependencies   [0x000002a2821a6ce0,0x000002a2821a6d20] = 64
 nul chk table  [0x000002a2821a6d20,0x000002a2821a6d98] = 120
 handler table  [0x000002a2821a6d98,0x000002a2821a6dc8] = 48
 scopes pcs     [0x000002a2821a6dc8,0x000002a2821a7188] = 960
 scopes data    [0x000002a2821a7188,0x000002a2821a7578] = 1008


[Constant Pool]
             Address          hex4                    hex8      
  0x000002a208b01ee0:   0x00000000      0x408f400000000000      
  0x000002a208b01ee4:   0x408f4000                              
  0x000002a208b01ee8:   0x00000000      0x412e848000000000      
  0x000002a208b01eec:   0x412e8480                              
  0x000002a208b01ef0:   0xf4f4f4f4      0xf4f4f4f4f4f4f4f4      
  0x000002a208b01ef4:   0xf4f4f4f4                              
  0x000002a208b01ef8:   0xf4f4f4f4      0xf4f4f4f4f4f4f4f4      
  0x000002a208b01efc:   0xf4f4f4f4                              

[MachCode]
[Instructions begin]
  0x000002a208b01f00: ;   {no_reloc}
  0x000002a208b01f00: 6666 660f | 1f84 0000 | 0000 0066 | 6666 9066 | 6690 448b | 5208 443b 

  0x000002a208b01f18: ;   {runtime_call ic_miss_stub}
  0x000002a208b01f18: 5008 0f85 | c0c5 0007 
[Verified Entry Point]
  0x000002a208b01f20: 8984 2400 | 80ff ff55 | 4881 ec40 | 0100 0090 | 4181 7f20 | 0100 0000 

  0x000002a208b01f38: ;   {runtime_call StubRoutines (final stubs)}
  0x000002a208b01f38: 7405 e801 | 58ff 0648 | 8994 24e0 

  0x000002a208b01f44: ;   {metadata(method data for {method} {0x000002a26d497f20} 'runLoop' '()V' in 'com/jme3/system/lwjgl/LwjglWindow')}
  0x000002a208b01f44: 0000 0048 | be08 70e3 | 6da2 0200 | 008b becc | 0000 0083 | c702 89be | cc00 0000 | 81e7 fe07 
  0x000002a208b01f64: 0000 85ff | 0f84 fe15 | 0000 8b5a | 5448 c1e3 | 0348 899c | 2420 0100 | 0048 3b03 

  0x000002a208b01f80: ;   {metadata(method data for {method} {0x000002a26d497f20} 'runLoop' '()V' in 'com/jme3/system/lwjgl/LwjglWindow')}
  0x000002a208b01f80: 488b f348 | bf08 70e3 | 6da2 0200 | 0048 8387 | 1801 0000 

  0x000002a208b01f94: ;   {metadata(method data for {method} {0x000002a26d16d840} 'getAndSet' '(Z)Z' in 'java/util/concurrent/atomic/AtomicBoolean')}
  0x000002a208b01f94: 0148 beb8 | ddd6 6da2 | 0200 008b | becc 0000 | 0083 c702 | 89be cc00 | 0000 81e7 | feff 1f00 
  0x000002a208b01fb4: 85ff 0f84 | d615 0000 

  0x000002a208b01fbc: ;   {metadata(method data for {method} {0x000002a26d16d840} 'getAndSet' '(Z)Z' in 'java/util/concurrent/atomic/AtomicBoolean')}
  0x000002a208b01fbc: 48be b8dd | d66d a202 | 0000 ff86 | 1801 0000 

  0x000002a208b01fcc: ;   {metadata(method data for {method} {0x000002a26d16d840} 'getAndSet' '(Z)Z' in 'java/util/concurrent/atomic/AtomicBoolean')}
  0x000002a208b01fcc: 48be b8dd | d66d a202 | 0000 488d | b680 0100 

  0x000002a208b01fdc: ;   {metadata('java/util/concurrent/atomic/AtomicBoolean')}
  0x000002a208b01fdc: 0048 bf48 | d305 2da2 | 0200 0048 | 337e 0848 | f7c7 fcff | ffff 7404 | 4889 7e08 

  0x000002a208b01ff8: ;   {metadata(method data for {method} {0x000002a26d16d840} 'getAndSet' '(Z)Z' in 'java/util/concurrent/atomic/AtomicBoolean')}
  0x000002a208b01ff8: 48be b8dd | d66d a202 | 0000 4883 | 8650 0100 

  0x000002a208b02008: ;   {metadata(method data for {method} {0x000002a22c263048} 'guard_LI_I' '(Ljava/lang/invoke/VarHandle;Ljava/lang/Object;ILjava/lang/invoke/VarHandle$AccessDescriptor;)I' in 'java/lang/invoke/VarHandleGuards')}
  0x000002a208b02008: 0001 48be | 80bc 0c6d | a202 0000 | 8bbe cc00 | 0000 83c7 | 0289 becc | 0000 0081 | e7fe ff1f 
  0x000002a208b02028: 0085 ff0f | 8482 1500 

  0x000002a208b02030: ;   {oop(a 'java/lang/invoke/VarHandleInts$FieldInstanceReadWrite'{0x0000000404949de0})}
  0x000002a208b02030: 0048 bee0 | 9d94 0404 

  0x000002a208b02038: ;   {metadata(method data for {method} {0x000002a22c263048} 'guard_LI_I' '(Ljava/lang/invoke/VarHandle;Ljava/lang/Object;ILjava/lang/invoke/VarHandle$AccessDescriptor;)I' in 'java/lang/invoke/VarHandleGuards')}
  0x000002a208b02038: 0000 0048 | bf80 bc0c | 6da2 0200 | 008b 7608 | 49ba 0000 | 002c a202 | 0000 4903 | f248 3bb7 
  0x000002a208b02058: 2001 0000 | 750d 4883 | 8728 0100 | 0001 e960 | 0000 0048 | 3bb7 3001 | 0000 750d | 4883 8738 
  0x000002a208b02078: 0100 0001 | e94a 0000 | 0048 83bf | 2001 0000 | 0075 1748 | 89b7 2001 | 0000 48c7 | 8728 0100 
  0x000002a208b02098: 0001 0000 | 00e9 2900 | 0000 4883 | bf30 0100 | 0000 7517 | 4889 b730 | 0100 0048 | c787 3801 
  0x000002a208b020b8: 0000 0100 | 0000 e908 | 0000 0048 | 8387 1801 

  0x000002a208b020c8: ;   {metadata(method data for {method} {0x000002a22c1ce110} 'checkAccessModeThenIsDirect' '(Ljava/lang/invoke/VarHandle$AccessDescriptor;)Z' in 'java/lang/invoke/VarHandle')}
  0x000002a208b020c8: 0000 0148 | be48 c00c | 6da2 0200 | 008b becc | 0000 0083 | c702 89be | cc00 0000 | 81e7 feff 
  0x000002a208b020e8: 1f00 85ff | 0f84 e214 

  0x000002a208b020f0: ;   {metadata(method data for {method} {0x000002a22c1ce110} 'checkAccessModeThenIsDirect' '(Ljava/lang/invoke/VarHandle$AccessDescriptor;)Z' in 'java/lang/invoke/VarHandle')}
  0x000002a208b020f0: 0000 48be | 48c0 0c6d | a202 0000 | ff86 1801 

  0x000002a208b02100: ;   {metadata(method data for {method} {0x000002a22c263048} 'guard_LI_I' '(Ljava/lang/invoke/VarHandle;Ljava/lang/Object;ILjava/lang/invoke/VarHandle$AccessDescriptor;)I' in 'java/lang/invoke/VarHandleGuards')}
  0x000002a208b02100: 0000 48be | 80bc 0c6d | a202 0000 | ff86 7001 

  0x000002a208b02110: ;   {metadata(method data for {method} {0x000002a22c263048} 'guard_LI_I' '(Ljava/lang/invoke/VarHandle;Ljava/lang/Object;ILjava/lang/invoke/VarHandle$AccessDescriptor;)I' in 'java/lang/invoke/VarHandleGuards')}
  0x000002a208b02110: 0000 48be | 80bc 0c6d | a202 0000 | ff86 9001 

  0x000002a208b02120: ;   {oop(a 'java/lang/invoke/VarForm'{0x0000000404949e08})}
  0x000002a208b02120: 0000 48be | 089e 9404 | 0400 0000 

  0x000002a208b0212c: ;   {metadata(method data for {method} {0x000002a22c263048} 'guard_LI_I' '(Ljava/lang/invoke/VarHandle;Ljava/lang/Object;ILjava/lang/invoke/VarHandle$AccessDescriptor;)I' in 'java/lang/invoke/VarHandleGuards')}
  0x000002a208b0212c: 48bf 80bc | 0c6d a202 | 0000 4883 | 87a0 0100 

  0x000002a208b0213c: ;   {metadata(method data for {method} {0x000002a22c2628d8} 'getMemberName' '(I)Ljava/lang/invoke/MemberName;' in 'java/lang/invoke/VarForm')}
  0x000002a208b0213c: 0001 48be | 48c2 0c6d | a202 0000 | 8bbe cc00 | 0000 83c7 | 0289 becc | 0000 0081 | e7fe ff1f 
  0x000002a208b0215c: 0085 ff0f | 8490 1400 

  0x000002a208b02164: ;   {metadata(method data for {method} {0x000002a22c2628d8} 'getMemberName' '(I)Ljava/lang/invoke/MemberName;' in 'java/lang/invoke/VarForm')}
  0x000002a208b02164: 0048 be48 | c20c 6da2 | 0200 00ff | 8618 0100 

  0x000002a208b02174: ;   {metadata(method data for {method} {0x000002a22c263048} 'guard_LI_I' '(Ljava/lang/invoke/VarHandle;Ljava/lang/Object;ILjava/lang/invoke/VarHandle$AccessDescriptor;)I' in 'java/lang/invoke/VarHandleGuards')}
  0x000002a208b02174: 0048 be80 | bc0c 6da2 | 0200 0048 | 8386 e001 

  0x000002a208b02184: ;   {metadata(method data for {method} {0x000002a26d170460} 'getAndSet' '(Ljava/lang/invoke/VarHandle;Ljava/lang/Object;I)I' in 'java/lang/invoke/VarHandleInts$FieldInstanceReadWrite')}
  0x000002a208b02184: 0000 0148 | bed0 dfd6 | 6da2 0200 | 008b becc | 0000 0083 | c702 89be | cc00 0000 | 81e7 feff 
  0x000002a208b021a4: 1f00 85ff | 0f84 6814 

  0x000002a208b021ac: ;   {oop(a 'java/lang/Class'{0x0000000404949d60} = 'java/util/concurrent/atomic/AtomicBoolean')}
  0x000002a208b021ac: 0000 48be | 609d 9404 | 0400 0000 

  0x000002a208b021b8: ;   {metadata(method data for {method} {0x000002a26d170460} 'getAndSet' '(Ljava/lang/invoke/VarHandle;Ljava/lang/Object;I)I' in 'java/lang/invoke/VarHandleInts$FieldInstanceReadWrite')}
  0x000002a208b021b8: 48bf d0df | d66d a202 | 0000 4883 | 8748 0100 

  0x000002a208b021c8: ;   {metadata(method data for {method} {0x000002a22c498490} 'cast' '(Ljava/lang/Object;)Ljava/lang/Object;' in 'java/lang/Class')}
  0x000002a208b021c8: 0001 48be | a870 176d | a202 0000 | 8bbe cc00 | 0000 83c7 | 0289 becc | 0000 0081 | e7fe ff1f 
  0x000002a208b021e8: 0085 ff0f | 8446 1400 | 0048 85db 

  0x000002a208b021f4: ;   {metadata(method data for {method} {0x000002a22c498490} 'cast' '(Ljava/lang/Object;)Ljava/lang/Object;' in 'java/lang/Class')}
  0x000002a208b021f4: 48be a870 | 176d a202 | 0000 bf18 | 0100 0074 | 05bf 2801 | 0000 488b | 043e 488d | 4001 4889 
  0x000002a208b02214: 043e 0f84 | 8200 0000 

  0x000002a208b0221c: ;   {oop(a 'java/lang/Class'{0x0000000404949d60} = 'java/util/concurrent/atomic/AtomicBoolean')}
  0x000002a208b0221c: 48be 609d | 9404 0400 

  0x000002a208b02224: ;   {metadata(method data for {method} {0x000002a22c498490} 'cast' '(Ljava/lang/Object;)Ljava/lang/Object;' in 'java/lang/Class')}
  0x000002a208b02224: 0000 48bf | a870 176d | a202 0000 | 4883 8738 | 0100 0001 | 4885 db0f | 8429 0000 

  0x000002a208b02240: ;   {metadata('java/util/concurrent/atomic/AtomicBoolean')}
  0x000002a208b02240: 0048 b948 | d305 2da2 | 0200 008b | 4308 49ba | 0000 002c | a202 0000 | 4903 c248 | 3b48 380f 
  0x000002a208b02260: 8505 0000 | 00e9 0500 | 0000 4833 | f6eb 05be | 0100 0000 

  0x000002a208b02274: ;   {metadata(method data for {method} {0x000002a22c498490} 'cast' '(Ljava/lang/Object;)Ljava/lang/Object;' in 'java/lang/Class')}
  0x000002a208b02274: 85f6 48be | a870 176d | a202 0000 | bf78 0100 | 0074 05bf | 6801 0000 | 488b 043e | 488d 4001 
  0x000002a208b02294: 4889 043e | 0f84 ee11 

  0x000002a208b0229c: ;   {metadata(method data for {method} {0x000002a26d170460} 'getAndSet' '(Ljava/lang/invoke/VarHandle;Ljava/lang/Object;I)I' in 'java/lang/invoke/VarHandleInts$FieldInstanceReadWrite')}
  0x000002a208b0229c: 0000 48be | d0df d66d | a202 0000 | 4883 8678 | 0100 0001 

  0x000002a208b022b0: ;   {metadata(method data for {method} {0x000002a22c44a3e0} 'requireNonNull' '(Ljava/lang/Object;)Ljava/lang/Object;' in 'java/util/Objects')}
  0x000002a208b022b0: 48be f888 | 016d a202 | 0000 8bbe | cc00 0000 | 83c7 0289 | becc 0000 | 0081 e7fe | ff1f 0085 
  0x000002a208b022d0: ff0f 8481 | 1300 0048 

  0x000002a208b022d8: ;   {metadata(method data for {method} {0x000002a22c44a3e0} 'requireNonNull' '(Ljava/lang/Object;)Ljava/lang/Object;' in 'java/util/Objects')}
  0x000002a208b022d8: 85db 48be | f888 016d | a202 0000 | bf28 0100 | 0074 05bf | 1801 0000 | 488b 043e | 488d 4001 
  0x000002a208b022f8: 4889 043e | 0f84 e210 | 0000 488d | 730c bf00 | 0000 0087 

  0x000002a208b0230c: ;   {metadata(method data for {method} {0x000002a26d16d840} 'getAndSet' '(Z)Z' in 'java/util/concurrent/atomic/AtomicBoolean')}
  0x000002a208b0230c: 3e85 ff48 | beb8 ddd6 | 6da2 0200 | 00bf 9801 | 0000 7405 | bfa8 0100 | 0048 8b1c | 3e48 8d5b 
  0x000002a208b0232c: 0148 891c | 3e0f 841a 

  0x000002a208b02334: ;   {metadata(method data for {method} {0x000002a26d16d840} 'getAndSet' '(Z)Z' in 'java/util/concurrent/atomic/AtomicBoolean')}
  0x000002a208b02334: 0000 0048 | beb8 ddd6 | 6da2 0200 | 00ff 86b8 | 0100 00be | 0100 0000 | e905 0000 | 00be 0000 
  0x000002a208b02354: 0000 83e6 

  0x000002a208b02358: ;   {metadata(method data for {method} {0x000002a26d497f20} 'runLoop' '()V' in 'com/jme3/system/lwjgl/LwjglWindow')}
  0x000002a208b02358: 0185 f648 | be08 70e3 | 6da2 0200 | 00bf 4801 | 0000 7405 | bf58 0100 | 0048 8b1c | 3e48 8d5b 
  0x000002a208b02378: 0148 891c | 3e0f 8431 | 0000 0048 

  0x000002a208b02384: ;   {metadata(method data for {method} {0x000002a26d497f20} 'runLoop' '()V' in 'com/jme3/system/lwjgl/LwjglWindow')}
  0x000002a208b02384: 8bf2 48bf | 0870 e36d | a202 0000 | 4883 8768 | 0100 0001 | 488b f248 

  0x000002a208b0239c: ;   {optimized virtual_call}
  0x000002a208b0239c: 8bd6 90e8 

  0x000002a208b023a0: ; ImmutableOopMap {[224]=Oop }
                      ;*invokespecial restartContext {reexecute=0 rethrow=0 return_oop=0}
                      ; - com.jme3.system.lwjgl.LwjglWindow::runLoop@12 (line 523)
  0x000002a208b023a0: 3cc4 0007 

  0x000002a208b023a4: ;   {other}
  0x000002a208b023a4: 0f1f 8400 | 1c08 0000 | 488b 9424 | e000 0000 | 8b72 1048 | c1e6 0348 | 3b06 488b 

  0x000002a208b023c0: ;   {metadata(method data for {method} {0x000002a26d497f20} 'runLoop' '()V' in 'com/jme3/system/lwjgl/LwjglWindow')}
  0x000002a208b023c0: fe48 bb08 | 70e3 6da2 | 0200 0048 | 8383 7801 

  0x000002a208b023d0: ;   {metadata(method data for {method} {0x000002a26d16d1c8} 'get' '()Z' in 'java/util/concurrent/atomic/AtomicBoolean')}
  0x000002a208b023d0: 0000 0148 | bfb0 4ed6 | 6da2 0200 | 008b 9fcc | 0000 0083 | c302 899f | cc00 0000 | 81e3 feff 
  0x000002a208b023f0: 1f00 85db | 0f84 8412 | 0000 8b76 

  0x000002a208b023fc: ;   {metadata(method data for {method} {0x000002a26d16d1c8} 'get' '()Z' in 'java/util/concurrent/atomic/AtomicBoolean')}
  0x000002a208b023fc: 0c85 f648 | beb0 4ed6 | 6da2 0200 | 00bf 1801 | 0000 7405 | bf28 0100 | 0048 8b1c | 3e48 8d5b 
  0x000002a208b0241c: 0148 891c | 3e0f 841a 

  0x000002a208b02424: ;   {metadata(method data for {method} {0x000002a26d16d1c8} 'get' '()Z' in 'java/util/concurrent/atomic/AtomicBoolean')}
  0x000002a208b02424: 0000 0048 | beb0 4ed6 | 6da2 0200 | 00ff 8638 | 0100 00be | 0100 0000 | e905 0000 | 00be 0000 
  0x000002a208b02444: 0000 83e6 

  0x000002a208b02448: ;   {metadata(method data for {method} {0x000002a26d497f20} 'runLoop' '()V' in 'com/jme3/system/lwjgl/LwjglWindow')}
  0x000002a208b02448: 0185 f648 | be08 70e3 | 6da2 0200 | 00bf b801 | 0000 7405 | bfa8 0100 | 0048 8b1c | 3e48 8d5b 
  0x000002a208b02468: 0148 891c | 3e0f 84bf | 0e00 008b | 7230 48c1 | e603 483b | 0648 8bfe 

  0x000002a208b02480: ;   {metadata(method data for {method} {0x000002a26d497f20} 'runLoop' '()V' in 'com/jme3/system/lwjgl/LwjglWindow')}
  0x000002a208b02480: 48bb 0870 | e36d a202 | 0000 8b7f | 0849 ba00 | 0000 2ca2 | 0200 0049 | 03fa 483b | bbe0 0100 
  0x000002a208b024a0: 0075 0d48 | 8383 e801 | 0000 01e9 | 6000 0000 | 483b bbf0 | 0100 0075 | 0d48 8383 | f801 0000 
  0x000002a208b024c0: 01e9 4a00 | 0000 4883 | bbe0 0100 | 0000 7517 | 4889 bbe0 | 0100 0048 | c783 e801 | 0000 0100 
  0x000002a208b024e0: 0000 e929 | 0000 0048 | 83bb f001 | 0000 0075 | 1748 89bb | f001 0000 | 48c7 83f8 | 0100 0001 
  0x000002a208b02500: 0000 00e9 | 0800 0000 | 4883 83d8 | 0100 0001 | 488b d666 | 9048 b810 | 8d79 72a2 

  0x000002a208b0251c: ;   {virtual_call}
  0x000002a208b0251c: 0200 00e8 

  0x000002a208b02520: ; ImmutableOopMap {[224]=Oop }
                      ;*invokeinterface update {reexecute=0 rethrow=0 return_oop=0}
                      ; - com.jme3.system.lwjgl.LwjglWindow::runLoop@37 (line 530)
  0x000002a208b02520: ce39 0000 

  0x000002a208b02524: ;   {other}
  0x000002a208b02524: 0f1f 8400 | 9c09 0001 | 488b 9424 | e000 0000 | 8b72 1448 | c1e6 0348 | 3b06 488b 

  0x000002a208b02540: ;   {metadata(method data for {method} {0x000002a26d497f20} 'runLoop' '()V' in 'com/jme3/system/lwjgl/LwjglWindow')}
  0x000002a208b02540: fe48 bb08 | 70e3 6da2 | 0200 0048 | 8383 0802 

  0x000002a208b02550: ;   {metadata(method data for {method} {0x000002a26d16d1c8} 'get' '()Z' in 'java/util/concurrent/atomic/AtomicBoolean')}
  0x000002a208b02550: 0000 0148 | bfb0 4ed6 | 6da2 0200 | 008b 9fcc | 0000 0083 | c302 899f | cc00 0000 | 81e3 feff 
  0x000002a208b02570: 1f00 85db | 0f84 2f11 | 0000 8b76 

  0x000002a208b0257c: ;   {metadata(method data for {method} {0x000002a26d16d1c8} 'get' '()Z' in 'java/util/concurrent/atomic/AtomicBoolean')}
  0x000002a208b0257c: 0c85 f648 | beb0 4ed6 | 6da2 0200 | 00bf 1801 | 0000 7405 | bf28 0100 | 0048 8b1c | 3e48 8d5b 
  0x000002a208b0259c: 0148 891c | 3e0f 841a 

  0x000002a208b025a4: ;   {metadata(method data for {method} {0x000002a26d16d1c8} 'get' '()Z' in 'java/util/concurrent/atomic/AtomicBoolean')}
  0x000002a208b025a4: 0000 0048 | beb0 4ed6 | 6da2 0200 | 00ff 8638 | 0100 00be | 0100 0000 | e905 0000 | 00be 0000 
  0x000002a208b025c4: 0000 83e6 

  0x000002a208b025c8: ;   {metadata(method data for {method} {0x000002a26d497f20} 'runLoop' '()V' in 'com/jme3/system/lwjgl/LwjglWindow')}
  0x000002a208b025c8: 0185 f648 | be08 70e3 | 6da2 0200 | 00bf 3802 | 0000 7405 | bf48 0200 | 0048 8b1c | 3e48 8d5b 
  0x000002a208b025e8: 0148 891c | 3e0f 84c9 | 0100 000f | be72 4e85 

  0x000002a208b025f8: ;   {metadata(method data for {method} {0x000002a26d497f20} 'runLoop' '()V' in 'com/jme3/system/lwjgl/LwjglWindow')}
  0x000002a208b025f8: f648 be08 | 70e3 6da2 | 0200 00bf | 5802 0000 | 7405 bf68 | 0200 0048 | 8b1c 3e48 | 8d5b 0148 
  0x000002a208b02618: 891c 3e0f | 845b 0000 | 000f be72 

  0x000002a208b02624: ;   {metadata(method data for {method} {0x000002a26d497f20} 'runLoop' '()V' in 'com/jme3/system/lwjgl/LwjglWindow')}
  0x000002a208b02624: 4d85 f648 | be08 70e3 | 6da2 0200 | 00bf 7802 | 0000 7405 | bf88 0200 | 0048 8b1c | 3e48 8d5b 
  0x000002a208b02644: 0148 891c | 3e0f 842d | 0000 0048 

  0x000002a208b02650: ;   {metadata(method data for {method} {0x000002a26d497f20} 'runLoop' '()V' in 'com/jme3/system/lwjgl/LwjglWindow')}
  0x000002a208b02650: 8b72 4048 | bf08 70e3 | 6da2 0200 | 0048 8387 | 9802 0000 | 0148 8bd6 | 0f1f 8000 

  0x000002a208b0266c: ;   {static_call}
  0x000002a208b0266c: 0000 00e8 

  0x000002a208b02670: ; ImmutableOopMap {[224]=Oop }
                      ;*invokestatic glfwSwapBuffers {reexecute=0 rethrow=0 return_oop=0}
                      ; - com.jme3.system.lwjgl.LwjglWindow::runLoop@70 (line 539)
  0x000002a208b02670: 6c52 0300 

  0x000002a208b02674: ;   {other}
  0x000002a208b02674: 0f1f 8400 | ec0a 0002 

  0x000002a208b0267c: ;   {metadata(method data for {method} {0x000002a26d497f20} 'runLoop' '()V' in 'com/jme3/system/lwjgl/LwjglWindow')}
  0x000002a208b0267c: 48b8 0870 | e36d a202 | 0000 ff80 | a802 0000 | 488b 9424 | e000 0000 | e923 0100 | 0048 8b94 
  0x000002a208b0269c: 24e0 0000 | 0049 8b87 | 0005 0000 | 4d33 d24d | 8997 0005 | 0000 4d33 | d24d 8997 | 0805 0000 
  0x000002a208b026bc: 8b72 3048 | c1e6 0348 | 85f6 0f84 | 2900 0000 

  0x000002a208b026cc: ;   {metadata('com/jme3/app/LegacyApplication')}
  0x000002a208b026cc: 48bb 0010 | 002d a202 | 0000 8b7e | 0849 ba00 | 0000 2ca2 | 0200 0049 | 03fa 483b | 5f38 0f85 
  0x000002a208b026ec: da0f 0000 | e900 0000 | 004c 8bc6 

  0x000002a208b026f8: ; implicit exception: dispatches to 0x000002a208b036cf
  0x000002a208b026f8: 483b 064c 

  0x000002a208b026fc: ;   {metadata(method data for {method} {0x000002a26d497f20} 'runLoop' '()V' in 'com/jme3/system/lwjgl/LwjglWindow')}
  0x000002a208b026fc: 8bc6 49b9 | 0870 e36d | a202 0000 | 458b 4008 | 49ba 0000 | 002c a202 | 0000 4d03 | c24d 3b81 
  0x000002a208b0271c: c802 0000 | 750d 4983 | 81d0 0200 | 0001 e960 | 0000 004d | 3b81 d802 | 0000 750d | 4983 81e0 
  0x000002a208b0273c: 0200 0001 | e94a 0000 | 0049 83b9 | c802 0000 | 0075 174d | 8981 c802 | 0000 49c7 | 81d0 0200 
  0x000002a208b0275c: 0001 0000 | 00e9 2900 | 0000 4983 | b9d8 0200 | 0000 7517 | 4d89 81d8 | 0200 0049 | c781 e002 
  0x000002a208b0277c: 0000 0100 | 0000 e908 | 0000 0049 | 8381 c002 

  0x000002a208b0278c: ;   {oop("Error while swapping buffers"{0x000000044367ddf0})}
  0x000002a208b0278c: 0000 0149 | b8f0 dd67 | 4304 0000 | 004c 8bc8 | 488b d648 | 8984 24e8 

  0x000002a208b027a4: ;   {optimized virtual_call}
  0x000002a208b027a4: 0000 00e8 

  0x000002a208b027a8: ; ImmutableOopMap {[224]=Oop [232]=Oop }
                      ;*invokeinterface handleError {reexecute=0 rethrow=0 return_oop=0}
                      ; - com.jme3.system.lwjgl.LwjglWindow::runLoop@84 (line 542)
  0x000002a208b027a8: 34c0 0007 

  0x000002a208b027ac: ;   {other}
  0x000002a208b027ac: 0f1f 8400 | 240c 0003 | 488b 9424 | e000 0000 | 8b72 2c48 | c1e6 0348 

  0x000002a208b027c4: ;   {metadata(method data for {method} {0x000002a26d497f20} 'runLoop' '()V' in 'com/jme3/system/lwjgl/LwjglWindow')}
  0x000002a208b027c4: 85f6 48bf | 0870 e36d | a202 0000 | bbf0 0200 | 0074 05bb | 0003 0000 | 488b 041f | 488d 4001 
  0x000002a208b027e4: 4889 041f | 0f84 be00 | 0000 483b | 0648 8bfe 

  0x000002a208b027f4: ;   {metadata(method data for {method} {0x000002a26d497f20} 'runLoop' '()V' in 'com/jme3/system/lwjgl/LwjglWindow')}
  0x000002a208b027f4: 48bb 0870 | e36d a202 | 0000 8b7f | 0849 ba00 | 0000 2ca2 | 0200 0049 | 03fa 483b | bb18 0300 
  0x000002a208b02814: 0075 0d48 | 8383 2003 | 0000 01e9 | 6000 0000 | 483b bb28 | 0300 0075 | 0d48 8383 | 3003 0000 
  0x000002a208b02834: 01e9 4a00 | 0000 4883 | bb18 0300 | 0000 7517 | 4889 bb18 | 0300 0048 | c783 2003 | 0000 0100 
  0x000002a208b02854: 0000 e929 | 0000 0048 | 83bb 2803 | 0000 0075 | 1748 89bb | 2803 0000 | 48c7 8330 | 0300 0001 
  0x000002a208b02874: 0000 00e9 | 0800 0000 | 4883 8310 | 0300 0001 | 488b d666 | 0f1f 4400 | 0048 b838 | 8d79 72a2 
  0x000002a208b02894: ;   {virtual_call}
  0x000002a208b02894: 0200 00e8 

  0x000002a208b02898: ; ImmutableOopMap {[224]=Oop }
                      ;*invokeinterface postFrame {reexecute=0 rethrow=0 return_oop=0}
                      ; - com.jme3.system.lwjgl.LwjglWindow::runLoop@100 (line 549)
  0x000002a208b02898: 5677 0000 

  0x000002a208b0289c: ;   {other}
  0x000002a208b0289c: 0f1f 8400 | 140d 0004 | 488b 9424 | e000 0000 | 440f be42 | 4d45 85c0 

  0x000002a208b028b4: ;   {metadata(method data for {method} {0x000002a26d497f20} 'runLoop' '()V' in 'com/jme3/system/lwjgl/LwjglWindow')}
  0x000002a208b028b4: 49b8 0870 | e36d a202 | 0000 be40 | 0300 0074 | 05be 5003 | 0000 498b | 3c30 488d | 7f01 4989 
  0x000002a208b028d4: 3c30 0f84 | 9e07 0000 | 8b72 484c 

  0x000002a208b028e0: ;   {metadata(method data for {method} {0x000002a26d497f20} 'runLoop' '()V' in 'com/jme3/system/lwjgl/LwjglWindow')}
  0x000002a208b028e0: 8bc2 48bf | 0870 e36d | a202 0000 | 458b 4008 | 49ba 0000 | 002c a202 | 0000 4d03 | c24c 3b87 
  0x000002a208b02900: 6803 0000 | 750d 4883 | 8770 0300 | 0001 e960 | 0000 004c | 3b87 7803 | 0000 750d | 4883 8780 
  0x000002a208b02920: 0300 0001 | e94a 0000 | 0048 83bf | 6803 0000 | 0075 174c | 8987 6803 | 0000 48c7 | 8770 0300 
  0x000002a208b02940: 0001 0000 | 00e9 2900 | 0000 4883 | bf78 0300 | 0000 7517 | 4c89 8778 | 0300 0048 | c787 8003 
  0x000002a208b02960: 0000 0100 | 0000 e908 | 0000 0048 | 8387 6003 | 0000 018b | 7a18 48c1 | e703 483b | 074c 8bc7 
  0x000002a208b02980: ;   {metadata(method data for {method} {0x000002a26d497f20} 'runLoop' '()V' in 'com/jme3/system/lwjgl/LwjglWindow')}
  0x000002a208b02980: 48bb 0870 | e36d a202 | 0000 4883 | 8390 0300 

  0x000002a208b02990: ;   {metadata(method data for {method} {0x000002a26d468118} 'getFrameRate' '()I' in 'com/jme3/system/AppSettings')}
  0x000002a208b02990: 0001 49b8 | 007b e36d | a202 0000 | 418b 98cc | 0000 0083 | c302 4189 | 98cc 0000 | 0081 e3fe 
  0x000002a208b029b0: ff1f 0085 | db0f 8423 | 0d00 004c 

  0x000002a208b029bc: ;   {metadata(method data for {method} {0x000002a26d468118} 'getFrameRate' '()I' in 'com/jme3/system/AppSettings')}
  0x000002a208b029bc: 8bc7 48bb | 007b e36d | a202 0000 | 4883 8318 | 0100 0001 

  0x000002a208b029d0: ;   {metadata(method data for {method} {0x000002a26d466318} 'getInteger' '(Ljava/lang/String;)I' in 'com/jme3/system/AppSettings')}
  0x000002a208b029d0: 49b8 a851 | e36d a202 | 0000 418b | 98cc 0000 | 0083 c302 | 4189 98cc | 0000 0081 | e3fe ff1f 
  0x000002a208b029f0: 0085 db0f | 8406 0d00 | 004c 8bc7 

  0x000002a208b029fc: ;   {metadata(method data for {method} {0x000002a26d466318} 'getInteger' '(Ljava/lang/String;)I' in 'com/jme3/system/AppSettings')}
  0x000002a208b029fc: 48bb a851 | e36d a202 | 0000 458b | 4008 49ba | 0000 002c | a202 0000 | 4d03 c24c | 3b83 2001 
  0x000002a208b02a1c: 0000 750d | 4883 8328 | 0100 0001 | e960 0000 | 004c 3b83 | 3001 0000 | 750d 4883 | 8338 0100 
  0x000002a208b02a3c: 0001 e94a | 0000 0048 | 83bb 2001 | 0000 0075 | 174c 8983 | 2001 0000 | 48c7 8328 | 0100 0001 
  0x000002a208b02a5c: 0000 00e9 | 2900 0000 | 4883 bb30 | 0100 0000 | 7517 4c89 | 8330 0100 | 0048 c783 | 3801 0000 
  0x000002a208b02a7c: 0100 0000 | e908 0000 | 0048 8383 | 1801 0000 

  0x000002a208b02a8c: ;   {metadata(method data for {method} {0x000002a22c1c7650} 'get' '(Ljava/lang/Object;)Ljava/lang/Object;' in 'java/util/HashMap')}
  0x000002a208b02a8c: 0149 b800 | da02 6da2 | 0200 0041 | 8b98 cc00 | 0000 83c3 | 0241 8998 | cc00 0000 | 81e3 feff 
  0x000002a208b02aac: 1f00 85db | 0f84 6a0c | 0000 4c8b 

  0x000002a208b02ab8: ;   {metadata(method data for {method} {0x000002a22c1c7650} 'get' '(Ljava/lang/Object;)Ljava/lang/Object;' in 'java/util/HashMap')}
  0x000002a208b02ab8: c748 bb00 | da02 6da2 | 0200 0048 | 8383 1801 

  0x000002a208b02ac8: ;   {oop("FrameRate"{0x00000004048e0cb0})}
  0x000002a208b02ac8: 0000 0149 | b8b0 0c8e | 0404 0000 | 0048 8bd7 | 4889 bc24 | f800 0000 | 89b4 24f0 

  0x000002a208b02ae4: ;   {optimized virtual_call}
  0x000002a208b02ae4: 0000 00e8 

  0x000002a208b02ae8: ; ImmutableOopMap {[224]=Oop [248]=Oop }
                      ;*invokevirtual getNode {reexecute=0 rethrow=0 return_oop=0}
                      ; - java.util.HashMap::get@2 (line 565)
                      ; - com.jme3.system.AppSettings::getInteger@2 (line 485)
                      ; - com.jme3.system.AppSettings::getFrameRate@3 (line 917)
                      ; - com.jme3.system.lwjgl.LwjglWindow::runLoop@120 (line 553)
  0x000002a208b02ae8: 8497 7507 

  0x000002a208b02aec: ;   {other}
  0x000002a208b02aec: 0f1f 8400 | 640f 0005 

  0x000002a208b02af4: ;   {metadata(method data for {method} {0x000002a22c1c7650} 'get' '(Ljava/lang/Object;)Ljava/lang/Object;' in 'java/util/HashMap')}
  0x000002a208b02af4: 4885 c049 | b800 da02 | 6da2 0200 | 00ba 4801 | 0000 7505 | ba58 0100 | 0049 8b34 | 1048 8d76 
  0x000002a208b02b14: 0149 8934 | 100f 8520 

  0x000002a208b02b1c: ;   {metadata(method data for {method} {0x000002a22c1c7650} 'get' '(Ljava/lang/Object;)Ljava/lang/Object;' in 'java/util/HashMap')}
  0x000002a208b02b1c: 0000 0049 | b800 da02 | 6da2 0200 | 0041 ff80 | 6801 0000 

  0x000002a208b02b30: ;   {oop(nullptr)}
  0x000002a208b02b30: 49b8 0000 | 0000 0000 | 0000 e908 | 0000 0044 | 8b40 1449 | c1e0 034d 

  0x000002a208b02b48: ;   {metadata(method data for {method} {0x000002a26d466318} 'getInteger' '(Ljava/lang/String;)I' in 'com/jme3/system/AppSettings')}
  0x000002a208b02b48: 85c0 48be | a851 e36d | a202 0000 | 750c 808e | 4101 0000 | 01e9 b000 | 0000 418b | 7808 49ba 
  0x000002a208b02b68: 0000 002c | a202 0000 | 4903 fa48 | 3bbe 5001 | 0000 750d | 4883 8658 | 0100 0001 | e960 0000 
  0x000002a208b02b88: 0048 3bbe | 6001 0000 | 750d 4883 | 8668 0100 | 0001 e94a | 0000 0048 | 83be 5001 | 0000 0075 
  0x000002a208b02ba8: 1748 89be | 5001 0000 | 48c7 8658 | 0100 0001 | 0000 00e9 | 2900 0000 | 4883 be60 | 0100 0000 
  0x000002a208b02bc8: 7517 4889 | be60 0100 | 0048 c786 | 6801 0000 | 0100 0000 | e908 0000 | 0048 8386 | 4801 0000 
  0x000002a208b02be8: ;   {metadata('java/lang/Integer')}
  0x000002a208b02be8: 0148 bfe8 | 1018 2ca2 | 0200 0041 | 8b50 0849 | ba00 0000 | 2ca2 0200 | 0049 03d2 | 483b fa0f 
  0x000002a208b02c08: 8539 0b00 | 00e9 0000 | 0000 4d85 

  0x000002a208b02c14: ;   {metadata(method data for {method} {0x000002a26d466318} 'getInteger' '(Ljava/lang/String;)I' in 'com/jme3/system/AppSettings')}
  0x000002a208b02c14: c048 baa8 | 51e3 6da2 | 0200 00be | 7801 0000 | 7505 be88 | 0100 0048 | 8b3c 3248 | 8d7f 0148 
  0x000002a208b02c34: 893c 320f | 850b 0000 | 0041 b800 | 0000 00e9 | 2400 0000 | 488b bc24 | f800 0000 

  0x000002a208b02c50: ; implicit exception: dispatches to 0x000002a208b0374f
  0x000002a208b02c50: 493b 0049 

  0x000002a208b02c54: ;   {metadata(method data for {method} {0x000002a26d466318} 'getInteger' '(Ljava/lang/String;)I' in 'com/jme3/system/AppSettings')}
  0x000002a208b02c54: 8bd0 48be | a851 e36d | a202 0000 | 4883 8698 | 0100 0001 | 458b 400c | 8bb4 24f0 | 0000 0041 
  0x000002a208b02c74: ;   {metadata(method data for {method} {0x000002a26d497f20} 'runLoop' '()V' in 'com/jme3/system/lwjgl/LwjglWindow')}
  0x000002a208b02c74: 3bf0 49b8 | 0870 e36d | a202 0000 | bac0 0300 | 0074 05ba | d003 0000 | 498b 3410 | 488d 7601 
  0x000002a208b02c94: 4989 3410 | 488b 9424 | e000 0000 | 0f84 3e04 | 0000 4c8b 

  0x000002a208b02ca8: ;   {metadata(method data for {method} {0x000002a26d497f20} 'runLoop' '()V' in 'com/jme3/system/lwjgl/LwjglWindow')}
  0x000002a208b02ca8: c248 be08 | 70e3 6da2 | 0200 0045 | 8b40 0849 | ba00 0000 | 2ca2 0200 | 004d 03c2 | 4c3b 86e8 
  0x000002a208b02cc8: 0300 0075 | 0d48 8386 | f003 0000 | 01e9 6000 | 0000 4c3b | 86f8 0300 | 0075 0d48 | 8386 0004 
  0x000002a208b02ce8: 0000 01e9 | 4a00 0000 | 4883 bee8 | 0300 0000 | 7517 4c89 | 86e8 0300 | 0048 c786 | f003 0000 
  0x000002a208b02d08: 0100 0000 | e929 0000 | 0048 83be | f803 0000 | 0075 174c | 8986 f803 | 0000 48c7 | 8600 0400 
  0x000002a208b02d28: 0001 0000 | 00e9 0800 | 0000 4883 | 86e0 0300 | 0001 8b72 | 1848 c1e6 | 0348 3b06 

  0x000002a208b02d44: ;   {metadata(method data for {method} {0x000002a26d497f20} 'runLoop' '()V' in 'com/jme3/system/lwjgl/LwjglWindow')}
  0x000002a208b02d44: 4c8b c648 | bf08 70e3 | 6da2 0200 | 0048 8387 | 1004 0000 

  0x000002a208b02d58: ;   {metadata(method data for {method} {0x000002a26d468118} 'getFrameRate' '()I' in 'com/jme3/system/AppSettings')}
  0x000002a208b02d58: 0149 b800 | 7be3 6da2 | 0200 0041 | 8bb8 cc00 | 0000 83c7 | 0241 89b8 | cc00 0000 | 81e7 feff 
  0x000002a208b02d78: 1f00 85ff | 0f84 d709 | 0000 4c8b 

  0x000002a208b02d84: ;   {metadata(method data for {method} {0x000002a26d468118} 'getFrameRate' '()I' in 'com/jme3/system/AppSettings')}
  0x000002a208b02d84: c648 bf00 | 7be3 6da2 | 0200 0048 | 8387 1801 

  0x000002a208b02d94: ;   {metadata(method data for {method} {0x000002a26d466318} 'getInteger' '(Ljava/lang/String;)I' in 'com/jme3/system/AppSettings')}
  0x000002a208b02d94: 0000 0149 | b8a8 51e3 | 6da2 0200 | 0041 8bb8 | cc00 0000 | 83c7 0241 | 89b8 cc00 | 0000 81e7 
  0x000002a208b02db4: feff 1f00 | 85ff 0f84 | ba09 0000 

  0x000002a208b02dc0: ;   {metadata(method data for {method} {0x000002a26d466318} 'getInteger' '(Ljava/lang/String;)I' in 'com/jme3/system/AppSettings')}
  0x000002a208b02dc0: 4c8b c648 | bfa8 51e3 | 6da2 0200 | 0045 8b40 | 0849 ba00 | 0000 2ca2 | 0200 004d | 03c2 4c3b 
  0x000002a208b02de0: 8720 0100 | 0075 0d48 | 8387 2801 | 0000 01e9 | 6000 0000 | 4c3b 8730 | 0100 0075 | 0d48 8387 
  0x000002a208b02e00: 3801 0000 | 01e9 4a00 | 0000 4883 | bf20 0100 | 0000 7517 | 4c89 8720 | 0100 0048 | c787 2801 
  0x000002a208b02e20: 0000 0100 | 0000 e929 | 0000 0048 | 83bf 3001 | 0000 0075 | 174c 8987 | 3001 0000 | 48c7 8738 
  0x000002a208b02e40: 0100 0001 | 0000 00e9 | 0800 0000 | 4883 8718 | 0100 0001 

  0x000002a208b02e54: ;   {metadata(method data for {method} {0x000002a22c1c7650} 'get' '(Ljava/lang/Object;)Ljava/lang/Object;' in 'java/util/HashMap')}
  0x000002a208b02e54: 49b8 00da | 026d a202 | 0000 418b | b8cc 0000 | 0083 c702 | 4189 b8cc | 0000 0081 | e7fe ff1f 
  0x000002a208b02e74: 0085 ff0f | 841e 0900 | 004c 8bc6 

  0x000002a208b02e80: ;   {metadata(method data for {method} {0x000002a22c1c7650} 'get' '(Ljava/lang/Object;)Ljava/lang/Object;' in 'java/util/HashMap')}
  0x000002a208b02e80: 48bf 00da | 026d a202 | 0000 4883 | 8718 0100 

  0x000002a208b02e90: ;   {oop("FrameRate"{0x00000004048e0cb0})}
  0x000002a208b02e90: 0001 49b8 | b00c 8e04 | 0400 0000 | 488b d648 | 89b4 2400 

  0x000002a208b02ea4: ;   {optimized virtual_call}
  0x000002a208b02ea4: 0100 00e8 

  0x000002a208b02ea8: ; ImmutableOopMap {[224]=Oop [256]=Oop }
                      ;*invokevirtual getNode {reexecute=0 rethrow=0 return_oop=0}
                      ; - java.util.HashMap::get@2 (line 565)
                      ; - com.jme3.system.AppSettings::getInteger@2 (line 485)
                      ; - com.jme3.system.AppSettings::getFrameRate@3 (line 917)
                      ; - com.jme3.system.lwjgl.LwjglWindow::runLoop@131 (line 554)
  0x000002a208b02ea8: 34b9 0007 

  0x000002a208b02eac: ;   {other}
  0x000002a208b02eac: 0f1f 8400 | 2413 0006 

  0x000002a208b02eb4: ;   {metadata(method data for {method} {0x000002a22c1c7650} 'get' '(Ljava/lang/Object;)Ljava/lang/Object;' in 'java/util/HashMap')}
  0x000002a208b02eb4: 4885 c049 | b800 da02 | 6da2 0200 | 00ba 4801 | 0000 7505 | ba58 0100 | 0049 8b34 | 1048 8d76 
  0x000002a208b02ed4: 0149 8934 | 100f 8520 

  0x000002a208b02edc: ;   {metadata(method data for {method} {0x000002a22c1c7650} 'get' '(Ljava/lang/Object;)Ljava/lang/Object;' in 'java/util/HashMap')}
  0x000002a208b02edc: 0000 0049 | b800 da02 | 6da2 0200 | 0041 ff80 | 6801 0000 

  0x000002a208b02ef0: ;   {oop(nullptr)}
  0x000002a208b02ef0: 49b8 0000 | 0000 0000 | 0000 e908 | 0000 0044 | 8b40 1449 | c1e0 034d 

  0x000002a208b02f08: ;   {metadata(method data for {method} {0x000002a26d466318} 'getInteger' '(Ljava/lang/String;)I' in 'com/jme3/system/AppSettings')}
  0x000002a208b02f08: 85c0 48be | a851 e36d | a202 0000 | 750c 808e | 4101 0000 | 01e9 b000 | 0000 418b | 7808 49ba 
  0x000002a208b02f28: 0000 002c | a202 0000 | 4903 fa48 | 3bbe 5001 | 0000 750d | 4883 8658 | 0100 0001 | e960 0000 
  0x000002a208b02f48: 0048 3bbe | 6001 0000 | 750d 4883 | 8668 0100 | 0001 e94a | 0000 0048 | 83be 5001 | 0000 0075 
  0x000002a208b02f68: 1748 89be | 5001 0000 | 48c7 8658 | 0100 0001 | 0000 00e9 | 2900 0000 | 4883 be60 | 0100 0000 
  0x000002a208b02f88: 7517 4889 | be60 0100 | 0048 c786 | 6801 0000 | 0100 0000 | e908 0000 | 0048 8386 | 4801 0000 
  0x000002a208b02fa8: ;   {metadata('java/lang/Integer')}
  0x000002a208b02fa8: 0148 bfe8 | 1018 2ca2 | 0200 0041 | 8b50 0849 | ba00 0000 | 2ca2 0200 | 0049 03d2 | 483b fa0f 
  0x000002a208b02fc8: 85f4 0700 | 00e9 0000 | 0000 4d85 

  0x000002a208b02fd4: ;   {metadata(method data for {method} {0x000002a26d466318} 'getInteger' '(Ljava/lang/String;)I' in 'com/jme3/system/AppSettings')}
  0x000002a208b02fd4: c048 baa8 | 51e3 6da2 | 0200 00be | 7801 0000 | 7505 be88 | 0100 0048 | 8b3c 3248 | 8d7f 0148 
  0x000002a208b02ff4: 893c 320f | 850b 0000 | 0041 b800 | 0000 00e9 | 2400 0000 | 488b b424 | 0001 0000 

  0x000002a208b03010: ; implicit exception: dispatches to 0x000002a208b037ca
  0x000002a208b03010: 493b 0049 

  0x000002a208b03014: ;   {metadata(method data for {method} {0x000002a26d466318} 'getInteger' '(Ljava/lang/String;)I' in 'com/jme3/system/AppSettings')}
  0x000002a208b03014: 8bd0 48be | a851 e36d | a202 0000 | 4883 8698 | 0100 0001 | 458b 400c | 488b 9424 | e000 0000 
  0x000002a208b03034: ;   {metadata(method data for {method} {0x000002a26d497f20} 'runLoop' '()V' in 'com/jme3/system/lwjgl/LwjglWindow')}
  0x000002a208b03034: 48be 0870 | e36d a202 | 0000 4883 | 8640 0400 | 0001 488b | 9424 e000 

  0x000002a208b0304c: ;   {optimized virtual_call}
  0x000002a208b0304c: 0000 90e8 

  0x000002a208b03050: ; ImmutableOopMap {[224]=Oop }
                      ;*invokespecial setFrameRateLimit {reexecute=0 rethrow=0 return_oop=0}
                      ; - com.jme3.system.lwjgl.LwjglWindow::runLoop@134 (line 554)
  0x000002a208b03050: 8cb7 0007 

  0x000002a208b03054: ;   {other}
  0x000002a208b03054: 0f1f 8400 | cc14 0007 

  0x000002a208b0305c: ;   {metadata(method data for {method} {0x000002a26d497f20} 'runLoop' '()V' in 'com/jme3/system/lwjgl/LwjglWindow')}
  0x000002a208b0305c: 49b8 0870 | e36d a202 | 0000 41ff | 8050 0400 | 0048 8b94 | 24e0 0000 | 00e9 6a00 | 0000 448b 
  0x000002a208b0307c: 4248 4183 

  0x000002a208b03080: ;   {metadata(method data for {method} {0x000002a26d497f20} 'runLoop' '()V' in 'com/jme3/system/lwjgl/LwjglWindow')}
  0x000002a208b03080: f814 49b8 | 0870 e36d | a202 0000 | be68 0400 | 0074 05be | 7804 0000 | 498b 3c30 | 488d 7f01 
  0x000002a208b030a0: 4989 3c30 | 0f84 3a00 | 0000 4c8b 

  0x000002a208b030ac: ;   {metadata(method data for {method} {0x000002a26d497f20} 'runLoop' '()V' in 'com/jme3/system/lwjgl/LwjglWindow')}
  0x000002a208b030ac: c248 be08 | 70e3 6da2 | 0200 0048 | 8386 8804 | 0000 0141 | b814 0000 | 0048 8bf2 | 488b d60f 
  0x000002a208b030cc: ;   {optimized virtual_call}
  0x000002a208b030cc: 1f40 00e8 

  0x000002a208b030d0: ; ImmutableOopMap {[224]=Oop }
                      ;*invokespecial setFrameRateLimit {reexecute=0 rethrow=0 return_oop=0}
                      ; - com.jme3.system.lwjgl.LwjglWindow::runLoop@152 (line 557)
  0x000002a208b030d0: 0cb7 0007 

  0x000002a208b030d4: ;   {other}
  0x000002a208b030d4: 0f1f 8400 | 4c15 0008 | 488b 9424 | e000 0000 | 448b 4248 

  0x000002a208b030e8: ;   {metadata(method data for {method} {0x000002a26d497f20} 'runLoop' '()V' in 'com/jme3/system/lwjgl/LwjglWindow')}
  0x000002a208b030e8: 4585 c049 | b808 70e3 | 6da2 0200 | 00be 9804 | 0000 7e05 | bea8 0400 | 0049 8b3c | 3048 8d7f 
  0x000002a208b03108: 0149 893c | 300f 8e69 | 0100 00c5 | fb10 4238 | 448b 4228 | 49c1 e003 

  0x000002a208b03120: ; implicit exception: dispatches to 0x000002a208b037cf
  0x000002a208b03120: 493b 0049 

  0x000002a208b03124: ;   {metadata(method data for {method} {0x000002a26d497f20} 'runLoop' '()V' in 'com/jme3/system/lwjgl/LwjglWindow')}
  0x000002a208b03124: 8bf0 48bf | 0870 e36d | a202 0000 

  0x000002a208b03130: ;   {metadata('com/jme3/system/NanoTimer')}
  0x000002a208b03130: 49ba 0004 | 002d a202 | 0000 4c89 | 97c0 0400 | 0048 8387 | c804 0000 | 01c4 c17a | 1048 0cc5 
  0x000002a208b03150: ;   {section_word}
  0x000002a208b03150: f25a c9c5 | f35e 0d85 | edff ffc5 | fb5c c1c4 | e1fb 2cf0 

  0x000002a208b03164: ;   {external_word}
  0x000002a208b03164: 483b 3515 | e1fb 0675 | 0f48 83ec | 08c5 fb11 

  0x000002a208b03174: ;   {runtime_call StubRoutines (initial stubs)}
  0x000002a208b03174: 0424 e837 | e0fb 065e | c4e1 f32a | cec5 f928 | d0c5 eb5c 

  0x000002a208b03188: ;   {section_word}
  0x000002a208b03188: d1c5 eb59 | 1557 edff | ffc5 fb2c | fa81 ff00 | 0000 8075 | 0f48 83ec | 08c5 fb11 

  0x000002a208b031a4: ;   {runtime_call StubRoutines (initial stubs)}
  0x000002a208b031a4: 1424 e8ac | dffb 065f | 4c8b c6bb | 0000 0000 

  0x000002a208b031b4: ;   {metadata(method data for {method} {0x000002a26d497f20} 'runLoop' '()V' in 'com/jme3/system/lwjgl/LwjglWindow')}
  0x000002a208b031b4: 4c3b c349 | b808 70e3 | 6da2 0200 | 00bb e804 | 0000 7c05 | bbf8 0400 | 0049 8b04 | 1848 8d40 
  0x000002a208b031d4: 0149 8904 | 180f 8c9d | 0000 0085 

  0x000002a208b031e0: ;   {metadata(method data for {method} {0x000002a26d497f20} 'runLoop' '()V' in 'com/jme3/system/lwjgl/LwjglWindow')}
  0x000002a208b031e0: ff49 b808 | 70e3 6da2 | 0200 00bb | 0805 0000 | 7c05 bb18 | 0500 0049 | 8b04 1848 | 8d40 0149 
  0x000002a208b03200: 8904 180f | 8c73 0000 | 00c5 fb11 | 8424 3001 

  0x000002a208b03210: ;   {metadata(method data for {method} {0x000002a26d497f20} 'runLoop' '()V' in 'com/jme3/system/lwjgl/LwjglWindow')}
  0x000002a208b03210: 0000 49b8 | 0870 e36d | a202 0000 | 4983 8028 | 0500 0001 | 488b d64c | 8bc7 4889 | b424 0801 
  0x000002a208b03230: 0000 89bc | 24f4 0000 | 0066 0f1f 

  0x000002a208b0323c: ;   {static_call}
  0x000002a208b0323c: 4400 00e8 

  0x000002a208b03240: ; ImmutableOopMap {[224]=Oop }
                      ;*invokestatic sleep {reexecute=0 rethrow=0 return_oop=0}
                      ; - com.jme3.system.lwjgl.LwjglWindow::runLoop@208 (line 570)
  0x000002a208b03240: 9cbb 0007 

  0x000002a208b03244: ;   {other}
  0x000002a208b03244: 0f1f 8400 | bc16 0009 

  0x000002a208b0324c: ;   {metadata(method data for {method} {0x000002a26d497f20} 'runLoop' '()V' in 'com/jme3/system/lwjgl/LwjglWindow')}
  0x000002a208b0324c: 48b8 0870 | e36d a202 | 0000 ff80 | 3805 0000 | e91b 0000 | 0049 8b87 | 0005 0000 | 4d33 d24d 
  0x000002a208b0326c: 8997 0005 | 0000 4d33 | d24d 8997 | 0805 0000 

  0x000002a208b0327c: ;   {metadata(method data for {method} {0x000002a26d497f20} 'runLoop' '()V' in 'com/jme3/system/lwjgl/LwjglWindow')}
  0x000002a208b0327c: 48ba 0870 | e36d a202 | 0000 4883 | 8250 0500 

  0x000002a208b0328c: ;   {metadata(method data for {method} {0x000002a26d576170} 'glfwPollEvents' '()V' in 'org/lwjgl/glfw/GLFW')}
  0x000002a208b0328c: 0001 48ba | d87d e36d | a202 0000 | 8bb2 cc00 | 0000 83c6 | 0289 b2cc | 0000 0081 | e6fe ff1f 
  0x000002a208b032ac: 0085 f60f | 841f 0500 

  0x000002a208b032b4: ;   {metadata(method data for {method} {0x000002a26d576170} 'glfwPollEvents' '()V' in 'org/lwjgl/glfw/GLFW')}
  0x000002a208b032b4: 0048 bad8 | 7de3 6da2 | 0200 0048 | 8382 1801 

  0x000002a208b032c4: ;   {metadata(method data for {method} {0x000002a26d588770} 'check' '()V' in 'org/lwjgl/glfw/EventLoop$OnScreen')}
  0x000002a208b032c4: 0000 0148 | bad8 fee2 | 6da2 0200 | 008b b2cc | 0000 0083 | c602 89b2 | cc00 0000 | 81e6 feff 
  0x000002a208b032e4: 1f00 85f6 | 0f84 0705 

  0x000002a208b032ec: ;   {metadata(method data for {method} {0x000002a26d576170} 'glfwPollEvents' '()V' in 'org/lwjgl/glfw/GLFW')}
  0x000002a208b032ec: 0000 48ba | d87d e36d | a202 0000 | 4883 8228 | 0100 0001 | 48ba a068 | ac0d ff7f | 0000 0f1f 
  0x000002a208b0330c: ;   {static_call}
  0x000002a208b0330c: 4400 00e8 

  0x000002a208b03310: ; ImmutableOopMap {[224]=Oop }
                      ;*invokestatic invokeV {reexecute=0 rethrow=0 return_oop=0}
                      ; - org.lwjgl.glfw.GLFW::glfwPollEvents@8 (line 3094)
                      ; - com.jme3.system.lwjgl.LwjglWindow::runLoop@216 (line 576)
  0x000002a208b03310: 1c98 8807 

  0x000002a208b03314: ;   {other}
  0x000002a208b03314: 0f1f 8400 | 8c17 000a | 4881 c440 | 0100 005d 

  0x000002a208b03324: ;   {poll_return}
  0x000002a208b03324: 493b a748 | 0400 000f | 87e5 0400 | 00c3 660f | 1f44 0000 

  0x000002a208b03338: ;   {no_reloc}
  0x000002a208b03338: e9fe 0400 | 0000 0000 | 0000 80ba | 3101 0000 | 040f 85fb | 0400 0049 | 8b87 b801 | 0000 488d 
  0x000002a208b03358: 7828 493b | bfc8 0100 | 000f 87e3 | 0400 0049 | 89bf b801 | 0000 48c7 | 0001 0000 | 0048 8bca 
  0x000002a208b03378: 49ba 0000 | 002c a202 | 0000 492b | ca89 4808 | 4833 c989 | 480c 4833 | c948 8948 | 1048 8948 
  0x000002a208b03398: 1848 8948 | 2048 8bd0 

  0x000002a208b033a0: ;   {metadata(method data for {method} {0x000002a26d497f20} 'runLoop' '()V' in 'com/jme3/system/lwjgl/LwjglWindow')}
  0x000002a208b033a0: 48be 0870 | e36d a202 | 0000 4883 | 86c8 0100 | 0001 488b | d048 8984 | 2410 0100 

  0x000002a208b033bc: ;   {optimized virtual_call}
  0x000002a208b033bc: 0066 90e8 

  0x000002a208b033c0: ; ImmutableOopMap {[224]=Oop [272]=Oop }
                      ;*invokespecial <init> {reexecute=0 rethrow=0 return_oop=0}
                      ; - com.jme3.system.lwjgl.LwjglWindow::runLoop@29 (line 527)
  0x000002a208b033c0: 1cb4 0007 

  0x000002a208b033c4: ;   {other}
  0x000002a208b033c4: 0f1f 8400 | 3c18 000b | 488b 8424 

  0x000002a208b033d0: ; ImmutableOopMap {rax=Oop [224]=Oop }
                      ;*athrow {reexecute=1 rethrow=0 return_oop=0}
                      ; - (reexecute) com.jme3.system.lwjgl.LwjglWindow::runLoop@32 (line 527)
  0x000002a208b033d0: 1001 0000 

  0x000002a208b033d4: ;   {section_word}
  0x000002a208b033d4: 48ba d433 | b008 a202 

  0x000002a208b033dc: ;   {runtime_call handle_exception Runtime1 stub}
  0x000002a208b033dc: 0000 e8fd | 340e 0790 | 0f1f 4000 

  0x000002a208b033e8: ;   {no_reloc}
  0x000002a208b033e8: e979 0400 | 0000 0000 | 0000 498b | 87b8 0100 | 0048 8d78 | 3049 3bbf | c801 0000 | 0f87 6604 
  0x000002a208b03408: 0000 4989 | bfb8 0100 | 0048 c700 | 0100 0000 | 488b ca49 | ba00 0000 | 2ca2 0200 | 0049 2bca 
  0x000002a208b03428: 8948 0848 | 33c9 8948 | 0c48 33c9 | 4889 4810 | 4889 4818 | 4889 4820 | 4889 4828 

  0x000002a208b03444: ;   {metadata(method data for {method} {0x000002a22c44a3e0} 'requireNonNull' '(Ljava/lang/Object;)Ljava/lang/Object;' in 'java/util/Objects')}
  0x000002a208b03444: 488b d048 | bef8 8801 | 6da2 0200 | 0048 8386 | 3801 0000 | 0148 8bd0 | 4889 8424 | 1801 0000 
  0x000002a208b03464: ;   {optimized virtual_call}
  0x000002a208b03464: 6666 90e8 

  0x000002a208b03468: ; ImmutableOopMap {[224]=Oop [280]=Oop [288]=Oop }
                      ;*invokespecial <init> {reexecute=0 rethrow=0 return_oop=0}
                      ; - java.util.Objects::requireNonNull@8 (line 220)
                      ; - java.lang.invoke.VarHandleInts$FieldInstanceReadWrite::getAndSet@16 (line 250)
                      ; - java.lang.invoke.VarHandleGuards::guard_LI_I@45 (line 163)
                      ; - java.util.concurrent.atomic.AtomicBoolean::getAndSet@13 (line 175)
                      ; - com.jme3.system.lwjgl.LwjglWindow::runLoop@5 (line 522)
  0x000002a208b03468: 74b3 0007 

  0x000002a208b0346c: ;   {other}
  0x000002a208b0346c: 0f1f 8400 | e418 000d | 488b 8424 

  0x000002a208b03478: ; ImmutableOopMap {rax=Oop [224]=Oop [288]=Oop }
                      ;*athrow {reexecute=1 rethrow=0 return_oop=0}
                      ; - (reexecute) java.util.Objects::requireNonNull@11 (line 220)
                      ; - java.lang.invoke.VarHandleInts$FieldInstanceReadWrite::getAndSet@16 (line 250)
                      ; - java.lang.invoke.VarHandleGuards::guard_LI_I@45 (line 163)
                      ; - java.util.concurrent.atomic.AtomicBoolean::getAndSet@13 (line 175)
                      ; - com.jme3.system.lwjgl.LwjglWindow::runLoop@5 (line 522)
  0x000002a208b03478: 1801 0000 

  0x000002a208b0347c: ;   {section_word}
  0x000002a208b0347c: 48ba 7c34 | b008 a202 

  0x000002a208b03484: ;   {runtime_call handle_exception Runtime1 stub}
  0x000002a208b03484: 0000 e855 | 340e 0790 

  0x000002a208b0348c: ;   {metadata('java/lang/ClassCastException')}
  0x000002a208b0348c: 48ba 280f | 1b2c a202 | 0000 498b | 87b8 0100 | 0048 8d78 | 2849 3bbf | c801 0000 | 0f87 cf03 
  0x000002a208b034ac: 0000 4989 | bfb8 0100 | 0048 c700 | 0100 0000 | 488b ca49 | ba00 0000 | 2ca2 0200 | 0049 2bca 
  0x000002a208b034cc: 8948 0848 | 33c9 8948 | 0c48 33c9 | 4889 4810 | 4889 4818 | 4889 4820 

  0x000002a208b034e4: ;   {oop(a 'java/lang/Class'{0x0000000404949d60} = 'java/util/concurrent/atomic/AtomicBoolean')}
  0x000002a208b034e4: 48ba 609d | 9404 0400 | 0000 4c8b 

  0x000002a208b034f0: ;   {metadata(method data for {method} {0x000002a22c498490} 'cast' '(Ljava/lang/Object;)Ljava/lang/Object;' in 'java/lang/Class')}
  0x000002a208b034f0: c248 bea8 | 7017 6da2 | 0200 0048 | 8386 8801 | 0000 014c | 8bc3 4889 | 8424 2801 

  0x000002a208b0350c: ;   {optimized virtual_call}
  0x000002a208b0350c: 0000 90e8 

  0x000002a208b03510: ; ImmutableOopMap {[224]=Oop [288]=Oop [296]=Oop }
                      ;*invokevirtual cannotCastMsg {reexecute=0 rethrow=0 return_oop=0}
                      ; - java.lang.Class::cast@18 (line 4139)
                      ; - java.lang.invoke.VarHandleInts$FieldInstanceReadWrite::getAndSet@13 (line 250)
                      ; - java.lang.invoke.VarHandleGuards::guard_LI_I@45 (line 163)
                      ; - java.util.concurrent.atomic.AtomicBoolean::getAndSet@13 (line 175)
                      ; - com.jme3.system.lwjgl.LwjglWindow::runLoop@5 (line 522)
  0x000002a208b03510: ccb2 0007 

  0x000002a208b03514: ;   {other}
  0x000002a208b03514: 0f1f 8400 | 8c19 000f | 4c8b 8424 | 2801 0000 

  0x000002a208b03524: ;   {metadata(method data for {method} {0x000002a22c498490} 'cast' '(Ljava/lang/Object;)Ljava/lang/Object;' in 'java/lang/Class')}
  0x000002a208b03524: 48ba a870 | 176d a202 | 0000 4883 | 82b8 0100 | 0001 4c8b | c048 8b94 | 2428 0100 | 0066 0f1f 
  0x000002a208b03544: ;   {optimized virtual_call}
  0x000002a208b03544: 4400 00e8 

  0x000002a208b03548: ; ImmutableOopMap {[224]=Oop [288]=Oop [296]=Oop }
                      ;*invokespecial <init> {reexecute=0 rethrow=0 return_oop=0}
                      ; - java.lang.Class::cast@21 (line 4139)
                      ; - java.lang.invoke.VarHandleInts$FieldInstanceReadWrite::getAndSet@13 (line 250)
                      ; - java.lang.invoke.VarHandleGuards::guard_LI_I@45 (line 163)
                      ; - java.util.concurrent.atomic.AtomicBoolean::getAndSet@13 (line 175)
                      ; - com.jme3.system.lwjgl.LwjglWindow::runLoop@5 (line 522)
  0x000002a208b03548: 94b2 0007 

  0x000002a208b0354c: ;   {other}
  0x000002a208b0354c: 0f1f 8400 | c419 0010 | 488b 8424 

  0x000002a208b03558: ; ImmutableOopMap {rax=Oop [224]=Oop [288]=Oop }
                      ;*athrow {reexecute=1 rethrow=0 return_oop=0}
                      ; - (reexecute) java.lang.Class::cast@24 (line 4139)
                      ; - java.lang.invoke.VarHandleInts$FieldInstanceReadWrite::getAndSet@13 (line 250)
                      ; - java.lang.invoke.VarHandleGuards::guard_LI_I@45 (line 163)
                      ; - java.util.concurrent.atomic.AtomicBoolean::getAndSet@13 (line 175)
                      ; - com.jme3.system.lwjgl.LwjglWindow::runLoop@5 (line 522)
  0x000002a208b03558: 2801 0000 

  0x000002a208b0355c: ;   {section_word}
  0x000002a208b0355c: 48ba 5c35 | b008 a202 

  0x000002a208b03564: ;   {runtime_call handle_exception Runtime1 stub}
  0x000002a208b03564: 0000 e875 | 330e 0790 

  0x000002a208b0356c: ;   {metadata({method} {0x000002a26d497f20} 'runLoop' '()V' in 'com/jme3/system/lwjgl/LwjglWindow')}
  0x000002a208b0356c: 49ba 187f | 496d a202 | 0000 4c89 | 5424 0848 | c704 24ff 

  0x000002a208b03580: ;   {runtime_call counter_overflow Runtime1 stub}
  0x000002a208b03580: ffff ffe8 

  0x000002a208b03584: ; ImmutableOopMap {rdx=Oop [224]=Oop }
                      ;*synchronization entry
                      ; - com.jme3.system.lwjgl.LwjglWindow::runLoop@-1 (line 522)
  0x000002a208b03584: d872 0e07 | e9e1 e9ff 

  0x000002a208b0358c: ;   {runtime_call throw_null_pointer_exception Runtime1 stub}
  0x000002a208b0358c: ffe8 ce0a 

  0x000002a208b03590: ; ImmutableOopMap {rdx=Oop rbx=Oop [224]=Oop [288]=Oop }
                      ;*invokevirtual getAndSet {reexecute=0 rethrow=0 return_oop=0}
                      ; - com.jme3.system.lwjgl.LwjglWindow::runLoop@5 (line 522)
                      ;   {metadata({method} {0x000002a26d16d840} 'getAndSet' '(Z)Z' in 'java/util/concurrent/atomic/AtomicBoolean')}
  0x000002a208b03590: 0e07 49ba | 38d8 166d | a202 0000 | 4c89 5424 | 0848 c704 | 24ff ffff 

  0x000002a208b035a8: ;   {runtime_call counter_overflow Runtime1 stub}
  0x000002a208b035a8: ffe8 b272 

  0x000002a208b035ac: ; ImmutableOopMap {rdx=Oop rbx=Oop [224]=Oop [288]=Oop }
                      ;*synchronization entry
                      ; - java.util.concurrent.atomic.AtomicBoolean::getAndSet@-1 (line 175)
                      ; - com.jme3.system.lwjgl.LwjglWindow::runLoop@5 (line 522)
  0x000002a208b035ac: 0e07 e909 

  0x000002a208b035b0: ;   {metadata({method} {0x000002a22c263048} 'guard_LI_I' '(Ljava/lang/invoke/VarHandle;Ljava/lang/Object;ILjava/lang/invoke/VarHandle$AccessDescriptor;)I' in 'java/lang/invoke/VarHandleGuards')}
  0x000002a208b035b0: eaff ff49 | ba40 3026 | 2ca2 0200 | 004c 8954 | 2408 48c7 | 0424 ffff 

  0x000002a208b035c8: ;   {runtime_call counter_overflow Runtime1 stub}
  0x000002a208b035c8: ffff e891 

  0x000002a208b035cc: ; ImmutableOopMap {rdx=Oop rbx=Oop [224]=Oop [288]=Oop }
                      ;*synchronization entry
                      ; - java.lang.invoke.VarHandleGuards::guard_LI_I@-1 (line 161)
                      ; - java.util.concurrent.atomic.AtomicBoolean::getAndSet@13 (line 175)
                      ; - com.jme3.system.lwjgl.LwjglWindow::runLoop@5 (line 522)
  0x000002a208b035cc: 720e 07e9 | 5dea ffff 

  0x000002a208b035d4: ;   {metadata({method} {0x000002a22c1ce110} 'checkAccessModeThenIsDirect' '(Ljava/lang/invoke/VarHandle$AccessDescriptor;)Z' in 'java/lang/invoke/VarHandle')}
  0x000002a208b035d4: 49ba 08e1 | 1c2c a202 | 0000 4c89 | 5424 0848 | c704 24ff 

  0x000002a208b035e8: ;   {runtime_call counter_overflow Runtime1 stub}
  0x000002a208b035e8: ffff ffe8 

  0x000002a208b035ec: ; ImmutableOopMap {rdx=Oop rbx=Oop [224]=Oop [288]=Oop }
                      ;*synchronization entry
                      ; - java.lang.invoke.VarHandle::checkAccessModeThenIsDirect@-1 (line 2100)
                      ; - java.lang.invoke.VarHandleGuards::guard_LI_I@2 (line 161)
                      ; - java.util.concurrent.atomic.AtomicBoolean::getAndSet@13 (line 175)
                      ; - com.jme3.system.lwjgl.LwjglWindow::runLoop@5 (line 522)
  0x000002a208b035ec: 7072 0e07 | e9fd eaff 

  0x000002a208b035f4: ;   {metadata({method} {0x000002a22c2628d8} 'getMemberName' '(I)Ljava/lang/invoke/MemberName;' in 'java/lang/invoke/VarForm')}
  0x000002a208b035f4: ff49 bad0 | 2826 2ca2 | 0200 004c | 8954 2408 | 48c7 0424 | ffff ffff 

  0x000002a208b0360c: ;   {runtime_call counter_overflow Runtime1 stub}
  0x000002a208b0360c: e84f 720e 

  0x000002a208b03610: ; ImmutableOopMap {rdx=Oop rbx=Oop [224]=Oop [288]=Oop }
                      ;*synchronization entry
                      ; - java.lang.invoke.VarForm::getMemberName@-1 (line 116)
                      ; - java.lang.invoke.VarHandleGuards::guard_LI_I@42 (line 163)
                      ; - java.util.concurrent.atomic.AtomicBoolean::getAndSet@13 (line 175)
                      ; - com.jme3.system.lwjgl.LwjglWindow::runLoop@5 (line 522)
  0x000002a208b03610: 07e9 4feb 

  0x000002a208b03614: ;   {metadata({method} {0x000002a26d170460} 'getAndSet' '(Ljava/lang/invoke/VarHandle;Ljava/lang/Object;I)I' in 'java/lang/invoke/VarHandleInts$FieldInstanceReadWrite')}
  0x000002a208b03614: ffff 49ba | 5804 176d | a202 0000 | 4c89 5424 | 0848 c704 | 24ff ffff 

  0x000002a208b0362c: ;   {runtime_call counter_overflow Runtime1 stub}
  0x000002a208b0362c: ffe8 2e72 

  0x000002a208b03630: ; ImmutableOopMap {rdx=Oop rbx=Oop [224]=Oop [288]=Oop }
                      ;*synchronization entry
                      ; - java.lang.invoke.VarHandleInts$FieldInstanceReadWrite::getAndSet@-1 (line 249)
                      ; - java.lang.invoke.VarHandleGuards::guard_LI_I@45 (line 163)
                      ; - java.util.concurrent.atomic.AtomicBoolean::getAndSet@13 (line 175)
                      ; - com.jme3.system.lwjgl.LwjglWindow::runLoop@5 (line 522)
  0x000002a208b03630: 0e07 e977 

  0x000002a208b03634: ;   {metadata({method} {0x000002a22c498490} 'cast' '(Ljava/lang/Object;)Ljava/lang/Object;' in 'java/lang/Class')}
  0x000002a208b03634: ebff ff49 | ba88 8449 | 2ca2 0200 | 004c 8954 | 2408 48c7 | 0424 ffff 

  0x000002a208b0364c: ;   {runtime_call counter_overflow Runtime1 stub}
  0x000002a208b0364c: ffff e80d 

  0x000002a208b03650: ; ImmutableOopMap {rdx=Oop rbx=Oop [224]=Oop [288]=Oop }
                      ;*synchronization entry
                      ; - java.lang.Class::cast@-1 (line 4138)
                      ; - java.lang.invoke.VarHandleInts$FieldInstanceReadWrite::getAndSet@13 (line 250)
                      ; - java.lang.invoke.VarHandleGuards::guard_LI_I@45 (line 163)
                      ; - java.util.concurrent.atomic.AtomicBoolean::getAndSet@13 (line 175)
                      ; - com.jme3.system.lwjgl.LwjglWindow::runLoop@5 (line 522)
  0x000002a208b03650: 720e 07e9 | 99eb ffff 

  0x000002a208b03658: ;   {metadata({method} {0x000002a22c44a3e0} 'requireNonNull' '(Ljava/lang/Object;)Ljava/lang/Object;' in 'java/util/Objects')}
  0x000002a208b03658: 49ba d8a3 | 442c a202 | 0000 4c89 | 5424 0848 | c704 24ff 

  0x000002a208b0366c: ;   {runtime_call counter_overflow Runtime1 stub}
  0x000002a208b0366c: ffff ffe8 

  0x000002a208b03670: ; ImmutableOopMap {rdx=Oop rbx=Oop [224]=Oop [288]=Oop }
                      ;*synchronization entry
                      ; - java.util.Objects::requireNonNull@-1 (line 219)
                      ; - java.lang.invoke.VarHandleInts$FieldInstanceReadWrite::getAndSet@16 (line 250)
                      ; - java.lang.invoke.VarHandleGuards::guard_LI_I@45 (line 163)
                      ; - java.util.concurrent.atomic.AtomicBoolean::getAndSet@13 (line 175)
                      ; - com.jme3.system.lwjgl.LwjglWindow::runLoop@5 (line 522)
  0x000002a208b03670: ec71 0e07 | e95e ecff 

  0x000002a208b03678: ;   {runtime_call throw_null_pointer_exception Runtime1 stub}
  0x000002a208b03678: ffe8 e209 

  0x000002a208b0367c: ; ImmutableOopMap {rdx=Oop rsi=Oop [224]=Oop }
                      ;*invokevirtual get {reexecute=0 rethrow=0 return_oop=0}
                      ; - com.jme3.system.lwjgl.LwjglWindow::runLoop@19 (line 526)
                      ;   {metadata({method} {0x000002a26d16d1c8} 'get' '()Z' in 'java/util/concurrent/atomic/AtomicBoolean')}
  0x000002a208b0367c: 0e07 49ba | c0d1 166d | a202 0000 | 4c89 5424 | 0848 c704 | 24ff ffff 

  0x000002a208b03694: ;   {runtime_call counter_overflow Runtime1 stub}
  0x000002a208b03694: ffe8 c671 

  0x000002a208b03698: ; ImmutableOopMap {rdx=Oop rsi=Oop [224]=Oop }
                      ;*synchronization entry
                      ; - java.util.concurrent.atomic.AtomicBoolean::get@-1 (line 88)
                      ; - com.jme3.system.lwjgl.LwjglWindow::runLoop@19 (line 526)
  0x000002a208b03698: 0e07 e95b 

  0x000002a208b0369c: ;   {runtime_call throw_null_pointer_exception Runtime1 stub}
  0x000002a208b0369c: edff ffe8 

  0x000002a208b036a0: ; ImmutableOopMap {rdx=Oop rsi=Oop [224]=Oop }
                      ;*invokeinterface update {reexecute=0 rethrow=0 return_oop=0}
                      ; - com.jme3.system.lwjgl.LwjglWindow::runLoop@37 (line 530)
  0x000002a208b036a0: bc09 0e07 

  0x000002a208b036a4: ;   {runtime_call throw_null_pointer_exception Runtime1 stub}
  0x000002a208b036a4: e8b7 090e 

  0x000002a208b036a8: ; ImmutableOopMap {rdx=Oop rsi=Oop [224]=Oop }
                      ;*invokevirtual get {reexecute=0 rethrow=0 return_oop=0}
                      ; - com.jme3.system.lwjgl.LwjglWindow::runLoop@46 (line 535)
                      ;   {metadata({method} {0x000002a26d16d1c8} 'get' '()Z' in 'java/util/concurrent/atomic/AtomicBoolean')}
  0x000002a208b036a8: 0749 bac0 | d116 6da2 | 0200 004c | 8954 2408 | 48c7 0424 | ffff ffff 

  0x000002a208b036c0: ;   {runtime_call counter_overflow Runtime1 stub}
  0x000002a208b036c0: e89b 710e 

  0x000002a208b036c4: ; ImmutableOopMap {rdx=Oop rsi=Oop [224]=Oop }
                      ;*synchronization entry
                      ; - java.util.concurrent.atomic.AtomicBoolean::get@-1 (line 88)
                      ; - com.jme3.system.lwjgl.LwjglWindow::runLoop@46 (line 535)
  0x000002a208b036c4: 07e9 b0ee 

  0x000002a208b036c8: ;   {runtime_call throw_incompatible_class_change_error Runtime1 stub}
  0x000002a208b036c8: ffff e811 

  0x000002a208b036cc: ; ImmutableOopMap {rdx=Oop rax=Oop rsi=Oop [224]=Oop }
                      ;*invokeinterface handleError {reexecute=0 rethrow=0 return_oop=0}
                      ; - com.jme3.system.lwjgl.LwjglWindow::runLoop@84 (line 542)
                      ;   {runtime_call throw_null_pointer_exception Runtime1 stub}
  0x000002a208b036cc: 3e0e 07e8 

  0x000002a208b036d0: ; ImmutableOopMap {rdx=Oop rax=Oop rsi=Oop [224]=Oop }
                      ;*invokeinterface handleError {reexecute=0 rethrow=0 return_oop=0}
                      ; - com.jme3.system.lwjgl.LwjglWindow::runLoop@84 (line 542)
  0x000002a208b036d0: 8c09 0e07 

  0x000002a208b036d4: ;   {runtime_call throw_null_pointer_exception Runtime1 stub}
  0x000002a208b036d4: e887 090e 

  0x000002a208b036d8: ; ImmutableOopMap {rsi=Oop [224]=Oop }
                      ;*invokeinterface postFrame {reexecute=0 rethrow=0 return_oop=0}
                      ; - com.jme3.system.lwjgl.LwjglWindow::runLoop@100 (line 549)
                      ;   {runtime_call throw_null_pointer_exception Runtime1 stub}
  0x000002a208b036d8: 07e8 8209 

  0x000002a208b036dc: ; ImmutableOopMap {rdx=Oop rdi=Oop [224]=Oop }
                      ;*invokevirtual getFrameRate {reexecute=0 rethrow=0 return_oop=0}
                      ; - com.jme3.system.lwjgl.LwjglWindow::runLoop@120 (line 553)
                      ;   {metadata({method} {0x000002a26d468118} 'getFrameRate' '()I' in 'com/jme3/system/AppSettings')}
  0x000002a208b036dc: 0e07 49ba | 1081 466d | a202 0000 | 4c89 5424 | 0848 c704 | 24ff ffff 

  0x000002a208b036f4: ;   {runtime_call counter_overflow Runtime1 stub}
  0x000002a208b036f4: ffe8 6671 

  0x000002a208b036f8: ; ImmutableOopMap {rdx=Oop rdi=Oop [224]=Oop }
                      ;*synchronization entry
                      ; - com.jme3.system.AppSettings::getFrameRate@-1 (line 917)
                      ; - com.jme3.system.lwjgl.LwjglWindow::runLoop@120 (line 553)
  0x000002a208b036f8: 0e07 e9bc 

  0x000002a208b036fc: ;   {metadata({method} {0x000002a26d466318} 'getInteger' '(Ljava/lang/String;)I' in 'com/jme3/system/AppSettings')}
  0x000002a208b036fc: f2ff ff49 | ba10 6346 | 6da2 0200 | 004c 8954 | 2408 48c7 | 0424 ffff 

  0x000002a208b03714: ;   {runtime_call counter_overflow Runtime1 stub}
  0x000002a208b03714: ffff e845 

  0x000002a208b03718: ; ImmutableOopMap {rdx=Oop rdi=Oop [224]=Oop }
                      ;*synchronization entry
                      ; - com.jme3.system.AppSettings::getInteger@-1 (line 485)
                      ; - com.jme3.system.AppSettings::getFrameRate@3 (line 917)
                      ; - com.jme3.system.lwjgl.LwjglWindow::runLoop@120 (line 553)
  0x000002a208b03718: 710e 07e9 | d9f2 ffff 

  0x000002a208b03720: ;   {metadata({method} {0x000002a22c1c7650} 'get' '(Ljava/lang/Object;)Ljava/lang/Object;' in 'java/util/HashMap')}
  0x000002a208b03720: 49ba 4876 | 1c2c a202 | 0000 4c89 | 5424 0848 | c704 24ff 

  0x000002a208b03734: ;   {runtime_call counter_overflow Runtime1 stub}
  0x000002a208b03734: ffff ffe8 

  0x000002a208b03738: ; ImmutableOopMap {rdx=Oop rdi=Oop [224]=Oop }
                      ;*synchronization entry
                      ; - java.util.HashMap::get@-1 (line 565)
                      ; - com.jme3.system.AppSettings::getInteger@2 (line 485)
                      ; - com.jme3.system.AppSettings::getFrameRate@3 (line 917)
                      ; - com.jme3.system.lwjgl.LwjglWindow::runLoop@120 (line 553)
  0x000002a208b03738: 2471 0e07 | e975 f3ff 

  0x000002a208b03740: ;   {runtime_call throw_null_pointer_exception Runtime1 stub}
  0x000002a208b03740: ffe8 1a09 

  0x000002a208b03744: ; ImmutableOopMap {rax=Oop [224]=Oop [248]=Oop }
                      ;*getfield value {reexecute=1 rethrow=0 return_oop=0}
                      ; - (reexecute) java.util.HashMap::get@15 (line 565)
                      ; - com.jme3.system.AppSettings::getInteger@2 (line 485)
                      ; - com.jme3.system.AppSettings::getFrameRate@3 (line 917)
                      ; - com.jme3.system.lwjgl.LwjglWindow::runLoop@120 (line 553)
  0x000002a208b03744: 0e07 4c89 

  0x000002a208b03748: ;   {runtime_call throw_class_cast_exception Runtime1 stub}
  0x000002a208b03748: 0424 e891 

  0x000002a208b0374c: ; ImmutableOopMap {[224]=Oop [248]=Oop }
                      ;*checkcast {reexecute=0 rethrow=0 return_oop=0}
                      ; - com.jme3.system.AppSettings::getInteger@5 (line 485)
                      ; - com.jme3.system.AppSettings::getFrameRate@3 (line 917)
                      ; - com.jme3.system.lwjgl.LwjglWindow::runLoop@120 (line 553)
                      ;   {runtime_call throw_null_pointer_exception Runtime1 stub}
  0x000002a208b0374c: 3a0e 07e8 

  0x000002a208b03750: ; ImmutableOopMap {rdi=Oop r8=Oop [224]=Oop }
                      ;*invokevirtual intValue {reexecute=0 rethrow=0 return_oop=0}
                      ; - com.jme3.system.AppSettings::getInteger@16 (line 490)
                      ; - com.jme3.system.AppSettings::getFrameRate@3 (line 917)
                      ; - com.jme3.system.lwjgl.LwjglWindow::runLoop@120 (line 553)
  0x000002a208b03750: 0c09 0e07 

  0x000002a208b03754: ;   {runtime_call throw_null_pointer_exception Runtime1 stub}
  0x000002a208b03754: e807 090e 

  0x000002a208b03758: ; ImmutableOopMap {rdx=Oop rsi=Oop [224]=Oop }
                      ;*invokevirtual getFrameRate {reexecute=0 rethrow=0 return_oop=0}
                      ; - com.jme3.system.lwjgl.LwjglWindow::runLoop@131 (line 554)
                      ;   {metadata({method} {0x000002a26d468118} 'getFrameRate' '()I' in 'com/jme3/system/AppSettings')}
  0x000002a208b03758: 0749 ba10 | 8146 6da2 | 0200 004c | 8954 2408 | 48c7 0424 | ffff ffff 

  0x000002a208b03770: ;   {runtime_call counter_overflow Runtime1 stub}
  0x000002a208b03770: e8eb 700e 

  0x000002a208b03774: ; ImmutableOopMap {rdx=Oop rsi=Oop [224]=Oop }
                      ;*synchronization entry
                      ; - com.jme3.system.AppSettings::getFrameRate@-1 (line 917)
                      ; - com.jme3.system.lwjgl.LwjglWindow::runLoop@131 (line 554)
  0x000002a208b03774: 07e9 08f6 

  0x000002a208b03778: ;   {metadata({method} {0x000002a26d466318} 'getInteger' '(Ljava/lang/String;)I' in 'com/jme3/system/AppSettings')}
  0x000002a208b03778: ffff 49ba | 1063 466d | a202 0000 | 4c89 5424 | 0848 c704 | 24ff ffff 

  0x000002a208b03790: ;   {runtime_call counter_overflow Runtime1 stub}
  0x000002a208b03790: ffe8 ca70 

  0x000002a208b03794: ; ImmutableOopMap {rdx=Oop rsi=Oop [224]=Oop }
                      ;*synchronization entry
                      ; - com.jme3.system.AppSettings::getInteger@-1 (line 485)
                      ; - com.jme3.system.AppSettings::getFrameRate@3 (line 917)
                      ; - com.jme3.system.lwjgl.LwjglWindow::runLoop@131 (line 554)
  0x000002a208b03794: 0e07 e925 

  0x000002a208b03798: ;   {metadata({method} {0x000002a22c1c7650} 'get' '(Ljava/lang/Object;)Ljava/lang/Object;' in 'java/util/HashMap')}
  0x000002a208b03798: f6ff ff49 | ba48 761c | 2ca2 0200 | 004c 8954 | 2408 48c7 | 0424 ffff 

  0x000002a208b037b0: ;   {runtime_call counter_overflow Runtime1 stub}
  0x000002a208b037b0: ffff e8a9 

  0x000002a208b037b4: ; ImmutableOopMap {rdx=Oop rsi=Oop [224]=Oop }
                      ;*synchronization entry
                      ; - java.util.HashMap::get@-1 (line 565)
                      ; - com.jme3.system.AppSettings::getInteger@2 (line 485)
                      ; - com.jme3.system.AppSettings::getFrameRate@3 (line 917)
                      ; - com.jme3.system.lwjgl.LwjglWindow::runLoop@131 (line 554)
  0x000002a208b037b4: 700e 07e9 | c1f6 ffff 

  0x000002a208b037bc: ;   {runtime_call throw_null_pointer_exception Runtime1 stub}
  0x000002a208b037bc: e89f 080e 

  0x000002a208b037c0: ; ImmutableOopMap {rax=Oop [224]=Oop [256]=Oop }
                      ;*getfield value {reexecute=1 rethrow=0 return_oop=0}
                      ; - (reexecute) java.util.HashMap::get@15 (line 565)
                      ; - com.jme3.system.AppSettings::getInteger@2 (line 485)
                      ; - com.jme3.system.AppSettings::getFrameRate@3 (line 917)
                      ; - com.jme3.system.lwjgl.LwjglWindow::runLoop@131 (line 554)
  0x000002a208b037c0: 074c 8904 

  0x000002a208b037c4: ;   {runtime_call throw_class_cast_exception Runtime1 stub}
  0x000002a208b037c4: 24e8 163a 

  0x000002a208b037c8: ; ImmutableOopMap {[224]=Oop [256]=Oop }
                      ;*checkcast {reexecute=0 rethrow=0 return_oop=0}
                      ; - com.jme3.system.AppSettings::getInteger@5 (line 485)
                      ; - com.jme3.system.AppSettings::getFrameRate@3 (line 917)
                      ; - com.jme3.system.lwjgl.LwjglWindow::runLoop@131 (line 554)
                      ;   {runtime_call throw_null_pointer_exception Runtime1 stub}
  0x000002a208b037c8: 0e07 e891 

  0x000002a208b037cc: ; ImmutableOopMap {rsi=Oop r8=Oop [224]=Oop }
                      ;*invokevirtual intValue {reexecute=0 rethrow=0 return_oop=0}
                      ; - com.jme3.system.AppSettings::getInteger@16 (line 490)
                      ; - com.jme3.system.AppSettings::getFrameRate@3 (line 917)
                      ; - com.jme3.system.lwjgl.LwjglWindow::runLoop@131 (line 554)
                      ;   {runtime_call throw_null_pointer_exception Runtime1 stub}
  0x000002a208b037cc: 080e 07e8 

  0x000002a208b037d0: ; ImmutableOopMap {rdx=Oop r8=Oop [224]=Oop }
                      ;*invokevirtual getTimePerFrame {reexecute=0 rethrow=0 return_oop=0}
                      ; - com.jme3.system.lwjgl.LwjglWindow::runLoop@170 (line 564)
  0x000002a208b037d0: 8c08 0e07 

  0x000002a208b037d4: ;   {metadata({method} {0x000002a26d576170} 'glfwPollEvents' '()V' in 'org/lwjgl/glfw/GLFW')}
  0x000002a208b037d4: 49ba 6861 | 576d a202 | 0000 4c89 | 5424 0848 | c704 24ff 

  0x000002a208b037e8: ;   {runtime_call counter_overflow Runtime1 stub}
  0x000002a208b037e8: ffff ffe8 

  0x000002a208b037ec: ; ImmutableOopMap {[224]=Oop }
                      ;*synchronization entry
                      ; - org.lwjgl.glfw.GLFW::glfwPollEvents@-1 (line 3092)
                      ; - com.jme3.system.lwjgl.LwjglWindow::runLoop@216 (line 576)
  0x000002a208b037ec: 7070 0e07 | e9c0 faff 

  0x000002a208b037f4: ;   {metadata({method} {0x000002a26d588770} 'check' '()V' in 'org/lwjgl/glfw/EventLoop$OnScreen')}
  0x000002a208b037f4: ff49 ba68 | 8758 6da2 | 0200 004c | 8954 2408 | 48c7 0424 | ffff ffff 

  0x000002a208b0380c: ;   {runtime_call counter_overflow Runtime1 stub}
  0x000002a208b0380c: e84f 700e 

  0x000002a208b03810: ; ImmutableOopMap {[224]=Oop }
                      ;*synchronization entry
                      ; - org.lwjgl.glfw.EventLoop$OnScreen::check@-1 (line 74)
                      ; - org.lwjgl.glfw.GLFW::glfwPollEvents@4 (line 3093)
                      ; - com.jme3.system.lwjgl.LwjglWindow::runLoop@216 (line 576)
  0x000002a208b03810: 07e9 d8fa 

  0x000002a208b03814: ;   {internal_word}
  0x000002a208b03814: ffff 49ba | 2433 b008 | a202 0000 | 4d89 9760 

  0x000002a208b03824: ;   {runtime_call SafepointBlob}
  0x000002a208b03824: 0400 00e9 | b41b 0107 

  0x000002a208b0382c: ;   {metadata(nullptr)}
  0x000002a208b0382c: 48ba 0000 | 0000 0000 | 0000 b800 

  0x000002a208b03838: ;   {runtime_call load_klass_patching Runtime1 stub}
  0x000002a208b03838: 0f05 0ae8 

  0x000002a208b0383c: ; ImmutableOopMap {[224]=Oop }
                      ;*new {reexecute=1 rethrow=0 return_oop=0}
                      ; - (reexecute) com.jme3.system.lwjgl.LwjglWindow::runLoop@25 (line 527)
  0x000002a208b0383c: a05a 0e07 | e9f3 faff 

  0x000002a208b03844: ;   {runtime_call throw_null_pointer_exception Runtime1 stub}
  0x000002a208b03844: ffe8 1608 

  0x000002a208b03848: ; ImmutableOopMap {[224]=Oop }
                      ;*new {reexecute=0 rethrow=0 return_oop=0}
                      ; - com.jme3.system.lwjgl.LwjglWindow::runLoop@25 (line 527)
  0x000002a208b03848: 0e07 488b 

  0x000002a208b0384c: ;   {runtime_call fast_new_instance_init_check Runtime1 stub}
  0x000002a208b0384c: d2e8 0e1d 

  0x000002a208b03850: ; ImmutableOopMap {[224]=Oop }
                      ;*new {reexecute=0 rethrow=0 return_oop=0}
                      ; - com.jme3.system.lwjgl.LwjglWindow::runLoop@25 (line 527)
  0x000002a208b03850: 0e07 e946 

  0x000002a208b03854: ;   {metadata(nullptr)}
  0x000002a208b03854: fbff ff48 | ba00 0000 | 0000 0000 | 00b8 000f 

  0x000002a208b03864: ;   {runtime_call load_klass_patching Runtime1 stub}
  0x000002a208b03864: 050a e875 

  0x000002a208b03868: ; ImmutableOopMap {[224]=Oop [288]=Oop }
                      ;*new {reexecute=1 rethrow=0 return_oop=0}
                      ; - (reexecute) java.util.Objects::requireNonNull@4 (line 220)
                      ; - java.lang.invoke.VarHandleInts$FieldInstanceReadWrite::getAndSet@16 (line 250)
                      ; - java.lang.invoke.VarHandleGuards::guard_LI_I@45 (line 163)
                      ; - java.util.concurrent.atomic.AtomicBoolean::getAndSet@13 (line 175)
                      ; - com.jme3.system.lwjgl.LwjglWindow::runLoop@5 (line 522)
  0x000002a208b03868: 5a0e 07e9 | 78fb ffff 

  0x000002a208b03870: ;   {runtime_call fast_new_instance Runtime1 stub}
  0x000002a208b03870: 488b d2e8 

  0x000002a208b03874: ; ImmutableOopMap {[224]=Oop [288]=Oop }
                      ;*new {reexecute=0 rethrow=0 return_oop=0}
                      ; - java.util.Objects::requireNonNull@4 (line 220)
                      ; - java.lang.invoke.VarHandleInts$FieldInstanceReadWrite::getAndSet@16 (line 250)
                      ; - java.lang.invoke.VarHandleGuards::guard_LI_I@45 (line 163)
                      ; - java.util.concurrent.atomic.AtomicBoolean::getAndSet@13 (line 175)
                      ; - com.jme3.system.lwjgl.LwjglWindow::runLoop@5 (line 522)
  0x000002a208b03874: e819 0e07 | e9c7 fbff | ff48 8bd2 

  0x000002a208b03880: ;   {runtime_call fast_new_instance Runtime1 stub}
  0x000002a208b03880: e8db 190e 

  0x000002a208b03884: ; ImmutableOopMap {rbx=Oop [224]=Oop [288]=Oop }
                      ;*new {reexecute=0 rethrow=0 return_oop=0}
                      ; - java.lang.Class::cast@12 (line 4139)
                      ; - java.lang.invoke.VarHandleInts$FieldInstanceReadWrite::getAndSet@13 (line 250)
                      ; - java.lang.invoke.VarHandleGuards::guard_LI_I@45 (line 163)
                      ; - java.util.concurrent.atomic.AtomicBoolean::getAndSet@13 (line 175)
                      ; - com.jme3.system.lwjgl.LwjglWindow::runLoop@5 (line 522)
  0x000002a208b03884: 07e9 5afc | ffff 498b | 8700 0500 | 0049 c787 | 0005 0000 | 0000 0000 | 49c7 8708 | 0500 0000 
  0x000002a208b038a4: 0000 0048 | 81c4 4001 

  0x000002a208b038ac: ;   {runtime_call unwind_exception Runtime1 stub}
  0x000002a208b038ac: 0000 5de9 | 2ceb 0d07 | f4f4 f4f4 
[Stub Code]
  0x000002a208b038b8: ;   {no_reloc}
  0x000002a208b038b8: 0f1f 4400 

  0x000002a208b038bc: ;   {static_stub}
  0x000002a208b038bc: 0048 bb00 | 0000 0000 

  0x000002a208b038c4: ;   {runtime_call nmethod}
  0x000002a208b038c4: 0000 00e9 | fbff ffff 

  0x000002a208b038cc: ;   {static_stub}
  0x000002a208b038cc: 9048 bb00 | 0000 0000 

  0x000002a208b038d4: ;   {runtime_call nmethod}
  0x000002a208b038d4: 0000 00e9 | fbff ffff 

  0x000002a208b038dc: ;   {static_stub}
  0x000002a208b038dc: 9048 bb00 | 0000 0000 

  0x000002a208b038e4: ;   {runtime_call nmethod}
  0x000002a208b038e4: 0000 00e9 | fbff ffff 

  0x000002a208b038ec: ;   {static_stub}
  0x000002a208b038ec: 9048 bb00 | 0000 0000 

  0x000002a208b038f4: ;   {runtime_call nmethod}
  0x000002a208b038f4: 0000 00e9 | fbff ffff 

  0x000002a208b038fc: ;   {static_stub}
  0x000002a208b038fc: 48bb 38a2 | 576d a202 

  0x000002a208b03904: ;   {runtime_call I2C/C2I adapters}
  0x000002a208b03904: 0000 e927 

  0x000002a208b03908: ;   {static_stub}
  0x000002a208b03908: 4d01 0748 | bb00 0000 | 0000 0000 

  0x000002a208b03914: ;   {runtime_call nmethod}
  0x000002a208b03914: 00e9 fbff 

  0x000002a208b03918: ;   {static_stub}
  0x000002a208b03918: ffff 48bb | 0000 0000 | 0000 0000 

  0x000002a208b03924: ;   {runtime_call nmethod}
  0x000002a208b03924: e9fb ffff 

  0x000002a208b03928: ;   {static_stub}
  0x000002a208b03928: ff48 bb00 | 0000 0000 

  0x000002a208b03930: ;   {runtime_call nmethod}
  0x000002a208b03930: 0000 00e9 | fbff ffff 

  0x000002a208b03938: ;   {static_stub}
  0x000002a208b03938: 48bb 0000 | 0000 0000 

  0x000002a208b03940: ;   {runtime_call nmethod}
  0x000002a208b03940: 0000 e9fb 

  0x000002a208b03944: ;   {static_stub}
  0x000002a208b03944: ffff ff48 | bb00 0000 | 0000 0000 

  0x000002a208b03950: ;   {runtime_call nmethod}
  0x000002a208b03950: 00e9 fbff 

  0x000002a208b03954: ;   {static_stub}
  0x000002a208b03954: ffff 48bb | 0000 0000 | 0000 0000 

  0x000002a208b03960: ;   {runtime_call nmethod}
  0x000002a208b03960: e9fb ffff 

  0x000002a208b03964: ;   {static_stub}
  0x000002a208b03964: ff48 bb00 | 0000 0000 

  0x000002a208b0396c: ;   {runtime_call nmethod}
  0x000002a208b0396c: 0000 00e9 | fbff ffff 

  0x000002a208b03974: ;   {static_stub}
  0x000002a208b03974: 48bb 0000 | 0000 0000 

  0x000002a208b0397c: ;   {runtime_call nmethod}
  0x000002a208b0397c: 0000 e9fb 

  0x000002a208b03980: ;   {runtime_call handle_exception_from_callee Runtime1 stub}
  0x000002a208b03980: ffff ffe8 | 5832 0e07 

  0x000002a208b03988: ;   {external_word}
  0x000002a208b03988: 48b9 40d5 | a346 fe7f | 0000 4883 

  0x000002a208b03994: ;   {runtime_call}
  0x000002a208b03994: e4f0 48b8 | 704a 6a46 | fe7f 0000 

  0x000002a208b039a0: ;   {section_word}
  0x000002a208b039a0: ffd0 f449 | baa3 39b0 | 08a2 0200 

  0x000002a208b039ac: ;   {runtime_call DeoptimizationBlob}
  0x000002a208b039ac: 0041 52e9 | cc0c 0107 | f4f4 f4f4 
[/MachCode]


---------------  P R O C E S S  ---------------

Threads class SMR info:
_java_thread_list=0x000002a2823de5c0, length=24, elements={
0x000002a27b2178b0, 0x000002a27c4a4160, 0x000002a22b634ff0, 0x000002a22b638680,
0x000002a22b638cf0, 0x000002a22b641600, 0x000002a22b64f720, 0x000002a22b6523d0,
0x000002a27c4a8e10, 0x000002a22b8c4140, 0x000002a22b8c70a0, 0x000002a22b8ea8e0,
0x000002a22b64e370, 0x000002a22b650440, 0x000002a22b64ea00, 0x000002a22b64f090,
0x000002a22b64fdb0, 0x000002a22b64dce0, 0x000002a22b727ac0, 0x000002a28079f4f0,
0x000002a271803740, 0x000002a281fbfd80, 0x000002a2807a2970, 0x000002a22b7095a0
}

Java Threads: ( => current thread )
=>0x000002a27b2178b0 JavaThread "main"                              [_thread_in_native, id=38408, stack(0x000000d864400000,0x000000d864500000) (1024K)]
  0x000002a27c4a4160 JavaThread "Reference Handler"          daemon [_thread_blocked, id=43524, stack(0x000000d864c00000,0x000000d864d00000) (1024K)]
  0x000002a22b634ff0 JavaThread "Finalizer"                  daemon [_thread_blocked, id=37388, stack(0x000000d864d00000,0x000000d864e00000) (1024K)]
  0x000002a22b638680 JavaThread "Signal Dispatcher"          daemon [_thread_blocked, id=35560, stack(0x000000d864e00000,0x000000d864f00000) (1024K)]
  0x000002a22b638cf0 JavaThread "Attach Listener"            daemon [_thread_blocked, id=43316, stack(0x000000d864f00000,0x000000d865000000) (1024K)]
  0x000002a22b641600 JavaThread "Service Thread"             daemon [_thread_blocked, id=24028, stack(0x000000d865000000,0x000000d865100000) (1024K)]
  0x000002a22b64f720 JavaThread "Monitor Deflation Thread"   daemon [_thread_blocked, id=34004, stack(0x000000d865100000,0x000000d865200000) (1024K)]
  0x000002a22b6523d0 JavaThread "C2 CompilerThread0"         daemon [_thread_blocked, id=37720, stack(0x000000d865200000,0x000000d865300000) (1024K)]
  0x000002a27c4a8e10 JavaThread "C1 CompilerThread0"         daemon [_thread_blocked, id=42540, stack(0x000000d865300000,0x000000d865400000) (1024K)]
  0x000002a22b8c4140 JavaThread "JDWP Transport Listener: dt_socket" daemon [_thread_blocked, id=18136, stack(0x000000d865600000,0x000000d865700000) (1024K)]
  0x000002a22b8c70a0 JavaThread "JDWP Event Helper Thread"   daemon [_thread_blocked, id=292, stack(0x000000d865700000,0x000000d865800000) (1024K)]
  0x000002a22b8ea8e0 JavaThread "JDWP Command Reader"        daemon [_thread_in_native, id=43332, stack(0x000000d865800000,0x000000d865900000) (1024K)]
  0x000002a22b64e370 JavaThread "Notification Thread"        daemon [_thread_blocked, id=43208, stack(0x000000d865900000,0x000000d865a00000) (1024K)]
  0x000002a22b650440 JavaThread "Common-Cleaner"             daemon [_thread_blocked, id=36732, stack(0x000000d865a00000,0x000000d865b00000) (1024K)]
  0x000002a22b64ea00 JavaThread "Thread to free LWJGL byte buffers" daemon [_thread_blocked, id=40136, stack(0x000000d866300000,0x000000d866400000) (1024K)]
  0x000002a22b64f090 JavaThread "jME3 Audio Decoder"         daemon [_thread_blocked, id=42104, stack(0x000000d866200000,0x000000d866300000) (1024K)]
  0x000002a22b64fdb0 JavaThread "Java2D Disposer"            daemon [_thread_blocked, id=19288, stack(0x000000d866a00000,0x000000d866b00000) (1024K)]
  0x000002a22b64dce0 JavaThread "AWT-Shutdown"                      [_thread_blocked, id=12232, stack(0x000000d865400000,0x000000d865500000) (1024K)]
  0x000002a22b727ac0 JavaThread "C2 CompilerThread1"         daemon [_thread_blocked, id=36984, stack(0x000000d865c00000,0x000000d865d00000) (1024K)]
  0x000002a28079f4f0 JavaThread "Image Fetcher 0"            daemon [_thread_blocked, id=42124, stack(0x000000d866b00000,0x000000d866c00000) (1024K)]
  0x000002a271803740 JavaThread "C1 CompilerThread1"         daemon [_thread_blocked, id=35604, stack(0x000000d866c00000,0x000000d866d00000) (1024K)]
  0x000002a281fbfd80 JavaThread "C1 CompilerThread2"         daemon [_thread_blocked, id=5900, stack(0x000000d866d00000,0x000000d866e00000) (1024K)]
  0x000002a2807a2970 JavaThread "AWT-EventQueue-0"                  [_thread_in_native, id=34580, stack(0x000000d866e00000,0x000000d866f00000) (1024K)]
  0x000002a22b7095a0 JavaThread "C2 CompilerThread2"         daemon [_thread_blocked, id=39996, stack(0x000000d866f00000,0x000000d867000000) (1024K)]
Total: 24

Other Threads:
  0x000002a27c490660 VMThread "VM Thread"                           [id=7456, stack(0x000000d864b00000,0x000000d864c00000) (1024K)]
  0x000002a27b28e7b0 WorkerThread "GC Thread#0"                     [id=31808, stack(0x000000d864500000,0x000000d864600000) (1024K)]
  0x000002a28053b920 WorkerThread "GC Thread#1"                     [id=42928, stack(0x000000d867100000,0x000000d867200000) (1024K)]
  0x000002a28053b1c0 WorkerThread "GC Thread#2"                     [id=28300, stack(0x000000d867200000,0x000000d867300000) (1024K)]
  0x000002a28053aa60 WorkerThread "GC Thread#3"                     [id=23972, stack(0x000000d867300000,0x000000d867400000) (1024K)]
  0x000002a28053ae10 WorkerThread "GC Thread#4"                     [id=31356, stack(0x000000d867400000,0x000000d867500000) (1024K)]
  0x000002a280539f50 WorkerThread "GC Thread#5"                     [id=21116, stack(0x000000d867500000,0x000000d867600000) (1024K)]
  0x000002a28053b570 WorkerThread "GC Thread#6"                     [id=43304, stack(0x000000d867600000,0x000000d867700000) (1024K)]
  0x000002a28053a300 WorkerThread "GC Thread#7"                     [id=34028, stack(0x000000d867700000,0x000000d867800000) (1024K)]
  0x000002a28053a6b0 WorkerThread "GC Thread#8"                     [id=32248, stack(0x000000d867800000,0x000000d867900000) (1024K)]
  0x000002a280927bd0 WorkerThread "GC Thread#9"                     [id=43876, stack(0x000000d867900000,0x000000d867a00000) (1024K)]
  0x000002a280927f80 WorkerThread "GC Thread#10"                    [id=40240, stack(0x000000d867a00000,0x000000d867b00000) (1024K)]
  0x000002a2809270c0 WorkerThread "GC Thread#11"                    [id=39728, stack(0x000000d867b00000,0x000000d867c00000) (1024K)]
  0x000002a280927820 WorkerThread "GC Thread#12"                    [id=40172, stack(0x000000d867c00000,0x000000d867d00000) (1024K)]
  0x000002a280927470 WorkerThread "GC Thread#13"                    [id=38868, stack(0x000000d867d00000,0x000000d867e00000) (1024K)]
  0x000002a2809286e0 WorkerThread "GC Thread#14"                    [id=21612, stack(0x000000d867e00000,0x000000d867f00000) (1024K)]
  0x000002a2809291f0 WorkerThread "GC Thread#15"                    [id=32076, stack(0x000000d867f00000,0x000000d868000000) (1024K)]
  0x000002a2809295a0 WorkerThread "GC Thread#16"                    [id=37588, stack(0x000000d868000000,0x000000d868100000) (1024K)]
  0x000002a280929950 WorkerThread "GC Thread#17"                    [id=31984, stack(0x000000d868100000,0x000000d868200000) (1024K)]
  0x000002a28092a460 WorkerThread "GC Thread#18"                    [id=40548, stack(0x000000d868200000,0x000000d868300000) (1024K)]
  0x000002a280928330 WorkerThread "GC Thread#19"                    [id=39216, stack(0x000000d868300000,0x000000d868400000) (1024K)]
  0x000002a27c330400 ConcurrentGCThread "G1 Main Marker"            terminated
  0x000002a27b2a2f50 WorkerThread "G1 Conc#0"                       [id=34240, stack(0x000000d864700000,0x000000d864800000) (1024K)]
  0x000002a27c420b00 ConcurrentGCThread "G1 Refine#0"               terminated
  0x000002a278ebb040 ConcurrentGCThread "G1 Service"                terminated
Total: 25

Threads with active compile tasks:
Total: 0

VM state: not at safepoint (normal execution)

VM Mutex/Monitor currently owned by a thread: None

Heap address: 0x0000000404000000, size: 16320 MB, Compressed Oops mode: Zero based, Oop shift amount: 3

CDS archive(s) mapped at: [0x000002a22c000000-0x000002a22cd70000-0x000002a22cd70000), size 14090240, SharedBaseAddress: 0x000002a22c000000, ArchiveRelocationMode: 1.
Compressed class space mapped at: 0x000002a22d000000-0x000002a26d000000, reserved size: 1073741824
Narrow klass base: 0x000002a22c000000, Narrow klass shift: 0, Narrow klass range: 0x41000000

GC Precious Log:
 CardTable entry size: 512
 Card Set container configuration: InlinePtr #cards 4 size 8 Array Of Cards #cards 64 size 144 Howl #buckets 8 coarsen threshold 14745 Howl Bitmap #cards 2048 size 272 coarsen threshold 1843 Card regions per heap region 1 cards per card region 16384
 CPUs: 28 total, 28 available
 Memory: 65277M
 Large Page Support: Disabled
 NUMA Support: Disabled
 Compressed Oops: Enabled (Zero based)
 Heap Region Size: 8M
 Heap Min Capacity: 8M
 Heap Initial Capacity: 1G
 Heap Max Capacity: 16320M
 Pre-touch: Disabled
 Parallel Workers: 20
 Concurrent Workers: 5
 Concurrent Refinement Workers: 20
 Periodic GC: Disabled

Heap:
 garbage-first heap   total reserved 16711680K, committed 1048576K, used 51018K [0x0000000404000000, 0x0000000800000000)
  region size 8192K, 8 young (65536K), 1 survivors (8192K)
 Metaspace       used 19971K, committed 20288K, reserved 1114112K
  class space    used 1675K, committed 1856K, reserved 1048576K

Heap Regions: E=young(eden), S=young(survivor), O=old, HS=humongous(starts), HC=humongous(continues), CS=collection set, F=free, TAMS=top-at-mark-start, PB=parsable bottom
|   0|0x0000000404000000, 0x0000000404000000, 0x0000000404800000|  0%| F|  |TAMS 0x0000000404000000| PB 0x0000000404000000| Untracked |  0
|   1|0x0000000404800000, 0x0000000404eba818, 0x0000000405000000| 84%| O|  |TAMS 0x0000000404800000| PB 0x0000000404800000| Untracked |  0
|   2|0x0000000405000000, 0x0000000405000000, 0x0000000405800000|  0%| F|  |TAMS 0x0000000405000000| PB 0x0000000405000000| Untracked |  0
|   3|0x0000000405800000, 0x0000000405800000, 0x0000000406000000|  0%| F|  |TAMS 0x0000000405800000| PB 0x0000000405800000| Untracked |  0
|   4|0x0000000406000000, 0x0000000406000000, 0x0000000406800000|  0%| F|  |TAMS 0x0000000406000000| PB 0x0000000406000000| Untracked |  0
|   5|0x0000000406800000, 0x0000000406800000, 0x0000000407000000|  0%| F|  |TAMS 0x0000000406800000| PB 0x0000000406800000| Untracked |  0
|   6|0x0000000407000000, 0x0000000407000000, 0x0000000407800000|  0%| F|  |TAMS 0x0000000407000000| PB 0x0000000407000000| Untracked |  0
|   7|0x0000000407800000, 0x0000000407800000, 0x0000000408000000|  0%| F|  |TAMS 0x0000000407800000| PB 0x0000000407800000| Untracked |  0
|   8|0x0000000408000000, 0x0000000408000000, 0x0000000408800000|  0%| F|  |TAMS 0x0000000408000000| PB 0x0000000408000000| Untracked |  0
|   9|0x0000000408800000, 0x0000000408800000, 0x0000000409000000|  0%| F|  |TAMS 0x0000000408800000| PB 0x0000000408800000| Untracked |  0
|  10|0x0000000409000000, 0x0000000409000000, 0x0000000409800000|  0%| F|  |TAMS 0x0000000409000000| PB 0x0000000409000000| Untracked |  0
|  11|0x0000000409800000, 0x0000000409800000, 0x000000040a000000|  0%| F|  |TAMS 0x0000000409800000| PB 0x0000000409800000| Untracked |  0
|  12|0x000000040a000000, 0x000000040a000000, 0x000000040a800000|  0%| F|  |TAMS 0x000000040a000000| PB 0x000000040a000000| Untracked |  0
|  13|0x000000040a800000, 0x000000040a800000, 0x000000040b000000|  0%| F|  |TAMS 0x000000040a800000| PB 0x000000040a800000| Untracked |  0
|  14|0x000000040b000000, 0x000000040b000000, 0x000000040b800000|  0%| F|  |TAMS 0x000000040b000000| PB 0x000000040b000000| Untracked |  0
|  15|0x000000040b800000, 0x000000040b800000, 0x000000040c000000|  0%| F|  |TAMS 0x000000040b800000| PB 0x000000040b800000| Untracked |  0
|  16|0x000000040c000000, 0x000000040c000000, 0x000000040c800000|  0%| F|  |TAMS 0x000000040c000000| PB 0x000000040c000000| Untracked |  0
|  17|0x000000040c800000, 0x000000040c800000, 0x000000040d000000|  0%| F|  |TAMS 0x000000040c800000| PB 0x000000040c800000| Untracked |  0
|  18|0x000000040d000000, 0x000000040d000000, 0x000000040d800000|  0%| F|  |TAMS 0x000000040d000000| PB 0x000000040d000000| Untracked |  0
|  19|0x000000040d800000, 0x000000040d800000, 0x000000040e000000|  0%| F|  |TAMS 0x000000040d800000| PB 0x000000040d800000| Untracked |  0
|  20|0x000000040e000000, 0x000000040e000000, 0x000000040e800000|  0%| F|  |TAMS 0x000000040e000000| PB 0x000000040e000000| Untracked |  0
|  21|0x000000040e800000, 0x000000040e800000, 0x000000040f000000|  0%| F|  |TAMS 0x000000040e800000| PB 0x000000040e800000| Untracked |  0
|  22|0x000000040f000000, 0x000000040f000000, 0x000000040f800000|  0%| F|  |TAMS 0x000000040f000000| PB 0x000000040f000000| Untracked |  0
|  23|0x000000040f800000, 0x000000040f800000, 0x0000000410000000|  0%| F|  |TAMS 0x000000040f800000| PB 0x000000040f800000| Untracked |  0
|  24|0x0000000410000000, 0x0000000410000000, 0x0000000410800000|  0%| F|  |TAMS 0x0000000410000000| PB 0x0000000410000000| Untracked |  0
|  25|0x0000000410800000, 0x0000000410800000, 0x0000000411000000|  0%| F|  |TAMS 0x0000000410800000| PB 0x0000000410800000| Untracked |  0
|  26|0x0000000411000000, 0x0000000411000000, 0x0000000411800000|  0%| F|  |TAMS 0x0000000411000000| PB 0x0000000411000000| Untracked |  0
|  27|0x0000000411800000, 0x0000000411800000, 0x0000000412000000|  0%| F|  |TAMS 0x0000000411800000| PB 0x0000000411800000| Untracked |  0
|  28|0x0000000412000000, 0x0000000412000000, 0x0000000412800000|  0%| F|  |TAMS 0x0000000412000000| PB 0x0000000412000000| Untracked |  0
|  29|0x0000000412800000, 0x0000000412800000, 0x0000000413000000|  0%| F|  |TAMS 0x0000000412800000| PB 0x0000000412800000| Untracked |  0
|  30|0x0000000413000000, 0x0000000413000000, 0x0000000413800000|  0%| F|  |TAMS 0x0000000413000000| PB 0x0000000413000000| Untracked |  0
|  31|0x0000000413800000, 0x0000000413800000, 0x0000000414000000|  0%| F|  |TAMS 0x0000000413800000| PB 0x0000000413800000| Untracked |  0
|  32|0x0000000414000000, 0x0000000414000000, 0x0000000414800000|  0%| F|  |TAMS 0x0000000414000000| PB 0x0000000414000000| Untracked |  0
|  33|0x0000000414800000, 0x0000000414800000, 0x0000000415000000|  0%| F|  |TAMS 0x0000000414800000| PB 0x0000000414800000| Untracked |  0
|  34|0x0000000415000000, 0x0000000415000000, 0x0000000415800000|  0%| F|  |TAMS 0x0000000415000000| PB 0x0000000415000000| Untracked |  0
|  35|0x0000000415800000, 0x0000000415800000, 0x0000000416000000|  0%| F|  |TAMS 0x0000000415800000| PB 0x0000000415800000| Untracked |  0
|  36|0x0000000416000000, 0x0000000416000000, 0x0000000416800000|  0%| F|  |TAMS 0x0000000416000000| PB 0x0000000416000000| Untracked |  0
|  37|0x0000000416800000, 0x0000000416800000, 0x0000000417000000|  0%| F|  |TAMS 0x0000000416800000| PB 0x0000000416800000| Untracked |  0
|  38|0x0000000417000000, 0x0000000417000000, 0x0000000417800000|  0%| F|  |TAMS 0x0000000417000000| PB 0x0000000417000000| Untracked |  0
|  39|0x0000000417800000, 0x0000000417800000, 0x0000000418000000|  0%| F|  |TAMS 0x0000000417800000| PB 0x0000000417800000| Untracked |  0
|  40|0x0000000418000000, 0x0000000418000000, 0x0000000418800000|  0%| F|  |TAMS 0x0000000418000000| PB 0x0000000418000000| Untracked |  0
|  41|0x0000000418800000, 0x0000000418800000, 0x0000000419000000|  0%| F|  |TAMS 0x0000000418800000| PB 0x0000000418800000| Untracked |  0
|  42|0x0000000419000000, 0x0000000419000000, 0x0000000419800000|  0%| F|  |TAMS 0x0000000419000000| PB 0x0000000419000000| Untracked |  0
|  43|0x0000000419800000, 0x0000000419800000, 0x000000041a000000|  0%| F|  |TAMS 0x0000000419800000| PB 0x0000000419800000| Untracked |  0
|  44|0x000000041a000000, 0x000000041a000000, 0x000000041a800000|  0%| F|  |TAMS 0x000000041a000000| PB 0x000000041a000000| Untracked |  0
|  45|0x000000041a800000, 0x000000041a800000, 0x000000041b000000|  0%| F|  |TAMS 0x000000041a800000| PB 0x000000041a800000| Untracked |  0
|  46|0x000000041b000000, 0x000000041b000000, 0x000000041b800000|  0%| F|  |TAMS 0x000000041b000000| PB 0x000000041b000000| Untracked |  0
|  47|0x000000041b800000, 0x000000041b800000, 0x000000041c000000|  0%| F|  |TAMS 0x000000041b800000| PB 0x000000041b800000| Untracked |  0
|  48|0x000000041c000000, 0x000000041c000000, 0x000000041c800000|  0%| F|  |TAMS 0x000000041c000000| PB 0x000000041c000000| Untracked |  0
|  49|0x000000041c800000, 0x000000041c800000, 0x000000041d000000|  0%| F|  |TAMS 0x000000041c800000| PB 0x000000041c800000| Untracked |  0
|  50|0x000000041d000000, 0x000000041d000000, 0x000000041d800000|  0%| F|  |TAMS 0x000000041d000000| PB 0x000000041d000000| Untracked |  0
|  51|0x000000041d800000, 0x000000041d800000, 0x000000041e000000|  0%| F|  |TAMS 0x000000041d800000| PB 0x000000041d800000| Untracked |  0
|  52|0x000000041e000000, 0x000000041e000000, 0x000000041e800000|  0%| F|  |TAMS 0x000000041e000000| PB 0x000000041e000000| Untracked |  0
|  53|0x000000041e800000, 0x000000041e800000, 0x000000041f000000|  0%| F|  |TAMS 0x000000041e800000| PB 0x000000041e800000| Untracked |  0
|  54|0x000000041f000000, 0x000000041f000000, 0x000000041f800000|  0%| F|  |TAMS 0x000000041f000000| PB 0x000000041f000000| Untracked |  0
|  55|0x000000041f800000, 0x000000041f800000, 0x0000000420000000|  0%| F|  |TAMS 0x000000041f800000| PB 0x000000041f800000| Untracked |  0
|  56|0x0000000420000000, 0x0000000420000000, 0x0000000420800000|  0%| F|  |TAMS 0x0000000420000000| PB 0x0000000420000000| Untracked |  0
|  57|0x0000000420800000, 0x0000000420800000, 0x0000000421000000|  0%| F|  |TAMS 0x0000000420800000| PB 0x0000000420800000| Untracked |  0
|  58|0x0000000421000000, 0x0000000421000000, 0x0000000421800000|  0%| F|  |TAMS 0x0000000421000000| PB 0x0000000421000000| Untracked |  0
|  59|0x0000000421800000, 0x0000000421800000, 0x0000000422000000|  0%| F|  |TAMS 0x0000000421800000| PB 0x0000000421800000| Untracked |  0
|  60|0x0000000422000000, 0x0000000422000000, 0x0000000422800000|  0%| F|  |TAMS 0x0000000422000000| PB 0x0000000422000000| Untracked |  0
|  61|0x0000000422800000, 0x0000000422800000, 0x0000000423000000|  0%| F|  |TAMS 0x0000000422800000| PB 0x0000000422800000| Untracked |  0
|  62|0x0000000423000000, 0x0000000423000000, 0x0000000423800000|  0%| F|  |TAMS 0x0000000423000000| PB 0x0000000423000000| Untracked |  0
|  63|0x0000000423800000, 0x0000000423800000, 0x0000000424000000|  0%| F|  |TAMS 0x0000000423800000| PB 0x0000000423800000| Untracked |  0
|  64|0x0000000424000000, 0x0000000424000000, 0x0000000424800000|  0%| F|  |TAMS 0x0000000424000000| PB 0x0000000424000000| Untracked |  0
|  65|0x0000000424800000, 0x0000000424800000, 0x0000000425000000|  0%| F|  |TAMS 0x0000000424800000| PB 0x0000000424800000| Untracked |  0
|  66|0x0000000425000000, 0x0000000425000000, 0x0000000425800000|  0%| F|  |TAMS 0x0000000425000000| PB 0x0000000425000000| Untracked |  0
|  67|0x0000000425800000, 0x0000000425800000, 0x0000000426000000|  0%| F|  |TAMS 0x0000000425800000| PB 0x0000000425800000| Untracked |  0
|  68|0x0000000426000000, 0x0000000426000000, 0x0000000426800000|  0%| F|  |TAMS 0x0000000426000000| PB 0x0000000426000000| Untracked |  0
|  69|0x0000000426800000, 0x0000000426800000, 0x0000000427000000|  0%| F|  |TAMS 0x0000000426800000| PB 0x0000000426800000| Untracked |  0
|  70|0x0000000427000000, 0x0000000427000000, 0x0000000427800000|  0%| F|  |TAMS 0x0000000427000000| PB 0x0000000427000000| Untracked |  0
|  71|0x0000000427800000, 0x0000000427800000, 0x0000000428000000|  0%| F|  |TAMS 0x0000000427800000| PB 0x0000000427800000| Untracked |  0
|  72|0x0000000428000000, 0x0000000428000000, 0x0000000428800000|  0%| F|  |TAMS 0x0000000428000000| PB 0x0000000428000000| Untracked |  0
|  73|0x0000000428800000, 0x0000000428800000, 0x0000000429000000|  0%| F|  |TAMS 0x0000000428800000| PB 0x0000000428800000| Untracked |  0
|  74|0x0000000429000000, 0x0000000429000000, 0x0000000429800000|  0%| F|  |TAMS 0x0000000429000000| PB 0x0000000429000000| Untracked |  0
|  75|0x0000000429800000, 0x0000000429800000, 0x000000042a000000|  0%| F|  |TAMS 0x0000000429800000| PB 0x0000000429800000| Untracked |  0
|  76|0x000000042a000000, 0x000000042a000000, 0x000000042a800000|  0%| F|  |TAMS 0x000000042a000000| PB 0x000000042a000000| Untracked |  0
|  77|0x000000042a800000, 0x000000042a800000, 0x000000042b000000|  0%| F|  |TAMS 0x000000042a800000| PB 0x000000042a800000| Untracked |  0
|  78|0x000000042b000000, 0x000000042b000000, 0x000000042b800000|  0%| F|  |TAMS 0x000000042b000000| PB 0x000000042b000000| Untracked |  0
|  79|0x000000042b800000, 0x000000042b800000, 0x000000042c000000|  0%| F|  |TAMS 0x000000042b800000| PB 0x000000042b800000| Untracked |  0
|  80|0x000000042c000000, 0x000000042c000000, 0x000000042c800000|  0%| F|  |TAMS 0x000000042c000000| PB 0x000000042c000000| Untracked |  0
|  81|0x000000042c800000, 0x000000042c800000, 0x000000042d000000|  0%| F|  |TAMS 0x000000042c800000| PB 0x000000042c800000| Untracked |  0
|  82|0x000000042d000000, 0x000000042d000000, 0x000000042d800000|  0%| F|  |TAMS 0x000000042d000000| PB 0x000000042d000000| Untracked |  0
|  83|0x000000042d800000, 0x000000042d800000, 0x000000042e000000|  0%| F|  |TAMS 0x000000042d800000| PB 0x000000042d800000| Untracked |  0
|  84|0x000000042e000000, 0x000000042e000000, 0x000000042e800000|  0%| F|  |TAMS 0x000000042e000000| PB 0x000000042e000000| Untracked |  0
|  85|0x000000042e800000, 0x000000042e800000, 0x000000042f000000|  0%| F|  |TAMS 0x000000042e800000| PB 0x000000042e800000| Untracked |  0
|  86|0x000000042f000000, 0x000000042f000000, 0x000000042f800000|  0%| F|  |TAMS 0x000000042f000000| PB 0x000000042f000000| Untracked |  0
|  87|0x000000042f800000, 0x000000042f800000, 0x0000000430000000|  0%| F|  |TAMS 0x000000042f800000| PB 0x000000042f800000| Untracked |  0
|  88|0x0000000430000000, 0x0000000430000000, 0x0000000430800000|  0%| F|  |TAMS 0x0000000430000000| PB 0x0000000430000000| Untracked |  0
|  89|0x0000000430800000, 0x0000000430800000, 0x0000000431000000|  0%| F|  |TAMS 0x0000000430800000| PB 0x0000000430800000| Untracked |  0
|  90|0x0000000431000000, 0x0000000431000000, 0x0000000431800000|  0%| F|  |TAMS 0x0000000431000000| PB 0x0000000431000000| Untracked |  0
|  91|0x0000000431800000, 0x0000000431800000, 0x0000000432000000|  0%| F|  |TAMS 0x0000000431800000| PB 0x0000000431800000| Untracked |  0
|  92|0x0000000432000000, 0x0000000432000000, 0x0000000432800000|  0%| F|  |TAMS 0x0000000432000000| PB 0x0000000432000000| Untracked |  0
|  93|0x0000000432800000, 0x0000000432800000, 0x0000000433000000|  0%| F|  |TAMS 0x0000000432800000| PB 0x0000000432800000| Untracked |  0
|  94|0x0000000433000000, 0x0000000433000000, 0x0000000433800000|  0%| F|  |TAMS 0x0000000433000000| PB 0x0000000433000000| Untracked |  0
|  95|0x0000000433800000, 0x0000000433800000, 0x0000000434000000|  0%| F|  |TAMS 0x0000000433800000| PB 0x0000000433800000| Untracked |  0
|  96|0x0000000434000000, 0x0000000434000000, 0x0000000434800000|  0%| F|  |TAMS 0x0000000434000000| PB 0x0000000434000000| Untracked |  0
|  97|0x0000000434800000, 0x0000000434800000, 0x0000000435000000|  0%| F|  |TAMS 0x0000000434800000| PB 0x0000000434800000| Untracked |  0
|  98|0x0000000435000000, 0x0000000435000000, 0x0000000435800000|  0%| F|  |TAMS 0x0000000435000000| PB 0x0000000435000000| Untracked |  0
|  99|0x0000000435800000, 0x0000000435800000, 0x0000000436000000|  0%| F|  |TAMS 0x0000000435800000| PB 0x0000000435800000| Untracked |  0
| 100|0x0000000436000000, 0x0000000436000000, 0x0000000436800000|  0%| F|  |TAMS 0x0000000436000000| PB 0x0000000436000000| Untracked |  0
| 101|0x0000000436800000, 0x0000000436800000, 0x0000000437000000|  0%| F|  |TAMS 0x0000000436800000| PB 0x0000000436800000| Untracked |  0
| 102|0x0000000437000000, 0x0000000437000000, 0x0000000437800000|  0%| F|  |TAMS 0x0000000437000000| PB 0x0000000437000000| Untracked |  0
| 103|0x0000000437800000, 0x0000000437800000, 0x0000000438000000|  0%| F|  |TAMS 0x0000000437800000| PB 0x0000000437800000| Untracked |  0
| 104|0x0000000438000000, 0x0000000438000000, 0x0000000438800000|  0%| F|  |TAMS 0x0000000438000000| PB 0x0000000438000000| Untracked |  0
| 105|0x0000000438800000, 0x0000000438800000, 0x0000000439000000|  0%| F|  |TAMS 0x0000000438800000| PB 0x0000000438800000| Untracked |  0
| 106|0x0000000439000000, 0x0000000439000000, 0x0000000439800000|  0%| F|  |TAMS 0x0000000439000000| PB 0x0000000439000000| Untracked |  0
| 107|0x0000000439800000, 0x0000000439800000, 0x000000043a000000|  0%| F|  |TAMS 0x0000000439800000| PB 0x0000000439800000| Untracked |  0
| 108|0x000000043a000000, 0x000000043a000000, 0x000000043a800000|  0%| F|  |TAMS 0x000000043a000000| PB 0x000000043a000000| Untracked |  0
| 109|0x000000043a800000, 0x000000043a800000, 0x000000043b000000|  0%| F|  |TAMS 0x000000043a800000| PB 0x000000043a800000| Untracked |  0
| 110|0x000000043b000000, 0x000000043b000000, 0x000000043b800000|  0%| F|  |TAMS 0x000000043b000000| PB 0x000000043b000000| Untracked |  0
| 111|0x000000043b800000, 0x000000043b800000, 0x000000043c000000|  0%| F|  |TAMS 0x000000043b800000| PB 0x000000043b800000| Untracked |  0
| 112|0x000000043c000000, 0x000000043c000000, 0x000000043c800000|  0%| F|  |TAMS 0x000000043c000000| PB 0x000000043c000000| Untracked |  0
| 113|0x000000043c800000, 0x000000043c800000, 0x000000043d000000|  0%| F|  |TAMS 0x000000043c800000| PB 0x000000043c800000| Untracked |  0
| 114|0x000000043d000000, 0x000000043d000000, 0x000000043d800000|  0%| F|  |TAMS 0x000000043d000000| PB 0x000000043d000000| Untracked |  0
| 115|0x000000043d800000, 0x000000043d800000, 0x000000043e000000|  0%| F|  |TAMS 0x000000043d800000| PB 0x000000043d800000| Untracked |  0
| 116|0x000000043e000000, 0x000000043e000000, 0x000000043e800000|  0%| F|  |TAMS 0x000000043e000000| PB 0x000000043e000000| Untracked |  0
| 117|0x000000043e800000, 0x000000043e800000, 0x000000043f000000|  0%| F|  |TAMS 0x000000043e800000| PB 0x000000043e800000| Untracked |  0
| 118|0x000000043f000000, 0x000000043f000000, 0x000000043f800000|  0%| F|  |TAMS 0x000000043f000000| PB 0x000000043f000000| Untracked |  0
| 119|0x000000043f800000, 0x000000043f800000, 0x0000000440000000|  0%| F|  |TAMS 0x000000043f800000| PB 0x000000043f800000| Untracked |  0
| 120|0x0000000440000000, 0x00000004404791b8, 0x0000000440800000| 55%| E|  |TAMS 0x0000000440000000| PB 0x0000000440000000| Complete |  0
| 121|0x0000000440800000, 0x0000000441000000, 0x0000000441000000|100%| E|  |TAMS 0x0000000440800000| PB 0x0000000440800000| Complete |  0
| 122|0x0000000441000000, 0x00000004413183d0, 0x0000000441800000| 38%| S|CS|TAMS 0x0000000441000000| PB 0x0000000441000000| Complete |  0
| 123|0x0000000441800000, 0x0000000442000000, 0x0000000442000000|100%| E|CS|TAMS 0x0000000441800000| PB 0x0000000441800000| Complete |  0
| 124|0x0000000442000000, 0x0000000442800000, 0x0000000442800000|100%| E|CS|TAMS 0x0000000442000000| PB 0x0000000442000000| Complete |  0
| 125|0x0000000442800000, 0x0000000443000000, 0x0000000443000000|100%| E|CS|TAMS 0x0000000442800000| PB 0x0000000442800000| Complete |  0
| 126|0x0000000443000000, 0x0000000443800000, 0x0000000443800000|100%| E|CS|TAMS 0x0000000443000000| PB 0x0000000443000000| Complete |  0
| 127|0x0000000443800000, 0x0000000444000000, 0x0000000444000000|100%| E|CS|TAMS 0x0000000443800000| PB 0x0000000443800000| Complete |  0

Card table byte_map: [0x000002a217670000,0x000002a219650000] _byte_map_base: 0x000002a215650000

Marking Bits: (CMBitMap*) 0x000002a27c32f950
 Bits: [0x000002a219650000, 0x000002a229550000)

Polling page: 0x000002a2791b0000

Metaspace:

Usage:
  Non-class:     17.87 MB used.
      Class:      1.64 MB used.
       Both:     19.50 MB used.

Virtual space:
  Non-class space:       64.00 MB reserved,      18.00 MB ( 28%) committed,  1 nodes.
      Class space:        1.00 GB reserved,       1.81 MB ( <1%) committed,  1 nodes.
             Both:        1.06 GB reserved,      19.81 MB (  2%) committed. 

Chunk freelists:
   Non-Class:  14.01 MB
       Class:  14.24 MB
        Both:  28.25 MB

MaxMetaspaceSize: unlimited
CompressedClassSpaceSize: 1.00 GB
Initial GC threshold: 21.00 MB
Current GC threshold: 21.00 MB
CDS: on
 - commit_granule_bytes: 65536.
 - commit_granule_words: 8192.
 - virtual_space_node_default_size: 8388608.
 - enlarge_chunks_in_place: 1.
 - use_allocation_guard: 0.


Internal statistics:

num_allocs_failed_limit: 0.
num_arena_births: 232.
num_arena_deaths: 0.
num_vsnodes_births: 2.
num_vsnodes_deaths: 0.
num_space_committed: 316.
num_space_uncommitted: 0.
num_chunks_returned_to_freelist: 0.
num_chunks_taken_from_freelist: 650.
num_chunk_merges: 0.
num_chunk_splits: 440.
num_chunks_enlarged: 308.
num_inconsistent_stats: 0.

CodeHeap 'non-profiled nmethods': size=119232Kb used=2182Kb max_used=2182Kb free=117049Kb
 bounds [0x000002a210200000, 0x000002a210470000, 0x000002a217670000]
CodeHeap 'profiled nmethods': size=119104Kb used=5584Kb max_used=5584Kb free=113519Kb
 bounds [0x000002a208670000, 0x000002a208bf0000, 0x000002a20fac0000]
CodeHeap 'non-nmethods': size=7424Kb used=3498Kb max_used=3968Kb free=3925Kb
 bounds [0x000002a20fac0000, 0x000002a20fef0000, 0x000002a210200000]
CodeCache: size=245760Kb, used=11264Kb, max_used=11734Kb, free=234493Kb
 total_blobs=5163, nmethods=3880, adapters=1186, full_count=0
Compilation: enabled, stopped_count=0, restarted_count=0

Compilation events (20 events):
Event: 19.742 Thread 0x000002a22b6523d0 3802       4       jdk.internal.misc.Unsafe::convEndian (16 bytes)
Event: 19.743 Thread 0x000002a22b6523d0 nmethod 3802 0x000002a210417108 code [0x000002a210417200, 0x000002a210417278]
Event: 19.743 Thread 0x000002a22b6523d0 3751       4       java.lang.invoke.MethodType::basicType (8 bytes)
Event: 19.743 Thread 0x000002a22b6523d0 nmethod 3751 0x000002a210417408 code [0x000002a210417500, 0x000002a2104175a0]
Event: 19.743 Thread 0x000002a22b6523d0 3842       4       jdk.internal.misc.Unsafe::getShortUnaligned (12 bytes)
Event: 19.743 Thread 0x000002a22b6523d0 nmethod 3842 0x000002a210417708 code [0x000002a210417800, 0x000002a2104178d8]
Event: 19.743 Thread 0x000002a22b6523d0 3782       4       jdk.internal.org.objectweb.asm.SymbolTable$Entry::<init> (17 bytes)
Event: 19.744 Thread 0x000002a22b6523d0 nmethod 3782 0x000002a210417a08 code [0x000002a210417b00, 0x000002a210417d38]
Event: 19.744 Thread 0x000002a22b6523d0 3787       4       java.awt.Component::getTreeLock (4 bytes)
Event: 19.744 Thread 0x000002a22b6523d0 nmethod 3787 0x000002a210417d88 code [0x000002a210417e80, 0x000002a210417f00]
Event: 19.747 Thread 0x000002a271803740 3878       3       java.util.logging.LogManager$LoggerContext::ensureDefaultLogger (71 bytes)
Event: 19.747 Thread 0x000002a271803740 nmethod 3878 0x000002a208be2008 code [0x000002a208be21a0, 0x000002a208be2838]
Event: 19.747 Thread 0x000002a22b727ac0 nmethod 3702 0x000002a210418388 code [0x000002a2104188a0, 0x000002a210421670]
Event: 19.747 Thread 0x000002a271803740 3879   !   3       java.util.logging.LogManager$LoggerContext::findLogger (113 bytes)
Event: 19.747 Thread 0x000002a281fbfd80 3880       3       java.awt.Component::getParent (5 bytes)
Event: 19.747 Thread 0x000002a27c4a8e10 3881       3       java.util.logging.LogManager::checkPermission (16 bytes)
Event: 19.747 Thread 0x000002a281fbfd80 nmethod 3880 0x000002a208be2908 code [0x000002a208be2a20, 0x000002a208be2b48]
Event: 19.747 Thread 0x000002a27c4a8e10 nmethod 3881 0x000002a208be2c08 code [0x000002a208be2d40, 0x000002a208be2f30]
Event: 19.748 Thread 0x000002a271803740 nmethod 3879 0x000002a208be2f88 code [0x000002a208be31a0, 0x000002a208be41a8]
Event: 19.766 Thread 0x000002a22b7095a0 


GC Heap History (4 events):
Event: 2.096 GC heap before
{Heap before GC invocations=0 (full 0):
 garbage-first heap   total reserved 16711680K, committed 1048576K, used 40960K [0x0000000404000000, 0x0000000800000000)
  region size 8192K, 6 young (49152K), 0 survivors (0K)
 Metaspace       used 13199K, committed 13376K, reserved 1114112K
  class space    used 1004K, committed 1088K, reserved 1048576K
}
Event: 2.100 GC heap after
{Heap after GC invocations=1 (full 0):
 garbage-first heap   total reserved 16711680K, committed 1048576K, used 7236K [0x0000000404000000, 0x0000000800000000)
  region size 8192K, 1 young (8192K), 1 survivors (8192K)
 Metaspace       used 13199K, committed 13376K, reserved 1114112K
  class space    used 1004K, committed 1088K, reserved 1048576K
}
Event: 2.290 GC heap before
{Heap before GC invocations=1 (full 0):
 garbage-first heap   total reserved 16711680K, committed 1048576K, used 48196K [0x0000000404000000, 0x0000000800000000)
  region size 8192K, 6 young (49152K), 1 survivors (8192K)
 Metaspace       used 14075K, committed 14272K, reserved 1114112K
  class space    used 1057K, committed 1152K, reserved 1048576K
}
Event: 2.292 GC heap after
{Heap after GC invocations=2 (full 0):
 garbage-first heap   total reserved 16711680K, committed 1048576K, used 10058K [0x0000000404000000, 0x0000000800000000)
  region size 8192K, 1 young (8192K), 1 survivors (8192K)
 Metaspace       used 14075K, committed 14272K, reserved 1114112K
  class space    used 1057K, committed 1152K, reserved 1048576K
}

Dll operation events (13 events):
Event: 0.007 Loaded shared library E:\Program Files\jdk23\bin\java.dll
Event: 0.028 Loaded shared library E:\Program Files\jdk23\bin\jsvml.dll
Event: 0.078 Loaded shared library E:\Program Files\jdk23\bin\net.dll
Event: 0.078 Loaded shared library E:\Program Files\jdk23\bin\nio.dll
Event: 0.080 Loaded shared library E:\Program Files\jdk23\bin\zip.dll
Event: 0.098 Loaded shared library E:\Program Files\jdk23\bin\jimage.dll
Event: 0.174 Loaded shared library E:\CSProject2024\bulletjme.dll
Event: 0.207 Loaded shared library C:\Users\Tsawke\AppData\Local\Temp\lwjglTsawke\3.2.3-build-13\lwjgl.dll
Event: 1.449 Loaded shared library C:\Users\Tsawke\AppData\Local\Temp\lwjglTsawke\3.2.3-build-13\lwjgl_opengl.dll
Event: 1.773 Loaded shared library E:\Program Files\jdk23\bin\awt.dll
Event: 2.079 Loaded shared library E:\Program Files\jdk23\bin\javajpeg.dll
Event: 19.716 Loaded shared library E:\Program Files\jdk23\bin\freetype.dll
Event: 19.716 Loaded shared library E:\Program Files\jdk23\bin\fontmanager.dll

Deoptimization events (20 events):
Event: 19.728 Thread 0x000002a27b2178b0 Uncommon trap: trap_request=0xffffffc6 fr.pc=0x000002a210284d1c relative=0x000000000000097c
Event: 19.728 Thread 0x000002a27b2178b0 Uncommon trap: reason=bimorphic_or_optimized_type_check action=maybe_recompile pc=0x000002a210284d1c method=java.nio.charset.CharsetDecoder.decode(Ljava/nio/ByteBuffer;Ljava/nio/CharBuffer;Z)Ljava/nio/charset/CoderResult; @ 57 c2
Event: 19.728 Thread 0x000002a27b2178b0 DEOPT PACKING pc=0x000002a210284d1c sp=0x000000d8644fd780
Event: 19.728 Thread 0x000002a27b2178b0 DEOPT UNPACKING pc=0x000002a20fb14402 sp=0x000000d8644fd758 mode 2
Event: 19.729 Thread 0x000002a27b2178b0 Uncommon trap: trap_request=0xffffffde fr.pc=0x000002a2102ee9ac relative=0x000000000000138c
Event: 19.729 Thread 0x000002a27b2178b0 Uncommon trap: reason=class_check action=maybe_recompile pc=0x000002a2102ee9ac method=java.lang.String.<init>(Ljava/nio/charset/Charset;[BII)V @ 509 c2
Event: 19.729 Thread 0x000002a27b2178b0 DEOPT PACKING pc=0x000002a2102ee9ac sp=0x000000d8644fd8a0
Event: 19.729 Thread 0x000002a27b2178b0 DEOPT UNPACKING pc=0x000002a20fb14402 sp=0x000000d8644fd890 mode 2
Event: 19.729 Thread 0x000002a27b2178b0 Uncommon trap: trap_request=0xffffffc6 fr.pc=0x000002a210284d1c relative=0x000000000000097c
Event: 19.729 Thread 0x000002a27b2178b0 Uncommon trap: reason=bimorphic_or_optimized_type_check action=maybe_recompile pc=0x000002a210284d1c method=java.nio.charset.CharsetDecoder.decode(Ljava/nio/ByteBuffer;Ljava/nio/CharBuffer;Z)Ljava/nio/charset/CoderResult; @ 57 c2
Event: 19.729 Thread 0x000002a27b2178b0 DEOPT PACKING pc=0x000002a210284d1c sp=0x000000d8644fd780
Event: 19.729 Thread 0x000002a27b2178b0 DEOPT UNPACKING pc=0x000002a20fb14402 sp=0x000000d8644fd758 mode 2
Event: 19.729 Thread 0x000002a27b2178b0 Uncommon trap: trap_request=0xffffffde fr.pc=0x000002a2102ee9ac relative=0x000000000000138c
Event: 19.729 Thread 0x000002a27b2178b0 Uncommon trap: reason=class_check action=maybe_recompile pc=0x000002a2102ee9ac method=java.lang.String.<init>(Ljava/nio/charset/Charset;[BII)V @ 509 c2
Event: 19.729 Thread 0x000002a27b2178b0 DEOPT PACKING pc=0x000002a2102ee9ac sp=0x000000d8644fd8a0
Event: 19.729 Thread 0x000002a27b2178b0 DEOPT UNPACKING pc=0x000002a20fb14402 sp=0x000000d8644fd890 mode 2
Event: 19.729 Thread 0x000002a27b2178b0 Uncommon trap: trap_request=0xffffffc6 fr.pc=0x000002a210284d1c relative=0x000000000000097c
Event: 19.729 Thread 0x000002a27b2178b0 Uncommon trap: reason=bimorphic_or_optimized_type_check action=maybe_recompile pc=0x000002a210284d1c method=java.nio.charset.CharsetDecoder.decode(Ljava/nio/ByteBuffer;Ljava/nio/CharBuffer;Z)Ljava/nio/charset/CoderResult; @ 57 c2
Event: 19.729 Thread 0x000002a27b2178b0 DEOPT PACKING pc=0x000002a210284d1c sp=0x000000d8644fd780
Event: 19.729 Thread 0x000002a27b2178b0 DEOPT UNPACKING pc=0x000002a20fb14402 sp=0x000000d8644fd758 mode 2

Classes loaded (20 events):
Event: 19.741 Loading class java/awt/DefaultKeyboardFocusManager$DefaultKeyboardFocusManagerSentEvent
Event: 19.741 Loading class java/awt/SentEvent
Event: 19.742 Loading class java/awt/SentEvent done
Event: 19.742 Loading class java/awt/DefaultKeyboardFocusManager$DefaultKeyboardFocusManagerSentEvent done
Event: 19.742 Loading class java/awt/event/FocusEvent
Event: 19.742 Loading class java/awt/event/FocusEvent done
Event: 19.746 Loading class sun/awt/windows/WGlobalCursorManager
Event: 19.746 Loading class sun/awt/GlobalCursorManager
Event: 19.746 Loading class sun/awt/GlobalCursorManager done
Event: 19.746 Loading class sun/awt/windows/WGlobalCursorManager done
Event: 19.746 Loading class sun/awt/GlobalCursorManager$NativeUpdater
Event: 19.746 Loading class sun/awt/GlobalCursorManager$NativeUpdater done
Event: 19.746 Loading class sun/awt/event/IgnorePaintEvent
Event: 19.746 Loading class sun/awt/event/IgnorePaintEvent done
Event: 19.747 Loading class sun/awt/WeakIdentityHashMap$WeakKey
Event: 19.747 Loading class sun/awt/WeakIdentityHashMap$WeakKey done
Event: 19.747 Loading class java/util/ArrayList$ListItr
Event: 19.747 Loading class java/util/ArrayList$ListItr done
Event: 19.747 Loading class sun/awt/KeyboardFocusManagerPeerImpl$KfmAccessor
Event: 19.748 Loading class sun/awt/KeyboardFocusManagerPeerImpl$KfmAccessor done

Classes unloaded (0 events):
No events

Classes redefined (0 events):
No events

Internal exceptions (20 events):
Event: 1.820 Thread 0x000002a27b2178b0 Exception <a 'sun/nio/fs/WindowsException'{0x0000000441b4a9b0}> (0x0000000441b4a9b0) 
thrown [s\open\src\hotspot\share\prims\jni.cpp, line 520]
Event: 2.016 Thread 0x000002a27b2178b0 Exception <a 'java/lang/ClassNotFoundException'{0x0000000441e46ab0}: sun/awt/resources/spi/awtProvider> (0x0000000441e46ab0) 
thrown [s\open\src\hotspot\share\classfile\systemDictionary.cpp, line 313]
Event: 2.018 Thread 0x000002a27b2178b0 Exception <a 'java/io/FileNotFoundException'{0x0000000441e4ddd8}> (0x0000000441e4ddd8) 
thrown [s\open\src\hotspot\share\prims\jni.cpp, line 520]
Event: 2.019 Thread 0x000002a27b2178b0 Exception <a 'java/io/FileNotFoundException'{0x0000000441e78338}> (0x0000000441e78338) 
thrown [s\open\src\hotspot\share\prims\jni.cpp, line 520]
Event: 2.207 Thread 0x000002a27b2178b0 Exception <a 'java/lang/NoSuchMethodError'{0x00000004429f6f68}: 'java.lang.Object java.lang.invoke.DirectMethodHandle$Holder.newInvokeSpecial(java.lang.Object, java.lang.Object, java.lang.Object, java.lang.Object, java.lang.Object, java.lang.Object, java.lang.Object)'> (0x00000004429f6f68) 
thrown [s\open\src\hotspot\share\interpreter\linkResolver.cpp, line 796]
Event: 2.323 Thread 0x000002a27b2178b0 Exception <a 'java/lang/NoSuchMethodError'{0x000000044342dae0}: 'void java.lang.invoke.DirectMethodHandle$Holder.invokeSpecial(java.lang.Object, java.lang.Object, int)'> (0x000000044342dae0) 
thrown [s\open\src\hotspot\share\interpreter\linkResolver.cpp, line 796]
Event: 4.421 Thread 0x000002a27b2178b0 Implicit null exception at 0x000002a2103698a2 to 0x000002a210370b88
Event: 13.704 Thread 0x000002a27b2178b0 Implicit null exception at 0x000002a2103da918 to 0x000002a2103db6b0
Event: 13.704 Thread 0x000002a27b2178b0 Implicit null exception at 0x000002a2103da918 to 0x000002a2103db6b0
Event: 13.704 Thread 0x000002a27b2178b0 Implicit null exception at 0x000002a2103da918 to 0x000002a2103db6b0
Event: 13.720 Thread 0x000002a27b2178b0 Implicit null exception at 0x000002a2103da918 to 0x000002a2103db6b0
Event: 19.662 Thread 0x000002a27b2178b0 Exception <a 'java/lang/NoSuchMethodError'{0x000000044087ea98}: 'java.lang.Object java.lang.invoke.DirectMethodHandle$Holder.invokeStatic(java.lang.Object, int, java.lang.Object)'> (0x000000044087ea98) 
thrown [s\open\src\hotspot\share\interpreter\linkResolver.cpp, line 796]
Event: 19.669 Thread 0x000002a27b2178b0 Exception <a 'java/lang/ClassNotFoundException'{0x0000000440923308}: com/sun/swing/internal/plaf/metal/resources/spi/metalProvider> (0x0000000440923308) 
thrown [s\open\src\hotspot\share\classfile\systemDictionary.cpp, line 313]
Event: 19.669 Thread 0x000002a27b2178b0 Exception <a 'java/lang/ClassNotFoundException'{0x0000000440929300}: com/sun/swing/internal/plaf/basic/resources/spi/basicProvider> (0x0000000440929300) 
thrown [s\open\src\hotspot\share\classfile\systemDictionary.cpp, line 313]
Event: 19.674 Thread 0x000002a27b2178b0 Exception <a 'java/lang/NoSuchMethodError'{0x000000044094a448}: 'int java.lang.invoke.Invokers$Holder.invokeExact_MT(java.lang.Object, java.lang.Object)'> (0x000000044094a448) 
thrown [s\open\src\hotspot\share\interpreter\linkResolver.cpp, line 796]
Event: 19.675 Thread 0x000002a27b2178b0 Exception <a 'java/lang/NoSuchMethodError'{0x0000000440950898}: 'void java.lang.invoke.DirectMethodHandle$Holder.invokeStatic(java.lang.Object, java.lang.Object, java.lang.Object, int)'> (0x0000000440950898) 
thrown [s\open\src\hotspot\share\interpreter\linkResolver.cpp, line 796]
Event: 19.679 Thread 0x000002a28079f4f0 Exception <a 'java/lang/NoSuchMethodError'{0x00000004409ba3a0}: 'java.lang.Object java.lang.invoke.DirectMethodHandle$Holder.newInvokeSpecial(java.lang.Object, java.lang.Object, java.lang.Object, int, int, int, int, int)'> (0x00000004409ba3a0) 
thrown [s\open\src\hotspot\share\interpreter\linkResolver.cpp, line 796]
Event: 19.689 Thread 0x000002a27b2178b0 Exception <a 'java/lang/NoSuchMethodError'{0x0000000440964d58}: 'java.lang.Object java.lang.invoke.DirectMethodHandle$Holder.newInvokeSpecial(java.lang.Object, java.lang.Object, int)'> (0x0000000440964d58) 
thrown [s\open\src\hotspot\share\interpreter\linkResolver.cpp, line 796]
Event: 19.718 Thread 0x000002a27b2178b0 Exception <a 'java/io/FileNotFoundException'{0x00000004409a5968}> (0x00000004409a5968) 
thrown [s\open\src\hotspot\share\prims\jni.cpp, line 520]
Event: 19.746 Thread 0x000002a2807a0210 Exception <a 'java/lang/NoSuchMethodError'{0x000000044080fd08}: 'void java.lang.invoke.DirectMethodHandle$Holder.invokeVirtual(java.lang.Object, java.lang.Object)'> (0x000000044080fd08) 
thrown [s\open\src\hotspot\share\interpreter\linkResolver.cpp, line 796]

VM Operations (20 events):
Event: 2.290 Executing VM operation: G1CollectForAllocation (G1 Evacuation Pause)
Event: 2.292 Executing VM operation: G1CollectForAllocation (G1 Evacuation Pause) done
Event: 2.316 Executing VM operation: HandshakeAllThreads (Deoptimize)
Event: 2.316 Executing VM operation: HandshakeAllThreads (Deoptimize) done
Event: 2.316 Executing VM operation: HandshakeAllThreads (Deoptimize)
Event: 2.316 Executing VM operation: HandshakeAllThreads (Deoptimize) done
Event: 19.655 Executing VM operation: HandshakeAllThreads (Deoptimize)
Event: 19.655 Executing VM operation: HandshakeAllThreads (Deoptimize) done
Event: 19.655 Executing VM operation: HandshakeAllThreads (Deoptimize)
Event: 19.655 Executing VM operation: HandshakeAllThreads (Deoptimize) done
Event: 19.727 Executing VM operation: HandshakeAllThreads (Deoptimize)
Event: 19.727 Executing VM operation: HandshakeAllThreads (Deoptimize) done
Event: 19.727 Executing VM operation: HandshakeAllThreads (Deoptimize)
Event: 19.727 Executing VM operation: HandshakeAllThreads (Deoptimize) done
Event: 19.728 Executing VM operation: HandshakeAllThreads (Deoptimize)
Event: 19.728 Executing VM operation: HandshakeAllThreads (Deoptimize) done
Event: 19.728 Executing VM operation: HandshakeAllThreads (Deoptimize)
Event: 19.728 Executing VM operation: HandshakeAllThreads (Deoptimize) done
Event: 19.747 Executing VM operation: HandshakeAllThreads (Deoptimize)
Event: 19.747 Executing VM operation: HandshakeAllThreads (Deoptimize) done

Memory protections (0 events):
No events

Nmethod flushes (0 events):
No events

Events (20 events):
Event: 12.223 Thread 0x000002a27c4a8e10 Thread added: 0x000002a22b727460
Event: 12.223 Thread 0x000002a27c4a8e10 Thread added: 0x000002a22b727b20
Event: 13.272 Thread 0x000002a22b727b20 Thread exited: 0x000002a22b727b20
Event: 13.521 Thread 0x000002a22b727460 Thread exited: 0x000002a22b727460
Event: 19.551 Thread 0x000002a27b2178b0 Thread added: 0x000002a22b64dce0
Event: 19.551 Thread 0x000002a27b2178b0 Thread added: 0x000002a2807a0210
Event: 19.661 Thread 0x000002a27c4a8e10 Thread added: 0x000002a22b727ac0
Event: 19.677 Thread 0x000002a27b2178b0 Thread added: 0x000002a28079f4f0
Event: 19.686 Thread 0x000002a27c4a8e10 Thread added: 0x000002a271803740
Event: 19.686 Thread 0x000002a27c4a8e10 Thread added: 0x000002a281fbfd80
Event: 19.707 Thread 0x000002a2807a0210 Thread added: 0x000002a2807a2970
Event: 19.711 Thread 0x000002a27c4a8e10 Thread added: 0x000002a22b7095a0
Event: 19.747 Thread 0x000002a27b2178b0 Thread added: 0x000002a2807a08a0
Event: 19.747 Thread 0x000002a27b2178b0 Thread added: 0x000002a2807a3000
Event: 19.747 Thread 0x000002a27b2178b0 Thread added: 0x000002a28079fb80
Event: 19.747 Thread 0x000002a2807a3000 Thread exited: 0x000002a2807a3000
Event: 19.747 Thread 0x000002a28079fb80 Thread exited: 0x000002a28079fb80
Event: 19.755 Thread 0x000002a2807a0210 Thread exited: 0x000002a2807a0210
Event: 19.847 Thread 0x000002a2807a08a0 Thread exited: 0x000002a2807a08a0
Event: 19.847 Thread 0x000002a27b2178b0 Before exit entered


Dynamic libraries:
0x00007ff7fc900000 - 0x00007ff7fc910000 	E:\Program Files\jdk23\bin\java.exe
0x00007fff39430000 - 0x00007fff39647000 	C:\Windows\SYSTEM32\ntdll.dll
0x00007fff37790000 - 0x00007fff37854000 	C:\Windows\System32\KERNEL32.DLL
0x00007fff36870000 - 0x00007fff36c2a000 	C:\Windows\System32\KERNELBASE.dll
0x00007fff36ef0000 - 0x00007fff37001000 	C:\Windows\System32\ucrtbase.dll
0x00007fff2c7d0000 - 0x00007fff2c7e7000 	E:\Program Files\jdk23\bin\jli.dll
0x00007ffeda730000 - 0x00007ffeda74b000 	E:\Program Files\jdk23\bin\VCRUNTIME140.dll
0x00007fff38240000 - 0x00007fff383ee000 	C:\Windows\System32\USER32.dll
0x00007fff36cb0000 - 0x00007fff36cd6000 	C:\Windows\System32\win32u.dll
0x00007fff14040000 - 0x00007fff142d2000 	C:\Windows\WinSxS\amd64_microsoft.windows.common-controls_6595b64144ccf1df_6.0.22621.4541_none_2710d1c57384c085\COMCTL32.dll
0x00007fff38f60000 - 0x00007fff38f89000 	C:\Windows\System32\GDI32.dll
0x00007fff372b0000 - 0x00007fff37357000 	C:\Windows\System32\msvcrt.dll
0x00007fff37010000 - 0x00007fff3712b000 	C:\Windows\System32\gdi32full.dll
0x00007fff36e50000 - 0x00007fff36eea000 	C:\Windows\System32\msvcp_win.dll
0x00007fff391a0000 - 0x00007fff391d1000 	C:\Windows\System32\IMM32.DLL
0x00007fff2e5c0000 - 0x00007fff2e5cc000 	E:\Program Files\jdk23\bin\vcruntime140_1.dll
0x00007ffe4b030000 - 0x00007ffe4b0be000 	E:\Program Files\jdk23\bin\msvcp140.dll
0x00007ffe46070000 - 0x00007ffe46dbf000 	E:\Program Files\jdk23\bin\server\jvm.dll
0x00007fff385a0000 - 0x00007fff38652000 	C:\Windows\System32\ADVAPI32.dll
0x00007fff38e70000 - 0x00007fff38f17000 	C:\Windows\System32\sechost.dll
0x00007fff36e20000 - 0x00007fff36e48000 	C:\Windows\System32\bcrypt.dll
0x00007fff37190000 - 0x00007fff372a4000 	C:\Windows\System32\RPCRT4.dll
0x00007fff39370000 - 0x00007fff393e1000 	C:\Windows\System32\WS2_32.dll
0x00007fff31110000 - 0x00007fff31144000 	C:\Windows\SYSTEM32\WINMM.dll
0x00007fff35590000 - 0x00007fff355dd000 	C:\Windows\SYSTEM32\POWRPROF.dll
0x00007fff2ea10000 - 0x00007fff2ea1a000 	C:\Windows\SYSTEM32\VERSION.dll
0x00007fff35570000 - 0x00007fff35583000 	C:\Windows\SYSTEM32\UMPDC.dll
0x00007fff35830000 - 0x00007fff35848000 	C:\Windows\SYSTEM32\kernel.appcore.dll
0x00007fff12ee0000 - 0x00007fff12eea000 	E:\Program Files\jdk23\bin\jimage.dll
0x00007fff340f0000 - 0x00007fff34322000 	C:\Windows\SYSTEM32\DBGHELP.DLL
0x00007fff38ae0000 - 0x00007fff38e6f000 	C:\Windows\System32\combase.dll
0x00007fff38fb0000 - 0x00007fff39087000 	C:\Windows\System32\OLEAUT32.dll
0x00007fff2dac0000 - 0x00007fff2daf2000 	C:\Windows\SYSTEM32\dbgcore.DLL
0x00007fff36c30000 - 0x00007fff36cab000 	C:\Windows\System32\bcryptPrimitives.dll
0x00007fff1e910000 - 0x00007fff1e94c000 	E:\Program Files\jdk23\bin\jdwp.dll
0x00007ffed58f0000 - 0x00007ffed590e000 	E:\Program Files\jdk23\bin\java.dll
0x00007fff383f0000 - 0x00007fff38595000 	C:\Windows\System32\ole32.dll
0x00007fff379c0000 - 0x00007fff38238000 	C:\Windows\System32\SHELL32.dll
0x00007fff34650000 - 0x00007fff34f58000 	C:\Windows\SYSTEM32\windows.storage.dll
0x00007fff34510000 - 0x00007fff3464f000 	C:\Windows\SYSTEM32\wintypes.dll
0x00007fff378b0000 - 0x00007fff379aa000 	C:\Windows\System32\SHCORE.dll
0x00007fff39090000 - 0x00007fff390ee000 	C:\Windows\System32\shlwapi.dll
0x00007fff36630000 - 0x00007fff3665b000 	C:\Windows\SYSTEM32\profapi.dll
0x00007ffe678d0000 - 0x00007ffe679a7000 	E:\Program Files\jdk23\bin\jsvml.dll
0x00007fff31320000 - 0x00007fff3132c000 	E:\Program Files\jdk23\bin\dt_socket.dll
0x00007fff35230000 - 0x00007fff3525d000 	C:\Windows\SYSTEM32\IPHLPAPI.DLL
0x00007fff35cb0000 - 0x00007fff35d19000 	C:\Windows\system32\mswsock.dll
0x00007fff352a0000 - 0x00007fff353a2000 	C:\Windows\SYSTEM32\DNSAPI.dll
0x00007fff38f40000 - 0x00007fff38f49000 	C:\Windows\System32\NSI.dll
0x00007fff2e600000 - 0x00007fff2e60a000 	C:\Windows\System32\rasadhlp.dll
0x00007fff2ea20000 - 0x00007fff2eaa3000 	C:\Windows\System32\fwpuclnt.dll
0x00007fff121f0000 - 0x00007fff12200000 	E:\Program Files\jdk23\bin\net.dll
0x00007ffece220000 - 0x00007ffece236000 	E:\Program Files\jdk23\bin\nio.dll
0x00007ffecd8f0000 - 0x00007ffecd907000 	E:\Program Files\jdk23\bin\zip.dll
0x00007ffecc4c0000 - 0x00007ffecc71d000 	E:\CSProject2024\bulletjme.dll
0x00007fff1e140000 - 0x00007fff1e1a4000 	C:\Users\Tsawke\AppData\Local\Temp\lwjglTsawke\3.2.3-build-13\lwjgl.dll
0x00007ffecbb80000 - 0x00007ffecbdd3000 	C:\Users\Tsawke\AppData\Local\Temp\lwjglTsawke\3.2.3-build-13\jemalloc.dll
0x00007fff0dac0000 - 0x00007fff0db22000 	C:\Users\Tsawke\AppData\Local\Temp\lwjglTsawke\3.2.3-build-13\glfw.dll
0x00007fff33680000 - 0x00007fff33731000 	C:\Windows\system32\uxtheme.dll
0x00007ffea7860000 - 0x00007ffea78a6000 	C:\Windows\SYSTEM32\dinput8.dll
0x00007fff2c790000 - 0x00007fff2c7a1000 	C:\Windows\SYSTEM32\xinput1_4.dll
0x00007fff363f0000 - 0x00007fff3643e000 	C:\Windows\SYSTEM32\cfgmgr32.dll
0x00007fff363c0000 - 0x00007fff363ec000 	C:\Windows\SYSTEM32\DEVOBJ.dll
0x00007fff33910000 - 0x00007fff3393b000 	C:\Windows\SYSTEM32\dwmapi.dll
0x00007fff1ba90000 - 0x00007fff1bca4000 	C:\Windows\SYSTEM32\inputhost.dll
0x00007fff30980000 - 0x00007fff30ab3000 	C:\Windows\SYSTEM32\CoreMessaging.dll
0x00007fff35f20000 - 0x00007fff35f2c000 	C:\Windows\SYSTEM32\CRYPTBASE.DLL
0x00007fff37520000 - 0x00007fff37681000 	C:\Windows\System32\MSCTF.dll
0x00007fff34f60000 - 0x00007fff34f6e000 	C:\Windows\SYSTEM32\HID.DLL
0x00007fff38660000 - 0x00007fff38ad4000 	C:\Windows\System32\SETUPAPI.DLL
0x00007fff36da0000 - 0x00007fff36e12000 	C:\Windows\System32\WINTRUST.dll
0x00007fff36700000 - 0x00007fff36866000 	C:\Windows\System32\CRYPT32.dll
0x00007fff35f60000 - 0x00007fff35f72000 	C:\Windows\SYSTEM32\MSASN1.dll
0x00007fff00350000 - 0x00007fff00450000 	C:\Windows\SYSTEM32\opengl32.dll
0x00007fff180b0000 - 0x00007fff180dd000 	C:\Windows\SYSTEM32\GLU32.dll
0x00007fff33980000 - 0x00007fff339b7000 	C:\Windows\SYSTEM32\dxcore.dll
0x00007fff390f0000 - 0x00007fff391a0000 	C:\Windows\System32\clbcatq.dll
0x00007ffe90c80000 - 0x00007ffe932b8000 	C:\Windows\System32\DriverStore\FileRepository\nv_dispi.inf_amd64_adf5a840df867035\nvoglv64.dll
0x00007fff355e0000 - 0x00007fff355f4000 	C:\Windows\SYSTEM32\WTSAPI32.dll
0x00007fff2e0f0000 - 0x00007fff2e122000 	C:\Windows\SYSTEM32\cryptnet.dll
0x00007fff35fd0000 - 0x00007fff3601c000 	C:\Windows\SYSTEM32\wldp.dll
0x00007fff2df30000 - 0x00007fff2e092000 	C:\Windows\SYSTEM32\drvstore.dll
0x00007fff35940000 - 0x00007fff35974000 	C:\Windows\SYSTEM32\ntmarta.dll
0x00007fff38f90000 - 0x00007fff38faf000 	C:\Windows\System32\imagehlp.dll
0x00007fff35f00000 - 0x00007fff35f1b000 	C:\Windows\SYSTEM32\CRYPTSP.dll
0x00007fff35790000 - 0x00007fff357c5000 	C:\Windows\system32\rsaenh.dll
0x00007fff25b10000 - 0x00007fff28820000 	C:\Windows\System32\DriverStore\FileRepository\nv_dispi.inf_amd64_adf5a840df867035\nvgpucomp64.dll
0x00007fff1f9e0000 - 0x00007fff1fcdb000 	C:\Windows\system32\nvspcap64.dll
0x00007fff351b0000 - 0x00007fff35216000 	C:\Windows\SYSTEM32\WINSTA.dll
0x00007fff1b940000 - 0x00007fff1ba85000 	C:\Windows\SYSTEM32\textinputframework.dll
0x00007fff28820000 - 0x00007fff28b8d000 	C:\Windows\SYSTEM32\CoreUIComponents.dll
0x00007ffedb300000 - 0x00007ffedb359000 	C:\Users\Tsawke\AppData\Local\Temp\lwjglTsawke\3.2.3-build-13\lwjgl_opengl.dll
0x00007ffe45ee0000 - 0x00007ffe4606e000 	E:\Program Files\jdk23\bin\awt.dll
0x00007fff30ee0000 - 0x00007fff30f77000 	C:\Windows\SYSTEM32\apphelp.dll
0x00007ffe64ef0000 - 0x00007ffe64ffb000 	C:\Users\Tsawke\AppData\Local\Temp\lwjglTsawke\3.2.3-build-13\OpenAL.dll
0x00007fff2d890000 - 0x00007fff2d92e000 	C:\Windows\System32\MMDevApi.dll
0x00007fff12cb0000 - 0x00007fff12e9e000 	C:\Windows\SYSTEM32\AUDIOSES.DLL
0x00007fff33c30000 - 0x00007fff33c45000 	C:\Windows\SYSTEM32\resourcepolicyclient.dll
0x00007fff1e110000 - 0x00007fff1e13e000 	E:\Program Files\jdk23\bin\javajpeg.dll
0x00007fff35d40000 - 0x00007fff35d66000 	C:\Windows\SYSTEM32\gpapi.dll
0x00007fff1f7e0000 - 0x00007fff1f935000 	C:\Windows\System32\DriverStore\FileRepository\nv_dispi.inf_amd64_adf5a840df867035\nvppex.dll
0x00007ffe4d550000 - 0x00007ffe4d5d7000 	E:\Program Files\jdk23\bin\freetype.dll
0x00007ffe44e70000 - 0x00007ffe44f47000 	E:\Program Files\jdk23\bin\fontmanager.dll

dbghelp: loaded successfully - version: 4.0.5 - missing functions: none
symbol engine: initialized successfully - sym options: 0x614 - pdb path: .;E:\Program Files\jdk23\bin;C:\Windows\SYSTEM32;C:\Windows\WinSxS\amd64_microsoft.windows.common-controls_6595b64144ccf1df_6.0.22621.4541_none_2710d1c57384c085;E:\Program Files\jdk23\bin\server;E:\CSProject2024;C:\Users\Tsawke\AppData\Local\Temp\lwjglTsawke\3.2.3-build-13;C:\Windows\System32\DriverStore\FileRepository\nv_dispi.inf_amd64_adf5a840df867035

VM Arguments:
jvm_args: -agentlib:jdwp=transport=dt_socket,server=n,suspend=y,address=localhost:6708 -XX:+ShowCodeDetailsInExceptionMessages 
java_command: com.csproject.jMEMain
java_class_path (initial): E:\CSProject2024\csproject\target\classes;C:\Users\Tsawke\.m2\repository\com\formdev\flatlaf\3.5.2\flatlaf-3.5.2.jar;C:\Users\Tsawke\.m2\repository\org\apache\commons\commons-lang3\3.12.0\commons-lang3-3.12.0.jar;C:\Users\Tsawke\.m2\repository\com\h2database\h2\1.4.200\h2-1.4.200.jar;C:\Users\Tsawke\.m2\repository\junit\junit\4.12\junit-4.12.jar;C:\Users\Tsawke\.m2\repository\org\hamcrest\hamcrest-core\1.3\hamcrest-core-1.3.jar;C:\Users\Tsawke\.m2\repository\org\junit\jupiter\junit-jupiter\5.9.3\junit-jupiter-5.9.3.jar;C:\Users\Tsawke\.m2\repository\org\junit\jupiter\junit-jupiter-api\5.9.3\junit-jupiter-api-5.9.3.jar;C:\Users\Tsawke\.m2\repository\org\opentest4j\opentest4j\1.2.0\opentest4j-1.2.0.jar;C:\Users\Tsawke\.m2\repository\org\junit\platform\junit-platform-commons\1.9.3\junit-platform-commons-1.9.3.jar;C:\Users\Tsawke\.m2\repository\org\apiguardian\apiguardian-api\1.1.2\apiguardian-api-1.1.2.jar;C:\Users\Tsawke\.m2\repository\org\junit\jupiter\junit-jupiter-params\5.9.3\junit-jupiter-params-5.9.3.jar;C:\Users\Tsawke\.m2\repository\org\junit\jupiter\junit-jupiter-engine\5.9.3\junit-jupiter-engine-5.9.3.jar;C:\Users\Tsawke\.m2\repository\org\junit\platform\junit-platform-engine\1.9.3\junit-platform-engine-1.9.3.jar;C:\Users\Tsawke\.m2\repository\commons-codec\commons-codec\1.15\commons-codec-1.15.jar;C:\Users\Tsawke\.m2\repository\commons-beanutils\commons-beanutils\1.9.4\commons-beanutils-1.9.4.jar;C:\Users\Tsawke\.m2\repository\commons-logging\commons-logging\1.2\commons-logging-1.2.jar;C:\Users\Tsawke\.m2\repository\commons-collections\commons-collections\3.2.2\commons-collections-3.2.2.jar;C:\Users\Tsawke\.m2\repository\org\jmonkeyengine\jme3-core\3.3.0-stable\jme3-core-3.3.0-stable.jar;C:\Users\Tsawke\.m2\repository\org\jmonkeyengine\jme3-desktop\3.3.0-stable\jme3-desktop-3.3.0-stable.jar;C:\Users\Tsawke\.m2\repository\org\jmonkeyengine\jme3-lwjgl3\3.3.0-stable\jme3-lwjgl3-3.3.0-stable.jar;C:\Users\Tsawke\.m2\repository\org\lwjgl\lwjgl\3.2.3\lwjgl-3.2.3.jar;C:\Users\Tsawke\.m2\repository\org\lwjgl\lwjgl-glfw\3.2.3\lwjgl-glfw-3.2.3.jar;C:\Users\Tsawke\.m2\repository\org\lwjgl\lwjgl-jemalloc\3.2.3\lwjgl-jemalloc-3.2.3.jar;C:\Users\Tsawke\.m2\repository\org\lwjgl\lwjgl-openal\3.2.3\lwjgl-openal-3.2.3.jar;C:\Users\Tsawke\.m2\repository\org\lwjgl\lwjgl-opencl\3.2.3\lwjgl-opencl-3.2.3.jar;C:\Users\Tsawke\.m2\repository\org\lwjgl\lwjgl-opengl\3.2.3\lwjgl-opengl-3.2.3.jar;C:\Users\Tsawke\.m2\repository\org\lwjgl\lwjgl\3.2.3\lwjgl-3.2.3-natives-windows.jar;C:\Users\Tsawke\.m2\repository\org\lwjgl\lwjgl\3.2.3\lwjgl-3.2.3-natives-linux.jar;C:\Users\Tsawke\.m2\repository\org\lwjgl\lwjgl\3.2.3\lwjgl-3.2.3-natives-macos.jar;C:\Users\Tsawke\.m2\repository\org\lwjgl\lwjgl-glfw\3.2.3\lwjgl-glfw-3.2.3-natives-windows.jar;C:\Users\Tsawke\.m2\repository\org\lwjgl\lwjgl-glfw\3.2.3\lwjgl-glfw-3.2.3-natives-linux.jar;C:\Users\Tsawke\.m2\repository\org\lwjgl\lwjgl-glfw\3.2.3\lwjgl-glfw-3.2.3-natives-macos.jar;C:\Users\Tsawke\.m2\repository\org\lwjgl\lwjgl-jemalloc\3.2.3\lwjgl-jemalloc-3.2.3-natives-windows.jar;C:\Users\Tsawke\.m2\repository\org\lwjgl\lwjgl-jemalloc\3.2.3\lwjgl-jemalloc-3.2.3-natives-linux.jar;C:\Users\Tsawke\.m2\repository\org\lwjgl\lwjgl-jemalloc\3.2.3\lwjgl-jemalloc-3.2.3-natives-macos.jar;C:\Users\Tsawke\.m2\repository\org\lwjgl\lwjgl-opengl\3.2.3\lwjgl-opengl-3.2.3-natives-windows.jar;C:\Users\Tsawke\.m2\repository\org\lwjgl\lwjgl-opengl\3.2.3\lwjgl-opengl-3.2.3-natives-linux.jar;C:\Users\Tsawke\.m2\repository\org\lwjgl\lwjgl-opengl\3.2.3\lwjgl-opengl-3.2.3-natives-macos.jar;C:\Users\Tsawke\.m2\repository\org\lwjgl\lwjgl-openal\3.2.3\lwjgl-openal-3.2.3-natives-windows.jar;C:\Users\Tsawke\.m2\repository\org\lwjgl\lwjgl-openal\3.2.3\lwjgl-openal-3.2.3-natives-linux.jar;C:\Users\Tsawke\.m2\repository\org\lwjgl\lwjgl-openal\3.2.3\lwjgl-openal-3.2.3-natives-macos.jar;C:\Users\Tsawke\.m2\repository\org\jmonkeyengine\jme3-effects\3.3.0-stable\jme3-effects-3.3.0-stable.jar;C:\Users\Tsawke\.m2\repository\org\jmonkeyengine\jme3-blender\3.3.0-stable\jme3-blender-3.3.0-stable.jar;C:\Users\Tsawke\.m2\repository\org\ejml\core\0.27\core-0.27.jar;C:\Users\Tsawke\.m2\repository\org\ejml\dense64\0.27\dense64-0.27.jar;C:\Users\Tsawke\.m2\repository\org\ejml\simple\0.27\simple-0.27.jar;C:\Users\Tsawke\.m2\repository\org\ejml\denseC64\0.27\denseC64-0.27.jar;C:\Users\Tsawke\.m2\repository\org\jmonkeyengine\jme3-plugins\3.3.0-stable\jme3-plugins-3.3.0-stable.jar;C:\Users\Tsawke\.m2\repository\com\google\code\gson\gson\2.8.1\gson-2.8.1.jar;C:\Users\Tsawke\.m2\repository\org\jmonkeyengine\jme3-jogg\3.3.0-stable\jme3-jogg-3.3.0-stable.jar;C:\Users\Tsawke\.m2\repository\de\jarnbjo\j-ogg-all\1.0.0\j-ogg-all-1.0.0.jar;C:\Users\Tsawke\.m2\repository\org\jmonkeyengine\jme3-niftygui\3.3.0-stable\jme3-niftygui-3.3.0-stable.jar;C:\Users\Tsawke\.m2\repository\com\github\nifty-gui\nifty\1.4.3\nifty-1.4.3.jar;C:\Users\Tsawke\.m2\repository\xpp3\xpp3\1.1.4c\xpp3-1.1.4c.jar;C:\Users\Tsawke\.m2\repository\com\google\code\findbugs\jsr305\2.0.2\jsr305-2.0.2.jar;C:\Users\Tsawke\.m2\repository\com\github\nifty-gui\nifty-default-controls\1.4.3\nifty-default-controls-1.4.3.jar;C:\Users\Tsawke\.m2\repository\com\github\nifty-gui\nifty-style-black\1.4.3\nifty-style-black-1.4.3.jar;C:\Users\Tsawke\.m2\repository\org\jmonkeyengine\jme3-terrain\3.3.0-stable\jme3-terrain-3.3.0-stable.jar;C:\Users\Tsawke\.m2\repository\org\jmonkeyengine\jme3-networking\3.3.0-stable\jme3-networking-3.3.0-stable.jar;C:\Users\Tsawke\.m2\repository\org\jmonkeyengine\jme3-bullet\3.3.0-stable\jme3-bullet-3.3.0-stable.jar;C:\Users\Tsawke\.m2\repository\org\jmonkeyengine\jme3-bullet-native\3.3.0-stable\jme3-bullet-native-3.3.0-stable.jar;C:\Users\Tsawke\.m2\repository\org\jmonkeyengine\jme3-bullet-native-android\3.3.0-stable\jme3-bullet-native-android-3.3.0-stable.jar;C:\Users\Tsawke\.m2\repository\org\jmonkeyengine\jme3-jogl\3.3.0-stable\jme3-jogl-3.3.0-stable.jar;C:\Users\Tsawke\.m2\repository\org\jogamp\gluegen\gluegen-rt-main\2.3.2\gluegen-rt-main-2.3.2.jar;C:\Users\Tsawke\.m2\repository\org\jogamp\gluegen\gluegen-rt\2.3.2\gluegen-rt-2.3.2.jar;C:\Users\Tsawke\.m2\repository\org\jogamp\gluegen\gluegen-rt\2.3.2\gluegen-rt-2.3.2-natives-android-aarch64.jar;C:\Users\Tsawke\.m2\repository\org\jogamp\gluegen\gluegen-rt\2.3.2\gluegen-rt-2.3.2-natives-android-armv6.jar;C:\Users\Tsawke\.m2\repository\org\jogamp\gluegen\gluegen-rt\2.3.2\gluegen-rt-2.3.2-natives-linux-amd64.jar;C:\Users\Tsawke\.m2\repository\org\jogamp\gluegen\gluegen-rt\2.3.2\gluegen-rt-2.3.2-natives-linux-armv6.jar;C:\Users\Tsawke\.m2\repository\org\jogamp\gluegen\gluegen-rt\2.3.2\gluegen-rt-2.3.2-natives-linux-armv6hf.jar;C:\Users\Tsawke\.m2\repository\org\jogamp\gluegen\gluegen-rt\2.3.2\gluegen-rt-2.3.2-natives-linux-i586.jar;C:\Users\Tsawke\.m2\repository\org\jogamp\gluegen\gluegen-rt\2.3.2\gluegen-rt-2.3.2-natives-macosx-universal.jar;C:\Users\Tsawke\.m2\repository\org\jogamp\gluegen\gluegen-rt\2.3.2\gluegen-rt-2.3.2-natives-solaris-amd64.jar;C:\Users\Tsawke\.m2\repository\org\jogamp\gluegen\gluegen-rt\2.3.2\gluegen-rt-2.3.2-natives-solaris-i586.jar;C:\Users\Tsawke\.m2\repository\org\jogamp\gluegen\gluegen-rt\2.3.2\gluegen-rt-2.3.2-natives-windows-amd64.jar;C:\Users\Tsawke\.m2\repository\org\jogamp\gluegen\gluegen-rt\2.3.2\gluegen-rt-2.3.2-natives-windows-i586.jar;C:\Users\Tsawke\.m2\repository\org\jogamp\jogl\jogl-all-main\2.3.2\jogl-all-main-2.3.2.jar;C:\Users\Tsawke\.m2\repository\org\jogamp\jogl\jogl-all\2.3.2\jogl-all-2.3.2.jar;C:\Users\Tsawke\.m2\repository\org\jogamp\jogl\jogl-all\2.3.2\jogl-all-2.3.2-natives-android-aarch64.jar;C:\Users\Tsawke\.m2\repository\org\jogamp\jogl\jogl-all\2.3.2\jogl-all-2.3.2-natives-android-armv6.jar;C:\Users\Tsawke\.m2\repository\org\jogamp\jogl\jogl-all\2.3.2\jogl-all-2.3.2-natives-linux-amd64.jar;C:\Users\Tsawke\.m2\repository\org\jogamp\jogl\jogl-all\2.3.2\jogl-all-2.3.2-natives-linux-armv6.jar;C:\Users\Tsawke\.m2\repository\org\jogamp\jogl\jogl-all\2.3.2\jogl-all-2.3.2-natives-linux-armv6hf.jar;C:\Users\Tsawke\.m2\repository\org\jogamp\jogl\jogl-all\2.3.2\jogl-all-2.3.2-natives-linux-i586.jar;C:\Users\Tsawke\.m2\repository\org\jogamp\jogl\jogl-all\2.3.2\jogl-all-2.3.2-natives-macosx-universal.jar;C:\Users\Tsawke\.m2\repository\org\jogamp\jogl\jogl-all\2.3.2\jogl-all-2.3.2-natives-solaris-amd64.jar;C:\Users\Tsawke\.m2\repository\org\jogamp\jogl\jogl-all\2.3.2\jogl-all-2.3.2-natives-solaris-i586.jar;C:\Users\Tsawke\.m2\repository\org\jogamp\jogl\jogl-all\2.3.2\jogl-all-2.3.2-natives-windows-amd64.jar;C:\Users\Tsawke\.m2\repository\org\jogamp\jogl\jogl-all\2.3.2\jogl-all-2.3.2-natives-windows-i586.jar;C:\Users\Tsawke\.m2\repository\org\jogamp\joal\joal-main\2.3.2\joal-main-2.3.2.jar;C:\Users\Tsawke\.m2\repository\org\jogamp\joal\joal\2.3.2\joal-2.3.2.jar;C:\Users\Tsawke\.m2\repository\org\jogamp\joal\joal\2.3.2\joal-2.3.2-natives-android-aarch64.jar;C:\Users\Tsawke\.m2\repository\org\jogamp\joal\joal\2.3.2\joal-2.3.2-natives-android-armv6.jar;C:\Users\Tsawke\.m2\repository\org\jogamp\joal\joal\2.3.2\joal-2.3.2-natives-linux-amd64.jar;C:\Users\Tsawke\.m2\repository\org\jogamp\joal\joal\2.3.2\joal-2.3.2-natives-linux-armv6.jar;C:\Users\Tsawke\.m2\repository\org\jogamp\joal\joal\2.3.2\joal-2.3.2-natives-linux-armv6hf.jar;C:\Users\Tsawke\.m2\repository\org\jogamp\joal\joal\2.3.2\joal-2.3.2-natives-linux-i586.jar;C:\Users\Tsawke\.m2\repository\org\jogamp\joal\joal\2.3.2\joal-2.3.2-natives-macosx-universal.jar;C:\Users\Tsawke\.m2\repository\org\jogamp\joal\joal\2.3.2\joal-2.3.2-natives-solaris-amd64.jar;C:\Users\Tsawke\.m2\repository\org\jogamp\joal\joal\2.3.2\joal-2.3.2-natives-solaris-i586.jar;C:\Users\Tsawke\.m2\repository\org\jogamp\joal\joal\2.3.2\joal-2.3.2-natives-windows-amd64.jar;C:\Users\Tsawke\.m2\repository\org\jogamp\joal\joal\2.3.2\joal-2.3.2-natives-windows-i586.jar;C:\Users\Tsawke\.m2\repository\org\jogamp\jocl\jocl-main\2.3.2\jocl-main-2.3.2.jar;C:\Users\Tsawke\.m2\repository\org\jogamp\jocl\jocl\2.3.2\jocl-2.3.2.jar;C:\Users\Tsawke\.m2\repository\org\jogamp\jocl\jocl\2.3.2\jocl-2.3.2-natives-android-aarch64.jar;C:\Users\Tsawke\.m2\repository\org\jogamp\jocl\jocl\2.3.2\jocl-2.3.2-natives-android-armv6.jar;C:\Users\Tsawke\.m2\repository\org\jogamp\jocl\jocl\2.3.2\jocl-2.3.2-natives-linux-amd64.jar;C:\Users\Tsawke\.m2\repository\org\jogamp\jocl\jocl\2.3.2\jocl-2.3.2-natives-linux-armv6.jar;C:\Users\Tsawke\.m2\repository\org\jogamp\jocl\jocl\2.3.2\jocl-2.3.2-natives-linux-armv6hf.jar;C:\Users\Tsawke\.m2\repository\org\jogamp\jocl\jocl\2.3.2\jocl-2.3.2-natives-linux-i586.jar;C:\Users\Tsawke\.m2\repository\org\jogamp\jocl\jocl\2.3.2\jocl-2.3.2-natives-macosx-universal.jar;C:\Users\Tsawke\.m2\repository\org\jogamp\jocl\jocl\2.3.2\jocl-2.3.2-natives-solaris-amd64.jar;C:\Users\Tsawke\.m2\repository\org\jogamp\jocl\jocl\2.3.2\jocl-2.3.2-natives-solaris-i586.jar;C:\Users\Tsawke\.m2\repository\org\jogamp\jocl\jocl\2.3.2\jocl-2.3.2-natives-windows-amd64.jar;C:\Users\Tsawke\.m2\repository\org\jogamp\jocl\jocl\2.3.2\jocl-2.3.2-natives-windows-i586.jar;C:\Users\Tsawke\.m2\repository\org\jmonkeyengine\jme3-android\3.3.0-stable\jme3-android-3.3.0-stable.jar;C:\Users\Tsawke\.m2\repository\org\jmonkeyengine\jme3-android-native\3.3.0-stable\jme3-android-native-3.3.0-stable.jar;C:\Users\Tsawke\.m2\repository\org\jmonkeyengine\jme3-ios\3.3.0-stable\jme3-ios-3.3.0-stable.jar;C:\Users\Tsawke\.m2\repository\org\jmonkeyengine\jme3-vr\3.3.0-stable\jme3-vr-3.3.0-stable.jar;C:\Users\Tsawke\.m2\repository\net\java\dev\jna\jna\4.3.0\jna-4.3.0.jar;C:\Users\Tsawke\.m2\repository\com\nativelibs4java\jnaerator-runtime\0.12\jnaerator-runtime-0.12.jar;C:\Users\Tsawke\.m2\repository\com\nativelibs4java\ochafik-util\0.12\ochafik-util-0.12.jar;C:\Users\Tsawke\.m2\repository\org\lwjgl\lwjgl-ovr\3.2.3\lwjgl-ovr-3.2.3.jar;C:\Users\Tsawke\.m2\repository\org\lwjgl\lwjgl-openvr\3.2.3\lwjgl-openvr-3.2.3.jar;C:\Users\Tsawke\.m2\repository\org\lwjgl\lwjgl-openvr\3.2.3\lwjgl-openvr-3.2.3-natives-linux.jar;C:\Users\Tsawke\.m2\repository\org\lwjgl\lwjgl-openvr\3.2.3\lwjgl-openvr-3.2.3-natives-macos.jar;C:\Users\Tsawke\.m2\repository\org\lwjgl\lwjgl-ovr\3.2.3\lwjgl-ovr-3.2.3-natives-windows.jar;C:\Users\Tsawke\.m2\repository\org\lwjgl\lwjgl-openvr\3.2.3\lwjgl-openvr-3.2.3-natives-windows.jar
Launcher Type: SUN_STANDARD

[Global flags]
     intx CICompilerCount                          = 12                                        {product} {ergonomic}
     uint ConcGCThreads                            = 5                                         {product} {ergonomic}
     uint G1ConcRefinementThreads                  = 20                                        {product} {ergonomic}
   size_t G1HeapRegionSize                         = 8388608                                   {product} {ergonomic}
   size_t InitialHeapSize                          = 1073741824                                {product} {ergonomic}
   size_t MarkStackSize                            = 4194304                                   {product} {ergonomic}
   size_t MarkStackSizeMax                         = 536870912                                 {product} {ergonomic}
   size_t MaxHeapSize                              = 17112760320                               {product} {ergonomic}
   size_t MaxNewSize                               = 10267656192                               {product} {ergonomic}
   size_t MinHeapDeltaBytes                        = 8388608                                   {product} {ergonomic}
   size_t MinHeapSize                              = 8388608                                   {product} {ergonomic}
    uintx NonNMethodCodeHeapSize                   = 7602176                                {pd product} {ergonomic}
    uintx NonProfiledCodeHeapSize                  = 122093568                              {pd product} {ergonomic}
    uintx ProfiledCodeHeapSize                     = 121962496                              {pd product} {ergonomic}
    uintx ReservedCodeCacheSize                    = 251658240                              {pd product} {ergonomic}
     bool SegmentedCodeCache                       = true                                      {product} {ergonomic}
     bool ShowCodeDetailsInExceptionMessages       = true                                   {manageable} {command line}
   size_t SoftMaxHeapSize                          = 17112760320                            {manageable} {ergonomic}
     bool UseCompressedOops                        = true                           {product lp64_product} {ergonomic}
     bool UseG1GC                                  = true                                      {product} {ergonomic}
     bool UseLargePagesIndividualAllocation        = false                                  {pd product} {ergonomic}

Logging:
Log output configuration:
 #0: stdout all=warning uptime,level,tags foldmultilines=false
 #1: stderr all=off uptime,level,tags foldmultilines=false

Environment Variables:
JAVA_HOME=E:\Program Files\jdk23
CLASSPATH=.;E:\Program Files\jdk23\lib\dt.jar;E:\Program Files\jdk23\lib\tools.jar
PATH=C:\Program Files\Common Files\Oracle\Java\javapath;E:\Program Files\Python313\Scripts\;E:\Program Files\Python313\;C:\Program Files (x86)\Common Files\Intel\Shared Libraries\redist\intel64\compiler;E:\Program Files\python312\Scripts\;E:\Program Files\python312\;C:\Windows\system32;C:\Windows;C:\Windows\System32\Wbem;C:\Windows\System32\WindowsPowerShell\v1.0\;C:\Windows\System32\OpenSSH\;C:\Program Files (x86)\NVIDIA Corporation\PhysX\Common;C:\Program Files\dotnet\;E:\Program Files\Bandzip\Bandizip;%Python_HOME%;C:\Pro;ramData\chocolatey\bin;E:\Program Files\nodejs;E:\Program Files\nodejs\node_global;E:\Program Files\nodejs\node_cache;E:\Program Files\nodejs\;E:\Program Files\Git\cmd;E:\Program Files\微信web开发者工具\dll;C:\Program Files (x86)\Microsoft SQL Server\160\Tools\Binn\;C:\Program Files\Microsoft SQL Server\160\Tools\Binn\;C:\Program Files\Microsoft SQL Server\Client SDK\ODBC\170\Tools\Binn\;C:\Program Files\Microsoft SQL Server\160\DTS\Binn\;C:\Program Files (x86)\Windows Kits\8.1\Windows Performance Toolkit\;E:\Program Files\jdk23\bin;E:\Program Files\jdk23\jre\bin;E:\Program Files\apache-maven-3.9.9\bin;C:\Program Files\Common Files\Autodesk Shared\;C:\Program Files\NVIDIA Corporation\NVIDIA app\NvDLISR;C:\Users\Tsawke\AppData\Local\Microsoft\WindowsApps;C:\Users\Tsawke\AppData\Local\Programs\Microsoft VS Code\bin;E:\Program Files\nodejs\node_global;;E:\Program Files\IntelliJ IDEA 2024.1\bin;
USERNAME=Tsawke
LANG=en_US.UTF-8
OS=Windows_NT
PROCESSOR_IDENTIFIER=Intel64 Family 6 Model 183 Stepping 1, GenuineIntel
TMP=C:\Users\Tsawke\AppData\Local\Temp
TEMP=C:\Users\Tsawke\AppData\Local\Temp




Periodic native trim disabled

---------------  S Y S T E M  ---------------

OS:
 Windows 11 , 64 bit Build 22621 (10.0.22621.4391)
OS uptime: 0 days 16:53 hours

CPU: total 28 (initial active 28) (14 cores per cpu, 2 threads per core) family 6 model 183 stepping 1 microcode 0x123, cx8, cmov, fxsr, ht, mmx, 3dnowpref, sse, sse2, sse3, ssse3, sse4.1, sse4.2, popcnt, lzcnt, tsc, tscinvbit, avx, avx2, aes, erms, clmul, bmi1, bmi2, adx, sha, fma, vzeroupper, clflush, clflushopt, clwb, serialize, rdtscp, rdpid, fsrm, gfni, f16c, pku, cet_ibt, cet_ss
Processor Information for the first 28 processors :
  Max Mhz: 3400, Current Mhz: 3400, Mhz Limit: 3400

Memory: 4k page, system-wide physical 65277M (45861M free)
TotalPageFile size 69373M (AvailPageFile size 38568M)
current process WorkingSet (physical memory assigned to process): 296M, peak: 309M
current process commit charge ("private bytes"): 1421M, peak: 1444M

vm_info: Java HotSpot(TM) 64-Bit Server VM (23.0.1+11-39) for windows-amd64 JRE (23.0.1+11-39), built on 2024-09-30T07:20:43Z with MS VC++ 17.6 (VS2022)

END.
