#
# A fatal error has been detected by the Java Runtime Environment:
#
#  EXCEPTION_ACCESS_VIOLATION (0xc0000005) at pc=0x0000000000000000, pid=15976, tid=40760
#
# JRE version: Java(TM) SE Runtime Environment (23.0.1+11) (build 23.0.1+11-39)
# Java VM: Java HotSpot(TM) 64-Bit Server VM (23.0.1+11-39, mixed mode, sharing, tiered, compressed oops, compressed class ptrs, g1 gc, windows-amd64)
# Problematic frame:
# C  [jdwp.dll+0x161f3]
#
# No core dump will be written. Minidumps are not enabled by default on client versions of Windows
#
# If you would like to submit a bug report, please visit:
#   https://bugreport.java.com/bugreport/crash.jsp
# The crash happened outside the Java Virtual Machine in native code.
# See problematic frame for where to report the bug.
#

---------------  S U M M A R Y ------------

Command Line: -agentlib:jdwp=transport=dt_socket,server=n,suspend=y,address=localhost:5928 -XX:+ShowCodeDetailsInExceptionMessages com.csproject.jMEMain

Host: Intel(R) Core(TM) i7-14700K, 28 cores, 63G,  Windows 11 , 64 bit Build 22621 (10.0.22621.4391)
Time: Fri Dec  6 01:56:29 2024  Windows 11 , 64 bit Build 22621 (10.0.22621.4391) elapsed time: 19.333054 seconds (0d 0h 0m 19s)

---------------  T H R E A D  ---------------

Current thread (0x0000027d36837e50):  JavaThread "main"             [_thread_in_native, id=40760, stack(0x000000e273200000,0x000000e273300000) (1024K)]

Stack: [0x000000e273200000,0x000000e273300000],  sp=0x000000e2732fee10,  free space=1019k
Native frames: (J=compiled Java code, j=interpreted, Vv=VM code, C=native code)

Java frames: (J=compiled Java code, j=interpreted, Vv=VM code)
j  java.lang.Shutdown.halt0(I)V+0 java.base@23.0.1
j  java.lang.Shutdown.halt(I)V+7 java.base@23.0.1
j  java.lang.Shutdown.exit(I)V+16 java.base@23.0.1
j  java.lang.Runtime.exit(I)V+14 java.base@23.0.1
j  java.lang.System.exit(I)V+4 java.base@23.0.1
j  com.csproject.jMEMain.simpleUpdate(F)V+585
J 4845 c2 com.jme3.system.lwjgl.LwjglWindow.runLoop()V (220 bytes) @ 0x0000027d46de1ec8 [0x0000027d46de1660+0x0000000000000868]
j  com.jme3.system.lwjgl.LwjglWindow.run()V+51
j  com.jme3.system.lwjgl.LwjglWindow.create(Z)V+27
j  com.jme3.app.LegacyApplication.start(Lcom/jme3/system/JmeContext$Type;Z)V+92
j  com.jme3.app.LegacyApplication.start()V+5
j  com.jme3.app.SimpleApplication.start()V+51
j  com.csproject.jMEMain.main([Ljava/lang/String;)V+9
v  ~StubRoutines::call_stub 0x0000027d463a0fcd

siginfo: EXCEPTION_ACCESS_VIOLATION (0xc0000005), data execution prevention violation at address 0x0000000000000000


Registers:
RAX=0x0000027db8430000, RBX=0x0000027d4f13ee70, RCX=0x0000027d36838210, RDX=0x0000027d4f13ee70
RSP=0x000000e2732fee08, RBP=0x00007ffad33c0428, RSI=0x000000e2732feeb0, RDI=0x0000027d36838210
R8 =0x0000000000010002, R9 =0x0000000000000000, R10=0x00007ff957350000, R11=0x000000e2732fedd8
R12=0x0000000000000006, R13=0x0000027d368354a0, R14=0x0000000000000000, R15=0x0000000000000000
RIP=0x0000000000000000, EFLAGS=0x0000000000010206


Register to memory mapping:

RAX=0x0000027db8430000 points into unknown readable memory: 0x0000000000000000 | 00 00 00 00 00 00 00 00
RBX=0x0000027d4f13ee70 points into unknown readable memory: 0x0000000404800438 | 38 04 80 04 04 00 00 00
RCX=0x0000027d36838210 points into unknown readable memory: 0x0000027db8430000 | 00 00 43 b8 7d 02 00 00
RDX=0x0000027d4f13ee70 points into unknown readable memory: 0x0000000404800438 | 38 04 80 04 04 00 00 00
RSP=0x000000e2732fee08 is pointing into the stack for thread: 0x0000027d36837e50
RBP=0x00007ffad33c0428 jdwp.dll
RSI=0x000000e2732feeb0 is pointing into the stack for thread: 0x0000027d36837e50
RDI=0x0000027d36838210 points into unknown readable memory: 0x0000027db8430000 | 00 00 43 b8 7d 02 00 00
R8 =0x0000000000010002 is an unknown value
R9 =0x0 is null
R10=0x00007ff957350000 VCRUNTIME140.dll
R11=0x000000e2732fedd8 is pointing into the stack for thread: 0x0000027d36837e50
R12=0x0000000000000006 is an unknown value
R13=0x0000027d368354a0 points into unknown readable memory: 0x00007ff957f5e8d0 | d0 e8 f5 57 f9 7f 00 00
R14=0x0 is null
R15=0x0 is null

Top of Stack: (sp=0x000000e2732fee08)
0x000000e2732fee08:   00007ffad33a61f3 0000027d4f13ee70
0x000000e2732fee18:   000000e2732feeb0 0000000000000000
0x000000e2732fee28:   0000000000000000 0000027d67489290
0x000000e2732fee38:   0000027d36837e50 0000000000000003
0x000000e2732fee48:   0000000000000002 0000027d36838428
0x000000e2732fee58:   00007ffad33a455d 0000027d4f13ee70
0x000000e2732fee68:   00007ffad33c0428 0000027d36837e50
0x000000e2732fee78:   0000027d36838210 0000000000000000
0x000000e2732fee88:   000000e2732fee90 0000000000000000
0x000000e2732fee98:   00007ffb15583810 0000e5131667dbe6
0x000000e2732feea8:   0000000000009f38 0000000000000006
0x000000e2732feeb8:   0000027d4f13ee70 0000000000000000
0x000000e2732feec8:   0000000000000000 0000000000000000
0x000000e2732feed8:   0000000000000000 0000000000000000
0x000000e2732feee8:   0000000000000000 0000000000000000
0x000000e2732feef8:   0000000000000000 0000000000000000
0x000000e2732fef08:   0000027d36838428 0000027d343f3210
0x000000e2732fef18:   00007ff957910a71 0000000000000000
0x000000e2732fef28:   0000027d66954b60 0000027d36837e50
0x000000e2732fef38:   0000027d344ce440 0000000000000000
0x000000e2732fef48:   00007ffb12a6f137 0000027d367fe7c0
0x000000e2732fef58:   0000027d344ce990 0000027d344ce9a0
0x000000e2732fef68:   0000027d344ced78 00000000000003d8
0x000000e2732fef78:   0000027d36837e50 0000027d36837e50
0x000000e2732fef88:   0000027d367fdf00 0000027d344ced80
0x000000e2732fef98:   0000027d344ced90 0000027d344cee68
0x000000e2732fefa8:   00000000000000d8 000000e2732ffa70
0x000000e2732fefb8:   00007ff957fe2210 0000000000000020
0x000000e2732fefc8:   0000027d3440c070 0000027d36837e50
0x000000e2732fefd8:   000000e2732ff010 00007ff957fe1200
0x000000e2732fefe8:   00007ff957fe2210 0000000000000020
0x000000e2732feff8:   0000027d4efcfd30 0000027d36837e50 

Instructions: (pc=0x00007ffad33a61f3)
0x00007ffad33a60f3:   2c 41 b8 61 02 00 00 48 8d 0d 97 6e 01 00 48 8b
0x00007ffad33a6103:   d3 e8 7f 50 00 00 41 8b cc e8 33 a0 ff ff 48 8b
0x00007ffad33a6113:   d0 48 8d 0d 55 a4 01 00 e8 10 51 00 00 4c 8b 4e
0x00007ffad33a6123:   28 48 8d 0d 5d a4 01 00 4c 8b 46 20 48 8b 56 08
0x00007ffad33a6133:   e8 0c 0e 01 00 48 8b 05 b1 0f 02 00 f6 80 10 02
0x00007ffad33a6143:   00 00 02 74 28 41 b8 6a 02 00 00 48 8d 0d 6f 62
0x00007ffad33a6153:   01 00 48 8b d3 e8 2b 50 00 00 48 8d 15 54 63 01
0x00007ffad33a6163:   00 48 8d 0d 6d 62 01 00 e8 c0 50 00 00 48 8b 07
0x00007ffad33a6173:   48 8b cf ff 50 78 48 8b 0d 70 0f 02 00 4c 8b f8
0x00007ffad33a6183:   f6 81 10 02 00 00 02 74 28 41 b8 6b 02 00 00 48
0x00007ffad33a6193:   8d 0d 2b 62 01 00 48 8b d3 e8 e7 4f 00 00 48 8d
0x00007ffad33a61a3:   15 48 63 01 00 48 8d 0d 29 62 01 00 e8 7c 50 00
0x00007ffad33a61b3:   00 48 8b 07 48 8b cf ff 90 88 00 00 00 83 3d e5
0x00007ffad33a61c3:   0a 02 00 00 76 0c e8 ce 5b ff ff 83 25 d7 0a 02
0x00007ffad33a61d3:   00 00 48 8b 5e 08 48 85 db 74 4b 48 8b 05 0b 0f
0x00007ffad33a61e3:   02 00 80 78 13 00 74 0b 48 8b cb e8 b5 07 01 00
0x00007ffad33a61f3:   88 46 10 4d 8b c7 48 8b d6 41 8a ce e8 c8 a0 00
0x00007ffad33a6203:   00 48 8b e8 48 85 c0 75 25 48 8b cb e8 c0 44 00
0x00007ffad33a6213:   00 84 c0 0f 84 ea 00 00 00 48 8b d3 41 8a ce e8
0x00007ffad33a6223:   ad 13 00 00 eb e3 e8 0e 0e 00 00 48 8b e8 4c 8b
0x00007ffad33a6233:   cd 44 88 74 24 20 45 8b c4 48 8b d6 48 8b cf e8
0x00007ffad33a6243:   e1 00 00 00 83 3e 14 75 0b 48 8b 05 9d 0e 02 00
0x00007ffad33a6253:   c6 40 10 01 48 85 db 75 08 48 8b cd e8 0c 53 ff
0x00007ffad33a6263:   ff 48 8b 05 85 0e 02 00 4d 85 ff 74 43 f6 80 10
0x00007ffad33a6273:   02 00 00 02 74 2c 41 b8 b3 02 00 00 48 8d 15 a2
0x00007ffad33a6283:   a1 01 00 48 8d 0d 37 61 01 00 e8 f6 4e 00 00 48
0x00007ffad33a6293:   8d 15 e7 7c 01 00 48 8d 0d 38 61 01 00 e8 8b 4f
0x00007ffad33a62a3:   00 00 48 8b 07 49 8b d7 48 8b cf ff 50 68 eb 41
0x00007ffad33a62b3:   f6 80 10 02 00 00 02 74 2c 41 b8 b5 02 00 00 48
0x00007ffad33a62c3:   8d 15 5f a1 01 00 48 8d 0d f4 60 01 00 e8 b3 4e
0x00007ffad33a62d3:   00 00 48 8d 15 14 62 01 00 48 8d 0d f5 60 01 00
0x00007ffad33a62e3:   e8 48 4f 00 00 48 8b 07 48 8b cf ff 90 88 00 00 


Stack slot to memory mapping:

stack at sp + 0 slots: 0x0000027d4f13ee70 points into unknown readable memory: 0x0000000404800438 | 38 04 80 04 04 00 00 00
stack at sp + 1 slots: 0x000000e2732feeb0 is pointing into the stack for thread: 0x0000027d36837e50
stack at sp + 2 slots: 0x0 is null
stack at sp + 3 slots: 0x0 is null
stack at sp + 4 slots: {method} {0x0000027d67489298} 'initLevel' '(I)V' in 'jdk/internal/misc/VM'
stack at sp + 5 slots: 0x0000027d36837e50 is a thread
stack at sp + 6 slots: 0x0000000000000003 is an unknown value
stack at sp + 7 slots: 0x0000000000000002 is an unknown value

Lock stack of current Java thread (top to bottom):
LockStack[1]: java.lang.Shutdown$Lock 
{0x0000000404e23780} - klass: 'java/lang/Shutdown$Lock'
 - ---- fields (total size 2 words):
LockStack[0]: java.lang.Class 
{0x0000000404e1bf78} - klass: 'java/lang/Class'
 - ---- fields (total size 17 words):
 - private volatile transient 'classRedefinedCount' 'I' @12  0 (0x00000000)
 - injected 'klass' 'J' @16  2737623877648 (0x0000027d67194810)
 - injected 'array_klass' 'J' @24  0 (0x0000000000000000)
 - injected 'oop_size' 'I' @32  17 (0x00000011)
 - injected 'static_oop_field_count' 'I' @36  3 (0x00000003)
 - private volatile transient 'cachedConstructor' 'Ljava/lang/reflect/Constructor;' @40  null (0x00000000)
 - private transient 'name' 'Ljava/lang/String;' @44  null (0x00000000)
 - private transient 'module' 'Ljava/lang/Module;' @48  a 'java/lang/Module'{0x00000004048013e0} (0x8090027c)
 - private final 'classLoader' 'Ljava/lang/ClassLoader;' @52  null (0x00000000)
 - private transient 'classData' 'Ljava/lang/Object;' @56  null (0x00000000)
 - private transient 'packageName' 'Ljava/lang/String;' @60  null (0x00000000)
 - private final 'componentType' 'Ljava/lang/Class;' @64  null (0x00000000)
 - private volatile transient 'reflectionData' 'Ljava/lang/ref/SoftReference;' @68  null (0x00000000)
 - private volatile transient 'genericInfo' 'Lsun/reflect/generics/repository/ClassRepository;' @72  null (0x00000000)
 - private volatile transient 'enumConstants' '[Ljava/lang/Object;' @76  null (0x00000000)
 - private volatile transient 'enumConstantDirectory' 'Ljava/util/Map;' @80  null (0x00000000)
 - private volatile transient 'annotationData' 'Ljava/lang/Class$AnnotationData;' @84  null (0x00000000)
 - private volatile transient 'annotationType' 'Lsun/reflect/annotation/AnnotationType;' @88  null (0x00000000)
 - transient 'classValueMap' 'Ljava/lang/ClassValue$ClassValueMap;' @92  null (0x00000000)
 - injected 'protection_domain' 'Ljava/lang/Object;' @96  null (0x00000000)
 - injected 'signers_name' 'Ljava/lang/Object;' @100  null (0x00000000)
 - injected 'source_file' 'Ljava/lang/Object;' @104  null (0x00000000)
 - signature: Ljava/lang/Shutdown;
 - ---- static fields (3):
 - private static final 'MAX_SYSTEM_HOOKS' 'I' @124  10 (0x0000000a)
 - private static final 'hooks' '[Ljava/lang/Runnable;' @112  a 'java/lang/Runnable'[10] {0x0000000404e0fe00} (0x809c1fc0)
 - private static 'currentRunningHook' 'I' @128  9 (0x00000009)
 - private static 'lock' 'Ljava/lang/Object;' @116  a 'java/lang/Shutdown$Lock'{0x0000000404db5788} (0x809b6af1)
 - private static 'haltLock' 'Ljava/lang/Object;' @120  a 'java/lang/Shutdown$Lock'{0x0000000404e23780} (0x809c46f0)


Compiled method (c2) 19401 4845   !   4       com.jme3.system.lwjgl.LwjglWindow::runLoop (220 bytes)
 total in heap  [0x0000027d46de0d88,0x0000027d46de8780] = 31224
 relocation     [0x0000027d46de0e60,0x0000027d46de1618] = 1976
 constants      [0x0000027d46de1620,0x0000027d46de1660] = 64
 main code      [0x0000027d46de1660,0x0000027d46de7fe0] = 27008
 stub code      [0x0000027d46de7fe0,0x0000027d46de81b8] = 472
 oops           [0x0000027d46de81b8,0x0000027d46de8208] = 80
 metadata       [0x0000027d46de8208,0x0000027d46de8780] = 1400
 immutable data [0x0000027db7314d60,0x0000027db73188a0] = 15168
 dependencies   [0x0000027db7314d60,0x0000027db7314f10] = 432
 nul chk table  [0x0000027db7314f10,0x0000027db73151a8] = 664
 handler table  [0x0000027db73151a8,0x0000027db7315670] = 1224
 scopes pcs     [0x0000027db7315670,0x0000027db7316830] = 4544
 scopes data    [0x0000027db7316830,0x0000027db73188a0] = 8304


[Constant Pool]
             Address          hex4                    hex8      
  0x0000027d46de1620:   0x00000000      0x3089705f00000000      
  0x0000027d46de1624:   0x3089705f                              
  0x0000027d46de1628:   0x3f800000      0x3c75c28f3f800000      
  0x0000027d46de162c:   0x3c75c28f                              
  0x0000027d46de1630:   0x00000000      0x41cdcd6500000000      
  0x0000027d46de1634:   0x41cdcd65                              
  0x0000027d46de1638:   0x00000000      0x408f400000000000      
  0x0000027d46de163c:   0x408f4000                              
  0x0000027d46de1640:   0x00000000      0x412e848000000000      
  0x0000027d46de1644:   0x412e8480                              
  0x0000027d46de1648:   0xf4f4f4f4      0xf4f4f4f4f4f4f4f4      
  0x0000027d46de164c:   0xf4f4f4f4                              
  0x0000027d46de1650:   0xf4f4f4f4      0xf4f4f4f4f4f4f4f4      
  0x0000027d46de1654:   0xf4f4f4f4                              
  0x0000027d46de1658:   0xf4f4f4f4      0xf4f4f4f4f4f4f4f4      
  0x0000027d46de165c:   0xf4f4f4f4                              

[MachCode]
[Instructions begin]
  0x0000027d46de1660: ;   {no_reloc}
  0x0000027d46de1660: 6690 448b | 5208 443b 

  0x0000027d46de1668: ;   {runtime_call ic_miss_stub}
  0x0000027d46de1668: 5008 0f85 | 70ce 60ff 
[Verified Entry Point]
  0x0000027d46de1670: 8984 2400 | 80ff ff55 | 4881 eca0 | 0000 0090 | 4181 7f20 | 0500 0000 | 0f85 4369 | 0000 4889 
  0x0000027d46de1690: 5424 2844 | 8b52 5445 | 85d2 0f84 | f033 0000 | 4d8b 9f88 | 0300 0049 | 8b3b 4533 | db47 875c 
  0x0000027d46de16b0: d40c 4585 | db0f 85c9 | 4000 0044 | 8b52 1047 | 8b5c d40c | 4585 db0f | 84d7 4000 | 008b 6a30 
  0x0000027d46de16d0: ; implicit exception: dispatches to 0x0000027d46de6dd0
  0x0000027d46de16d0: 458b 5cec 

  0x0000027d46de16d4: ;   {metadata('com/csproject/jMEMain')}
  0x0000027d46de16d4: 0841 81fb | a819 0001 | 0f85 0234 | 0000 4d8d | 14ec 4c89 | 5424 3841 | 8b6a 5c85 | ed0f 8505 
  0x0000027d46de16f4: 3400 0041 

  0x0000027d46de16f8: ;   {oop(a 'java/lang/Class'{0x000000041a000480} = 'com/jme3/audio/AudioContext')}
  0x0000027d46de16f8: 8b5a 1849 | ba80 0400 | 1a04 0000 | 0045 8b52 | 7047 8b44 

  0x0000027d46de170c: ;   {metadata('java/lang/ThreadLocal')}
  0x0000027d46de170c: d408 4181 | f8f0 8523 | 000f 8501 | 3400 0044 | 8b5f 4c4b | 8d0c d447 | 8b4c dc14 

  0x0000027d46de1728: ; implicit exception: dispatches to 0x0000027d46de6e14
  0x0000027d46de1728: 478b 44cc | 0c45 8d50 | ff44 2351 | 0c45 85c0 | 0f86 0e34 | 0000 4b8d | 14cc 428b | 7492 1041 
  0x0000027d46de1748: 8b54 f40c | 48c1 e203 | 483b d10f | 8543 3400 | 0041 807f | 3800 0f85 | 4c28 0000 | 4189 5cf4 
  0x0000027d46de1768: 1c4c 8bd3 | 49c1 e203 | 4d8d 1cf4 | 4d33 d349 | c1ea 174d | 85d2 741e | 85db 741a | 49c1 eb09 
  0x0000027d46de1788: 48b9 0000 | 114f 7d02 | 0000 4903 | cb80 3902 | 0f85 4a28 | 0000 4c8b | 5424 3841 | 8b6a 5c85 
  0x0000027d46de17a8: ed0f 8551 | 3400 0041 | 8b72 6085 | f60f 84f1 | 3200 0049 | 8d04 f449 | 8d54 f40c | 448b 1244 
  0x0000027d46de17c8: 8954 245c | 4d8b ea49 | c1e5 034d | 8bf5 48bb | 0000 114f | 7d02 0000 

  0x0000027d46de17e0: ; implicit exception: dispatches to 0x0000027d46de6d84
  0x0000027d46de17e0: 418b 7e0c | 85ff 0f85 | 8b23 0000 | 418b 6e10 | 85ed 0f85 | da24 0000 | 4d3b ee0f | 85fa 2400 
  0x0000027d46de1800: 004c 8b54 | 2438 c4c1 | 7a10 4a0c 

  0x0000027d46de180c: ;   {section_word}
  0x0000027d46de180c: c5f8 2e0d | 0cfe ffff | 7a06 0f84 | a83f 0000 | 410f b66a | 1185 ed0f | 85e7 3f00 | 0041 8b72 
  0x0000027d46de182c: 3449 8b7c | f410 c5f8 | 7749 ba70 | b6a4 57f9 | 7f00 0041 

  0x0000027d46de1840: ;   {other}
  0x0000027d46de1840: ffd2 0f1f | 8400 0000 | 0000 4c8b | 5424 3841 | 0fb6 6a10 | 482b c749 | 2b44 f418 | c5f9 efc0 
  0x0000027d46de1860: c4e1 fa2a 

  0x0000027d46de1864: ;   {section_word}
  0x0000027d46de1864: c0c5 fa59 | 0db7 fdff | ffc5 fa11 | 4c24 30c4 | c17a 114c 

  0x0000027d46de1878: ;   {section_word}
  0x0000027d46de1878: f40c c5fa | 100d a6fd | ffff c5f2 | 5e4c 2430 | c4c1 7a11 | 4cf4 20c5 | f877 49ba | 70b6 a457 
  0x0000027d46de1898: f97f 0000 

  0x0000027d46de189c: ;   {other}
  0x0000027d46de189c: 41ff d20f | 1f84 0000 | 0000 0048 | 2bc7 4989 | 44f4 1885 | ed0f 8485 | 3f00 004c | 8b54 2438 
  0x0000027d46de18bc: 418b 6a5c | 85ed 0f85 | 7c35 0000 | 458b 5a54 

  0x0000027d46de18cc: ; implicit exception: dispatches to 0x0000027d46de6e74
  0x0000027d46de18cc: 438b 6cdc | 38c5 fa10 | 4424 30c4 | 817a 1144 

  0x0000027d46de18dc: ;   {section_word}
  0x0000027d46de18dc: dc0c c5fa | 100d 46fd | ffff c5f8 | 2ec8 0f86 | 2e25 0000 | 41b8 0100 | 0000 4788 | 44dc 3645 
  0x0000027d46de18fc: 8b54 ec08 

  0x0000027d46de1900: ;   {metadata('com/jme3/input/lwjgl/GlfwKeyInput')}
  0x0000027d46de1900: 4181 fa00 | 891c 010f | 8563 3500 | 00c5 fa11 | 4424 4048 | 895c 2430 | 48c1 e503 | 4f8d 14dc 
  0x0000027d46de1920: 4c89 5424 | 4844 895c | 2420 48ba | 203a ddce | fa7f 0000 

  0x0000027d46de1934: ;   {static_call}
  0x0000027d46de1934: c5f8 77e8 

  0x0000027d46de1938: ; ImmutableOopMap {rbp=Oop [32]=NarrowOop [40]=Oop [56]=Oop [72]=Oop }
                      ;*invokestatic invokeD {reexecute=0 rethrow=0 return_oop=0}
                      ; - org.lwjgl.glfw.GLFW::glfwGetTime@5 (line 4439)
                      ; - com.jme3.input.lwjgl.GlfwKeyInput::getInputTimeNanos@0 (line 187)
                      ; - com.jme3.input.InputManager::update@25 (line 901)
                      ; - com.jme3.app.LegacyApplication::update@91 (line 724)
                      ; - com.jme3.app.SimpleApplication::update@20 (line 246)
                      ; - com.jme3.system.lwjgl.LwjglWindow::runLoop@37 (line 530)
  0x0000027d46de1938: f4e7 eaff 

  0x0000027d46de193c: ;   {other}
  0x0000027d46de193c: 0f1f 8400 | b40b 0000 

  0x0000027d46de1944: ;   {section_word}
  0x0000027d46de1944: c5fb 5905 | e4fc ffff | 448b 5424 | 2047 8b5c | d438 43c6 | 44d4 3401 | c4e1 fb2c 

  0x0000027d46de1960: ;   {external_word}
  0x0000027d46de1960: c048 3b05 | 18f9 5bff | 0f84 4f66 | 0000 4c8b | c04f 2b44 | d418 4f89 | 44d4 2047 | 8b44 dc08 
  0x0000027d46de1980: ;   {metadata('com/jme3/input/lwjgl/GlfwKeyInput')}
  0x0000027d46de1980: 4181 f800 | 891c 010f | 8517 3500 | 0049 c1e3 | 0341 8b6b | 1445 8b4c | ec14 478b | 44cc 0c45 
  0x0000027d46de19a0: 85c0 0f84 | c03e 0000 | 418b 4b10 

  0x0000027d46de19ac: ; implicit exception: dispatches to 0x0000027d46de6f74
  0x0000027d46de19ac: 458b 44cc 

  0x0000027d46de19b0: ;   {metadata('java/util/ArrayDeque')}
  0x0000027d46de19b0: 0841 81f8 | 78cc 2e00 | 0f85 2635 | 0000 4d8d | 04cc 418b | 580c 458b | 4010 413b | d80f 8568 
  0x0000027d46de19d0: 1e00 0043 | 8b6c d43c 

  0x0000027d46de19d8: ; implicit exception: dispatches to 0x0000027d46de6fb4
  0x0000027d46de19d8: 458b 5cec 

  0x0000027d46de19dc: ;   {metadata('com/jme3/input/lwjgl/GlfwMouseInput')}
  0x0000027d46de19dc: 0841 81fb | b861 1c01 | 0f85 3e35 | 0000 4d8d | 1cec 418b | 6b54 85ed | 0f85 be3e | 0000 418b 
  0x0000027d46de19fc: 5b34 458b 

  0x0000027d46de1a00: ;   {metadata('java/util/ArrayDeque')}
  0x0000027d46de1a00: 44dc 0841 | 81f8 78cc | 2e00 0f85 | 5835 0000 | 4d8d 04dc | 418b 480c | 458b 4010 | 413b c80f 
  0x0000027d46de1a20: 8508 1f00 | 0041 8b4b | 3845 8b4c 

  0x0000027d46de1a2c: ;   {metadata('java/util/ArrayDeque')}
  0x0000027d46de1a2c: cc08 4181 | f978 cc2e | 000f 8571 | 3500 004d | 8d04 cc45 | 8b48 0c41 | 8b58 1044 | 3bcb 0f85 
  0x0000027d46de1a4c: 4320 0000 | 438b 6cd4 | 4085 ed0f | 859f 3e00 | 0043 8b6c | d444 85ed | 0f85 8635 | 0000 4889 
  0x0000027d46de1a6c: 4424 5047 | 8864 d434 | 4489 5424 | 2048 8b54 | 2448 488b | 6c24 3890 

  0x0000027d46de1a84: ;   {optimized virtual_call}
  0x0000027d46de1a84: c5f8 77e8 

  0x0000027d46de1a88: ; ImmutableOopMap {rbp=Oop [32]=NarrowOop [40]=Oop [56]=Oop [72]=Oop }
                      ;*invokespecial processQueue {reexecute=0 rethrow=0 return_oop=0}
                      ; - com.jme3.input.InputManager::update@102 (line 917)
                      ; - com.jme3.app.LegacyApplication::update@91 (line 724)
                      ; - com.jme3.app.SimpleApplication::update@20 (line 246)
                      ; - com.jme3.system.lwjgl.LwjglWindow::runLoop@37 (line 530)
  0x0000027d46de1a88: c4c2 fcff 

  0x0000027d46de1a8c: ;   {other}
  0x0000027d46de1a8c: 0f1f 8400 | 040d 0001 | 448b 5424 | 2047 8b4c | d458 438b | 6ccc 2045 | 8b44 ec0c | 4585 c00f 
  0x0000027d46de1aac: 867f 3500 | 0041 8b5c | ec10 438b | 4ccc 1085 | c90f 8ec5 | 0000 004b | 8d14 cc45 | 33db 4533 
  0x0000027d46de1acc: c044 3bd9 | 0f8d ae40 | 0000 85db | 0f85 e621 | 0000 438b | 74cc 2041 | 8d68 0141 | 8b7c f40c 
  0x0000027d46de1aec: 3bef 0f83 | 3840 0000 | 498d 1cf4 | 4963 c88b | 4c8b 1485 | c90f 858c | 0000 0041 | 83c0 0244 
  0x0000027d46de1b0c: 3bc7 7d1f | 443b c773 | 1a42 8b4c | 8310 498b | 8750 0400 

  0x0000027d46de1b20: ; ImmutableOopMap {r10=NarrowOop r9=NarrowOop rcx=NarrowOop rbx=Oop rdx=Oop rsi=NarrowOop [40]=Oop [56]=Oop [72]=Oop }
                      ;*ifnull {reexecute=1 rethrow=0 return_oop=0}
                      ; - (reexecute) com.jme3.util.IntMap$IntMapIterator::next@86 (line 279)
                      ; - com.jme3.util.IntMap$IntMapIterator::next@1 (line 228)
                      ; - com.jme3.input.InputManager::invokeUpdateActions@18 (line 210)
                      ; - com.jme3.input.InputManager::update@106 (line 918)
                      ; - com.jme3.app.LegacyApplication::update@91 (line 724)
                      ; - com.jme3.app.SimpleApplication::update@20 (line 246)
                      ; - com.jme3.system.lwjgl.LwjglWindow::runLoop@37 (line 530)
                      ;   {poll}
  0x0000027d46de1b20: 0085 0085 | c975 6f41 | ffc0 443b | c77c e1ba | e4ff ffff | 488b 6c24 | 2848 8b5c | 2438 4889 
  0x0000027d46de1b40: 5c24 28c5 | fa10 4424 | 40c5 fa11 | 4424 3048 | 8b5c 2450 | 4889 5c24 | 3844 8944 | 2440 4489 
  0x0000027d46de1b60: 5c24 4489 | 4c24 4844 | 8954 2450 | 8974 2454 | 4489 4c24 | 5866 6690 

  0x0000027d46de1b78: ;   {runtime_call UncommonTrapBlob}
  0x0000027d46de1b78: c5f8 77e8 

  0x0000027d46de1b7c: ; ImmutableOopMap {rbp=Oop [40]=Oop [72]=NarrowOop [80]=NarrowOop [84]=NarrowOop [88]=NarrowOop }
                      ;*aaload {reexecute=0 rethrow=0 return_oop=0}
                      ; - com.jme3.util.IntMap$IntMapIterator::next@78 (line 278)
                      ; - com.jme3.util.IntMap$IntMapIterator::next@1 (line 228)
                      ; - com.jme3.input.InputManager::invokeUpdateActions@18 (line 210)
                      ; - com.jme3.input.InputManager::update@106 (line 918)
                      ; - com.jme3.app.LegacyApplication::update@91 (line 724)
                      ; - com.jme3.app.SimpleApplication::update@20 (line 246)
                      ; - com.jme3.system.lwjgl.LwjglWindow::runLoop@37 (line 530)
  0x0000027d46de1b7c: e027 61ff 

  0x0000027d46de1b80: ;   {other}
  0x0000027d46de1b80: 0f1f 8400 | f80d 0003 | 4533 db45 | 33c0 e904 | 0100 0044 | 8bc5 418b | 7ccc 1449 | 8d04 cc8b 
  0x0000027d46de1ba0: 700c 8b58 | 1041 ffc3 

  0x0000027d46de1ba8: ; implicit exception: dispatches to 0x0000027d46de7810
  0x0000027d46de1ba8: 418b 6cdc 

  0x0000027d46de1bac: ;   {metadata('java/lang/Long')}
  0x0000027d46de1bac: 0881 fdc0 | 0419 000f | 85bf 4d00 | 004f 8b6c | d418 4b8b | 4cd4 1048 | c1e3 0348 | 8b5b 1048 
  0x0000027d46de1bcc: 3bcb 0f8c | 2d22 0000 | 4c2b e94d | 85ed 0f8e | 9b00 0000 | 430f b66c | d436 85ed | 0f84 ee3f 
  0x0000027d46de1bec: 0000 4889 | 9c24 8000 | 0000 4c89 | 6c24 7889 | 7424 7048 | 8944 2468 | 897c 2464 | 4489 4424 
  0x0000027d46de1c0c: 6044 895c | 2444 4889 | 5424 5844 | 894c 2424 | 4489 5424 | 2048 8b54 | 2448 448b 

  0x0000027d46de1c28: ;   {section_word}
  0x0000027d46de1c28: c6c5 fa10 | 05f7 f9ff | ff45 33c9 | 488b ea90 

  0x0000027d46de1c38: ;   {optimized virtual_call}
  0x0000027d46de1c38: c5f8 77e8 

  0x0000027d46de1c3c: ; ImmutableOopMap {rbp=Oop [32]=NarrowOop [36]=NarrowOop [40]=Oop [56]=Oop [72]=Oop [88]=Oop [100]=NarrowOop [104]=Oop }
                      ;*invokespecial invokeAnalogs {reexecute=0 rethrow=0 return_oop=0}
                      ; - com.jme3.input.InputManager::invokeUpdateActions@76 (line 217)
                      ; - com.jme3.input.InputManager::update@106 (line 918)
                      ; - com.jme3.app.LegacyApplication::update@91 (line 724)
                      ; - com.jme3.app.SimpleApplication::update@20 (line 246)
                      ; - com.jme3.system.lwjgl.LwjglWindow::runLoop@37 (line 530)
  0x0000027d46de1c3c: b0d8 ffff 

  0x0000027d46de1c40: ;   {other}
  0x0000027d46de1c40: 0f1f 8400 | b80e 0004 | 448b 5424 | 2044 8b4c | 2424 488b | 5424 5844 | 8b5c 2444 | 448b 4424 
  0x0000027d46de1c60: 608b 7c24 | 6448 8b44 | 2468 8b74 | 2470 4c8b | 6c24 7848 | 8b9c 2480 | 0000 0049 | 8b8f 5004 
  0x0000027d46de1c80: ; ImmutableOopMap {r10=NarrowOop r9=NarrowOop rdi=NarrowOop rdx=Oop rax=Oop [40]=Oop [56]=Oop [72]=Oop }
                      ;*goto {reexecute=1 rethrow=0 return_oop=0}
                      ; - (reexecute) com.jme3.input.InputManager::invokeUpdateActions@79 (line 219)
                      ; - com.jme3.input.InputManager::update@106 (line 918)
                      ; - com.jme3.app.LegacyApplication::update@91 (line 724)
                      ; - com.jme3.app.SimpleApplication::update@20 (line 246)
                      ; - com.jme3.system.lwjgl.LwjglWindow::runLoop@37 (line 530)
                      ;   {poll}
  0x0000027d46de1c80: 0000 8501 | 438b 4ccc | 1044 3bd9 | 7d07 8bdf | e938 feff | ff8b df43 | 8b74 d45c 

  0x0000027d46de1c9c: ; implicit exception: dispatches to 0x0000027d46de70d8
  0x0000027d46de1c9c: 418b 6cf4 | 2041 8b4c | ec0c 85c9 | 0f86 ce33 | 0000 458b | 5cf4 1045 | 85db 0f8f | 702f 0000 
  0x0000027d46de1cbc: 4f8b 5cd4 | 184f 895c | d410 4c8b | 5c24 504f | 895c d418 | 4c8b 5424 | 3845 8b4a | 1847 8b5c 
  0x0000027d46de1cdc: cc08 418b | 6a5c 85ed | 0f85 ee33 | 0000 458b | 4234 c481 | 7a10 4cc4 

  0x0000027d46de1cf4: ;   {metadata('com/jme3/audio/openal/ALAudioRenderer')}
  0x0000027d46de1cf4: 0c41 81fb | c0b9 1c01 | 0f85 fa33 | 0000 4f8d | 04cc 418b | 6848 85ed | 0f84 762f | 0000 4d8d 
  0x0000027d46de1d14: 0cec 488d | 9c24 9000 | 0000 4d8b | 1941 8b9f | 1806 0000 | 41f6 c302 | 0f85 3700 | 0000 81fb 
  0x0000027d46de1d34: 6706 0000 | 0f8f 4b00 | 0000 4d3b | 4c1f f874 | 1649 8bc3 | 4883 c801 | 4983 e3fe | f04d 0fb1 
  0x0000027d46de1d54: 190f 852e | 0000 004d | 890c 1f41 | 8387 1806 | 0000 08eb | 1748 33c0 | f04d 0fb1 | 7b3e 740c 
  0x0000027d46de1d74: 4c3b f875 | 1049 ff83 | 8600 0000 | 49ff 8750 | 0500 0033 | c00f 8599 | 3300 004c | 894c 2420 
  0x0000027d46de1d94: 4c89 4424 | 48c5 fa11 | 4c24 404c | 8954 2438 | 498b d0c5 | f828 c190 

  0x0000027d46de1dac: ;   {optimized virtual_call}
  0x0000027d46de1dac: c5f8 77e8 

  0x0000027d46de1db0: ; ImmutableOopMap {rbp=NarrowOop [32]=Oop [40]=Oop [56]=Oop [72]=Oop }
                      ;*invokevirtual updateInRenderThread {reexecute=0 rethrow=0 return_oop=0}
                      ; - com.jme3.audio.openal.ALAudioRenderer::update@9 (line 850)
                      ; - com.jme3.app.LegacyApplication::update@131 (line 729)
                      ; - com.jme3.app.SimpleApplication::update@20 (line 246)
                      ; - com.jme3.system.lwjgl.LwjglWindow::runLoop@37 (line 530)
  0x0000027d46de1db0: 7c2d f4ff 

  0x0000027d46de1db4: ;   {other}
  0x0000027d46de1db4: 0f1f 8400 | 2c10 0006 | 4c8b 5c24 | 2048 8d84 | 2490 0000 | 0049 ff8f | 5005 0000 | 418b 8718 
  0x0000027d46de1dd4: 0600 004d | 8b13 4d3b | 5c07 f80f | 852e 0000 | 0041 83af | 1806 0000 | 084d 3b5c | 07f0 0f84 
  0x0000027d46de1df4: 4d00 0000 | 498b c248 | 83e0 fc49 | 83ca 01f0 | 4d0f b113 | 0f85 6861 | 0000 e932 | 0000 0049 
  0x0000027d46de1e14: 83ba 8600 | 0000 0075 | 1e49 8b82 | 9600 0000 | 490b 828e | 0000 000f | 8559 6100 | 0049 c742 
  0x0000027d46de1e34: 3e00 0000 | 00eb 0a49 | ff8a 8600 | 0000 4533 | d20f 8527 | 3300 004c | 8b5c 2438 | c4c1 7a10 
  0x0000027d46de1e54: ;   {section_word}
  0x0000027d46de1e54: 4b0c c5f8 | 2e0d c2f7 | ffff 7a06 | 0f84 d63a | 0000 410f | b66b 1185 | ed0f 8509 | 3b00 0045 
  0x0000027d46de1e74: 8b53 34c4 | 8172 5944 | d40c 418b | 6b5c 85ed | 0f85 1333 | 0000 458b | 5358 4585 | d20f 841d 
  0x0000027d46de1e94: 2e00 00c5 | fa11 4424 | 584b 8d14 | d466 6690 

  0x0000027d46de1ea4: ;   {optimized virtual_call}
  0x0000027d46de1ea4: c5f8 77e8 

  0x0000027d46de1ea8: ; ImmutableOopMap {[40]=Oop [56]=Oop }
                      ;*invokevirtual update {reexecute=0 rethrow=0 return_oop=0}
                      ; - com.jme3.app.SimpleApplication::update@77 (line 255)
                      ; - com.jme3.system.lwjgl.LwjglWindow::runLoop@37 (line 530)
  0x0000027d46de1ea8: a4ec f9ff 

  0x0000027d46de1eac: ;   {other}
  0x0000027d46de1eac: 0f1f 8400 | 2411 0007 | 488b 5424 | 38c5 fa10 | 4424 5890 

  0x0000027d46de1ec0: ;   {optimized virtual_call}
  0x0000027d46de1ec0: c5f8 77e8 

  0x0000027d46de1ec4: ; ImmutableOopMap {[40]=Oop [56]=Oop }
                      ;*invokevirtual simpleUpdate {reexecute=0 rethrow=0 return_oop=0}
                      ; - com.jme3.app.SimpleApplication::update@82 (line 258)
                      ; - com.jme3.system.lwjgl.LwjglWindow::runLoop@37 (line 530)
  0x0000027d46de1ec4: 6853 0100 

  0x0000027d46de1ec8: ;   {other}
  0x0000027d46de1ec8: 0f1f 8400 | 4011 0008 | 4c8b 5424 | 3841 8b6a | 5c85 ed0f | 85e3 3200 | 0041 8b6a | 6445 8b54 
  0x0000027d46de1ee8: ;   {metadata('com/jme3/scene/Node')}
  0x0000027d46de1ee8: ec08 4181 | fa48 3000 | 010f 85ed | 3200 004d | 8d14 ec4c | 8954 2460 | 458b 4a4c 

  0x0000027d46de1f04: ; implicit exception: dispatches to 0x0000027d46de71f0
  0x0000027d46de1f04: 478b 5ccc | 0c45 85db | 0f84 b500 | 0000 438b | 6ccc 1885 | ed0f 840b | 1300 0045 | 8b54 ec08 
  0x0000027d46de1f24: ;   {metadata('com/jme3/scene/control/Control'[])}
  0x0000027d46de1f24: 4181 fa50 | 2921 010f | 85f3 4b00 | 004d 8d04 | ec45 8b58 | 0c45 85db | 0f86 8500 | 0000 458d 
  0x0000027d46de1f44: 53ff 453b | d30f 83f9 | 3a00 0045 | 33d2 4489 | 5c24 5ceb | 1c0f 1f80 | 0000 0000 | 4c8b 4c24 
  0x0000027d46de1f64: 20e9 e300 | 0000 660f | 1f44 0000 | 4c8b 4424 | 2043 8b6c | 9010 4489 | 5424 404c | 8944 2420 
  0x0000027d46de1f84: 488b d548 | c1e2 03c5 | fa10 4424 | 58c5 fa11 | 4424 44c5 | fa11 4424 | 5090 c5f8 | 7748 b880 
  0x0000027d46de1fa4: 61d0 bf7d 

  0x0000027d46de1fa8: ;   {virtual_call}
  0x0000027d46de1fa8: 0200 00e8 

  0x0000027d46de1fac: ; ImmutableOopMap {rbp=NarrowOop [32]=Oop [40]=Oop [56]=Oop [96]=Oop }
                      ;*invokeinterface update {reexecute=0 rethrow=0 return_oop=0}
                      ; - com.jme3.scene.Spatial::runControlUpdate@43 (line 737)
                      ; - com.jme3.scene.Spatial::updateLogicalState@2 (line 880)
                      ; - com.jme3.scene.Node::updateLogicalState@2 (line 231)
                      ; - com.jme3.app.SimpleApplication::update@109 (line 261)
                      ; - com.jme3.system.lwjgl.LwjglWindow::runLoop@37 (line 530)
  0x0000027d46de1fac: 30cb 60ff 

  0x0000027d46de1fb0: ;   {other}
  0x0000027d46de1fb0: 0f1f 8400 | 2812 0009 | 448b 5424 | 4041 ffc2 | 443b 5424 | 5c7c a94c | 8b54 2460 | 453b 6258 
  0x0000027d46de1fd0: 0f84 8816 | 0000 4c8b | 5424 3841 | 8b6a 6845 | 8b54 ec08 

  0x0000027d46de1fe4: ;   {metadata('com/jme3/scene/Node')}
  0x0000027d46de1fe4: 4181 fa48 | 3000 010f | 8523 3200 | 004d 8d14 | ec4c 8954 | 2460 418b | 4a4c 458b | 5ccc 0c45 
  0x0000027d46de2004: 85db 0f84 | 9700 0000 | 418b 6ccc | 1885 ed0f | 842d 1400 | 0045 8b54 

  0x0000027d46de201c: ;   {metadata('com/jme3/scene/control/Control'[])}
  0x0000027d46de201c: ec08 4181 | fa50 2921 | 010f 8539 | 4b00 004d | 8d0c ec45 | 8b59 0c45 | 85db 766b | 458d 53ff 
  0x0000027d46de203c: 453b d30f | 8343 3a00 | 0045 33c0 | 4489 5c24 | 5c43 8b6c | 8110 4489 | 4424 404c | 894c 2420 
  0x0000027d46de205c: 488b d548 | c1e2 03c5 | fa10 4424 | 58c5 fa11 | 4424 44c5 | fa11 4424 | 5090 c5f8 | 7748 b8a8 
  0x0000027d46de207c: 61d0 bf7d 

  0x0000027d46de2080: ;   {virtual_call}
  0x0000027d46de2080: 0200 00e8 

  0x0000027d46de2084: ; ImmutableOopMap {rbp=NarrowOop [32]=Oop [40]=Oop [56]=Oop [96]=Oop }
                      ;*invokeinterface update {reexecute=0 rethrow=0 return_oop=0}
                      ; - com.jme3.scene.Spatial::runControlUpdate@43 (line 737)
                      ; - com.jme3.scene.Spatial::updateLogicalState@2 (line 880)
                      ; - com.jme3.scene.Node::updateLogicalState@2 (line 231)
                      ; - com.jme3.app.SimpleApplication::update@117 (line 262)
                      ; - com.jme3.system.lwjgl.LwjglWindow::runLoop@37 (line 530)
  0x0000027d46de2084: 58ca 60ff 

  0x0000027d46de2088: ;   {other}
  0x0000027d46de2088: 0f1f 8400 | 0013 000a | 448b 4424 | 4041 ffc0 | 443b 4424 | 5c0f 8cbd | feff ff4c | 8b54 2460 
  0x0000027d46de20a8: 453b 6258 | 0f84 4216 | 0000 4c8b | 5424 3845 | 8b52 6445 | 85d2 0f84 | 102c 0000 | 4b8d 14d4 
  0x0000027d46de20c8: ;   {optimized virtual_call}
  0x0000027d46de20c8: c5f8 77e8 

  0x0000027d46de20cc: ; ImmutableOopMap {[40]=Oop [56]=Oop }
                      ;*invokevirtual updateGeometricState {reexecute=0 rethrow=0 return_oop=0}
                      ; - com.jme3.app.SimpleApplication::update@124 (line 264)
                      ; - com.jme3.system.lwjgl.LwjglWindow::runLoop@37 (line 530)
  0x0000027d46de20cc: c0fb ecff 

  0x0000027d46de20d0: ;   {other}
  0x0000027d46de20d0: 0f1f 8400 | 4813 000b | 4c8b 5424 | 3845 8b5a | 6845 85db | 0f84 062c | 0000 4b8d | 14dc 6690 
  0x0000027d46de20f0: ;   {optimized virtual_call}
  0x0000027d46de20f0: c5f8 77e8 

  0x0000027d46de20f4: ; ImmutableOopMap {[40]=Oop [56]=Oop }
                      ;*invokevirtual updateGeometricState {reexecute=0 rethrow=0 return_oop=0}
                      ; - com.jme3.app.SimpleApplication::update@131 (line 265)
                      ; - com.jme3.system.lwjgl.LwjglWindow::runLoop@37 (line 530)
  0x0000027d46de20f4: 98fb ecff 

  0x0000027d46de20f8: ;   {other}
  0x0000027d46de20f8: 0f1f 8400 | 7013 000c | 488b 7c24 | 388b 6f5c | 85ed 0f85 | 3031 0000 | 448b 6f20 | 8b77 5845 
  0x0000027d46de2118: 8b54 f410 | 4585 d20f | 84e7 2b00 | 004f 8d1c | d44d 8d34 | f448 8d9c | 2490 0000 | 004d 8b03 
  0x0000027d46de2138: 418b 9f18 | 0600 0041 | f6c0 020f | 8537 0000 | 0081 fb67 | 0600 000f | 8f4b 0000 | 004d 3b5c 
  0x0000027d46de2158: 1ff8 7416 | 498b c048 | 83c8 0149 | 83e0 fef0 | 4d0f b103 | 0f85 2e00 | 0000 4d89 | 1c1f 4183 
  0x0000027d46de2178: 8718 0600 | 0008 eb17 | 4833 c0f0 | 4d0f b178 | 3e74 0c4c | 3bf8 7510 | 49ff 8086 | 0000 0049 
  0x0000027d46de2198: ff87 5005 | 0000 33c0 | 0f85 ba30 | 0000 458b | 4cf4 1043 | 8b6c cc18 | 85ed 0f84 | 5d0c 0000 
  0x0000027d46de21b8: 458b 44ec 

  0x0000027d46de21bc: ;   {metadata('com/jme3/app/state/AppState'[])}
  0x0000027d46de21bc: 0841 81f8 | d042 0001 | 0f85 7248 | 0000 488d | 8424 9000 | 0000 49ff | 8f50 0500 | 0041 8b87 
  0x0000027d46de21dc: 1806 0000 | 4d8b 134d | 3b5c 07f8 | 0f85 2e00 | 0000 4183 | af18 0600 | 0008 4d3b | 5c07 f00f 
  0x0000027d46de21fc: 844d 0000 | 0049 8bc2 | 4883 e0fc | 4983 ca01 | f04d 0fb1 | 130f 8518 | 5d00 00e9 | 3200 0000 
  0x0000027d46de221c: 4983 ba86 | 0000 0000 | 751e 498b | 8296 0000 | 0049 0b82 | 8e00 0000 | 0f85 095d | 0000 49c7 
  0x0000027d46de223c: 423e 0000 | 0000 eb0a | 49ff 8a86 | 0000 0045 | 33d2 0f85 | 6430 0000 | 4d8d 1cec | 458b 530c 
  0x0000027d46de225c: 4585 d20f | 86c3 0000 | 0045 8d4a | ff45 3bca | 0f83 da32 | 0000 4d8b | cd49 c1e1 | 0345 33c0 
  0x0000027d46de227c: 4889 7c24 | 3844 896c | 2448 8974 | 2460 4c89 | 7424 2044 | 8954 245c | 4c89 4c24 | 68eb 1a0f 
  0x0000027d46de229c: 1f44 0000 | 448b c18b | 7c24 20e9 | ab02 0000 | 0f1f 4000 | 4c8b 5c24 | 4043 8b6c | 8310 4489 
  0x0000027d46de22bc: ;   {no_reloc}
  0x0000027d46de22bc: 4424 4c4c | 895c 2440 | 488b d548 | c1e2 0366 | 6690 c5f8 | 7748 b8d0 | 61d0 bf7d 

  0x0000027d46de22d8: ;   {virtual_call}
  0x0000027d46de22d8: 0200 00e8 

  0x0000027d46de22dc: ; ImmutableOopMap {rbp=NarrowOop [32]=Oop [40]=Oop [56]=Oop [64]=Oop [72]=NarrowOop [96]=NarrowOop [104]=Oop }
                      ;*invokeinterface isEnabled {reexecute=0 rethrow=0 return_oop=0}
                      ; - com.jme3.app.state.AppStateManager::render@29 (line 368)
                      ; - com.jme3.app.SimpleApplication::update@161 (line 269)
                      ; - com.jme3.system.lwjgl.LwjglWindow::runLoop@37 (line 530)
  0x0000027d46de22dc: f0a1 90ff 

  0x0000027d46de22e0: ;   {other}
  0x0000027d46de22e0: 0f1f 8400 | 5815 000d | 85c0 0f84 | 2726 0000 | 498d 14ec | 4c8b 4424 | 6890 c5f8 | 7748 b8f8 
  0x0000027d46de2300: 61d0 bf7d 

  0x0000027d46de2304: ;   {virtual_call}
  0x0000027d46de2304: 0200 00e8 

  0x0000027d46de2308: ; ImmutableOopMap {rbp=NarrowOop [32]=Oop [40]=Oop [56]=Oop [64]=Oop [72]=NarrowOop [96]=NarrowOop [104]=Oop }
                      ;*invokeinterface render {reexecute=0 rethrow=0 return_oop=0}
                      ; - com.jme3.app.state.AppStateManager::render@40 (line 369)
                      ; - com.jme3.app.SimpleApplication::update@161 (line 269)
                      ; - com.jme3.system.lwjgl.LwjglWindow::runLoop@37 (line 530)
  0x0000027d46de2308: d49d 90ff 

  0x0000027d46de230c: ;   {other}
  0x0000027d46de230c: 0f1f 8400 | 8415 000e | 448b 4424 | 4c41 ffc0 | 443b 4424 | 5c7c 8d48 | 8b7c 2438 | 8b6f 5c85 
  0x0000027d46de232c: ed0f 85b0 | 2f00 0044 | 8b57 208b | 6f2c 458b 

  0x0000027d46de233c: ;   {metadata('com/jme3/system/lwjgl/LwjglDisplay')}
  0x0000027d46de233c: 44ec 0841 | 81f8 b8f8 | 0101 0f85 | bc2f 0000 | 48c1 e503 | 448b 5d14 

  0x0000027d46de2354: ; implicit exception: dispatches to 0x0000027d46de7330
  0x0000027d46de2354: 438b 5cdc | 0c45 33c0 | 85db 410f | 95c0 438b | 6cd4 2445 | 8b4c ec08 

  0x0000027d46de236c: ;   {metadata('com/jme3/renderer/opengl/GLRenderer')}
  0x0000027d46de236c: 4181 f938 | 6e1a 010f | 85f7 4600 | 0047 8b5c | d428 438b | 74dc 2485 | f60f 84a5 | 2900 0044 
  0x0000027d46de238c: 895c 2424 | 4489 4424 | 4489 5c24 | 2044 8954 | 2440 4889 | 7c24 38c5 | f877 49ba | 70b6 a457 
  0x0000027d46de23ac: f97f 0000 

  0x0000027d46de23b0: ;   {other}
  0x0000027d46de23b0: 41ff d20f | 1f84 0000 | 0000 0049 | 2b44 f410 | 4d8b 9fb8 | 0100 004d | 8bd3 4983 | c210 448b 
  0x0000027d46de23d0: 4424 4049 | c1e0 034c | 8944 2448 | 448b 4c24 | 244b 8d2c | ccc5 f9ef | c0c4 e1fa 

  0x0000027d46de23ec: ;   {section_word}
  0x0000027d46de23ec: 2ac0 c5fa | 5905 2ef2 | ffff c5fa | 1144 2450 | 4d3b 97c8 | 0100 000f | 8377 1d00 | 004d 8997 
  0x0000027d46de240c: b801 0000 | 410f 0d8a | c000 0000 | 4d8b cb49 | c701 0100 

  0x0000027d46de2420: ;   {metadata('java/lang/Float')}
  0x0000027d46de2420: 0000 41c7 | 4108 30c8 | 1800 4589 | 610c c5fa | 1044 2450 | c4c1 7a11 | 410c 4180 | 7f38 000f 
  0x0000027d46de2440: 85f4 1b00 | 0044 8b5c | 2424 4c8b | d54d 8bc1 | 49c1 e803 | 4789 44dc | 284d 8bc1 | 4d33 c249 
  0x0000027d46de2460: c1e8 174d | 85c0 741a | 49c1 ea09 | 48b9 0000 | 114f 7d02 | 0000 4903 | ca80 3902 | 0f85 2c1c 
  0x0000027d46de2480: 0000 478b | 54dc 24c4 | 817a 104c | d40c 498b | 9fb8 0100 | 004c 8bd3 | 4983 c210 | 4d3b 97c8 
  0x0000027d46de24a0: 0100 000f | 83fb 1c00 | 004d 8997 | b801 0000 | 410f 0d8a | c000 0000 | 48c7 0301 

  0x0000027d46de24bc: ;   {metadata('java/lang/Float')}
  0x0000027d46de24bc: 0000 00c7 | 4308 30c8 | 1800 4489 | 630c c5fa | 114b 0c41 | 807f 3800 | 0f85 9c1b | 0000 4c8b 
  0x0000027d46de24dc: d54c 8bcb | 49c1 e903 | 4789 4cdc | 2c4c 8bdb | 4d33 da49 | c1eb 174d | 85db 741a | 49c1 ea09 
  0x0000027d46de24fc: 48b9 0000 | 114f 7d02 | 0000 4903 | ca80 3902 | 0f85 f31b | 0000 448b | 5424 4043 | 8b6c d454 
  0x0000027d46de251c: 85ed 0f85 | 202e 0000 | 478b 5cd4 | 2c43 8b6c | dc10 85ed | 0f8f 6634 | 0000 438b | 5cd4 3041 
  0x0000027d46de253c: 8b6c dc10 | 85ed 0f8e | c500 0000 | 8b7c 2420 | 85ff 0f84 | 5c30 0000 | 4533 c045 | 8b4c dc10 
  0x0000027d46de255c: 4585 c90f | 8cd7 2400 | 0045 3bc1 | 0f83 1a24 | 0000 418b | 4cdc 1445 | 8bd8 458b | 4ccc 0c45 
  0x0000027d46de257c: 3bd9 0f83 | 5c24 0000 | 4d8d 04cc | 478b 4498 | 1043 8b4c 

  0x0000027d46de2590: ;   {metadata('com/jme3/renderer/ViewPort')}
  0x0000027d46de2590: c408 81f9 | 8046 1c01 | 0f85 4245 | 0000 4f8d | 0cc4 458b | 4124 4585 | c00f 85cd | 2d00 004c 
  0x0000027d46de25b0: 894c 2450 | 4489 5c24 | 2489 7c24 | 2041 8bea | 488b 5424 | 484d 8bc1 | c5fa 1044 | 2458 c5fa 
  0x0000027d46de25d0: 1144 2440 

  0x0000027d46de25d4: ;   {optimized virtual_call}
  0x0000027d46de25d4: c5f8 77e8 

  0x0000027d46de25d8: ; ImmutableOopMap {rbp=NarrowOop [40]=Oop [56]=Oop [72]=Oop [80]=Oop }
                      ;*invokevirtual renderViewPort {reexecute=0 rethrow=0 return_oop=0}
                      ; - com.jme3.renderer.RenderManager::render@149 (line 1158)
                      ; - com.jme3.app.SimpleApplication::update@197 (line 272)
                      ; - com.jme3.system.lwjgl.LwjglWindow::runLoop@37 (line 530)
  0x0000027d46de25d8: f40b f9ff 

  0x0000027d46de25dc: ;   {other}
  0x0000027d46de25dc: 0f1f 8400 | 5418 000f | 448b d543 | 8b5c d430 | 8b4c 2424 | ffc1 458b | 44dc 1041 | 3bc8 0f8c 
  0x0000027d46de25fc: a0fc ffff | 438b 6cd4 | 5485 ed0f | 85db 2f00 | 0043 8b7c | d434 418b | 6cfc 1085 | ed0f 8ebb 
  0x0000027d46de261c: 0000 0044 | 8b5c 2420 | 4585 db0f | 841f 3000 | 0045 33db 

  0x0000027d46de2630: ; implicit exception: dispatches to 0x0000027d46de74d4
  0x0000027d46de2630: 418b 6cfc | 1085 ed0f | 8c8f 2d00 | 0044 3bdd | 0f83 2a27 | 0000 458b | 4cfc 1441 | 8bdb 478b 
  0x0000027d46de2650: 44cc 0c41 | 3bd8 0f83 | 6c27 0000 | 4f8d 1ccc | 418b 6c9b | 1045 8b5c 

  0x0000027d46de2668: ;   {metadata('com/jme3/renderer/ViewPort')}
  0x0000027d46de2668: ec08 4181 | fb80 461c | 010f 8559 | 4500 004d | 8d1c ec41 | 8b6b 2485 | ed0f 8553 | 3000 004c 
  0x0000027d46de2688: 895c 2450 | 895c 2420 | 418b ea48 | 8b54 2448 | 4d8b c3c5 | fa10 4424 | 58c5 fa11 | 4424 2490 
  0x0000027d46de26a8: ;   {optimized virtual_call}
  0x0000027d46de26a8: c5f8 77e8 

  0x0000027d46de26ac: ; ImmutableOopMap {rbp=NarrowOop [40]=Oop [56]=Oop [72]=Oop [80]=Oop }
                      ;*invokevirtual renderViewPort {reexecute=0 rethrow=0 return_oop=0}
                      ; - com.jme3.renderer.RenderManager::render@219 (line 1166)
                      ; - com.jme3.app.SimpleApplication::update@197 (line 272)
                      ; - com.jme3.system.lwjgl.LwjglWindow::runLoop@37 (line 530)
  0x0000027d46de26ac: 200b f9ff 

  0x0000027d46de26b0: ;   {other}
  0x0000027d46de26b0: 0f1f 8400 | 2819 0010 | 448b d543 | 8b7c d434 | 448b 4424 | 2041 ffc0 

  0x0000027d46de26c8: ; implicit exception: dispatches to 0x0000027d46de75e4
  0x0000027d46de26c8: 458b 4cfc | 1045 3bc1 | 7d08 458b | d8e9 56ff | ffff 488b | 7424 388b | 7e58 458b | 54fc 1045 
  0x0000027d46de26e8: 85d2 0f84 | 3427 0000 | 4d8d 2cfc | 4f8d 0cd4 | 488d 9c24 | 9000 0000 | 4d8b 1941 | 8b9f 1806 
  0x0000027d46de2708: 0000 41f6 | c302 0f85 | 3700 0000 | 81fb 6706 | 0000 0f8f | 4b00 0000 | 4d3b 4c1f | f874 1649 
  0x0000027d46de2728: 8bc3 4883 | c801 4983 | e3fe f04d | 0fb1 190f | 852e 0000 | 004d 890c | 1f41 8387 | 1806 0000 
  0x0000027d46de2748: 08eb 1748 | 33c0 f04d | 0fb1 7b3e | 740c 4c3b | f875 1049 | ff83 8600 | 0000 49ff | 8750 0500 
  0x0000027d46de2768: 0033 c00f | 85af 2c00 | 0041 8b4c | fc10 418b | 6ccc 1885 | ed0f 84ad | 0800 0045 | 8b44 ec08 
  0x0000027d46de2788: ;   {metadata('com/jme3/app/state/AppState'[])}
  0x0000027d46de2788: 4181 f8d0 | 4200 010f | 851b 4300 | 0048 8d84 | 2490 0000 | 0049 ff8f | 5005 0000 | 418b 8718 
  0x0000027d46de27a8: 0600 004d | 8b11 4d3b | 4c07 f80f | 852e 0000 | 0041 83af | 1806 0000 | 084d 3b4c | 07f0 0f84 
  0x0000027d46de27c8: 4d00 0000 | 498b c248 | 83e0 fc49 | 83ca 01f0 | 4d0f b111 | 0f85 0657 | 0000 e932 | 0000 0049 
  0x0000027d46de27e8: 83ba 8600 | 0000 0075 | 1e49 8b82 | 9600 0000 | 490b 828e | 0000 000f | 85f7 5600 | 0049 c742 
  0x0000027d46de2808: 3e00 0000 | 00eb 0a49 | ff8a 8600 | 0000 4533 | d20f 8550 | 2c00 004d | 8d1c ec45 | 8b53 0c45 
  0x0000027d46de2828: 85d2 0f86 | a400 0000 | 458d 42ff | 453b c20f | 8343 2d00 | 0045 33c0 | 4889 7424 | 3089 7c24 
  0x0000027d46de2848: 504c 896c | 2420 4489 | 5424 4ceb | 1066 6666 | 0f1f 8400 | 0000 0000 | 4c8b 5c24 | 3843 8b6c 
  0x0000027d46de2868: 8310 4489 | 4424 484c | 895c 2438 | 488b d548 | c1e2 0366 | 6690 c5f8 | 7748 b820 

  0x0000027d46de2884: ;   {no_reloc}
  0x0000027d46de2884: 62d0 bf7d 

  0x0000027d46de2888: ;   {virtual_call}
  0x0000027d46de2888: 0200 00e8 

  0x0000027d46de288c: ; ImmutableOopMap {rbp=NarrowOop [32]=Oop [40]=Oop [48]=Oop [56]=Oop [80]=NarrowOop }
                      ;*invokeinterface isEnabled {reexecute=0 rethrow=0 return_oop=0}
                      ; - com.jme3.app.state.AppStateManager::postRender@27 (line 380)
                      ; - com.jme3.app.SimpleApplication::update@212 (line 274)
                      ; - com.jme3.system.lwjgl.LwjglWindow::runLoop@37 (line 530)
  0x0000027d46de288c: 409c 90ff 

  0x0000027d46de2890: ;   {other}
  0x0000027d46de2890: 0f1f 8400 | 081b 0011 | 85c0 0f84 | b020 0000 | 498d 14ec | 6690 c5f8 | 7748 b848 | 62d0 bf7d 
  0x0000027d46de28b0: ;   {virtual_call}
  0x0000027d46de28b0: 0200 00e8 

  0x0000027d46de28b4: ; ImmutableOopMap {rbp=NarrowOop [32]=Oop [40]=Oop [48]=Oop [56]=Oop [80]=NarrowOop }
                      ;*invokeinterface postRender {reexecute=0 rethrow=0 return_oop=0}
                      ; - com.jme3.app.state.AppStateManager::postRender@37 (line 381)
                      ; - com.jme3.app.SimpleApplication::update@212 (line 274)
                      ; - com.jme3.system.lwjgl.LwjglWindow::runLoop@37 (line 530)
  0x0000027d46de28b4: 98b1 6eff 

  0x0000027d46de28b8: ;   {other}
  0x0000027d46de28b8: 0f1f 8400 | 301b 0012 | 448b 4424 | 4841 ffc0 | 443b 4424 | 4c7c 9148 | 8b74 2430 | 8b6e 5c85 
  0x0000027d46de28d8: ed0f 85bb | 2b00 004c | 8b54 2428 | 458b 5a14 

  0x0000027d46de28e8: ; implicit exception: dispatches to 0x0000027d46de762c
  0x0000027d46de28e8: 478b 54dc | 0c45 85d2 | 0f84 de30 | 0000 4c8b | 5424 2841 | 0fb6 6a4e | 85ed 0f84 | ec30 0000 
  0x0000027d46de2908: 450f b65a | 4d45 85db | 742e 4d8b | 5a40 4d85 | db0f 84ed | 3000 0049 | b850 1bdd | cefa 7f00 
  0x0000027d46de2928: 0049 8bd3 | 498b eb90 

  0x0000027d46de2930: ;   {static_call}
  0x0000027d46de2930: c5f8 77e8 

  0x0000027d46de2934: ; ImmutableOopMap {[40]=Oop }
                      ;*invokestatic invokePV {reexecute=0 rethrow=0 return_oop=0}
                      ; - org.lwjgl.glfw.GLFW::glfwSwapBuffers@17 (line 4565)
                      ; - com.jme3.system.lwjgl.LwjglWindow::runLoop@70 (line 539)
  0x0000027d46de2934: 78db eaff 

  0x0000027d46de2938: ;   {other}
  0x0000027d46de2938: 0f1f 8400 | b01b 0013 | 4c8b 5424 | 2841 8b6a | 2c45 8b5c 

  0x0000027d46de294c: ;   {metadata('com/jme3/renderer/opengl/GLRenderer')}
  0x0000027d46de294c: ec08 4181 | fb38 6e1a | 010f 8565 | 2b00 004d | 8d14 ec45 | 8b42 4c47 | 8b5c c414 

  0x0000027d46de2968: ; implicit exception: dispatches to 0x0000027d46de7668
  0x0000027d46de2968: 438b 4cdc | 0c47 8b5c | dc10 413b | cb0f 855d | 2b00 0043 | 8b6c c40c 

  0x0000027d46de2980: ; implicit exception: dispatches to 0x0000027d46de768c
  0x0000027d46de2980: 458b 5cec 

  0x0000027d46de2984: ;   {metadata('java/lang/ref/ReferenceQueue')}
  0x0000027d46de2984: 0841 81fb | 107e 1900 | 0f85 6a2b | 0000 4d8d | 1cec 453b | 630c 0f85 | 5115 0000 

  0x0000027d46de29a0: ;   {oop(a 'com/jme3/opencl/OpenCLObjectManager'{0x000000041a0004f8})}
  0x0000027d46de29a0: 49bb f804 | 001a 0400 | 0000 418b | 6b10 458b | 5cec 0c47 | 8b44 dc14 | 4585 c00f | 855f 2d00 
  0x0000027d46de29c0: ;   {oop(a 'java/util/logging/Logger'{0x000000041a000510})}
  0x0000027d46de29c0: 0049 bb10 | 0500 1a04 | 0000 0045 | 8b43 1047 | 8b5c c40c 

  0x0000027d46de29d4: ;   {oop(a 'java/util/logging/Level'{0x0000000404973e20})}
  0x0000027d46de29d4: 49b8 203e | 9704 0400 | 0000 458b | 480c 453b | cb0f 8d6b | 1700 0041 | 8b6a 6445 | 8b5c ec08 
  0x0000027d46de29f4: ;   {metadata('com/jme3/renderer/lwjgl/LwjglGL')}
  0x0000027d46de29f4: 4181 fb60 | 5f1a 010f | 8527 2b00 | 004c 8b54 | 2428 458b | 5a48 450f | b652 4d45 | 85d2 0f84 
  0x0000027d46de2a14: 1514 0000 | 4c8b 5424 | 2845 8b42 | 1843 8b4c | c424 458b | 4ccc 0c45 | 85c9 0f86 | 1c2d 0000 
  0x0000027d46de2a34: 458d 71ff | 498d 34cc 

  0x0000027d46de2a3c: ;   {oop("FrameRate"{0x0000000404901060})}
  0x0000027d46de2a3c: 49ba 6010 | 9004 0400 | 0000 418b | 5a0c 85db | 0f85 f001 | 0000 410f | b65a 1185 | db0f 85c7 
  0x0000027d46de2a5c: 1300 00ba | 0900 0000 

  0x0000027d46de2a64: ;   {oop([B{0x0000000404901078})}
  0x0000027d46de2a64: 48bf 7810 | 9004 0400 | 0000 4883 | c710 33db | 83fa 200f | 8c5c 0100 | 0033 edc4 | 412d efd2 
  0x0000027d46de2a84: c441 35ef | c9c5 edef | d2c5 f5ef 

  0x0000027d46de2a90: ;   {external_word}
  0x0000027d46de2a90: c948 b8e0 | 0dde 57f9 | 7f00 0044 | 8b10 c4c1 | 796e fac4 | e27d 58ff | 8bc2 83e0 | e041 0faf 
  0x0000027d46de2ab0: dac5 fa7e | 342f c5fa | 7e6c 2f08 | c5fa 7e64 | 2f10 c5fa | 7e5c 2f18 | c462 2d40 | d7c4 e27d 
  0x0000027d46de2ad0: 31f6 c52d | fed6 c462 | 3540 cfc4 | e27d 31ed | c535 fecd | c4e2 6d40 | d7c4 e27d | 31e4 c5ed 
  0x0000027d46de2af0: fed4 c4e2 | 7540 cfc4 | e27d 31db | c5f5 fecb | 83c5 203b | e87c a648 | 8d3c 072b 

  0x0000027d46de2b0c: ;   {external_word}
  0x0000027d46de2b0c: d048 b8e4 | 0dde 57f9 | 7f00 00c5 | 7e6f 00c4 | 422d 40d0 

  0x0000027d46de2b20: ;   {external_word}
  0x0000027d46de2b20: 48b8 040e | de57 f97f | 0000 c5fe | 6f00 c462 

  0x0000027d46de2b30: ;   {external_word}
  0x0000027d46de2b30: 3540 c848 | b824 0ede | 57f9 7f00 | 00c5 7e6f | 20c4 c26d 

  0x0000027d46de2b44: ;   {external_word}
  0x0000027d46de2b44: 40d4 48b8 | 440e de57 | f97f 0000 | c57e 6f18 | c4c2 7540 | cbc4 c22d | 02f2 c4e3 | 7d39 f501 
  0x0000027d46de2b64: c5c9 fef5 | c4e2 4902 | f6c5 f96e | ebc5 c9fe | f5c5 f97e | f3c4 c235 | 02e1 c4e3 | 7d39 e301 
  0x0000027d46de2b84: c5d9 fee3 | c4e2 5902 | e4c5 f96e | dbc5 d9fe | e3c5 f97e | e3c4 e26d | 02f2 c4e3 | 7d39 f501 
  0x0000027d46de2ba4: c5c9 fef5 | c4e2 4902 | f6c5 f96e | ebc5 c9fe | f5c5 f97e | f3c4 e275 | 02e1 c4e3 | 7d39 e301 
  0x0000027d46de2bc4: c5d9 fee3 | c4e2 5902 | e4c5 f96e | dbc5 d9fe | e3c5 f97e | e3bd 0100 | 0000 3bea | 0f8d 2b00 
  0x0000027d46de2be4: 0000 41ba | c103 0000 | 410f afda | 0fb6 442f | ff44 8bd0 | 41c1 e205 | 442b d041 | 03da 440f 
  0x0000027d46de2c04: b614 2f41 | 03da 83c5 | 023b ea7c | d57f 108b | c3c1 e305 | 2bd8 440f | b654 2fff | 4103 da85 
  0x0000027d46de2c24: db0f 8419 

  0x0000027d46de2c28: ;   {oop("FrameRate"{0x0000000404901060})}
  0x0000027d46de2c28: 1900 0049 | ba60 1090 | 0404 0000 | 0041 895a | 0c8b fbc1 | ef10 33fb | eb07 8bfb | c1ef 1033 
  0x0000027d46de2c48: fb44 23f7 | 468b 6cb6 | 1047 8b54 | ec0c 4b8d | 14ec 4b8d | 04c4 443b | d70f 84c9 | 0000 0043 
  0x0000027d46de2c68: 8b6c ec18 | 85ed 0f84 | 542e 0000 | 478b 54ec 

  0x0000027d46de2c78: ;   {metadata('java/util/HashMap$TreeNode')}
  0x0000027d46de2c78: 0841 81fa | 10b7 2900 | 0f84 662e | 0000 498d | 1cec 448b | 530c 443b | d774 1d49 | 8baf 5004 
  0x0000027d46de2c98: 0000 448b 

  0x0000027d46de2c9c: ; ImmutableOopMap {r10=NarrowOop r8=NarrowOop rcx=NarrowOop rdx=Oop rsi=Oop rax=Oop r13=NarrowOop [40]=Oop }
                      ;*ifnonnull {reexecute=1 rethrow=0 return_oop=0}
                      ; - (reexecute) java.util.HashMap::getNode@145 (line 588)
                      ; - java.util.HashMap::get@2 (line 565)
                      ; - com.jme3.system.AppSettings::getInteger@2 (line 485)
                      ; - com.jme3.system.AppSettings::getFrameRate@3 (line 917)
                      ; - com.jme3.system.lwjgl.LwjglWindow::runLoop@120 (line 553)
                      ;   {poll}
  0x0000027d46de2c9c: 5318 8545 | 0045 85d2 | 0f84 1e2e | 0000 4b8d | 1cd4 ebda 

  0x0000027d46de2cb0: ;   {oop("FrameRate"{0x0000000404901060})}
  0x0000027d46de2cb0: 8b6b 1081 | fd0c 0292 | 8074 7048 | 895c 2458 | 4889 5424 | 4844 896c | 2444 897c | 2440 4889 
  0x0000027d46de2cd0: 7424 2044 | 894c 243c | 894c 2438 | 4489 4424 | 3444 895c | 2430 4c8b | c549 c1e0 

  0x0000027d46de2cec: ;   {oop("FrameRate"{0x0000000404901060})}
  0x0000027d46de2cec: 0348 ba60 | 1090 0404 | 0000 0048 | 8944 2460 | 4889 4424 | 6866 6690 

  0x0000027d46de2d04: ;   {optimized virtual_call}
  0x0000027d46de2d04: c5f8 77e8 

  0x0000027d46de2d08: ; ImmutableOopMap {rbp=NarrowOop [32]=Oop [40]=Oop [52]=NarrowOop [56]=NarrowOop [68]=NarrowOop [72]=Oop [88]=Oop [96]=Oop [104]=Oop }
                      ;*invokevirtual equals {reexecute=0 rethrow=0 return_oop=0}
                      ; - java.util.HashMap::getNode@128 (line 586)
                      ; - java.util.HashMap::get@2 (line 565)
                      ; - com.jme3.system.AppSettings::getInteger@2 (line 485)
                      ; - com.jme3.system.AppSettings::getFrameRate@3 (line 917)
                      ; - com.jme3.system.lwjgl.LwjglWindow::runLoop@120 (line 553)
  0x0000027d46de2d08: d4ba 60ff 

  0x0000027d46de2d0c: ;   {other}
  0x0000027d46de2d0c: 0f1f 8400 | 841f 0015 | 85c0 0f84 | 5031 0000 | 448b 5c24 | 3044 8b44 | 2434 488b | 5c24 5848 
  0x0000027d46de2d2c: 8bd3 eb77 | 438b 6cec 

  0x0000027d46de2d34: ;   {oop("FrameRate"{0x0000000404901060})}
  0x0000027d46de2d34: 1081 fd0c | 0292 8074 | 6a48 8954 | 2448 4489 | 6c24 4489 | 7c24 4048 | 8974 2420 | 4489 4c24 
  0x0000027d46de2d54: 3c89 4c24 | 3844 8944 | 2434 4489 | 5c24 304c | 8bc5 49c1 

  0x0000027d46de2d68: ;   {oop("FrameRate"{0x0000000404901060})}
  0x0000027d46de2d68: e003 48ba | 6010 9004 | 0400 0000 | 4889 4424 | 5848 8944 | 2460 6690 

  0x0000027d46de2d80: ;   {optimized virtual_call}
  0x0000027d46de2d80: c5f8 77e8 

  0x0000027d46de2d84: ; ImmutableOopMap {rbp=NarrowOop [32]=Oop [40]=Oop [52]=NarrowOop [56]=NarrowOop [68]=NarrowOop [72]=Oop [88]=Oop [96]=Oop }
                      ;*invokevirtual equals {reexecute=0 rethrow=0 return_oop=0}
                      ; - java.util.HashMap::getNode@63 (line 579)
                      ; - java.util.HashMap::get@2 (line 565)
                      ; - com.jme3.system.AppSettings::getInteger@2 (line 485)
                      ; - com.jme3.system.AppSettings::getFrameRate@3 (line 917)
                      ; - com.jme3.system.lwjgl.LwjglWindow::runLoop@120 (line 553)
  0x0000027d46de2d84: 58ba 60ff 

  0x0000027d46de2d88: ;   {other}
  0x0000027d46de2d88: 0f1f 8400 | 0020 0016 | 85c0 0f84 | bc2e 0000 | 448b 5c24 | 3044 8b44 | 2434 488b | 5424 488b 
  0x0000027d46de2da8: 6a14 458b 

  0x0000027d46de2dac: ;   {metadata('java/lang/Integer')}
  0x0000027d46de2dac: 4cec 0841 | 81f9 e810 | 1800 0f85 | e83d 0000 | 4d8d 14ec | 458b 520c | 453b da0f | 8512 1400 
  0x0000027d46de2dcc: 004c 8b54 | 2428 458b | 5a48 4585 | db0f 8f7a | 1000 0048 | baa0 68dd | cefa 7f00 | 0066 6690 
  0x0000027d46de2dec: ;   {static_call}
  0x0000027d46de2dec: c5f8 77e8 

  0x0000027d46de2df0: ; ImmutableOopMap {[40]=Oop }
                      ;*invokestatic invokeV {reexecute=0 rethrow=0 return_oop=0}
                      ; - org.lwjgl.glfw.GLFW::glfwPollEvents@8 (line 3094)
                      ; - com.jme3.system.lwjgl.LwjglWindow::runLoop@216 (line 576)
  0x0000027d46de2df0: 3c40 ebff 

  0x0000027d46de2df4: ;   {other}
  0x0000027d46de2df4: 0f1f 8400 | 6c20 0017 | c5f8 7748 | 81c4 a000 

  0x0000027d46de2e04: ;   {poll_return}
  0x0000027d46de2e04: 0000 5d49 | 3ba7 4804 | 0000 0f87 | be50 0000 | c343 8b6c | cc14 478b | 44cc 104b | 8d0c cc49 
  0x0000027d46de2e24: c1e0 0385 | ed0f 85ef | 0000 0048 | 894c 2460 | 418b e94c | 8974 2450 | 4c89 5c24 | 2044 8954 
  0x0000027d46de2e44: 2448 8974 | 2444 4489 | 6c24 4048 | 897c 2438 | 488b d145 | 33c9 6690 

  0x0000027d46de2e5c: ;   {optimized virtual_call}
  0x0000027d46de2e5c: c5f8 77e8 

  0x0000027d46de2e60: ; ImmutableOopMap {rbp=NarrowOop [32]=Oop [40]=Oop [56]=Oop [64]=NarrowOop [68]=NarrowOop [72]=NarrowOop [80]=Oop [96]=Oop }
                      ;*invokevirtual createArray {reexecute=0 rethrow=0 return_oop=1}
                      ; - com.jme3.util.SafeArrayList::createArray@6 (line 129)
                      ; - com.jme3.util.SafeArrayList::getArray@22 (line 143)
                      ; - com.jme3.app.state.AppStateManager::getStates@11 (line 127)
                      ; - com.jme3.app.state.AppStateManager::render@1 (line 366)
                      ; - com.jme3.app.SimpleApplication::update@161 (line 269)
                      ; - com.jme3.system.lwjgl.LwjglWindow::runLoop@37 (line 530)
  0x0000027d46de2e60: 7cb9 60ff 

  0x0000027d46de2e64: ;   {other}
  0x0000027d46de2e64: 0f1f 8400 | dc20 0018 | 488b d841 | 807f 3800 | 0f85 fc18 | 0000 448b | dd4c 8bcb | 4d8b d149 
  0x0000027d46de2e84: c1ea 0347 | 8954 dc18 | 4c8b 5424 | 604d 8bc1 | 4d33 c249 | c1e8 174d | 85c0 0f84 | 5d01 0000 
  0x0000027d46de2ea4: 4d85 c90f | 8454 0100 | 0049 c1ea | 0948 b900 | 0011 4f7d | 0200 0049 | 03ca 8039 | 020f 843a 
  0x0000027d46de2ec4: 0100 004d | 8b57 484d | 8b47 40f0 | 8344 24c0 | 0080 3900 | 0f84 2301 | 0000 4488 | 214d 85c0 
  0x0000027d46de2ee4: 7526 418b | fb49 8bd7 | c5f8 7749 | bac0 0769 | 57f9 7f00 | 0041 ffd2 

  0x0000027d46de2efc: ;   {other}
  0x0000027d46de2efc: 0f1f 8400 | 0000 0000 | 448b dfe9 | f500 0000 | 4b89 4c02 | f849 83c0 | f84d 8947 | 40e9 e300 
  0x0000027d46de2f1c: 0000 418b 

  0x0000027d46de2f20: ;   {metadata('java/util/ArrayList')}
  0x0000027d46de2f20: 54ec 0881 | fa28 a01e | 000f 85c9 | 2e00 0048 | 894c 2460 | 4489 4c24 | 4c4c 8974 | 2450 4c89 
  0x0000027d46de2f40: 5c24 2044 | 8954 2448 | 8974 2444 | 4489 6c24 | 4048 897c | 2438 4d8d | 14ec 4d8b | ca45 8b59 
  0x0000027d46de2f60: 1049 8be9 | 488b d145 | 8bcb 4489 | 4c24 5c90 

  0x0000027d46de2f70: ;   {optimized virtual_call}
  0x0000027d46de2f70: c5f8 77e8 

  0x0000027d46de2f74: ; ImmutableOopMap {rbp=Oop [32]=Oop [40]=Oop [56]=Oop [64]=NarrowOop [68]=NarrowOop [72]=NarrowOop [76]=NarrowOop [80]=Oop [96]=Oop }
                      ;*invokevirtual createArray {reexecute=0 rethrow=0 return_oop=1}
                      ; - com.jme3.util.SafeArrayList::createArray@6 (line 129)
                      ; - com.jme3.util.SafeArrayList::getArray@46 (line 148)
                      ; - com.jme3.app.state.AppStateManager::getStates@11 (line 127)
                      ; - com.jme3.app.state.AppStateManager::render@1 (line 366)
                      ; - com.jme3.app.SimpleApplication::update@161 (line 269)
                      ; - com.jme3.system.lwjgl.LwjglWindow::runLoop@37 (line 530)
  0x0000027d46de2f74: 68b8 60ff 

  0x0000027d46de2f78: ;   {other}
  0x0000027d46de2f78: 0f1f 8400 | f021 0019 | 488b d54c | 8bc0 488b | 6c24 2890 

  0x0000027d46de2f8c: ;   {optimized virtual_call}
  0x0000027d46de2f8c: c5f8 77e8 

  0x0000027d46de2f90: ; ImmutableOopMap {rbp=Oop [32]=Oop [40]=Oop [56]=Oop [64]=NarrowOop [68]=NarrowOop [72]=NarrowOop [76]=NarrowOop [80]=Oop [96]=Oop }
                      ;*invokeinterface toArray {reexecute=0 rethrow=0 return_oop=1}
                      ; - com.jme3.util.SafeArrayList::getArray@49 (line 148)
                      ; - com.jme3.app.state.AppStateManager::getStates@11 (line 127)
                      ; - com.jme3.app.state.AppStateManager::render@1 (line 366)
                      ; - com.jme3.app.SimpleApplication::update@161 (line 269)
                      ; - com.jme3.system.lwjgl.LwjglWindow::runLoop@37 (line 530)
  0x0000027d46de2f90: 4cb8 60ff 

  0x0000027d46de2f94: ;   {other}
  0x0000027d46de2f94: 0f1f 8400 | 0c22 001a | 488b d841 | 807f 3800 | 0f85 b312 | 0000 448b | 5c24 4c4c | 8bcb 4d8b 
  0x0000027d46de2fb4: d149 c1ea | 0347 8954 | dc18 4c8b | 5424 604d | 8bc1 4d33 | c249 c1e8 | 174d 85c0 | 741f 4d85 
  0x0000027d46de2fd4: c974 1a49 | c1ea 0948 | b900 0011 | 4f7d 0200 | 0049 03ca | 8039 020f | 851d 1300 | 0041 807f 
  0x0000027d46de2ff4: 3800 0f85 | 2912 0000 | 4789 64dc | 1443 8b6c | dc18 85ed | 0f84 7e2c | 0000 488b | 7c24 3844 
  0x0000027d46de3014: 8b6c 2440 | 8b74 2444 | 448b 5424 | 484c 8b5c | 2420 4c8b | 7424 50e9 | 88f1 ffff | 418b 6ccc 
  0x0000027d46de3034: 1445 8b5c | cc10 498d | 14cc 4d8b | c349 c1e0 | 0385 ed0f | 85de 0000 | 0048 8954 | 2450 8be9 
  0x0000027d46de3054: 4c89 4c24 | 484c 896c | 2420 4489 | 5424 4489 | 7c24 4048 | 8974 2438 | 4533 c990 

  0x0000027d46de3070: ;   {optimized virtual_call}
  0x0000027d46de3070: c5f8 77e8 

  0x0000027d46de3074: ; ImmutableOopMap {rbp=NarrowOop [32]=Oop [40]=Oop [56]=Oop [64]=NarrowOop [68]=NarrowOop [72]=Oop [80]=Oop }
                      ;*invokevirtual createArray {reexecute=0 rethrow=0 return_oop=1}
                      ; - com.jme3.util.SafeArrayList::createArray@6 (line 129)
                      ; - com.jme3.util.SafeArrayList::getArray@22 (line 143)
                      ; - com.jme3.app.state.AppStateManager::getStates@11 (line 127)
                      ; - com.jme3.app.state.AppStateManager::postRender@1 (line 378)
                      ; - com.jme3.app.SimpleApplication::update@212 (line 274)
                      ; - com.jme3.system.lwjgl.LwjglWindow::runLoop@37 (line 530)
  0x0000027d46de3074: 68b7 60ff 

  0x0000027d46de3078: ;   {other}
  0x0000027d46de3078: 0f1f 8400 | f022 001b | 488b d841 | 807f 3800 | 0f85 2317 | 0000 8bfd | 4c8b c34d | 8bd0 49c1 
  0x0000027d46de3098: ea03 4589 | 54fc 184c | 8b54 2450 | 4d8b d84d | 33da 49c1 | eb17 4d85 | db0f 8449 | 0100 004d 
  0x0000027d46de30b8: 85c0 0f84 | 4001 0000 | 49c1 ea09 | 4c8b 4424 | 304d 03c2 | 4180 3802 | 0f84 2a01 | 0000 4d8b 
  0x0000027d46de30d8: 5748 4d8b | 5f40 f083 | 4424 c000 | 4180 3800 | 0f84 1201 | 0000 4588 | 204d 85db | 7523 498b 
  0x0000027d46de30f8: c849 8bd7 | c5f8 7749 | bac0 0769 | 57f9 7f00 | 0041 ffd2 

  0x0000027d46de310c: ;   {other}
  0x0000027d46de310c: 0f1f 8400 | 0000 0000 | e9e7 0000 | 004f 8944 | 1af8 4983 | c3f8 4d89 | 5f40 e9d5 | 0000 0041 
  0x0000027d46de312c: 8b5c ec08 

  0x0000027d46de3130: ;   {metadata('java/util/ArrayList')}
  0x0000027d46de3130: 81fb 28a0 | 1e00 0f85 | f82c 0000 | 4889 5424 | 6089 4c24 | 504c 894c | 2448 4c89 | 6c24 2044 
  0x0000027d46de3150: 8954 2444 | 897c 2440 | 4889 7424 | 384d 8d14 | ec4d 8bca | 458b 5110 | 498b e945 | 8bca 4489 
  0x0000027d46de3170: 4c24 5c90 

  0x0000027d46de3174: ;   {optimized virtual_call}
  0x0000027d46de3174: c5f8 77e8 

  0x0000027d46de3178: ; ImmutableOopMap {rbp=Oop [32]=Oop [40]=Oop [56]=Oop [64]=NarrowOop [68]=NarrowOop [72]=Oop [80]=NarrowOop [96]=Oop }
                      ;*invokevirtual createArray {reexecute=0 rethrow=0 return_oop=1}
                      ; - com.jme3.util.SafeArrayList::createArray@6 (line 129)
                      ; - com.jme3.util.SafeArrayList::getArray@46 (line 148)
                      ; - com.jme3.app.state.AppStateManager::getStates@11 (line 127)
                      ; - com.jme3.app.state.AppStateManager::postRender@1 (line 378)
                      ; - com.jme3.app.SimpleApplication::update@212 (line 274)
                      ; - com.jme3.system.lwjgl.LwjglWindow::runLoop@37 (line 530)
  0x0000027d46de3178: 64b6 60ff 

  0x0000027d46de317c: ;   {other}
  0x0000027d46de317c: 0f1f 8400 | f423 001c | 488b d54c | 8bc0 488b | 6c24 2890 

  0x0000027d46de3190: ;   {optimized virtual_call}
  0x0000027d46de3190: c5f8 77e8 

  0x0000027d46de3194: ; ImmutableOopMap {rbp=Oop [32]=Oop [40]=Oop [56]=Oop [64]=NarrowOop [68]=NarrowOop [72]=Oop [80]=NarrowOop [96]=Oop }
                      ;*invokeinterface toArray {reexecute=0 rethrow=0 return_oop=1}
                      ; - com.jme3.util.SafeArrayList::getArray@49 (line 148)
                      ; - com.jme3.app.state.AppStateManager::getStates@11 (line 127)
                      ; - com.jme3.app.state.AppStateManager::postRender@1 (line 378)
                      ; - com.jme3.app.SimpleApplication::update@212 (line 274)
                      ; - com.jme3.system.lwjgl.LwjglWindow::runLoop@37 (line 530)
  0x0000027d46de3194: 48b6 60ff 

  0x0000027d46de3198: ;   {other}
  0x0000027d46de3198: 0f1f 8400 | 1024 001d | 488b d841 | 807f 3800 | 0f85 2411 | 0000 8b7c | 2450 4c8b | c34d 8bd0 
  0x0000027d46de31b8: 49c1 ea03 | 4589 54fc | 184c 8b54 | 2460 4d8b | d84d 33da | 49c1 eb17 | 4d85 db74 | 1b4d 85c0 
  0x0000027d46de31d8: 7416 49c1 | ea09 4c8b | 4424 304d | 03c2 4180 | 3802 0f85 | 7511 0000 | 4180 7f38 | 000f 859f 
  0x0000027d46de31f8: 1000 0045 | 8964 fc14 | 418b 6cfc | 1885 ed0f | 84a3 2a00 | 0048 8b74 | 2438 8b7c | 2440 448b 
  0x0000027d46de3218: 5424 444c | 8b6c 2420 | 4c8b 4c24 | 48e9 59f5 | ffff 438b | 6ccc 1447 | 8b54 cc10 | 4f8d 1ccc 
  0x0000027d46de3238: 4d8b c249 | c1e0 0385 | ed0f 85f0 | 0000 004c | 895c 2440 | 418b e94c | 8b54 2460 | 4c89 5424 
  0x0000027d46de3258: 484c 8b54 | 2438 4c89 | 5424 2049 | 8bd3 4533 | c9c5 fa10 | 4c24 58c5 | f828 c1c5 | fa11 4424 
  0x0000027d46de3278: 3c66 6690 

  0x0000027d46de327c: ;   {optimized virtual_call}
  0x0000027d46de327c: c5f8 77e8 

  0x0000027d46de3280: ; ImmutableOopMap {rbp=NarrowOop [32]=Oop [40]=Oop [64]=Oop [72]=Oop }
                      ;*invokevirtual createArray {reexecute=0 rethrow=0 return_oop=1}
                      ; - com.jme3.util.SafeArrayList::createArray@6 (line 129)
                      ; - com.jme3.util.SafeArrayList::getArray@22 (line 143)
                      ; - com.jme3.scene.Spatial::runControlUpdate@15 (line 736)
                      ; - com.jme3.scene.Spatial::updateLogicalState@2 (line 880)
                      ; - com.jme3.scene.Node::updateLogicalState@2 (line 231)
                      ; - com.jme3.app.SimpleApplication::update@109 (line 261)
                      ; - com.jme3.system.lwjgl.LwjglWindow::runLoop@37 (line 530)
  0x0000027d46de3280: 5cb5 60ff 

  0x0000027d46de3284: ;   {other}
  0x0000027d46de3284: 0f1f 8400 | fc24 001e | 488b d841 | 807f 3800 | 0f85 5115 | 0000 8bfd | 4c8b c34d | 8bd0 49c1 
  0x0000027d46de32a4: ea03 4589 | 54fc 184c | 8b54 2440 | 4d8b d84d | 33da 49c1 | eb17 4d85 | db0f 845d | 0100 004d 
  0x0000027d46de32c4: 85c0 0f84 | 5401 0000 | 49c1 ea09 | 48b9 0000 | 114f 7d02 | 0000 4903 | ca80 3902 | 0f84 3a01 
  0x0000027d46de32e4: 0000 4d8b | 5748 4d8b | 5f40 f083 | 4424 c000 | 8039 000f | 8423 0100 | 0044 8821 | 4d85 db75 
  0x0000027d46de3304: 2049 8bd7 | c5f8 7749 | bac0 0769 | 57f9 7f00 | 0041 ffd2 

  0x0000027d46de3318: ;   {other}
  0x0000027d46de3318: 0f1f 8400 | 0000 0000 | e9fb 0000 | 004b 894c | 1af8 4983 | c3f8 4d89 | 5f40 e9e9 | 0000 0045 
  0x0000027d46de3338: 8b54 ec08 

  0x0000027d46de333c: ;   {metadata('java/util/ArrayList')}
  0x0000027d46de333c: 4181 fa28 | a01e 000f | 855b 2b00 | 004c 895c | 2450 4489 | 4c24 404c | 8b54 2460 | 4c89 5424 
  0x0000027d46de335c: 484c 8b54 | 2438 4c89 | 5424 204d | 8d14 ec45 | 8b4a 1049 | 8bea 488b | 5424 50c5 | fa10 4424 
  0x0000027d46de337c: 58c5 fa11 | 4424 3cc5 | fa11 4424 | 4444 894c | 245c 6690 

  0x0000027d46de3390: ;   {optimized virtual_call}
  0x0000027d46de3390: c5f8 77e8 

  0x0000027d46de3394: ; ImmutableOopMap {rbp=Oop [32]=Oop [40]=Oop [64]=NarrowOop [72]=Oop [80]=Oop }
                      ;*invokevirtual createArray {reexecute=0 rethrow=0 return_oop=1}
                      ; - com.jme3.util.SafeArrayList::createArray@6 (line 129)
                      ; - com.jme3.util.SafeArrayList::getArray@46 (line 148)
                      ; - com.jme3.scene.Spatial::runControlUpdate@15 (line 736)
                      ; - com.jme3.scene.Spatial::updateLogicalState@2 (line 880)
                      ; - com.jme3.scene.Node::updateLogicalState@2 (line 231)
                      ; - com.jme3.app.SimpleApplication::update@109 (line 261)
                      ; - com.jme3.system.lwjgl.LwjglWindow::runLoop@37 (line 530)
  0x0000027d46de3394: 48b4 60ff 

  0x0000027d46de3398: ;   {other}
  0x0000027d46de3398: 0f1f 8400 | 1026 001f | 488b d54c | 8bc0 488b | 6c24 2890 

  0x0000027d46de33ac: ;   {optimized virtual_call}
  0x0000027d46de33ac: c5f8 77e8 

  0x0000027d46de33b0: ; ImmutableOopMap {rbp=Oop [32]=Oop [40]=Oop [64]=NarrowOop [72]=Oop [80]=Oop }
                      ;*invokeinterface toArray {reexecute=0 rethrow=0 return_oop=1}
                      ; - com.jme3.util.SafeArrayList::getArray@49 (line 148)
                      ; - com.jme3.scene.Spatial::runControlUpdate@15 (line 736)
                      ; - com.jme3.scene.Spatial::updateLogicalState@2 (line 880)
                      ; - com.jme3.scene.Node::updateLogicalState@2 (line 231)
                      ; - com.jme3.app.SimpleApplication::update@109 (line 261)
                      ; - com.jme3.system.lwjgl.LwjglWindow::runLoop@37 (line 530)
  0x0000027d46de33b0: 2cb4 60ff 

  0x0000027d46de33b4: ;   {other}
  0x0000027d46de33b4: 0f1f 8400 | 2c26 0020 | 488b d841 | 807f 3800 | 0f85 2810 | 0000 8b7c | 2440 4c8b | c34d 8bd8 
  0x0000027d46de33d4: 49c1 eb03 | 4589 5cfc | 184c 8b54 | 2450 4d8b | d84d 33da | 49c1 eb17 | 4d85 db74 | 1f4d 85c0 
  0x0000027d46de33f4: 741a 49c1 | ea09 48b9 | 0000 114f | 7d02 0000 | 4903 ca80 | 3902 0f85 | 9210 0000 | 4180 7f38 
  0x0000027d46de3414: 000f 859f | 0f00 0045 | 8964 fc14 | 418b 6cfc | 1885 ed0f | 84a7 2800 | 004c 8b54 | 2420 4c89 
  0x0000027d46de3434: 5424 384c | 8b54 2448 | 4c89 5424 | 60e9 d9ea | ffff 418b | 6ccc 1445 | 8b54 cc10 | 4d8d 1ccc 
  0x0000027d46de3454: 4d8b c249 | c1e0 0385 | ed0f 85ec | 0000 004c | 895c 2440 | 8be9 4c8b | 5424 604c | 8954 2448 
  0x0000027d46de3474: 4c8b 5424 | 384c 8954 | 2420 498b | d345 33c9 | c5fa 104c | 2458 c5f8 | 28c1 c5fa | 1144 243c 
  0x0000027d46de3494: ;   {optimized virtual_call}
  0x0000027d46de3494: c5f8 77e8 

  0x0000027d46de3498: ; ImmutableOopMap {rbp=NarrowOop [32]=Oop [40]=Oop [64]=Oop [72]=Oop }
                      ;*invokevirtual createArray {reexecute=0 rethrow=0 return_oop=1}
                      ; - com.jme3.util.SafeArrayList::createArray@6 (line 129)
                      ; - com.jme3.util.SafeArrayList::getArray@22 (line 143)
                      ; - com.jme3.scene.Spatial::runControlUpdate@15 (line 736)
                      ; - com.jme3.scene.Spatial::updateLogicalState@2 (line 880)
                      ; - com.jme3.scene.Node::updateLogicalState@2 (line 231)
                      ; - com.jme3.app.SimpleApplication::update@117 (line 262)
                      ; - com.jme3.system.lwjgl.LwjglWindow::runLoop@37 (line 530)
  0x0000027d46de3498: 44b3 60ff 

  0x0000027d46de349c: ;   {other}
  0x0000027d46de349c: 0f1f 8400 | 1427 0021 | 488b f841 | 807f 3800 | 0f85 7313 | 0000 8bdd | 4c8b c74d | 8bd0 49c1 
  0x0000027d46de34bc: ea03 4589 | 54dc 184c | 8b54 2440 | 4d8b d84d | 33da 49c1 | eb17 4d85 | db0f 845d | 0100 004d 
  0x0000027d46de34dc: 85c0 0f84 | 5401 0000 | 49c1 ea09 | 48b9 0000 | 114f 7d02 | 0000 4903 | ca80 3902 | 0f84 3a01 
  0x0000027d46de34fc: 0000 4d8b | 5748 4d8b | 5f40 f083 | 4424 c000 | 8039 000f | 8423 0100 | 0044 8821 | 4d85 db75 
  0x0000027d46de351c: 2049 8bd7 | c5f8 7749 | bac0 0769 | 57f9 7f00 | 0041 ffd2 

  0x0000027d46de3530: ;   {other}
  0x0000027d46de3530: 0f1f 8400 | 0000 0000 | e9fb 0000 | 004b 894c | 1af8 4983 | c3f8 4d89 | 5f40 e9e9 | 0000 0045 
  0x0000027d46de3550: 8b54 ec08 

  0x0000027d46de3554: ;   {metadata('java/util/ArrayList')}
  0x0000027d46de3554: 4181 fa28 | a01e 000f | 859b 2900 | 004c 895c | 2450 894c | 2440 4c8b | 5424 604c | 8954 2448 
  0x0000027d46de3574: 4c8b 5424 | 384c 8954 | 2420 4d8d | 14ec 458b | 5a10 498b | ea48 8b54 | 2450 458b | cbc5 fa10 
  0x0000027d46de3594: 4424 58c5 | fa11 4424 | 3cc5 fa11 | 4424 4444 | 895c 245c 

  0x0000027d46de35a8: ;   {optimized virtual_call}
  0x0000027d46de35a8: c5f8 77e8 

  0x0000027d46de35ac: ; ImmutableOopMap {rbp=Oop [32]=Oop [40]=Oop [64]=NarrowOop [72]=Oop [80]=Oop }
                      ;*invokevirtual createArray {reexecute=0 rethrow=0 return_oop=1}
                      ; - com.jme3.util.SafeArrayList::createArray@6 (line 129)
                      ; - com.jme3.util.SafeArrayList::getArray@46 (line 148)
                      ; - com.jme3.scene.Spatial::runControlUpdate@15 (line 736)
                      ; - com.jme3.scene.Spatial::updateLogicalState@2 (line 880)
                      ; - com.jme3.scene.Node::updateLogicalState@2 (line 231)
                      ; - com.jme3.app.SimpleApplication::update@117 (line 262)
                      ; - com.jme3.system.lwjgl.LwjglWindow::runLoop@37 (line 530)
  0x0000027d46de35ac: 30b2 60ff 

  0x0000027d46de35b0: ;   {other}
  0x0000027d46de35b0: 0f1f 8400 | 2828 0022 | 488b d54c | 8bc0 488b | 6c24 2890 

  0x0000027d46de35c4: ;   {optimized virtual_call}
  0x0000027d46de35c4: c5f8 77e8 

  0x0000027d46de35c8: ; ImmutableOopMap {rbp=Oop [32]=Oop [40]=Oop [64]=NarrowOop [72]=Oop [80]=Oop }
                      ;*invokeinterface toArray {reexecute=0 rethrow=0 return_oop=1}
                      ; - com.jme3.util.SafeArrayList::getArray@49 (line 148)
                      ; - com.jme3.scene.Spatial::runControlUpdate@15 (line 736)
                      ; - com.jme3.scene.Spatial::updateLogicalState@2 (line 880)
                      ; - com.jme3.scene.Node::updateLogicalState@2 (line 231)
                      ; - com.jme3.app.SimpleApplication::update@117 (line 262)
                      ; - com.jme3.system.lwjgl.LwjglWindow::runLoop@37 (line 530)
  0x0000027d46de35c8: 14b2 60ff 

  0x0000027d46de35cc: ;   {other}
  0x0000027d46de35cc: 0f1f 8400 | 4428 0023 | 488b f841 | 807f 3800 | 0f85 840e | 0000 8b5c | 2440 4c8b | c74d 8bd8 
  0x0000027d46de35ec: 49c1 eb03 | 4589 5cdc | 184c 8b54 | 2450 4d8b | d84d 33da | 49c1 eb17 | 4d85 db74 | 1f4d 85c0 
  0x0000027d46de360c: 741a 49c1 | ea09 48b9 | 0000 114f | 7d02 0000 | 4903 ca80 | 3902 0f85 | cb0e 0000 | 4180 7f38 
  0x0000027d46de362c: 000f 85fb | 0d00 0045 | 8964 dc14 | 418b 6cdc | 1885 ed0f | 84bf 2600 | 004c 8b54 | 2420 4c89 
  0x0000027d46de364c: 5424 384c | 8b54 2448 | 4c89 5424 | 60e9 bbe9 | ffff 488b | 5424 60c5 | fa10 4424 | 58c5 fa11 
  0x0000027d46de366c: 4424 4c90 

  0x0000027d46de3670: ;   {optimized virtual_call}
  0x0000027d46de3670: c5f8 77e8 

  0x0000027d46de3674: ; ImmutableOopMap {[40]=Oop [56]=Oop [96]=Oop }
                      ;*invokespecial getUpdateList {reexecute=0 rethrow=0 return_oop=1}
                      ; - com.jme3.scene.Node::updateLogicalState@14 (line 241)
                      ; - com.jme3.app.SimpleApplication::update@109 (line 261)
                      ; - com.jme3.system.lwjgl.LwjglWindow::runLoop@37 (line 530)
  0x0000027d46de3674: 98bf f7ff 

  0x0000027d46de3678: ;   {other}
  0x0000027d46de3678: 0f1f 8400 | f028 0024 | 4885 c00f | 84ab 2600 | 0048 8bd0 | 488b 6c24 | 28c5 fa10 | 4424 4cc5 
  0x0000027d46de3698: fa11 4424 | 4466 6690 

  0x0000027d46de36a0: ;   {optimized virtual_call}
  0x0000027d46de36a0: c5f8 77e8 

  0x0000027d46de36a4: ; ImmutableOopMap {rbp=Oop [40]=Oop [56]=Oop [96]=Oop }
                      ;*invokevirtual getArray {reexecute=0 rethrow=0 return_oop=1}
                      ; - com.jme3.scene.Node::updateLogicalState@17 (line 241)
                      ; - com.jme3.app.SimpleApplication::update@109 (line 261)
                      ; - com.jme3.system.lwjgl.LwjglWindow::runLoop@37 (line 530)
  0x0000027d46de36a4: a81b e6ff 

  0x0000027d46de36a8: ;   {other}
  0x0000027d46de36a8: 0f1f 8400 | 2029 0025 

  0x0000027d46de36b0: ; implicit exception: dispatches to 0x0000027d46de794c
  0x0000027d46de36b0: 448b 5008 

  0x0000027d46de36b4: ;   {metadata('com/jme3/scene/Spatial'[])}
  0x0000027d46de36b4: 4181 fa20 | 2c1c 010f | 8517 3300 | 004c 8bd0 | 458b 5a0c | 4585 db0f | 8605 e9ff | ff45 8d43 
  0x0000027d46de36d4: ff45 3bc3 | 0f83 aa26 | 0000 33ed | 4c8b 4424 | 604c 8944 | 2448 4489 | 5c24 50e9 | a100 0000 
  0x0000027d46de36f4: 488b 5424 | 60c5 fa10 | 4424 58c5 | fa11 4424 | 4c66 6690 

  0x0000027d46de3708: ;   {optimized virtual_call}
  0x0000027d46de3708: c5f8 77e8 

  0x0000027d46de370c: ; ImmutableOopMap {[40]=Oop [56]=Oop [96]=Oop }
                      ;*invokespecial getUpdateList {reexecute=0 rethrow=0 return_oop=1}
                      ; - com.jme3.scene.Node::updateLogicalState@14 (line 241)
                      ; - com.jme3.app.SimpleApplication::update@117 (line 262)
                      ; - com.jme3.system.lwjgl.LwjglWindow::runLoop@37 (line 530)
  0x0000027d46de370c: 00bf f7ff 

  0x0000027d46de3710: ;   {other}
  0x0000027d46de3710: 0f1f 8400 | 8829 0026 | 4885 c00f | 843b 2600 | 0048 8bd0 | 488b 6c24 | 28c5 fa10 | 4424 4cc5 
  0x0000027d46de3730: fa11 4424 | 4466 6690 

  0x0000027d46de3738: ;   {optimized virtual_call}
  0x0000027d46de3738: c5f8 77e8 

  0x0000027d46de373c: ; ImmutableOopMap {rbp=Oop [40]=Oop [56]=Oop [96]=Oop }
                      ;*invokevirtual getArray {reexecute=0 rethrow=0 return_oop=1}
                      ; - com.jme3.scene.Node::updateLogicalState@17 (line 241)
                      ; - com.jme3.app.SimpleApplication::update@117 (line 262)
                      ; - com.jme3.system.lwjgl.LwjglWindow::runLoop@37 (line 530)
  0x0000027d46de373c: 101b e6ff 

  0x0000027d46de3740: ;   {other}
  0x0000027d46de3740: 0f1f 8400 | b829 0027 

  0x0000027d46de3748: ; implicit exception: dispatches to 0x0000027d46de7970
  0x0000027d46de3748: 448b 5008 

  0x0000027d46de374c: ;   {metadata('com/jme3/scene/Spatial'[])}
  0x0000027d46de374c: 4181 fa20 | 2c1c 010f | 85af 3200 | 004c 8bd0 | 458b 5a0c | 4585 db0f | 8649 e9ff | ff45 8d43 
  0x0000027d46de376c: ff45 3bc3 | 0f83 4a26 | 0000 33ed | 4c8b 4424 | 604c 8944 | 2448 4489 | 5c24 50eb | 5d0f 1f80 
  0x0000027d46de378c: 0000 0000 | 4c8b 5424 | 4045 8b5c | aa10 4c89 | 5424 4049 | 8bd3 48c1 | e203 4489 | 5c24 20c5 
  0x0000027d46de37ac: fa10 4424 | 58c5 fa11 | 4424 2466 | 6690 c5f8 | 7748 b870 | 62d0 bf7d 

  0x0000027d46de37c4: ;   {virtual_call}
  0x0000027d46de37c4: 0200 00e8 

  0x0000027d46de37c8: ; ImmutableOopMap {[32]=NarrowOop [40]=Oop [56]=Oop [64]=Oop [72]=Oop }
                      ;*invokevirtual updateLogicalState {reexecute=0 rethrow=0 return_oop=0}
                      ; - com.jme3.scene.Node::updateLogicalState@45 (line 242)
                      ; - com.jme3.app.SimpleApplication::update@109 (line 261)
                      ; - com.jme3.system.lwjgl.LwjglWindow::runLoop@37 (line 530)
  0x0000027d46de37c8: 14a8 6eff 

  0x0000027d46de37cc: ;   {other}
  0x0000027d46de37cc: 0f1f 8400 | 442a 0028 | ffc5 3b6c | 2450 7cb4 | e9f5 e7ff | ff4c 8b54 | 2440 458b | 5caa 104c 
  0x0000027d46de37ec: 8954 2440 | 498b d348 | c1e2 0344 | 895c 2420 | c5fa 1044 | 2458 c5fa | 1144 2424 | 6690 c5f8 
  0x0000027d46de380c: 7748 b898 | 62d0 bf7d 

  0x0000027d46de3814: ;   {virtual_call}
  0x0000027d46de3814: 0200 00e8 

  0x0000027d46de3818: ; ImmutableOopMap {[32]=NarrowOop [40]=Oop [56]=Oop [64]=Oop [72]=Oop }
                      ;*invokevirtual updateLogicalState {reexecute=0 rethrow=0 return_oop=0}
                      ; - com.jme3.scene.Node::updateLogicalState@45 (line 242)
                      ; - com.jme3.app.SimpleApplication::update@117 (line 262)
                      ; - com.jme3.system.lwjgl.LwjglWindow::runLoop@37 (line 530)
  0x0000027d46de3818: c4a7 6eff 

  0x0000027d46de381c: ;   {other}
  0x0000027d46de381c: 0f1f 8400 | 942a 0029 | ffc5 3b6c | 2450 7cb5 | e981 e8ff | ff44 8b54 | 2444 488b | 4424 5045 
  0x0000027d46de383c: 8b4b 2045 | 8b44 cc08 

  0x0000027d46de3844: ;   {metadata('java/util/ArrayDeque')}
  0x0000027d46de3844: 4181 f878 | cc2e 000f | 85bb 2800 | 0048 c1e1 | 038b 5914 | 448b 410c 

  0x0000027d46de385c: ; implicit exception: dispatches to 0x0000027d46de7b00
  0x0000027d46de385c: 418b 7cdc | 0c44 3bc7 | 0f83 4627 | 0000 48c1 | e303 428b | 6c83 1041 | 8b74 ec08 | 4180 7f38 
  0x0000027d46de387c: 000f 8542 | 0d00 0041 | 8d50 013b | d70f 8d81 | 0500 0089 | 510c 4689 

  0x0000027d46de3894: ;   {metadata('com/jme3/input/event/KeyInputEvent')}
  0x0000027d46de3894: 6483 1081 | fe60 b121 | 010f 85f1 | 2f00 004d | 8d04 ec43 | 8b4c cc08 

  0x0000027d46de38ac: ;   {metadata('com/jme3/input/InputManager')}
  0x0000027d46de38ac: 81f9 90a3 | 1c01 0f85 | e828 0000 | 498b eb48 | 8944 2450 | 4489 5424 | 444b 8d14 | cc66 6690 
  0x0000027d46de38cc: ;   {optimized virtual_call}
  0x0000027d46de38cc: c5f8 77e8 

  0x0000027d46de38d0: ; ImmutableOopMap {rbp=Oop [40]=Oop [56]=Oop [68]=NarrowOop [72]=Oop }
                      ;*invokeinterface onKeyEvent {reexecute=0 rethrow=0 return_oop=0}
                      ; - com.jme3.input.lwjgl.GlfwKeyInput::update@39 (line 161)
                      ; - com.jme3.input.InputManager::update@50 (line 906)
                      ; - com.jme3.app.LegacyApplication::update@91 (line 724)
                      ; - com.jme3.app.SimpleApplication::update@20 (line 246)
                      ; - com.jme3.system.lwjgl.LwjglWindow::runLoop@37 (line 530)
  0x0000027d46de38d0: b147 0000 

  0x0000027d46de38d4: ;   {other}
  0x0000027d46de38d4: 0f1f 8400 | 4c2b 002a | 4d8b 9750 

  0x0000027d46de38e0: ; ImmutableOopMap {rbp=Oop [40]=Oop [56]=Oop [68]=NarrowOop [72]=Oop }
                      ;*goto {reexecute=1 rethrow=0 return_oop=0}
                      ; - (reexecute) com.jme3.input.lwjgl.GlfwKeyInput::update@44 (line 161)
                      ; - com.jme3.input.InputManager::update@50 (line 906)
                      ; - com.jme3.app.LegacyApplication::update@91 (line 724)
                      ; - com.jme3.app.SimpleApplication::update@20 (line 246)
                      ; - com.jme3.system.lwjgl.LwjglWindow::runLoop@37 (line 530)
                      ;   {poll}
  0x0000027d46de38e0: 0400 0041 | 8502 4c8b | dd41 8b4b | 1045 8b54 

  0x0000027d46de38f0: ;   {metadata('java/util/ArrayDeque')}
  0x0000027d46de38f0: cc08 4181 | fa78 cc2e | 000f 8581 | 2900 004d | 8d14 cc45 | 8b4a 0c45 | 8b52 1045 | 3bca 0f85 
  0x0000027d46de3910: 1dff ffff | 448b 5424 | 4448 8b44 | 2450 e9b0 | e0ff ff44 | 8b54 2450 | 488b 4424 | 5845 8b4b 
  0x0000027d46de3930: 4045 8b44 

  0x0000027d46de3934: ;   {metadata('java/util/ArrayDeque')}
  0x0000027d46de3934: dc08 4181 | f878 cc2e | 000f 8581 | 2700 0049 | 8d0c dc8b | 7114 448b | 410c 418b | 5cf4 0c44 
  0x0000027d46de3954: 3bc3 0f83 | f825 0000 | 48c1 e603 | 428b 6c86 | 1041 8b7c | ec08 4180 | 7f38 000f | 85e5 0b00 
  0x0000027d46de3974: 0041 8d50 | 013b d30f | 8d88 0400 | 0089 510c | 4689 6486 

  0x0000027d46de3988: ;   {metadata('com/jme3/input/event/MouseMotionEvent')}
  0x0000027d46de3988: 1081 ff50 | a91c 010f | 854b 2f00 | 004d 8d04 | ec49 8bc8 

  0x0000027d46de399c: ; implicit exception: dispatches to 0x0000027d46de7abc
  0x0000027d46de399c: 478b 44cc 

  0x0000027d46de39a0: ;   {metadata('com/jme3/input/InputManager')}
  0x0000027d46de39a0: 0841 81f8 | 90a3 1c01 | 0f85 a627 | 0000 448b | 4118 8b79 | 1c4b 8d2c | cc44 8b4d | 48c5 f9ef 
  0x0000027d46de39c0: c0c5 fa2a | c7c5 e9ef | d2c4 c16a | 2ad0 4585 | c90f 8435 | 2600 00c4 | c179 7ec0 | 4889 4c24 
  0x0000027d46de39e0: 684c 895c | 2460 4889 | 4424 5844 | 8954 2450 | 4b8d 14cc | c5f8 28c2 | c4c1 796e | c866 6690 
  0x0000027d46de3a00: ;   {optimized virtual_call}
  0x0000027d46de3a00: c5f8 77e8 

  0x0000027d46de3a04: ; ImmutableOopMap {rbp=Oop [40]=Oop [56]=Oop [72]=Oop [80]=NarrowOop [96]=Oop [104]=Oop }
                      ;*invokevirtual set {reexecute=0 rethrow=0 return_oop=1}
                      ; - com.jme3.input.InputManager::onMouseMotionEvent@14 (line 440)
                      ; - com.jme3.input.lwjgl.GlfwMouseInput::update@130 (line 298)
                      ; - com.jme3.input.InputManager::update@59 (line 907)
                      ; - com.jme3.app.LegacyApplication::update@91 (line 724)
                      ; - com.jme3.app.SimpleApplication::update@20 (line 246)
                      ; - com.jme3.system.lwjgl.LwjglWindow::runLoop@37 (line 530)
  0x0000027d46de3a04: 888d 0100 

  0x0000027d46de3a08: ;   {other}
  0x0000027d46de3a08: 0f1f 8400 | 802c 002c | 440f b65d | 3445 85db | 7426 448b | 5d64 4585 | db0f 8415 | 2900 004b 
  0x0000027d46de3a28: 8d14 dc4c | 8b44 2468 

  0x0000027d46de3a30: ;   {optimized virtual_call}
  0x0000027d46de3a30: c5f8 77e8 

  0x0000027d46de3a34: ; ImmutableOopMap {rbp=Oop [40]=Oop [56]=Oop [72]=Oop [80]=NarrowOop [96]=Oop [104]=Oop }
                      ;*invokevirtual add {reexecute=0 rethrow=0 return_oop=0}
                      ; - com.jme3.input.InputManager::onMouseMotionEvent@30 (line 442)
                      ; - com.jme3.input.lwjgl.GlfwMouseInput::update@130 (line 298)
                      ; - com.jme3.input.InputManager::update@59 (line 907)
                      ; - com.jme3.app.LegacyApplication::update@91 (line 724)
                      ; - com.jme3.app.SimpleApplication::update@20 (line 246)
                      ; - com.jme3.system.lwjgl.LwjglWindow::runLoop@37 (line 530)
  0x0000027d46de3a34: 7827 d1ff 

  0x0000027d46de3a38: ;   {other}
  0x0000027d46de3a38: 0f1f 8400 | b02c 002d | 4d8b 9750 

  0x0000027d46de3a44: ; ImmutableOopMap {[40]=Oop [56]=Oop [72]=Oop [80]=NarrowOop [96]=Oop }
                      ;*goto {reexecute=1 rethrow=0 return_oop=0}
                      ; - (reexecute) com.jme3.input.lwjgl.GlfwMouseInput::update@135 (line 298)
                      ; - com.jme3.input.InputManager::update@59 (line 907)
                      ; - com.jme3.app.LegacyApplication::update@91 (line 724)
                      ; - com.jme3.app.SimpleApplication::update@20 (line 246)
                      ; - com.jme3.system.lwjgl.LwjglWindow::runLoop@37 (line 530)
                      ;   {poll}
  0x0000027d46de3a44: 0400 0041 | 8502 4c8b | 5c24 6041 | 8b5b 3445 | 8b44 dc08 

  0x0000027d46de3a58: ;   {metadata('java/util/ArrayDeque')}
  0x0000027d46de3a58: 4181 f878 | cc2e 000f | 85a3 2800 | 004d 8d14 | dc45 8b42 | 0c45 8b4a | 1045 3bc1 | 0f85 a9fe 
  0x0000027d46de3a78: ffff 448b | 5424 5048 | 8b44 2458 | e99c dfff | ff44 8b54 | 2444 488b | 4424 5045 | 8b4b 4041 
  0x0000027d46de3a98: 8b5c cc08 

  0x0000027d46de3a9c: ;   {metadata('java/util/ArrayDeque')}
  0x0000027d46de3a9c: 81fb 78cc | 2e00 0f85 | 4427 0000 | 48c1 e103 | 8b79 1444 | 8b41 0c41 | 8b5c fc0c | 443b c30f 
  0x0000027d46de3abc: 83a7 2500 | 0049 8d34 | fc42 8b6c | 8610 418b | 7cec 0841 | 807f 3800 | 0f85 560b | 0000 418d 
  0x0000027d46de3adc: 5001 3bd3 | 0f8d 3103 | 0000 8951 | 0c46 8964 

  0x0000027d46de3aec: ;   {metadata('com/jme3/input/event/MouseButtonEvent')}
  0x0000027d46de3aec: 8610 81ff | 10af 2101 | 0f85 322e | 0000 4d8d | 04ec 438b 

  0x0000027d46de3b00: ;   {metadata('com/jme3/input/InputManager')}
  0x0000027d46de3b00: 5ccc 0881 | fb90 a31c | 010f 8525 | 2700 0049 | 8beb 4889 | 4424 5044 | 8954 2444 | 4b8d 14cc 
  0x0000027d46de3b20: ;   {optimized virtual_call}
  0x0000027d46de3b20: c5f8 77e8 

  0x0000027d46de3b24: ; ImmutableOopMap {rbp=Oop [40]=Oop [56]=Oop [68]=NarrowOop [72]=Oop }
                      ;*invokeinterface onMouseButtonEvent {reexecute=0 rethrow=0 return_oop=0}
                      ; - com.jme3.input.lwjgl.GlfwMouseInput::update@166 (line 302)
                      ; - com.jme3.input.InputManager::update@59 (line 907)
                      ; - com.jme3.app.LegacyApplication::update@91 (line 724)
                      ; - com.jme3.app.SimpleApplication::update@20 (line 246)
                      ; - com.jme3.system.lwjgl.LwjglWindow::runLoop@37 (line 530)
  0x0000027d46de3b24: b8ac 60ff 

  0x0000027d46de3b28: ;   {other}
  0x0000027d46de3b28: 0f1f 8400 | a02d 002f | 4d8b 9750 

  0x0000027d46de3b34: ; ImmutableOopMap {rbp=Oop [40]=Oop [56]=Oop [68]=NarrowOop [72]=Oop }
                      ;*goto {reexecute=1 rethrow=0 return_oop=0}
                      ; - (reexecute) com.jme3.input.lwjgl.GlfwMouseInput::update@171 (line 302)
                      ; - com.jme3.input.InputManager::update@59 (line 907)
                      ; - com.jme3.app.LegacyApplication::update@91 (line 724)
                      ; - com.jme3.app.SimpleApplication::update@20 (line 246)
                      ; - com.jme3.system.lwjgl.LwjglWindow::runLoop@37 (line 530)
                      ;   {poll}
  0x0000027d46de3b34: 0400 0041 | 8502 4c8b | dd41 8b4b | 3845 8b44 

  0x0000027d46de3b44: ;   {metadata('java/util/ArrayDeque')}
  0x0000027d46de3b44: cc08 4181 | f878 cc2e | 000f 8571 | 2700 004d | 8d14 cc45 | 8b42 0c45 | 8b4a 1045 | 3bc1 0f85 
  0x0000027d46de3b64: 21ff ffff | 448b 5424 | 4448 8b44 | 2450 e9d9 | deff ff41 | 807f 3800 | 0f85 190b | 0000 4d33 
  0x0000027d46de3b84: db8b c7f0 | 450f b15e | 0c40 0f94 | c540 0fb6 | ed85 ed0f | 8445 2a00 | 004d 3bf5 | 0f84 ef00 
  0x0000027d46de3ba4: 0000 458b | 5e10 4489 | 5c24 6045 | 85db 0f84 | 602a 0000 | 448b 5424 | 5c45 3bd3 | 0f84 cf00 
  0x0000027d46de3bc4: 0000 4180 | 7f38 000f | 85f1 0a00 | 008b 4424 | 5c44 8b5c | 2460 f044 | 0fb1 1a40 | 0f94 c540 
  0x0000027d46de3be4: 0fb6 ed85 | ed74 2d4c | 8bd2 49c1 | e303 4d33 | da49 c1eb | 174d 85db | 741a 49c1 | ea09 48b9 
  0x0000027d46de3c04: 0000 114f | 7d02 0000 | 4903 ca80 | 3902 0f85 | 0d0b 0000 | 85ed 0f84 | 482a 0000 | 448b 5424 
  0x0000027d46de3c24: 5c45 85d2 | 0f84 ee27 | 0000 4b8d | 2cd4 4f8d | 6cd4 1041 | 807f 3800 | 0f85 ac0a | 0000 448b 
  0x0000027d46de3c44: ;   {no_reloc}
  0x0000027d46de3c44: 5c24 5c45 | 895d 004c | 8bd5 4d8b | dd4d 33d3 | 49c1 ea17 | 4d85 d274 | 3849 c1eb | 0949 03db 
  0x0000027d46de3c64: 803b 0274 | 2c4d 8b57 | 404d 8b5f | 48f0 8344 | 24c0 0080 | 3b00 7419 | 4488 234d | 85d2 0f84 
  0x0000027d46de3c84: e827 0000 | 4b89 5c13 | f849 83c2 | f84d 8957 | 40ba ecff | ffff 488b | 6c24 284c | 8b54 2438 
  0x0000027d46de3ca4: 4c89 5424 | 284c 8954 | 2430 897c | 2438 6690 

  0x0000027d46de3cb4: ;   {runtime_call UncommonTrapBlob}
  0x0000027d46de3cb4: c5f8 77e8 

  0x0000027d46de3cb8: ; ImmutableOopMap {rbp=Oop [40]=Oop [48]=Oop [56]=NarrowOop }
                      ;*checkcast {reexecute=0 rethrow=0 return_oop=0}
                      ; - com.jme3.app.LegacyApplication::runQueuedTasks@7 (line 699)
                      ; - com.jme3.app.LegacyApplication::update@27 (line 715)
                      ; - com.jme3.app.SimpleApplication::update@20 (line 246)
                      ; - com.jme3.system.lwjgl.LwjglWindow::runLoop@37 (line 530)
  0x0000027d46de3cb8: a406 61ff 

  0x0000027d46de3cbc: ;   {other}
  0x0000027d46de3cbc: 0f1f 8400 | 342f 0031 | 418b 7cdc | 1449 8d04 | dce9 cdde | ffff 4d8d | 14ec 4d3b | f20f 8489 
  0x0000027d46de3cdc: 2a00 0049 | 8baf 5004 | 0000 4c8b | 4424 284c 

  0x0000027d46de3cec: ; ImmutableOopMap {r10=Oop r8=Oop r9=Oop rsi=NarrowOop rax=Oop rdx=Derived_oop_rax r13=Oop [40]=Oop [56]=Oop [92]=NarrowOop }
                      ;*goto {reexecute=1 rethrow=0 return_oop=0}
                      ; - (reexecute) java.util.concurrent.ConcurrentLinkedQueue::poll@81 (line 385)
                      ; - com.jme3.app.LegacyApplication::runQueuedTasks@4 (line 699)
                      ; - com.jme3.app.LegacyApplication::update@27 (line 715)
                      ; - com.jme3.app.SimpleApplication::update@20 (line 246)
                      ; - com.jme3.system.lwjgl.LwjglWindow::runLoop@37 (line 530)
  0x0000027d46de3cec: 8b4c 2438 

  0x0000027d46de3cf0: ;   {poll}
  0x0000027d46de3cf0: 8545 004d | 8bf2 e9e5 | daff ff41 | 807f 3800 | 0f85 590b | 0000 4d8b | de49 c1eb | 038b 4424 
  0x0000027d46de3d10: 5cf0 440f | b11a 400f | 94c5 400f | b6ed 85ed | 742c 4d8b | d64c 8bda | 4d33 d349 | c1ea 174d 
  0x0000027d46de3d30: 85d2 741a | 49c1 eb09 | 48b9 0000 | 114f 7d02 | 0000 4903 | cb80 3902 | 0f85 780b | 0000 85ed 
  0x0000027d46de3d50: 0f84 8f2a | 0000 448b | 5424 5c45 | 85d2 0f84 | 7f29 0000 | 4b8d 3cd4 | 4b8d 74d4 | 1041 807f 
  0x0000027d46de3d70: 3800 0f85 | 180b 0000 | 448b 5c24 | 5c44 891e | 4c8b d74c | 8bde 4d33 | d349 c1ea | 174d 85d2 
  0x0000027d46de3d90: 0f84 6bda | ffff 49c1 | eb09 48b9 | 0000 114f | 7d02 0000 | 4903 cb80 | 3902 0f84 | 51da ffff 
  0x0000027d46de3db0: 4d8b 5740 | 4d8b 5f48 | f083 4424 | c000 8039 | 000f 843a | daff ff44 | 8821 4d85 | d275 2049 
  0x0000027d46de3dd0: 8bd7 c5f8 | 7749 bac0 | 0769 57f9 | 7f00 0041 

  0x0000027d46de3de0: ;   {other}
  0x0000027d46de3de0: ffd2 0f1f | 8400 0000 | 0000 e912 | daff ff4b | 894c 13f8 | 4983 c2f8 | 4d89 5740 | e900 daff 
  0x0000027d46de3e00: ff48 8bcb | e9cb ddff | ff33 d2e9 | 71fb ffff | 33d2 e978 | faff ff33 | d2e9 c8fc | ffff 4533 
  0x0000027d46de3e20: c0e9 d0da | ffff 33ff | e91c eeff | ff41 83fb | 140f 8496 | efff ff41 | b814 0000 | 0048 8b54 
  0x0000027d46de3e40: 2428 6690 

  0x0000027d46de3e44: ;   {optimized virtual_call}
  0x0000027d46de3e44: c5f8 77e8 

  0x0000027d46de3e48: ; ImmutableOopMap {[40]=Oop }
                      ;*invokespecial setFrameRateLimit {reexecute=0 rethrow=0 return_oop=0}
                      ; - com.jme3.system.lwjgl.LwjglWindow::runLoop@152 (line 557)
  0x0000027d46de3e48: 94a9 60ff 

  0x0000027d46de3e4c: ;   {other}
  0x0000027d46de3e4c: 0f1f 8400 | c430 0033 | e974 efff | ffc4 c17b | 104a 3845 | 8b5a 28c4 | 817a 1044 | dc0c c5fa 
  0x0000027d46de3e6c: ;   {section_word}
  0x0000027d46de3e6c: 5ac0 c5fb | 5e05 c2d7 | ffff c5f3 | 5cc8 c461 

  0x0000027d46de3e7c: ;   {external_word}
  0x0000027d46de3e7c: fb2c d14c | 3b15 fad3 | 5bff 0f84 | 3140 0000 | 4d85 d20f | 8c4a efff | ffc5 f9ef | c0c4 c1fb 
  0x0000027d46de3e9c: 2ac2 c5f3 

  0x0000027d46de3ea0: ;   {section_word}
  0x0000027d46de3ea0: 5cc0 c5fb | 5905 96d7 | ffff c57b | 2cd8 4181 | fb00 0000 | 800f 84ed | 3f00 0045 | 85db 0f8c 
  0x0000027d46de3ec0: 1bef ffff | c5fb 114c | 2430 498b | d245 8bc3 | 4c89 5424 | 4844 895c | 2444 6690 

  0x0000027d46de3edc: ;   {static_call}
  0x0000027d46de3edc: c5f8 77e8 

  0x0000027d46de3ee0: ; ImmutableOopMap {[40]=Oop }
                      ;*invokestatic sleep {reexecute=0 rethrow=0 return_oop=0}
                      ; - com.jme3.system.lwjgl.LwjglWindow::runLoop@208 (line 570)
  0x0000027d46de3ee0: fcae 60ff 

  0x0000027d46de3ee4: ;   {other}
  0x0000027d46de3ee4: 0f1f 8400 | 5c31 0034 | e9ee eeff | ff45 8b4b | 1845 85c9 | 0f84 1a29 | 0000 4c89 | 5c24 384c 
  0x0000027d46de3f04: 8954 2430 | 4c8b 5424 | 284c 8954 | 2420 4b8d | 14cc 4b8d | 2cc4 4489 | 4424 2890 

  0x0000027d46de3f20: ;   {optimized virtual_call}
  0x0000027d46de3f20: c5f8 77e8 

  0x0000027d46de3f24: ; ImmutableOopMap {rbp=Oop [32]=Oop [40]=NarrowOop [48]=Oop [56]=Oop }
                      ;*invokevirtual lock {reexecute=0 rethrow=0 return_oop=0}
                      ; - java.lang.ref.ReferenceQueue::poll@13 (line 191)
                      ; - com.jme3.util.NativeObjectManager::deleteUnused@54 (line 183)
                      ; - com.jme3.renderer.opengl.GLRenderer::postFrame@5 (line 1117)
                      ; - com.jme3.system.lwjgl.LwjglWindow::runLoop@100 (line 549)
  0x0000027d46de3f24: b8a8 60ff 

  0x0000027d46de3f28: ;   {other}
  0x0000027d46de3f28: 0f1f 8400 | a031 0035 | 488b 5424 | 3866 6690 

  0x0000027d46de3f38: ;   {optimized virtual_call}
  0x0000027d46de3f38: c5f8 77e8 

  0x0000027d46de3f3c: ; ImmutableOopMap {rbp=Oop [32]=Oop [40]=NarrowOop [48]=Oop [56]=Oop }
                      ;*invokevirtual poll0 {reexecute=0 rethrow=0 return_oop=1}
                      ; - java.lang.ref.ReferenceQueue::poll@17 (line 193)
                      ; - com.jme3.util.NativeObjectManager::deleteUnused@54 (line 183)
                      ; - com.jme3.renderer.opengl.GLRenderer::postFrame@5 (line 1117)
                      ; - com.jme3.system.lwjgl.LwjglWindow::runLoop@100 (line 549)
  0x0000027d46de3f3c: a0a8 60ff 

  0x0000027d46de3f40: ;   {other}
  0x0000027d46de3f40: 0f1f 8400 | b831 0036 | 4889 4424 | 404c 8b54 | 2438 458b | 5a18 4585 | db0f 84e5 | 2800 004b 
  0x0000027d46de3f60: 8d14 dc4c | 8954 2448 

  0x0000027d46de3f68: ;   {optimized virtual_call}
  0x0000027d46de3f68: c5f8 77e8 

  0x0000027d46de3f6c: ; ImmutableOopMap {rbp=Oop [32]=Oop [40]=NarrowOop [48]=Oop [64]=Oop [72]=Oop }
                      ;*invokevirtual unlock {reexecute=0 rethrow=0 return_oop=0}
                      ; - java.lang.ref.ReferenceQueue::poll@25 (line 195)
                      ; - com.jme3.util.NativeObjectManager::deleteUnused@54 (line 183)
                      ; - com.jme3.renderer.opengl.GLRenderer::postFrame@5 (line 1117)
                      ; - com.jme3.system.lwjgl.LwjglWindow::runLoop@100 (line 549)
  0x0000027d46de3f6c: 70a8 60ff 

  0x0000027d46de3f70: ;   {other}
  0x0000027d46de3f70: 0f1f 8400 | e831 0037 | 4c8b 5c24 | 404d 85db | 0f84 4a0b | 0000 458b 

  0x0000027d46de3f88: ;   {metadata('com/jme3/util/NativeObjectManager$NativeObjectRef')}
  0x0000027d46de3f88: 5308 4181 | fa98 d421 | 010f 85c9 | 2800 0049 | 8beb ba54 | ffff ff90 

  0x0000027d46de3fa0: ;   {runtime_call UncommonTrapBlob}
  0x0000027d46de3fa0: c5f8 77e8 

  0x0000027d46de3fa4: ; ImmutableOopMap {rbp=Oop [32]=Oop [40]=NarrowOop [48]=Oop }
                      ;*ifnonnull {reexecute=1 rethrow=0 return_oop=0}
                      ; - (reexecute) com.jme3.util.NativeObjectManager::deleteUnused@62 (line 184)
                      ; - com.jme3.renderer.opengl.GLRenderer::postFrame@5 (line 1117)
                      ; - com.jme3.system.lwjgl.LwjglWindow::runLoop@100 (line 549)
  0x0000027d46de3fa4: b803 61ff 

  0x0000027d46de3fa8: ;   {other}
  0x0000027d46de3fa8: 0f1f 8400 | 2032 0038 | 458b 54f4 | 1c45 85d2 | 0f84 a6d7 | ffff 4d8b | 5f28 498b | ca48 c1e1 
  0x0000027d46de3fc8: 034d 85db | 0f84 5a16 | 0000 4d8b | 5730 4b89 | 4c1a f849 | 83c3 f84d | 895f 28e9 | 7cd7 ffff 
  0x0000027d46de3fe8: 4d8b 5740 | 4d8b 5f48 | f083 4424 | c000 8039 | 000f 849f | d7ff ff44 | 8821 4d85 | d275 2049 
  0x0000027d46de4008: 8bd7 c5f8 | 7749 bac0 | 0769 57f9 | 7f00 0041 

  0x0000027d46de4018: ;   {other}
  0x0000027d46de4018: ffd2 0f1f | 8400 0000 | 0000 e977 | d7ff ff4b | 894c 13f8 | 4983 c2f8 | 4d89 5740 | e965 d7ff 
  0x0000027d46de4038: ff44 8b5c | 2424 478b | 44dc 2845 | 85c0 0f84 | fee3 ffff | 4d8b 5728 | 498b c848 | c1e1 034d 
  0x0000027d46de4058: 85d2 0f84 | 2816 0000 | 4d8b 4730 | 4b89 4c10 | f849 83c2 | f84d 8957 | 28e9 d4e3 | ffff 478b 
  0x0000027d46de4078: 54dc 2c45 | 85d2 0f84 | 56e4 ffff | 4d8b 4728 | 498b ca48 | c1e1 034d | 85c0 0f84 | 1c16 0000 
  0x0000027d46de4098: 4d8b 5730 | 4b89 4c02 | f849 83c0 | f84d 8947 | 28e9 2ce4 | ffff 4d8b | 5740 4d8b | 4748 f083 
  0x0000027d46de40b8: 4424 c000 | 8039 000f | 84bd e3ff | ff44 8821 | 4d85 d275 | 2641 8bdb | 498b d7c5 | f877 49ba 
  0x0000027d46de40d8: c007 6957 | f97f 0000 

  0x0000027d46de40e0: ;   {other}
  0x0000027d46de40e0: 41ff d20f | 1f84 0000 | 0000 0044 | 8bdb e98f | e3ff ff4b | 894c 10f8 | 4983 c2f8 | 4d89 5740 
  0x0000027d46de4100: e97d e3ff | ff4d 8b57 | 404d 8b5f | 48f0 8344 | 24c0 0080 | 3900 0f84 | f6e3 ffff | 4488 214d 
  0x0000027d46de4120: 85d2 7520 | 498b d7c5 | f877 49ba | c007 6957 | f97f 0000 

  0x0000027d46de4134: ;   {other}
  0x0000027d46de4134: 41ff d20f | 1f84 0000 | 0000 00e9 | cee3 ffff | 4b89 4c13 | f849 83c2 | f84d 8957 | 40e9 bce3 
  0x0000027d46de4154: ffff 4181 | fbff ffff | 7f0f 8488 | e8ff ffba | 45ff ffff | 4c89 5424 | 2066 6690 

  0x0000027d46de4170: ;   {runtime_call UncommonTrapBlob}
  0x0000027d46de4170: c5f8 77e8 

  0x0000027d46de4174: ; ImmutableOopMap {[32]=Oop [40]=Oop }
                      ;*ifne {reexecute=1 rethrow=0 return_oop=0}
                      ; - (reexecute) java.util.logging.Logger::log@5 (line 1029)
                      ; - com.jme3.opencl.OpenCLObjectManager::deleteUnusedObjects@18 (line 84)
                      ; - com.jme3.renderer.opengl.GLRenderer::postFrame@11 (line 1118)
                      ; - com.jme3.system.lwjgl.LwjglWindow::runLoop@100 (line 549)
  0x0000027d46de4174: e801 61ff 

  0x0000027d46de4178: ;   {other}
  0x0000027d46de4178: 0f1f 8400 | f033 0039 

  0x0000027d46de4180: ;   {metadata('java/lang/Float')}
  0x0000027d46de4180: 48ba 30c8 | 1867 7d02 | 0000 6690 

  0x0000027d46de418c: ;   {runtime_call _new_instance_Java}
  0x0000027d46de418c: c5f8 77e8 

  0x0000027d46de4190: ; ImmutableOopMap {rbp=Oop [36]=NarrowOop [40]=Oop [56]=Oop [64]=NarrowOop [72]=Oop }
                      ;*new {reexecute=0 rethrow=0 return_oop=1}
                      ; - java.lang.Float::valueOf@0 (line 551)
                      ; - com.jme3.shader.UniformBindingManager::newFrame@8 (line 271)
                      ; - com.jme3.renderer.RenderManager::render@15 (line 1144)
                      ; - com.jme3.app.SimpleApplication::update@197 (line 272)
                      ; - com.jme3.system.lwjgl.LwjglWindow::runLoop@37 (line 530)
  0x0000027d46de4190: cca8 6eff 

  0x0000027d46de4194: ;   {other}
  0x0000027d46de4194: 0f1f 8400 | 0c34 003a | 4c8b c8e9 | 8ae2 ffff | c5fa 114c | 2450 4489 

  0x0000027d46de41ac: ;   {metadata('java/lang/Float')}
  0x0000027d46de41ac: 5c24 2448 | ba30 c818 | 677d 0200 | 0066 6690 

  0x0000027d46de41bc: ;   {runtime_call _new_instance_Java}
  0x0000027d46de41bc: c5f8 77e8 

  0x0000027d46de41c0: ; ImmutableOopMap {rbp=Oop [36]=NarrowOop [40]=Oop [56]=Oop [64]=NarrowOop [72]=Oop }
                      ;*new {reexecute=0 rethrow=0 return_oop=1}
                      ; - java.lang.Float::valueOf@0 (line 551)
                      ; - com.jme3.shader.UniformBindingManager::newFrame@22 (line 272)
                      ; - com.jme3.renderer.RenderManager::render@15 (line 1144)
                      ; - com.jme3.app.SimpleApplication::update@197 (line 272)
                      ; - com.jme3.system.lwjgl.LwjglWindow::runLoop@37 (line 530)
  0x0000027d46de41c0: 9ca8 6eff 

  0x0000027d46de41c4: ;   {other}
  0x0000027d46de41c4: 0f1f 8400 | 3c34 003b | 448b 5c24 | 24c5 fa10 | 4c24 5048 | 8bd8 e9eb | e2ff ff4c | 8b54 2428 
  0x0000027d46de41e4: 458b 5218 | 4585 d20f | 848b 2600 | 004b 8d14 | d466 6690 

  0x0000027d46de41f8: ;   {optimized virtual_call}
  0x0000027d46de41f8: c5f8 77e8 

  0x0000027d46de41fc: ; ImmutableOopMap {[40]=Oop }
                      ;*invokevirtual getFrameRate {reexecute=0 rethrow=0 return_oop=0}
                      ; - com.jme3.system.lwjgl.LwjglWindow::runLoop@131 (line 554)
  0x0000027d46de41fc: e0a5 60ff 

  0x0000027d46de4200: ;   {other}
  0x0000027d46de4200: 0f1f 8400 | 7834 003c | 488b 5424 | 2844 8bc0 

  0x0000027d46de4210: ;   {optimized virtual_call}
  0x0000027d46de4210: c5f8 77e8 

  0x0000027d46de4214: ; ImmutableOopMap {[40]=Oop }
                      ;*invokespecial setFrameRateLimit {reexecute=0 rethrow=0 return_oop=0}
                      ; - com.jme3.system.lwjgl.LwjglWindow::runLoop@134 (line 554)
  0x0000027d46de4214: c8a5 60ff 

  0x0000027d46de4218: ;   {other}
  0x0000027d46de4218: 0f1f 8400 | 9034 003d | e9a8 ebff | ff47 8b44 | dc14 4585 | c00f 84c9 | edff ff4d | 8b57 2849 
  0x0000027d46de4238: 8bc8 48c1 | e103 4d85 | d20f 8449 | 2100 004d | 8b47 304b | 894c 10f8 | 4983 c2f8 | 4d89 5728 
  0x0000027d46de4258: e99f edff | ff44 8b5c | 244c 478b | 54dc 1845 | 85d2 0f84 | 3fed ffff | 4d8b 4728 | 498b ca48 
  0x0000027d46de4278: c1e1 034d | 85c0 0f84 | 3221 0000 | 4d8b 5730 | 4b89 4c02 | f849 83c0 | f84d 8947 | 28e9 15ed 
  0x0000027d46de4298: ffff 458b | 54fc 1445 | 85d2 0f84 | 53ef ffff | 4d8b 5f28 | 498b ca48 | c1e1 034d | 85db 0f84 
  0x0000027d46de42b8: 2021 0000 | 4d8b 5730 | 4b89 4c1a | f849 83c3 | f84d 895f | 28e9 29ef | ffff 8b7c | 2450 458b 
  0x0000027d46de42d8: 54fc 1845 | 85d2 0f84 | ceee ffff | 4d8b 5f28 | 498b ca48 | c1e1 034d | 85db 0f84 | 0421 0000 
  0x0000027d46de42f8: 4d8b 5730 | 4b89 4c1a | f849 83c3 | f84d 895f | 28e9 a4ee | ffff 4d8b | 5748 4d8b 

  0x0000027d46de4314: ;   {no_reloc}
  0x0000027d46de4314: 4740 f083 | 4424 c000 | 8039 000f | 84cc ecff | ff44 8821 | 4d85 c075 | 2641 8bdb | 498b d7c5 
  0x0000027d46de4334: f877 49ba | c007 6957 | f97f 0000 

  0x0000027d46de4340: ;   {other}
  0x0000027d46de4340: 41ff d20f | 1f84 0000 | 0000 0044 | 8bdb e99e | ecff ff4b | 894c 02f8 | 4983 c0f8 | 4d89 4740 
  0x0000027d46de4360: e98c ecff | ff4d 8b57 | 484d 8b5f | 40f0 8344 | 24c0 0041 | 8038 000f | 8473 eeff | ff45 8820 
  0x0000027d46de4380: 4d85 db75 | 2349 8bc8 | 498b d7c5 | f877 49ba | c007 6957 | f97f 0000 

  0x0000027d46de4398: ;   {other}
  0x0000027d46de4398: 41ff d20f | 1f84 0000 | 0000 00e9 | 48ee ffff | 4f89 441a | f849 83c3 | f84d 895f | 40e9 36ee 
  0x0000027d46de43b8: ffff 458b | 5cfc 1445 | 85db 0f84 | 53f0 ffff | 4d8b 5728 | 498b cb48 | c1e1 034d | 85d2 0f84 
  0x0000027d46de43d8: fd20 0000 | 4d8b 5f30 | 4b89 4c13 | f849 83c2 | f84d 8957 | 28e9 29f0 | ffff 8b7c | 2440 458b 
  0x0000027d46de43f8: 54fc 1845 | 85d2 0f84 | caef ffff | 4d8b 5f28 | 498b ca48 | c1e1 034d | 85db 0f84 | a120 0000 
  0x0000027d46de4418: 4d8b 5730 | 4b89 4c1a | f849 83c3 | f84d 895f | 28e9 a0ef | ffff 458b | 5cdc 1445 | 85db 0f84 
  0x0000027d46de4438: f7f1 ffff | 4d8b 5728 | 498b cb48 | c1e1 034d | 85d2 0f84 | c920 0000 | 4d8b 5f30 | 4b89 4c13 
  0x0000027d46de4458: f849 83c2 | f84d 8957 | 28e9 cdf1 | ffff 8b5c | 2440 458b | 54dc 1845 | 85d2 0f84 | 6ef1 ffff 
  0x0000027d46de4478: 4d8b 5f28 | 498b ca48 | c1e1 034d | 85db 0f84 | 6d20 0000 | 4d8b 5730 | 4b89 4c1a | f849 83c3 
  0x0000027d46de4498: ;   {no_reloc}
  0x0000027d46de4498: f84d 895f | 28e9 44f1 | ffff 4d8b | 5748 4d8b | 5f40 f083 | 4424 c000 | 8039 000f | 8457 efff 
  0x0000027d46de44b8: ff44 8821 | 4d85 db75 | 2049 8bd7 | c5f8 7749 | bac0 0769 | 57f9 7f00 | 0041 ffd2 

  0x0000027d46de44d4: ;   {other}
  0x0000027d46de44d4: 0f1f 8400 | 0000 0000 | e92f efff | ff4b 894c | 1af8 4983 | c3f8 4d89 | 5f40 e91d | efff ff4d 
  0x0000027d46de44f4: 8b57 484d | 8b5f 40f0 | 8344 24c0 | 0080 3900 | 0f84 1ef1 | ffff 4488 | 214d 85db | 7520 498b 
  0x0000027d46de4514: d7c5 f877 | 49ba c007 | 6957 f97f | 0000 41ff 

  0x0000027d46de4524: ;   {other}
  0x0000027d46de4524: d20f 1f84 | 0000 0000 | 00e9 f6f0 | ffff 4b89 | 4c1a f849 | 83c3 f84d | 895f 40e9 | e4f0 ffff 
  0x0000027d46de4544: ;   {oop("FrameRate"{0x0000000404901060})}
  0x0000027d46de4544: 49ba 6010 | 9004 0400 | 0000 41c6 | 4211 0133 | ffe9 efe6 | ffff 428b | 5486 1085 | d20f 840e 
  0x0000027d46de4564: f4ff ff44 | 8944 2458 | 4889 4c24 | 5044 894c | 2444 4c89 | 5c24 204c | 8be8 458b | f24d 8b57 
  0x0000027d46de4584: 2848 8bca | 48c1 e103 | 4d85 d20f | 84a4 1f00 | 004d 8b5f | 304b 894c | 13f8 4983 | c2f8 4d89 
  0x0000027d46de45a4: 5728 458b | d649 8bc5 | 4c8b 5c24 | 2044 8b4c | 2444 488b | 4c24 5044 | 8b44 2458 | e9b0 f3ff 
  0x0000027d46de45c4: ff42 8b54 | 8310 85d2 | 0f84 b1f2 | ffff 4489 | 4424 5848 | 894c 2450 | 4489 4c24 | 444c 895c 
  0x0000027d46de45e4: 2420 4c8b | f045 8bea | 4d8b 5728 | 488b ca48 | c1e1 034d | 85d2 0f84 | 591f 0000 | 4d8b 5f30 
  0x0000027d46de4604: 4b89 4c13 | f849 83c2 | f84d 8957 | 2845 8bd5 | 498b c64c | 8b5c 2420 | 448b 4c24 | 4448 8b4c 
  0x0000027d46de4624: 2450 448b | 4424 58e9 | 53f2 ffff | 428b 5486 | 1085 d20f | 849d f4ff | ff44 8944 

  0x0000027d46de4640: ;   {no_reloc}
  0x0000027d46de4640: 2458 4889 | 4c24 5044 | 894c 2444 | 4c89 5c24 | 204c 8be8 | 458b f24d | 8b57 2848 | 8bca 48c1 
  0x0000027d46de4660: e103 4d85 | d20f 840e | 1f00 004d | 8b5f 304b | 894c 13f8 | 4983 c2f8 | 4d89 5728 | 458b d649 
  0x0000027d46de4680: 8bc5 4c8b | 5c24 2044 | 8b4c 2444 | 488b 4c24 | 5044 8b44 | 2458 e93f | f4ff ff4d | 8b57 2849 
  0x0000027d46de46a0: 8d0c fc4d | 85d2 0f84 | e71d 0000 | 4d8b 5f30 | 4b89 4c13 | f849 83c2 | f84d 8957 | 28e9 c0f4 
  0x0000027d46de46c0: ffff 4585 | d20f 8406 | f5ff ff4d | 8b57 284d | 85d2 0f84 | c11e 0000 | 4d8b 5f30 | 4f89 6c13 
  0x0000027d46de46e0: f849 83c2 | f84d 8957 | 28e9 e3f4 | ffff 458b | 5d00 4585 | db0f 8447 | f5ff ff4d | 8b57 2849 
  0x0000027d46de4700: 8bcb 48c1 | e103 4d85 | d20f 84b3 | 1e00 004d | 8b5f 304b | 894c 13f8 | 4983 c2f8 | 4d89 5728 
  0x0000027d46de4720: e91d f5ff | ff4d 8b57 | 404d 8b5f | 48f0 8344 | 24c0 0080 | 3900 0f84 | dcf4 ffff | 4488 214d 
  0x0000027d46de4740: ;   {no_reloc}
  0x0000027d46de4740: 85d2 7520 | 498b d7c5 | f877 49ba | c007 6957 | f97f 0000 

  0x0000027d46de4754: ;   {other}
  0x0000027d46de4754: 41ff d20f | 1f84 0000 | 0000 00e9 | b4f4 ffff | 4b89 4c13 | f849 83c2 | f84d 8957 | 40e9 a2f4 
  0x0000027d46de4774: ffff 448b | dd47 8b44 | dc18 4585 | c00f 84f6 | e6ff ff4d | 8b57 2849 | 8bc8 48c1 | e103 4d85 
  0x0000027d46de4794: d20f 8405 | 1f00 004d | 8b47 304b | 894c 10f8 | 4983 c2f8 | 4d89 5728 | e9cc e6ff | ff8b fd45 
  0x0000027d46de47b4: 8b54 fc18 | 4585 d20f | 84cf e8ff | ff4d 8b5f | 2849 8bca | 48c1 e103 | 4d85 db0f | 84ee 1e00 
  0x0000027d46de47d4: 004d 8b57 | 304b 894c | 1af8 4983 | c3f8 4d89 | 5f28 e9a5 | e8ff ff8b | fd45 8b5c | fc18 4585 
  0x0000027d46de47f4: db0f 84a1 | eaff ff4d | 8b57 2849 | 8bcb 48c1 | e103 4d85 | d20f 8419 | 1f00 004d | 8b5f 304b 
  0x0000027d46de4814: 894c 13f8 | 4983 c2f8 | 4d89 5728 | e977 eaff | ff8b dd45 | 8b5c dc18 | 4585 db0f | 847f ecff 
  0x0000027d46de4834: ff4d 8b57 | 2849 8bcb | 48c1 e103 | 4d85 d20f | 84ff 1e00 | 004d 8b5f | 304b 894c | 13f8 4983 
  0x0000027d46de4854: ;   {no_reloc}
  0x0000027d46de4854: c2f8 4d89 | 5728 e955 | ecff ff44 | 8b5c 245c | 4585 db0f | 8499 f4ff | ff4d 8b57 | 284d 85d2 
  0x0000027d46de4874: 0f84 221f | 0000 4d8b | 5f30 4f89 | 6c13 f849 | 83c2 f84d | 8957 28e9 | 76f4 ffff | 448b 1645 
  0x0000027d46de4894: 85d2 0f84 | dcf4 ffff | 4d8b 5f28 | 498b ca48 | c1e1 034d | 85db 0f84 | 151f 0000 | 4d8b 5730 
  0x0000027d46de48b4: 4b89 4c1a | f849 83c3 | f84d 895f | 28e9 b2f4 | ffff 4d8b | 5740 4d8b | 5f48 f083 | 4424 c000 
  0x0000027d46de48d4: 8039 000f | 8471 f4ff | ff44 8821 | 4d85 d275 | 2049 8bd7 | c5f8 7749 | bac0 0769 | 57f9 7f00 
  0x0000027d46de48f4: 0041 ffd2 

  0x0000027d46de48f8: ;   {other}
  0x0000027d46de48f8: 0f1f 8400 | 0000 0000 | e949 f4ff | ff4b 894c | 13f8 4983 | c2f8 4d89 | 5740 e937 | f4ff ffba 
  0x0000027d46de4918: 45ff ffff | 4c8b 5424 | 284c 8954 | 2420 4c8b | 5424 384c | 8954 2428 | 448b 5424 | 4844 8954 
  0x0000027d46de4938: 2434 8944 | 2450 6690 

  0x0000027d46de4940: ;   {runtime_call UncommonTrapBlob}
  0x0000027d46de4940: c5f8 77e8 

  0x0000027d46de4944: ; ImmutableOopMap {rbp=NarrowOop [32]=Oop [40]=Oop [52]=NarrowOop [64]=Oop [96]=NarrowOop }
                      ;*ifeq {reexecute=1 rethrow=0 return_oop=0}
                      ; - (reexecute) com.jme3.app.state.AppStateManager::render@34 (line 368)
                      ; - com.jme3.app.SimpleApplication::update@161 (line 269)
                      ; - com.jme3.system.lwjgl.LwjglWindow::runLoop@37 (line 530)
  0x0000027d46de4944: 18fa 60ff 

  0x0000027d46de4948: ;   {other}
  0x0000027d46de4948: 0f1f 8400 | c03b 003e | ba45 ffff | ff4c 8b54 | 2428 4c89 | 5424 204c | 8b54 2430 | 4c89 5424 
  0x0000027d46de4968: 2844 8b54 | 244c 4489 | 5424 3489 | 4424 4c90 

  0x0000027d46de4978: ;   {runtime_call UncommonTrapBlob}
  0x0000027d46de4978: c5f8 77e8 

  0x0000027d46de497c: ; ImmutableOopMap {rbp=NarrowOop [32]=Oop [40]=Oop [56]=Oop [80]=NarrowOop }
                      ;*ifeq {reexecute=1 rethrow=0 return_oop=0}
                      ; - (reexecute) com.jme3.app.state.AppStateManager::postRender@32 (line 380)
                      ; - com.jme3.app.SimpleApplication::update@212 (line 274)
                      ; - com.jme3.system.lwjgl.LwjglWindow::runLoop@37 (line 530)
  0x0000027d46de497c: e0f9 60ff 

  0x0000027d46de4980: ;   {other}
  0x0000027d46de4980: 0f1f 8400 | f83b 003f | bae4 ffff | ff48 8b6c | 2428 4c8b | 5c24 384c | 895c 2420 | c5fa 104c 
  0x0000027d46de49a0: 2458 4489 | 5424 2cc5 | f828 c1c5 | fa11 4424 | 3044 8b5c | 2444 4489 | 5c24 3489 | 5c24 3c44 
  0x0000027d46de49c0: 8944 2440 | 4489 4424 | 4444 894c | 2450 6690 

  0x0000027d46de49d0: ;   {runtime_call UncommonTrapBlob}
  0x0000027d46de49d0: c5f8 77e8 

  0x0000027d46de49d4: ; ImmutableOopMap {rbp=Oop [32]=Oop [44]=NarrowOop [60]=NarrowOop }
                      ;*invokestatic checkIndex {reexecute=0 rethrow=0 return_oop=0}
                      ; - java.util.Objects::checkIndex@3 (line 365)
                      ; - java.util.ArrayList::get@5 (line 428)
                      ; - com.jme3.renderer.RenderManager::render@125 (line 1156)
                      ; - com.jme3.app.SimpleApplication::update@197 (line 272)
                      ; - com.jme3.system.lwjgl.LwjglWindow::runLoop@37 (line 530)
  0x0000027d46de49d4: 88f9 60ff 

  0x0000027d46de49d8: ;   {other}
  0x0000027d46de49d8: 0f1f 8400 | 503c 0040 | bae4 ffff | ff48 8b6c | 2428 4c8b | 4c24 384c | 894c 2420 | c5fa 104c 
  0x0000027d46de49f8: 2458 4489 | 5424 2cc5 | f828 c1c5 | fa11 4424 | 3044 8b4c | 2444 4489 | 4c24 3444 | 8944 2438 
  0x0000027d46de4a18: 895c 2444 | 4489 5c24 | 4889 4c24 | 4c44 895c | 2450 6690 

  0x0000027d46de4a2c: ;   {runtime_call UncommonTrapBlob}
  0x0000027d46de4a2c: c5f8 77e8 

  0x0000027d46de4a30: ; ImmutableOopMap {rbp=Oop [32]=Oop [44]=NarrowOop [68]=NarrowOop [76]=NarrowOop }
                      ;*aaload {reexecute=0 rethrow=0 return_oop=0}
                      ; - java.util.ArrayList::elementData@5 (line 412)
                      ; - java.util.ArrayList::get@11 (line 429)
                      ; - com.jme3.renderer.RenderManager::render@125 (line 1156)
                      ; - com.jme3.app.SimpleApplication::update@197 (line 272)
                      ; - com.jme3.system.lwjgl.LwjglWindow::runLoop@37 (line 530)
  0x0000027d46de4a30: 2cf9 60ff 

  0x0000027d46de4a34: ;   {other}
  0x0000027d46de4a34: 0f1f 8400 | ac3c 0041 | bacc ffff | ff48 8b6c | 2428 4c8b | 5c24 384c | 895c 2420 | c5fa 1044 
  0x0000027d46de4a54: 2458 4489 | 5424 2cc5 | fa11 4424 | 3044 8b54 | 2444 4489 | 5424 3489 | 5c24 3c44 | 8944 2440 
  0x0000027d46de4a74: 4489 4424 | 4444 894c | 2450 6690 

  0x0000027d46de4a80: ;   {runtime_call UncommonTrapBlob}
  0x0000027d46de4a80: c5f8 77e8 

  0x0000027d46de4a84: ; ImmutableOopMap {rbp=Oop [32]=Oop [44]=NarrowOop [60]=NarrowOop }
                      ;*invokestatic checkIndex {reexecute=0 rethrow=0 return_oop=0}
                      ; - java.util.Objects::checkIndex@3 (line 365)
                      ; - java.util.ArrayList::get@5 (line 428)
                      ; - com.jme3.renderer.RenderManager::render@125 (line 1156)
                      ; - com.jme3.app.SimpleApplication::update@197 (line 272)
                      ; - com.jme3.system.lwjgl.LwjglWindow::runLoop@37 (line 530)
  0x0000027d46de4a84: d8f8 60ff 

  0x0000027d46de4a88: ;   {other}
  0x0000027d46de4a88: 0f1f 8400 | 003d 0042 | baf6 ffff | ff48 8b6c | 2428 6690 

  0x0000027d46de4a9c: ;   {runtime_call UncommonTrapBlob}
  0x0000027d46de4a9c: c5f8 77e8 

  0x0000027d46de4aa0: ; ImmutableOopMap {rbp=Oop }
                      ;*invokevirtual getAndSet {reexecute=0 rethrow=0 return_oop=0}
                      ; - com.jme3.system.lwjgl.LwjglWindow::runLoop@5 (line 522)
  0x0000027d46de4aa0: bcf8 60ff 

  0x0000027d46de4aa4: ;   {other}
  0x0000027d46de4aa4: 0f1f 8400 | 1c3d 0043 | baf6 ffff | ff48 8b6c | 2428 4c89 | 5424 284c | 8954 2430 

  0x0000027d46de4ac0: ;   {runtime_call UncommonTrapBlob}
  0x0000027d46de4ac0: c5f8 77e8 

  0x0000027d46de4ac4: ; ImmutableOopMap {rbp=Oop [40]=Oop [48]=Oop }
                      ;*invokevirtual poll {reexecute=0 rethrow=0 return_oop=0}
                      ; - com.jme3.app.LegacyApplication::runQueuedTasks@4 (line 699)
                      ; - com.jme3.app.LegacyApplication::update@27 (line 715)
                      ; - com.jme3.app.SimpleApplication::update@20 (line 246)
                      ; - com.jme3.system.lwjgl.LwjglWindow::runLoop@37 (line 530)
  0x0000027d46de4ac4: 98f8 60ff 

  0x0000027d46de4ac8: ;   {other}
  0x0000027d46de4ac8: 0f1f 8400 | 403d 0044 | 4c8b 5424 | 204c 8954 | 2428 4c8b | 5424 30e9 | bcde ffff | bade ffff 
  0x0000027d46de4ae8: ff66 6690 

  0x0000027d46de4aec: ;   {runtime_call UncommonTrapBlob}
  0x0000027d46de4aec: c5f8 77e8 

  0x0000027d46de4af0: ; ImmutableOopMap {rbp=NarrowOop [40]=Oop }
                      ;*invokeinterface update {reexecute=0 rethrow=0 return_oop=0}
                      ; - com.jme3.system.lwjgl.LwjglWindow::runLoop@37 (line 530)
  0x0000027d46de4af0: 6cf8 60ff 

  0x0000027d46de4af4: ;   {other}
  0x0000027d46de4af4: 0f1f 8400 | 6c3d 0045 | baec ffff | ff4c 8b54 | 2428 4c89 | 5424 2090 

  0x0000027d46de4b0c: ;   {runtime_call UncommonTrapBlob}
  0x0000027d46de4b0c: c5f8 77e8 

  0x0000027d46de4b10: ; ImmutableOopMap {rbp=NarrowOop [32]=Oop [56]=Oop }
                      ;*ifnull {reexecute=1 rethrow=0 return_oop=0}
                      ; - (reexecute) com.jme3.app.SimpleApplication::update@4 (line 244)
                      ; - com.jme3.system.lwjgl.LwjglWindow::runLoop@37 (line 530)
  0x0000027d46de4b10: 4cf8 60ff 

  0x0000027d46de4b14: ;   {other}
  0x0000027d46de4b14: 0f1f 8400 | 8c3d 0046 | bade ffff | ff48 8b6c | 2428 4c8b | 5c24 384c | 895c 2428 | 4489 5424 
  0x0000027d46de4b34: 3489 5c24 | 3866 6690 

  0x0000027d46de4b3c: ;   {runtime_call UncommonTrapBlob}
  0x0000027d46de4b3c: c5f8 77e8 

  0x0000027d46de4b40: ; ImmutableOopMap {rbp=Oop [40]=Oop [52]=NarrowOop [56]=NarrowOop }
                      ;*invokevirtual set {reexecute=0 rethrow=0 return_oop=0}
                      ; - com.jme3.audio.AudioContext::setAudioRenderer@4 (line 44)
                      ; - com.jme3.app.LegacyApplication::update@4 (line 712)
                      ; - com.jme3.app.SimpleApplication::update@20 (line 246)
                      ; - com.jme3.system.lwjgl.LwjglWindow::runLoop@37 (line 530)
  0x0000027d46de4b40: 1cf8 60ff 

  0x0000027d46de4b44: ;   {other}
  0x0000027d46de4b44: 0f1f 8400 | bc3d 0047 | bae4 ffff | ff48 8b6c | 2428 488b | 7424 3848 | 8974 2428 | 895c 2434 
  0x0000027d46de4b64: 4889 4c24 | 4048 897c | 2448 895c | 2450 4489 | 5c24 5848 | 894c 2460 | 4489 4424 | 6c44 894c 
  0x0000027d46de4b84: 2474 4489 | 5424 7890 

  0x0000027d46de4b8c: ;   {runtime_call UncommonTrapBlob}
  0x0000027d46de4b8c: c5f8 77e8 

  0x0000027d46de4b90: ; ImmutableOopMap {rbp=Oop [40]=Oop [52]=NarrowOop [64]=Oop [72]=Oop [80]=NarrowOop [88]=NarrowOop [96]=Oop [116]=NarrowOop }
                      ;*aaload {reexecute=0 rethrow=0 return_oop=0}
                      ; - java.lang.ThreadLocal$ThreadLocalMap::set@23 (line 549)
                      ; - java.lang.ThreadLocal::set@13 (line 265)
                      ; - java.lang.ThreadLocal::set@5 (line 251)
                      ; - com.jme3.audio.AudioContext::setAudioRenderer@4 (line 44)
                      ; - com.jme3.app.LegacyApplication::update@4 (line 712)
                      ; - com.jme3.app.SimpleApplication::update@20 (line 246)
                      ; - com.jme3.system.lwjgl.LwjglWindow::runLoop@37 (line 530)
  0x0000027d46de4b90: ccf7 60ff 

  0x0000027d46de4b94: ;   {other}
  0x0000027d46de4b94: 0f1f 8400 | 0c3e 0048 | 33ed 483b | d140 0f94 | c5ba 45ff | ffff 488b | 4424 2848 | 8944 2420 
  0x0000027d46de4bb4: 488b 4424 | 3848 8944 | 2430 895c | 243c 4889 | 4c24 4848 | 897c 2450 | 895c 2458 | 4489 5c24 
  0x0000027d46de4bd4: 6048 894c | 2468 4489 | 4c24 7044 | 8944 2474 | 4489 5424 | 7889 7424 | 7c66 6690 

  0x0000027d46de4bf0: ;   {runtime_call UncommonTrapBlob}
  0x0000027d46de4bf0: c5f8 77e8 

  0x0000027d46de4bf4: ; ImmutableOopMap {[32]=Oop [48]=Oop [60]=NarrowOop [72]=Oop [80]=Oop [88]=NarrowOop [96]=NarrowOop [104]=Oop [112]=NarrowOop [124]=NarrowOop }
                      ;*ifeq {reexecute=1 rethrow=0 return_oop=0}
                      ; - (reexecute) java.lang.ThreadLocal$ThreadLocalMap::set@37 (line 552)
                      ; - java.lang.ThreadLocal::set@13 (line 265)
                      ; - java.lang.ThreadLocal::set@5 (line 251)
                      ; - com.jme3.audio.AudioContext::setAudioRenderer@4 (line 44)
                      ; - com.jme3.app.LegacyApplication::update@4 (line 712)
                      ; - com.jme3.app.SimpleApplication::update@20 (line 246)
                      ; - com.jme3.system.lwjgl.LwjglWindow::runLoop@37 (line 530)
  0x0000027d46de4bf4: 68f7 60ff 

  0x0000027d46de4bf8: ;   {other}
  0x0000027d46de4bf8: 0f1f 8400 | 703e 0049 | baec ffff | ff4c 8b54 | 2428 4c89 | 5424 204c | 8b54 2438 | 4c89 5424 
  0x0000027d46de4c18: 3066 6690 

  0x0000027d46de4c1c: ;   {runtime_call UncommonTrapBlob}
  0x0000027d46de4c1c: c5f8 77e8 

  0x0000027d46de4c20: ; ImmutableOopMap {rbp=NarrowOop [32]=Oop [48]=Oop [56]=Oop }
                      ;*ifnull {reexecute=1 rethrow=0 return_oop=0}
                      ; - (reexecute) com.jme3.app.LegacyApplication::update@11 (line 714)
                      ; - com.jme3.app.SimpleApplication::update@20 (line 246)
                      ; - com.jme3.system.lwjgl.LwjglWindow::runLoop@37 (line 530)
  0x0000027d46de4c20: 3cf7 60ff 

  0x0000027d46de4c24: ;   {other}
  0x0000027d46de4c24: 0f1f 8400 | 9c3e 004a | 458b 44ec | 1033 ed45 | 85db 400f | 9fc5 ba45 | ffff ff4c | 8b5c 2428 
  0x0000027d46de4c44: 4c89 5c24 | 204c 8b5c | 2438 4c89 | 5c24 30c5 | fa10 4424 | 40c5 fa11 | 4424 384c | 8b5c 2450 
  0x0000027d46de4c64: 4c89 5c24 | 4044 8954 | 2448 4489 | 4424 4c89 | 7424 5090 

  0x0000027d46de4c78: ;   {runtime_call UncommonTrapBlob}
  0x0000027d46de4c78: c5f8 77e8 

  0x0000027d46de4c7c: ; ImmutableOopMap {[32]=Oop [48]=Oop [72]=NarrowOop [76]=NarrowOop [80]=NarrowOop }
                      ;*ifeq {reexecute=1 rethrow=0 return_oop=0}
                      ; - (reexecute) com.jme3.input.InputManager::invokeUpdateActions@96 (line 221)
                      ; - com.jme3.input.InputManager::update@106 (line 918)
                      ; - com.jme3.app.LegacyApplication::update@91 (line 724)
                      ; - com.jme3.app.SimpleApplication::update@20 (line 246)
                      ; - com.jme3.system.lwjgl.LwjglWindow::runLoop@37 (line 530)
  0x0000027d46de4c7c: e0f6 60ff 

  0x0000027d46de4c80: ;   {other}
  0x0000027d46de4c80: 0f1f 8400 | f83e 004b | baf6 ffff | ff48 8b6c | 2428 4c89 | 5424 284c | 8944 2430 | c5fa 114c 
  0x0000027d46de4ca0: 2438 6690 

  0x0000027d46de4ca4: ;   {runtime_call UncommonTrapBlob}
  0x0000027d46de4ca4: c5f8 77e8 

  0x0000027d46de4ca8: ; ImmutableOopMap {rbp=Oop [40]=Oop [48]=Oop }
                      ;*monitorenter {reexecute=0 rethrow=0 return_oop=0}
                      ; - com.jme3.audio.openal.ALAudioRenderer::update@6 (line 849)
                      ; - com.jme3.app.LegacyApplication::update@131 (line 729)
                      ; - com.jme3.app.SimpleApplication::update@20 (line 246)
                      ; - com.jme3.system.lwjgl.LwjglWindow::runLoop@37 (line 530)
  0x0000027d46de4ca8: b4f6 60ff 

  0x0000027d46de4cac: ;   {other}
  0x0000027d46de4cac: 0f1f 8400 | 243f 004c | baf6 ffff | ff48 8b6c | 2428 c5fa | 1144 242c 

  0x0000027d46de4cc4: ;   {runtime_call UncommonTrapBlob}
  0x0000027d46de4cc4: c5f8 77e8 

  0x0000027d46de4cc8: ; ImmutableOopMap {rbp=Oop [56]=Oop }
                      ;*invokevirtual update {reexecute=0 rethrow=0 return_oop=0}
                      ; - com.jme3.app.SimpleApplication::update@77 (line 255)
                      ; - com.jme3.system.lwjgl.LwjglWindow::runLoop@37 (line 530)
  0x0000027d46de4cc8: 94f6 60ff 

  0x0000027d46de4ccc: ;   {other}
  0x0000027d46de4ccc: 0f1f 8400 | 443f 004d | baf6 ffff | ff48 8b6c | 2428 6690 

  0x0000027d46de4ce0: ;   {runtime_call UncommonTrapBlob}
  0x0000027d46de4ce0: c5f8 77e8 

  0x0000027d46de4ce4: ; ImmutableOopMap {rbp=Oop [56]=Oop }
                      ;*invokevirtual updateGeometricState {reexecute=0 rethrow=0 return_oop=0}
                      ; - com.jme3.app.SimpleApplication::update@124 (line 264)
                      ; - com.jme3.system.lwjgl.LwjglWindow::runLoop@37 (line 530)
  0x0000027d46de4ce4: 78f6 60ff 

  0x0000027d46de4ce8: ;   {other}
  0x0000027d46de4ce8: 0f1f 8400 | 603f 004e | baf6 ffff | ff48 8b6c | 2428 6690 

  0x0000027d46de4cfc: ;   {runtime_call UncommonTrapBlob}
  0x0000027d46de4cfc: c5f8 77e8 

  0x0000027d46de4d00: ; ImmutableOopMap {rbp=Oop [56]=Oop }
                      ;*invokevirtual updateGeometricState {reexecute=0 rethrow=0 return_oop=0}
                      ; - com.jme3.app.SimpleApplication::update@131 (line 265)
                      ; - com.jme3.system.lwjgl.LwjglWindow::runLoop@37 (line 530)
  0x0000027d46de4d00: 5cf6 60ff 

  0x0000027d46de4d04: ;   {other}
  0x0000027d46de4d04: 0f1f 8400 | 7c3f 004f | baf6 ffff | ff48 8b6c | 2428 4489 | 6c24 2c89 | 7424 3490 

  0x0000027d46de4d20: ;   {runtime_call UncommonTrapBlob}
  0x0000027d46de4d20: c5f8 77e8 

  0x0000027d46de4d24: ; ImmutableOopMap {rbp=Oop [44]=NarrowOop [52]=NarrowOop [56]=Oop }
                      ;*monitorenter {reexecute=0 rethrow=0 return_oop=0}
                      ; - com.jme3.app.state.AppStateManager::getStates@6 (line 126)
                      ; - com.jme3.app.state.AppStateManager::render@1 (line 366)
                      ; - com.jme3.app.SimpleApplication::update@161 (line 269)
                      ; - com.jme3.system.lwjgl.LwjglWindow::runLoop@37 (line 530)
  0x0000027d46de4d24: 38f6 60ff 

  0x0000027d46de4d28: ;   {other}
  0x0000027d46de4d28: 0f1f 8400 | a03f 0050 | baf6 ffff | ff48 8b6c | 2428 4889 | 7c24 20c5 | fa10 4c24 | 5844 8954 
  0x0000027d46de4d48: 242c c5f8 | 28c1 c5fa | 1144 2430 | 4489 4424 | 3444 895c | 243c 6690 

  0x0000027d46de4d60: ;   {runtime_call UncommonTrapBlob}
  0x0000027d46de4d60: c5f8 77e8 

  0x0000027d46de4d64: ; ImmutableOopMap {rbp=Oop [32]=Oop [44]=NarrowOop [60]=NarrowOop }
                      ;*invokevirtual getTimeInSeconds {reexecute=0 rethrow=0 return_oop=0}
                      ; - com.jme3.shader.UniformBindingManager::newFrame@5 (line 271)
                      ; - com.jme3.renderer.RenderManager::render@15 (line 1144)
                      ; - com.jme3.app.SimpleApplication::update@197 (line 272)
                      ; - com.jme3.system.lwjgl.LwjglWindow::runLoop@37 (line 530)
  0x0000027d46de4d64: f8f5 60ff 

  0x0000027d46de4d68: ;   {other}
  0x0000027d46de4d68: 0f1f 8400 | e03f 0051 | bae4 ffff | ff4c 8b44 | 2428 4c89 | 4424 204c | 8b44 2438 | 4c89 4424 
  0x0000027d46de4d88: 28c5 fa10 | 4c24 5844 | 8954 2434 | c5f8 28c1 | c5fa 1144 | 2438 448b | 4424 4444 | 8944 243c 
  0x0000027d46de4da8: 897c 2444 | 4489 5c24 | 4844 895c | 244c 6690 

  0x0000027d46de4db8: ;   {runtime_call UncommonTrapBlob}
  0x0000027d46de4db8: c5f8 77e8 

  0x0000027d46de4dbc: ; ImmutableOopMap {[32]=Oop [40]=Oop [52]=NarrowOop [68]=NarrowOop }
                      ;*invokestatic checkIndex {reexecute=0 rethrow=0 return_oop=0}
                      ; - java.util.Objects::checkIndex@3 (line 365)
                      ; - java.util.ArrayList::get@5 (line 428)
                      ; - com.jme3.renderer.RenderManager::render@195 (line 1164)
                      ; - com.jme3.app.SimpleApplication::update@197 (line 272)
                      ; - com.jme3.system.lwjgl.LwjglWindow::runLoop@37 (line 530)
  0x0000027d46de4dbc: a0f5 60ff 

  0x0000027d46de4dc0: ;   {other}
  0x0000027d46de4dc0: 0f1f 8400 | 3840 0052 | bae4 ffff | ff48 8b6c | 2428 4c8b | 4424 384c | 8944 2420 | c5fa 104c 
  0x0000027d46de4de0: 2458 4489 | 5424 2cc5 | f828 c1c5 | fa11 4424 | 3044 8b44 | 2444 4489 | 4424 3444 | 895c 2438 
  0x0000027d46de4e00: 897c 2444 | 895c 2448 | 4489 4c24 | 4c89 5c24 | 5066 6690 

  0x0000027d46de4e14: ;   {runtime_call UncommonTrapBlob}
  0x0000027d46de4e14: c5f8 77e8 

  0x0000027d46de4e18: ; ImmutableOopMap {rbp=Oop [32]=Oop [44]=NarrowOop [68]=NarrowOop [76]=NarrowOop }
                      ;*aaload {reexecute=0 rethrow=0 return_oop=0}
                      ; - java.util.ArrayList::elementData@5 (line 412)
                      ; - java.util.ArrayList::get@11 (line 429)
                      ; - com.jme3.renderer.RenderManager::render@195 (line 1164)
                      ; - com.jme3.app.SimpleApplication::update@197 (line 272)
                      ; - com.jme3.system.lwjgl.LwjglWindow::runLoop@37 (line 530)
  0x0000027d46de4e18: 44f5 60ff 

  0x0000027d46de4e1c: ;   {other}
  0x0000027d46de4e1c: 0f1f 8400 | 9440 0053 | baf6 ffff | ff48 8b6c | 2428 897c | 2430 6690 

  0x0000027d46de4e34: ;   {runtime_call UncommonTrapBlob}
  0x0000027d46de4e34: c5f8 77e8 

  0x0000027d46de4e38: ; ImmutableOopMap {rbp=Oop [48]=NarrowOop [56]=Oop }
                      ;*monitorenter {reexecute=0 rethrow=0 return_oop=0}
                      ; - com.jme3.app.state.AppStateManager::getStates@6 (line 126)
                      ; - com.jme3.app.state.AppStateManager::postRender@1 (line 378)
                      ; - com.jme3.app.SimpleApplication::update@212 (line 274)
                      ; - com.jme3.system.lwjgl.LwjglWindow::runLoop@37 (line 530)
  0x0000027d46de4e38: 24f5 60ff 

  0x0000027d46de4e3c: ;   {other}
  0x0000027d46de4e3c: 0f1f 8400 | b440 0054 | baec ffff | ff4c 8b54 | 2428 4c89 | 5424 204c | 8b54 2438 | 4c89 5424 
  0x0000027d46de4e5c: 3066 6690 

  0x0000027d46de4e60: ;   {runtime_call UncommonTrapBlob}
  0x0000027d46de4e60: c5f8 77e8 

  0x0000027d46de4e64: ; ImmutableOopMap {rbp=NarrowOop [32]=Oop [48]=Oop [56]=Oop }
                      ;*ifnull {reexecute=1 rethrow=0 return_oop=0}
                      ; - (reexecute) com.jme3.app.LegacyApplication::update@65 (line 723)
                      ; - com.jme3.app.SimpleApplication::update@20 (line 246)
                      ; - com.jme3.system.lwjgl.LwjglWindow::runLoop@37 (line 530)
  0x0000027d46de4e64: f8f4 60ff 

  0x0000027d46de4e68: ;   {other}
  0x0000027d46de4e68: 0f1f 8400 | e040 0055 | bade ffff | ff4c 8b54 | 2428 4c89 | 5424 204c | 8b54 2438 | 4c89 5424 
  0x0000027d46de4e88: 30c5 fa11 | 4424 3844 | 895c 243c 

  0x0000027d46de4e94: ;   {runtime_call UncommonTrapBlob}
  0x0000027d46de4e94: c5f8 77e8 

  0x0000027d46de4e98: ; ImmutableOopMap {rbp=NarrowOop [32]=Oop [48]=Oop [60]=NarrowOop }
                      ;*invokeinterface getInputTimeNanos {reexecute=0 rethrow=0 return_oop=0}
                      ; - com.jme3.input.InputManager::update@25 (line 901)
                      ; - com.jme3.app.LegacyApplication::update@91 (line 724)
                      ; - com.jme3.app.SimpleApplication::update@20 (line 246)
                      ; - com.jme3.system.lwjgl.LwjglWindow::runLoop@37 (line 530)
  0x0000027d46de4e98: c4f4 60ff 

  0x0000027d46de4e9c: ;   {other}
  0x0000027d46de4e9c: 0f1f 8400 | 1441 0056 | bade ffff | ff48 8b6c | 2428 4c8b | 4424 384c | 8944 2428 | c5fa 1044 
  0x0000027d46de4ebc: 2440 c5fa | 1144 2430 | 4889 4424 | 3844 8954 | 2434 4489 | 5c24 4090 

  0x0000027d46de4ed4: ;   {runtime_call UncommonTrapBlob}
  0x0000027d46de4ed4: c5f8 77e8 

  0x0000027d46de4ed8: ; ImmutableOopMap {rbp=Oop [40]=Oop [52]=NarrowOop [64]=NarrowOop }
                      ;*invokeinterface update {reexecute=0 rethrow=0 return_oop=0}
                      ; - com.jme3.input.InputManager::update@50 (line 906)
                      ; - com.jme3.app.LegacyApplication::update@91 (line 724)
                      ; - com.jme3.app.SimpleApplication::update@20 (line 246)
                      ; - com.jme3.system.lwjgl.LwjglWindow::runLoop@37 (line 530)
  0x0000027d46de4ed8: 84f4 60ff 

  0x0000027d46de4edc: ;   {other}
  0x0000027d46de4edc: 0f1f 8400 | 5441 0057 | bade ffff | ff48 8b6c | 2428 4c8b | 4424 384c | 8944 2428 | c5fa 104c 
  0x0000027d46de4efc: 2440 c5fa | 114c 2430 | 4889 4424 | 3844 8954 | 2434 4c89 | 5c24 4089 | 4c24 4890 

  0x0000027d46de4f18: ;   {runtime_call UncommonTrapBlob}
  0x0000027d46de4f18: c5f8 77e8 

  0x0000027d46de4f1c: ; ImmutableOopMap {rbp=Oop [40]=Oop [52]=NarrowOop [64]=Oop [72]=NarrowOop }
                      ;*invokeinterface isEmpty {reexecute=0 rethrow=0 return_oop=0}
                      ; - com.jme3.input.lwjgl.GlfwKeyInput::update@15 (line 160)
                      ; - com.jme3.input.InputManager::update@50 (line 906)
                      ; - com.jme3.app.LegacyApplication::update@91 (line 724)
                      ; - com.jme3.app.SimpleApplication::update@20 (line 246)
                      ; - com.jme3.system.lwjgl.LwjglWindow::runLoop@37 (line 530)
  0x0000027d46de4f1c: 40f4 60ff 

  0x0000027d46de4f20: ;   {other}
  0x0000027d46de4f20: 0f1f 8400 | 9841 0058 | bade ffff | ff4c 8b5c | 2428 4c89 | 5c24 204c | 8b5c 2438 | 4c89 5c24 
  0x0000027d46de4f40: 30c5 fa10 | 4424 40c5 | fa11 4424 | 3848 8944 | 2440 4489 | 5424 3c90 

  0x0000027d46de4f58: ;   {runtime_call UncommonTrapBlob}
  0x0000027d46de4f58: c5f8 77e8 

  0x0000027d46de4f5c: ; ImmutableOopMap {rbp=NarrowOop [32]=Oop [48]=Oop [60]=NarrowOop }
                      ;*invokeinterface update {reexecute=0 rethrow=0 return_oop=0}
                      ; - com.jme3.input.InputManager::update@59 (line 907)
                      ; - com.jme3.app.LegacyApplication::update@91 (line 724)
                      ; - com.jme3.app.SimpleApplication::update@20 (line 246)
                      ; - com.jme3.system.lwjgl.LwjglWindow::runLoop@37 (line 530)
  0x0000027d46de4f5c: 00f4 60ff 

  0x0000027d46de4f60: ;   {other}
  0x0000027d46de4f60: 0f1f 8400 | d841 0059 | bade ffff | ff48 8b6c | 2428 4c8b | 4424 384c | 8944 2428 | c5fa 104c 
  0x0000027d46de4f80: 2440 c5fa | 114c 2430 | 4889 4424 | 3844 8954 | 2434 4c89 | 5c24 4089 | 5c24 4890 

  0x0000027d46de4f9c: ;   {runtime_call UncommonTrapBlob}
  0x0000027d46de4f9c: c5f8 77e8 

  0x0000027d46de4fa0: ; ImmutableOopMap {rbp=Oop [40]=Oop [52]=NarrowOop [64]=Oop [72]=NarrowOop }
                      ;*invokeinterface isEmpty {reexecute=0 rethrow=0 return_oop=0}
                      ; - com.jme3.input.lwjgl.GlfwMouseInput::update@106 (line 297)
                      ; - com.jme3.input.InputManager::update@59 (line 907)
                      ; - com.jme3.app.LegacyApplication::update@91 (line 724)
                      ; - com.jme3.app.SimpleApplication::update@20 (line 246)
                      ; - com.jme3.system.lwjgl.LwjglWindow::runLoop@37 (line 530)
  0x0000027d46de4fa0: bcf3 60ff 

  0x0000027d46de4fa4: ;   {other}
  0x0000027d46de4fa4: 0f1f 8400 | 1c42 005a | bade ffff | ff48 8b6c | 2428 4c8b | 4424 384c | 8944 2428 | c5fa 104c 
  0x0000027d46de4fc4: 2440 c5fa | 114c 2430 | 4889 4424 | 3844 8954 | 2434 4c89 | 5c24 4089 | 4c24 4890 

  0x0000027d46de4fe0: ;   {runtime_call UncommonTrapBlob}
  0x0000027d46de4fe0: c5f8 77e8 

  0x0000027d46de4fe4: ; ImmutableOopMap {rbp=Oop [40]=Oop [52]=NarrowOop [64]=Oop [72]=NarrowOop }
                      ;*invokeinterface isEmpty {reexecute=0 rethrow=0 return_oop=0}
                      ; - com.jme3.input.lwjgl.GlfwMouseInput::update@142 (line 301)
                      ; - com.jme3.input.InputManager::update@59 (line 907)
                      ; - com.jme3.app.LegacyApplication::update@91 (line 724)
                      ; - com.jme3.app.SimpleApplication::update@20 (line 246)
                      ; - com.jme3.system.lwjgl.LwjglWindow::runLoop@37 (line 530)
  0x0000027d46de4fe4: 78f3 60ff 

  0x0000027d46de4fe8: ;   {other}
  0x0000027d46de4fe8: 0f1f 8400 | 6042 005b | baec ffff | ff4c 8b5c | 2428 4c89 | 5c24 204c | 8b5c 2438 | 4c89 5c24 
  0x0000027d46de5008: 30c5 fa10 | 4424 40c5 | fa11 4424 | 3848 8944 | 2440 4489 | 5424 3c90 

  0x0000027d46de5020: ;   {runtime_call UncommonTrapBlob}
  0x0000027d46de5020: c5f8 77e8 

  0x0000027d46de5024: ; ImmutableOopMap {rbp=NarrowOop [32]=Oop [48]=Oop [60]=NarrowOop }
                      ;*ifnull {reexecute=1 rethrow=0 return_oop=0}
                      ; - (reexecute) com.jme3.input.InputManager::update@84 (line 911)
                      ; - com.jme3.app.LegacyApplication::update@91 (line 724)
                      ; - com.jme3.app.SimpleApplication::update@20 (line 246)
                      ; - com.jme3.system.lwjgl.LwjglWindow::runLoop@37 (line 530)
  0x0000027d46de5024: 38f3 60ff 

  0x0000027d46de5028: ;   {other}
  0x0000027d46de5028: 0f1f 8400 | a042 005c | bae4 ffff | ff4c 8b5c | 2428 4c89 | 5c24 204c | 8b5c 2438 | 4c89 5c24 
  0x0000027d46de5048: 30c5 fa10 | 4c24 40c5 | fa11 4c24 | 384c 8b5c | 2450 4c89 | 5c24 4044 | 8954 2448 | 4489 4c24 
  0x0000027d46de5068: 5066 6690 

  0x0000027d46de506c: ;   {runtime_call UncommonTrapBlob}
  0x0000027d46de506c: c5f8 77e8 

  0x0000027d46de5070: ; ImmutableOopMap {rbp=NarrowOop [32]=Oop [48]=Oop [72]=NarrowOop [80]=NarrowOop }
                      ;*aaload {reexecute=0 rethrow=0 return_oop=0}
                      ; - com.jme3.util.IntMap$IntMapIterator::beginUse@9 (line 249)
                      ; - com.jme3.util.IntMap::iterator@10 (line 224)
                      ; - com.jme3.input.InputManager::invokeUpdateActions@4 (line 210)
                      ; - com.jme3.input.InputManager::update@106 (line 918)
                      ; - com.jme3.app.LegacyApplication::update@91 (line 724)
                      ; - com.jme3.app.SimpleApplication::update@20 (line 246)
                      ; - com.jme3.system.lwjgl.LwjglWindow::runLoop@37 (line 530)
  0x0000027d46de5070: ecf2 60ff 

  0x0000027d46de5074: ;   {other}
  0x0000027d46de5074: 0f1f 8400 | ec42 005d | bae4 ffff | ff48 8b4c | 2428 4889 | 4c24 2048 | 8b4c 2438 | 4889 4c24 
  0x0000027d46de5094: 30c5 fa10 | 4c24 40c5 | fa11 4c24 | 3848 8b4c | 2450 4889 | 4c24 4044 | 8944 243c | 4489 5c24 
  0x0000027d46de50b4: 4844 8954 | 2450 8974 | 2458 895c | 245c 4489 | 4c24 6090 

  0x0000027d46de50c8: ;   {runtime_call UncommonTrapBlob}
  0x0000027d46de50c8: c5f8 77e8 

  0x0000027d46de50cc: ; ImmutableOopMap {rbp=NarrowOop [32]=Oop [48]=Oop [80]=NarrowOop [88]=NarrowOop [92]=NarrowOop [96]=NarrowOop }
                      ;*aaload {reexecute=0 rethrow=0 return_oop=0}
                      ; - com.jme3.util.IntMap$IntMapIterator::beginUse@9 (line 249)
                      ; - com.jme3.util.IntMap::iterator@10 (line 224)
                      ; - com.jme3.input.InputManager::invokeUpdateActions@86 (line 221)
                      ; - com.jme3.input.InputManager::update@106 (line 918)
                      ; - com.jme3.app.LegacyApplication::update@91 (line 724)
                      ; - com.jme3.app.SimpleApplication::update@20 (line 246)
                      ; - com.jme3.system.lwjgl.LwjglWindow::runLoop@37 (line 530)
  0x0000027d46de50cc: 90f2 60ff 

  0x0000027d46de50d0: ;   {other}
  0x0000027d46de50d0: 0f1f 8400 | 4843 005e | baec ffff | ff4c 8b5c | 2428 4c89 | 5c24 204c | 8954 2430 

  0x0000027d46de50ec: ;   {runtime_call UncommonTrapBlob}
  0x0000027d46de50ec: c5f8 77e8 

  0x0000027d46de50f0: ; ImmutableOopMap {rbp=NarrowOop [32]=Oop [48]=Oop [56]=Oop }
                      ;*ifnull {reexecute=1 rethrow=0 return_oop=0}
                      ; - (reexecute) com.jme3.app.LegacyApplication::update@105 (line 728)
                      ; - com.jme3.app.SimpleApplication::update@20 (line 246)
                      ; - com.jme3.system.lwjgl.LwjglWindow::runLoop@37 (line 530)
  0x0000027d46de50f0: 6cf2 60ff 

  0x0000027d46de50f4: ;   {other}
  0x0000027d46de50f4: 0f1f 8400 | 6c43 005f | bade ffff | ff48 8b6c | 2428 4c89 | 5424 2844 | 894c 2430 | c5fa 114c 
  0x0000027d46de5114: 2434 6690 

  0x0000027d46de5118: ;   {runtime_call UncommonTrapBlob}
  0x0000027d46de5118: c5f8 77e8 

  0x0000027d46de511c: ; ImmutableOopMap {rbp=Oop [40]=Oop [48]=NarrowOop [56]=Oop }
                      ;*invokeinterface update {reexecute=0 rethrow=0 return_oop=0}
                      ; - com.jme3.app.LegacyApplication::update@131 (line 729)
                      ; - com.jme3.app.SimpleApplication::update@20 (line 246)
                      ; - com.jme3.system.lwjgl.LwjglWindow::runLoop@37 (line 530)
  0x0000027d46de511c: 40f2 60ff 

  0x0000027d46de5120: ;   {other}
  0x0000027d46de5120: 0f1f 8400 | 9843 0060 | 4c89 4c24 | 484c 8944 | 2440 c5fa | 114c 2438 | 4c89 5424 | 2049 8bd1 
  0x0000027d46de5140: 4c8d 8424 | 9000 0000 

  0x0000027d46de5148: ;   {runtime_call _complete_monitor_locking_Java}
  0x0000027d46de5148: c5f8 77e8 

  0x0000027d46de514c: ; ImmutableOopMap {rbp=NarrowOop [32]=Oop [40]=Oop [64]=Oop [72]=Oop }
                      ;*monitorenter {reexecute=0 rethrow=0 return_oop=0}
                      ; - com.jme3.audio.openal.ALAudioRenderer::update@6 (line 849)
                      ; - com.jme3.app.LegacyApplication::update@131 (line 729)
                      ; - com.jme3.app.SimpleApplication::update@20 (line 246)
                      ; - com.jme3.system.lwjgl.LwjglWindow::runLoop@37 (line 530)
  0x0000027d46de514c: 90e6 77ff 

  0x0000027d46de5150: ;   {other}
  0x0000027d46de5150: 0f1f 8400 | c843 0061 | 4c8b 5424 | 20c5 fa10 | 4c24 384c | 8b44 2440 | 4c8b 4c24 | 48e9 1dcc 
  0x0000027d46de5170: ffff 498b | cb48 8d94 | 2490 0000 | 004d 8bc7 | c5f8 7749 | ba30 dcab | 57f9 7f00 | 0041 ffd2 
  0x0000027d46de5190: ;   {other}
  0x0000027d46de5190: 0f1f 8400 | 0000 0000 | e9ae ccff | ffba ecff | ffff 4c8b | 5424 284c | 8954 2420 | c5fa 1144 
  0x0000027d46de51b0: 2430 6690 

  0x0000027d46de51b4: ;   {runtime_call UncommonTrapBlob}
  0x0000027d46de51b4: c5f8 77e8 

  0x0000027d46de51b8: ; ImmutableOopMap {rbp=NarrowOop [32]=Oop [56]=Oop }
                      ;*ifnull {reexecute=1 rethrow=0 return_oop=0}
                      ; - (reexecute) com.jme3.app.SimpleApplication::update@57 (line 254)
                      ; - com.jme3.system.lwjgl.LwjglWindow::runLoop@37 (line 530)
  0x0000027d46de51b8: a4f1 60ff 

  0x0000027d46de51bc: ;   {other}
  0x0000027d46de51bc: 0f1f 8400 | 3444 0062 | baec ffff | ff4c 8b54 | 2428 4c89 | 5424 2090 

  0x0000027d46de51d4: ;   {runtime_call UncommonTrapBlob}
  0x0000027d46de51d4: c5f8 77e8 

  0x0000027d46de51d8: ; ImmutableOopMap {rbp=NarrowOop [32]=Oop [56]=Oop }
                      ;*ifnull {reexecute=1 rethrow=0 return_oop=0}
                      ; - (reexecute) com.jme3.app.SimpleApplication::update@89 (line 260)
                      ; - com.jme3.system.lwjgl.LwjglWindow::runLoop@37 (line 530)
  0x0000027d46de51d8: 84f1 60ff 

  0x0000027d46de51dc: ;   {other}
  0x0000027d46de51dc: 0f1f 8400 | 5444 0063 | bade ffff | ff4c 8b54 | 2428 4c89 | 5424 20c5 | fa10 4c24 | 58c5 f828 
  0x0000027d46de51fc: c1c5 fa11 | 4424 3490 

  0x0000027d46de5204: ;   {runtime_call UncommonTrapBlob}
  0x0000027d46de5204: c5f8 77e8 

  0x0000027d46de5208: ; ImmutableOopMap {rbp=NarrowOop [32]=Oop [56]=Oop }
                      ;*invokevirtual updateLogicalState {reexecute=0 rethrow=0 return_oop=0}
                      ; - com.jme3.app.SimpleApplication::update@109 (line 261)
                      ; - com.jme3.system.lwjgl.LwjglWindow::runLoop@37 (line 530)
  0x0000027d46de5208: 54f1 60ff 

  0x0000027d46de520c: ;   {other}
  0x0000027d46de520c: 0f1f 8400 | 8444 0064 | bade ffff | ff4c 8b54 | 2428 4c89 | 5424 20c5 | fa10 4424 | 58c5 fa11 
  0x0000027d46de522c: 4424 3490 

  0x0000027d46de5230: ;   {runtime_call UncommonTrapBlob}
  0x0000027d46de5230: c5f8 77e8 

  0x0000027d46de5234: ; ImmutableOopMap {rbp=NarrowOop [32]=Oop [56]=Oop }
                      ;*invokevirtual updateLogicalState {reexecute=0 rethrow=0 return_oop=0}
                      ; - com.jme3.app.SimpleApplication::update@117 (line 262)
                      ; - com.jme3.system.lwjgl.LwjglWindow::runLoop@37 (line 530)
  0x0000027d46de5234: 28f1 60ff 

  0x0000027d46de5238: ;   {other}
  0x0000027d46de5238: 0f1f 8400 | b044 0065 | baec ffff | ff4c 8b54 | 2428 4c89 | 5424 2090 

  0x0000027d46de5250: ;   {runtime_call UncommonTrapBlob}
  0x0000027d46de5250: c5f8 77e8 

  0x0000027d46de5254: ; ImmutableOopMap {rbp=NarrowOop [32]=Oop [56]=Oop }
                      ;*ifnull {reexecute=1 rethrow=0 return_oop=0}
                      ; - (reexecute) com.jme3.app.SimpleApplication::update@138 (line 268)
                      ; - com.jme3.system.lwjgl.LwjglWindow::runLoop@37 (line 530)
  0x0000027d46de5254: 08f1 60ff 

  0x0000027d46de5258: ;   {other}
  0x0000027d46de5258: 0f1f 8400 | d044 0066 | 4c89 7424 | 484c 895c | 2440 4489 | 5424 3889 | 7424 2444 | 896c 2420 
  0x0000027d46de5278: 488b ef49 | 8bd3 4c8d | 8424 9000 | 0000 6690 

  0x0000027d46de5288: ;   {runtime_call _complete_monitor_locking_Java}
  0x0000027d46de5288: c5f8 77e8 

  0x0000027d46de528c: ; ImmutableOopMap {rbp=Oop [32]=NarrowOop [36]=NarrowOop [40]=Oop [56]=NarrowOop [64]=Oop [72]=Oop }
                      ;*monitorenter {reexecute=0 rethrow=0 return_oop=0}
                      ; - com.jme3.app.state.AppStateManager::getStates@6 (line 126)
                      ; - com.jme3.app.state.AppStateManager::render@1 (line 366)
                      ; - com.jme3.app.SimpleApplication::update@161 (line 269)
                      ; - com.jme3.system.lwjgl.LwjglWindow::runLoop@37 (line 530)
  0x0000027d46de528c: 50e5 77ff 

  0x0000027d46de5290: ;   {other}
  0x0000027d46de5290: 0f1f 8400 | 0845 0067 | 488b fd44 | 8b6c 2420 | 8b74 2424 | 448b 5424 | 384c 8b5c | 2440 4c8b 
  0x0000027d46de52b0: 7424 48e9 | eece ffff | 498b cb48 | 8d94 2490 | 0000 004d | 8bc7 c5f8 | 7749 ba30 | dcab 57f9 
  0x0000027d46de52d0: 7f00 0041 

  0x0000027d46de52d4: ;   {other}
  0x0000027d46de52d4: ffd2 0f1f | 8400 0000 | 0000 e971 | cfff ffba | ecff ffff | 4c8b 5424 | 284c 8954 | 2420 4889 
  0x0000027d46de52f4: 7c24 2890 

  0x0000027d46de52f8: ;   {runtime_call UncommonTrapBlob}
  0x0000027d46de52f8: c5f8 77e8 

  0x0000027d46de52fc: ; ImmutableOopMap {rbp=NarrowOop [32]=Oop [40]=Oop }
                      ;*ifnull {reexecute=1 rethrow=0 return_oop=0}
                      ; - (reexecute) com.jme3.app.SimpleApplication::update@168 (line 271)
                      ; - com.jme3.system.lwjgl.LwjglWindow::runLoop@37 (line 530)
  0x0000027d46de52fc: 60f0 60ff 

  0x0000027d46de5300: ;   {other}
  0x0000027d46de5300: 0f1f 8400 | 7845 0068 | bade ffff | ff4c 8b5c | 2428 4c89 | 5c24 2048 | 897c 2428 | c5fa 104c 
  0x0000027d46de5320: 2458 4489 | 5424 34c5 | f828 c1c5 | fa11 4424 | 3866 6690 

  0x0000027d46de5334: ;   {runtime_call UncommonTrapBlob}
  0x0000027d46de5334: c5f8 77e8 

  0x0000027d46de5338: ; ImmutableOopMap {rbp=NarrowOop [32]=Oop [40]=Oop [52]=NarrowOop }
                      ;*invokeinterface isRenderable {reexecute=0 rethrow=0 return_oop=0}
                      ; - com.jme3.app.SimpleApplication::update@192 (line 272)
                      ; - com.jme3.system.lwjgl.LwjglWindow::runLoop@37 (line 530)
  0x0000027d46de5338: 24f0 60ff 

  0x0000027d46de533c: ;   {other}
  0x0000027d46de533c: 0f1f 8400 | b445 0069 | baec ffff | ff4c 8b5c | 2428 4c89 | 5c24 204c | 8b5c 2438 | 4c89 5c24 
  0x0000027d46de535c: 28c5 fa10 | 4424 58c5 | fa11 4424 | 3866 6690 

  0x0000027d46de536c: ;   {runtime_call UncommonTrapBlob}
  0x0000027d46de536c: c5f8 77e8 

  0x0000027d46de5370: ; ImmutableOopMap {rbp=NarrowOop [32]=Oop [40]=Oop [64]=NarrowOop }
                      ;*ifnull {reexecute=1 rethrow=0 return_oop=0}
                      ; - (reexecute) com.jme3.renderer.RenderManager::render@22 (line 1146)
                      ; - com.jme3.app.SimpleApplication::update@197 (line 272)
                      ; - com.jme3.system.lwjgl.LwjglWindow::runLoop@37 (line 530)
  0x0000027d46de5370: ecef 60ff 

  0x0000027d46de5374: ;   {other}
  0x0000027d46de5374: 0f1f 8400 | ec45 006a | ba45 ffff | ff48 8b6c | 2428 488b | 4c24 3848 | 894c 2420 | c5fa 1044 
  0x0000027d46de5394: 2458 4489 | 5424 2cc5 | fa11 4424 | 3044 8b54 | 2444 4489 | 5424 3444 | 895c 2438 | 4c89 4c24 
  0x0000027d46de53b4: 4044 8944 | 243c 6690 

  0x0000027d46de53bc: ;   {runtime_call UncommonTrapBlob}
  0x0000027d46de53bc: c5f8 77e8 

  0x0000027d46de53c0: ; ImmutableOopMap {rbp=Oop [32]=Oop [44]=NarrowOop [60]=NarrowOop [64]=Oop }
                      ;*ifnonnull {reexecute=1 rethrow=0 return_oop=0}
                      ; - (reexecute) com.jme3.renderer.RenderManager::render@138 (line 1157)
                      ; - com.jme3.app.SimpleApplication::update@197 (line 272)
                      ; - com.jme3.system.lwjgl.LwjglWindow::runLoop@37 (line 530)
  0x0000027d46de53c0: 9cef 60ff 

  0x0000027d46de53c4: ;   {other}
  0x0000027d46de53c4: 0f1f 8400 | 3c46 006b | bacc ffff | ff4c 8b44 | 2428 4c89 | 4424 204c | 8b44 2438 | 4c89 4424 
  0x0000027d46de53e4: 28c5 fa10 | 4424 5844 | 8954 2434 | c5fa 1144 | 2438 448b | 5424 4444 | 8954 243c | 897c 2444 
  0x0000027d46de5404: 4489 5c24 | 4844 895c | 244c 6690 

  0x0000027d46de5410: ;   {runtime_call UncommonTrapBlob}
  0x0000027d46de5410: c5f8 77e8 

  0x0000027d46de5414: ; ImmutableOopMap {[32]=Oop [40]=Oop [52]=NarrowOop [68]=NarrowOop }
                      ;*invokestatic checkIndex {reexecute=0 rethrow=0 return_oop=0}
                      ; - java.util.Objects::checkIndex@3 (line 365)
                      ; - java.util.ArrayList::get@5 (line 428)
                      ; - com.jme3.renderer.RenderManager::render@195 (line 1164)
                      ; - com.jme3.app.SimpleApplication::update@197 (line 272)
                      ; - com.jme3.system.lwjgl.LwjglWindow::runLoop@37 (line 530)
  0x0000027d46de5414: 48ef 60ff 

  0x0000027d46de5418: ;   {other}
  0x0000027d46de5418: 0f1f 8400 | 9046 006c | 4c89 4c24 | 404c 896c | 2438 4489 | 5424 2489 | 7c24 2048 | 8bee 498b 
  0x0000027d46de5438: d14c 8d84 | 2490 0000 | 0066 6690 

  0x0000027d46de5444: ;   {runtime_call _complete_monitor_locking_Java}
  0x0000027d46de5444: c5f8 77e8 

  0x0000027d46de5448: ; ImmutableOopMap {rbp=Oop [32]=NarrowOop [36]=NarrowOop [40]=Oop [56]=Oop [64]=Oop }
                      ;*monitorenter {reexecute=0 rethrow=0 return_oop=0}
                      ; - com.jme3.app.state.AppStateManager::getStates@6 (line 126)
                      ; - com.jme3.app.state.AppStateManager::postRender@1 (line 378)
                      ; - com.jme3.app.SimpleApplication::update@212 (line 274)
                      ; - com.jme3.system.lwjgl.LwjglWindow::runLoop@37 (line 530)
  0x0000027d46de5448: 94e3 77ff 

  0x0000027d46de544c: ;   {other}
  0x0000027d46de544c: 0f1f 8400 | c446 006d | 488b f58b | 7c24 2044 | 8b54 2424 | 4c8b 6c24 | 384c 8b4c | 2440 e902 
  0x0000027d46de546c: d3ff ff49 | 8bc9 488d | 9424 9000 | 0000 4d8b | c7c5 f877 | 49ba 30dc | ab57 f97f | 0000 41ff 
  0x0000027d46de548c: ;   {other}
  0x0000027d46de548c: d20f 1f84 | 0000 0000 | 00e9 85d3 | ffff baec | ffff ff4c | 8b54 2428 | 4c89 5424 | 2048 8974 
  0x0000027d46de54ac: 2428 6690 

  0x0000027d46de54b0: ;   {runtime_call UncommonTrapBlob}
  0x0000027d46de54b0: c5f8 77e8 

  0x0000027d46de54b4: ; ImmutableOopMap {rbp=NarrowOop [32]=Oop [40]=Oop }
                      ;*ifnull {reexecute=1 rethrow=0 return_oop=0}
                      ; - (reexecute) com.jme3.app.SimpleApplication::update@219 (line 276)
                      ; - com.jme3.system.lwjgl.LwjglWindow::runLoop@37 (line 530)
  0x0000027d46de54b4: a8ee 60ff 

  0x0000027d46de54b8: ;   {other}
  0x0000027d46de54b8: 0f1f 8400 | 3047 006e | bade ffff | ff66 6690 

  0x0000027d46de54c8: ;   {runtime_call UncommonTrapBlob}
  0x0000027d46de54c8: c5f8 77e8 

  0x0000027d46de54cc: ; ImmutableOopMap {rbp=NarrowOop [40]=Oop }
                      ;*invokeinterface postFrame {reexecute=0 rethrow=0 return_oop=0}
                      ; - com.jme3.system.lwjgl.LwjglWindow::runLoop@100 (line 549)
  0x0000027d46de54cc: 90ee 60ff 

  0x0000027d46de54d0: ;   {other}
  0x0000027d46de54d0: 0f1f 8400 | 4847 006f | ba45 ffff | ff48 8b6c | 2428 4489 | 4424 284c | 8954 2430 

  0x0000027d46de54ec: ;   {runtime_call UncommonTrapBlob}
  0x0000027d46de54ec: c5f8 77e8 

  0x0000027d46de54f0: ; ImmutableOopMap {rbp=Oop [40]=NarrowOop [48]=Oop }
                      ;*ifne {reexecute=1 rethrow=0 return_oop=0}
                      ; - (reexecute) com.jme3.util.NativeObjectManager::deleteUnused@15 (line 175)
                      ; - com.jme3.renderer.opengl.GLRenderer::postFrame@5 (line 1117)
                      ; - com.jme3.system.lwjgl.LwjglWindow::runLoop@100 (line 549)
  0x0000027d46de54f0: 6cee 60ff 

  0x0000027d46de54f4: ;   {other}
  0x0000027d46de54f4: 0f1f 8400 | 6c47 0070 | bade ffff | ff4c 8b5c | 2428 4c89 | 5c24 2044 | 8944 2430 | 4c89 5424 
  0x0000027d46de5514: 3866 6690 

  0x0000027d46de5518: ;   {runtime_call UncommonTrapBlob}
  0x0000027d46de5518: c5f8 77e8 

  0x0000027d46de551c: ; ImmutableOopMap {rbp=NarrowOop [32]=Oop [48]=NarrowOop [56]=Oop }
                      ;*invokevirtual poll {reexecute=0 rethrow=0 return_oop=0}
                      ; - com.jme3.util.NativeObjectManager::deleteUnused@54 (line 183)
                      ; - com.jme3.renderer.opengl.GLRenderer::postFrame@5 (line 1117)
                      ; - com.jme3.system.lwjgl.LwjglWindow::runLoop@100 (line 549)
  0x0000027d46de551c: 40ee 60ff 

  0x0000027d46de5520: ;   {other}
  0x0000027d46de5520: 0f1f 8400 | 9847 0071 | bade ffff | ff4c 8b5c | 2428 4c89 | 5c24 204c | 8954 2428 

  0x0000027d46de553c: ;   {runtime_call UncommonTrapBlob}
  0x0000027d46de553c: c5f8 77e8 

  0x0000027d46de5540: ; ImmutableOopMap {rbp=NarrowOop [32]=Oop [40]=Oop }
                      ;*invokeinterface resetStats {reexecute=0 rethrow=0 return_oop=0}
                      ; - com.jme3.renderer.opengl.GLRenderer::postFrame@18 (line 1119)
                      ; - com.jme3.system.lwjgl.LwjglWindow::runLoop@100 (line 549)
  0x0000027d46de5540: 1cee 60ff 

  0x0000027d46de5544: ;   {other}
  0x0000027d46de5544: 0f1f 8400 | bc47 0072 | ba76 ffff | ff48 8b6c | 2428 4889 | 7c24 2044 | 896c 242c | 4c89 5c24 
  0x0000027d46de5564: 3844 8954 | 2444 8974 | 2448 6690 

  0x0000027d46de5570: ;   {runtime_call UncommonTrapBlob}
  0x0000027d46de5570: c5f8 77e8 

  0x0000027d46de5574: ; ImmutableOopMap {rbp=Oop [32]=Oop [44]=NarrowOop [56]=Oop [72]=NarrowOop }
                      ;*if_icmpge {reexecute=1 rethrow=0 return_oop=0}
                      ; - (reexecute) com.jme3.app.state.AppStateManager::render@18 (line 367)
                      ; - com.jme3.app.SimpleApplication::update@161 (line 269)
                      ; - com.jme3.system.lwjgl.LwjglWindow::runLoop@37 (line 530)
  0x0000027d46de5574: e8ed 60ff 

  0x0000027d46de5578: ;   {other}
  0x0000027d46de5578: 0f1f 8400 | f047 0073 | ba76 ffff | ff48 8b6c | 2428 4889 | 7424 204c | 895c 2438 | 4489 5424 
  0x0000027d46de5598: 4089 7c24 | 4466 6690 

  0x0000027d46de55a0: ;   {runtime_call UncommonTrapBlob}
  0x0000027d46de55a0: c5f8 77e8 

  0x0000027d46de55a4: ; ImmutableOopMap {rbp=Oop [32]=Oop [56]=Oop [68]=NarrowOop }
                      ;*if_icmpge {reexecute=1 rethrow=0 return_oop=0}
                      ; - (reexecute) com.jme3.app.state.AppStateManager::postRender@16 (line 379)
                      ; - com.jme3.app.SimpleApplication::update@212 (line 274)
                      ; - com.jme3.system.lwjgl.LwjglWindow::runLoop@37 (line 530)
  0x0000027d46de55a4: b8ed 60ff 

  0x0000027d46de55a8: ;   {other}
  0x0000027d46de55a8: 0f1f 8400 | 2048 0074 | ba76 ffff | ff4c 8b5c | 2428 4c89 | 5c24 204c | 8b5c 2438 | 4c89 5c24 
  0x0000027d46de55c8: 28c5 fa10 | 4424 58c5 | fa11 4424 | 3866 6690 

  0x0000027d46de55d8: ;   {runtime_call UncommonTrapBlob}
  0x0000027d46de55d8: c5f8 77e8 

  0x0000027d46de55dc: ; ImmutableOopMap {[32]=Oop [40]=Oop [64]=NarrowOop }
                      ;*if_icmpge {reexecute=1 rethrow=0 return_oop=0}
                      ; - (reexecute) com.jme3.renderer.RenderManager::render@117 (line 1155)
                      ; - com.jme3.app.SimpleApplication::update@197 (line 272)
                      ; - com.jme3.system.lwjgl.LwjglWindow::runLoop@37 (line 530)
  0x0000027d46de55dc: 80ed 60ff 

  0x0000027d46de55e0: ;   {other}
  0x0000027d46de55e0: 0f1f 8400 | 5848 0075 | baec ffff | ff4c 8b5c | 2428 4c89 | 5c24 204c | 8b5c 2438 | 4c89 5c24 
  0x0000027d46de5600: 28c5 fa10 | 4c24 4044 | 8954 2434 | c5f8 28c1 | c5fa 1144 | 2438 894c | 2440 6690 

  0x0000027d46de561c: ;   {runtime_call UncommonTrapBlob}
  0x0000027d46de561c: c5f8 77e8 

  0x0000027d46de5620: ; ImmutableOopMap {rbp=NarrowOop [32]=Oop [40]=Oop [52]=NarrowOop }
                      ;*ifnull {reexecute=1 rethrow=0 return_oop=0}
                      ; - (reexecute) com.jme3.renderer.RenderManager::render@162 (line 1162)
                      ; - com.jme3.app.SimpleApplication::update@197 (line 272)
                      ; - com.jme3.system.lwjgl.LwjglWindow::runLoop@37 (line 530)
  0x0000027d46de5620: 3ced 60ff 

  0x0000027d46de5624: ;   {other}
  0x0000027d46de5624: 0f1f 8400 | 9c48 0076 | 498b d7c5 | f877 49ba | e007 6957 | f97f 0000 

  0x0000027d46de563c: ;   {other}
  0x0000027d46de563c: 41ff d20f | 1f84 0000 | 0000 00e9 | 18c1 ffff | ba76 ffff | ff4c 8b5c | 2428 4c89 | 5c24 204c 
  0x0000027d46de565c: 8b5c 2438 | 4c89 5c24 | 28c5 fa10 | 4424 5844 | 8954 2434 | c5fa 1144 | 2438 6690 

  0x0000027d46de5678: ;   {runtime_call UncommonTrapBlob}
  0x0000027d46de5678: c5f8 77e8 

  0x0000027d46de567c: ; ImmutableOopMap {[32]=Oop [40]=Oop [52]=NarrowOop }
                      ;*if_icmpge {reexecute=1 rethrow=0 return_oop=0}
                      ; - (reexecute) com.jme3.renderer.RenderManager::render@187 (line 1163)
                      ; - com.jme3.app.SimpleApplication::update@197 (line 272)
                      ; - com.jme3.system.lwjgl.LwjglWindow::runLoop@37 (line 530)
  0x0000027d46de567c: e0ec 60ff 

  0x0000027d46de5680: ;   {other}
  0x0000027d46de5680: 0f1f 8400 | f848 0077 | 498b d941 | 8bfb 498b | d7c5 f877 | 49ba e007 | 6957 f97f | 0000 41ff 
  0x0000027d46de56a0: ;   {other}
  0x0000027d46de56a0: d20f 1f84 | 0000 0000 | 0044 8bdf | 4c8b cbe9 | 96cd ffff | 418b fb49 | 8bd7 c5f8 | 7749 bae0 
  0x0000027d46de56c0: 0769 57f9 | 7f00 0041 

  0x0000027d46de56c8: ;   {other}
  0x0000027d46de56c8: ffd2 0f1f | 8400 0000 | 0000 448b | dfe9 00ce | ffff ba45 | ffff ff4c | 8b44 2428 | 4c89 4424 
  0x0000027d46de56e8: 204c 8b44 | 2438 4c89 | 4424 28c5 | fa10 4424 | 5844 8954 | 2434 c5fa | 1144 2438 | 895c 2440 
  0x0000027d46de5708: 4c89 5c24 | 4866 6690 

  0x0000027d46de5710: ;   {runtime_call UncommonTrapBlob}
  0x0000027d46de5710: c5f8 77e8 

  0x0000027d46de5714: ; ImmutableOopMap {rbp=NarrowOop [32]=Oop [40]=Oop [52]=NarrowOop [72]=Oop }
                      ;*ifnonnull {reexecute=1 rethrow=0 return_oop=0}
                      ; - (reexecute) com.jme3.renderer.RenderManager::render@208 (line 1165)
                      ; - com.jme3.app.SimpleApplication::update@197 (line 272)
                      ; - com.jme3.system.lwjgl.LwjglWindow::runLoop@37 (line 530)
  0x0000027d46de5714: 48ec 60ff 

  0x0000027d46de5718: ;   {other}
  0x0000027d46de5718: 0f1f 8400 | 9049 0078 | 33ed 4585 | c040 0f94 | c5ba 45ff | ffff 4c8b | 5c24 284c | 895c 2420 
  0x0000027d46de5738: 4c89 5424 | 2866 6690 

  0x0000027d46de5740: ;   {runtime_call UncommonTrapBlob}
  0x0000027d46de5740: c5f8 77e8 

  0x0000027d46de5744: ; ImmutableOopMap {[32]=Oop [40]=Oop }
                      ;*ifeq {reexecute=1 rethrow=0 return_oop=0}
                      ; - (reexecute) com.jme3.opencl.OpenCLObjectManager::deleteUnusedObjects@7 (line 83)
                      ; - com.jme3.renderer.opengl.GLRenderer::postFrame@11 (line 1118)
                      ; - com.jme3.system.lwjgl.LwjglWindow::runLoop@100 (line 549)
  0x0000027d46de5744: 18ec 60ff 

  0x0000027d46de5748: ;   {other}
  0x0000027d46de5748: 0f1f 8400 | c049 0079 | ba45 ffff | ff48 8b6c | 2428 4489 | 5c24 2044 | 8944 2428 | 4489 4424 
  0x0000027d46de5768: 2c89 4c24 | 3444 894c | 243c 6690 

  0x0000027d46de5774: ;   {runtime_call UncommonTrapBlob}
  0x0000027d46de5774: c5f8 77e8 

  0x0000027d46de5778: ; ImmutableOopMap {rbp=Oop [40]=NarrowOop [44]=NarrowOop [52]=NarrowOop }
                      ;*ifle {reexecute=1 rethrow=0 return_oop=0}
                      ; - (reexecute) java.util.HashMap::getNode@14 (line 576)
                      ; - java.util.HashMap::get@2 (line 565)
                      ; - com.jme3.system.AppSettings::getInteger@2 (line 485)
                      ; - com.jme3.system.AppSettings::getFrameRate@3 (line 917)
                      ; - com.jme3.system.lwjgl.LwjglWindow::runLoop@120 (line 553)
  0x0000027d46de5778: e4eb 60ff 

  0x0000027d46de577c: ;   {other}
  0x0000027d46de577c: 0f1f 8400 | f449 007a | 33ed 4585 | db40 0f95 | c5ba 45ff | ffff 6690 

  0x0000027d46de5794: ;   {runtime_call UncommonTrapBlob}
  0x0000027d46de5794: c5f8 77e8 

  0x0000027d46de5798: ; ImmutableOopMap {[40]=Oop }
                      ;*ifeq {reexecute=1 rethrow=0 return_oop=0}
                      ; - (reexecute) com.jme3.system.lwjgl.LwjglWindow::runLoop@8 (line 522)
  0x0000027d46de5798: c4eb 60ff 

  0x0000027d46de579c: ;   {other}
  0x0000027d46de579c: 0f1f 8400 | 144a 007b | 33ed 4585 | db40 0f95 | c5ba 45ff | ffff 6690 

  0x0000027d46de57b4: ;   {runtime_call UncommonTrapBlob}
  0x0000027d46de57b4: c5f8 77e8 

  0x0000027d46de57b8: ; ImmutableOopMap {[40]=Oop }
                      ;*ifne {reexecute=1 rethrow=0 return_oop=0}
                      ; - (reexecute) com.jme3.system.lwjgl.LwjglWindow::runLoop@22 (line 526)
  0x0000027d46de57b8: a4eb 60ff 

  0x0000027d46de57bc: ;   {other}
  0x0000027d46de57bc: 0f1f 8400 | 344a 007c 

  0x0000027d46de57c4: ;   {section_word}
  0x0000027d46de57c4: c5f8 2e0d | 54be ffff | bdff ffff | ff0f 8a0e | 0000 000f | 8208 0000 | 0040 0f95 | c540 0fb6 
  0x0000027d46de57e4: edba 45ff | ffff 4c8b | 5424 284c | 8954 2420 | 4c8b 5424 | 384c 8954 | 2430 6690 

  0x0000027d46de5800: ;   {runtime_call UncommonTrapBlob}
  0x0000027d46de5800: c5f8 77e8 

  0x0000027d46de5804: ; ImmutableOopMap {[32]=Oop [48]=Oop [56]=Oop }
                      ;*ifeq {reexecute=1 rethrow=0 return_oop=0}
                      ; - (reexecute) com.jme3.app.LegacyApplication::update@36 (line 717)
                      ; - com.jme3.app.SimpleApplication::update@20 (line 246)
                      ; - com.jme3.system.lwjgl.LwjglWindow::runLoop@37 (line 530)
  0x0000027d46de5804: 58eb 60ff 

  0x0000027d46de5808: ;   {other}
  0x0000027d46de5808: 0f1f 8400 | 804a 007d | ba45 ffff | ff4c 8b54 | 2428 4c89 | 5424 204c | 8b54 2438 | 4c89 5424 
  0x0000027d46de5828: 3066 6690 

  0x0000027d46de582c: ;   {runtime_call UncommonTrapBlob}
  0x0000027d46de582c: c5f8 77e8 

  0x0000027d46de5830: ; ImmutableOopMap {[32]=Oop [48]=Oop [56]=Oop }
                      ;*ifeq {reexecute=1 rethrow=0 return_oop=0}
                      ; - (reexecute) com.jme3.app.LegacyApplication::update@43 (line 717)
                      ; - com.jme3.app.SimpleApplication::update@20 (line 246)
                      ; - com.jme3.system.lwjgl.LwjglWindow::runLoop@37 (line 530)
  0x0000027d46de5830: 2ceb 60ff 

  0x0000027d46de5834: ;   {other}
  0x0000027d46de5834: 0f1f 8400 | ac4a 007e | ba45 ffff | ff4c 8b54 | 2428 4c89 | 5424 204c | 8b54 2438 | 4c89 5424 
  0x0000027d46de5854: 3066 6690 

  0x0000027d46de5858: ;   {runtime_call UncommonTrapBlob}
  0x0000027d46de5858: c5f8 77e8 

  0x0000027d46de585c: ; ImmutableOopMap {[32]=Oop [48]=Oop [56]=Oop }
                      ;*ifeq {reexecute=1 rethrow=0 return_oop=0}
                      ; - (reexecute) com.jme3.app.LegacyApplication::update@58 (line 722)
                      ; - com.jme3.app.SimpleApplication::update@20 (line 246)
                      ; - com.jme3.system.lwjgl.LwjglWindow::runLoop@37 (line 530)
  0x0000027d46de585c: 00eb 60ff 

  0x0000027d46de5860: ;   {other}
  0x0000027d46de5860: 0f1f 8400 | d84a 007f | 33ed 4585 | c040 0f95 | c5ba 45ff | ffff 4c8b | 4424 284c | 8944 2420 
  0x0000027d46de5880: 4c8b 4424 | 384c 8944 | 2430 c5fa | 104c 2440 | c5fa 114c | 2438 4889 | 4424 4044 | 8954 243c 
  0x0000027d46de58a0: 4c89 5c24 | 4866 6690 

  0x0000027d46de58a8: ;   {runtime_call UncommonTrapBlob}
  0x0000027d46de58a8: c5f8 77e8 

  0x0000027d46de58ac: ; ImmutableOopMap {[32]=Oop [48]=Oop [60]=NarrowOop [72]=Oop }
                      ;*ifne {reexecute=1 rethrow=0 return_oop=0}
                      ; - (reexecute) com.jme3.input.lwjgl.GlfwKeyInput::update@7 (line 156)
                      ; - com.jme3.input.InputManager::update@50 (line 906)
                      ; - com.jme3.app.LegacyApplication::update@91 (line 724)
                      ; - com.jme3.app.SimpleApplication::update@20 (line 246)
                      ; - com.jme3.system.lwjgl.LwjglWindow::runLoop@37 (line 530)
  0x0000027d46de58ac: b0ea 60ff 

  0x0000027d46de58b0: ;   {other}
  0x0000027d46de58b0: 0f1f 8400 | 284b 0080 | ba45 ffff | ff4c 8b44 | 2428 4c89 | 4424 204c | 8b44 2438 | 4c89 4424 
  0x0000027d46de58d0: 30c5 fa10 | 4c24 40c5 | fa11 4c24 | 3848 8944 | 2440 4489 | 5424 3c4c | 895c 2448 

  0x0000027d46de58ec: ;   {runtime_call UncommonTrapBlob}
  0x0000027d46de58ec: c5f8 77e8 

  0x0000027d46de58f0: ; ImmutableOopMap {rbp=NarrowOop [32]=Oop [48]=Oop [60]=NarrowOop [72]=Oop }
                      ;*ifnull {reexecute=1 rethrow=0 return_oop=0}
                      ; - (reexecute) com.jme3.input.lwjgl.GlfwMouseInput::update@4 (line 286)
                      ; - com.jme3.input.InputManager::update@59 (line 907)
                      ; - com.jme3.app.LegacyApplication::update@91 (line 724)
                      ; - com.jme3.app.SimpleApplication::update@20 (line 246)
                      ; - com.jme3.system.lwjgl.LwjglWindow::runLoop@37 (line 530)
  0x0000027d46de58f0: 6cea 60ff 

  0x0000027d46de58f4: ;   {other}
  0x0000027d46de58f4: 0f1f 8400 | 6c4b 0081 | ba45 ffff | ff4c 8b5c | 2428 4c89 | 5c24 204c | 8b5c 2438 | 4c89 5c24 
  0x0000027d46de5914: 30c5 fa10 | 4c24 40c5 | fa11 4c24 | 3848 8944 | 2440 4489 | 5424 3c90 

  0x0000027d46de592c: ;   {runtime_call UncommonTrapBlob}
  0x0000027d46de592c: c5f8 77e8 

  0x0000027d46de5930: ; ImmutableOopMap {rbp=NarrowOop [32]=Oop [48]=Oop [60]=NarrowOop }
                      ;*ifnull {reexecute=1 rethrow=0 return_oop=0}
                      ; - (reexecute) com.jme3.input.InputManager::update@68 (line 908)
                      ; - com.jme3.app.LegacyApplication::update@91 (line 724)
                      ; - com.jme3.app.SimpleApplication::update@20 (line 246)
                      ; - com.jme3.system.lwjgl.LwjglWindow::runLoop@37 (line 530)
  0x0000027d46de5930: 2cea 60ff 

  0x0000027d46de5934: ;   {other}
  0x0000027d46de5934: 0f1f 8400 | ac4b 0082 

  0x0000027d46de593c: ;   {section_word}
  0x0000027d46de593c: c5f8 2e0d | dcbc ffff | bdff ffff | ff0f 8a0e | 0000 000f | 8208 0000 | 0040 0f95 | c540 0fb6 
  0x0000027d46de595c: edba 45ff | ffff 4c8b | 5424 284c | 8954 2420 

  0x0000027d46de596c: ;   {runtime_call UncommonTrapBlob}
  0x0000027d46de596c: c5f8 77e8 

  0x0000027d46de5970: ; ImmutableOopMap {[32]=Oop [56]=Oop }
                      ;*ifeq {reexecute=1 rethrow=0 return_oop=0}
                      ; - (reexecute) com.jme3.app.SimpleApplication::update@29 (line 247)
                      ; - com.jme3.system.lwjgl.LwjglWindow::runLoop@37 (line 530)
  0x0000027d46de5970: ece9 60ff 

  0x0000027d46de5974: ;   {other}
  0x0000027d46de5974: 0f1f 8400 | ec4b 0083 | ba45 ffff | ff4c 8b54 | 2428 4c89 | 5424 2090 

  0x0000027d46de598c: ;   {runtime_call UncommonTrapBlob}
  0x0000027d46de598c: c5f8 77e8 

  0x0000027d46de5990: ; ImmutableOopMap {[32]=Oop [56]=Oop }
                      ;*ifeq {reexecute=1 rethrow=0 return_oop=0}
                      ; - (reexecute) com.jme3.app.SimpleApplication::update@36 (line 247)
                      ; - com.jme3.system.lwjgl.LwjglWindow::runLoop@37 (line 530)
  0x0000027d46de5990: cce9 60ff 

  0x0000027d46de5994: ;   {other}
  0x0000027d46de5994: 0f1f 8400 | 0c4c 0084 | ba45 ffff | ff4c 8b5c | 2428 4c89 | 5c24 204c | 8b5c 2438 | 4c89 5c24 
  0x0000027d46de59b4: 28c5 fa10 | 4424 58c5 | fa11 4424 | 3866 6690 

  0x0000027d46de59c4: ;   {runtime_call UncommonTrapBlob}
  0x0000027d46de59c4: c5f8 77e8 

  0x0000027d46de59c8: ; ImmutableOopMap {[32]=Oop [40]=Oop [64]=NarrowOop }
                      ;*if_icmpge {reexecute=1 rethrow=0 return_oop=0}
                      ; - (reexecute) com.jme3.renderer.RenderManager::render@47 (line 1147)
                      ; - com.jme3.app.SimpleApplication::update@197 (line 272)
                      ; - com.jme3.system.lwjgl.LwjglWindow::runLoop@37 (line 530)
  0x0000027d46de59c8: 94e9 60ff 

  0x0000027d46de59cc: ;   {other}
  0x0000027d46de59cc: 0f1f 8400 | 444c 0085 | 33ed 4585 | d240 0f95 | c5ba 45ff | ffff 6690 

  0x0000027d46de59e4: ;   {runtime_call UncommonTrapBlob}
  0x0000027d46de59e4: c5f8 77e8 

  0x0000027d46de59e8: ; ImmutableOopMap {[40]=Oop }
                      ;*ifeq {reexecute=1 rethrow=0 return_oop=0}
                      ; - (reexecute) com.jme3.system.lwjgl.LwjglWindow::runLoop@49 (line 535)
  0x0000027d46de59e8: 74e9 60ff 

  0x0000027d46de59ec: ;   {other}
  0x0000027d46de59ec: 0f1f 8400 | 644c 0086 | ba45 ffff | ff66 6690 

  0x0000027d46de59fc: ;   {runtime_call UncommonTrapBlob}
  0x0000027d46de59fc: c5f8 77e8 

  0x0000027d46de5a00: ; ImmutableOopMap {[40]=Oop }
                      ;*ifeq {reexecute=1 rethrow=0 return_oop=0}
                      ; - (reexecute) com.jme3.system.lwjgl.LwjglWindow::runLoop@56 (line 538)
  0x0000027d46de5a00: 5ce9 60ff 

  0x0000027d46de5a04: ;   {other}
  0x0000027d46de5a04: 0f1f 8400 | 7c4c 0087 | ba45 ffff | ff45 33d2 | 4d3b dabd | ffff ffff | 7c08 400f | 95c5 400f 
  0x0000027d46de5a24: b6ed 4c8b | 5424 284c | 8954 2420 | 4c89 5c24 | 3066 6690 

  0x0000027d46de5a38: ;   {runtime_call UncommonTrapBlob}
  0x0000027d46de5a38: c5f8 77e8 

  0x0000027d46de5a3c: ; ImmutableOopMap {[32]=Oop }
                      ;*ifne {reexecute=1 rethrow=0 return_oop=0}
                      ; - (reexecute) org.lwjgl.system.Checks::check@3 (line 99)
                      ; - org.lwjgl.glfw.GLFW::glfwSwapBuffers@11 (line 4563)
                      ; - com.jme3.system.lwjgl.LwjglWindow::runLoop@70 (line 539)
  0x0000027d46de5a3c: 20e9 60ff 

  0x0000027d46de5a40: ;   {other}
  0x0000027d46de5a40: 0f1f 8400 | b84c 0088 | ba76 ffff | ff48 8b6c | 2428 4c8b | 5424 384c | 8954 2420 | c5fa 1044 
  0x0000027d46de5a60: 2458 c5fa | 1144 242c | c5fa 1144 | 2440 4c89 | 4424 5044 | 895c 245c 

  0x0000027d46de5a78: ;   {runtime_call UncommonTrapBlob}
  0x0000027d46de5a78: c5f8 77e8 

  0x0000027d46de5a7c: ; ImmutableOopMap {rbp=Oop [32]=Oop [80]=Oop [96]=Oop }
                      ;*if_icmpge {reexecute=1 rethrow=0 return_oop=0}
                      ; - (reexecute) com.jme3.scene.Spatial::runControlUpdate@31 (line 736)
                      ; - com.jme3.scene.Spatial::updateLogicalState@2 (line 880)
                      ; - com.jme3.scene.Node::updateLogicalState@2 (line 231)
                      ; - com.jme3.app.SimpleApplication::update@109 (line 261)
                      ; - com.jme3.system.lwjgl.LwjglWindow::runLoop@37 (line 530)
  0x0000027d46de5a7c: e0e8 60ff 

  0x0000027d46de5a80: ;   {other}
  0x0000027d46de5a80: 0f1f 8400 | f84c 0089 | ba76 ffff | ff48 8b6c | 2428 4c8b | 5424 384c | 8954 2420 | c5fa 1044 
  0x0000027d46de5aa0: 2458 c5fa | 1144 242c | c5fa 1144 | 2440 4c89 | 4c24 5044 | 895c 245c 

  0x0000027d46de5ab8: ;   {runtime_call UncommonTrapBlob}
  0x0000027d46de5ab8: c5f8 77e8 

  0x0000027d46de5abc: ; ImmutableOopMap {rbp=Oop [32]=Oop [80]=Oop [96]=Oop }
                      ;*if_icmpge {reexecute=1 rethrow=0 return_oop=0}
                      ; - (reexecute) com.jme3.scene.Spatial::runControlUpdate@31 (line 736)
                      ; - com.jme3.scene.Spatial::updateLogicalState@2 (line 880)
                      ; - com.jme3.scene.Node::updateLogicalState@2 (line 231)
                      ; - com.jme3.app.SimpleApplication::update@117 (line 262)
                      ; - com.jme3.system.lwjgl.LwjglWindow::runLoop@37 (line 530)
  0x0000027d46de5abc: a0e8 60ff 

  0x0000027d46de5ac0: ;   {other}
  0x0000027d46de5ac0: 0f1f 8400 | 384d 008a | baf4 ffff | ff48 8b6c | 2428 4489 | 5c24 2044 | 8944 2428 

  0x0000027d46de5adc: ;   {runtime_call UncommonTrapBlob}
  0x0000027d46de5adc: c5f8 77e8 

  0x0000027d46de5ae0: ; ImmutableOopMap {rbp=Oop [40]=NarrowOop }
                      ;*checkcast {reexecute=0 rethrow=0 return_oop=0}
                      ; - com.jme3.system.AppSettings::getInteger@5 (line 485)
                      ; - com.jme3.system.AppSettings::getFrameRate@3 (line 917)
                      ; - com.jme3.system.lwjgl.LwjglWindow::runLoop@120 (line 553)
  0x0000027d46de5ae0: 7ce8 60ff 

  0x0000027d46de5ae4: ;   {other}
  0x0000027d46de5ae4: 0f1f 8400 | 5c4d 008b | ba45 ffff | ff4c 8b54 | 2428 4c89 | 5424 2044 | 895c 2428 | 4489 4424 
  0x0000027d46de5b04: 3044 8944 | 2434 894c | 243c 4489 | 6c24 4044 | 894c 2444 | 897c 2448 

  0x0000027d46de5b1c: ;   {runtime_call UncommonTrapBlob}
  0x0000027d46de5b1c: c5f8 77e8 

  0x0000027d46de5b20: ; ImmutableOopMap {rbp=NarrowOop [32]=Oop [48]=NarrowOop [52]=NarrowOop [60]=NarrowOop [64]=NarrowOop }
                      ;*ifeq {reexecute=1 rethrow=0 return_oop=0}
                      ; - (reexecute) java.util.HashMap::getNode@85 (line 582)
                      ; - java.util.HashMap::get@2 (line 565)
                      ; - com.jme3.system.AppSettings::getInteger@2 (line 485)
                      ; - com.jme3.system.AppSettings::getFrameRate@3 (line 917)
                      ; - com.jme3.system.lwjgl.LwjglWindow::runLoop@120 (line 553)
  0x0000027d46de5b20: 3ce8 60ff 

  0x0000027d46de5b24: ;   {other}
  0x0000027d46de5b24: 0f1f 8400 | 9c4d 008c | bae4 ffff | ff4c 8b44 | 2428 4c89 | 4424 204c | 8b44 2438 | 4c89 4424 
  0x0000027d46de5b44: 30c5 fa10 | 4c24 40c5 | fa11 4c24 | 384c 8b44 | 2450 4c89 | 4424 4044 | 895c 243c | 4489 5424 
  0x0000027d46de5b64: 4c89 7424 | 5089 5c24 | 5444 894c | 2458 6690 

  0x0000027d46de5b74: ;   {runtime_call UncommonTrapBlob}
  0x0000027d46de5b74: c5f8 77e8 

  0x0000027d46de5b78: ; ImmutableOopMap {[32]=Oop [48]=Oop [76]=NarrowOop [80]=NarrowOop [84]=NarrowOop [88]=NarrowOop }
                      ;*aaload {reexecute=0 rethrow=0 return_oop=0}
                      ; - com.jme3.util.IntMap$IntMapIterator::next@78 (line 278)
                      ; - com.jme3.util.IntMap$IntMapIterator::next@1 (line 228)
                      ; - com.jme3.input.InputManager::invokeUpdateActions@18 (line 210)
                      ; - com.jme3.input.InputManager::update@106 (line 918)
                      ; - com.jme3.app.LegacyApplication::update@91 (line 724)
                      ; - com.jme3.app.SimpleApplication::update@20 (line 246)
                      ; - com.jme3.system.lwjgl.LwjglWindow::runLoop@37 (line 530)
  0x0000027d46de5b78: e4e7 60ff 

  0x0000027d46de5b7c: ;   {other}
  0x0000027d46de5b7c: 0f1f 8400 | f44d 008d | ba45 ffff | ff48 8b6c | 2428 488b | 7c24 3848 | 897c 2428 | c5fa 1044 
  0x0000027d46de5b9c: 2440 c5fa | 1144 2430 | 488b 7c24 | 5048 897c | 2438 4489 | 4424 4044 | 895c 2444 | 4489 5424 
  0x0000027d46de5bbc: 4c89 4c24 | 5089 5c24 | 5444 894c | 2458 6690 

  0x0000027d46de5bcc: ;   {runtime_call UncommonTrapBlob}
  0x0000027d46de5bcc: c5f8 77e8 

  0x0000027d46de5bd0: ; ImmutableOopMap {rbp=Oop [40]=Oop [76]=NarrowOop [84]=NarrowOop [88]=NarrowOop }
                      ;*if_icmplt {reexecute=1 rethrow=0 return_oop=0}
                      ; - (reexecute) com.jme3.util.IntMap$IntMapIterator::next@11 (line 259)
                      ; - com.jme3.util.IntMap$IntMapIterator::next@1 (line 228)
                      ; - com.jme3.input.InputManager::invokeUpdateActions@18 (line 210)
                      ; - com.jme3.input.InputManager::update@106 (line 918)
                      ; - com.jme3.app.LegacyApplication::update@91 (line 724)
                      ; - com.jme3.app.SimpleApplication::update@20 (line 246)
                      ; - com.jme3.system.lwjgl.LwjglWindow::runLoop@37 (line 530)
  0x0000027d46de5bd0: 8ce7 60ff 

  0x0000027d46de5bd4: ;   {other}
  0x0000027d46de5bd4: 0f1f 8400 | 4c4e 008e | ba45 ffff | ff48 8b4c | 2428 4889 | 4c24 2048 | 8b4c 2438 | 4889 4c24 
  0x0000027d46de5bf4: 30c5 fa10 | 4c24 40c5 | fa11 4c24 | 3848 8b4c | 2450 4889 | 4c24 4044 | 8944 243c | 4489 5c24 
  0x0000027d46de5c14: 4844 8954 | 2450 4889 | 4424 5848 | 895c 2460 | 4489 5424 | 7089 7424 | 744c 89ac | 2480 0000 
  0x0000027d46de5c34: 0089 7c24 | 7c44 898c | 2488 0000 | 0066 6690 

  0x0000027d46de5c44: ;   {runtime_call UncommonTrapBlob}
  0x0000027d46de5c44: c5f8 77e8 

  0x0000027d46de5c48: ; ImmutableOopMap {[32]=Oop [48]=Oop [80]=NarrowOop [88]=Oop [112]=NarrowOop [124]=NarrowOop [136]=NarrowOop }
                      ;*ifne {reexecute=1 rethrow=0 return_oop=0}
                      ; - (reexecute) com.jme3.input.InputManager::computeAnalogValue@4 (line 178)
                      ; - com.jme3.input.InputManager::invokeUpdateActions@72 (line 217)
                      ; - com.jme3.input.InputManager::update@106 (line 918)
                      ; - com.jme3.app.LegacyApplication::update@91 (line 724)
                      ; - com.jme3.app.SimpleApplication::update@20 (line 246)
                      ; - com.jme3.system.lwjgl.LwjglWindow::runLoop@37 (line 530)
  0x0000027d46de5c48: 14e7 60ff 

  0x0000027d46de5c4c: ;   {other}
  0x0000027d46de5c4c: 0f1f 8400 | c44e 008f | ba45 ffff | ff4c 8b54 | 2428 4c89 | 5424 2044 | 8b54 2430 | 4489 5424 
  0x0000027d46de5c6c: 2844 8b5c | 2434 4489 | 5c24 3089 | 4424 4c90 

  0x0000027d46de5c7c: ;   {runtime_call UncommonTrapBlob}
  0x0000027d46de5c7c: c5f8 77e8 

  0x0000027d46de5c80: ; ImmutableOopMap {rbp=NarrowOop [32]=Oop [48]=NarrowOop [52]=NarrowOop [56]=NarrowOop [68]=NarrowOop }
                      ;*ifeq {reexecute=1 rethrow=0 return_oop=0}
                      ; - (reexecute) java.util.HashMap::getNode@66 (line 579)
                      ; - java.util.HashMap::get@2 (line 565)
                      ; - com.jme3.system.AppSettings::getInteger@2 (line 485)
                      ; - com.jme3.system.AppSettings::getFrameRate@3 (line 917)
                      ; - com.jme3.system.lwjgl.LwjglWindow::runLoop@120 (line 553)
  0x0000027d46de5c80: dce6 60ff 

  0x0000027d46de5c84: ;   {other}
  0x0000027d46de5c84: 0f1f 8400 | fc4e 0090 | baf4 ffff | ff48 8b6c | 2428 4c8b | 5424 384c | 8954 2420 

  0x0000027d46de5ca0: ;   {runtime_call UncommonTrapBlob}
  0x0000027d46de5ca0: c5f8 77e8 

  0x0000027d46de5ca4: ; ImmutableOopMap {rbp=Oop [32]=Oop [64]=NarrowOop [68]=NarrowOop [72]=NarrowOop }
                      ;*checkcast {reexecute=0 rethrow=0 return_oop=0}
                      ; - com.jme3.app.state.AppStateManager::getStates@14 (line 127)
                      ; - com.jme3.app.state.AppStateManager::render@1 (line 366)
                      ; - com.jme3.app.SimpleApplication::update@161 (line 269)
                      ; - com.jme3.system.lwjgl.LwjglWindow::runLoop@37 (line 530)
  0x0000027d46de5ca4: b8e6 60ff 

  0x0000027d46de5ca8: ;   {other}
  0x0000027d46de5ca8: 0f1f 8400 | 204f 0091 | baf4 ffff | ff48 8b6c | 2428 4c8b | 5424 384c | 8954 2420 

  0x0000027d46de5cc4: ;   {runtime_call UncommonTrapBlob}
  0x0000027d46de5cc4: c5f8 77e8 

  0x0000027d46de5cc8: ; ImmutableOopMap {rbp=Oop [32]=Oop [64]=NarrowOop [68]=NarrowOop }
                      ;*checkcast {reexecute=0 rethrow=0 return_oop=0}
                      ; - com.jme3.app.state.AppStateManager::getStates@14 (line 127)
                      ; - com.jme3.app.state.AppStateManager::postRender@1 (line 378)
                      ; - com.jme3.app.SimpleApplication::update@212 (line 274)
                      ; - com.jme3.system.lwjgl.LwjglWindow::runLoop@37 (line 530)
  0x0000027d46de5cc8: 94e6 60ff 

  0x0000027d46de5ccc: ;   {other}
  0x0000027d46de5ccc: 0f1f 8400 | 444f 0092 | baf4 ffff | ff48 8b6c | 2428 c5fa | 104c 2458 | c5f8 28c1 | c5fa 1144 
  0x0000027d46de5cec: 242c c5fa | 1144 2440 

  0x0000027d46de5cf4: ;   {runtime_call UncommonTrapBlob}
  0x0000027d46de5cf4: c5f8 77e8 

  0x0000027d46de5cf8: ; ImmutableOopMap {rbp=Oop [32]=Oop [72]=Oop }
                      ;*checkcast {reexecute=0 rethrow=0 return_oop=0}
                      ; - com.jme3.scene.Spatial::runControlUpdate@18 (line 736)
                      ; - com.jme3.scene.Spatial::updateLogicalState@2 (line 880)
                      ; - com.jme3.scene.Node::updateLogicalState@2 (line 231)
                      ; - com.jme3.app.SimpleApplication::update@109 (line 261)
                      ; - com.jme3.system.lwjgl.LwjglWindow::runLoop@37 (line 530)
  0x0000027d46de5cf8: 64e6 60ff 

  0x0000027d46de5cfc: ;   {other}
  0x0000027d46de5cfc: 0f1f 8400 | 744f 0093 | baf4 ffff | ff48 8b6c | 2428 c5fa | 104c 2458 | c5f8 28c1 | c5fa 1144 
  0x0000027d46de5d1c: 242c c5fa | 1144 2440 

  0x0000027d46de5d24: ;   {runtime_call UncommonTrapBlob}
  0x0000027d46de5d24: c5f8 77e8 

  0x0000027d46de5d28: ; ImmutableOopMap {rbp=Oop [32]=Oop [72]=Oop }
                      ;*checkcast {reexecute=0 rethrow=0 return_oop=0}
                      ; - com.jme3.scene.Spatial::runControlUpdate@18 (line 736)
                      ; - com.jme3.scene.Spatial::updateLogicalState@2 (line 880)
                      ; - com.jme3.scene.Node::updateLogicalState@2 (line 231)
                      ; - com.jme3.app.SimpleApplication::update@117 (line 262)
                      ; - com.jme3.system.lwjgl.LwjglWindow::runLoop@37 (line 530)
  0x0000027d46de5d28: 34e6 60ff 

  0x0000027d46de5d2c: ;   {other}
  0x0000027d46de5d2c: 0f1f 8400 | a44f 0094 | baf6 ffff | ff48 8b6c | 2428 c5fa | 1044 244c | c5fa 1144 | 242c 6690 
  0x0000027d46de5d4c: ;   {runtime_call UncommonTrapBlob}
  0x0000027d46de5d4c: c5f8 77e8 

  0x0000027d46de5d50: ; ImmutableOopMap {rbp=Oop [56]=Oop [96]=Oop }
                      ;*invokevirtual getArray {reexecute=0 rethrow=0 return_oop=0}
                      ; - com.jme3.scene.Node::updateLogicalState@17 (line 241)
                      ; - com.jme3.app.SimpleApplication::update@109 (line 261)
                      ; - com.jme3.system.lwjgl.LwjglWindow::runLoop@37 (line 530)
  0x0000027d46de5d50: 0ce6 60ff 

  0x0000027d46de5d54: ;   {other}
  0x0000027d46de5d54: 0f1f 8400 | cc4f 0095 | baf6 ffff | ff48 8b6c | 2428 c5fa | 104c 244c | c5f8 28c1 | c5fa 1144 
  0x0000027d46de5d74: 242c 6690 

  0x0000027d46de5d78: ;   {runtime_call UncommonTrapBlob}
  0x0000027d46de5d78: c5f8 77e8 

  0x0000027d46de5d7c: ; ImmutableOopMap {rbp=Oop [56]=Oop [96]=Oop }
                      ;*invokevirtual getArray {reexecute=0 rethrow=0 return_oop=0}
                      ; - com.jme3.scene.Node::updateLogicalState@17 (line 241)
                      ; - com.jme3.app.SimpleApplication::update@117 (line 262)
                      ; - com.jme3.system.lwjgl.LwjglWindow::runLoop@37 (line 530)
  0x0000027d46de5d7c: e0e5 60ff 

  0x0000027d46de5d80: ;   {other}
  0x0000027d46de5d80: 0f1f 8400 | f84f 0096 | ba76 ffff | ff4c 8b44 | 2438 4c89 | 4424 20c5 | fa10 4424 | 44c5 fa11 
  0x0000027d46de5da0: 4424 2c4c | 8954 2438 | 4489 5c24 | 4466 6690 

  0x0000027d46de5db0: ;   {runtime_call UncommonTrapBlob}
  0x0000027d46de5db0: c5f8 77e8 

  0x0000027d46de5db4: ; ImmutableOopMap {rbp=Oop [32]=Oop [56]=Oop [96]=Oop }
                      ;*if_icmpge {reexecute=1 rethrow=0 return_oop=0}
                      ; - (reexecute) com.jme3.scene.Node::updateLogicalState@33 (line 241)
                      ; - com.jme3.app.SimpleApplication::update@109 (line 261)
                      ; - com.jme3.system.lwjgl.LwjglWindow::runLoop@37 (line 530)
  0x0000027d46de5db4: a8e5 60ff 

  0x0000027d46de5db8: ;   {other}
  0x0000027d46de5db8: 0f1f 8400 | 3050 0097 | ba76 ffff | ff4c 8b44 | 2438 4c89 | 4424 20c5 | fa10 4424 | 44c5 fa11 
  0x0000027d46de5dd8: 4424 2c4c | 8954 2438 | 4489 5c24 | 4466 6690 

  0x0000027d46de5de8: ;   {runtime_call UncommonTrapBlob}
  0x0000027d46de5de8: c5f8 77e8 

  0x0000027d46de5dec: ; ImmutableOopMap {rbp=Oop [32]=Oop [56]=Oop [96]=Oop }
                      ;*if_icmpge {reexecute=1 rethrow=0 return_oop=0}
                      ; - (reexecute) com.jme3.scene.Node::updateLogicalState@33 (line 241)
                      ; - com.jme3.app.SimpleApplication::update@117 (line 262)
                      ; - com.jme3.system.lwjgl.LwjglWindow::runLoop@37 (line 530)
  0x0000027d46de5dec: 70e5 60ff 

  0x0000027d46de5df0: ;   {other}
  0x0000027d46de5df0: 0f1f 8400 | 6850 0098 | bade ffff | ff4c 8b5c | 2428 4c89 | 5c24 2048 | 897c 2428 | 4489 6c24 
  0x0000027d46de5e10: 3489 7424 | 3c44 8954 | 2444 4489 | 4c24 4c44 | 894c 2450 

  0x0000027d46de5e24: ;   {runtime_call UncommonTrapBlob}
  0x0000027d46de5e24: c5f8 77e8 

  0x0000027d46de5e28: ; ImmutableOopMap {rbp=NarrowOop [32]=Oop [40]=Oop [52]=NarrowOop [60]=NarrowOop [68]=NarrowOop [76]=NarrowOop [80]=NarrowOop }
                      ;*invokeinterface size {reexecute=0 rethrow=0 return_oop=0}
                      ; - com.jme3.util.SafeArrayList::getArray@41 (line 148)
                      ; - com.jme3.app.state.AppStateManager::getStates@11 (line 127)
                      ; - com.jme3.app.state.AppStateManager::render@1 (line 366)
                      ; - com.jme3.app.SimpleApplication::update@161 (line 269)
                      ; - com.jme3.system.lwjgl.LwjglWindow::runLoop@37 (line 530)
  0x0000027d46de5e28: 34e5 60ff 

  0x0000027d46de5e2c: ;   {other}
  0x0000027d46de5e2c: 0f1f 8400 | a450 0099 | bade ffff | ff4c 8b5c | 2428 4c89 | 5c24 2048 | 8974 2428 | 897c 2438 
  0x0000027d46de5e4c: 4489 5424 | 4089 4c24 | 4889 4c24 | 4c66 6690 

  0x0000027d46de5e5c: ;   {runtime_call UncommonTrapBlob}
  0x0000027d46de5e5c: c5f8 77e8 

  0x0000027d46de5e60: ; ImmutableOopMap {rbp=NarrowOop [32]=Oop [40]=Oop [56]=NarrowOop [64]=NarrowOop [72]=NarrowOop [76]=NarrowOop }
                      ;*invokeinterface size {reexecute=0 rethrow=0 return_oop=0}
                      ; - com.jme3.util.SafeArrayList::getArray@41 (line 148)
                      ; - com.jme3.app.state.AppStateManager::getStates@11 (line 127)
                      ; - com.jme3.app.state.AppStateManager::postRender@1 (line 378)
                      ; - com.jme3.app.SimpleApplication::update@212 (line 274)
                      ; - com.jme3.system.lwjgl.LwjglWindow::runLoop@37 (line 530)
  0x0000027d46de5e60: fce4 60ff 

  0x0000027d46de5e64: ;   {other}
  0x0000027d46de5e64: 0f1f 8400 | dc50 009a | ba45 ffff | ff4c 8b54 | 2428 4c89 | 5424 2044 | 8b54 2430 | 4489 5424 
  0x0000027d46de5e84: 2844 8b5c | 2434 4489 | 5c24 3089 | 4424 4c90 

  0x0000027d46de5e94: ;   {runtime_call UncommonTrapBlob}
  0x0000027d46de5e94: c5f8 77e8 

  0x0000027d46de5e98: ; ImmutableOopMap {rbp=NarrowOop [32]=Oop [48]=NarrowOop [52]=NarrowOop [56]=NarrowOop [68]=NarrowOop [88]=Oop }
                      ;*ifeq {reexecute=1 rethrow=0 return_oop=0}
                      ; - (reexecute) java.util.HashMap::getNode@131 (line 586)
                      ; - java.util.HashMap::get@2 (line 565)
                      ; - com.jme3.system.AppSettings::getInteger@2 (line 485)
                      ; - com.jme3.system.AppSettings::getFrameRate@3 (line 917)
                      ; - com.jme3.system.lwjgl.LwjglWindow::runLoop@120 (line 553)
  0x0000027d46de5e98: c4e4 60ff 

  0x0000027d46de5e9c: ;   {other}
  0x0000027d46de5e9c: 0f1f 8400 | 1451 009b | bade ffff | ff4c 8b54 | 2428 4c89 | 5424 204c | 8b54 2438 | 4c89 5424 
  0x0000027d46de5ebc: 28c5 fa10 | 4c24 584c | 8b54 2460 | c5f8 28c1 | c5fa 1144 | 2434 4c89 | 5424 40c5 | fa11 4424 
  0x0000027d46de5edc: 484c 8954 | 2450 4489 | 4c24 5c44 | 894c 2460 

  0x0000027d46de5eec: ;   {runtime_call UncommonTrapBlob}
  0x0000027d46de5eec: c5f8 77e8 

  0x0000027d46de5ef0: ; ImmutableOopMap {rbp=NarrowOop [32]=Oop [40]=Oop [64]=Oop [80]=Oop [92]=NarrowOop [96]=NarrowOop }
                      ;*invokeinterface size {reexecute=0 rethrow=0 return_oop=0}
                      ; - com.jme3.util.SafeArrayList::getArray@41 (line 148)
                      ; - com.jme3.scene.Spatial::runControlUpdate@15 (line 736)
                      ; - com.jme3.scene.Spatial::updateLogicalState@2 (line 880)
                      ; - com.jme3.scene.Node::updateLogicalState@2 (line 231)
                      ; - com.jme3.app.SimpleApplication::update@109 (line 261)
                      ; - com.jme3.system.lwjgl.LwjglWindow::runLoop@37 (line 530)
  0x0000027d46de5ef0: 6ce4 60ff 

  0x0000027d46de5ef4: ;   {other}
  0x0000027d46de5ef4: 0f1f 8400 | 6c51 009c | bade ffff | ff4c 8b54 | 2428 4c89 | 5424 204c | 8b54 2438 | 4c89 5424 
  0x0000027d46de5f14: 28c5 fa10 | 4c24 584c | 8b54 2460 | c5f8 28c1 | c5fa 1144 | 2434 4c89 | 5424 40c5 | fa11 4424 
  0x0000027d46de5f34: 484c 8954 | 2450 894c | 245c 894c | 2460 6690 

  0x0000027d46de5f44: ;   {runtime_call UncommonTrapBlob}
  0x0000027d46de5f44: c5f8 77e8 

  0x0000027d46de5f48: ; ImmutableOopMap {rbp=NarrowOop [32]=Oop [40]=Oop [64]=Oop [80]=Oop [92]=NarrowOop [96]=NarrowOop }
                      ;*invokeinterface size {reexecute=0 rethrow=0 return_oop=0}
                      ; - com.jme3.util.SafeArrayList::getArray@41 (line 148)
                      ; - com.jme3.scene.Spatial::runControlUpdate@15 (line 736)
                      ; - com.jme3.scene.Spatial::updateLogicalState@2 (line 880)
                      ; - com.jme3.scene.Node::updateLogicalState@2 (line 231)
                      ; - com.jme3.app.SimpleApplication::update@117 (line 262)
                      ; - com.jme3.system.lwjgl.LwjglWindow::runLoop@37 (line 530)
  0x0000027d46de5f48: 14e4 60ff 

  0x0000027d46de5f4c: ;   {other}
  0x0000027d46de5f4c: 0f1f 8400 | c451 009d | bae4 ffff | ff48 8b6c | 2428 488b | 5c24 3848 | 895c 2428 | c5fa 104c 
  0x0000027d46de5f6c: 2440 c5fa | 114c 2430 | 4889 4424 | 3844 8954 | 2434 4c89 | 5c24 4044 | 894c 2448 | 4889 4c24 
  0x0000027d46de5f8c: 5889 7424 | 6444 8944 | 2468 8974 | 246c 4489 | 4424 7090 

  0x0000027d46de5fa0: ;   {runtime_call UncommonTrapBlob}
  0x0000027d46de5fa0: c5f8 77e8 

  0x0000027d46de5fa4: ; ImmutableOopMap {rbp=Oop [40]=Oop [52]=NarrowOop [64]=Oop [72]=NarrowOop [88]=Oop [100]=NarrowOop [108]=NarrowOop }
                      ;*aaload {reexecute=0 rethrow=0 return_oop=0}
                      ; - java.util.ArrayDeque::elementAt@2 (line 259)
                      ; - java.util.ArrayDeque::pollFirst@12 (line 379)
                      ; - java.util.ArrayDeque::poll@1 (line 537)
                      ; - com.jme3.input.lwjgl.GlfwMouseInput::update@122 (line 298)
                      ; - com.jme3.input.InputManager::update@59 (line 907)
                      ; - com.jme3.app.LegacyApplication::update@91 (line 724)
                      ; - com.jme3.app.SimpleApplication::update@20 (line 246)
                      ; - com.jme3.system.lwjgl.LwjglWindow::runLoop@37 (line 530)
  0x0000027d46de5fa4: b8e3 60ff 

  0x0000027d46de5fa8: ;   {other}
  0x0000027d46de5fa8: 0f1f 8400 | 2052 009e | bae4 ffff | ff48 8b6c | 2428 488b | 7c24 3848 | 897c 2428 | c5fa 104c 
  0x0000027d46de5fc8: 2440 c5fa | 114c 2430 | 4889 4424 | 3844 8954 | 2434 4c89 | 5c24 4044 | 894c 2448 | 4889 4c24 
  0x0000027d46de5fe8: 5889 5c24 | 6444 8944 | 2468 895c | 246c 4489 | 4424 7090 

  0x0000027d46de5ffc: ;   {runtime_call UncommonTrapBlob}
  0x0000027d46de5ffc: c5f8 77e8 

  0x0000027d46de6000: ; ImmutableOopMap {rbp=Oop [40]=Oop [52]=NarrowOop [64]=Oop [72]=NarrowOop [88]=Oop [100]=NarrowOop [108]=NarrowOop }
                      ;*aaload {reexecute=0 rethrow=0 return_oop=0}
                      ; - java.util.ArrayDeque::elementAt@2 (line 259)
                      ; - java.util.ArrayDeque::pollFirst@12 (line 379)
                      ; - java.util.ArrayDeque::poll@1 (line 537)
                      ; - com.jme3.input.lwjgl.GlfwKeyInput::update@31 (line 161)
                      ; - com.jme3.input.InputManager::update@50 (line 906)
                      ; - com.jme3.app.LegacyApplication::update@91 (line 724)
                      ; - com.jme3.app.SimpleApplication::update@20 (line 246)
                      ; - com.jme3.system.lwjgl.LwjglWindow::runLoop@37 (line 530)
  0x0000027d46de6000: 5ce3 60ff 

  0x0000027d46de6004: ;   {other}
  0x0000027d46de6004: 0f1f 8400 | 7c52 009f | c4c1 797e | c1ba f6ff | ffff 488b | 5c24 2848 | 895c 2420 | 488b 5c24 
  0x0000027d46de6024: 3848 895c | 2430 c5fa | 1044 2440 | c5fa 1144 | 2438 4889 | 4424 4044 | 8954 243c | 4c89 5c24 
  0x0000027d46de6044: 4848 894c | 2450 c5fa | 1154 2458 | 4489 4c24 | 5c66 6690 

  0x0000027d46de6058: ;   {runtime_call UncommonTrapBlob}
  0x0000027d46de6058: c5f8 77e8 

  0x0000027d46de605c: ; ImmutableOopMap {rbp=Oop [32]=Oop [48]=Oop [60]=NarrowOop [72]=Oop [80]=Oop }
                      ;*invokevirtual set {reexecute=0 rethrow=0 return_oop=0}
                      ; - com.jme3.input.InputManager::onMouseMotionEvent@14 (line 440)
                      ; - com.jme3.input.lwjgl.GlfwMouseInput::update@130 (line 298)
                      ; - com.jme3.input.InputManager::update@59 (line 907)
                      ; - com.jme3.app.LegacyApplication::update@91 (line 724)
                      ; - com.jme3.app.SimpleApplication::update@20 (line 246)
                      ; - com.jme3.system.lwjgl.LwjglWindow::runLoop@37 (line 530)
  0x0000027d46de605c: 00e3 60ff 

  0x0000027d46de6060: ;   {other}
  0x0000027d46de6060: 0f1f 8400 | d852 00a0 | bae4 ffff | ff48 8b6c | 2428 488b | 5c24 3848 | 895c 2428 | c5fa 104c 
  0x0000027d46de6080: 2440 c5fa | 114c 2430 | 4889 4424 | 3844 8954 | 2434 4c89 | 5c24 4044 | 894c 2448 | 4889 4c24 
  0x0000027d46de60a0: 5889 7c24 | 6444 8944 | 2468 897c | 246c 4489 | 4424 7090 

  0x0000027d46de60b4: ;   {runtime_call UncommonTrapBlob}
  0x0000027d46de60b4: c5f8 77e8 

  0x0000027d46de60b8: ; ImmutableOopMap {rbp=Oop [40]=Oop [52]=NarrowOop [64]=Oop [72]=NarrowOop [88]=Oop [100]=NarrowOop [108]=NarrowOop }
                      ;*aaload {reexecute=0 rethrow=0 return_oop=0}
                      ; - java.util.ArrayDeque::elementAt@2 (line 259)
                      ; - java.util.ArrayDeque::pollFirst@12 (line 379)
                      ; - java.util.ArrayDeque::poll@1 (line 537)
                      ; - com.jme3.input.lwjgl.GlfwMouseInput::update@158 (line 302)
                      ; - com.jme3.input.InputManager::update@59 (line 907)
                      ; - com.jme3.app.LegacyApplication::update@91 (line 724)
                      ; - com.jme3.app.SimpleApplication::update@20 (line 246)
                      ; - com.jme3.system.lwjgl.LwjglWindow::runLoop@37 (line 530)
  0x0000027d46de60b8: a4e2 60ff 

  0x0000027d46de60bc: ;   {other}
  0x0000027d46de60bc: 0f1f 8400 | 3453 00a1 | bade ffff | ff48 8b6c | 2428 4c8b | 4424 384c | 8944 2428 | c5fa 104c 
  0x0000027d46de60dc: 2440 c5fa | 114c 2430 | 4889 4424 | 3844 8954 | 2434 4c89 | 5c24 4044 | 894c 2448 | 895c 244c 
  0x0000027d46de60fc: ;   {runtime_call UncommonTrapBlob}
  0x0000027d46de60fc: c5f8 77e8 

  0x0000027d46de6100: ; ImmutableOopMap {rbp=Oop [40]=Oop [52]=NarrowOop [64]=Oop [72]=NarrowOop [76]=NarrowOop }
                      ;*invokeinterface poll {reexecute=0 rethrow=0 return_oop=0}
                      ; - com.jme3.input.lwjgl.GlfwMouseInput::update@122 (line 298)
                      ; - com.jme3.input.InputManager::update@59 (line 907)
                      ; - com.jme3.app.LegacyApplication::update@91 (line 724)
                      ; - com.jme3.app.SimpleApplication::update@20 (line 246)
                      ; - com.jme3.system.lwjgl.LwjglWindow::runLoop@37 (line 530)
  0x0000027d46de6100: 5ce2 60ff 

  0x0000027d46de6104: ;   {other}
  0x0000027d46de6104: 0f1f 8400 | 7c53 00a2 | bade ffff | ff48 8b6c | 2428 4c8b | 4424 384c | 8944 2428 | c5fa 104c 
  0x0000027d46de6124: 2440 c5fa | 114c 2430 | 4889 4424 | 3844 8954 | 2434 4c89 | 5c24 4044 | 894c 2448 | 894c 244c 
  0x0000027d46de6144: ;   {runtime_call UncommonTrapBlob}
  0x0000027d46de6144: c5f8 77e8 

  0x0000027d46de6148: ; ImmutableOopMap {rbp=Oop [40]=Oop [52]=NarrowOop [64]=Oop [72]=NarrowOop [76]=NarrowOop }
                      ;*invokeinterface poll {reexecute=0 rethrow=0 return_oop=0}
                      ; - com.jme3.input.lwjgl.GlfwKeyInput::update@31 (line 161)
                      ; - com.jme3.input.InputManager::update@50 (line 906)
                      ; - com.jme3.app.LegacyApplication::update@91 (line 724)
                      ; - com.jme3.app.SimpleApplication::update@20 (line 246)
                      ; - com.jme3.system.lwjgl.LwjglWindow::runLoop@37 (line 530)
  0x0000027d46de6148: 14e2 60ff 

  0x0000027d46de614c: ;   {other}
  0x0000027d46de614c: 0f1f 8400 | c453 00a3 | bade ffff | ff48 8b6c | 2428 4c8b | 4424 384c | 8944 2428 | c5fa 104c 
  0x0000027d46de616c: 2440 c5fa | 114c 2430 | 4889 4424 | 3844 8954 | 2434 4c89 | 5c24 4044 | 894c 2448 | 4889 4c24 
  0x0000027d46de618c: 5066 6690 

  0x0000027d46de6190: ;   {runtime_call UncommonTrapBlob}
  0x0000027d46de6190: c5f8 77e8 

  0x0000027d46de6194: ; ImmutableOopMap {rbp=Oop [40]=Oop [52]=NarrowOop [64]=Oop [72]=NarrowOop [80]=Oop }
                      ;*invokeinterface onMouseMotionEvent {reexecute=0 rethrow=0 return_oop=0}
                      ; - com.jme3.input.lwjgl.GlfwMouseInput::update@130 (line 298)
                      ; - com.jme3.input.InputManager::update@59 (line 907)
                      ; - com.jme3.app.LegacyApplication::update@91 (line 724)
                      ; - com.jme3.app.SimpleApplication::update@20 (line 246)
                      ; - com.jme3.system.lwjgl.LwjglWindow::runLoop@37 (line 530)
  0x0000027d46de6194: c8e1 60ff 

  0x0000027d46de6198: ;   {other}
  0x0000027d46de6198: 0f1f 8400 | 1054 00a4 | bade ffff | ff48 8b6c | 2428 488b | 4c24 3848 | 894c 2428 | c5fa 104c 
  0x0000027d46de61b8: 2440 c5fa | 114c 2430 | 4889 4424 | 3844 8954 | 2434 4c89 | 5c24 4044 | 894c 2448 | 4c89 4424 
  0x0000027d46de61d8: 5066 6690 

  0x0000027d46de61dc: ;   {runtime_call UncommonTrapBlob}
  0x0000027d46de61dc: c5f8 77e8 

  0x0000027d46de61e0: ; ImmutableOopMap {rbp=Oop [40]=Oop [52]=NarrowOop [64]=Oop [72]=NarrowOop [80]=Oop }
                      ;*invokeinterface onKeyEvent {reexecute=0 rethrow=0 return_oop=0}
                      ; - com.jme3.input.lwjgl.GlfwKeyInput::update@39 (line 161)
                      ; - com.jme3.input.InputManager::update@50 (line 906)
                      ; - com.jme3.app.LegacyApplication::update@91 (line 724)
                      ; - com.jme3.app.SimpleApplication::update@20 (line 246)
                      ; - com.jme3.system.lwjgl.LwjglWindow::runLoop@37 (line 530)
  0x0000027d46de61e0: 7ce1 60ff 

  0x0000027d46de61e4: ;   {other}
  0x0000027d46de61e4: 0f1f 8400 | 5c54 00a5 | bade ffff | ff48 8b6c | 2428 4c8b | 4424 384c | 8944 2428 | c5fa 104c 
  0x0000027d46de6204: 2440 c5fa | 114c 2430 | 4889 4424 | 3844 8954 | 2434 4c89 | 5c24 4044 | 894c 2448 | 894c 244c 
  0x0000027d46de6224: ;   {runtime_call UncommonTrapBlob}
  0x0000027d46de6224: c5f8 77e8 

  0x0000027d46de6228: ; ImmutableOopMap {rbp=Oop [40]=Oop [52]=NarrowOop [64]=Oop [72]=NarrowOop [76]=NarrowOop }
                      ;*invokeinterface poll {reexecute=0 rethrow=0 return_oop=0}
                      ; - com.jme3.input.lwjgl.GlfwMouseInput::update@158 (line 302)
                      ; - com.jme3.input.InputManager::update@59 (line 907)
                      ; - com.jme3.app.LegacyApplication::update@91 (line 724)
                      ; - com.jme3.app.SimpleApplication::update@20 (line 246)
                      ; - com.jme3.system.lwjgl.LwjglWindow::runLoop@37 (line 530)
  0x0000027d46de6228: 34e1 60ff 

  0x0000027d46de622c: ;   {other}
  0x0000027d46de622c: 0f1f 8400 | a454 00a6 | bade ffff | ff48 8b6c | 2428 488b | 4c24 3848 | 894c 2428 | c5fa 104c 
  0x0000027d46de624c: 2440 c5fa | 114c 2430 | 4889 4424 | 3844 8954 | 2434 4c89 | 5c24 4044 | 894c 2448 | 4c89 4424 
  0x0000027d46de626c: 5066 6690 

  0x0000027d46de6270: ;   {runtime_call UncommonTrapBlob}
  0x0000027d46de6270: c5f8 77e8 

  0x0000027d46de6274: ; ImmutableOopMap {rbp=Oop [40]=Oop [52]=NarrowOop [64]=Oop [72]=NarrowOop [80]=Oop }
                      ;*invokeinterface onMouseButtonEvent {reexecute=0 rethrow=0 return_oop=0}
                      ; - com.jme3.input.lwjgl.GlfwMouseInput::update@166 (line 302)
                      ; - com.jme3.input.InputManager::update@59 (line 907)
                      ; - com.jme3.app.LegacyApplication::update@91 (line 724)
                      ; - com.jme3.app.SimpleApplication::update@20 (line 246)
                      ; - com.jme3.system.lwjgl.LwjglWindow::runLoop@37 (line 530)
  0x0000027d46de6274: e8e0 60ff 

  0x0000027d46de6278: ;   {other}
  0x0000027d46de6278: 0f1f 8400 | f054 00a7 | bade ffff | ff48 8b6c | 2428 4c8b | 5424 384c | 8954 2428 | c5fa 1044 
  0x0000027d46de6298: 2440 c5fa | 1144 2430 | 448b 5424 | 4444 8954 | 2434 4c89 | 5c24 4089 | 4c24 4890 

  0x0000027d46de62b4: ;   {runtime_call UncommonTrapBlob}
  0x0000027d46de62b4: c5f8 77e8 

  0x0000027d46de62b8: ; ImmutableOopMap {rbp=Oop [40]=Oop [52]=NarrowOop [64]=Oop [72]=NarrowOop }
                      ;*invokeinterface isEmpty {reexecute=0 rethrow=0 return_oop=0}
                      ; - com.jme3.input.lwjgl.GlfwKeyInput::update@15 (line 160)
                      ; - com.jme3.input.InputManager::update@50 (line 906)
                      ; - com.jme3.app.LegacyApplication::update@91 (line 724)
                      ; - com.jme3.app.SimpleApplication::update@20 (line 246)
                      ; - com.jme3.system.lwjgl.LwjglWindow::runLoop@37 (line 530)
  0x0000027d46de62b8: a4e0 60ff 

  0x0000027d46de62bc: ;   {other}
  0x0000027d46de62bc: 0f1f 8400 | 3455 00a8 | bade ffff | ff48 8b6c | 2428 4c8b | 5424 384c | 8954 2428 | c5fa 1044 
  0x0000027d46de62dc: 2440 c5fa | 1144 2430 | 448b 5424 | 4444 8954 | 2434 4c89 | 5c24 4089 | 4c24 4890 

  0x0000027d46de62f8: ;   {runtime_call UncommonTrapBlob}
  0x0000027d46de62f8: c5f8 77e8 

  0x0000027d46de62fc: ; ImmutableOopMap {rbp=Oop [40]=Oop [52]=NarrowOop [64]=Oop [72]=NarrowOop }
                      ;*invokeinterface isEmpty {reexecute=0 rethrow=0 return_oop=0}
                      ; - com.jme3.input.lwjgl.GlfwMouseInput::update@142 (line 301)
                      ; - com.jme3.input.InputManager::update@59 (line 907)
                      ; - com.jme3.app.LegacyApplication::update@91 (line 724)
                      ; - com.jme3.app.SimpleApplication::update@20 (line 246)
                      ; - com.jme3.system.lwjgl.LwjglWindow::runLoop@37 (line 530)
  0x0000027d46de62fc: 60e0 60ff 

  0x0000027d46de6300: ;   {other}
  0x0000027d46de6300: 0f1f 8400 | 7855 00a9 | bade ffff | ff48 8b6c | 2428 4c8b | 5424 384c | 8954 2428 | c5fa 104c 
  0x0000027d46de6320: 2440 c5fa | 114c 2430 | 895c 2448 

  0x0000027d46de632c: ;   {runtime_call UncommonTrapBlob}
  0x0000027d46de632c: c5f8 77e8 

  0x0000027d46de6330: ; ImmutableOopMap {rbp=Oop [40]=Oop [72]=NarrowOop [80]=NarrowOop [96]=Oop }
                      ;*invokeinterface isEmpty {reexecute=0 rethrow=0 return_oop=0}
                      ; - com.jme3.input.lwjgl.GlfwMouseInput::update@106 (line 297)
                      ; - com.jme3.input.InputManager::update@59 (line 907)
                      ; - com.jme3.app.LegacyApplication::update@91 (line 724)
                      ; - com.jme3.app.SimpleApplication::update@20 (line 246)
                      ; - com.jme3.system.lwjgl.LwjglWindow::runLoop@37 (line 530)
  0x0000027d46de6330: 2ce0 60ff 

  0x0000027d46de6334: ;   {other}
  0x0000027d46de6334: 0f1f 8400 | ac55 00aa | baf6 ffff | ff4c 8b54 | 2428 4c89 | 5424 204c | 8b54 2438 | 4c89 5424 
  0x0000027d46de6354: 30c5 fa10 | 4c24 40c5 | fa11 4c24 | 384c 8b54 | 2458 4c89 | 5424 4044 | 8b54 2450 | 4489 5424 
  0x0000027d46de6374: 3c4c 8b54 | 2468 4c89 | 5424 5890 

  0x0000027d46de6380: ;   {runtime_call UncommonTrapBlob}
  0x0000027d46de6380: c5f8 77e8 

  0x0000027d46de6384: ; ImmutableOopMap {rbp=Oop [32]=Oop [48]=Oop [60]=NarrowOop [88]=Oop [96]=Oop [104]=Oop }
                      ;*invokevirtual add {reexecute=0 rethrow=0 return_oop=0}
                      ; - com.jme3.input.InputManager::onMouseMotionEvent@30 (line 442)
                      ; - com.jme3.input.lwjgl.GlfwMouseInput::update@130 (line 298)
                      ; - com.jme3.input.InputManager::update@59 (line 907)
                      ; - com.jme3.app.LegacyApplication::update@91 (line 724)
                      ; - com.jme3.app.SimpleApplication::update@20 (line 246)
                      ; - com.jme3.system.lwjgl.LwjglWindow::runLoop@37 (line 530)
  0x0000027d46de6384: d8df 60ff 

  0x0000027d46de6388: ;   {other}
  0x0000027d46de6388: 0f1f 8400 | 0056 00ab | 418b fb49 | 8bd7 c5f8 | 7749 bae0 | 0769 57f9 | 7f00 0041 

  0x0000027d46de63a4: ;   {other}
  0x0000027d46de63a4: ffd2 0f1f | 8400 0000 | 0000 448b | dfe9 46cc | ffff 418b | f349 8bd7 | c5f8 7749 | bae0 0769 
  0x0000027d46de63c4: 57f9 7f00 | 0041 ffd2 

  0x0000027d46de63cc: ;   {other}
  0x0000027d46de63cc: 0f1f 8400 | 0000 0000 | 448b dee9 | d3cb ffff | 498b d7c5 | f877 49ba | e007 6957 | f97f 0000 
  0x0000027d46de63ec: ;   {other}
  0x0000027d46de63ec: 41ff d20f | 1f84 0000 | 0000 00e9 | ffcd ffff | 498b d7c5 | f877 49ba | e007 6957 | f97f 0000 
  0x0000027d46de640c: ;   {other}
  0x0000027d46de640c: 41ff d20f | 1f84 0000 | 0000 00e9 | 96cd ffff | ba5c ffff | ff48 8b6c | 2428 4c8b | 5424 384c 
  0x0000027d46de642c: 8954 2428 | 4c89 5424 | 304c 8974 | 2438 897c | 2440 4889 | 4424 f88b | 4424 5c89 | 4424 4848 
  0x0000027d46de644c: 8b44 24f8 | 448b 5424 | 6089 7424 | 5044 8954 | 2458 6690 

  0x0000027d46de6460: ;   {runtime_call UncommonTrapBlob}
  0x0000027d46de6460: c5f8 77e8 

  0x0000027d46de6464: ; ImmutableOopMap {rbp=Oop [40]=Oop [48]=Oop [56]=Oop [64]=NarrowOop [72]=NarrowOop [80]=NarrowOop [88]=NarrowOop }
                      ;*ifnonnull {reexecute=1 rethrow=0 return_oop=0}
                      ; - (reexecute) java.util.Objects::requireNonNull@1 (line 219)
                      ; - java.lang.invoke.VarHandleReferences$FieldInstanceReadWrite::setRelease@16 (line 172)
                      ; - java.lang.invoke.VarHandleGuards::guard_LL_V@45 (line 53)
                      ; - java.util.concurrent.ConcurrentLinkedQueue::updateHead@22 (line 293)
                      ; - java.util.concurrent.ConcurrentLinkedQueue::poll@48 (line 391)
                      ; - com.jme3.app.LegacyApplication::runQueuedTasks@4 (line 699)
                      ; - com.jme3.app.LegacyApplication::update@27 (line 715)
                      ; - com.jme3.app.SimpleApplication::update@20 (line 246)
                      ; - com.jme3.system.lwjgl.LwjglWindow::runLoop@37 (line 530)
  0x0000027d46de6464: f8de 60ff 

  0x0000027d46de6468: ;   {other}
  0x0000027d46de6468: 0f1f 8400 | e056 00ac | 488b cb49 | 8bd7 c5f8 | 7749 bac0 | 0769 57f9 | 7f00 0041 

  0x0000027d46de6484: ;   {other}
  0x0000027d46de6484: ffd2 0f1f | 8400 0000 | 0000 e902 | d8ff ff48 | 8bea 498b | d7c5 f877 | 49ba e007 | 6957 f97f 
  0x0000027d46de64a4: 0000 41ff 

  0x0000027d46de64a8: ;   {other}
  0x0000027d46de64a8: d20f 1f84 | 0000 0000 | 0048 8bd5 | e9c9 d6ff | ff49 8bd7 | c5f8 7749 | bae0 0769 | 57f9 7f00 
  0x0000027d46de64c8: 0041 ffd2 

  0x0000027d46de64cc: ;   {other}
  0x0000027d46de64cc: 0f1f 8400 | 0000 0000 | e9f5 ceff | ff49 8bd7 | c5f8 7749 | bae0 0769 | 57f9 7f00 | 0041 ffd2 
  0x0000027d46de64ec: ;   {other}
  0x0000027d46de64ec: 0f1f 8400 | 0000 0000 | e922 cfff | ff49 8bd7 | c5f8 7749 | bae0 0769 | 57f9 7f00 | 0041 ffd2 
  0x0000027d46de650c: ;   {other}
  0x0000027d46de650c: 0f1f 8400 | 0000 0000 | e9cd d0ff | ff49 8bd7 | c5f8 7749 | bae0 0769 | 57f9 7f00 | 0041 ffd2 
  0x0000027d46de652c: ;   {other}
  0x0000027d46de652c: 0f1f 8400 | 0000 0000 | e9fa d0ff | ff49 8bd7 | c5f8 7749 | bae0 0769 | 57f9 7f00 | 0041 ffd2 
  0x0000027d46de654c: ;   {other}
  0x0000027d46de654c: 0f1f 8400 | 0000 0000 | e94d e0ff | ff49 8bd7 | c5f8 7749 | bae0 0769 | 57f9 7f00 | 0041 ffd2 
  0x0000027d46de656c: ;   {other}
  0x0000027d46de656c: 0f1f 8400 | 0000 0000 | e998 e0ff | ff49 8bd7 | c5f8 7749 | bae0 0769 | 57f9 7f00 | 0041 ffd2 
  0x0000027d46de658c: ;   {other}
  0x0000027d46de658c: 0f1f 8400 | 0000 0000 | e9e3 e0ff | ff48 8bea | 498b cd49 | 8bd7 c5f8 | 7749 bae0 | 0769 57f9 
  0x0000027d46de65ac: 7f00 0041 

  0x0000027d46de65b0: ;   {other}
  0x0000027d46de65b0: ffd2 0f1f | 8400 0000 | 0000 488b | d5e9 0fd6 | ffff 498b | d7c5 f877 | 49ba e007 | 6957 f97f 
  0x0000027d46de65d0: 0000 41ff 

  0x0000027d46de65d4: ;   {other}
  0x0000027d46de65d4: d20f 1f84 | 0000 0000 | 00e9 60d6 | ffff ba45 | ffff ff4c | 8b54 2428 | 4c89 5424 | 204c 8b54 
  0x0000027d46de65f4: 2438 4c89 | 5424 304c | 8974 2440 | 897c 2448 | 8974 244c 

  0x0000027d46de6608: ;   {runtime_call UncommonTrapBlob}
  0x0000027d46de6608: c5f8 77e8 

  0x0000027d46de660c: ; ImmutableOopMap {[32]=Oop [48]=Oop [56]=Oop [64]=Oop [72]=NarrowOop [76]=NarrowOop [92]=NarrowOop }
                      ;*ifeq {reexecute=1 rethrow=0 return_oop=0}
                      ; - (reexecute) java.util.concurrent.ConcurrentLinkedQueue::poll@24 (line 387)
                      ; - com.jme3.app.LegacyApplication::runQueuedTasks@4 (line 699)
                      ; - com.jme3.app.LegacyApplication::update@27 (line 715)
                      ; - com.jme3.app.SimpleApplication::update@20 (line 246)
                      ; - com.jme3.system.lwjgl.LwjglWindow::runLoop@37 (line 530)
  0x0000027d46de660c: 50dd 60ff 

  0x0000027d46de6610: ;   {other}
  0x0000027d46de6610: 0f1f 8400 | 8858 00ad | ba45 ffff | ff48 8b6c | 2428 4c8b | 5424 384c | 8954 2428 | 4c89 5424 
  0x0000027d46de6630: 304c 8974 | 2438 897c | 2440 4889 | 4424 f88b | 4424 5c89 | 4424 4848 | 8b44 24f8 | 8974 2450 
  0x0000027d46de6650: 4489 5c24 | 5866 6690 

  0x0000027d46de6658: ;   {runtime_call UncommonTrapBlob}
  0x0000027d46de6658: c5f8 77e8 

  0x0000027d46de665c: ; ImmutableOopMap {rbp=Oop [40]=Oop [48]=Oop [56]=Oop [64]=NarrowOop [72]=NarrowOop [80]=NarrowOop [88]=NarrowOop [96]=NarrowOop }
                      ;*ifnull {reexecute=1 rethrow=0 return_oop=0}
                      ; - (reexecute) java.util.concurrent.ConcurrentLinkedQueue::poll@40 (line 391)
                      ; - com.jme3.app.LegacyApplication::runQueuedTasks@4 (line 699)
                      ; - com.jme3.app.LegacyApplication::update@27 (line 715)
                      ; - com.jme3.app.SimpleApplication::update@20 (line 246)
                      ; - com.jme3.system.lwjgl.LwjglWindow::runLoop@37 (line 530)
  0x0000027d46de665c: 00dd 60ff 

  0x0000027d46de6660: ;   {other}
  0x0000027d46de6660: 0f1f 8400 | d858 00ae | ba45 ffff | ff4c 8b54 | 2428 4c89 | 5424 204c | 8b54 2438 | 4c89 5424 
  0x0000027d46de6680: 304c 8974 | 2440 897c | 2448 8974 | 2458 6690 

  0x0000027d46de6690: ;   {runtime_call UncommonTrapBlob}
  0x0000027d46de6690: c5f8 77e8 

  0x0000027d46de6694: ; ImmutableOopMap {[32]=Oop [48]=Oop [56]=Oop [64]=Oop [72]=NarrowOop [88]=NarrowOop [92]=NarrowOop [96]=NarrowOop }
                      ;*ifeq {reexecute=1 rethrow=0 return_oop=0}
                      ; - (reexecute) java.util.concurrent.ConcurrentLinkedQueue::updateHead@14 (line 292)
                      ; - java.util.concurrent.ConcurrentLinkedQueue::poll@48 (line 391)
                      ; - com.jme3.app.LegacyApplication::runQueuedTasks@4 (line 699)
                      ; - com.jme3.app.LegacyApplication::update@27 (line 715)
                      ; - com.jme3.app.SimpleApplication::update@20 (line 246)
                      ; - com.jme3.system.lwjgl.LwjglWindow::runLoop@37 (line 530)
  0x0000027d46de6694: c8dc 60ff 

  0x0000027d46de6698: ;   {other}
  0x0000027d46de6698: 0f1f 8400 | 1059 00af | 498b d7c5 | f877 49ba | e007 6957 | f97f 0000 

  0x0000027d46de66b0: ;   {other}
  0x0000027d46de66b0: 41ff d20f | 1f84 0000 | 0000 0044 | 8bdd e9ba | c7ff ff49 | 8bd7 c5f8 | 7749 bae0 | 0769 57f9 
  0x0000027d46de66d0: 7f00 0041 

  0x0000027d46de66d4: ;   {other}
  0x0000027d46de66d4: ffd2 0f1f | 8400 0000 | 0000 e9ad | c9ff ffba | 5cff ffff | 488b 6c24 | 284c 8b54 | 2438 4c89 
  0x0000027d46de66f4: 5424 284c | 8954 2430 | 4c89 7424 | 4048 8944 | 24f8 8b44 | 245c 8944 | 244c 488b | 4424 f889 
  0x0000027d46de6714: 7424 5090 

  0x0000027d46de6718: ;   {runtime_call UncommonTrapBlob}
  0x0000027d46de6718: c5f8 77e8 

  0x0000027d46de671c: ; ImmutableOopMap {rbp=Oop [40]=Oop [48]=Oop [64]=Oop [76]=NarrowOop [80]=NarrowOop }
                      ;*ifnonnull {reexecute=1 rethrow=0 return_oop=0}
                      ; - (reexecute) java.util.Objects::requireNonNull@1 (line 219)
                      ; - java.lang.invoke.VarHandleReferences$FieldInstanceReadWrite::setRelease@16 (line 172)
                      ; - java.lang.invoke.VarHandleGuards::guard_LL_V@45 (line 53)
                      ; - java.util.concurrent.ConcurrentLinkedQueue::updateHead@22 (line 293)
                      ; - java.util.concurrent.ConcurrentLinkedQueue::poll@66 (line 395)
                      ; - com.jme3.app.LegacyApplication::runQueuedTasks@4 (line 699)
                      ; - com.jme3.app.LegacyApplication::update@27 (line 715)
                      ; - com.jme3.app.SimpleApplication::update@20 (line 246)
                      ; - com.jme3.system.lwjgl.LwjglWindow::runLoop@37 (line 530)
  0x0000027d46de671c: 40dc 60ff 

  0x0000027d46de6720: ;   {other}
  0x0000027d46de6720: 0f1f 8400 | 9859 00b0 | 498b d7c5 | f877 49ba | e007 6957 | f97f 0000 

  0x0000027d46de6738: ;   {other}
  0x0000027d46de6738: 41ff d20f | 1f84 0000 | 0000 00e9 | 54cb ffff | 498b d7c5 | f877 49ba | e007 6957 | f97f 0000 
  0x0000027d46de6758: ;   {other}
  0x0000027d46de6758: 41ff d20f | 1f84 0000 | 0000 00e9 | 4ccd ffff | ba45 ffff | ff4c 8b54 | 2428 4c89 | 5424 204c 
  0x0000027d46de6778: 8b54 2438 | 4c89 5424 | 304c 8974 | 2448 8974 | 2450 6690 

  0x0000027d46de678c: ;   {runtime_call UncommonTrapBlob}
  0x0000027d46de678c: c5f8 77e8 

  0x0000027d46de6790: ; ImmutableOopMap {rbp=NarrowOop [32]=Oop [48]=Oop [56]=Oop [72]=Oop [80]=NarrowOop [92]=NarrowOop }
                      ;*if_acmpne {reexecute=1 rethrow=0 return_oop=0}
                      ; - (reexecute) java.util.concurrent.ConcurrentLinkedQueue::poll@73 (line 398)
                      ; - com.jme3.app.LegacyApplication::runQueuedTasks@4 (line 699)
                      ; - com.jme3.app.LegacyApplication::update@27 (line 715)
                      ; - com.jme3.app.SimpleApplication::update@20 (line 246)
                      ; - com.jme3.system.lwjgl.LwjglWindow::runLoop@37 (line 530)
  0x0000027d46de6790: ccdb 60ff 

  0x0000027d46de6794: ;   {other}
  0x0000027d46de6794: 0f1f 8400 | 0c5a 00b1 | 488b fa49 | 8bcd 498b | d7c5 f877 | 49ba e007 | 6957 f97f | 0000 41ff 
  0x0000027d46de67b4: ;   {other}
  0x0000027d46de67b4: d20f 1f84 | 0000 0000 | 0048 8bd7 | e941 d5ff | ff49 8bd7 | c5f8 7749 | bae0 0769 | 57f9 7f00 
  0x0000027d46de67d4: 0041 ffd2 

  0x0000027d46de67d8: ;   {other}
  0x0000027d46de67d8: 0f1f 8400 | 0000 0000 | e993 d5ff | ffba 45ff | ffff 4c8b | 5424 284c | 8954 2420 | 4c8b 5424 
  0x0000027d46de67f8: 384c 8954 | 2430 4c89 | 7424 4889 | 7424 5890 

  0x0000027d46de6808: ;   {runtime_call UncommonTrapBlob}
  0x0000027d46de6808: c5f8 77e8 

  0x0000027d46de680c: ; ImmutableOopMap {[32]=Oop [48]=Oop [56]=Oop [72]=Oop [88]=NarrowOop [92]=NarrowOop }
                      ;*ifeq {reexecute=1 rethrow=0 return_oop=0}
                      ; - (reexecute) java.util.concurrent.ConcurrentLinkedQueue::updateHead@14 (line 292)
                      ; - java.util.concurrent.ConcurrentLinkedQueue::poll@66 (line 395)
                      ; - com.jme3.app.LegacyApplication::runQueuedTasks@4 (line 699)
                      ; - com.jme3.app.LegacyApplication::update@27 (line 715)
                      ; - com.jme3.app.SimpleApplication::update@20 (line 246)
                      ; - com.jme3.system.lwjgl.LwjglWindow::runLoop@37 (line 530)
  0x0000027d46de680c: 50db 60ff 

  0x0000027d46de6810: ;   {other}
  0x0000027d46de6810: 0f1f 8400 | 885a 00b2 | baf6 ffff | ff48 8b6c | 2428 4489 | 4424 284c | 8954 2430 | 4c89 5c24 
  0x0000027d46de6830: 3866 6690 

  0x0000027d46de6834: ;   {runtime_call UncommonTrapBlob}
  0x0000027d46de6834: c5f8 77e8 

  0x0000027d46de6838: ; ImmutableOopMap {rbp=Oop [40]=NarrowOop [48]=Oop [56]=Oop }
                      ;*invokevirtual lock {reexecute=0 rethrow=0 return_oop=0}
                      ; - java.lang.ref.ReferenceQueue::poll@13 (line 191)
                      ; - com.jme3.util.NativeObjectManager::deleteUnused@54 (line 183)
                      ; - com.jme3.renderer.opengl.GLRenderer::postFrame@5 (line 1117)
                      ; - com.jme3.system.lwjgl.LwjglWindow::runLoop@100 (line 549)
  0x0000027d46de6838: 24db 60ff 

  0x0000027d46de683c: ;   {other}
  0x0000027d46de683c: 0f1f 8400 | b45a 00b3 | baf6 ffff | ff48 8b6c | 2420 6690 

  0x0000027d46de6850: ;   {runtime_call UncommonTrapBlob}
  0x0000027d46de6850: c5f8 77e8 

  0x0000027d46de6854: ; ImmutableOopMap {rbp=Oop [40]=NarrowOop [48]=Oop [56]=Oop [64]=Oop }
                      ;*invokevirtual unlock {reexecute=0 rethrow=0 return_oop=0}
                      ; - java.lang.ref.ReferenceQueue::poll@25 (line 195)
                      ; - com.jme3.util.NativeObjectManager::deleteUnused@54 (line 183)
                      ; - com.jme3.renderer.opengl.GLRenderer::postFrame@5 (line 1117)
                      ; - com.jme3.system.lwjgl.LwjglWindow::runLoop@100 (line 549)
  0x0000027d46de6854: 08db 60ff 

  0x0000027d46de6858: ;   {other}
  0x0000027d46de6858: 0f1f 8400 | d05a 00b4 | bade ffff | ff48 8b6c | 2420 6690 

  0x0000027d46de686c: ;   {runtime_call UncommonTrapBlob}
  0x0000027d46de686c: c5f8 77e8 

  0x0000027d46de6870: ; ImmutableOopMap {rbp=Oop [40]=NarrowOop [48]=Oop [64]=Oop }
                      ;*checkcast {reexecute=0 rethrow=0 return_oop=0}
                      ; - com.jme3.util.NativeObjectManager::deleteUnused@57 (line 183)
                      ; - com.jme3.renderer.opengl.GLRenderer::postFrame@5 (line 1117)
                      ; - com.jme3.system.lwjgl.LwjglWindow::runLoop@100 (line 549)
  0x0000027d46de6870: ecda 60ff 

  0x0000027d46de6874: ;   {other}
  0x0000027d46de6874: 0f1f 8400 | ec5a 00b5 | baf6 ffff | ff66 6690 

  0x0000027d46de6884: ;   {runtime_call UncommonTrapBlob}
  0x0000027d46de6884: c5f8 77e8 

  0x0000027d46de6888: ; ImmutableOopMap {[40]=Oop }
                      ;*invokevirtual getFrameRate {reexecute=0 rethrow=0 return_oop=0}
                      ; - com.jme3.system.lwjgl.LwjglWindow::runLoop@131 (line 554)
  0x0000027d46de6888: d4da 60ff 

  0x0000027d46de688c: ;   {other}
  0x0000027d46de688c: 0f1f 8400 | 045b 00b6 | bade ffff | ff4c 8b44 | 2428 4c89 | 4424 204c | 8b44 2438 | 4c89 4424 
  0x0000027d46de68ac: 30c5 fa10 | 4c24 40c5 | fa11 4c24 | 3848 8944 | 2440 4489 | 5424 3c4c | 895c 2448 | 4489 4c24 
  0x0000027d46de68cc: 5066 6690 

  0x0000027d46de68d0: ;   {runtime_call UncommonTrapBlob}
  0x0000027d46de68d0: c5f8 77e8 

  0x0000027d46de68d4: ; ImmutableOopMap {rbp=NarrowOop [32]=Oop [48]=Oop [60]=NarrowOop [72]=Oop [80]=NarrowOop }
                      ;*checkcast {reexecute=0 rethrow=0 return_oop=0}
                      ; - com.jme3.input.lwjgl.GlfwKeyInput::update@36 (line 161)
                      ; - com.jme3.input.InputManager::update@50 (line 906)
                      ; - com.jme3.app.LegacyApplication::update@91 (line 724)
                      ; - com.jme3.app.SimpleApplication::update@20 (line 246)
                      ; - com.jme3.system.lwjgl.LwjglWindow::runLoop@37 (line 530)
  0x0000027d46de68d4: 88da 60ff 

  0x0000027d46de68d8: ;   {other}
  0x0000027d46de68d8: 0f1f 8400 | 505b 00b7 | bade ffff | ff4c 8b44 | 2428 4c89 | 4424 204c | 8b44 2438 | 4c89 4424 
  0x0000027d46de68f8: 30c5 fa10 | 4c24 40c5 | fa11 4c24 | 3848 8944 | 2440 4489 | 5424 3c4c | 895c 2448 | 4489 4c24 
  0x0000027d46de6918: 5066 6690 

  0x0000027d46de691c: ;   {runtime_call UncommonTrapBlob}
  0x0000027d46de691c: c5f8 77e8 

  0x0000027d46de6920: ; ImmutableOopMap {rbp=NarrowOop [32]=Oop [48]=Oop [60]=NarrowOop [72]=Oop [80]=NarrowOop }
                      ;*checkcast {reexecute=0 rethrow=0 return_oop=0}
                      ; - com.jme3.input.lwjgl.GlfwMouseInput::update@127 (line 298)
                      ; - com.jme3.input.InputManager::update@59 (line 907)
                      ; - com.jme3.app.LegacyApplication::update@91 (line 724)
                      ; - com.jme3.app.SimpleApplication::update@20 (line 246)
                      ; - com.jme3.system.lwjgl.LwjglWindow::runLoop@37 (line 530)
  0x0000027d46de6920: 3cda 60ff 

  0x0000027d46de6924: ;   {other}
  0x0000027d46de6924: 0f1f 8400 | 9c5b 00b8 | bade ffff | ff4c 8b44 | 2428 4c89 | 4424 204c | 8b44 2438 | 4c89 4424 
  0x0000027d46de6944: 30c5 fa10 | 4c24 40c5 | fa11 4c24 | 3848 8944 | 2440 4489 | 5424 3c4c | 895c 2448 | 4489 4c24 
  0x0000027d46de6964: 5066 6690 

  0x0000027d46de6968: ;   {runtime_call UncommonTrapBlob}
  0x0000027d46de6968: c5f8 77e8 

  0x0000027d46de696c: ; ImmutableOopMap {rbp=NarrowOop [32]=Oop [48]=Oop [60]=NarrowOop [72]=Oop [80]=NarrowOop }
                      ;*checkcast {reexecute=0 rethrow=0 return_oop=0}
                      ; - com.jme3.input.lwjgl.GlfwMouseInput::update@163 (line 302)
                      ; - com.jme3.input.InputManager::update@59 (line 907)
                      ; - com.jme3.app.LegacyApplication::update@91 (line 724)
                      ; - com.jme3.app.SimpleApplication::update@20 (line 246)
                      ; - com.jme3.system.lwjgl.LwjglWindow::runLoop@37 (line 530)
  0x0000027d46de696c: f0d9 60ff 

  0x0000027d46de6970: ;   {other}
  0x0000027d46de6970: 0f1f 8400 | e85b 00b9 | bade ffff | ff48 8b6c | 2428 488b | 4c24 3848 | 894c 2428 | c5fa 1044 
  0x0000027d46de6990: 2440 c5fa | 1144 2430 | 488b 4c24 | 5048 894c | 2438 4489 | 4424 3444 | 895c 2440 | 4489 5424 
  0x0000027d46de69b0: 4848 8944 | 2450 8974 | 244c 895c | 2458 897c | 245c 4489 | 4c24 6090 

  0x0000027d46de69c8: ;   {runtime_call UncommonTrapBlob}
  0x0000027d46de69c8: c5f8 77e8 

  0x0000027d46de69cc: ; ImmutableOopMap {rbp=Oop [40]=Oop [72]=NarrowOop [80]=Oop [88]=NarrowOop [92]=NarrowOop [96]=NarrowOop }
                      ;*checkcast {reexecute=0 rethrow=0 return_oop=0}
                      ; - com.jme3.input.InputManager::invokeUpdateActions@36 (line 213)
                      ; - com.jme3.input.InputManager::update@106 (line 918)
                      ; - com.jme3.app.LegacyApplication::update@91 (line 724)
                      ; - com.jme3.app.SimpleApplication::update@20 (line 246)
                      ; - com.jme3.system.lwjgl.LwjglWindow::runLoop@37 (line 530)
  0x0000027d46de69cc: 90d9 60ff 

  0x0000027d46de69d0: ;   {other}
  0x0000027d46de69d0: 0f1f 8400 | 485c 00ba | bade ffff | ff4c 8b54 | 2438 4c89 | 5424 20c5 | fa10 4424 | 44c5 fa11 
  0x0000027d46de69f0: 4424 2c48 | 8944 2438 

  0x0000027d46de69f8: ;   {runtime_call UncommonTrapBlob}
  0x0000027d46de69f8: c5f8 77e8 

  0x0000027d46de69fc: ; ImmutableOopMap {rbp=Oop [32]=Oop [56]=Oop [96]=Oop }
                      ;*checkcast {reexecute=0 rethrow=0 return_oop=0}
                      ; - com.jme3.scene.Node::updateLogicalState@20 (line 241)
                      ; - com.jme3.app.SimpleApplication::update@109 (line 261)
                      ; - com.jme3.system.lwjgl.LwjglWindow::runLoop@37 (line 530)
  0x0000027d46de69fc: 60d9 60ff 

  0x0000027d46de6a00: ;   {other}
  0x0000027d46de6a00: 0f1f 8400 | 785c 00bb | bade ffff | ff4c 8b54 | 2438 4c89 | 5424 20c5 | fa10 4c24 | 44c5 f828 
  0x0000027d46de6a20: c1c5 fa11 | 4424 2c48 | 8944 2438 

  0x0000027d46de6a2c: ;   {runtime_call UncommonTrapBlob}
  0x0000027d46de6a2c: c5f8 77e8 

  0x0000027d46de6a30: ; ImmutableOopMap {rbp=Oop [32]=Oop [56]=Oop [96]=Oop }
                      ;*checkcast {reexecute=0 rethrow=0 return_oop=0}
                      ; - com.jme3.scene.Node::updateLogicalState@20 (line 241)
                      ; - com.jme3.app.SimpleApplication::update@117 (line 262)
                      ; - com.jme3.system.lwjgl.LwjglWindow::runLoop@37 (line 530)
  0x0000027d46de6a30: 2cd9 60ff 

  0x0000027d46de6a34: ;   {other}
  0x0000027d46de6a34: 0f1f 8400 | ac5c 00bc | bade ffff | ff4c 8b5c | 2428 4c89 | 5c24 2048 | 897c 2428 | 4489 6c24 
  0x0000027d46de6a54: 3489 7424 | 3c44 8954 | 2444 6690 

  0x0000027d46de6a60: ;   {runtime_call UncommonTrapBlob}
  0x0000027d46de6a60: c5f8 77e8 

  0x0000027d46de6a64: ; ImmutableOopMap {rbp=NarrowOop [32]=Oop [40]=Oop [52]=NarrowOop [60]=NarrowOop [68]=NarrowOop }
                      ;*checkcast {reexecute=0 rethrow=0 return_oop=0}
                      ; - com.jme3.app.state.AppStateManager::getStates@14 (line 127)
                      ; - com.jme3.app.state.AppStateManager::render@1 (line 366)
                      ; - com.jme3.app.SimpleApplication::update@161 (line 269)
                      ; - com.jme3.system.lwjgl.LwjglWindow::runLoop@37 (line 530)
  0x0000027d46de6a64: f8d8 60ff 

  0x0000027d46de6a68: ;   {other}
  0x0000027d46de6a68: 0f1f 8400 | e05c 00bd | bade ffff | ff4c 8b5c | 2428 4c89 | 5c24 2048 | 897c 2428 | c5fa 104c 
  0x0000027d46de6a88: 2458 4489 | 5424 34c5 | f828 c1c5 | fa11 4424 | 3844 8944 | 243c 6690 

  0x0000027d46de6aa0: ;   {runtime_call UncommonTrapBlob}
  0x0000027d46de6aa0: c5f8 77e8 

  0x0000027d46de6aa4: ; ImmutableOopMap {rbp=NarrowOop [32]=Oop [40]=Oop [52]=NarrowOop }
                      ;*instanceof {reexecute=0 rethrow=0 return_oop=0}
                      ; - com.jme3.renderer.RenderManager::render@4 (line 1140)
                      ; - com.jme3.app.SimpleApplication::update@197 (line 272)
                      ; - com.jme3.system.lwjgl.LwjglWindow::runLoop@37 (line 530)
  0x0000027d46de6aa4: b8d8 60ff 

  0x0000027d46de6aa8: ;   {other}
  0x0000027d46de6aa8: 0f1f 8400 | 205d 00be | bade ffff | ff4c 8b5c | 2428 4c89 | 5c24 2048 | 8974 2428 | 897c 2438 
  0x0000027d46de6ac8: 4489 5424 | 4066 6690 

  0x0000027d46de6ad0: ;   {runtime_call UncommonTrapBlob}
  0x0000027d46de6ad0: c5f8 77e8 

  0x0000027d46de6ad4: ; ImmutableOopMap {rbp=NarrowOop [32]=Oop [40]=Oop [56]=NarrowOop [64]=NarrowOop }
                      ;*checkcast {reexecute=0 rethrow=0 return_oop=0}
                      ; - com.jme3.app.state.AppStateManager::getStates@14 (line 127)
                      ; - com.jme3.app.state.AppStateManager::postRender@1 (line 378)
                      ; - com.jme3.app.SimpleApplication::update@212 (line 274)
                      ; - com.jme3.system.lwjgl.LwjglWindow::runLoop@37 (line 530)
  0x0000027d46de6ad4: 88d8 60ff 

  0x0000027d46de6ad8: ;   {other}
  0x0000027d46de6ad8: 0f1f 8400 | 505d 00bf | bade ffff | ff48 8b6c | 2428 4c8b | 4c24 384c | 894c 2420 | c5fa 104c 
  0x0000027d46de6af8: 2458 4489 | 5424 2cc5 | f828 c1c5 | fa11 4424 | 3044 895c | 2438 4489 | 4424 3c90 

  0x0000027d46de6b14: ;   {runtime_call UncommonTrapBlob}
  0x0000027d46de6b14: c5f8 77e8 

  0x0000027d46de6b18: ; ImmutableOopMap {rbp=Oop [32]=Oop [44]=NarrowOop [60]=NarrowOop }
                      ;*checkcast {reexecute=0 rethrow=0 return_oop=0}
                      ; - com.jme3.renderer.RenderManager::render@128 (line 1156)
                      ; - com.jme3.app.SimpleApplication::update@197 (line 272)
                      ; - com.jme3.system.lwjgl.LwjglWindow::runLoop@37 (line 530)
  0x0000027d46de6b18: 44d8 60ff 

  0x0000027d46de6b1c: ;   {other}
  0x0000027d46de6b1c: 0f1f 8400 | 945d 00c0 | bade ffff | ff4c 8b54 | 2428 4c89 | 5424 204c | 8b54 2438 | 4c89 5424 
  0x0000027d46de6b3c: 28c5 fa10 | 4c24 58c5 | f828 c1c5 | fa11 4424 | 34c5 fa11 | 4424 4890 

  0x0000027d46de6b54: ;   {runtime_call UncommonTrapBlob}
  0x0000027d46de6b54: c5f8 77e8 

  0x0000027d46de6b58: ; ImmutableOopMap {rbp=NarrowOop [32]=Oop [40]=Oop [96]=Oop }
                      ;*checkcast {reexecute=0 rethrow=0 return_oop=0}
                      ; - com.jme3.scene.Spatial::runControlUpdate@18 (line 736)
                      ; - com.jme3.scene.Spatial::updateLogicalState@2 (line 880)
                      ; - com.jme3.scene.Node::updateLogicalState@2 (line 231)
                      ; - com.jme3.app.SimpleApplication::update@109 (line 261)
                      ; - com.jme3.system.lwjgl.LwjglWindow::runLoop@37 (line 530)
  0x0000027d46de6b58: 04d8 60ff 

  0x0000027d46de6b5c: ;   {other}
  0x0000027d46de6b5c: 0f1f 8400 | d45d 00c1 | bade ffff | ff4c 8b54 | 2428 4c89 | 5424 204c | 8b54 2438 | 4c89 5424 
  0x0000027d46de6b7c: 28c5 fa10 | 4c24 58c5 | f828 c1c5 | fa11 4424 | 34c5 fa11 | 4424 4890 

  0x0000027d46de6b94: ;   {runtime_call UncommonTrapBlob}
  0x0000027d46de6b94: c5f8 77e8 

  0x0000027d46de6b98: ; ImmutableOopMap {rbp=NarrowOop [32]=Oop [40]=Oop [96]=Oop }
                      ;*checkcast {reexecute=0 rethrow=0 return_oop=0}
                      ; - com.jme3.scene.Spatial::runControlUpdate@18 (line 736)
                      ; - com.jme3.scene.Spatial::updateLogicalState@2 (line 880)
                      ; - com.jme3.scene.Node::updateLogicalState@2 (line 231)
                      ; - com.jme3.app.SimpleApplication::update@117 (line 262)
                      ; - com.jme3.system.lwjgl.LwjglWindow::runLoop@37 (line 530)
  0x0000027d46de6b98: c4d7 60ff 

  0x0000027d46de6b9c: ;   {other}
  0x0000027d46de6b9c: 0f1f 8400 | 145e 00c2 | bade ffff | ff4c 8b54 | 2428 4c89 | 5424 2044 | 895c 2428 | 4489 4424 
  0x0000027d46de6bbc: 3066 6690 

  0x0000027d46de6bc0: ;   {runtime_call UncommonTrapBlob}
  0x0000027d46de6bc0: c5f8 77e8 

  0x0000027d46de6bc4: ; ImmutableOopMap {rbp=NarrowOop [32]=Oop [48]=NarrowOop }
                      ;*checkcast {reexecute=0 rethrow=0 return_oop=0}
                      ; - com.jme3.system.AppSettings::getInteger@5 (line 485)
                      ; - com.jme3.system.AppSettings::getFrameRate@3 (line 917)
                      ; - com.jme3.system.lwjgl.LwjglWindow::runLoop@120 (line 553)
  0x0000027d46de6bc4: 98d7 60ff 

  0x0000027d46de6bc8: ;   {other}
  0x0000027d46de6bc8: 0f1f 8400 | 405e 00c3 | bade ffff | ff4c 8b5c | 2428 4c89 | 5c24 204c | 8b5c 2438 | 4c89 5c24 
  0x0000027d46de6be8: 28c5 fa10 | 4c24 5844 | 8954 2434 | c5f8 28c1 | c5fa 1144 | 2438 895c | 2440 6690 

  0x0000027d46de6c04: ;   {runtime_call UncommonTrapBlob}
  0x0000027d46de6c04: c5f8 77e8 

  0x0000027d46de6c08: ; ImmutableOopMap {rbp=NarrowOop [32]=Oop [40]=Oop [52]=NarrowOop }
                      ;*checkcast {reexecute=0 rethrow=0 return_oop=0}
                      ; - com.jme3.renderer.RenderManager::render@198 (line 1164)
                      ; - com.jme3.app.SimpleApplication::update@197 (line 272)
                      ; - com.jme3.system.lwjgl.LwjglWindow::runLoop@37 (line 530)
  0x0000027d46de6c08: 54d7 60ff 

  0x0000027d46de6c0c: ;   {other}
  0x0000027d46de6c0c: 0f1f 8400 | 845e 00c4 | ba9d ffff | ff4c 8b5c | 2428 4c89 | 5c24 204c | 8b5c 2438 | 4c89 5c24 
  0x0000027d46de6c2c: 304c 8b5c | 2448 4c89 | 5c24 3848 | 8944 2448 

  0x0000027d46de6c3c: ;   {runtime_call UncommonTrapBlob}
  0x0000027d46de6c3c: c5f8 77e8 

  0x0000027d46de6c40: ; ImmutableOopMap {rbp=NarrowOop [32]=Oop [48]=Oop [56]=Oop [72]=Oop }
                      ;*astore_3 {reexecute=0 rethrow=0 return_oop=0}
                      ; - com.jme3.audio.openal.ALAudioRenderer::update@17 (line 851)
                      ; - com.jme3.app.LegacyApplication::update@131 (line 729)
                      ; - com.jme3.app.SimpleApplication::update@20 (line 246)
                      ; - com.jme3.system.lwjgl.LwjglWindow::runLoop@37 (line 530)
  0x0000027d46de6c40: 1cd7 60ff 

  0x0000027d46de6c44: ;   {other}
  0x0000027d46de6c44: 0f1f 8400 | bc5e 00c5 | ba9d ffff | ff48 8b6c | 2428 4889 | 4424 2090 

  0x0000027d46de6c5c: ;   {runtime_call UncommonTrapBlob}
  0x0000027d46de6c5c: c5f8 77e8 

  0x0000027d46de6c60: ; ImmutableOopMap {rbp=Oop [32]=Oop }
                      ;*astore_1 {reexecute=0 rethrow=0 return_oop=0}
                      ; - com.jme3.system.lwjgl.LwjglWindow::runLoop@76 (line 541)
  0x0000027d46de6c60: fcd6 60ff 

  0x0000027d46de6c64: ;   {other}
  0x0000027d46de6c64: 0f1f 8400 | dc5e 00c6 | baf6 ffff | ff48 8b6c | 2428 4c8b | 5c24 384c | 895c 2420 | c5fa 104c 
  0x0000027d46de6c84: 2458 4489 | 5424 2cc5 | f828 c1c5 | fa11 4424 | 3044 8944 | 243c 6690 

  0x0000027d46de6c9c: ;   {runtime_call UncommonTrapBlob}
  0x0000027d46de6c9c: c5f8 77e8 

  0x0000027d46de6ca0: ; ImmutableOopMap {rbp=Oop [32]=Oop [44]=NarrowOop }
                      ;*invokevirtual get {reexecute=0 rethrow=0 return_oop=0}
                      ; - com.jme3.renderer.RenderManager::render@125 (line 1156)
                      ; - com.jme3.app.SimpleApplication::update@197 (line 272)
                      ; - com.jme3.system.lwjgl.LwjglWindow::runLoop@37 (line 530)
  0x0000027d46de6ca0: bcd6 60ff 

  0x0000027d46de6ca4: ;   {other}
  0x0000027d46de6ca4: 0f1f 8400 | 1c5f 00c7 | baf6 ffff | ff48 8b6c | 2428 4c8b | 4c24 384c | 894c 2420 | c5fa 1044 
  0x0000027d46de6cc4: 2458 4489 | 5424 2cc5 | fa11 4424 | 3044 8b54 | 2444 4489 | 5424 3444 | 8944 2438 | 895c 2444 
  0x0000027d46de6ce4: 4489 5c24 | 4844 895c | 244c 6690 

  0x0000027d46de6cf0: ;   {runtime_call UncommonTrapBlob}
  0x0000027d46de6cf0: c5f8 77e8 

  0x0000027d46de6cf4: ; ImmutableOopMap {rbp=Oop [32]=Oop [44]=NarrowOop [68]=NarrowOop }
                      ;*aaload {reexecute=0 rethrow=0 return_oop=0}
                      ; - java.util.ArrayList::elementData@5 (line 412)
                      ; - java.util.ArrayList::get@11 (line 429)
                      ; - com.jme3.renderer.RenderManager::render@125 (line 1156)
                      ; - com.jme3.app.SimpleApplication::update@197 (line 272)
                      ; - com.jme3.system.lwjgl.LwjglWindow::runLoop@37 (line 530)
  0x0000027d46de6cf4: 68d6 60ff 

  0x0000027d46de6cf8: ;   {other}
  0x0000027d46de6cf8: 0f1f 8400 | 705f 00c8 | baf4 ffff | ff48 8b6c | 2428 4c8b | 4424 384c | 8944 2420 | c5fa 1044 
  0x0000027d46de6d18: 2458 4489 | 5424 2cc5 | fa11 4424 | 3044 895c | 2438 6690 

  0x0000027d46de6d2c: ;   {runtime_call UncommonTrapBlob}
  0x0000027d46de6d2c: c5f8 77e8 

  0x0000027d46de6d30: ; ImmutableOopMap {rbp=Oop [32]=Oop [44]=NarrowOop }
                      ;*checkcast {reexecute=0 rethrow=0 return_oop=0}
                      ; - com.jme3.renderer.RenderManager::render@128 (line 1156)
                      ; - com.jme3.app.SimpleApplication::update@197 (line 272)
                      ; - com.jme3.system.lwjgl.LwjglWindow::runLoop@37 (line 530)
  0x0000027d46de6d30: 2cd6 60ff 

  0x0000027d46de6d34: ;   {other}
  0x0000027d46de6d34: 0f1f 8400 | ac5f 00c9 | baf6 ffff | ff48 8b6c | 2428 4c8b | 5c24 384c | 895c 2420 | c5fa 104c 
  0x0000027d46de6d54: 2440 4489 | 5424 2cc5 | f828 c1c5 | fa11 4424 | 3044 8b5c | 2444 4489 | 5c24 3489 | 4c24 3c90 
  0x0000027d46de6d74: ;   {runtime_call UncommonTrapBlob}
  0x0000027d46de6d74: c5f8 77e8 

  0x0000027d46de6d78: ; ImmutableOopMap {rbp=Oop [32]=Oop [44]=NarrowOop [80]=Oop }
                      ;*invokevirtual size {reexecute=0 rethrow=0 return_oop=0}
                      ; - com.jme3.renderer.RenderManager::render@114 (line 1155)
                      ; - com.jme3.app.SimpleApplication::update@197 (line 272)
                      ; - com.jme3.system.lwjgl.LwjglWindow::runLoop@37 (line 530)
  0x0000027d46de6d78: e4d5 60ff 

  0x0000027d46de6d7c: ;   {other}
  0x0000027d46de6d7c: 0f1f 8400 | f45f 00ca | baf6 ffff | ff48 8b6c | 2428 4c8b | 5424 384c | 8954 2428 | 4c89 5424 
  0x0000027d46de6d9c: 3089 7424 | 3866 6690 

  0x0000027d46de6da4: ;   {runtime_call UncommonTrapBlob}
  0x0000027d46de6da4: c5f8 77e8 

  0x0000027d46de6da8: ; ImmutableOopMap {rbp=Oop [40]=Oop [48]=Oop [56]=NarrowOop [92]=NarrowOop }
                      ;*getfield item {reexecute=1 rethrow=0 return_oop=0}
                      ; - (reexecute) java.util.concurrent.ConcurrentLinkedQueue::poll@8 (line 387)
                      ; - com.jme3.app.LegacyApplication::runQueuedTasks@4 (line 699)
                      ; - com.jme3.app.LegacyApplication::update@27 (line 715)
                      ; - com.jme3.app.SimpleApplication::update@20 (line 246)
                      ; - com.jme3.system.lwjgl.LwjglWindow::runLoop@37 (line 530)
  0x0000027d46de6da8: b4d5 60ff 

  0x0000027d46de6dac: ;   {other}
  0x0000027d46de6dac: 0f1f 8400 | 2460 00cb | baf6 ffff | ff48 8b6c | 2428 6690 

  0x0000027d46de6dc0: ;   {runtime_call UncommonTrapBlob}
  0x0000027d46de6dc0: c5f8 77e8 

  0x0000027d46de6dc4: ; ImmutableOopMap {rbp=Oop }
                      ;*invokevirtual get {reexecute=0 rethrow=0 return_oop=0}
                      ; - com.jme3.system.lwjgl.LwjglWindow::runLoop@19 (line 526)
  0x0000027d46de6dc4: 98d5 60ff 

  0x0000027d46de6dc8: ;   {other}
  0x0000027d46de6dc8: 0f1f 8400 | 4060 00cc | baf6 ffff | ff48 8b6c | 2428 6690 

  0x0000027d46de6ddc: ;   {runtime_call UncommonTrapBlob}
  0x0000027d46de6ddc: c5f8 77e8 

  0x0000027d46de6de0: ; ImmutableOopMap {rbp=Oop }
                      ;*invokeinterface update {reexecute=0 rethrow=0 return_oop=0}
                      ; - com.jme3.system.lwjgl.LwjglWindow::runLoop@37 (line 530)
  0x0000027d46de6de0: 7cd5 60ff 

  0x0000027d46de6de4: ;   {other}
  0x0000027d46de6de4: 0f1f 8400 | 5c60 00cd | baf6 ffff | ff48 8b6c | 2428 4c8b | 5424 384c | 8954 2428 | 895c 2434 
  0x0000027d46de6e04: ;   {runtime_call UncommonTrapBlob}
  0x0000027d46de6e04: c5f8 77e8 

  0x0000027d46de6e08: ; ImmutableOopMap {rbp=Oop [40]=Oop [52]=NarrowOop [56]=Oop }
                      ;*invokevirtual set {reexecute=0 rethrow=0 return_oop=0}
                      ; - com.jme3.audio.AudioContext::setAudioRenderer@4 (line 44)
                      ; - com.jme3.app.LegacyApplication::update@4 (line 712)
                      ; - com.jme3.app.SimpleApplication::update@20 (line 246)
                      ; - com.jme3.system.lwjgl.LwjglWindow::runLoop@37 (line 530)
  0x0000027d46de6e08: 54d5 60ff 

  0x0000027d46de6e0c: ;   {other}
  0x0000027d46de6e0c: 0f1f 8400 | 8460 00ce | baf6 ffff | ff48 8b6c | 2428 4c8b | 5424 384c | 8954 2428 | 895c 2434 
  0x0000027d46de6e2c: 4889 4c24 | 4048 897c | 2448 895c | 2450 4489 | 5c24 5848 | 894c 2460 

  0x0000027d46de6e44: ;   {runtime_call UncommonTrapBlob}
  0x0000027d46de6e44: c5f8 77e8 

  0x0000027d46de6e48: ; ImmutableOopMap {rbp=Oop [40]=Oop [52]=NarrowOop [64]=Oop [72]=Oop [80]=NarrowOop [88]=NarrowOop [96]=Oop }
                      ;*arraylength {reexecute=0 rethrow=0 return_oop=0}
                      ; - java.lang.ThreadLocal$ThreadLocalMap::set@6 (line 546)
                      ; - java.lang.ThreadLocal::set@13 (line 265)
                      ; - java.lang.ThreadLocal::set@5 (line 251)
                      ; - com.jme3.audio.AudioContext::setAudioRenderer@4 (line 44)
                      ; - com.jme3.app.LegacyApplication::update@4 (line 712)
                      ; - com.jme3.app.SimpleApplication::update@20 (line 246)
                      ; - com.jme3.system.lwjgl.LwjglWindow::runLoop@37 (line 530)
  0x0000027d46de6e48: 14d5 60ff 

  0x0000027d46de6e4c: ;   {other}
  0x0000027d46de6e4c: 0f1f 8400 | c460 00cf | baf6 ffff | ff48 8b6c | 2428 4c89 | 5424 2890 

  0x0000027d46de6e64: ;   {runtime_call UncommonTrapBlob}
  0x0000027d46de6e64: c5f8 77e8 

  0x0000027d46de6e68: ; ImmutableOopMap {rbp=Oop [40]=Oop [56]=Oop }
                      ;*invokevirtual update {reexecute=0 rethrow=0 return_oop=0}
                      ; - com.jme3.app.LegacyApplication::update@51 (line 720)
                      ; - com.jme3.app.SimpleApplication::update@20 (line 246)
                      ; - com.jme3.system.lwjgl.LwjglWindow::runLoop@37 (line 530)
  0x0000027d46de6e68: f4d4 60ff 

  0x0000027d46de6e6c: ;   {other}
  0x0000027d46de6e6c: 0f1f 8400 | e460 00d0 | baf6 ffff | ff48 8b6c | 2428 4c89 | 5424 2890 

  0x0000027d46de6e84: ;   {runtime_call UncommonTrapBlob}
  0x0000027d46de6e84: c5f8 77e8 

  0x0000027d46de6e88: ; ImmutableOopMap {rbp=Oop [40]=Oop [56]=Oop }
                      ;*invokevirtual update {reexecute=0 rethrow=0 return_oop=0}
                      ; - com.jme3.app.LegacyApplication::update@91 (line 724)
                      ; - com.jme3.app.SimpleApplication::update@20 (line 246)
                      ; - com.jme3.system.lwjgl.LwjglWindow::runLoop@37 (line 530)
  0x0000027d46de6e88: d4d4 60ff 

  0x0000027d46de6e8c: ;   {other}
  0x0000027d46de6e8c: 0f1f 8400 | 0461 00d1 | baf6 ffff | ff48 8b6c | 2428 4c8b | 5424 384c | 8954 2428 | 4489 5c24 
  0x0000027d46de6eac: 3466 6690 

  0x0000027d46de6eb0: ;   {runtime_call UncommonTrapBlob}
  0x0000027d46de6eb0: c5f8 77e8 

  0x0000027d46de6eb4: ; ImmutableOopMap {rbp=Oop [40]=Oop [52]=NarrowOop [56]=Oop }
                      ;*invokeinterface getInputTimeNanos {reexecute=0 rethrow=0 return_oop=0}
                      ; - com.jme3.input.InputManager::update@25 (line 901)
                      ; - com.jme3.app.LegacyApplication::update@91 (line 724)
                      ; - com.jme3.app.SimpleApplication::update@20 (line 246)
                      ; - com.jme3.system.lwjgl.LwjglWindow::runLoop@37 (line 530)
  0x0000027d46de6eb4: a8d4 60ff 

  0x0000027d46de6eb8: ;   {other}
  0x0000027d46de6eb8: 0f1f 8400 | 3061 00d2 | baf6 ffff | ff48 8b6c | 2428 4c8b | 5c24 384c | 895c 2428 | 4889 4424 
  0x0000027d46de6ed8: 3844 8954 | 2434 6690 

  0x0000027d46de6ee0: ;   {runtime_call UncommonTrapBlob}
  0x0000027d46de6ee0: c5f8 77e8 

  0x0000027d46de6ee4: ; ImmutableOopMap {rbp=Oop [40]=Oop [52]=NarrowOop }
                      ;*invokeinterface update {reexecute=0 rethrow=0 return_oop=0}
                      ; - com.jme3.input.InputManager::update@50 (line 906)
                      ; - com.jme3.app.LegacyApplication::update@91 (line 724)
                      ; - com.jme3.app.SimpleApplication::update@20 (line 246)
                      ; - com.jme3.system.lwjgl.LwjglWindow::runLoop@37 (line 530)
  0x0000027d46de6ee4: 78d4 60ff 

  0x0000027d46de6ee8: ;   {other}
  0x0000027d46de6ee8: 0f1f 8400 | 6061 00d3 | baf6 ffff | ff48 8b6c | 2428 4c8b | 4424 384c | 8944 2428 | c5fa 104c 
  0x0000027d46de6f08: 2440 c5fa | 114c 2430 | 4889 4424 | 3844 8954 | 2434 4c89 | 5c24 4090 

  0x0000027d46de6f20: ;   {runtime_call UncommonTrapBlob}
  0x0000027d46de6f20: c5f8 77e8 

  0x0000027d46de6f24: ; ImmutableOopMap {rbp=Oop [40]=Oop [52]=NarrowOop [64]=Oop }
                      ;*invokevirtual isRenderable {reexecute=0 rethrow=0 return_oop=0}
                      ; - com.jme3.input.lwjgl.GlfwKeyInput::update@4 (line 156)
                      ; - com.jme3.input.InputManager::update@50 (line 906)
                      ; - com.jme3.app.LegacyApplication::update@91 (line 724)
                      ; - com.jme3.app.SimpleApplication::update@20 (line 246)
                      ; - com.jme3.system.lwjgl.LwjglWindow::runLoop@37 (line 530)
  0x0000027d46de6f24: 38d4 60ff 

  0x0000027d46de6f28: ;   {other}
  0x0000027d46de6f28: 0f1f 8400 | a061 00d4 | baf6 ffff | ff4c 8b44 | 2428 4c89 | 4424 204c | 8b44 2438 | 4c89 4424 
  0x0000027d46de6f48: 30c5 fa10 | 4424 40c5 | fa11 4424 | 3848 8944 | 2440 4489 | 5424 3c4c | 895c 2448 

  0x0000027d46de6f64: ;   {runtime_call UncommonTrapBlob}
  0x0000027d46de6f64: c5f8 77e8 

  0x0000027d46de6f68: ; ImmutableOopMap {rbp=NarrowOop [32]=Oop [48]=Oop [60]=NarrowOop [72]=Oop }
                      ;*invokevirtual get {reexecute=0 rethrow=0 return_oop=0}
                      ; - com.jme3.system.lwjgl.LwjglContext::isRenderable@4 (line 497)
                      ; - com.jme3.input.lwjgl.GlfwKeyInput::update@4 (line 156)
                      ; - com.jme3.input.InputManager::update@50 (line 906)
                      ; - com.jme3.app.LegacyApplication::update@91 (line 724)
                      ; - com.jme3.app.SimpleApplication::update@20 (line 246)
                      ; - com.jme3.system.lwjgl.LwjglWindow::runLoop@37 (line 530)
  0x0000027d46de6f68: f4d3 60ff 

  0x0000027d46de6f6c: ;   {other}
  0x0000027d46de6f6c: 0f1f 8400 | e461 00d5 | baf6 ffff | ff48 8b6c | 2428 4c8b | 4424 384c | 8944 2428 | c5fa 1044 
  0x0000027d46de6f8c: 2440 c5fa | 1144 2430 | 4889 4424 | 3844 8954 | 2434 4c89 | 5c24 4090 

  0x0000027d46de6fa4: ;   {runtime_call UncommonTrapBlob}
  0x0000027d46de6fa4: c5f8 77e8 

  0x0000027d46de6fa8: ; ImmutableOopMap {rbp=Oop [40]=Oop [52]=NarrowOop [64]=Oop }
                      ;*invokeinterface isEmpty {reexecute=0 rethrow=0 return_oop=0}
                      ; - com.jme3.input.lwjgl.GlfwKeyInput::update@15 (line 160)
                      ; - com.jme3.input.InputManager::update@50 (line 906)
                      ; - com.jme3.app.LegacyApplication::update@91 (line 724)
                      ; - com.jme3.app.SimpleApplication::update@20 (line 246)
                      ; - com.jme3.system.lwjgl.LwjglWindow::runLoop@37 (line 530)
  0x0000027d46de6fa8: b4d3 60ff 

  0x0000027d46de6fac: ;   {other}
  0x0000027d46de6fac: 0f1f 8400 | 2462 00d6 | baf6 ffff | ff48 8b6c | 2428 4c8b | 5c24 384c | 895c 2428 | 4889 4424 
  0x0000027d46de6fcc: 3844 8954 | 2434 6690 

  0x0000027d46de6fd4: ;   {runtime_call UncommonTrapBlob}
  0x0000027d46de6fd4: c5f8 77e8 

  0x0000027d46de6fd8: ; ImmutableOopMap {rbp=Oop [40]=Oop [52]=NarrowOop }
                      ;*invokeinterface update {reexecute=0 rethrow=0 return_oop=0}
                      ; - com.jme3.input.InputManager::update@59 (line 907)
                      ; - com.jme3.app.LegacyApplication::update@91 (line 724)
                      ; - com.jme3.app.SimpleApplication::update@20 (line 246)
                      ; - com.jme3.system.lwjgl.LwjglWindow::runLoop@37 (line 530)
  0x0000027d46de6fd8: 84d3 60ff 

  0x0000027d46de6fdc: ;   {other}
  0x0000027d46de6fdc: 0f1f 8400 | 5462 00d7 | baf6 ffff | ff48 8b6c | 2428 4c8b | 4424 384c | 8944 2428 | c5fa 1044 
  0x0000027d46de6ffc: 2440 c5fa | 1144 2430 | 4889 4424 | 3844 8954 | 2434 4c89 | 5c24 4090 

  0x0000027d46de7014: ;   {runtime_call UncommonTrapBlob}
  0x0000027d46de7014: c5f8 77e8 

  0x0000027d46de7018: ; ImmutableOopMap {rbp=Oop [40]=Oop [52]=NarrowOop [64]=Oop }
                      ;*invokeinterface isEmpty {reexecute=0 rethrow=0 return_oop=0}
                      ; - com.jme3.input.lwjgl.GlfwMouseInput::update@106 (line 297)
                      ; - com.jme3.input.InputManager::update@59 (line 907)
                      ; - com.jme3.app.LegacyApplication::update@91 (line 724)
                      ; - com.jme3.app.SimpleApplication::update@20 (line 246)
                      ; - com.jme3.system.lwjgl.LwjglWindow::runLoop@37 (line 530)
  0x0000027d46de7018: 44d3 60ff 

  0x0000027d46de701c: ;   {other}
  0x0000027d46de701c: 0f1f 8400 | 9462 00d8 | baf6 ffff | ff48 8b6c | 2428 4c8b | 4424 384c | 8944 2428 | c5fa 1044 
  0x0000027d46de703c: 2440 c5fa | 1144 2430 | 4889 4424 | 3844 8954 | 2434 4c89 | 5c24 4090 

  0x0000027d46de7054: ;   {runtime_call UncommonTrapBlob}
  0x0000027d46de7054: c5f8 77e8 

  0x0000027d46de7058: ; ImmutableOopMap {rbp=Oop [40]=Oop [52]=NarrowOop [64]=Oop }
                      ;*invokeinterface isEmpty {reexecute=0 rethrow=0 return_oop=0}
                      ; - com.jme3.input.lwjgl.GlfwMouseInput::update@142 (line 301)
                      ; - com.jme3.input.InputManager::update@59 (line 907)
                      ; - com.jme3.app.LegacyApplication::update@91 (line 724)
                      ; - com.jme3.app.SimpleApplication::update@20 (line 246)
                      ; - com.jme3.system.lwjgl.LwjglWindow::runLoop@37 (line 530)
  0x0000027d46de7058: 04d3 60ff 

  0x0000027d46de705c: ;   {other}
  0x0000027d46de705c: 0f1f 8400 | d462 00d9 | baf6 ffff | ff48 8b6c | 2428 4c8b | 5c24 384c | 895c 2428 | c5fa 104c 
  0x0000027d46de707c: 2440 c5fa | 114c 2430 | 4489 5424 | 4066 6690 

  0x0000027d46de708c: ;   {runtime_call UncommonTrapBlob}
  0x0000027d46de708c: c5f8 77e8 

  0x0000027d46de7090: ; ImmutableOopMap {rbp=Oop [40]=Oop [64]=NarrowOop }
                      ;*invokevirtual iterator {reexecute=0 rethrow=0 return_oop=0}
                      ; - com.jme3.input.InputManager::invokeUpdateActions@4 (line 210)
                      ; - com.jme3.input.InputManager::update@106 (line 918)
                      ; - com.jme3.app.LegacyApplication::update@91 (line 724)
                      ; - com.jme3.app.SimpleApplication::update@20 (line 246)
                      ; - com.jme3.system.lwjgl.LwjglWindow::runLoop@37 (line 530)
  0x0000027d46de7090: ccd2 60ff 

  0x0000027d46de7094: ;   {other}
  0x0000027d46de7094: 0f1f 8400 | 0c63 00da | baf6 ffff | ff48 8b6c | 2428 4c8b | 5c24 384c | 895c 2428 | c5fa 1044 
  0x0000027d46de70b4: 2440 c5fa | 1144 2430 | 4489 5424 | 4044 894c | 2448 6690 

  0x0000027d46de70c8: ;   {runtime_call UncommonTrapBlob}
  0x0000027d46de70c8: c5f8 77e8 

  0x0000027d46de70cc: ; ImmutableOopMap {rbp=Oop [40]=Oop [64]=NarrowOop [72]=NarrowOop }
                      ;*aaload {reexecute=0 rethrow=0 return_oop=0}
                      ; - com.jme3.util.IntMap$IntMapIterator::beginUse@9 (line 249)
                      ; - com.jme3.util.IntMap::iterator@10 (line 224)
                      ; - com.jme3.input.InputManager::invokeUpdateActions@4 (line 210)
                      ; - com.jme3.input.InputManager::update@106 (line 918)
                      ; - com.jme3.app.LegacyApplication::update@91 (line 724)
                      ; - com.jme3.app.SimpleApplication::update@20 (line 246)
                      ; - com.jme3.system.lwjgl.LwjglWindow::runLoop@37 (line 530)
  0x0000027d46de70cc: 90d2 60ff 

  0x0000027d46de70d0: ;   {other}
  0x0000027d46de70d0: 0f1f 8400 | 4863 00db | baf6 ffff | ff48 8b6c | 2428 488b | 4c24 3848 | 894c 2428 | c5fa 104c 
  0x0000027d46de70f0: 2440 c5fa | 114c 2430 | 488b 4c24 | 5048 894c | 2438 4489 | 4424 3444 | 895c 2440 | 4489 5424 
  0x0000027d46de7110: 4889 5c24 | 4c44 894c | 2450 6690 

  0x0000027d46de711c: ;   {runtime_call UncommonTrapBlob}
  0x0000027d46de711c: c5f8 77e8 

  0x0000027d46de7120: ; ImmutableOopMap {rbp=Oop [40]=Oop [72]=NarrowOop [76]=NarrowOop [80]=NarrowOop }
                      ;*invokevirtual iterator {reexecute=0 rethrow=0 return_oop=0}
                      ; - com.jme3.input.InputManager::invokeUpdateActions@86 (line 221)
                      ; - com.jme3.input.InputManager::update@106 (line 918)
                      ; - com.jme3.app.LegacyApplication::update@91 (line 724)
                      ; - com.jme3.app.SimpleApplication::update@20 (line 246)
                      ; - com.jme3.system.lwjgl.LwjglWindow::runLoop@37 (line 530)
  0x0000027d46de7120: 3cd2 60ff 

  0x0000027d46de7124: ;   {other}
  0x0000027d46de7124: 0f1f 8400 | 9c63 00dc | baf6 ffff | ff48 8b6c | 2428 488b | 4c24 3848 | 894c 2428 | c5fa 1044 
  0x0000027d46de7144: 2440 c5fa | 1144 2430 | 488b 4c24 | 5048 894c | 2438 4489 | 4424 3444 | 895c 2440 | 4489 5424 
  0x0000027d46de7164: 4889 7424 | 5089 5c24 | 5444 894c | 2458 6690 

  0x0000027d46de7174: ;   {runtime_call UncommonTrapBlob}
  0x0000027d46de7174: c5f8 77e8 

  0x0000027d46de7178: ; ImmutableOopMap {rbp=Oop [40]=Oop [72]=NarrowOop [80]=NarrowOop [84]=NarrowOop [88]=NarrowOop }
                      ;*aaload {reexecute=0 rethrow=0 return_oop=0}
                      ; - com.jme3.util.IntMap$IntMapIterator::beginUse@9 (line 249)
                      ; - com.jme3.util.IntMap::iterator@10 (line 224)
                      ; - com.jme3.input.InputManager::invokeUpdateActions@86 (line 221)
                      ; - com.jme3.input.InputManager::update@106 (line 918)
                      ; - com.jme3.app.LegacyApplication::update@91 (line 724)
                      ; - com.jme3.app.SimpleApplication::update@20 (line 246)
                      ; - com.jme3.system.lwjgl.LwjglWindow::runLoop@37 (line 530)
  0x0000027d46de7178: e4d1 60ff 

  0x0000027d46de717c: ;   {other}
  0x0000027d46de717c: 0f1f 8400 | f463 00dd | baf6 ffff | ff48 8b6c | 2428 4c89 | 5424 2844 | 894c 2430 

  0x0000027d46de7198: ;   {runtime_call UncommonTrapBlob}
  0x0000027d46de7198: c5f8 77e8 

  0x0000027d46de719c: ; ImmutableOopMap {rbp=Oop [40]=Oop [48]=NarrowOop [56]=Oop }
                      ;*invokevirtual getTimePerFrame {reexecute=0 rethrow=0 return_oop=0}
                      ; - com.jme3.app.LegacyApplication::update@128 (line 729)
                      ; - com.jme3.app.SimpleApplication::update@20 (line 246)
                      ; - com.jme3.system.lwjgl.LwjglWindow::runLoop@37 (line 530)
  0x0000027d46de719c: c0d1 60ff 

  0x0000027d46de71a0: ;   {other}
  0x0000027d46de71a0: 0f1f 8400 | 1864 00de | baf6 ffff | ff48 8b6c | 2428 6690 

  0x0000027d46de71b4: ;   {runtime_call UncommonTrapBlob}
  0x0000027d46de71b4: c5f8 77e8 

  0x0000027d46de71b8: ; ImmutableOopMap {rbp=Oop [56]=Oop }
                      ;*invokevirtual getTimePerFrame {reexecute=0 rethrow=0 return_oop=0}
                      ; - com.jme3.app.SimpleApplication::update@44 (line 251)
                      ; - com.jme3.system.lwjgl.LwjglWindow::runLoop@37 (line 530)
  0x0000027d46de71b8: a4d1 60ff 

  0x0000027d46de71bc: ;   {other}
  0x0000027d46de71bc: 0f1f 8400 | 3464 00df | baf6 ffff | ff48 8b6c | 2428 c5fa | 104c 2458 | c5f8 28c1 | c5fa 1144 
  0x0000027d46de71dc: 242c 6690 

  0x0000027d46de71e0: ;   {runtime_call UncommonTrapBlob}
  0x0000027d46de71e0: c5f8 77e8 

  0x0000027d46de71e4: ; ImmutableOopMap {rbp=Oop [56]=Oop }
                      ;*invokevirtual updateLogicalState {reexecute=0 rethrow=0 return_oop=0}
                      ; - com.jme3.app.SimpleApplication::update@109 (line 261)
                      ; - com.jme3.system.lwjgl.LwjglWindow::runLoop@37 (line 530)
  0x0000027d46de71e4: 78d1 60ff 

  0x0000027d46de71e8: ;   {other}
  0x0000027d46de71e8: 0f1f 8400 | 6064 00e0 | baf6 ffff | ff48 8b6c | 2428 4c8b | 5424 384c | 8954 2420 | c5fa 1044 
  0x0000027d46de7208: 2458 4c8b | 5424 60c5 | fa11 4424 | 2c4c 8954 | 2438 c5fa | 1144 2440 | 4c89 5424 | 4866 6690 
  0x0000027d46de7228: ;   {runtime_call UncommonTrapBlob}
  0x0000027d46de7228: c5f8 77e8 

  0x0000027d46de722c: ; ImmutableOopMap {rbp=Oop [32]=Oop [56]=Oop [72]=Oop }
                      ;*invokevirtual isEmpty {reexecute=0 rethrow=0 return_oop=0}
                      ; - com.jme3.scene.Spatial::runControlUpdate@4 (line 732)
                      ; - com.jme3.scene.Spatial::updateLogicalState@2 (line 880)
                      ; - com.jme3.scene.Node::updateLogicalState@2 (line 231)
                      ; - com.jme3.app.SimpleApplication::update@109 (line 261)
                      ; - com.jme3.system.lwjgl.LwjglWindow::runLoop@37 (line 530)
  0x0000027d46de722c: 30d1 60ff 

  0x0000027d46de7230: ;   {other}
  0x0000027d46de7230: 0f1f 8400 | a864 00e1 | baf6 ffff | ff48 8b6c | 2428 c5fa | 1044 2458 | c5fa 1144 | 242c 6690 
  0x0000027d46de7250: ;   {runtime_call UncommonTrapBlob}
  0x0000027d46de7250: c5f8 77e8 

  0x0000027d46de7254: ; ImmutableOopMap {rbp=Oop [56]=Oop }
                      ;*invokevirtual updateLogicalState {reexecute=0 rethrow=0 return_oop=0}
                      ; - com.jme3.app.SimpleApplication::update@117 (line 262)
                      ; - com.jme3.system.lwjgl.LwjglWindow::runLoop@37 (line 530)
  0x0000027d46de7254: 08d1 60ff 

  0x0000027d46de7258: ;   {other}
  0x0000027d46de7258: 0f1f 8400 | d064 00e2 | baf6 ffff | ff48 8b6c | 2428 4c8b | 5424 384c | 8954 2420 | c5fa 104c 
  0x0000027d46de7278: 2458 4c8b | 5424 60c5 | f828 c1c5 | fa11 4424 | 2c4c 8954 | 2438 c5fa | 1144 2440 | 4c89 5424 
  0x0000027d46de7298: 4866 6690 

  0x0000027d46de729c: ;   {runtime_call UncommonTrapBlob}
  0x0000027d46de729c: c5f8 77e8 

  0x0000027d46de72a0: ; ImmutableOopMap {rbp=Oop [32]=Oop [56]=Oop [72]=Oop }
                      ;*invokevirtual isEmpty {reexecute=0 rethrow=0 return_oop=0}
                      ; - com.jme3.scene.Spatial::runControlUpdate@4 (line 732)
                      ; - com.jme3.scene.Spatial::updateLogicalState@2 (line 880)
                      ; - com.jme3.scene.Node::updateLogicalState@2 (line 231)
                      ; - com.jme3.app.SimpleApplication::update@117 (line 262)
                      ; - com.jme3.system.lwjgl.LwjglWindow::runLoop@37 (line 530)
  0x0000027d46de72a0: bcd0 60ff 

  0x0000027d46de72a4: ;   {other}
  0x0000027d46de72a4: 0f1f 8400 | 1c65 00e3 | baf6 ffff | ff48 8b6c | 2428 4489 | 6c24 2c90 

  0x0000027d46de72bc: ;   {runtime_call UncommonTrapBlob}
  0x0000027d46de72bc: c5f8 77e8 

  0x0000027d46de72c0: ; ImmutableOopMap {rbp=Oop [44]=NarrowOop [56]=Oop }
                      ;*invokevirtual render {reexecute=0 rethrow=0 return_oop=0}
                      ; - com.jme3.app.SimpleApplication::update@161 (line 269)
                      ; - com.jme3.system.lwjgl.LwjglWindow::runLoop@37 (line 530)
  0x0000027d46de72c0: 9cd0 60ff 

  0x0000027d46de72c4: ;   {other}
  0x0000027d46de72c4: 0f1f 8400 | 3c65 00e4 | baf6 ffff | ff48 8b6c | 2428 4889 | 7c24 2044 | 896c 242c | 8974 2434 
  0x0000027d46de72e4: 4489 5424 | 3c66 6690 

  0x0000027d46de72ec: ;   {runtime_call UncommonTrapBlob}
  0x0000027d46de72ec: c5f8 77e8 

  0x0000027d46de72f0: ; ImmutableOopMap {rbp=Oop [32]=Oop [44]=NarrowOop [52]=NarrowOop [60]=NarrowOop }
                      ;*invokevirtual getArray {reexecute=0 rethrow=0 return_oop=0}
                      ; - com.jme3.app.state.AppStateManager::getStates@11 (line 127)
                      ; - com.jme3.app.state.AppStateManager::render@1 (line 366)
                      ; - com.jme3.app.SimpleApplication::update@161 (line 269)
                      ; - com.jme3.system.lwjgl.LwjglWindow::runLoop@37 (line 530)
  0x0000027d46de72f0: 6cd0 60ff 

  0x0000027d46de72f4: ;   {other}
  0x0000027d46de72f4: 0f1f 8400 | 6c65 00e5 | baf6 ffff | ff48 8b6c | 2428 4889 | 7c24 20c5 | fa10 4c24 | 5844 8954 
  0x0000027d46de7314: 242c c5f8 | 28c1 c5fa | 1144 2430 

  0x0000027d46de7320: ;   {runtime_call UncommonTrapBlob}
  0x0000027d46de7320: c5f8 77e8 

  0x0000027d46de7324: ; ImmutableOopMap {rbp=Oop [32]=Oop [44]=NarrowOop }
                      ;*invokeinterface isRenderable {reexecute=0 rethrow=0 return_oop=0}
                      ; - com.jme3.app.SimpleApplication::update@192 (line 272)
                      ; - com.jme3.system.lwjgl.LwjglWindow::runLoop@37 (line 530)
  0x0000027d46de7324: 38d0 60ff 

  0x0000027d46de7328: ;   {other}
  0x0000027d46de7328: 0f1f 8400 | a065 00e6 | baf6 ffff | ff4c 8b5c | 2428 4c89 | 5c24 2048 | 897c 2428 | c5fa 104c 
  0x0000027d46de7348: 2458 4489 | 5424 34c5 | f828 c1c5 | fa11 4424 | 3866 6690 

  0x0000027d46de735c: ;   {runtime_call UncommonTrapBlob}
  0x0000027d46de735c: c5f8 77e8 

  0x0000027d46de7360: ; ImmutableOopMap {rbp=Oop [32]=Oop [40]=Oop [52]=NarrowOop }
                      ;*invokevirtual get {reexecute=0 rethrow=0 return_oop=0}
                      ; - com.jme3.system.lwjgl.LwjglContext::isRenderable@4 (line 497)
                      ; - com.jme3.app.SimpleApplication::update@192 (line 272)
                      ; - com.jme3.system.lwjgl.LwjglWindow::runLoop@37 (line 530)
  0x0000027d46de7360: fccf 60ff 

  0x0000027d46de7364: ;   {other}
  0x0000027d46de7364: 0f1f 8400 | dc65 00e7 | baf6 ffff | ff48 8b6c | 2428 4889 | 7c24 20c5 | fa10 4c24 | 58c5 f828 
  0x0000027d46de7384: c1c5 fa11 | 4424 2c44 | 8944 2430 

  0x0000027d46de7390: ;   {runtime_call UncommonTrapBlob}
  0x0000027d46de7390: c5f8 77e8 

  0x0000027d46de7394: ; ImmutableOopMap {rbp=Oop [32]=Oop }
                      ;*invokevirtual render {reexecute=0 rethrow=0 return_oop=0}
                      ; - com.jme3.app.SimpleApplication::update@197 (line 272)
                      ; - com.jme3.system.lwjgl.LwjglWindow::runLoop@37 (line 530)
  0x0000027d46de7394: c8cf 60ff 

  0x0000027d46de7398: ;   {other}
  0x0000027d46de7398: 0f1f 8400 | 1066 00e8 | baf4 ffff | ff48 8b6c | 2428 4889 | 7c24 20c5 | fa10 4c24 | 5844 8954 
  0x0000027d46de73b8: 242c c5f8 | 28c1 c5fa | 1144 2430 | 4489 4424 | 3466 6690 

  0x0000027d46de73cc: ;   {runtime_call UncommonTrapBlob}
  0x0000027d46de73cc: c5f8 77e8 

  0x0000027d46de73d0: ; ImmutableOopMap {rbp=Oop [32]=Oop [44]=NarrowOop }
                      ;*instanceof {reexecute=0 rethrow=0 return_oop=0}
                      ; - com.jme3.renderer.RenderManager::render@4 (line 1140)
                      ; - com.jme3.app.SimpleApplication::update@197 (line 272)
                      ; - com.jme3.system.lwjgl.LwjglWindow::runLoop@37 (line 530)
  0x0000027d46de73d0: 8ccf 60ff 

  0x0000027d46de73d4: ;   {other}
  0x0000027d46de73d4: 0f1f 8400 | 4c66 00e9 | baf6 ffff | ff48 8b6c | 2428 4889 | 7c24 20c5 | fa10 4c24 | 5844 8954 
  0x0000027d46de73f4: 242c c5f8 | 28c1 c5fa | 1144 2430 | 4489 4424 | 3466 6690 

  0x0000027d46de7408: ;   {runtime_call UncommonTrapBlob}
  0x0000027d46de7408: c5f8 77e8 

  0x0000027d46de740c: ; ImmutableOopMap {rbp=Oop [32]=Oop [44]=NarrowOop }
                      ;*invokevirtual newFrame {reexecute=0 rethrow=0 return_oop=0}
                      ; - com.jme3.renderer.RenderManager::render@15 (line 1144)
                      ; - com.jme3.app.SimpleApplication::update@197 (line 272)
                      ; - com.jme3.system.lwjgl.LwjglWindow::runLoop@37 (line 530)
  0x0000027d46de740c: 50cf 60ff 

  0x0000027d46de7410: ;   {other}
  0x0000027d46de7410: 0f1f 8400 | 8866 00ea | baf6 ffff | ff48 8b6c | 2428 4c8b | 5424 384c | 8954 2420 | c5fa 104c 
  0x0000027d46de7430: 2458 c5fa | 114c 2430 | 4489 5c24 | 3c66 6690 

  0x0000027d46de7440: ;   {runtime_call UncommonTrapBlob}
  0x0000027d46de7440: c5f8 77e8 

  0x0000027d46de7444: ; ImmutableOopMap {rbp=Oop [32]=Oop [60]=NarrowOop [64]=NarrowOop }
                      ;*invokevirtual getTimePerFrame {reexecute=0 rethrow=0 return_oop=0}
                      ; - com.jme3.shader.UniformBindingManager::newFrame@19 (line 272)
                      ; - com.jme3.renderer.RenderManager::render@15 (line 1144)
                      ; - com.jme3.app.SimpleApplication::update@197 (line 272)
                      ; - com.jme3.system.lwjgl.LwjglWindow::runLoop@37 (line 530)
  0x0000027d46de7444: 18cf 60ff 

  0x0000027d46de7448: ;   {other}
  0x0000027d46de7448: 0f1f 8400 | c066 00eb | baf6 ffff | ff48 8b6c | 2428 c5fa | 104c 2458 | c5f8 28c1 | c5fa 1144 
  0x0000027d46de7468: 2430 6690 

  0x0000027d46de746c: ;   {runtime_call UncommonTrapBlob}
  0x0000027d46de746c: c5f8 77e8 

  0x0000027d46de7470: ; ImmutableOopMap {rbp=Oop [56]=Oop [64]=NarrowOop }
                      ;*invokevirtual size {reexecute=0 rethrow=0 return_oop=0}
                      ; - com.jme3.renderer.RenderManager::render@44 (line 1147)
                      ; - com.jme3.app.SimpleApplication::update@197 (line 272)
                      ; - com.jme3.system.lwjgl.LwjglWindow::runLoop@37 (line 530)
  0x0000027d46de7470: ecce 60ff 

  0x0000027d46de7474: ;   {other}
  0x0000027d46de7474: 0f1f 8400 | ec66 00ec | baf6 ffff | ff48 8b6c | 2428 c5fa | 104c 2458 | c5f8 28c1 | c5fa 1144 
  0x0000027d46de7494: 2430 6690 

  0x0000027d46de7498: ;   {runtime_call UncommonTrapBlob}
  0x0000027d46de7498: c5f8 77e8 

  0x0000027d46de749c: ; ImmutableOopMap {rbp=Oop [56]=Oop [64]=NarrowOop }
                      ;*invokevirtual size {reexecute=0 rethrow=0 return_oop=0}
                      ; - com.jme3.renderer.RenderManager::render@114 (line 1155)
                      ; - com.jme3.app.SimpleApplication::update@197 (line 272)
                      ; - com.jme3.system.lwjgl.LwjglWindow::runLoop@37 (line 530)
  0x0000027d46de749c: c0ce 60ff 

  0x0000027d46de74a0: ;   {other}
  0x0000027d46de74a0: 0f1f 8400 | 1867 00ed | baf6 ffff | ff48 8b6c | 2428 c5fa | 1044 2458 | 4489 5424 | 2cc5 fa11 
  0x0000027d46de74c0: 4424 3090 

  0x0000027d46de74c4: ;   {runtime_call UncommonTrapBlob}
  0x0000027d46de74c4: c5f8 77e8 

  0x0000027d46de74c8: ; ImmutableOopMap {rbp=Oop [44]=NarrowOop [56]=Oop }
                      ;*invokevirtual size {reexecute=0 rethrow=0 return_oop=0}
                      ; - com.jme3.renderer.RenderManager::render@184 (line 1163)
                      ; - com.jme3.app.SimpleApplication::update@197 (line 272)
                      ; - com.jme3.system.lwjgl.LwjglWindow::runLoop@37 (line 530)
  0x0000027d46de74c8: 94ce 60ff 

  0x0000027d46de74cc: ;   {other}
  0x0000027d46de74cc: 0f1f 8400 | 4467 00ee | baf6 ffff | ff48 8b6c | 2428 4c8b | 4424 384c | 8944 2420 | c5fa 104c 
  0x0000027d46de74ec: 2458 4489 | 5424 2cc5 | f828 c1c5 | fa11 4424 | 3044 895c | 243c 6690 

  0x0000027d46de7504: ;   {runtime_call UncommonTrapBlob}
  0x0000027d46de7504: c5f8 77e8 

  0x0000027d46de7508: ; ImmutableOopMap {rbp=Oop [32]=Oop [44]=NarrowOop }
                      ;*invokevirtual get {reexecute=0 rethrow=0 return_oop=0}
                      ; - com.jme3.renderer.RenderManager::render@195 (line 1164)
                      ; - com.jme3.app.SimpleApplication::update@197 (line 272)
                      ; - com.jme3.system.lwjgl.LwjglWindow::runLoop@37 (line 530)
  0x0000027d46de7508: 54ce 60ff 

  0x0000027d46de750c: ;   {other}
  0x0000027d46de750c: 0f1f 8400 | 8467 00ef | baf6 ffff | ff48 8b6c | 2428 4c8b | 4424 384c | 8944 2420 | c5fa 1044 
  0x0000027d46de752c: 2458 4489 | 5424 2cc5 | fa11 4424 | 3044 8b54 | 2444 4489 | 5424 3444 | 895c 2438 | 897c 2444 
  0x0000027d46de754c: 895c 2448 | 895c 244c 

  0x0000027d46de7554: ;   {runtime_call UncommonTrapBlob}
  0x0000027d46de7554: c5f8 77e8 

  0x0000027d46de7558: ; ImmutableOopMap {rbp=Oop [32]=Oop [44]=NarrowOop [68]=NarrowOop }
                      ;*aaload {reexecute=0 rethrow=0 return_oop=0}
                      ; - java.util.ArrayList::elementData@5 (line 412)
                      ; - java.util.ArrayList::get@11 (line 429)
                      ; - com.jme3.renderer.RenderManager::render@195 (line 1164)
                      ; - com.jme3.app.SimpleApplication::update@197 (line 272)
                      ; - com.jme3.system.lwjgl.LwjglWindow::runLoop@37 (line 530)
  0x0000027d46de7558: 04ce 60ff 

  0x0000027d46de755c: ;   {other}
  0x0000027d46de755c: 0f1f 8400 | d467 00f0 | baf4 ffff | ff48 8b6c | 2428 4c8b | 5c24 384c | 895c 2420 | c5fa 1044 
  0x0000027d46de757c: 2458 4489 | 5424 2cc5 | fa11 4424 | 3089 5c24 | 3866 6690 

  0x0000027d46de7590: ;   {runtime_call UncommonTrapBlob}
  0x0000027d46de7590: c5f8 77e8 

  0x0000027d46de7594: ; ImmutableOopMap {rbp=Oop [32]=Oop [44]=NarrowOop }
                      ;*checkcast {reexecute=0 rethrow=0 return_oop=0}
                      ; - com.jme3.renderer.RenderManager::render@198 (line 1164)
                      ; - com.jme3.app.SimpleApplication::update@197 (line 272)
                      ; - com.jme3.system.lwjgl.LwjglWindow::runLoop@37 (line 530)
  0x0000027d46de7594: c8cd 60ff 

  0x0000027d46de7598: ;   {other}
  0x0000027d46de7598: 0f1f 8400 | 1068 00f1 | baf6 ffff | ff48 8b6c | 2428 6690 

  0x0000027d46de75ac: ;   {runtime_call UncommonTrapBlob}
  0x0000027d46de75ac: c5f8 77e8 

  0x0000027d46de75b0: ; ImmutableOopMap {rbp=Oop [56]=Oop }
                      ;*invokevirtual postRender {reexecute=0 rethrow=0 return_oop=0}
                      ; - com.jme3.app.SimpleApplication::update@212 (line 274)
                      ; - com.jme3.system.lwjgl.LwjglWindow::runLoop@37 (line 530)
  0x0000027d46de75b0: accd 60ff 

  0x0000027d46de75b4: ;   {other}
  0x0000027d46de75b4: 0f1f 8400 | 2c68 00f2 | baf6 ffff | ff48 8b6c | 2428 4889 | 7424 2089 | 7c24 3044 | 8954 2438 
  0x0000027d46de75d4: ;   {runtime_call UncommonTrapBlob}
  0x0000027d46de75d4: c5f8 77e8 

  0x0000027d46de75d8: ; ImmutableOopMap {rbp=Oop [32]=Oop [48]=NarrowOop [56]=NarrowOop }
                      ;*invokevirtual getArray {reexecute=0 rethrow=0 return_oop=0}
                      ; - com.jme3.app.state.AppStateManager::getStates@11 (line 127)
                      ; - com.jme3.app.state.AppStateManager::postRender@1 (line 378)
                      ; - com.jme3.app.SimpleApplication::update@212 (line 274)
                      ; - com.jme3.system.lwjgl.LwjglWindow::runLoop@37 (line 530)
  0x0000027d46de75d8: 84cd 60ff 

  0x0000027d46de75dc: ;   {other}
  0x0000027d46de75dc: 0f1f 8400 | 5468 00f3 | baf6 ffff | ff48 8b6c | 2428 4c8b | 5c24 384c | 895c 2420 | c5fa 104c 
  0x0000027d46de75fc: 2458 4489 | 5424 2cc5 | f828 c1c5 | fa11 4424 | 3044 8b5c | 2444 4489 | 5c24 3444 | 8944 243c 
  0x0000027d46de761c: ;   {runtime_call UncommonTrapBlob}
  0x0000027d46de761c: c5f8 77e8 

  0x0000027d46de7620: ; ImmutableOopMap {rbp=Oop [32]=Oop [44]=NarrowOop [80]=Oop }
                      ;*invokevirtual size {reexecute=0 rethrow=0 return_oop=0}
                      ; - com.jme3.renderer.RenderManager::render@184 (line 1163)
                      ; - com.jme3.app.SimpleApplication::update@197 (line 272)
                      ; - com.jme3.system.lwjgl.LwjglWindow::runLoop@37 (line 530)
  0x0000027d46de7620: 3ccd 60ff 

  0x0000027d46de7624: ;   {other}
  0x0000027d46de7624: 0f1f 8400 | 9c68 00f4 | baf6 ffff | ff48 8b6c | 2428 6690 

  0x0000027d46de7638: ;   {runtime_call UncommonTrapBlob}
  0x0000027d46de7638: c5f8 77e8 

  0x0000027d46de763c: ; ImmutableOopMap {rbp=Oop }
                      ;*invokevirtual get {reexecute=0 rethrow=0 return_oop=0}
                      ; - com.jme3.system.lwjgl.LwjglWindow::runLoop@46 (line 535)
  0x0000027d46de763c: 20cd 60ff 

  0x0000027d46de7640: ;   {other}
  0x0000027d46de7640: 0f1f 8400 | b868 00f5 | baf6 ffff | ff48 8b6c | 2428 4c89 | 5424 2890 

  0x0000027d46de7658: ;   {runtime_call UncommonTrapBlob}
  0x0000027d46de7658: c5f8 77e8 

  0x0000027d46de765c: ; ImmutableOopMap {rbp=Oop [40]=Oop }
                      ;*invokevirtual deleteUnused {reexecute=0 rethrow=0 return_oop=0}
                      ; - com.jme3.renderer.opengl.GLRenderer::postFrame@5 (line 1117)
                      ; - com.jme3.system.lwjgl.LwjglWindow::runLoop@100 (line 549)
  0x0000027d46de765c: 00cd 60ff 

  0x0000027d46de7660: ;   {other}
  0x0000027d46de7660: 0f1f 8400 | d868 00f6 | baf6 ffff | ff48 8b6c | 2428 4489 | 4424 284c | 8954 2430 

  0x0000027d46de767c: ;   {runtime_call UncommonTrapBlob}
  0x0000027d46de767c: c5f8 77e8 

  0x0000027d46de7680: ; ImmutableOopMap {rbp=Oop [40]=NarrowOop [48]=Oop }
                      ;*invokevirtual isEmpty {reexecute=0 rethrow=0 return_oop=0}
                      ; - com.jme3.util.NativeObjectManager::deleteUnused@12 (line 175)
                      ; - com.jme3.renderer.opengl.GLRenderer::postFrame@5 (line 1117)
                      ; - com.jme3.system.lwjgl.LwjglWindow::runLoop@100 (line 549)
  0x0000027d46de7680: dccc 60ff 

  0x0000027d46de7684: ;   {other}
  0x0000027d46de7684: 0f1f 8400 | fc68 00f7 | baf6 ffff | ff48 8b6c | 2428 4489 | 4424 284c | 8954 2430 

  0x0000027d46de76a0: ;   {runtime_call UncommonTrapBlob}
  0x0000027d46de76a0: c5f8 77e8 

  0x0000027d46de76a4: ; ImmutableOopMap {rbp=Oop [40]=NarrowOop [48]=Oop }
                      ;*invokevirtual poll {reexecute=0 rethrow=0 return_oop=0}
                      ; - com.jme3.util.NativeObjectManager::deleteUnused@54 (line 183)
                      ; - com.jme3.renderer.opengl.GLRenderer::postFrame@5 (line 1117)
                      ; - com.jme3.system.lwjgl.LwjglWindow::runLoop@100 (line 549)
  0x0000027d46de76a4: b8cc 60ff 

  0x0000027d46de76a8: ;   {other}
  0x0000027d46de76a8: 0f1f 8400 | 2069 00f8 | baf6 ffff | ff4c 8954 | 2420 6690 

  0x0000027d46de76bc: ;   {runtime_call UncommonTrapBlob}
  0x0000027d46de76bc: c5f8 77e8 

  0x0000027d46de76c0: ; ImmutableOopMap {[32]=Oop [40]=Oop }
                      ;*invokevirtual isEmpty {reexecute=0 rethrow=0 return_oop=0}
                      ; - com.jme3.opencl.OpenCLObjectManager::deleteUnusedObjects@4 (line 83)
                      ; - com.jme3.renderer.opengl.GLRenderer::postFrame@11 (line 1118)
                      ; - com.jme3.system.lwjgl.LwjglWindow::runLoop@100 (line 549)
  0x0000027d46de76c0: 9ccc 60ff 

  0x0000027d46de76c4: ;   {other}
  0x0000027d46de76c4: 0f1f 8400 | 3c69 00f9 | baf6 ffff | ff4c 8b5c | 2428 4c89 | 5c24 204c | 8954 2428 

  0x0000027d46de76e0: ;   {runtime_call UncommonTrapBlob}
  0x0000027d46de76e0: c5f8 77e8 

  0x0000027d46de76e4: ; ImmutableOopMap {rbp=NarrowOop [32]=Oop [40]=Oop }
                      ;*invokevirtual isEmpty {reexecute=0 rethrow=0 return_oop=0}
                      ; - java.util.HashSet::isEmpty@4 (line 201)
                      ; - com.jme3.opencl.OpenCLObjectManager::deleteUnusedObjects@4 (line 83)
                      ; - com.jme3.renderer.opengl.GLRenderer::postFrame@11 (line 1118)
                      ; - com.jme3.system.lwjgl.LwjglWindow::runLoop@100 (line 549)
  0x0000027d46de76e4: 78cc 60ff 

  0x0000027d46de76e8: ;   {other}
  0x0000027d46de76e8: 0f1f 8400 | 6069 00fa | baf6 ffff | ff4c 8954 | 2420 6690 

  0x0000027d46de76fc: ;   {runtime_call UncommonTrapBlob}
  0x0000027d46de76fc: c5f8 77e8 

  0x0000027d46de7700: ; ImmutableOopMap {[32]=Oop [40]=Oop }
                      ;*getfield levelValue {reexecute=1 rethrow=0 return_oop=0}
                      ; - (reexecute) java.util.logging.Logger::isLoggable@4 (line 2036)
                      ; - java.util.logging.Logger::log@2 (line 1029)
                      ; - com.jme3.opencl.OpenCLObjectManager::deleteUnusedObjects@18 (line 84)
                      ; - com.jme3.renderer.opengl.GLRenderer::postFrame@11 (line 1118)
                      ; - com.jme3.system.lwjgl.LwjglWindow::runLoop@100 (line 549)
  0x0000027d46de7700: 5ccc 60ff 

  0x0000027d46de7704: ;   {other}
  0x0000027d46de7704: 0f1f 8400 | 7c69 00fb | baf6 ffff | ff4c 8954 | 2420 6690 

  0x0000027d46de7718: ;   {runtime_call UncommonTrapBlob}
  0x0000027d46de7718: c5f8 77e8 

  0x0000027d46de771c: ; ImmutableOopMap {[32]=Oop [40]=Oop }
                      ;*invokeinterface resetStats {reexecute=0 rethrow=0 return_oop=0}
                      ; - com.jme3.renderer.opengl.GLRenderer::postFrame@18 (line 1119)
                      ; - com.jme3.system.lwjgl.LwjglWindow::runLoop@100 (line 549)
  0x0000027d46de771c: 40cc 60ff 

  0x0000027d46de7720: ;   {other}
  0x0000027d46de7720: 0f1f 8400 | 9869 00fc | baf6 ffff | ff44 895c | 2420 6690 

  0x0000027d46de7734: ;   {runtime_call UncommonTrapBlob}
  0x0000027d46de7734: c5f8 77e8 

  0x0000027d46de7738: ; ImmutableOopMap {[40]=Oop }
                      ;*invokevirtual getFrameRate {reexecute=0 rethrow=0 return_oop=0}
                      ; - com.jme3.system.lwjgl.LwjglWindow::runLoop@120 (line 553)
  0x0000027d46de7738: 24cc 60ff 

  0x0000027d46de773c: ;   {other}
  0x0000027d46de773c: 0f1f 8400 | b469 00fd | ba45 ffff | ff48 8b6c | 2428 4c8b | 5424 384c | 8954 2428 | 895c 2434 
  0x0000027d46de775c: 4889 4c24 | 4048 897c | 2448 895c | 2450 4489 | 5c24 5890 

  0x0000027d46de7770: ;   {runtime_call UncommonTrapBlob}
  0x0000027d46de7770: c5f8 77e8 

  0x0000027d46de7774: ; ImmutableOopMap {rbp=Oop [40]=Oop [52]=NarrowOop [64]=Oop [72]=Oop [80]=NarrowOop [88]=NarrowOop }
                      ;*ifnull {reexecute=1 rethrow=0 return_oop=0}
                      ; - (reexecute) java.lang.ThreadLocal::set@7 (line 264)
                      ; - java.lang.ThreadLocal::set@5 (line 251)
                      ; - com.jme3.audio.AudioContext::setAudioRenderer@4 (line 44)
                      ; - com.jme3.app.LegacyApplication::update@4 (line 712)
                      ; - com.jme3.app.SimpleApplication::update@20 (line 246)
                      ; - com.jme3.system.lwjgl.LwjglWindow::runLoop@37 (line 530)
  0x0000027d46de7774: e8cb 60ff 

  0x0000027d46de7778: ;   {other}
  0x0000027d46de7778: 0f1f 8400 | f069 00fe | ba45 ffff | ff48 8b6c | 2428 488b | 4424 3848 | 8944 2428 | 895c 2434 
  0x0000027d46de7798: 4889 4c24 | 4048 897c | 2448 895c | 2450 4489 | 5c24 5848 | 894c 2460 | 4489 4c24 | 6844 8944 
  0x0000027d46de77b8: 246c 4489 | 5424 7089 | 7424 7890 

  0x0000027d46de77c4: ;   {runtime_call UncommonTrapBlob}
  0x0000027d46de77c4: c5f8 77e8 

  0x0000027d46de77c8: ; ImmutableOopMap {rbp=Oop [40]=Oop [52]=NarrowOop [64]=Oop [72]=Oop [80]=NarrowOop [88]=NarrowOop [96]=Oop [104]=NarrowOop [120]=NarrowOop }
                      ;*ifnull {reexecute=1 rethrow=0 return_oop=0}
                      ; - (reexecute) java.lang.ThreadLocal$ThreadLocalMap::set@28 (line 550)
                      ; - java.lang.ThreadLocal::set@13 (line 265)
                      ; - java.lang.ThreadLocal::set@5 (line 251)
                      ; - com.jme3.audio.AudioContext::setAudioRenderer@4 (line 44)
                      ; - com.jme3.app.LegacyApplication::update@4 (line 712)
                      ; - com.jme3.app.SimpleApplication::update@20 (line 246)
                      ; - com.jme3.system.lwjgl.LwjglWindow::runLoop@37 (line 530)
  0x0000027d46de77c8: 94cb 60ff 

  0x0000027d46de77cc: ;   {other}
  0x0000027d46de77cc: 0f1f 8400 | 446a 00ff | ba45 ffff | ff48 8b6c | 2428 4c89 | 5424 2844 | 894c 2430 

  0x0000027d46de77e8: ;   {runtime_call UncommonTrapBlob}
  0x0000027d46de77e8: c5f8 77e8 

  0x0000027d46de77ec: ; ImmutableOopMap {rbp=Oop [40]=Oop [48]=NarrowOop [56]=Oop }
                      ;*ifnull {reexecute=1 rethrow=0 return_oop=0}
                      ; - (reexecute) com.jme3.app.LegacyApplication::update@98 (line 727)
                      ; - com.jme3.app.SimpleApplication::update@20 (line 246)
                      ; - com.jme3.system.lwjgl.LwjglWindow::runLoop@37 (line 530)
  0x0000027d46de77ec: 70cb 60ff 

  0x0000027d46de77f0: ;   {other}
  0x0000027d46de77f0: 0f1f 8400 | 0000 0000 | ba45 ffff | ff66 6690 

  0x0000027d46de7800: ;   {runtime_call UncommonTrapBlob}
  0x0000027d46de7800: c5f8 77e8 

  0x0000027d46de7804: ; ImmutableOopMap {rbp=NarrowOop [40]=Oop }
                      ;*ifnull {reexecute=1 rethrow=0 return_oop=0}
                      ; - (reexecute) com.jme3.system.lwjgl.LwjglWindow::runLoop@93 (line 548)
  0x0000027d46de7804: 58cb 60ff 

  0x0000027d46de7808: ;   {other}
  0x0000027d46de7808: 0f1f 8400 | 0000 0000 | baf4 ffff | ff48 8b6c | 2428 488b | 4c24 3848 | 894c 2428 | c5fa 104c 
  0x0000027d46de7828: 2440 c5fa | 114c 2430 | 488b 4c24 | 5048 894c | 2438 4489 | 4424 3444 | 895c 2440 | 4489 5424 
  0x0000027d46de7848: 4848 8944 | 2450 8974 | 244c 897c | 2458 4489 | 4c24 5c90 

  0x0000027d46de785c: ;   {runtime_call UncommonTrapBlob}
  0x0000027d46de785c: c5f8 77e8 

  0x0000027d46de7860: ; ImmutableOopMap {rbp=Oop [40]=Oop [72]=NarrowOop [80]=Oop [88]=NarrowOop [92]=NarrowOop }
                      ;*checkcast {reexecute=0 rethrow=0 return_oop=0}
                      ; - com.jme3.input.InputManager::invokeUpdateActions@36 (line 213)
                      ; - com.jme3.input.InputManager::update@106 (line 918)
                      ; - com.jme3.app.LegacyApplication::update@91 (line 724)
                      ; - com.jme3.app.SimpleApplication::update@20 (line 246)
                      ; - com.jme3.system.lwjgl.LwjglWindow::runLoop@37 (line 530)
  0x0000027d46de7860: fcca 60ff 

  0x0000027d46de7864: ;   {other}
  0x0000027d46de7864: 0f1f 8400 | 0000 0000 | baf6 ffff | ff4c 8b44 | 2428 4c89 | 4424 204c | 8b44 2438 | 4c89 4424 
  0x0000027d46de7884: 30c5 fa10 | 4424 40c5 | fa11 4424 | 384c 8b44 | 2450 4c89 | 4424 4044 | 895c 243c | 4489 5424 
  0x0000027d46de78a4: 4c89 5c24 | 5044 894c | 2454 6690 

  0x0000027d46de78b0: ;   {runtime_call UncommonTrapBlob}
  0x0000027d46de78b0: c5f8 77e8 

  0x0000027d46de78b4: ; ImmutableOopMap {[32]=Oop [48]=Oop [76]=NarrowOop [80]=NarrowOop [84]=NarrowOop }
                      ;*aaload {reexecute=0 rethrow=0 return_oop=0}
                      ; - com.jme3.util.IntMap$IntMapIterator::next@78 (line 278)
                      ; - com.jme3.util.IntMap$IntMapIterator::next@1 (line 228)
                      ; - com.jme3.input.InputManager::invokeUpdateActions@18 (line 210)
                      ; - com.jme3.input.InputManager::update@106 (line 918)
                      ; - com.jme3.app.LegacyApplication::update@91 (line 724)
                      ; - com.jme3.app.SimpleApplication::update@20 (line 246)
                      ; - com.jme3.system.lwjgl.LwjglWindow::runLoop@37 (line 530)
  0x0000027d46de78b4: a8ca 60ff 

  0x0000027d46de78b8: ;   {other}
  0x0000027d46de78b8: 0f1f 8400 | 0000 0000 | 488b e8eb | 0848 8be8 | eb03 488b | e8ba 9dff | ffff 4c8b | 5424 284c 
  0x0000027d46de78d8: 8954 2420 | 4c8b 5424 | 384c 8954 | 2428 448b | 5c24 4044 | 895c 2434 | 448b 5424 | 4444 8954 
  0x0000027d46de78f8: 243c 6690 

  0x0000027d46de78fc: ;   {runtime_call UncommonTrapBlob}
  0x0000027d46de78fc: c5f8 77e8 

  0x0000027d46de7900: ; ImmutableOopMap {rbp=Oop [32]=Oop [40]=Oop [52]=NarrowOop [60]=NarrowOop [72]=NarrowOop }
                      ;*astore_2 {reexecute=0 rethrow=0 return_oop=0}
                      ; - com.jme3.app.state.AppStateManager::getStates@20 (line 128)
                      ; - com.jme3.app.state.AppStateManager::render@1 (line 366)
                      ; - com.jme3.app.SimpleApplication::update@161 (line 269)
                      ; - com.jme3.system.lwjgl.LwjglWindow::runLoop@37 (line 530)
  0x0000027d46de7900: 5cca 60ff 

  0x0000027d46de7904: ;   {other}
  0x0000027d46de7904: 0f1f 8400 | 0000 0000 | 488b e8eb | 0848 8be8 | eb03 488b | e8ba 9dff | ffff 4c8b | 5424 284c 
  0x0000027d46de7924: 8954 2420 | 4c8b 5424 | 384c 8954 | 2428 448b | 5c24 4044 | 895c 2438 

  0x0000027d46de793c: ;   {runtime_call UncommonTrapBlob}
  0x0000027d46de793c: c5f8 77e8 

  0x0000027d46de7940: ; ImmutableOopMap {rbp=Oop [32]=Oop [40]=Oop [56]=NarrowOop [68]=NarrowOop }
                      ;*astore_2 {reexecute=0 rethrow=0 return_oop=0}
                      ; - com.jme3.app.state.AppStateManager::getStates@20 (line 128)
                      ; - com.jme3.app.state.AppStateManager::postRender@1 (line 378)
                      ; - com.jme3.app.SimpleApplication::update@212 (line 274)
                      ; - com.jme3.system.lwjgl.LwjglWindow::runLoop@37 (line 530)
  0x0000027d46de7940: 1cca 60ff 

  0x0000027d46de7944: ;   {other}
  0x0000027d46de7944: 0f1f 8400 | 0000 0000 | baf4 ffff | ffc5 fa10 | 4424 44c5 | fa11 4424 | 2c66 6690 

  0x0000027d46de7960: ;   {runtime_call UncommonTrapBlob}
  0x0000027d46de7960: c5f8 77e8 

  0x0000027d46de7964: ; ImmutableOopMap {rbp=Oop [56]=Oop [96]=Oop }
                      ;*checkcast {reexecute=0 rethrow=0 return_oop=0}
                      ; - com.jme3.scene.Node::updateLogicalState@20 (line 241)
                      ; - com.jme3.app.SimpleApplication::update@109 (line 261)
                      ; - com.jme3.system.lwjgl.LwjglWindow::runLoop@37 (line 530)
  0x0000027d46de7964: f8c9 60ff 

  0x0000027d46de7968: ;   {other}
  0x0000027d46de7968: 0f1f 8400 | 0000 0000 | baf4 ffff | ffc5 fa10 | 4c24 44c5 | f828 c1c5 | fa11 4424 | 2c66 6690 
  0x0000027d46de7988: ;   {runtime_call UncommonTrapBlob}
  0x0000027d46de7988: c5f8 77e8 

  0x0000027d46de798c: ; ImmutableOopMap {rbp=Oop [56]=Oop [96]=Oop }
                      ;*checkcast {reexecute=0 rethrow=0 return_oop=0}
                      ; - com.jme3.scene.Node::updateLogicalState@20 (line 241)
                      ; - com.jme3.app.SimpleApplication::update@117 (line 262)
                      ; - com.jme3.system.lwjgl.LwjglWindow::runLoop@37 (line 530)
  0x0000027d46de798c: d0c9 60ff 

  0x0000027d46de7990: ;   {other}
  0x0000027d46de7990: 0f1f 8400 | 0000 0000 | baf6 ffff | ff48 8b6c | 2428 4c8b | 4424 384c | 8944 2428 | c5fa 1044 
  0x0000027d46de79b0: 2440 c5fa | 1144 2430 | 4889 4424 | 3844 8954 | 2434 4c89 | 5c24 4044 | 894c 2448 

  0x0000027d46de79cc: ;   {runtime_call UncommonTrapBlob}
  0x0000027d46de79cc: c5f8 77e8 

  0x0000027d46de79d0: ; ImmutableOopMap {rbp=Oop [40]=Oop [52]=NarrowOop [64]=Oop [72]=NarrowOop }
                      ;*invokeinterface poll {reexecute=0 rethrow=0 return_oop=0}
                      ; - com.jme3.input.lwjgl.GlfwMouseInput::update@122 (line 298)
                      ; - com.jme3.input.InputManager::update@59 (line 907)
                      ; - com.jme3.app.LegacyApplication::update@91 (line 724)
                      ; - com.jme3.app.SimpleApplication::update@20 (line 246)
                      ; - com.jme3.system.lwjgl.LwjglWindow::runLoop@37 (line 530)
  0x0000027d46de79d0: 8cc9 60ff 

  0x0000027d46de79d4: ;   {other}
  0x0000027d46de79d4: 0f1f 8400 | 0000 0000 | baf6 ffff | ff48 8b6c | 2428 488b | 5c24 3848 | 895c 2428 | c5fa 1044 
  0x0000027d46de79f4: 2440 c5fa | 1144 2430 | 4889 4424 | 3844 8954 | 2434 4c89 | 5c24 4044 | 894c 2448 | 4889 4c24 
  0x0000027d46de7a14: 5889 7424 | 4c44 8944 | 2464 4489 | 4424 6890 

  0x0000027d46de7a24: ;   {runtime_call UncommonTrapBlob}
  0x0000027d46de7a24: c5f8 77e8 

  0x0000027d46de7a28: ; ImmutableOopMap {rbp=Oop [40]=Oop [52]=NarrowOop [64]=Oop [72]=NarrowOop [76]=NarrowOop [88]=Oop }
                      ;*aaload {reexecute=0 rethrow=0 return_oop=0}
                      ; - java.util.ArrayDeque::elementAt@2 (line 259)
                      ; - java.util.ArrayDeque::pollFirst@12 (line 379)
                      ; - java.util.ArrayDeque::poll@1 (line 537)
                      ; - com.jme3.input.lwjgl.GlfwMouseInput::update@122 (line 298)
                      ; - com.jme3.input.InputManager::update@59 (line 907)
                      ; - com.jme3.app.LegacyApplication::update@91 (line 724)
                      ; - com.jme3.app.SimpleApplication::update@20 (line 246)
                      ; - com.jme3.system.lwjgl.LwjglWindow::runLoop@37 (line 530)
  0x0000027d46de7a28: 34c9 60ff 

  0x0000027d46de7a2c: ;   {other}
  0x0000027d46de7a2c: 0f1f 8400 | 0000 0000 | baf6 ffff | ff48 8b6c | 2428 4c8b | 4424 384c | 8944 2428 | c5fa 1044 
  0x0000027d46de7a4c: 2440 c5fa | 1144 2430 | 4889 4424 | 3844 8954 | 2434 4c89 | 5c24 4044 | 894c 2448 

  0x0000027d46de7a68: ;   {runtime_call UncommonTrapBlob}
  0x0000027d46de7a68: c5f8 77e8 

  0x0000027d46de7a6c: ; ImmutableOopMap {rbp=Oop [40]=Oop [52]=NarrowOop [64]=Oop [72]=NarrowOop }
                      ;*invokeinterface poll {reexecute=0 rethrow=0 return_oop=0}
                      ; - com.jme3.input.lwjgl.GlfwKeyInput::update@31 (line 161)
                      ; - com.jme3.input.InputManager::update@50 (line 906)
                      ; - com.jme3.app.LegacyApplication::update@91 (line 724)
                      ; - com.jme3.app.SimpleApplication::update@20 (line 246)
                      ; - com.jme3.system.lwjgl.LwjglWindow::runLoop@37 (line 530)
  0x0000027d46de7a6c: f0c8 60ff 

  0x0000027d46de7a70: ;   {other}
  0x0000027d46de7a70: 0f1f 8400 | 0000 0000 | baf4 ffff | ff48 8b6c | 2428 4c8b | 4424 384c | 8944 2428 | c5fa 1044 
  0x0000027d46de7a90: 2440 c5fa | 1144 2430 | 4889 4424 | 3844 8954 | 2434 4c89 | 5c24 4044 | 894c 2448 

  0x0000027d46de7aac: ;   {runtime_call UncommonTrapBlob}
  0x0000027d46de7aac: c5f8 77e8 

  0x0000027d46de7ab0: ; ImmutableOopMap {rbp=Oop [40]=Oop [52]=NarrowOop [64]=Oop [72]=NarrowOop }
                      ;*checkcast {reexecute=0 rethrow=0 return_oop=0}
                      ; - com.jme3.input.lwjgl.GlfwMouseInput::update@127 (line 298)
                      ; - com.jme3.input.InputManager::update@59 (line 907)
                      ; - com.jme3.app.LegacyApplication::update@91 (line 724)
                      ; - com.jme3.app.SimpleApplication::update@20 (line 246)
                      ; - com.jme3.system.lwjgl.LwjglWindow::runLoop@37 (line 530)
  0x0000027d46de7ab0: acc8 60ff 

  0x0000027d46de7ab4: ;   {other}
  0x0000027d46de7ab4: 0f1f 8400 | 0000 0000 | baf6 ffff | ff48 8b6c | 2428 4c8b | 4424 384c | 8944 2428 | c5fa 1044 
  0x0000027d46de7ad4: 2440 c5fa | 1144 2430 | 4889 4424 | 3844 8954 | 2434 4c89 | 5c24 4048 | 894c 2448 

  0x0000027d46de7af0: ;   {runtime_call UncommonTrapBlob}
  0x0000027d46de7af0: c5f8 77e8 

  0x0000027d46de7af4: ; ImmutableOopMap {rbp=Oop [40]=Oop [52]=NarrowOop [64]=Oop [72]=Oop }
                      ;*invokeinterface onMouseMotionEvent {reexecute=0 rethrow=0 return_oop=0}
                      ; - com.jme3.input.lwjgl.GlfwMouseInput::update@130 (line 298)
                      ; - com.jme3.input.InputManager::update@59 (line 907)
                      ; - com.jme3.app.LegacyApplication::update@91 (line 724)
                      ; - com.jme3.app.SimpleApplication::update@20 (line 246)
                      ; - com.jme3.system.lwjgl.LwjglWindow::runLoop@37 (line 530)
  0x0000027d46de7af4: 68c8 60ff 

  0x0000027d46de7af8: ;   {other}
  0x0000027d46de7af8: 0f1f 8400 | 0000 0000 | baf6 ffff | ff48 8b6c | 2428 488b | 7c24 3848 | 897c 2428 | c5fa 1044 
  0x0000027d46de7b18: 2440 c5fa | 1144 2430 | 4889 4424 | 3844 8954 | 2434 4c89 | 5c24 4044 | 894c 2448 | 4889 4c24 
  0x0000027d46de7b38: 5889 5c24 | 4c44 8944 | 2464 4489 | 4424 6890 

  0x0000027d46de7b48: ;   {runtime_call UncommonTrapBlob}
  0x0000027d46de7b48: c5f8 77e8 

  0x0000027d46de7b4c: ; ImmutableOopMap {rbp=Oop [40]=Oop [52]=NarrowOop [64]=Oop [72]=NarrowOop [76]=NarrowOop [88]=Oop }
                      ;*aaload {reexecute=0 rethrow=0 return_oop=0}
                      ; - java.util.ArrayDeque::elementAt@2 (line 259)
                      ; - java.util.ArrayDeque::pollFirst@12 (line 379)
                      ; - java.util.ArrayDeque::poll@1 (line 537)
                      ; - com.jme3.input.lwjgl.GlfwKeyInput::update@31 (line 161)
                      ; - com.jme3.input.InputManager::update@50 (line 906)
                      ; - com.jme3.app.LegacyApplication::update@91 (line 724)
                      ; - com.jme3.app.SimpleApplication::update@20 (line 246)
                      ; - com.jme3.system.lwjgl.LwjglWindow::runLoop@37 (line 530)
  0x0000027d46de7b4c: 10c8 60ff 

  0x0000027d46de7b50: ;   {other}
  0x0000027d46de7b50: 0f1f 8400 | 0000 0000 | baf4 ffff | ff48 8b6c | 2428 4c8b | 4424 384c | 8944 2428 | c5fa 1044 
  0x0000027d46de7b70: 2440 c5fa | 1144 2430 | 4889 4424 | 3844 8954 | 2434 4c89 | 5c24 4044 | 894c 2448 

  0x0000027d46de7b8c: ;   {runtime_call UncommonTrapBlob}
  0x0000027d46de7b8c: c5f8 77e8 

  0x0000027d46de7b90: ; ImmutableOopMap {rbp=Oop [40]=Oop [52]=NarrowOop [64]=Oop [72]=NarrowOop }
                      ;*checkcast {reexecute=0 rethrow=0 return_oop=0}
                      ; - com.jme3.input.lwjgl.GlfwKeyInput::update@36 (line 161)
                      ; - com.jme3.input.InputManager::update@50 (line 906)
                      ; - com.jme3.app.LegacyApplication::update@91 (line 724)
                      ; - com.jme3.app.SimpleApplication::update@20 (line 246)
                      ; - com.jme3.system.lwjgl.LwjglWindow::runLoop@37 (line 530)
  0x0000027d46de7b90: ccc7 60ff 

  0x0000027d46de7b94: ;   {other}
  0x0000027d46de7b94: 0f1f 8400 | 0000 0000 | baf6 ffff | ff48 8b6c | 2428 4c8b | 4c24 384c | 894c 2428 | c5fa 1044 
  0x0000027d46de7bb4: 2440 c5fa | 1144 2430 | 4889 4424 | 3844 8954 | 2434 4c89 | 5c24 404c | 8944 2448 

  0x0000027d46de7bd0: ;   {runtime_call UncommonTrapBlob}
  0x0000027d46de7bd0: c5f8 77e8 

  0x0000027d46de7bd4: ; ImmutableOopMap {rbp=Oop [40]=Oop [52]=NarrowOop [64]=Oop [72]=Oop }
                      ;*invokeinterface onKeyEvent {reexecute=0 rethrow=0 return_oop=0}
                      ; - com.jme3.input.lwjgl.GlfwKeyInput::update@39 (line 161)
                      ; - com.jme3.input.InputManager::update@50 (line 906)
                      ; - com.jme3.app.LegacyApplication::update@91 (line 724)
                      ; - com.jme3.app.SimpleApplication::update@20 (line 246)
                      ; - com.jme3.system.lwjgl.LwjglWindow::runLoop@37 (line 530)
  0x0000027d46de7bd4: 88c7 60ff 

  0x0000027d46de7bd8: ;   {other}
  0x0000027d46de7bd8: 0f1f 8400 | 0000 0000 | baf6 ffff | ff48 8b6c | 2428 4c8b | 4424 384c | 8944 2428 | c5fa 1044 
  0x0000027d46de7bf8: 2440 c5fa | 1144 2430 | 4889 4424 | 3844 8954 | 2434 4c89 | 5c24 4044 | 894c 2448 

  0x0000027d46de7c14: ;   {runtime_call UncommonTrapBlob}
  0x0000027d46de7c14: c5f8 77e8 

  0x0000027d46de7c18: ; ImmutableOopMap {rbp=Oop [40]=Oop [52]=NarrowOop [64]=Oop [72]=NarrowOop }
                      ;*invokeinterface poll {reexecute=0 rethrow=0 return_oop=0}
                      ; - com.jme3.input.lwjgl.GlfwMouseInput::update@158 (line 302)
                      ; - com.jme3.input.InputManager::update@59 (line 907)
                      ; - com.jme3.app.LegacyApplication::update@91 (line 724)
                      ; - com.jme3.app.SimpleApplication::update@20 (line 246)
                      ; - com.jme3.system.lwjgl.LwjglWindow::runLoop@37 (line 530)
  0x0000027d46de7c18: 44c7 60ff 

  0x0000027d46de7c1c: ;   {other}
  0x0000027d46de7c1c: 0f1f 8400 | 0000 0000 | baf6 ffff | ff48 8b6c | 2428 488b | 5c24 3848 | 895c 2428 | c5fa 1044 
  0x0000027d46de7c3c: 2440 c5fa | 1144 2430 | 4889 4424 | 3844 8954 | 2434 4c89 | 5c24 4044 | 894c 2448 | 4889 4c24 
  0x0000027d46de7c5c: 5889 7c24 | 4c44 8944 | 2464 4489 | 4424 6890 

  0x0000027d46de7c6c: ;   {runtime_call UncommonTrapBlob}
  0x0000027d46de7c6c: c5f8 77e8 

  0x0000027d46de7c70: ; ImmutableOopMap {rbp=Oop [40]=Oop [52]=NarrowOop [64]=Oop [72]=NarrowOop [76]=NarrowOop [88]=Oop }
                      ;*aaload {reexecute=0 rethrow=0 return_oop=0}
                      ; - java.util.ArrayDeque::elementAt@2 (line 259)
                      ; - java.util.ArrayDeque::pollFirst@12 (line 379)
                      ; - java.util.ArrayDeque::poll@1 (line 537)
                      ; - com.jme3.input.lwjgl.GlfwMouseInput::update@158 (line 302)
                      ; - com.jme3.input.InputManager::update@59 (line 907)
                      ; - com.jme3.app.LegacyApplication::update@91 (line 724)
                      ; - com.jme3.app.SimpleApplication::update@20 (line 246)
                      ; - com.jme3.system.lwjgl.LwjglWindow::runLoop@37 (line 530)
  0x0000027d46de7c70: ecc6 60ff 

  0x0000027d46de7c74: ;   {other}
  0x0000027d46de7c74: 0f1f 8400 | 0000 0000 | baf4 ffff | ff48 8b6c | 2428 4c8b | 4424 384c | 8944 2428 | c5fa 1044 
  0x0000027d46de7c94: 2440 c5fa | 1144 2430 | 4889 4424 | 3844 8954 | 2434 4c89 | 5c24 4044 | 894c 2448 

  0x0000027d46de7cb0: ;   {runtime_call UncommonTrapBlob}
  0x0000027d46de7cb0: c5f8 77e8 

  0x0000027d46de7cb4: ; ImmutableOopMap {rbp=Oop [40]=Oop [52]=NarrowOop [64]=Oop [72]=NarrowOop }
                      ;*checkcast {reexecute=0 rethrow=0 return_oop=0}
                      ; - com.jme3.input.lwjgl.GlfwMouseInput::update@163 (line 302)
                      ; - com.jme3.input.InputManager::update@59 (line 907)
                      ; - com.jme3.app.LegacyApplication::update@91 (line 724)
                      ; - com.jme3.app.SimpleApplication::update@20 (line 246)
                      ; - com.jme3.system.lwjgl.LwjglWindow::runLoop@37 (line 530)
  0x0000027d46de7cb4: a8c6 60ff 

  0x0000027d46de7cb8: ;   {other}
  0x0000027d46de7cb8: 0f1f 8400 | 0000 0000 | baf6 ffff | ff48 8b6c | 2428 4c8b | 4c24 384c | 894c 2428 | c5fa 1044 
  0x0000027d46de7cd8: 2440 c5fa | 1144 2430 | 4889 4424 | 3844 8954 | 2434 4c89 | 5c24 404c | 8944 2448 

  0x0000027d46de7cf4: ;   {runtime_call UncommonTrapBlob}
  0x0000027d46de7cf4: c5f8 77e8 

  0x0000027d46de7cf8: ; ImmutableOopMap {rbp=Oop [40]=Oop [52]=NarrowOop [64]=Oop [72]=Oop }
                      ;*invokeinterface onMouseButtonEvent {reexecute=0 rethrow=0 return_oop=0}
                      ; - com.jme3.input.lwjgl.GlfwMouseInput::update@166 (line 302)
                      ; - com.jme3.input.InputManager::update@59 (line 907)
                      ; - com.jme3.app.LegacyApplication::update@91 (line 724)
                      ; - com.jme3.app.SimpleApplication::update@20 (line 246)
                      ; - com.jme3.system.lwjgl.LwjglWindow::runLoop@37 (line 530)
  0x0000027d46de7cf8: 64c6 60ff 

  0x0000027d46de7cfc: ;   {other}
  0x0000027d46de7cfc: 0f1f 8400 | 0000 0000 | baf6 ffff | ff48 8b6c | 2428 4c8b | 5424 384c | 8954 2428 | c5fa 104c 
  0x0000027d46de7d1c: 2440 c5fa | 114c 2430 | 448b 5424 | 4444 8954 | 2434 4c89 | 5c24 4090 

  0x0000027d46de7d34: ;   {runtime_call UncommonTrapBlob}
  0x0000027d46de7d34: c5f8 77e8 

  0x0000027d46de7d38: ; ImmutableOopMap {rbp=Oop [40]=Oop [52]=NarrowOop [64]=Oop }
                      ;*invokeinterface isEmpty {reexecute=0 rethrow=0 return_oop=0}
                      ; - com.jme3.input.lwjgl.GlfwKeyInput::update@15 (line 160)
                      ; - com.jme3.input.InputManager::update@50 (line 906)
                      ; - com.jme3.app.LegacyApplication::update@91 (line 724)
                      ; - com.jme3.app.SimpleApplication::update@20 (line 246)
                      ; - com.jme3.system.lwjgl.LwjglWindow::runLoop@37 (line 530)
  0x0000027d46de7d38: 24c6 60ff 

  0x0000027d46de7d3c: ;   {other}
  0x0000027d46de7d3c: 0f1f 8400 | 0000 0000 | baf6 ffff | ff48 8b6c | 2428 4c8b | 5424 384c | 8954 2428 | c5fa 104c 
  0x0000027d46de7d5c: 2440 c5fa | 114c 2430 | 448b 5424 | 4444 8954 | 2434 4c89 | 5c24 4090 

  0x0000027d46de7d74: ;   {runtime_call UncommonTrapBlob}
  0x0000027d46de7d74: c5f8 77e8 

  0x0000027d46de7d78: ; ImmutableOopMap {rbp=Oop [40]=Oop [52]=NarrowOop [64]=Oop }
                      ;*invokeinterface isEmpty {reexecute=0 rethrow=0 return_oop=0}
                      ; - com.jme3.input.lwjgl.GlfwMouseInput::update@142 (line 301)
                      ; - com.jme3.input.InputManager::update@59 (line 907)
                      ; - com.jme3.app.LegacyApplication::update@91 (line 724)
                      ; - com.jme3.app.SimpleApplication::update@20 (line 246)
                      ; - com.jme3.system.lwjgl.LwjglWindow::runLoop@37 (line 530)
  0x0000027d46de7d78: e4c5 60ff 

  0x0000027d46de7d7c: ;   {other}
  0x0000027d46de7d7c: 0f1f 8400 | 0000 0000 | baf6 ffff | ff48 8b6c | 2428 4c8b | 5424 384c | 8954 2428 | c5fa 1044 
  0x0000027d46de7d9c: 2440 c5fa | 1144 2430 

  0x0000027d46de7da4: ;   {runtime_call UncommonTrapBlob}
  0x0000027d46de7da4: c5f8 77e8 

  0x0000027d46de7da8: ; ImmutableOopMap {rbp=Oop [40]=Oop [80]=NarrowOop [96]=Oop }
                      ;*invokeinterface isEmpty {reexecute=0 rethrow=0 return_oop=0}
                      ; - com.jme3.input.lwjgl.GlfwMouseInput::update@106 (line 297)
                      ; - com.jme3.input.InputManager::update@59 (line 907)
                      ; - com.jme3.app.LegacyApplication::update@91 (line 724)
                      ; - com.jme3.app.SimpleApplication::update@20 (line 246)
                      ; - com.jme3.system.lwjgl.LwjglWindow::runLoop@37 (line 530)
  0x0000027d46de7da8: b4c5 60ff 

  0x0000027d46de7dac: ;   {other}
  0x0000027d46de7dac: 0f1f 8400 | 0000 0000 | ba9d ffff | ff48 8b6c | 2420 4889 | 4424 4090 

  0x0000027d46de7dc4: ;   {runtime_call UncommonTrapBlob}
  0x0000027d46de7dc4: c5f8 77e8 

  0x0000027d46de7dc8: ; ImmutableOopMap {rbp=Oop [40]=NarrowOop [48]=Oop [56]=Oop [64]=Oop }
                      ;*astore_2 {reexecute=0 rethrow=0 return_oop=0}
                      ; - java.lang.ref.ReferenceQueue::poll@30 (line 195)
                      ; - com.jme3.util.NativeObjectManager::deleteUnused@54 (line 183)
                      ; - com.jme3.renderer.opengl.GLRenderer::postFrame@5 (line 1117)
                      ; - com.jme3.system.lwjgl.LwjglWindow::runLoop@100 (line 549)
  0x0000027d46de7dc8: 94c5 60ff 

  0x0000027d46de7dcc: ;   {other}
  0x0000027d46de7dcc: 0f1f 8400 | 0000 0000 | baf6 ffff | ffc5 fb11 | 4c24 2090 

  0x0000027d46de7de0: ;   {runtime_call UncommonTrapBlob}
  0x0000027d46de7de0: c5f8 77e8 

  0x0000027d46de7de4: ; ImmutableOopMap {[40]=Oop }
                      ;*invokevirtual getTimePerFrame {reexecute=0 rethrow=0 return_oop=0}
                      ; - com.jme3.system.lwjgl.LwjglWindow::runLoop@170 (line 564)
  0x0000027d46de7de4: 78c5 60ff 

  0x0000027d46de7de8: ;   {other}
  0x0000027d46de7de8: 0f1f 8400 | 0000 0000 | 488b d0eb | 7248 8bd0 | eb6d eb68 | eb66 448b 

  0x0000027d46de7e00: ;   {metadata('java/lang/InterruptedException')}
  0x0000027d46de7e00: 5808 4181 | fbc8 9304 | 0174 6c48 | 8bd0 eb57 | 488b d0eb | 52eb 0048 | 8bd0 eb4b | eb46 eb44 
  0x0000027d46de7e20: eb42 eb40 | eb3e eb3c | eb3a eb38 | eb36 eb34 | eb32 eb30 | eb2e eb2c | eb2a eb00 | 488b d0eb 
  0x0000027d46de7e40: 26eb 21eb | 1f48 8bd0 | eb1d eb18 | eb16 eb14 | eb12 eb10 | eb0e eb0c | eb0a eb08 | eb06 eb04 
  0x0000027d46de7e60: eb02 eb00 | 488b d0c5 | f877 4881 | c4a0 0000 

  0x0000027d46de7e70: ;   {runtime_call _rethrow_Java}
  0x0000027d46de7e70: 005d e969 | c277 ff48 | 8be8 ba9d | ffff ff4c | 8b54 2428 | 4c89 5424 | 20c5 fb10 | 4424 30c5 
  0x0000027d46de7e90: fb11 4424 | 2866 6690 

  0x0000027d46de7e98: ;   {runtime_call UncommonTrapBlob}
  0x0000027d46de7e98: c5f8 77e8 

  0x0000027d46de7e9c: ; ImmutableOopMap {rbp=Oop [32]=Oop }
                      ;*astore {reexecute=0 rethrow=0 return_oop=0}
                      ; - com.jme3.system.lwjgl.LwjglWindow::runLoop@214 (line 571)
  0x0000027d46de7e9c: c0c4 60ff 

  0x0000027d46de7ea0: ;   {other}
  0x0000027d46de7ea0: 0f1f 8400 | 0000 0000 | 4883 ec08 | c5fb 1104 

  0x0000027d46de7eb0: ;   {runtime_call StubRoutines (initial stubs)}
  0x0000027d46de7eb0: 24e8 a192 | 5bff 415b | e9fe bfff | ff48 83ec | 08c5 fb11 

  0x0000027d46de7ec4: ;   {runtime_call StubRoutines (initial stubs)}
  0x0000027d46de7ec4: 0c24 e8e7 | 925b ff41 | 5ae9 babf 

  0x0000027d46de7ed0: ;   {internal_word}
  0x0000027d46de7ed0: ffff 49ba | 072e de46 | 7d02 0000 | 4d89 9760 

  0x0000027d46de7ee0: ;   {runtime_call SafepointBlob}
  0x0000027d46de7ee0: 0400 00e9 | f8d4 60ff | 4183 8718 | 0600 0008 | 49ff 8750 | 0500 00e9 | 1da9 ffff | 4983 ba9e 
  0x0000027d46de7f00: 0000 0000 | 74ea 49c7 | 423e 0000 | 0000 f083 | 0424 0049 | 83ba 9e00 | 0000 0075 | 0b48 33c0 
  0x0000027d46de7f20: f04d 0fb1 | 7a3e 74c8 | 33c0 e9ea | a8ff ff41 | 8387 1806 | 0000 0849 | ff87 5005 | 0000 e90b 
  0x0000027d46de7f40: a3ff ff49 | 83ba 9e00 | 0000 0074 | ea49 c742 | 3e00 0000 | 00f0 8304 | 2400 4983 | ba9e 0000 
  0x0000027d46de7f60: 0000 750b | 4833 c0f0 | 4d0f b17a | 3e74 c833 | c0e9 d8a2 | ffff 4183 | 8718 0600 | 0008 49ff 
  0x0000027d46de7f80: 8750 0500 | 00e9 bb9e | ffff 4983 | ba9e 0000 | 0000 74ea | 49c7 423e | 0000 0000 | f083 0424 
  0x0000027d46de7fa0: 0049 83ba | 9e00 0000 | 0075 0b48 | 33c0 f04d | 0fb1 7a3e | 74c8 33c0 | e988 9eff | ff48 83ec 
  0x0000027d46de7fc0: 08c5 fb11 

  0x0000027d46de7fc4: ;   {runtime_call StubRoutines (initial stubs)}
  0x0000027d46de7fc4: 0424 e8e7 | 915b ff58 | e99d 99ff 

  0x0000027d46de7fd0: ;   {runtime_call StubRoutines (final stubs)}
  0x0000027d46de7fd0: ffe8 6af7 | 5eff e9b3 | 96ff fff4 | f4f4 f4f4 
[Stub Code]
  0x0000027d46de7fe0: ;   {no_reloc}
  0x0000027d46de7fe0: 48bb 0000 | 0000 0000 

  0x0000027d46de7fe8: ;   {runtime_call nmethod}
  0x0000027d46de7fe8: 0000 e9fb 

  0x0000027d46de7fec: ;   {static_stub}
  0x0000027d46de7fec: ffff ff48 | bb00 0000 | 0000 0000 

  0x0000027d46de7ff8: ;   {runtime_call nmethod}
  0x0000027d46de7ff8: 00e9 fbff 

  0x0000027d46de7ffc: ;   {static_stub}
  0x0000027d46de7ffc: ffff 48bb | 8812 40a8 | 7d02 0000 

  0x0000027d46de8008: ;   {runtime_call I2C/C2I adapters}
  0x0000027d46de8008: e92a 3c62 

  0x0000027d46de800c: ;   {static_stub}
  0x0000027d46de800c: ff48 bb00 | 0000 0000 

  0x0000027d46de8014: ;   {runtime_call nmethod}
  0x0000027d46de8014: 0000 00e9 | fbff ffff 

  0x0000027d46de801c: ;   {static_stub}
  0x0000027d46de801c: 48bb 0000 | 0000 0000 

  0x0000027d46de8024: ;   {runtime_call nmethod}
  0x0000027d46de8024: 0000 e9fb 

  0x0000027d46de8028: ;   {static_stub}
  0x0000027d46de8028: ffff ff48 | bb00 0000 | 0000 0000 

  0x0000027d46de8034: ;   {runtime_call nmethod}
  0x0000027d46de8034: 00e9 fbff 

  0x0000027d46de8038: ;   {static_stub}
  0x0000027d46de8038: ffff 48bb | 0000 0000 | 0000 0000 

  0x0000027d46de8044: ;   {runtime_call nmethod}
  0x0000027d46de8044: e9fb ffff 

  0x0000027d46de8048: ;   {static_stub}
  0x0000027d46de8048: ff48 bb00 | 0000 0000 

  0x0000027d46de8050: ;   {runtime_call nmethod}
  0x0000027d46de8050: 0000 00e9 | fbff ffff 

  0x0000027d46de8058: ;   {static_stub}
  0x0000027d46de8058: 48bb 0000 | 0000 0000 

  0x0000027d46de8060: ;   {runtime_call nmethod}
  0x0000027d46de8060: 0000 e9fb 

  0x0000027d46de8064: ;   {static_stub}
  0x0000027d46de8064: ffff ff48 | bb00 0000 | 0000 0000 

  0x0000027d46de8070: ;   {runtime_call nmethod}
  0x0000027d46de8070: 00e9 fbff 

  0x0000027d46de8074: ;   {static_stub}
  0x0000027d46de8074: ffff 48bb | 0000 0000 | 0000 0000 

  0x0000027d46de8080: ;   {runtime_call nmethod}
  0x0000027d46de8080: e9fb ffff 

  0x0000027d46de8084: ;   {static_stub}
  0x0000027d46de8084: ff48 bb08 | da0b a97d 

  0x0000027d46de808c: ;   {runtime_call I2C/C2I adapters}
  0x0000027d46de808c: 0200 00e9 | a2be 60ff 

  0x0000027d46de8094: ;   {static_stub}
  0x0000027d46de8094: 48bb 0000 | 0000 0000 

  0x0000027d46de809c: ;   {runtime_call nmethod}
  0x0000027d46de809c: 0000 e9fb 

  0x0000027d46de80a0: ;   {static_stub}
  0x0000027d46de80a0: ffff ff48 | bb00 0000 | 0000 0000 

  0x0000027d46de80ac: ;   {runtime_call nmethod}
  0x0000027d46de80ac: 00e9 fbff 

  0x0000027d46de80b0: ;   {static_stub}
  0x0000027d46de80b0: ffff 48bb | 0000 0000 | 0000 0000 

  0x0000027d46de80bc: ;   {runtime_call nmethod}
  0x0000027d46de80bc: e9fb ffff 

  0x0000027d46de80c0: ;   {static_stub}
  0x0000027d46de80c0: ff48 bb00 | 0000 0000 

  0x0000027d46de80c8: ;   {runtime_call nmethod}
  0x0000027d46de80c8: 0000 00e9 | fbff ffff 

  0x0000027d46de80d0: ;   {static_stub}
  0x0000027d46de80d0: 48bb 0000 | 0000 0000 

  0x0000027d46de80d8: ;   {runtime_call nmethod}
  0x0000027d46de80d8: 0000 e9fb 

  0x0000027d46de80dc: ;   {static_stub}
  0x0000027d46de80dc: ffff ff48 | bb00 0000 | 0000 0000 

  0x0000027d46de80e8: ;   {runtime_call nmethod}
  0x0000027d46de80e8: 00e9 fbff 

  0x0000027d46de80ec: ;   {static_stub}
  0x0000027d46de80ec: ffff 48bb | 0000 0000 | 0000 0000 

  0x0000027d46de80f8: ;   {runtime_call nmethod}
  0x0000027d46de80f8: e9fb ffff 

  0x0000027d46de80fc: ;   {static_stub}
  0x0000027d46de80fc: ff48 bb80 | 4508 a97d 

  0x0000027d46de8104: ;   {runtime_call I2C/C2I adapters}
  0x0000027d46de8104: 0200 00e9 | b0f6 79ff 

  0x0000027d46de810c: ;   {static_stub}
  0x0000027d46de810c: 48bb 0000 | 0000 0000 

  0x0000027d46de8114: ;   {runtime_call nmethod}
  0x0000027d46de8114: 0000 e9fb 

  0x0000027d46de8118: ;   {static_stub}
  0x0000027d46de8118: ffff ff48 | bb00 0000 | 0000 0000 

  0x0000027d46de8124: ;   {runtime_call nmethod}
  0x0000027d46de8124: 00e9 fbff 

  0x0000027d46de8128: ;   {static_stub}
  0x0000027d46de8128: ffff 48bb | 0000 0000 | 0000 0000 

  0x0000027d46de8134: ;   {runtime_call nmethod}
  0x0000027d46de8134: e9fb ffff 

  0x0000027d46de8138: ;   {static_stub}
  0x0000027d46de8138: ff48 bb00 | 0000 0000 

  0x0000027d46de8140: ;   {runtime_call nmethod}
  0x0000027d46de8140: 0000 00e9 | fbff ffff 

  0x0000027d46de8148: ;   {static_stub}
  0x0000027d46de8148: 48bb 0000 | 0000 0000 

  0x0000027d46de8150: ;   {runtime_call nmethod}
  0x0000027d46de8150: 0000 e9fb 

  0x0000027d46de8154: ;   {static_stub}
  0x0000027d46de8154: ffff ff48 | bb00 0000 | 0000 0000 

  0x0000027d46de8160: ;   {runtime_call nmethod}
  0x0000027d46de8160: 00e9 fbff 

  0x0000027d46de8164: ;   {static_stub}
  0x0000027d46de8164: ffff 48bb | 0000 0000 | 0000 0000 

  0x0000027d46de8170: ;   {runtime_call nmethod}
  0x0000027d46de8170: e9fb ffff 

  0x0000027d46de8174: ;   {static_stub}
  0x0000027d46de8174: ff48 bb00 | 0000 0000 

  0x0000027d46de817c: ;   {runtime_call nmethod}
  0x0000027d46de817c: 0000 00e9 | fbff ffff 

  0x0000027d46de8184: ;   {static_stub}
  0x0000027d46de8184: 48bb 0000 | 0000 0000 

  0x0000027d46de818c: ;   {runtime_call nmethod}
  0x0000027d46de818c: 0000 e9fb 

  0x0000027d46de8190: ;   {static_stub}
  0x0000027d46de8190: ffff ff48 | bb00 0000 | 0000 0000 

  0x0000027d46de819c: ;   {runtime_call nmethod}
  0x0000027d46de819c: 00e9 fbff 

  0x0000027d46de81a0: ;   {runtime_call ExceptionBlob}
  0x0000027d46de81a0: ffff e9b9 | 6b6e ffe8 | 0000 0000 | 4883 2c24 

  0x0000027d46de81b0: ;   {runtime_call DeoptimizationBlob}
  0x0000027d46de81b0: 05e9 cac4 | 60ff f4f4 
[/MachCode]


---------------  P R O C E S S  ---------------

Threads class SMR info:
_java_thread_list=0x0000027dba349db0, length=19, elements={
0x0000027d36837e50, 0x0000027d667a4ff0, 0x0000027d667a7bc0, 0x0000027d667a9e80,
0x0000027d667ab8f0, 0x0000027d667ac930, 0x0000027d667ad390, 0x0000027d667c0050,
0x0000027d667cded0, 0x0000027d66990ac0, 0x0000027d66994050, 0x0000027d66994af0,
0x0000027d669a31f0, 0x0000027d669d57a0, 0x0000027dac6499d0, 0x0000027dae18b770,
0x0000027dae18c490, 0x0000027dae18ebf0, 0x0000027db6d5def0
}

Java Threads: ( => current thread )
=>0x0000027d36837e50 JavaThread "main"                              [_thread_in_native, id=40760, stack(0x000000e273200000,0x000000e273300000) (1024K)]
  0x0000027d667a4ff0 JavaThread "Reference Handler"          daemon [_thread_blocked, id=7092, stack(0x000000e273a00000,0x000000e273b00000) (1024K)]
  0x0000027d667a7bc0 JavaThread "Finalizer"                  daemon [_thread_blocked, id=33600, stack(0x000000e273b00000,0x000000e273c00000) (1024K)]
  0x0000027d667a9e80 JavaThread "Signal Dispatcher"          daemon [_thread_blocked, id=37396, stack(0x000000e273c00000,0x000000e273d00000) (1024K)]
  0x0000027d667ab8f0 JavaThread "Attach Listener"            daemon [_thread_blocked, id=4088, stack(0x000000e273d00000,0x000000e273e00000) (1024K)]
  0x0000027d667ac930 JavaThread "Service Thread"             daemon [_thread_blocked, id=14944, stack(0x000000e273e00000,0x000000e273f00000) (1024K)]
  0x0000027d667ad390 JavaThread "Monitor Deflation Thread"   daemon [_thread_blocked, id=53572, stack(0x000000e273f00000,0x000000e274000000) (1024K)]
  0x0000027d667c0050 JavaThread "C2 CompilerThread0"         daemon [_thread_blocked, id=57860, stack(0x000000e274000000,0x000000e274100000) (1024K)]
  0x0000027d667cded0 JavaThread "C1 CompilerThread0"         daemon [_thread_blocked, id=55864, stack(0x000000e274100000,0x000000e274200000) (1024K)]
  0x0000027d66990ac0 JavaThread "JDWP Transport Listener: dt_socket" daemon [_thread_blocked, id=17576, stack(0x000000e274300000,0x000000e274400000) (1024K)]
  0x0000027d66994050 JavaThread "JDWP Event Helper Thread"   daemon [_thread_blocked, id=50384, stack(0x000000e274400000,0x000000e274500000) (1024K)]
  0x0000027d66994af0 JavaThread "JDWP Command Reader"        daemon [_thread_in_native, id=54540, stack(0x000000e274500000,0x000000e274600000) (1024K)]
  0x0000027d669a31f0 JavaThread "Notification Thread"        daemon [_thread_blocked, id=59956, stack(0x000000e274600000,0x000000e274700000) (1024K)]
  0x0000027d669d57a0 JavaThread "Common-Cleaner"             daemon [_thread_blocked, id=5980, stack(0x000000e274700000,0x000000e274800000) (1024K)]
  0x0000027dac6499d0 JavaThread "Java2D Disposer"            daemon [_thread_blocked, id=40224, stack(0x000000e274a00000,0x000000e274b00000) (1024K)]
  0x0000027dae18b770 JavaThread "TimerQueue"                 daemon [_thread_blocked, id=58484, stack(0x000000e2756b0000,0x000000e2757b0000) (1024K)]
  0x0000027dae18c490 JavaThread "Thread to free LWJGL byte buffers" daemon [_thread_blocked, id=44000, stack(0x000000e277090000,0x000000e277190000) (1024K)]
  0x0000027dae18ebf0 JavaThread "jME3 Audio Decoder"         daemon [_thread_blocked, id=38524, stack(0x000000e2752b0000,0x000000e2753b0000) (1024K)]
  0x0000027db6d5def0 JavaThread "AWT-Shutdown"                      [_thread_blocked, id=56804, stack(0x000000e274900000,0x000000e274a00000) (1024K)]
Total: 19

Other Threads:
  0x0000027d4f13c730 VMThread "VM Thread"                           [id=28680, stack(0x000000e273900000,0x000000e273a00000) (1024K)]
  0x0000027d368af1c0 WorkerThread "GC Thread#0"                     [id=28980, stack(0x000000e273300000,0x000000e273400000) (1024K)]
  0x0000027db4d91d80 WorkerThread "GC Thread#1"                     [id=2980, stack(0x000000e275990000,0x000000e275a90000) (1024K)]
  0x0000027db4e199f0 WorkerThread "GC Thread#2"                     [id=38688, stack(0x000000e275a90000,0x000000e275b90000) (1024K)]
  0x0000027db4e89fb0 WorkerThread "GC Thread#3"                     [id=38928, stack(0x000000e275b90000,0x000000e275c90000) (1024K)]
  0x0000027db4e8a360 WorkerThread "GC Thread#4"                     [id=58020, stack(0x000000e275c90000,0x000000e275d90000) (1024K)]
  0x0000027db4e8ae70 WorkerThread "GC Thread#5"                     [id=49896, stack(0x000000e275d90000,0x000000e275e90000) (1024K)]
  0x0000027db4e89c00 WorkerThread "GC Thread#6"                     [id=41080, stack(0x000000e275e90000,0x000000e275f90000) (1024K)]
  0x0000027db4e8a710 WorkerThread "GC Thread#7"                     [id=53856, stack(0x000000e275f90000,0x000000e276090000) (1024K)]
  0x0000027db4e8aac0 WorkerThread "GC Thread#8"                     [id=53748, stack(0x000000e276090000,0x000000e276190000) (1024K)]
  0x0000027db4e8b220 WorkerThread "GC Thread#9"                     [id=59404, stack(0x000000e276190000,0x000000e276290000) (1024K)]
  0x0000027db4e8b5d0 WorkerThread "GC Thread#10"                    [id=14940, stack(0x000000e276290000,0x000000e276390000) (1024K)]
  0x0000027dae147200 WorkerThread "GC Thread#11"                    [id=38108, stack(0x000000e276390000,0x000000e276490000) (1024K)]
  0x0000027dae1475b0 WorkerThread "GC Thread#12"                    [id=55560, stack(0x000000e276490000,0x000000e276590000) (1024K)]
  0x0000027dae1466f0 WorkerThread "GC Thread#13"                    [id=26308, stack(0x000000e276990000,0x000000e276a90000) (1024K)]
  0x0000027dae1496e0 WorkerThread "GC Thread#14"                    [id=37996, stack(0x000000e276a90000,0x000000e276b90000) (1024K)]
  0x0000027dae147d10 WorkerThread "GC Thread#15"                    [id=43688, stack(0x000000e276b90000,0x000000e276c90000) (1024K)]
  0x0000027dae146e50 WorkerThread "GC Thread#16"                    [id=62076, stack(0x000000e276c90000,0x000000e276d90000) (1024K)]
  0x0000027dae149e40 WorkerThread "GC Thread#17"                    [id=40988, stack(0x000000e276d90000,0x000000e276e90000) (1024K)]
  0x0000027dae149a90 WorkerThread "GC Thread#18"                    [id=2572, stack(0x000000e276e90000,0x000000e276f90000) (1024K)]
  0x0000027dae147960 WorkerThread "GC Thread#19"                    [id=54868, stack(0x000000e276f90000,0x000000e277090000) (1024K)]
  0x0000027d4efcfd30 ConcurrentGCThread "G1 Main Marker"            terminated
  0x0000027d4efd0840 WorkerThread "G1 Conc#0"                       [id=17772, stack(0x000000e273500000,0x000000e273600000) (1024K)]
  0x0000027dae148820 WorkerThread "G1 Conc#1"                       [id=36500, stack(0x000000e277890000,0x000000e277990000) (1024K)]
  0x0000027dae148f80 WorkerThread "G1 Conc#2"                       [id=11008, stack(0x000000e277990000,0x000000e277a90000) (1024K)]
  0x0000027dae146aa0 WorkerThread "G1 Conc#3"                       [id=51384, stack(0x000000e277a90000,0x000000e277b90000) (1024K)]
  0x0000027dae148470 WorkerThread "G1 Conc#4"                       [id=55076, stack(0x000000e277b90000,0x000000e277c90000) (1024K)]
  0x0000027d4f0cd6e0 ConcurrentGCThread "G1 Refine#0"               terminated
  0x0000027d3440c070 ConcurrentGCThread "G1 Service"                terminated
Total: 29

Threads with active compile tasks:
Total: 0

VM state: not at safepoint (normal execution)

VM Mutex/Monitor currently owned by a thread: None

Heap address: 0x0000000404000000, size: 16320 MB, Compressed Oops mode: Zero based, Oop shift amount: 3

CDS archive(s) mapped at: [0x0000027d67000000-0x0000027d67d70000-0x0000027d67d70000), size 14090240, SharedBaseAddress: 0x0000027d67000000, ArchiveRelocationMode: 1.
Compressed class space mapped at: 0x0000027d68000000-0x0000027da8000000, reserved size: 1073741824
Narrow klass base: 0x0000027d67000000, Narrow klass shift: 0, Narrow klass range: 0x41000000

GC Precious Log:
 CardTable entry size: 512
 Card Set container configuration: InlinePtr #cards 4 size 8 Array Of Cards #cards 64 size 144 Howl #buckets 8 coarsen threshold 14745 Howl Bitmap #cards 2048 size 272 coarsen threshold 1843 Card regions per heap region 1 cards per card region 16384
 CPUs: 28 total, 28 available
 Memory: 65277M
 Large Page Support: Disabled
 NUMA Support: Disabled
 Compressed Oops: Enabled (Zero based)
 Heap Region Size: 8M
 Heap Min Capacity: 8M
 Heap Initial Capacity: 1G
 Heap Max Capacity: 16320M
 Pre-touch: Disabled
 Parallel Workers: 20
 Concurrent Workers: 5
 Concurrent Refinement Workers: 20
 Periodic GC: Disabled

Heap:
 garbage-first heap   total reserved 16711680K, committed 548864K, used 50620K [0x0000000404000000, 0x0000000800000000)
  region size 8192K, 6 young (49152K), 2 survivors (16384K)
 Metaspace       used 23784K, committed 24064K, reserved 1114112K
  class space    used 2192K, committed 2304K, reserved 1048576K

Heap Regions: E=young(eden), S=young(survivor), O=old, HS=humongous(starts), HC=humongous(continues), CS=collection set, F=free, TAMS=top-at-mark-start, PB=parsable bottom
|   0|0x0000000404000000, 0x0000000404000000, 0x0000000404800000|  0%| F|  |TAMS 0x0000000404000000| PB 0x0000000404000000| Untracked |  0
|   1|0x0000000404800000, 0x0000000405000000, 0x0000000405000000|100%| O|  |TAMS 0x0000000404800000| PB 0x0000000404800000| Untracked |  0
|   2|0x0000000405000000, 0x0000000405000000, 0x0000000405800000|  0%| F|  |TAMS 0x0000000405000000| PB 0x0000000405000000| Untracked |  0
|   3|0x0000000405800000, 0x0000000405800000, 0x0000000406000000|  0%| F|  |TAMS 0x0000000405800000| PB 0x0000000405800000| Untracked |  0
|   4|0x0000000406000000, 0x0000000406000000, 0x0000000406800000|  0%| F|  |TAMS 0x0000000406000000| PB 0x0000000406000000| Untracked |  0
|   5|0x0000000406800000, 0x0000000406800000, 0x0000000407000000|  0%| F|  |TAMS 0x0000000406800000| PB 0x0000000406800000| Untracked |  0
|   6|0x0000000407000000, 0x0000000407000000, 0x0000000407800000|  0%| F|  |TAMS 0x0000000407000000| PB 0x0000000407000000| Untracked |  0
|   7|0x0000000407800000, 0x0000000407800000, 0x0000000408000000|  0%| F|  |TAMS 0x0000000407800000| PB 0x0000000407800000| Untracked |  0
|   8|0x0000000408000000, 0x0000000408000000, 0x0000000408800000|  0%| F|  |TAMS 0x0000000408000000| PB 0x0000000408000000| Untracked |  0
|   9|0x0000000408800000, 0x0000000408800000, 0x0000000409000000|  0%| F|  |TAMS 0x0000000408800000| PB 0x0000000408800000| Untracked |  0
|  10|0x0000000409000000, 0x0000000409000000, 0x0000000409800000|  0%| F|  |TAMS 0x0000000409000000| PB 0x0000000409000000| Untracked |  0
|  11|0x0000000409800000, 0x0000000409800000, 0x000000040a000000|  0%| F|  |TAMS 0x0000000409800000| PB 0x0000000409800000| Untracked |  0
|  12|0x000000040a000000, 0x000000040a000000, 0x000000040a800000|  0%| F|  |TAMS 0x000000040a000000| PB 0x000000040a000000| Untracked |  0
|  13|0x000000040a800000, 0x000000040a800000, 0x000000040b000000|  0%| F|  |TAMS 0x000000040a800000| PB 0x000000040a800000| Untracked |  0
|  14|0x000000040b000000, 0x000000040b000000, 0x000000040b800000|  0%| F|  |TAMS 0x000000040b000000| PB 0x000000040b000000| Untracked |  0
|  15|0x000000040b800000, 0x000000040b800000, 0x000000040c000000|  0%| F|  |TAMS 0x000000040b800000| PB 0x000000040b800000| Untracked |  0
|  16|0x000000040c000000, 0x000000040c000000, 0x000000040c800000|  0%| F|  |TAMS 0x000000040c000000| PB 0x000000040c000000| Untracked |  0
|  17|0x000000040c800000, 0x000000040c800000, 0x000000040d000000|  0%| F|  |TAMS 0x000000040c800000| PB 0x000000040c800000| Untracked |  0
|  18|0x000000040d000000, 0x000000040d000000, 0x000000040d800000|  0%| F|  |TAMS 0x000000040d000000| PB 0x000000040d000000| Untracked |  0
|  19|0x000000040d800000, 0x000000040d800000, 0x000000040e000000|  0%| F|  |TAMS 0x000000040d800000| PB 0x000000040d800000| Untracked |  0
|  20|0x000000040e000000, 0x000000040e000000, 0x000000040e800000|  0%| F|  |TAMS 0x000000040e000000| PB 0x000000040e000000| Untracked |  0
|  21|0x000000040e800000, 0x000000040e800000, 0x000000040f000000|  0%| F|  |TAMS 0x000000040e800000| PB 0x000000040e800000| Untracked |  0
|  22|0x000000040f000000, 0x000000040f000000, 0x000000040f800000|  0%| F|  |TAMS 0x000000040f000000| PB 0x000000040f000000| Untracked |  0
|  23|0x000000040f800000, 0x000000040f800000, 0x0000000410000000|  0%| F|  |TAMS 0x000000040f800000| PB 0x000000040f800000| Untracked |  0
|  24|0x0000000410000000, 0x0000000410000000, 0x0000000410800000|  0%| F|  |TAMS 0x0000000410000000| PB 0x0000000410000000| Untracked |  0
|  25|0x0000000410800000, 0x0000000410800000, 0x0000000411000000|  0%| F|  |TAMS 0x0000000410800000| PB 0x0000000410800000| Untracked |  0
|  26|0x0000000411000000, 0x0000000411000000, 0x0000000411800000|  0%| F|  |TAMS 0x0000000411000000| PB 0x0000000411000000| Untracked |  0
|  27|0x0000000411800000, 0x0000000411800000, 0x0000000412000000|  0%| F|  |TAMS 0x0000000411800000| PB 0x0000000411800000| Untracked |  0
|  28|0x0000000412000000, 0x0000000412000000, 0x0000000412800000|  0%| F|  |TAMS 0x0000000412000000| PB 0x0000000412000000| Untracked |  0
|  29|0x0000000412800000, 0x0000000412800000, 0x0000000413000000|  0%| F|  |TAMS 0x0000000412800000| PB 0x0000000412800000| Untracked |  0
|  30|0x0000000413000000, 0x0000000413000000, 0x0000000413800000|  0%| F|  |TAMS 0x0000000413000000| PB 0x0000000413000000| Untracked |  0
|  31|0x0000000413800000, 0x0000000413800000, 0x0000000414000000|  0%| F|  |TAMS 0x0000000413800000| PB 0x0000000413800000| Untracked |  0
|  32|0x0000000414000000, 0x0000000414000000, 0x0000000414800000|  0%| F|  |TAMS 0x0000000414000000| PB 0x0000000414000000| Untracked |  0
|  33|0x0000000414800000, 0x0000000414800000, 0x0000000415000000|  0%| F|  |TAMS 0x0000000414800000| PB 0x0000000414800000| Untracked |  0
|  34|0x0000000415000000, 0x0000000415000000, 0x0000000415800000|  0%| F|  |TAMS 0x0000000415000000| PB 0x0000000415000000| Untracked |  0
|  35|0x0000000415800000, 0x0000000415800000, 0x0000000416000000|  0%| F|  |TAMS 0x0000000415800000| PB 0x0000000415800000| Untracked |  0
|  36|0x0000000416000000, 0x0000000416000000, 0x0000000416800000|  0%| F|  |TAMS 0x0000000416000000| PB 0x0000000416000000| Untracked |  0
|  37|0x0000000416800000, 0x0000000416800000, 0x0000000417000000|  0%| F|  |TAMS 0x0000000416800000| PB 0x0000000416800000| Untracked |  0
|  38|0x0000000417000000, 0x0000000417000000, 0x0000000417800000|  0%| F|  |TAMS 0x0000000417000000| PB 0x0000000417000000| Untracked |  0
|  39|0x0000000417800000, 0x0000000417800000, 0x0000000418000000|  0%| F|  |TAMS 0x0000000417800000| PB 0x0000000417800000| Untracked |  0
|  40|0x0000000418000000, 0x0000000418000000, 0x0000000418800000|  0%| F|  |TAMS 0x0000000418000000| PB 0x0000000418000000| Untracked |  0
|  41|0x0000000418800000, 0x0000000418800000, 0x0000000419000000|  0%| F|  |TAMS 0x0000000418800000| PB 0x0000000418800000| Untracked |  0
|  42|0x0000000419000000, 0x0000000419000000, 0x0000000419800000|  0%| F|  |TAMS 0x0000000419000000| PB 0x0000000419000000| Untracked |  0
|  43|0x0000000419800000, 0x0000000419a73c20, 0x000000041a000000| 30%| S|CS|TAMS 0x0000000419800000| PB 0x0000000419800000| Complete |  0
|  44|0x000000041a000000, 0x000000041a800000, 0x000000041a800000|100%| S|CS|TAMS 0x000000041a000000| PB 0x000000041a000000| Complete |  0
|  45|0x000000041a800000, 0x000000041a800000, 0x000000041b000000|  0%| F|  |TAMS 0x000000041a800000| PB 0x000000041a800000| Untracked |  0
|  46|0x000000041b000000, 0x000000041b000000, 0x000000041b800000|  0%| F|  |TAMS 0x000000041b000000| PB 0x000000041b000000| Untracked |  0
|  47|0x000000041b800000, 0x000000041b800000, 0x000000041c000000|  0%| F|  |TAMS 0x000000041b800000| PB 0x000000041b800000| Untracked |  0
|  48|0x000000041c000000, 0x000000041c000000, 0x000000041c800000|  0%| F|  |TAMS 0x000000041c000000| PB 0x000000041c000000| Untracked |  0
|  49|0x000000041c800000, 0x000000041c800000, 0x000000041d000000|  0%| F|  |TAMS 0x000000041c800000| PB 0x000000041c800000| Untracked |  0
|  50|0x000000041d000000, 0x000000041d000000, 0x000000041d800000|  0%| F|  |TAMS 0x000000041d000000| PB 0x000000041d000000| Untracked |  0
|  51|0x000000041d800000, 0x000000041d800000, 0x000000041e000000|  0%| F|  |TAMS 0x000000041d800000| PB 0x000000041d800000| Untracked |  0
|  52|0x000000041e000000, 0x000000041e000000, 0x000000041e800000|  0%| F|  |TAMS 0x000000041e000000| PB 0x000000041e000000| Untracked |  0
|  53|0x000000041e800000, 0x000000041e800000, 0x000000041f000000|  0%| F|  |TAMS 0x000000041e800000| PB 0x000000041e800000| Untracked |  0
|  54|0x000000041f000000, 0x000000041f000000, 0x000000041f800000|  0%| F|  |TAMS 0x000000041f000000| PB 0x000000041f000000| Untracked |  0
|  55|0x000000041f800000, 0x000000041f800000, 0x0000000420000000|  0%| F|  |TAMS 0x000000041f800000| PB 0x000000041f800000| Untracked |  0
|  56|0x0000000420000000, 0x0000000420000000, 0x0000000420800000|  0%| F|  |TAMS 0x0000000420000000| PB 0x0000000420000000| Untracked |  0
|  57|0x0000000420800000, 0x0000000420800000, 0x0000000421000000|  0%| F|  |TAMS 0x0000000420800000| PB 0x0000000420800000| Untracked |  0
|  58|0x0000000421000000, 0x0000000421000000, 0x0000000421800000|  0%| F|  |TAMS 0x0000000421000000| PB 0x0000000421000000| Untracked |  0
|  59|0x0000000421800000, 0x0000000421800000, 0x0000000422000000|  0%| F|  |TAMS 0x0000000421800000| PB 0x0000000421800000| Untracked |  0
|  60|0x0000000422000000, 0x0000000422000000, 0x0000000422800000|  0%| F|  |TAMS 0x0000000422000000| PB 0x0000000422000000| Untracked |  0
|  61|0x0000000422800000, 0x0000000422800000, 0x0000000423000000|  0%| F|  |TAMS 0x0000000422800000| PB 0x0000000422800000| Untracked |  0
|  62|0x0000000423000000, 0x000000042375bb78, 0x0000000423800000| 91%| E|  |TAMS 0x0000000423000000| PB 0x0000000423000000| Complete |  0
|  63|0x0000000423800000, 0x0000000424000000, 0x0000000424000000|100%| E|CS|TAMS 0x0000000423800000| PB 0x0000000423800000| Complete |  0
|  64|0x0000000424000000, 0x0000000424800000, 0x0000000424800000|100%| E|CS|TAMS 0x0000000424000000| PB 0x0000000424000000| Complete |  0
|  65|0x0000000424800000, 0x0000000425000000, 0x0000000425000000|100%| E|CS|TAMS 0x0000000424800000| PB 0x0000000424800000| Complete |  0
|2039|0x00000007ff800000, 0x00000007ffefb5b8, 0x0000000800000000| 87%| O|  |TAMS 0x00000007ff800000| PB 0x00000007ff800000| Untracked |  0

Card table byte_map: [0x0000027d51130000,0x0000027d53110000] _byte_map_base: 0x0000027d4f110000

Marking Bits: (CMBitMap*) 0x0000027d368af8d0
 Bits: [0x0000027d53110000, 0x0000027d63010000)

Polling page: 0x0000027d346e0000

Metaspace:

Usage:
  Non-class:     21.09 MB used.
      Class:      2.14 MB used.
       Both:     23.23 MB used.

Virtual space:
  Non-class space:       64.00 MB reserved,      21.25 MB ( 33%) committed,  1 nodes.
      Class space:        1.00 GB reserved,       2.25 MB ( <1%) committed,  1 nodes.
             Both:        1.06 GB reserved,      23.50 MB (  2%) committed. 

Chunk freelists:
   Non-Class:  9.91 MB
       Class:  13.63 MB
        Both:  23.54 MB

MaxMetaspaceSize: unlimited
CompressedClassSpaceSize: 1.00 GB
Initial GC threshold: 21.00 MB
Current GC threshold: 35.56 MB
CDS: on
 - commit_granule_bytes: 65536.
 - commit_granule_words: 8192.
 - virtual_space_node_default_size: 8388608.
 - enlarge_chunks_in_place: 1.
 - use_allocation_guard: 0.


Internal statistics:

num_allocs_failed_limit: 3.
num_arena_births: 238.
num_arena_deaths: 0.
num_vsnodes_births: 2.
num_vsnodes_deaths: 0.
num_space_committed: 375.
num_space_uncommitted: 0.
num_chunks_returned_to_freelist: 3.
num_chunks_taken_from_freelist: 650.
num_chunk_merges: 0.
num_chunk_splits: 451.
num_chunks_enlarged: 334.
num_inconsistent_stats: 0.

CodeHeap 'non-profiled nmethods': size=119232Kb used=3188Kb max_used=3188Kb free=116043Kb
 bounds [0x0000027d46ae0000, 0x0000027d46e00000, 0x0000027d4df50000]
CodeHeap 'profiled nmethods': size=119104Kb used=6791Kb max_used=6791Kb free=112313Kb
 bounds [0x0000027d3ef50000, 0x0000027d3f600000, 0x0000027d463a0000]
CodeHeap 'non-nmethods': size=7424Kb used=2431Kb max_used=4203Kb free=4992Kb
 bounds [0x0000027d463a0000, 0x0000027d467c0000, 0x0000027d46ae0000]
CodeCache: size=245760Kb, used=12410Kb, max_used=14182Kb, free=233348Kb
 total_blobs=6001, nmethods=4678, adapters=1228, full_count=0
Compilation: enabled, stopped_count=0, restarted_count=0

Compilation events (20 events):
Event: 18.457 Thread 0x0000027d667cded0 4867       3       org.lwjgl.system.dyncall.DynCallback::dcbArgInt (16 bytes)
Event: 18.457 Thread 0x0000027d667cded0 nmethod 4867 0x0000027d3f5ed488 code [0x0000027d3f5ed5e0, 0x0000027d3f5ed870]
Event: 18.476 Thread 0x0000027d667c0050 4868       4       jdk.internal.misc.Unsafe::weakCompareAndSetReference (11 bytes)
Event: 18.476 Thread 0x0000027d667c0050 nmethod 4868 0x0000027d46dfc988 code [0x0000027d46dfca80, 0x0000027d46dfcbe0]
Event: 18.710 Thread 0x0000027d667c0050 4869   !   4       java.nio.FloatBuffer::getArray (159 bytes)
Event: 18.711 Thread 0x0000027d667c0050 nmethod 4869 0x0000027d46dfcc88 code [0x0000027d46dfcda0, 0x0000027d46dfd040]
Event: 19.227 Thread 0x0000027d667cded0 4870       3       jdk.internal.logger.DefaultLoggerFinder::isSystem (18 bytes)
Event: 19.227 Thread 0x0000027d667cded0 nmethod 4870 0x0000027d3f5ed908 code [0x0000027d3f5edae0, 0x0000027d3f5ee458]
Event: 19.227 Thread 0x0000027d667cded0 4871       3       jdk.internal.logger.DefaultLoggerFinder$1::<init> (10 bytes)
Event: 19.227 Thread 0x0000027d667cded0 nmethod 4871 0x0000027d3f5ee508 code [0x0000027d3f5ee620, 0x0000027d3f5ee7f0]
Event: 19.227 Thread 0x0000027d667cded0 4872       3       jdk.internal.logger.DefaultLoggerFinder$1::run (5 bytes)
Event: 19.227 Thread 0x0000027d667cded0 nmethod 4872 0x0000027d3f5ee888 code [0x0000027d3f5eea20, 0x0000027d3f5ef0a0]
Event: 19.227 Thread 0x0000027d667cded0 4874   !   3       java.util.logging.LogManager$LoggerContext::findLogger (113 bytes)
Event: 19.228 Thread 0x0000027d667cded0 nmethod 4874 0x0000027d3f5ef108 code [0x0000027d3f5ef320, 0x0000027d3f5f0328]
Event: 19.228 Thread 0x0000027d667cded0 4875       3       java.util.logging.LogManager::checkPermission (16 bytes)
Event: 19.228 Thread 0x0000027d667cded0 nmethod 4875 0x0000027d3f5f0388 code [0x0000027d3f5f04c0, 0x0000027d3f5f06b0]
Event: 19.228 Thread 0x0000027d667cded0 4876       3       java.util.logging.Logger::updateEffectiveLevel (126 bytes)
Event: 19.228 Thread 0x0000027d667cded0 nmethod 4876 0x0000027d3f5f0708 code [0x0000027d3f5f08c0, 0x0000027d3f5f1348]
Event: 19.228 Thread 0x0000027d667cded0 4873       3       jdk.internal.logger.DefaultLoggerFinder$1::run (14 bytes)
Event: 19.228 Thread 0x0000027d667cded0 nmethod 4873 0x0000027d3f5f1408 code [0x0000027d3f5f15a0, 0x0000027d3f5f1ba8]

GC Heap History (20 events):
Event: 1.374 GC heap before
{Heap before GC invocations=1 (full 1):
 garbage-first heap   total reserved 16711680K, committed 139264K, used 6653K [0x0000000404000000, 0x0000000800000000)
  region size 8192K, 0 young (0K), 0 survivors (0K)
 Metaspace       used 11845K, committed 12032K, reserved 1114112K
  class space    used 1359K, committed 1472K, reserved 1048576K
}
Event: 1.383 GC heap after
{Heap after GC invocations=2 (full 2):
 garbage-first heap   total reserved 16711680K, committed 32768K, used 6653K [0x0000000404000000, 0x0000000800000000)
  region size 8192K, 0 young (0K), 0 survivors (0K)
 Metaspace       used 11845K, committed 12032K, reserved 1114112K
  class space    used 1359K, committed 1472K, reserved 1048576K
}
Event: 1.806 GC heap before
{Heap before GC invocations=2 (full 2):
 garbage-first heap   total reserved 16711680K, committed 32768K, used 14845K [0x0000000404000000, 0x0000000800000000)
  region size 8192K, 1 young (8192K), 0 survivors (0K)
 Metaspace       used 13697K, committed 13888K, reserved 1114112K
  class space    used 1511K, committed 1600K, reserved 1048576K
}
Event: 1.807 GC heap after
{Heap after GC invocations=3 (full 2):
 garbage-first heap   total reserved 16711680K, committed 32768K, used 8246K [0x0000000404000000, 0x0000000800000000)
  region size 8192K, 1 young (8192K), 1 survivors (8192K)
 Metaspace       used 13697K, committed 13888K, reserved 1114112K
  class space    used 1511K, committed 1600K, reserved 1048576K
}
Event: 2.031 GC heap before
{Heap before GC invocations=3 (full 2):
 garbage-first heap   total reserved 16711680K, committed 32768K, used 16438K [0x0000000404000000, 0x0000000800000000)
  region size 8192K, 2 young (16384K), 1 survivors (8192K)
 Metaspace       used 16777K, committed 17024K, reserved 1114112K
  class space    used 1618K, committed 1728K, reserved 1048576K
}
Event: 2.032 GC heap after
{Heap after GC invocations=4 (full 2):
 garbage-first heap   total reserved 16711680K, committed 32768K, used 8685K [0x0000000404000000, 0x0000000800000000)
  region size 8192K, 1 young (8192K), 1 survivors (8192K)
 Metaspace       used 16777K, committed 17024K, reserved 1114112K
  class space    used 1618K, committed 1728K, reserved 1048576K
}
Event: 2.101 GC heap before
{Heap before GC invocations=4 (full 2):
 garbage-first heap   total reserved 16711680K, committed 32768K, used 16877K [0x0000000404000000, 0x0000000800000000)
  region size 8192K, 2 young (16384K), 1 survivors (8192K)
 Metaspace       used 18923K, committed 19136K, reserved 1114112K
  class space    used 1788K, committed 1856K, reserved 1048576K
}
Event: 2.102 GC heap after
{Heap after GC invocations=5 (full 2):
 garbage-first heap   total reserved 16711680K, committed 32768K, used 9243K [0x0000000404000000, 0x0000000800000000)
  region size 8192K, 1 young (8192K), 1 survivors (8192K)
 Metaspace       used 18923K, committed 19136K, reserved 1114112K
  class space    used 1788K, committed 1856K, reserved 1048576K
}
Event: 2.327 GC heap before
{Heap before GC invocations=5 (full 2):
 garbage-first heap   total reserved 16711680K, committed 32768K, used 9243K [0x0000000404000000, 0x0000000800000000)
  region size 8192K, 2 young (16384K), 1 survivors (8192K)
 Metaspace       used 21276K, committed 21504K, reserved 1114112K
  class space    used 2027K, committed 2176K, reserved 1048576K
}
Event: 2.328 GC heap after
{Heap after GC invocations=6 (full 2):
 garbage-first heap   total reserved 16711680K, committed 32768K, used 9775K [0x0000000404000000, 0x0000000800000000)
  region size 8192K, 1 young (8192K), 1 survivors (8192K)
 Metaspace       used 21276K, committed 21504K, reserved 1114112K
  class space    used 2027K, committed 2176K, reserved 1048576K
}
Event: 2.361 GC heap before
{Heap before GC invocations=7 (full 2):
 garbage-first heap   total reserved 16711680K, committed 32768K, used 17967K [0x0000000404000000, 0x0000000800000000)
  region size 8192K, 2 young (16384K), 1 survivors (8192K)
 Metaspace       used 21862K, committed 22208K, reserved 1114112K
  class space    used 2088K, committed 2240K, reserved 1048576K
}
Event: 2.362 GC heap after
{Heap after GC invocations=8 (full 2):
 garbage-first heap   total reserved 16711680K, committed 32768K, used 10616K [0x0000000404000000, 0x0000000800000000)
  region size 8192K, 1 young (8192K), 1 survivors (8192K)
 Metaspace       used 21862K, committed 22208K, reserved 1114112K
  class space    used 2088K, committed 2240K, reserved 1048576K
}
Event: 2.408 GC heap before
{Heap before GC invocations=8 (full 2):
 garbage-first heap   total reserved 16711680K, committed 32768K, used 18808K [0x0000000404000000, 0x0000000800000000)
  region size 8192K, 2 young (16384K), 1 survivors (8192K)
 Metaspace       used 22081K, committed 22336K, reserved 1114112K
  class space    used 2091K, committed 2240K, reserved 1048576K
}
Event: 2.411 GC heap after
{Heap after GC invocations=9 (full 2):
 garbage-first heap   total reserved 16711680K, committed 40960K, used 10408K [0x0000000404000000, 0x0000000800000000)
  region size 8192K, 1 young (8192K), 1 survivors (8192K)
 Metaspace       used 22081K, committed 22336K, reserved 1114112K
  class space    used 2091K, committed 2240K, reserved 1048576K
}
Event: 2.475 GC heap before
{Heap before GC invocations=9 (full 2):
 garbage-first heap   total reserved 16711680K, committed 40960K, used 18600K [0x0000000404000000, 0x0000000800000000)
  region size 8192K, 3 young (24576K), 1 survivors (8192K)
 Metaspace       used 22500K, committed 22784K, reserved 1114112K
  class space    used 2128K, committed 2240K, reserved 1048576K
}
Event: 2.477 GC heap after
{Heap after GC invocations=10 (full 2):
 garbage-first heap   total reserved 16711680K, committed 548864K, used 23533K [0x0000000404000000, 0x0000000800000000)
  region size 8192K, 1 young (8192K), 1 survivors (8192K)
 Metaspace       used 22500K, committed 22784K, reserved 1114112K
  class space    used 2128K, committed 2240K, reserved 1048576K
}
Event: 9.018 GC heap before
{Heap before GC invocations=10 (full 2):
 garbage-first heap   total reserved 16711680K, committed 548864K, used 162797K [0x0000000404000000, 0x0000000800000000)
  region size 8192K, 17 young (139264K), 1 survivors (8192K)
 Metaspace       used 23774K, committed 24064K, reserved 1114112K
  class space    used 2192K, committed 2304K, reserved 1048576K
}
Event: 9.026 GC heap after
{Heap after GC invocations=11 (full 2):
 garbage-first heap   total reserved 16711680K, committed 548864K, used 26641K [0x0000000404000000, 0x0000000800000000)
  region size 8192K, 2 young (16384K), 2 survivors (16384K)
 Metaspace       used 23774K, committed 24064K, reserved 1114112K
  class space    used 2192K, committed 2304K, reserved 1048576K
}
Event: 17.798 GC heap before
{Heap before GC invocations=11 (full 2):
 garbage-first heap   total reserved 16711680K, committed 548864K, used 182289K [0x0000000404000000, 0x0000000800000000)
  region size 8192K, 21 young (172032K), 2 survivors (16384K)
 Metaspace       used 23776K, committed 24064K, reserved 1114112K
  class space    used 2192K, committed 2304K, reserved 1048576K
}
Event: 17.801 GC heap after
{Heap after GC invocations=12 (full 2):
 garbage-first heap   total reserved 16711680K, committed 548864K, used 26044K [0x0000000404000000, 0x0000000800000000)
  region size 8192K, 2 young (16384K), 2 survivors (16384K)
 Metaspace       used 23776K, committed 24064K, reserved 1114112K
  class space    used 2192K, committed 2304K, reserved 1048576K
}

Dll operation events (14 events):
Event: 0.005 Loaded shared library E:\Program Files\jdk23\bin\java.dll
Event: 0.025 Loaded shared library E:\Program Files\jdk23\bin\jsvml.dll
Event: 0.077 Loaded shared library E:\Program Files\jdk23\bin\net.dll
Event: 0.078 Loaded shared library E:\Program Files\jdk23\bin\nio.dll
Event: 0.080 Loaded shared library E:\Program Files\jdk23\bin\zip.dll
Event: 0.097 Loaded shared library E:\Program Files\jdk23\bin\jimage.dll
Event: 0.134 Loaded shared library E:\Program Files\jdk23\bin\awt.dll
Event: 0.307 Loaded shared library E:\Program Files\jdk23\bin\prefs.dll
Event: 0.361 Loaded shared library E:\Program Files\jdk23\bin\freetype.dll
Event: 0.362 Loaded shared library E:\Program Files\jdk23\bin\fontmanager.dll
Event: 1.405 Loaded shared library E:\CSProject2024\bulletjme.dll
Event: 1.429 Loaded shared library C:\Users\Tsawke\AppData\Local\Temp\lwjglTsawke\3.2.3-build-13\lwjgl.dll
Event: 1.811 Loaded shared library C:\Users\Tsawke\AppData\Local\Temp\lwjglTsawke\3.2.3-build-13\lwjgl_opengl.dll
Event: 2.339 Loaded shared library E:\Program Files\jdk23\bin\javajpeg.dll

Deoptimization events (20 events):
Event: 8.647 Thread 0x0000027d36837e50 DEOPT PACKING pc=0x0000027d3f5d6c61 sp=0x000000e2732ff3c0
Event: 8.647 Thread 0x0000027d36837e50 DEOPT UNPACKING pc=0x0000027d463f4b22 sp=0x000000e2732fe840 mode 0
Event: 8.647 Thread 0x0000027d36837e50 DEOPT PACKING pc=0x0000027d3f53b76c sp=0x000000e2732ff390
Event: 8.647 Thread 0x0000027d36837e50 DEOPT UNPACKING pc=0x0000027d463f4b22 sp=0x000000e2732fe828 mode 0
Event: 9.046 Thread 0x0000027d36837e50 Uncommon trap: trap_request=0xffffff45 fr.pc=0x0000027d46da86b8 relative=0x00000000000057f8
Event: 9.046 Thread 0x0000027d36837e50 Uncommon trap: reason=unstable_if action=reinterpret pc=0x0000027d46da86b8 method=com.jme3.util.IntMap$IntMapIterator.next()Lcom/jme3/util/IntMap$Entry; @ 28 c2
Event: 9.046 Thread 0x0000027d36837e50 DEOPT PACKING pc=0x0000027d46da86b8 sp=0x000000e2732ff520
Event: 9.046 Thread 0x0000027d36837e50 DEOPT UNPACKING pc=0x0000027d463f4402 sp=0x000000e2732ff2d0 mode 2
Event: 14.859 Thread 0x0000027d36837e50 Uncommon trap: trap_request=0xffffff45 fr.pc=0x0000027d46dd1644 relative=0x0000000000000784
Event: 14.859 Thread 0x0000027d36837e50 Uncommon trap: reason=unstable_if action=reinterpret pc=0x0000027d46dd1644 method=com.jme3.math.Matrix4f.equals(Ljava/lang/Object;)Z @ 276 c2
Event: 14.859 Thread 0x0000027d36837e50 DEOPT PACKING pc=0x0000027d46dd1644 sp=0x000000e2732ff1d0
Event: 14.859 Thread 0x0000027d36837e50 DEOPT UNPACKING pc=0x0000027d463f4402 sp=0x000000e2732ff168 mode 2
Event: 15.176 Thread 0x0000027d36837e50 Uncommon trap: trap_request=0xffffff45 fr.pc=0x0000027d46d7bb24 relative=0x00000000000020e4
Event: 15.176 Thread 0x0000027d36837e50 Uncommon trap: reason=unstable_if action=reinterpret pc=0x0000027d46d7bb24 method=com.csproject.jMEMain.simpleUpdate(F)V @ 538 c2
Event: 15.176 Thread 0x0000027d36837e50 DEOPT PACKING pc=0x0000027d46d7bb24 sp=0x000000e2732ff430
Event: 15.176 Thread 0x0000027d36837e50 DEOPT UNPACKING pc=0x0000027d463f4402 sp=0x000000e2732ff4a8 mode 2
Event: 19.227 Thread 0x0000027d36837e50 Uncommon trap: trap_request=0xffffff45 fr.pc=0x0000027d46dfa8dc relative=0x00000000000036bc
Event: 19.227 Thread 0x0000027d36837e50 Uncommon trap: reason=unstable_if action=reinterpret pc=0x0000027d46dfa8dc method=com.csproject.jMEMain.simpleUpdate(F)V @ 573 c2
Event: 19.227 Thread 0x0000027d36837e50 DEOPT PACKING pc=0x0000027d46dfa8dc sp=0x000000e2732ff430
Event: 19.227 Thread 0x0000027d36837e50 DEOPT UNPACKING pc=0x0000027d463f4402 sp=0x000000e2732ff4a8 mode 2

Classes loaded (20 events):
Event: 2.456 Loading class java/util/stream/IntPipeline$Head
Event: 2.456 Loading class java/util/stream/IntPipeline
Event: 2.456 Loading class java/util/stream/IntPipeline done
Event: 2.456 Loading class java/util/stream/IntPipeline$Head done
Event: 2.462 Loading class java/lang/Byte$ByteCache
Event: 2.462 Loading class java/lang/Byte$ByteCache done
Event: 2.541 Loading class java/io/ObjectOutput
Event: 2.541 Loading class java/io/ObjectOutput done
Event: 2.541 Loading class java/io/ObjectInput
Event: 2.541 Loading class java/io/ObjectInput done
Event: 2.555 Loading class java/nio/DirectFloatBufferRU
Event: 2.556 Loading class java/nio/DirectFloatBufferRU done
Event: 2.566 Loading class java/util/concurrent/ConcurrentLinkedQueue$Itr
Event: 2.566 Loading class java/util/concurrent/ConcurrentLinkedQueue$Itr done
Event: 2.568 Loading class java/util/JumboEnumSet$EnumSetIterator
Event: 2.568 Loading class java/util/JumboEnumSet$EnumSetIterator done
Event: 2.694 Loading class sun/awt/AppContext$PostShutdownEventRunnable
Event: 2.694 Loading class sun/awt/AppContext$PostShutdownEventRunnable done
Event: 2.694 Loading class sun/awt/AWTAutoShutdown$1
Event: 2.694 Loading class sun/awt/AWTAutoShutdown$1 done

Classes unloaded (0 events):
No events

Classes redefined (0 events):
No events

Internal exceptions (20 events):
Event: 1.447 Thread 0x0000027d36837e50 Exception <a 'sun/nio/fs/WindowsException'{0x0000000405f76320}> (0x0000000405f76320) 
thrown [s\open\src\hotspot\share\prims\jni.cpp, line 520]
Event: 1.447 Thread 0x0000027d36837e50 Exception <a 'sun/nio/fs/WindowsException'{0x0000000405f766a0}> (0x0000000405f766a0) 
thrown [s\open\src\hotspot\share\prims\jni.cpp, line 520]
Event: 1.809 Thread 0x0000027d36837e50 Exception <a 'java/lang/NoSuchMethodError'{0x000000040581ef48}: 'void java.lang.System.load(java.lang.String, java.lang.Class)'> (0x000000040581ef48) 
thrown [s\open\src\hotspot\share\interpreter\linkResolver.cpp, line 796]
Event: 1.809 Thread 0x0000027d36837e50 Exception <a 'java/lang/NoSuchMethodError'{0x0000000405821aa8}: 'void java.lang.System.loadLibrary(java.lang.String, java.lang.Class)'> (0x0000000405821aa8) 
thrown [s\open\src\hotspot\share\interpreter\linkResolver.cpp, line 796]
Event: 1.811 Thread 0x0000027d36837e50 Exception <a 'sun/nio/fs/WindowsException'{0x0000000405831718}> (0x0000000405831718) 
thrown [s\open\src\hotspot\share\prims\jni.cpp, line 520]
Event: 1.811 Thread 0x0000027d36837e50 Exception <a 'sun/nio/fs/WindowsException'{0x0000000405831ad0}> (0x0000000405831ad0) 
thrown [s\open\src\hotspot\share\prims\jni.cpp, line 520]
Event: 1.812 Thread 0x0000027d36837e50 Exception <a 'sun/nio/fs/WindowsException'{0x00000004058399e8}> (0x00000004058399e8) 
thrown [s\open\src\hotspot\share\prims\jni.cpp, line 520]
Event: 1.812 Thread 0x0000027d36837e50 Exception <a 'sun/nio/fs/WindowsException'{0x0000000405839cd8}> (0x0000000405839cd8) 
thrown [s\open\src\hotspot\share\prims\jni.cpp, line 520]
Event: 2.032 Thread 0x0000027d36837e50 Exception <a 'java/lang/NoSuchMethodError'{0x000000040581b408}: 'long java.lang.invoke.DelegatingMethodHandle$Holder.reinvoke_L(java.lang.Object, java.lang.Object)'> (0x000000040581b408) 
thrown [s\open\src\hotspot\share\interpreter\linkResolver.cpp, line 796]
Event: 2.033 Thread 0x0000027d36837e50 Exception <a 'java/lang/NoSuchMethodError'{0x000000040582a808}: 'long java.lang.invoke.Invokers$Holder.invokeExact_MT(java.lang.Object, java.lang.Object, java.lang.Object)'> (0x000000040582a808) 
thrown [s\open\src\hotspot\share\interpreter\linkResolver.cpp, line 796]
Event: 2.107 Thread 0x0000027d36837e50 Exception <a 'sun/nio/fs/WindowsException'{0x0000000405833e00}> (0x0000000405833e00) 
thrown [s\open\src\hotspot\share\prims\jni.cpp, line 520]
Event: 2.107 Thread 0x0000027d36837e50 Exception <a 'sun/nio/fs/WindowsException'{0x0000000405834190}> (0x0000000405834190) 
thrown [s\open\src\hotspot\share\prims\jni.cpp, line 520]
Event: 2.457 Thread 0x0000027d36837e50 Exception <a 'java/lang/NoSuchMethodError'{0x0000000405c4a470}: 'java.lang.Object java.lang.invoke.DirectMethodHandle$Holder.newInvokeSpecial(java.lang.Object, java.lang.Object, java.lang.Object, java.lang.Object, java.lang.Object, java.lang.Object)'> (0x0000000405c4a470) 
thrown [s\open\src\hotspot\share\interpreter\linkResolver.cpp, line 796]
Event: 2.561 Thread 0x0000027d36837e50 Exception <a 'java/lang/NoSuchMethodError'{0x0000000423d91ca8}: 'void java.lang.invoke.DirectMethodHandle$Holder.invokeSpecial(java.lang.Object, java.lang.Object, int)'> (0x0000000423d91ca8) 
thrown [s\open\src\hotspot\share\interpreter\linkResolver.cpp, line 796]
Event: 3.108 Thread 0x0000027d36837e50 Implicit null exception at 0x0000027d46cfe513 to 0x0000027d46cff278
Event: 3.108 Thread 0x0000027d36837e50 Implicit null exception at 0x0000027d46cfe513 to 0x0000027d46cff278
Event: 3.108 Thread 0x0000027d36837e50 Implicit null exception at 0x0000027d46cfe513 to 0x0000027d46cff278
Event: 3.109 Thread 0x0000027d36837e50 Implicit null exception at 0x0000027d46cfe513 to 0x0000027d46cff278
Event: 3.113 Thread 0x0000027d36837e50 Implicit null exception at 0x0000027d46cff7eb to 0x0000027d46d00d94
Event: 3.223 Thread 0x0000027d36837e50 Implicit null exception at 0x0000027d46cbff82 to 0x0000027d46cca678

VM Operations (20 events):
Event: 2.332 Executing VM operation: G1PauseRemark
Event: 2.332 Executing VM operation: G1PauseRemark done
Event: 2.333 Executing VM operation: G1PauseCleanup
Event: 2.333 Executing VM operation: G1PauseCleanup done
Event: 2.361 Executing VM operation: G1CollectForAllocation (G1 Evacuation Pause)
Event: 2.362 Executing VM operation: G1CollectForAllocation (G1 Evacuation Pause) done
Event: 2.369 Executing VM operation: HandshakeAllThreads (Deoptimize)
Event: 2.369 Executing VM operation: HandshakeAllThreads (Deoptimize) done
Event: 2.408 Executing VM operation: G1CollectForAllocation (G1 Evacuation Pause)
Event: 2.411 Executing VM operation: G1CollectForAllocation (G1 Evacuation Pause) done
Event: 2.475 Executing VM operation: G1CollectForAllocation (G1 Evacuation Pause)
Event: 2.478 Executing VM operation: G1CollectForAllocation (G1 Evacuation Pause) done
Event: 2.556 Executing VM operation: HandshakeAllThreads (Deoptimize)
Event: 2.556 Executing VM operation: HandshakeAllThreads (Deoptimize) done
Event: 2.556 Executing VM operation: HandshakeAllThreads (Deoptimize)
Event: 2.556 Executing VM operation: HandshakeAllThreads (Deoptimize) done
Event: 9.018 Executing VM operation: G1CollectForAllocation (G1 Evacuation Pause)
Event: 9.026 Executing VM operation: G1CollectForAllocation (G1 Evacuation Pause) done
Event: 17.798 Executing VM operation: G1CollectForAllocation (G1 Evacuation Pause)
Event: 17.801 Executing VM operation: G1CollectForAllocation (G1 Evacuation Pause) done

Memory protections (0 events):
No events

Nmethod flushes (20 events):
Event: 1.378 Thread 0x0000027d4f13c730 flushing  nmethod 0x0000027d3f142a08
Event: 1.378 Thread 0x0000027d4f13c730 flushing  nmethod 0x0000027d3f143088
Event: 1.378 Thread 0x0000027d4f13c730 flushing  nmethod 0x0000027d3f143908
Event: 1.378 Thread 0x0000027d4f13c730 flushing  nmethod 0x0000027d3f152c08
Event: 1.378 Thread 0x0000027d4f13c730 flushing  nmethod 0x0000027d3f166108
Event: 1.378 Thread 0x0000027d4f13c730 flushing  nmethod 0x0000027d3f168588
Event: 1.378 Thread 0x0000027d4f13c730 flushing  nmethod 0x0000027d3f17c108
Event: 1.378 Thread 0x0000027d4f13c730 flushing  nmethod 0x0000027d3f17c408
Event: 1.378 Thread 0x0000027d4f13c730 flushing  nmethod 0x0000027d3f1a5b88
Event: 1.378 Thread 0x0000027d4f13c730 flushing  nmethod 0x0000027d3f1adc08
Event: 1.378 Thread 0x0000027d4f13c730 flushing  nmethod 0x0000027d3f1af188
Event: 1.378 Thread 0x0000027d4f13c730 flushing  nmethod 0x0000027d3f1af508
Event: 2.332 Thread 0x0000027d4f13c730 flushing  nmethod 0x0000027d3f231408
Event: 2.332 Thread 0x0000027d4f13c730 flushing  nmethod 0x0000027d3f11c408
Event: 2.332 Thread 0x0000027d4f13c730 flushing  nmethod 0x0000027d46b2d588
Event: 2.332 Thread 0x0000027d4f13c730 flushing  nmethod 0x0000027d3f122588
Event: 2.332 Thread 0x0000027d4f13c730 flushing  nmethod 0x0000027d46b31588
Event: 2.332 Thread 0x0000027d4f13c730 flushing  nmethod 0x0000027d46b32108
Event: 2.332 Thread 0x0000027d4f13c730 flushing  nmethod 0x0000027d3f0df788
Event: 2.332 Thread 0x0000027d4f13c730 flushing  nmethod 0x0000027d3f12ff88

Events (20 events):
Event: 7.253 Thread 0x0000027d667c0050 Thread added: 0x0000027db6f45820
Event: 7.253 Thread 0x0000027d667c0050 Thread added: 0x0000027db6f465c0
Event: 7.253 Thread 0x0000027d667c0050 Thread added: 0x0000027db6f43610
Event: 7.525 Thread 0x0000027db6f43610 Thread exited: 0x0000027db6f43610
Event: 7.642 Thread 0x0000027db6f465c0 Thread exited: 0x0000027db6f465c0
Event: 7.657 Thread 0x0000027db6f45820 Thread exited: 0x0000027db6f45820
Event: 9.313 Thread 0x0000027d667c0050 Thread added: 0x0000027db4ce7790
Event: 10.310 Thread 0x0000027db4ce7790 Thread exited: 0x0000027db4ce7790
Event: 11.574 Thread 0x0000027d667c0050 Thread added: 0x0000027db4ce7790
Event: 12.770 Thread 0x0000027db4ce7790 Thread exited: 0x0000027db4ce7790
Event: 19.227 Thread 0x0000027d36837e50 Thread added: 0x0000027db6d59030
Event: 19.227 Thread 0x0000027d36837e50 Thread added: 0x0000027db6d5ec10
Event: 19.227 Thread 0x0000027d36837e50 Thread added: 0x0000027db6d596c0
Event: 19.227 Thread 0x0000027db6d596c0 Thread exited: 0x0000027db6d596c0
Event: 19.227 Thread 0x0000027dae18cb20 Thread exited: 0x0000027dae18cb20
Event: 19.227 Thread 0x0000027db6d59030 Thread exited: 0x0000027db6d59030
Event: 19.227 Thread 0x0000027dac64e3f0 Thread added: 0x0000027db6d5def0
Event: 19.241 Thread 0x0000027dac64e3f0 Thread exited: 0x0000027dac64e3f0
Event: 19.328 Thread 0x0000027db6d5ec10 Thread exited: 0x0000027db6d5ec10
Event: 19.328 Thread 0x0000027d36837e50 Before exit entered


Dynamic libraries:
0x00007ff7cbad0000 - 0x00007ff7cbae0000 	E:\Program Files\jdk23\bin\java.exe
0x00007ffb15530000 - 0x00007ffb15747000 	C:\Windows\SYSTEM32\ntdll.dll
0x00007ffb14830000 - 0x00007ffb148f4000 	C:\Windows\System32\KERNEL32.DLL
0x00007ffb12a00000 - 0x00007ffb12db9000 	C:\Windows\System32\KERNELBASE.dll
0x00007ffb12e80000 - 0x00007ffb12f91000 	C:\Windows\System32\ucrtbase.dll
0x00007ff957350000 - 0x00007ff95736b000 	E:\Program Files\jdk23\bin\VCRUNTIME140.dll
0x00007ff955fa0000 - 0x00007ff955fb7000 	E:\Program Files\jdk23\bin\jli.dll
0x00007ffb15220000 - 0x00007ffb153ce000 	C:\Windows\System32\USER32.dll
0x00007ffb12860000 - 0x00007ffb12886000 	C:\Windows\System32\win32u.dll
0x00007ffb05b80000 - 0x00007ffb05e12000 	C:\Windows\WinSxS\amd64_microsoft.windows.common-controls_6595b64144ccf1df_6.0.22621.4391_none_2715d37f73803e96\COMCTL32.dll
0x00007ffb153f0000 - 0x00007ffb15419000 	C:\Windows\System32\GDI32.dll
0x00007ffb14aa0000 - 0x00007ffb14b47000 	C:\Windows\System32\msvcrt.dll
0x00007ffb13040000 - 0x00007ffb1315b000 	C:\Windows\System32\gdi32full.dll
0x00007ffb12fa0000 - 0x00007ffb1303a000 	C:\Windows\System32\msvcp_win.dll
0x00007ffb13d00000 - 0x00007ffb13d31000 	C:\Windows\System32\IMM32.DLL
0x00007ffac7cb0000 - 0x00007ffac7cbc000 	E:\Program Files\jdk23\bin\vcruntime140_1.dll
0x00007ff956f80000 - 0x00007ff95700e000 	E:\Program Files\jdk23\bin\msvcp140.dll
0x00007ff957370000 - 0x00007ff9580bf000 	E:\Program Files\jdk23\bin\server\jvm.dll
0x00007ffb14b50000 - 0x00007ffb14c02000 	C:\Windows\System32\ADVAPI32.dll
0x00007ffb13d40000 - 0x00007ffb13de7000 	C:\Windows\System32\sechost.dll
0x00007ffb12830000 - 0x00007ffb12858000 	C:\Windows\System32\bcrypt.dll
0x00007ffb14980000 - 0x00007ffb14a94000 	C:\Windows\System32\RPCRT4.dll
0x00007ffb14900000 - 0x00007ffb14971000 	C:\Windows\System32\WS2_32.dll
0x00007ffb116c0000 - 0x00007ffb1170d000 	C:\Windows\SYSTEM32\POWRPROF.dll
0x00007ffb0b7e0000 - 0x00007ffb0b814000 	C:\Windows\SYSTEM32\WINMM.dll
0x00007ffb0a1c0000 - 0x00007ffb0a1ca000 	C:\Windows\SYSTEM32\VERSION.dll
0x00007ffb116a0000 - 0x00007ffb116b3000 	C:\Windows\SYSTEM32\UMPDC.dll
0x00007ffb11960000 - 0x00007ffb11978000 	C:\Windows\SYSTEM32\kernel.appcore.dll
0x00007ffac7890000 - 0x00007ffac789a000 	E:\Program Files\jdk23\bin\jimage.dll
0x00007ffb0fbd0000 - 0x00007ffb0fe02000 	C:\Windows\SYSTEM32\DBGHELP.DLL
0x00007ffb14090000 - 0x00007ffb1441f000 	C:\Windows\System32\combase.dll
0x00007ffb13df0000 - 0x00007ffb13ec7000 	C:\Windows\System32\OLEAUT32.dll
0x00007ffad49f0000 - 0x00007ffad4a22000 	C:\Windows\SYSTEM32\dbgcore.DLL
0x00007ffb131d0000 - 0x00007ffb1324b000 	C:\Windows\System32\bcryptPrimitives.dll
0x00007ffad3390000 - 0x00007ffad33cc000 	E:\Program Files\jdk23\bin\jdwp.dll
0x00007ff9572f0000 - 0x00007ff95730e000 	E:\Program Files\jdk23\bin\java.dll
0x00007ffb13ee0000 - 0x00007ffb14085000 	C:\Windows\System32\ole32.dll
0x00007ffb13480000 - 0x00007ffb13cf6000 	C:\Windows\System32\SHELL32.dll
0x00007ffb10780000 - 0x00007ffb11083000 	C:\Windows\SYSTEM32\windows.storage.dll
0x00007ffb10640000 - 0x00007ffb1077f000 	C:\Windows\SYSTEM32\wintypes.dll
0x00007ffb144b0000 - 0x00007ffb145a9000 	C:\Windows\System32\SHCORE.dll
0x00007ffb13420000 - 0x00007ffb1347e000 	C:\Windows\System32\shlwapi.dll
0x00007ffb12760000 - 0x00007ffb1278b000 	C:\Windows\SYSTEM32\profapi.dll
0x00007ff9571e0000 - 0x00007ff9572b7000 	E:\Program Files\jdk23\bin\jsvml.dll
0x00007ffaefef0000 - 0x00007ffaefefc000 	E:\Program Files\jdk23\bin\dt_socket.dll
0x00007ffb11360000 - 0x00007ffb1138d000 	C:\Windows\SYSTEM32\IPHLPAPI.DLL
0x00007ffb11de0000 - 0x00007ffb11e49000 	C:\Windows\system32\mswsock.dll
0x00007ffb113d0000 - 0x00007ffb114d2000 	C:\Windows\SYSTEM32\DNSAPI.dll
0x00007ffb14820000 - 0x00007ffb14829000 	C:\Windows\System32\NSI.dll
0x00007ffb0a0e0000 - 0x00007ffb0a0ea000 	C:\Windows\System32\rasadhlp.dll
0x00007ffb0aad0000 - 0x00007ffb0ab53000 	C:\Windows\System32\fwpuclnt.dll
0x00007ffac70c0000 - 0x00007ffac70d0000 	E:\Program Files\jdk23\bin\net.dll
0x00007ff9571c0000 - 0x00007ff9571d6000 	E:\Program Files\jdk23\bin\nio.dll
0x00007ff9571a0000 - 0x00007ff9571b7000 	E:\Program Files\jdk23\bin\zip.dll
0x00007ff957010000 - 0x00007ff95719e000 	E:\Program Files\jdk23\bin\awt.dll
0x00007ffb0dfd0000 - 0x00007ffb0e067000 	C:\Windows\SYSTEM32\apphelp.dll
0x00007ffb0f7f0000 - 0x00007ffb0f8a1000 	C:\Windows\system32\uxtheme.dll
0x00007ffb150c0000 - 0x00007ffb15220000 	C:\Windows\System32\MSCTF.dll
0x00007ffb0fa40000 - 0x00007ffb0fa6b000 	C:\Windows\system32\DWMAPI.DLL
0x00007ffabf7b0000 - 0x00007ffabf8b0000 	C:\Windows\system32\opengl32.dll
0x00007ffabf780000 - 0x00007ffabf7ad000 	C:\Windows\SYSTEM32\GLU32.dll
0x00007ffb0fab0000 - 0x00007ffb0fae7000 	C:\Windows\SYSTEM32\dxcore.dll
0x00007ffb12090000 - 0x00007ffb120a2000 	C:\Windows\SYSTEM32\msasn1.dll
0x00007ffb082f0000 - 0x00007ffb08322000 	C:\Windows\SYSTEM32\cryptnet.dll
0x00007ffb12890000 - 0x00007ffb129f6000 	C:\Windows\System32\CRYPT32.dll
0x00007ffb12050000 - 0x00007ffb1205c000 	C:\Windows\SYSTEM32\cryptbase.dll
0x00007ffb12100000 - 0x00007ffb12149000 	C:\Windows\SYSTEM32\wldp.dll
0x00007ffb077e0000 - 0x00007ffb07942000 	C:\Windows\SYSTEM32\drvstore.dll
0x00007ffb124f0000 - 0x00007ffb1251c000 	C:\Windows\SYSTEM32\devobj.dll
0x00007ffb12520000 - 0x00007ffb1256e000 	C:\Windows\SYSTEM32\cfgmgr32.dll
0x00007ffb13160000 - 0x00007ffb131cc000 	C:\Windows\System32\wintrust.dll
0x00007ffb150a0000 - 0x00007ffb150bf000 	C:\Windows\System32\imagehlp.dll
0x00007ffb12030000 - 0x00007ffb1204b000 	C:\Windows\SYSTEM32\CRYPTSP.dll
0x00007ffb118c0000 - 0x00007ffb118f5000 	C:\Windows\system32\rsaenh.dll
0x00007ffb00a80000 - 0x00007ffb03790000 	C:\Windows\System32\DriverStore\FileRepository\nv_dispi.inf_amd64_adf5a840df867035\nvgpucomp64.dll
0x00007ffb05760000 - 0x00007ffb05a5b000 	C:\Windows\system32\nvspcap64.dll
0x00007ffb11a70000 - 0x00007ffb11aa4000 	C:\Windows\SYSTEM32\ntmarta.dll
0x00007ffb11e70000 - 0x00007ffb11e96000 	C:\Windows\SYSTEM32\gpapi.dll
0x00007ffb054c0000 - 0x00007ffb05615000 	C:\Windows\System32\DriverStore\FileRepository\nv_dispi.inf_amd64_adf5a840df867035\nvppex.dll
0x00007ffaed490000 - 0x00007ffaed499000 	E:\Program Files\jdk23\bin\prefs.dll
0x00007ff955ef0000 - 0x00007ff955f77000 	E:\Program Files\jdk23\bin\freetype.dll
0x00007ff955b30000 - 0x00007ff955c07000 	E:\Program Files\jdk23\bin\fontmanager.dll
0x00007ffaefb50000 - 0x00007ffaefc95000 	C:\Windows\SYSTEM32\textinputframework.dll
0x00007ffb0da30000 - 0x00007ffb0db63000 	C:\Windows\SYSTEM32\CoreMessaging.dll
0x00007ffb09bf0000 - 0x00007ffb09f5d000 	C:\Windows\SYSTEM32\CoreUIComponents.dll
0x00007ffa914a0000 - 0x00007ffa916fd000 	E:\CSProject2024\bulletjme.dll
0x00007ffad2870000 - 0x00007ffad28d4000 	C:\Users\Tsawke\AppData\Local\Temp\lwjglTsawke\3.2.3-build-13\lwjgl.dll
0x00007ffa44630000 - 0x00007ffa44883000 	C:\Users\Tsawke\AppData\Local\Temp\lwjglTsawke\3.2.3-build-13\jemalloc.dll
0x00007ffacedd0000 - 0x00007ffacee32000 	C:\Users\Tsawke\AppData\Local\Temp\lwjglTsawke\3.2.3-build-13\glfw.dll
0x00007ffa80090000 - 0x00007ffa800d6000 	C:\Windows\SYSTEM32\dinput8.dll
0x00007ffaed380000 - 0x00007ffaed391000 	C:\Windows\SYSTEM32\xinput1_4.dll
0x00007ffaed9c0000 - 0x00007ffaedbd3000 	C:\Windows\SYSTEM32\inputhost.dll
0x00007ffb11090000 - 0x00007ffb1109e000 	C:\Windows\SYSTEM32\HID.DLL
0x00007ffb14c20000 - 0x00007ffb15094000 	C:\Windows\System32\SETUPAPI.DLL
0x00007ffb145b0000 - 0x00007ffb14660000 	C:\Windows\System32\clbcatq.dll
0x00007ffb0e480000 - 0x00007ffb0e5c4000 	C:\Windows\System32\AppXDeploymentClient.dll
0x00007ffa5be40000 - 0x00007ffa5e478000 	C:\Windows\System32\DriverStore\FileRepository\nv_dispi.inf_amd64_adf5a840df867035\nvoglv64.dll
0x00007ffb11710000 - 0x00007ffb11724000 	C:\Windows\SYSTEM32\WTSAPI32.dll
0x00007ffb112e0000 - 0x00007ffb11346000 	C:\Windows\SYSTEM32\WINSTA.dll
0x00007ffac7eb0000 - 0x00007ffac7f09000 	C:\Users\Tsawke\AppData\Local\Temp\lwjglTsawke\3.2.3-build-13\lwjgl_opengl.dll
0x00007ffac7ac0000 - 0x00007ffac7bcb000 	C:\Users\Tsawke\AppData\Local\Temp\lwjglTsawke\3.2.3-build-13\OpenAL.dll
0x00007ffb03d30000 - 0x00007ffb03dce000 	C:\Windows\System32\MMDevApi.dll
0x00007ffb04680000 - 0x00007ffb0486d000 	C:\Windows\SYSTEM32\AUDIOSES.DLL
0x00007ffb10320000 - 0x00007ffb10335000 	C:\Windows\SYSTEM32\resourcepolicyclient.dll
0x00007ffaec680000 - 0x00007ffaec6ae000 	E:\Program Files\jdk23\bin\javajpeg.dll

dbghelp: loaded successfully - version: 4.0.5 - missing functions: none
symbol engine: initialized successfully - sym options: 0x614 - pdb path: .;E:\Program Files\jdk23\bin;C:\Windows\SYSTEM32;C:\Windows\WinSxS\amd64_microsoft.windows.common-controls_6595b64144ccf1df_6.0.22621.4391_none_2715d37f73803e96;E:\Program Files\jdk23\bin\server;C:\Windows\System32\DriverStore\FileRepository\nv_dispi.inf_amd64_adf5a840df867035;E:\CSProject2024;C:\Users\Tsawke\AppData\Local\Temp\lwjglTsawke\3.2.3-build-13

VM Arguments:
jvm_args: -agentlib:jdwp=transport=dt_socket,server=n,suspend=y,address=localhost:5928 -XX:+ShowCodeDetailsInExceptionMessages 
java_command: com.csproject.jMEMain
java_class_path (initial): E:\CSProject2024\csproject\target\classes;C:\Users\Tsawke\.m2\repository\com\formdev\flatlaf\3.5.2\flatlaf-3.5.2.jar;C:\Users\Tsawke\.m2\repository\org\apache\commons\commons-lang3\3.12.0\commons-lang3-3.12.0.jar;C:\Users\Tsawke\.m2\repository\com\h2database\h2\1.4.200\h2-1.4.200.jar;C:\Users\Tsawke\.m2\repository\junit\junit\4.12\junit-4.12.jar;C:\Users\Tsawke\.m2\repository\org\hamcrest\hamcrest-core\1.3\hamcrest-core-1.3.jar;C:\Users\Tsawke\.m2\repository\org\junit\jupiter\junit-jupiter\5.9.3\junit-jupiter-5.9.3.jar;C:\Users\Tsawke\.m2\repository\org\junit\jupiter\junit-jupiter-api\5.9.3\junit-jupiter-api-5.9.3.jar;C:\Users\Tsawke\.m2\repository\org\opentest4j\opentest4j\1.2.0\opentest4j-1.2.0.jar;C:\Users\Tsawke\.m2\repository\org\junit\platform\junit-platform-commons\1.9.3\junit-platform-commons-1.9.3.jar;C:\Users\Tsawke\.m2\repository\org\apiguardian\apiguardian-api\1.1.2\apiguardian-api-1.1.2.jar;C:\Users\Tsawke\.m2\repository\org\junit\jupiter\junit-jupiter-params\5.9.3\junit-jupiter-params-5.9.3.jar;C:\Users\Tsawke\.m2\repository\org\junit\jupiter\junit-jupiter-engine\5.9.3\junit-jupiter-engine-5.9.3.jar;C:\Users\Tsawke\.m2\repository\org\junit\platform\junit-platform-engine\1.9.3\junit-platform-engine-1.9.3.jar;C:\Users\Tsawke\.m2\repository\commons-codec\commons-codec\1.15\commons-codec-1.15.jar;C:\Users\Tsawke\.m2\repository\org\jmonkeyengine\jme3-core\3.3.0-stable\jme3-core-3.3.0-stable.jar;C:\Users\Tsawke\.m2\repository\org\jmonkeyengine\jme3-desktop\3.3.0-stable\jme3-desktop-3.3.0-stable.jar;C:\Users\Tsawke\.m2\repository\org\jmonkeyengine\jme3-lwjgl3\3.3.0-stable\jme3-lwjgl3-3.3.0-stable.jar;C:\Users\Tsawke\.m2\repository\org\lwjgl\lwjgl\3.2.3\lwjgl-3.2.3.jar;C:\Users\Tsawke\.m2\repository\org\lwjgl\lwjgl-glfw\3.2.3\lwjgl-glfw-3.2.3.jar;C:\Users\Tsawke\.m2\repository\org\lwjgl\lwjgl-jemalloc\3.2.3\lwjgl-jemalloc-3.2.3.jar;C:\Users\Tsawke\.m2\repository\org\lwjgl\lwjgl-openal\3.2.3\lwjgl-openal-3.2.3.jar;C:\Users\Tsawke\.m2\repository\org\lwjgl\lwjgl-opencl\3.2.3\lwjgl-opencl-3.2.3.jar;C:\Users\Tsawke\.m2\repository\org\lwjgl\lwjgl-opengl\3.2.3\lwjgl-opengl-3.2.3.jar;C:\Users\Tsawke\.m2\repository\org\lwjgl\lwjgl\3.2.3\lwjgl-3.2.3-natives-windows.jar;C:\Users\Tsawke\.m2\repository\org\lwjgl\lwjgl\3.2.3\lwjgl-3.2.3-natives-linux.jar;C:\Users\Tsawke\.m2\repository\org\lwjgl\lwjgl\3.2.3\lwjgl-3.2.3-natives-macos.jar;C:\Users\Tsawke\.m2\repository\org\lwjgl\lwjgl-glfw\3.2.3\lwjgl-glfw-3.2.3-natives-windows.jar;C:\Users\Tsawke\.m2\repository\org\lwjgl\lwjgl-glfw\3.2.3\lwjgl-glfw-3.2.3-natives-linux.jar;C:\Users\Tsawke\.m2\repository\org\lwjgl\lwjgl-glfw\3.2.3\lwjgl-glfw-3.2.3-natives-macos.jar;C:\Users\Tsawke\.m2\repository\org\lwjgl\lwjgl-jemalloc\3.2.3\lwjgl-jemalloc-3.2.3-natives-windows.jar;C:\Users\Tsawke\.m2\repository\org\lwjgl\lwjgl-jemalloc\3.2.3\lwjgl-jemalloc-3.2.3-natives-linux.jar;C:\Users\Tsawke\.m2\repository\org\lwjgl\lwjgl-jemalloc\3.2.3\lwjgl-jemalloc-3.2.3-natives-macos.jar;C:\Users\Tsawke\.m2\repository\org\lwjgl\lwjgl-opengl\3.2.3\lwjgl-opengl-3.2.3-natives-windows.jar;C:\Users\Tsawke\.m2\repository\org\lwjgl\lwjgl-opengl\3.2.3\lwjgl-opengl-3.2.3-natives-linux.jar;C:\Users\Tsawke\.m2\repository\org\lwjgl\lwjgl-opengl\3.2.3\lwjgl-opengl-3.2.3-natives-macos.jar;C:\Users\Tsawke\.m2\repository\org\lwjgl\lwjgl-openal\3.2.3\lwjgl-openal-3.2.3-natives-windows.jar;C:\Users\Tsawke\.m2\repository\org\lwjgl\lwjgl-openal\3.2.3\lwjgl-openal-3.2.3-natives-linux.jar;C:\Users\Tsawke\.m2\repository\org\lwjgl\lwjgl-openal\3.2.3\lwjgl-openal-3.2.3-natives-macos.jar;C:\Users\Tsawke\.m2\repository\org\jmonkeyengine\jme3-effects\3.3.0-stable\jme3-effects-3.3.0-stable.jar;C:\Users\Tsawke\.m2\repository\org\jmonkeyengine\jme3-blender\3.3.0-stable\jme3-blender-3.3.0-stable.jar;C:\Users\Tsawke\.m2\repository\org\ejml\core\0.27\core-0.27.jar;C:\Users\Tsawke\.m2\repository\org\ejml\dense64\0.27\dense64-0.27.jar;C:\Users\Tsawke\.m2\repository\org\ejml\simple\0.27\simple-0.27.jar;C:\Users\Tsawke\.m2\repository\org\ejml\denseC64\0.27\denseC64-0.27.jar;C:\Users\Tsawke\.m2\repository\org\jmonkeyengine\jme3-plugins\3.3.0-stable\jme3-plugins-3.3.0-stable.jar;C:\Users\Tsawke\.m2\repository\com\google\code\gson\gson\2.8.1\gson-2.8.1.jar;C:\Users\Tsawke\.m2\repository\org\jmonkeyengine\jme3-jogg\3.3.0-stable\jme3-jogg-3.3.0-stable.jar;C:\Users\Tsawke\.m2\repository\de\jarnbjo\j-ogg-all\1.0.0\j-ogg-all-1.0.0.jar;C:\Users\Tsawke\.m2\repository\org\jmonkeyengine\jme3-niftygui\3.3.0-stable\jme3-niftygui-3.3.0-stable.jar;C:\Users\Tsawke\.m2\repository\com\github\nifty-gui\nifty\1.4.3\nifty-1.4.3.jar;C:\Users\Tsawke\.m2\repository\xpp3\xpp3\1.1.4c\xpp3-1.1.4c.jar;C:\Users\Tsawke\.m2\repository\com\google\code\findbugs\jsr305\2.0.2\jsr305-2.0.2.jar;C:\Users\Tsawke\.m2\repository\com\github\nifty-gui\nifty-default-controls\1.4.3\nifty-default-controls-1.4.3.jar;C:\Users\Tsawke\.m2\repository\com\github\nifty-gui\nifty-style-black\1.4.3\nifty-style-black-1.4.3.jar;C:\Users\Tsawke\.m2\repository\org\jmonkeyengine\jme3-terrain\3.3.0-stable\jme3-terrain-3.3.0-stable.jar;C:\Users\Tsawke\.m2\repository\org\jmonkeyengine\jme3-networking\3.3.0-stable\jme3-networking-3.3.0-stable.jar;C:\Users\Tsawke\.m2\repository\org\jmonkeyengine\jme3-bullet\3.3.0-stable\jme3-bullet-3.3.0-stable.jar;C:\Users\Tsawke\.m2\repository\org\jmonkeyengine\jme3-bullet-native\3.3.0-stable\jme3-bullet-native-3.3.0-stable.jar;C:\Users\Tsawke\.m2\repository\org\jmonkeyengine\jme3-bullet-native-android\3.3.0-stable\jme3-bullet-native-android-3.3.0-stable.jar;C:\Users\Tsawke\.m2\repository\org\jmonkeyengine\jme3-jogl\3.3.0-stable\jme3-jogl-3.3.0-stable.jar;C:\Users\Tsawke\.m2\repository\org\jogamp\gluegen\gluegen-rt-main\2.3.2\gluegen-rt-main-2.3.2.jar;C:\Users\Tsawke\.m2\repository\org\jogamp\gluegen\gluegen-rt\2.3.2\gluegen-rt-2.3.2.jar;C:\Users\Tsawke\.m2\repository\org\jogamp\gluegen\gluegen-rt\2.3.2\gluegen-rt-2.3.2-natives-android-aarch64.jar;C:\Users\Tsawke\.m2\repository\org\jogamp\gluegen\gluegen-rt\2.3.2\gluegen-rt-2.3.2-natives-android-armv6.jar;C:\Users\Tsawke\.m2\repository\org\jogamp\gluegen\gluegen-rt\2.3.2\gluegen-rt-2.3.2-natives-linux-amd64.jar;C:\Users\Tsawke\.m2\repository\org\jogamp\gluegen\gluegen-rt\2.3.2\gluegen-rt-2.3.2-natives-linux-armv6.jar;C:\Users\Tsawke\.m2\repository\org\jogamp\gluegen\gluegen-rt\2.3.2\gluegen-rt-2.3.2-natives-linux-armv6hf.jar;C:\Users\Tsawke\.m2\repository\org\jogamp\gluegen\gluegen-rt\2.3.2\gluegen-rt-2.3.2-natives-linux-i586.jar;C:\Users\Tsawke\.m2\repository\org\jogamp\gluegen\gluegen-rt\2.3.2\gluegen-rt-2.3.2-natives-macosx-universal.jar;C:\Users\Tsawke\.m2\repository\org\jogamp\gluegen\gluegen-rt\2.3.2\gluegen-rt-2.3.2-natives-solaris-amd64.jar;C:\Users\Tsawke\.m2\repository\org\jogamp\gluegen\gluegen-rt\2.3.2\gluegen-rt-2.3.2-natives-solaris-i586.jar;C:\Users\Tsawke\.m2\repository\org\jogamp\gluegen\gluegen-rt\2.3.2\gluegen-rt-2.3.2-natives-windows-amd64.jar;C:\Users\Tsawke\.m2\repository\org\jogamp\gluegen\gluegen-rt\2.3.2\gluegen-rt-2.3.2-natives-windows-i586.jar;C:\Users\Tsawke\.m2\repository\org\jogamp\jogl\jogl-all-main\2.3.2\jogl-all-main-2.3.2.jar;C:\Users\Tsawke\.m2\repository\org\jogamp\jogl\jogl-all\2.3.2\jogl-all-2.3.2.jar;C:\Users\Tsawke\.m2\repository\org\jogamp\jogl\jogl-all\2.3.2\jogl-all-2.3.2-natives-android-aarch64.jar;C:\Users\Tsawke\.m2\repository\org\jogamp\jogl\jogl-all\2.3.2\jogl-all-2.3.2-natives-android-armv6.jar;C:\Users\Tsawke\.m2\repository\org\jogamp\jogl\jogl-all\2.3.2\jogl-all-2.3.2-natives-linux-amd64.jar;C:\Users\Tsawke\.m2\repository\org\jogamp\jogl\jogl-all\2.3.2\jogl-all-2.3.2-natives-linux-armv6.jar;C:\Users\Tsawke\.m2\repository\org\jogamp\jogl\jogl-all\2.3.2\jogl-all-2.3.2-natives-linux-armv6hf.jar;C:\Users\Tsawke\.m2\repository\org\jogamp\jogl\jogl-all\2.3.2\jogl-all-2.3.2-natives-linux-i586.jar;C:\Users\Tsawke\.m2\repository\org\jogamp\jogl\jogl-all\2.3.2\jogl-all-2.3.2-natives-macosx-universal.jar;C:\Users\Tsawke\.m2\repository\org\jogamp\jogl\jogl-all\2.3.2\jogl-all-2.3.2-natives-solaris-amd64.jar;C:\Users\Tsawke\.m2\repository\org\jogamp\jogl\jogl-all\2.3.2\jogl-all-2.3.2-natives-solaris-i586.jar;C:\Users\Tsawke\.m2\repository\org\jogamp\jogl\jogl-all\2.3.2\jogl-all-2.3.2-natives-windows-amd64.jar;C:\Users\Tsawke\.m2\repository\org\jogamp\jogl\jogl-all\2.3.2\jogl-all-2.3.2-natives-windows-i586.jar;C:\Users\Tsawke\.m2\repository\org\jogamp\joal\joal-main\2.3.2\joal-main-2.3.2.jar;C:\Users\Tsawke\.m2\repository\org\jogamp\joal\joal\2.3.2\joal-2.3.2.jar;C:\Users\Tsawke\.m2\repository\org\jogamp\joal\joal\2.3.2\joal-2.3.2-natives-android-aarch64.jar;C:\Users\Tsawke\.m2\repository\org\jogamp\joal\joal\2.3.2\joal-2.3.2-natives-android-armv6.jar;C:\Users\Tsawke\.m2\repository\org\jogamp\joal\joal\2.3.2\joal-2.3.2-natives-linux-amd64.jar;C:\Users\Tsawke\.m2\repository\org\jogamp\joal\joal\2.3.2\joal-2.3.2-natives-linux-armv6.jar;C:\Users\Tsawke\.m2\repository\org\jogamp\joal\joal\2.3.2\joal-2.3.2-natives-linux-armv6hf.jar;C:\Users\Tsawke\.m2\repository\org\jogamp\joal\joal\2.3.2\joal-2.3.2-natives-linux-i586.jar;C:\Users\Tsawke\.m2\repository\org\jogamp\joal\joal\2.3.2\joal-2.3.2-natives-macosx-universal.jar;C:\Users\Tsawke\.m2\repository\org\jogamp\joal\joal\2.3.2\joal-2.3.2-natives-solaris-amd64.jar;C:\Users\Tsawke\.m2\repository\org\jogamp\joal\joal\2.3.2\joal-2.3.2-natives-solaris-i586.jar;C:\Users\Tsawke\.m2\repository\org\jogamp\joal\joal\2.3.2\joal-2.3.2-natives-windows-amd64.jar;C:\Users\Tsawke\.m2\repository\org\jogamp\joal\joal\2.3.2\joal-2.3.2-natives-windows-i586.jar;C:\Users\Tsawke\.m2\repository\org\jogamp\jocl\jocl-main\2.3.2\jocl-main-2.3.2.jar;C:\Users\Tsawke\.m2\repository\org\jogamp\jocl\jocl\2.3.2\jocl-2.3.2.jar;C:\Users\Tsawke\.m2\repository\org\jogamp\jocl\jocl\2.3.2\jocl-2.3.2-natives-android-aarch64.jar;C:\Users\Tsawke\.m2\repository\org\jogamp\jocl\jocl\2.3.2\jocl-2.3.2-natives-android-armv6.jar;C:\Users\Tsawke\.m2\repository\org\jogamp\jocl\jocl\2.3.2\jocl-2.3.2-natives-linux-amd64.jar;C:\Users\Tsawke\.m2\repository\org\jogamp\jocl\jocl\2.3.2\jocl-2.3.2-natives-linux-armv6.jar;C:\Users\Tsawke\.m2\repository\org\jogamp\jocl\jocl\2.3.2\jocl-2.3.2-natives-linux-armv6hf.jar;C:\Users\Tsawke\.m2\repository\org\jogamp\jocl\jocl\2.3.2\jocl-2.3.2-natives-linux-i586.jar;C:\Users\Tsawke\.m2\repository\org\jogamp\jocl\jocl\2.3.2\jocl-2.3.2-natives-macosx-universal.jar;C:\Users\Tsawke\.m2\repository\org\jogamp\jocl\jocl\2.3.2\jocl-2.3.2-natives-solaris-amd64.jar;C:\Users\Tsawke\.m2\repository\org\jogamp\jocl\jocl\2.3.2\jocl-2.3.2-natives-solaris-i586.jar;C:\Users\Tsawke\.m2\repository\org\jogamp\jocl\jocl\2.3.2\jocl-2.3.2-natives-windows-amd64.jar;C:\Users\Tsawke\.m2\repository\org\jogamp\jocl\jocl\2.3.2\jocl-2.3.2-natives-windows-i586.jar;C:\Users\Tsawke\.m2\repository\org\jmonkeyengine\jme3-android\3.3.0-stable\jme3-android-3.3.0-stable.jar;C:\Users\Tsawke\.m2\repository\org\jmonkeyengine\jme3-android-native\3.3.0-stable\jme3-android-native-3.3.0-stable.jar;C:\Users\Tsawke\.m2\repository\org\jmonkeyengine\jme3-ios\3.3.0-stable\jme3-ios-3.3.0-stable.jar;C:\Users\Tsawke\.m2\repository\org\jmonkeyengine\jme3-vr\3.3.0-stable\jme3-vr-3.3.0-stable.jar;C:\Users\Tsawke\.m2\repository\net\java\dev\jna\jna\4.3.0\jna-4.3.0.jar;C:\Users\Tsawke\.m2\repository\com\nativelibs4java\jnaerator-runtime\0.12\jnaerator-runtime-0.12.jar;C:\Users\Tsawke\.m2\repository\com\nativelibs4java\ochafik-util\0.12\ochafik-util-0.12.jar;C:\Users\Tsawke\.m2\repository\org\lwjgl\lwjgl-ovr\3.2.3\lwjgl-ovr-3.2.3.jar;C:\Users\Tsawke\.m2\repository\org\lwjgl\lwjgl-openvr\3.2.3\lwjgl-openvr-3.2.3.jar;C:\Users\Tsawke\.m2\repository\org\lwjgl\lwjgl-openvr\3.2.3\lwjgl-openvr-3.2.3-natives-linux.jar;C:\Users\Tsawke\.m2\repository\org\lwjgl\lwjgl-openvr\3.2.3\lwjgl-openvr-3.2.3-natives-macos.jar;C:\Users\Tsawke\.m2\repository\org\lwjgl\lwjgl-ovr\3.2.3\lwjgl-ovr-3.2.3-natives-windows.jar;C:\Users\Tsawke\.m2\repository\org\lwjgl\lwjgl-openvr\3.2.3\lwjgl-openvr-3.2.3-natives-windows.jar
Launcher Type: SUN_STANDARD

[Global flags]
     intx CICompilerCount                          = 12                                        {product} {ergonomic}
     uint ConcGCThreads                            = 5                                         {product} {ergonomic}
     uint G1ConcRefinementThreads                  = 20                                        {product} {ergonomic}
   size_t G1HeapRegionSize                         = 8388608                                   {product} {ergonomic}
   size_t InitialHeapSize                          = 1073741824                                {product} {ergonomic}
   size_t MarkStackSize                            = 4194304                                   {product} {ergonomic}
   size_t MarkStackSizeMax                         = 536870912                                 {product} {ergonomic}
   size_t MaxHeapSize                              = 17112760320                               {product} {ergonomic}
   size_t MaxNewSize                               = 10267656192                               {product} {ergonomic}
   size_t MinHeapDeltaBytes                        = 8388608                                   {product} {ergonomic}
   size_t MinHeapSize                              = 8388608                                   {product} {ergonomic}
    uintx NonNMethodCodeHeapSize                   = 7602176                                {pd product} {ergonomic}
    uintx NonProfiledCodeHeapSize                  = 122093568                              {pd product} {ergonomic}
    uintx ProfiledCodeHeapSize                     = 121962496                              {pd product} {ergonomic}
    uintx ReservedCodeCacheSize                    = 251658240                              {pd product} {ergonomic}
     bool SegmentedCodeCache                       = true                                      {product} {ergonomic}
     bool ShowCodeDetailsInExceptionMessages       = true                                   {manageable} {command line}
   size_t SoftMaxHeapSize                          = 17112760320                            {manageable} {ergonomic}
     bool UseCompressedOops                        = true                           {product lp64_product} {ergonomic}
     bool UseG1GC                                  = true                                      {product} {ergonomic}
     bool UseLargePagesIndividualAllocation        = false                                  {pd product} {ergonomic}

Logging:
Log output configuration:
 #0: stdout all=warning uptime,level,tags foldmultilines=false
 #1: stderr all=off uptime,level,tags foldmultilines=false

Environment Variables:
JAVA_HOME=E:\Program Files\jdk23
CLASSPATH=.;E:\Program Files\jdk23\lib\dt.jar;E:\Program Files\jdk23\lib\tools.jar
PATH=C:\Program Files\Common Files\Oracle\Java\javapath;E:\Program Files\Python313\Scripts\;E:\Program Files\Python313\;C:\Program Files (x86)\Common Files\Intel\Shared Libraries\redist\intel64\compiler;E:\Program Files\python312\Scripts\;E:\Program Files\python312\;C:\Windows\system32;C:\Windows;C:\Windows\System32\Wbem;C:\Windows\System32\WindowsPowerShell\v1.0\;C:\Windows\System32\OpenSSH\;C:\Program Files (x86)\NVIDIA Corporation\PhysX\Common;C:\Program Files\dotnet\;E:\Program Files\Bandzip\Bandizip;%Python_HOME%;C:\Pro;ramData\chocolatey\bin;E:\Program Files\nodejs;E:\Program Files\nodejs\node_global;E:\Program Files\nodejs\node_cache;E:\Program Files\nodejs\;E:\Program Files\Git\cmd;E:\Program Files\微信web开发者工具\dll;C:\Program Files (x86)\Microsoft SQL Server\160\Tools\Binn\;C:\Program Files\Microsoft SQL Server\160\Tools\Binn\;C:\Program Files\Microsoft SQL Server\Client SDK\ODBC\170\Tools\Binn\;C:\Program Files\Microsoft SQL Server\160\DTS\Binn\;C:\Program Files (x86)\Windows Kits\8.1\Windows Performance Toolkit\;E:\Program Files\jdk23\bin;E:\Program Files\jdk23\jre\bin;E:\Program Files\apache-maven-3.9.9\bin;C:\Program Files\Common Files\Autodesk Shared\;C:\Program Files\NVIDIA Corporation\NVIDIA app\NvDLISR;C:\Users\Tsawke\AppData\Local\Microsoft\WindowsApps;C:\Users\Tsawke\AppData\Local\Programs\Microsoft VS Code\bin;E:\Program Files\nodejs\node_global;;E:\Program Files\IntelliJ IDEA 2024.1\bin;
USERNAME=Tsawke
LANG=en_US.UTF-8
OS=Windows_NT
PROCESSOR_IDENTIFIER=Intel64 Family 6 Model 183 Stepping 1, GenuineIntel
TMP=C:\Users\Tsawke\AppData\Local\Temp
TEMP=C:\Users\Tsawke\AppData\Local\Temp




Periodic native trim disabled

---------------  S Y S T E M  ---------------

OS:
 Windows 11 , 64 bit Build 22621 (10.0.22621.4391)
OS uptime: 1 days 4:42 hours

CPU: total 28 (initial active 28) (14 cores per cpu, 2 threads per core) family 6 model 183 stepping 1 microcode 0x123, cx8, cmov, fxsr, ht, mmx, 3dnowpref, sse, sse2, sse3, ssse3, sse4.1, sse4.2, popcnt, lzcnt, tsc, tscinvbit, avx, avx2, aes, erms, clmul, bmi1, bmi2, adx, sha, fma, vzeroupper, clflush, clflushopt, clwb, serialize, rdtscp, rdpid, fsrm, gfni, f16c, pku, cet_ibt, cet_ss
Processor Information for the first 28 processors :
  Max Mhz: 3400, Current Mhz: 3400, Mhz Limit: 3400

Memory: 4k page, system-wide physical 65277M (45220M free)
TotalPageFile size 69373M (AvailPageFile size 36918M)
current process WorkingSet (physical memory assigned to process): 442M, peak: 454M
current process commit charge ("private bytes"): 939M, peak: 1273M

vm_info: Java HotSpot(TM) 64-Bit Server VM (23.0.1+11-39) for windows-amd64 JRE (23.0.1+11-39), built on 2024-09-30T07:20:43Z with MS VC++ 17.6 (VS2022)

END.
