#
# A fatal error has been detected by the Java Runtime Environment:
#
#  EXCEPTION_ACCESS_VIOLATION (0xc0000005) at pc=0x0000000000000000, pid=46220, tid=57900
#
# JRE version: Java(TM) SE Runtime Environment (23.0.1+11) (build 23.0.1+11-39)
# Java VM: Java HotSpot(TM) 64-Bit Server VM (23.0.1+11-39, mixed mode, sharing, tiered, compressed oops, compressed class ptrs, g1 gc, windows-amd64)
# Problematic frame:
# C  [jdwp.dll+0x161f3]
#
# No core dump will be written. Minidumps are not enabled by default on client versions of Windows
#
# If you would like to submit a bug report, please visit:
#   https://bugreport.java.com/bugreport/crash.jsp
# The crash happened outside the Java Virtual Machine in native code.
# See problematic frame for where to report the bug.
#

---------------  S U M M A R Y ------------

Command Line: -agentlib:jdwp=transport=dt_socket,server=n,suspend=y,address=localhost:11353 -XX:+ShowCodeDetailsInExceptionMessages com.csproject.jMEMain

Host: Intel(R) Core(TM) i7-14700K, 28 cores, 63G,  Windows 11 , 64 bit Build 22621 (10.0.22621.4391)
Time: Fri Dec  6 02:25:58 2024  Windows 11 , 64 bit Build 22621 (10.0.22621.4391) elapsed time: 15.675344 seconds (0d 0h 0m 15s)

---------------  T H R E A D  ---------------

Current thread (0x000001e2034973d0):  JavaThread "main"             [_thread_in_native, id=57900, stack(0x0000008c3f400000,0x0000008c3f500000) (1024K)]

Stack: [0x0000008c3f400000,0x0000008c3f500000],  sp=0x0000008c3f4fe950,  free space=1018k
Native frames: (J=compiled Java code, j=interpreted, Vv=VM code, C=native code)

Java frames: (J=compiled Java code, j=interpreted, Vv=VM code)
j  java.lang.Shutdown.halt0(I)V+0 java.base@23.0.1
j  java.lang.Shutdown.halt(I)V+7 java.base@23.0.1
j  java.lang.Shutdown.exit(I)V+16 java.base@23.0.1
j  java.lang.Runtime.exit(I)V+14 java.base@23.0.1
j  java.lang.System.exit(I)V+4 java.base@23.0.1
j  com.csproject.jMEMain.simpleUpdate(F)V+467
J 4836 c2 com.jme3.system.lwjgl.LwjglWindow.runLoop()V (220 bytes) @ 0x000001e213a05650 [0x000001e213a04e00+0x0000000000000850]
j  com.jme3.system.lwjgl.LwjglWindow.run()V+51
j  com.jme3.system.lwjgl.LwjglWindow.create(Z)V+27
j  com.jme3.app.LegacyApplication.start(Lcom/jme3/system/JmeContext$Type;Z)V+92
j  com.jme3.app.LegacyApplication.start()V+5
j  com.jme3.app.SimpleApplication.start()V+51
j  com.csproject.jMEMain.main([Ljava/lang/String;)V+9
v  ~StubRoutines::call_stub 0x000001e213000fcd

siginfo: EXCEPTION_ACCESS_VIOLATION (0xc0000005), data execution prevention violation at address 0x0000000000000000


Registers:
RAX=0x000001e285090000, RBX=0x000001e21bd933c0, RCX=0x000001e203497790, RDX=0x000001e21bd933c0
RSP=0x0000008c3f4fe948, RBP=0x00007ffad33c0428, RSI=0x0000008c3f4fe9f0, RDI=0x000001e203497790
R8 =0x0000000000010002, R9 =0x0000000000000000, R10=0x00007ff957350000, R11=0x0000008c3f4fe918
R12=0x0000000000000006, R13=0x000001e203490400, R14=0x0000000000000000, R15=0x0000000000000000
RIP=0x0000000000000000, EFLAGS=0x0000000000010202


Register to memory mapping:

RAX=0x000001e285090000 points into unknown readable memory: 0x0000000000000000 | 00 00 00 00 00 00 00 00
RBX=0x000001e21bd933c0 points into unknown readable memory: 0x0000000404801a98 | 98 1a 80 04 04 00 00 00
RCX=0x000001e203497790 points into unknown readable memory: 0x000001e285090000 | 00 00 09 85 e2 01 00 00
RDX=0x000001e21bd933c0 points into unknown readable memory: 0x0000000404801a98 | 98 1a 80 04 04 00 00 00
RSP=0x0000008c3f4fe948 is pointing into the stack for thread: 0x000001e2034973d0
RBP=0x00007ffad33c0428 jdwp.dll
RSI=0x0000008c3f4fe9f0 is pointing into the stack for thread: 0x000001e2034973d0
RDI=0x000001e203497790 points into unknown readable memory: 0x000001e285090000 | 00 00 09 85 e2 01 00 00
R8 =0x0000000000010002 is an unknown value
R9 =0x0 is null
R10=0x00007ff957350000 VCRUNTIME140.dll
R11=0x0000008c3f4fe918 is pointing into the stack for thread: 0x000001e2034973d0
R12=0x0000000000000006 is an unknown value
R13=0x000001e203490400 points into unknown readable memory: 0x00007ff957f5e8d0 | d0 e8 f5 57 f9 7f 00 00
R14=0x0 is null
R15=0x0 is null

Top of Stack: (sp=0x0000008c3f4fe948)
0x0000008c3f4fe948:   00007ffad33a61f3 000001e21bd933c0
0x0000008c3f4fe958:   0000008c3f4fe9f0 0000000000000000
0x0000008c3f4fe968:   0000000000000000 000001e234489290
0x0000008c3f4fe978:   000001e2034973d0 0000000000000003
0x0000008c3f4fe988:   0000000000000002 000001e2034979a8
0x0000008c3f4fe998:   00007ffad33a455d 000001e21bd933c0
0x0000008c3f4fe9a8:   00007ffad33c0428 000001e2034973d0
0x0000008c3f4fe9b8:   000001e203497790 0000000000000000
0x0000008c3f4fe9c8:   0000008c3f4fe9d0 0000000000000000
0x0000008c3f4fe9d8:   00007ffb15583810 00006d373a13b7e6
0x0000008c3f4fe9e8:   000000000000e22c 0000000000000006
0x0000008c3f4fe9f8:   000001e21bd933c0 0000000000000000
0x0000008c3f4fea08:   0000000000000000 0000000000000000
0x0000008c3f4fea18:   0000000000000000 0000000000000000
0x0000008c3f4fea28:   0000000000000000 0000000000000000
0x0000008c3f4fea38:   0000000000000000 0000000000000000
0x0000008c3f4fea48:   000001e2034979a8 000001e2010dbea0
0x0000008c3f4fea58:   00007ff957910a71 0000000000000000
0x0000008c3f4fea68:   000001e233549320 000001e2034973d0
0x0000008c3f4fea78:   000001e2034961a0 0000000000000000
0x0000008c3f4fea88:   00007ffb12a6f137 000001e203458810
0x0000008c3f4fea98:   000001e203497a40 000001e203497a50
0x0000008c3f4feaa8:   000001e203497e28 00000000000003d8
0x0000008c3f4feab8:   000001e2034973d0 000001e2034973d0
0x0000008c3f4feac8:   000001e203457fd0 000001e2010dae60
0x0000008c3f4fead8:   000001e2010dae70 000001e2010daf48
0x0000008c3f4feae8:   00000000000000d8 0000008c3f4ff5e0
0x0000008c3f4feaf8:   00007ff957fe2210 0000000000000020
0x0000008c3f4feb08:   000001e2010ccfd0 000001e2034973d0
0x0000008c3f4feb18:   0000008c3f4feb50 00007ff957fe1200
0x0000008c3f4feb28:   00007ff957fe2210 0000000000000020
0x0000008c3f4feb38:   000001e21bc30a50 000001e2034973d0 

Instructions: (pc=0x00007ffad33a61f3)
0x00007ffad33a60f3:   2c 41 b8 61 02 00 00 48 8d 0d 97 6e 01 00 48 8b
0x00007ffad33a6103:   d3 e8 7f 50 00 00 41 8b cc e8 33 a0 ff ff 48 8b
0x00007ffad33a6113:   d0 48 8d 0d 55 a4 01 00 e8 10 51 00 00 4c 8b 4e
0x00007ffad33a6123:   28 48 8d 0d 5d a4 01 00 4c 8b 46 20 48 8b 56 08
0x00007ffad33a6133:   e8 0c 0e 01 00 48 8b 05 b1 0f 02 00 f6 80 10 02
0x00007ffad33a6143:   00 00 02 74 28 41 b8 6a 02 00 00 48 8d 0d 6f 62
0x00007ffad33a6153:   01 00 48 8b d3 e8 2b 50 00 00 48 8d 15 54 63 01
0x00007ffad33a6163:   00 48 8d 0d 6d 62 01 00 e8 c0 50 00 00 48 8b 07
0x00007ffad33a6173:   48 8b cf ff 50 78 48 8b 0d 70 0f 02 00 4c 8b f8
0x00007ffad33a6183:   f6 81 10 02 00 00 02 74 28 41 b8 6b 02 00 00 48
0x00007ffad33a6193:   8d 0d 2b 62 01 00 48 8b d3 e8 e7 4f 00 00 48 8d
0x00007ffad33a61a3:   15 48 63 01 00 48 8d 0d 29 62 01 00 e8 7c 50 00
0x00007ffad33a61b3:   00 48 8b 07 48 8b cf ff 90 88 00 00 00 83 3d e5
0x00007ffad33a61c3:   0a 02 00 00 76 0c e8 ce 5b ff ff 83 25 d7 0a 02
0x00007ffad33a61d3:   00 00 48 8b 5e 08 48 85 db 74 4b 48 8b 05 0b 0f
0x00007ffad33a61e3:   02 00 80 78 13 00 74 0b 48 8b cb e8 b5 07 01 00
0x00007ffad33a61f3:   88 46 10 4d 8b c7 48 8b d6 41 8a ce e8 c8 a0 00
0x00007ffad33a6203:   00 48 8b e8 48 85 c0 75 25 48 8b cb e8 c0 44 00
0x00007ffad33a6213:   00 84 c0 0f 84 ea 00 00 00 48 8b d3 41 8a ce e8
0x00007ffad33a6223:   ad 13 00 00 eb e3 e8 0e 0e 00 00 48 8b e8 4c 8b
0x00007ffad33a6233:   cd 44 88 74 24 20 45 8b c4 48 8b d6 48 8b cf e8
0x00007ffad33a6243:   e1 00 00 00 83 3e 14 75 0b 48 8b 05 9d 0e 02 00
0x00007ffad33a6253:   c6 40 10 01 48 85 db 75 08 48 8b cd e8 0c 53 ff
0x00007ffad33a6263:   ff 48 8b 05 85 0e 02 00 4d 85 ff 74 43 f6 80 10
0x00007ffad33a6273:   02 00 00 02 74 2c 41 b8 b3 02 00 00 48 8d 15 a2
0x00007ffad33a6283:   a1 01 00 48 8d 0d 37 61 01 00 e8 f6 4e 00 00 48
0x00007ffad33a6293:   8d 15 e7 7c 01 00 48 8d 0d 38 61 01 00 e8 8b 4f
0x00007ffad33a62a3:   00 00 48 8b 07 49 8b d7 48 8b cf ff 50 68 eb 41
0x00007ffad33a62b3:   f6 80 10 02 00 00 02 74 2c 41 b8 b5 02 00 00 48
0x00007ffad33a62c3:   8d 15 5f a1 01 00 48 8d 0d f4 60 01 00 e8 b3 4e
0x00007ffad33a62d3:   00 00 48 8d 15 14 62 01 00 48 8d 0d f5 60 01 00
0x00007ffad33a62e3:   e8 48 4f 00 00 48 8b 07 48 8b cf ff 90 88 00 00 


Stack slot to memory mapping:

stack at sp + 0 slots: 0x000001e21bd933c0 points into unknown readable memory: 0x0000000404801a98 | 98 1a 80 04 04 00 00 00
stack at sp + 1 slots: 0x0000008c3f4fe9f0 is pointing into the stack for thread: 0x000001e2034973d0
stack at sp + 2 slots: 0x0 is null
stack at sp + 3 slots: 0x0 is null
stack at sp + 4 slots: {method} {0x000001e234489298} 'initLevel' '(I)V' in 'jdk/internal/misc/VM'
stack at sp + 5 slots: 0x000001e2034973d0 is a thread
stack at sp + 6 slots: 0x0000000000000003 is an unknown value
stack at sp + 7 slots: 0x0000000000000002 is an unknown value

Lock stack of current Java thread (top to bottom):
LockStack[1]: java.lang.Shutdown$Lock 
{0x0000000404dad198} - klass: 'java/lang/Shutdown$Lock'
 - ---- fields (total size 2 words):
LockStack[0]: java.lang.Class 
{0x0000000404e39648} - klass: 'java/lang/Class'
 - ---- fields (total size 17 words):
 - private volatile transient 'classRedefinedCount' 'I' @12  0 (0x00000000)
 - injected 'klass' 'J' @16  2071048308752 (0x000001e234194810)
 - injected 'array_klass' 'J' @24  0 (0x0000000000000000)
 - injected 'oop_size' 'I' @32  17 (0x00000011)
 - injected 'static_oop_field_count' 'I' @36  3 (0x00000003)
 - private volatile transient 'cachedConstructor' 'Ljava/lang/reflect/Constructor;' @40  null (0x00000000)
 - private transient 'name' 'Ljava/lang/String;' @44  null (0x00000000)
 - private transient 'module' 'Ljava/lang/Module;' @48  a 'java/lang/Module'{0x000000040480bce8} (0x8090179d)
 - private final 'classLoader' 'Ljava/lang/ClassLoader;' @52  null (0x00000000)
 - private transient 'classData' 'Ljava/lang/Object;' @56  null (0x00000000)
 - private transient 'packageName' 'Ljava/lang/String;' @60  null (0x00000000)
 - private final 'componentType' 'Ljava/lang/Class;' @64  null (0x00000000)
 - private volatile transient 'reflectionData' 'Ljava/lang/ref/SoftReference;' @68  null (0x00000000)
 - private volatile transient 'genericInfo' 'Lsun/reflect/generics/repository/ClassRepository;' @72  null (0x00000000)
 - private volatile transient 'enumConstants' '[Ljava/lang/Object;' @76  null (0x00000000)
 - private volatile transient 'enumConstantDirectory' 'Ljava/util/Map;' @80  null (0x00000000)
 - private volatile transient 'annotationData' 'Ljava/lang/Class$AnnotationData;' @84  null (0x00000000)
 - private volatile transient 'annotationType' 'Lsun/reflect/annotation/AnnotationType;' @88  null (0x00000000)
 - transient 'classValueMap' 'Ljava/lang/ClassValue$ClassValueMap;' @92  null (0x00000000)
 - injected 'protection_domain' 'Ljava/lang/Object;' @96  null (0x00000000)
 - injected 'signers_name' 'Ljava/lang/Object;' @100  null (0x00000000)
 - injected 'source_file' 'Ljava/lang/Object;' @104  null (0x00000000)
 - signature: Ljava/lang/Shutdown;
 - ---- static fields (3):
 - private static final 'MAX_SYSTEM_HOOKS' 'I' @124  10 (0x0000000a)
 - private static final 'hooks' '[Ljava/lang/Runnable;' @112  a 'java/lang/Runnable'[10] {0x0000000404e08380} (0x809c1070)
 - private static 'currentRunningHook' 'I' @128  9 (0x00000009)
 - private static 'lock' 'Ljava/lang/Object;' @116  a 'java/lang/Shutdown$Lock'{0x0000000404dad188} (0x809b5a31)
 - private static 'haltLock' 'Ljava/lang/Object;' @120  a 'java/lang/Shutdown$Lock'{0x0000000404dad198} (0x809b5a33)


Compiled method (c2) 15741 4836   !   4       com.jme3.system.lwjgl.LwjglWindow::runLoop (220 bytes)
 total in heap  [0x000001e213a04708,0x000001e213a0a228] = 23328
 relocation     [0x000001e213a047e0,0x000001e213a04dd0] = 1520
 constants      [0x000001e213a04de0,0x000001e213a04e00] = 32
 main code      [0x000001e213a04e00,0x000001e213a09ba0] = 19872
 stub code      [0x000001e213a09ba0,0x000001e213a09d50] = 432
 oops           [0x000001e213a09d50,0x000001e213a09da0] = 80
 metadata       [0x000001e213a09da0,0x000001e213a0a228] = 1160
 immutable data [0x000001e2847faa60,0x000001e2847fd528] = 10952
 dependencies   [0x000001e2847faa60,0x000001e2847fabc8] = 360
 nul chk table  [0x000001e2847fabc8,0x000001e2847fad60] = 408
 handler table  [0x000001e2847fad60,0x000001e2847fb1e0] = 1152
 scopes pcs     [0x000001e2847fb1e0,0x000001e2847fbf00] = 3360
 scopes data    [0x000001e2847fbf00,0x000001e2847fd528] = 5672


[Constant Pool]
             Address          hex4                    hex8      
  0x000001e213a04de0:   0x00000000      0x3089705f00000000      
  0x000001e213a04de4:   0x3089705f                              
  0x000001e213a04de8:   0x3f800000      0xf4f4f4f43f800000      
  0x000001e213a04dec:   0xf4f4f4f4                              
  0x000001e213a04df0:   0xf4f4f4f4      0xf4f4f4f4f4f4f4f4      
  0x000001e213a04df4:   0xf4f4f4f4                              
  0x000001e213a04df8:   0xf4f4f4f4      0xf4f4f4f4f4f4f4f4      
  0x000001e213a04dfc:   0xf4f4f4f4                              

[MachCode]
[Instructions begin]
  0x000001e213a04e00: ;   {no_reloc}
  0x000001e213a04e00: 6690 448b | 5208 443b 

  0x000001e213a04e08: ;   {runtime_call ic_miss_stub}
  0x000001e213a04e08: 5008 0f85 | d096 64ff 
[Verified Entry Point]
  0x000001e213a04e10: 8984 2400 | 80ff ff55 | 4881 ecd0 | 0000 0090 | 4181 7f20 | 0500 0000 | 0f85 654d | 0000 4889 
  0x000001e213a04e30: 5424 4844 | 8b5a 5445 | 85db 0f84 | c82f 0000 | 4d8b 9788 | 0300 004d | 8b12 4c89 | 5424 5845 
  0x000001e213a04e50: 33c0 4787 | 44dc 0c45 | 85c0 0f85 | 9837 0000 | 448b 5a10 

  0x000001e213a04e64: ; implicit exception: dispatches to 0x000001e213a0929c
  0x000001e213a04e64: 478b 54dc | 0c45 85d2 | 0f84 a637 | 0000 8b6a | 3045 8b54 

  0x000001e213a04e78: ;   {metadata('com/csproject/jMEMain')}
  0x000001e213a04e78: ec08 4181 | faa8 1900 | 010f 8569 | 3100 004d | 8d14 ec4c | 8954 2450 | 418b 6a5c | 85ed 0f85 
  0x000001e213a04e98: 6c31 0000 | 458b 5a18 | 4489 5c24 

  0x000001e213a04ea4: ;   {oop(a 'java/lang/Class'{0x0000000414800398} = 'com/jme3/audio/AudioContext')}
  0x000001e213a04ea4: 6049 ba98 | 0380 1404 | 0000 0045 | 8b5a 7047 | 8b54 dc08 

  0x000001e213a04eb8: ;   {metadata('java/lang/ThreadLocal')}
  0x000001e213a04eb8: 4181 faf0 | 8523 000f | 855b 3100 | 004c 8b54 | 2458 458b | 524c 4489 | 5424 644b | 8d1c dc47 
  0x000001e213a04ed8: 8b54 d414 

  0x000001e213a04edc: ; implicit exception: dispatches to 0x000001e213a0930c
  0x000001e213a04edc: 478b 44d4 | 0c45 8d58 | ff44 235b | 0c45 85c0 | 0f86 6a31 | 0000 4f8d | 0cd4 4c89 | 4c24 2043 
  0x000001e213a04efc: 8b4c 9910 | 448b 4c24 | 6049 8bf9 | 48c1 e703 | 8b54 2464 | 4d8d 2cd4 | 85c9 0f84 | 8520 0000 
  0x000001e213a04f1c: 498d 2ccc | 4489 9c24 | a800 0000 | 48be 0000 | d71b e201 | 0000 4489 | 4424 6ceb | 2b0f 1f80 
  0x000001e213a04f3c: 0000 0000 | 4b8d 2cd4 | 8984 24a8 | 0000 0048 | 8b5c 2438 | 448b 5424 | 6848 8b7c | 2428 4c8b 
  0x000001e213a04f5c: 6c24 3048 | 8b74 2440 | 448b 5d0c | 49c1 e303 | 4c3b db0f | 84c5 0200 | 0044 3b65 | 0c0f 840f 
  0x000001e213a04f7c: 0300 0048 | 8974 2440 | 4c89 6c24 | 3048 897c | 2428 4489 | 5424 6848 | 895c 2438 | 8b94 24a8 
  0x000001e213a04f9c: 0000 0044 | 8b44 246c 

  0x000001e213a04fa4: ;   {static_call}
  0x000001e213a04fa4: c5f8 77e8 

  0x000001e213a04fa8: ; ImmutableOopMap {rbp=Oop [32]=Oop [40]=Oop [48]=Oop [56]=Oop [72]=Oop [80]=Oop [88]=Oop [96]=NarrowOop [100]=NarrowOop [104]=NarrowOop }
                      ;*invokestatic nextIndex {reexecute=0 rethrow=0 return_oop=0}
                      ; - java.lang.ThreadLocal$ThreadLocalMap::set@70 (line 551)
                      ; - java.lang.ThreadLocal::set@13 (line 265)
                      ; - java.lang.ThreadLocal::set@5 (line 251)
                      ; - com.jme3.audio.AudioContext::setAudioRenderer@4 (line 44)
                      ; - com.jme3.app.LegacyApplication::update@4 (line 712)
                      ; - com.jme3.app.SimpleApplication::update@20 (line 246)
                      ; - com.jme3.system.lwjgl.LwjglWindow::runLoop@37 (line 530)
  0x000001e213a04fa8: 349e 64ff 

  0x000001e213a04fac: ;   {other}
  0x000001e213a04fac: 0f1f 8400 | a408 0000 | 3b44 246c | 0f83 ae2b | 0000 4c8b | 5424 2045 | 8b54 8210 | 4d8b 9f50 
  0x000001e213a04fcc: ; ImmutableOopMap {r10=NarrowOop [32]=Oop [40]=Oop [48]=Oop [56]=Oop [72]=Oop [80]=Oop [88]=Oop [96]=NarrowOop [100]=NarrowOop [104]=NarrowOop }
                      ;*goto {reexecute=1 rethrow=0 return_oop=0}
                      ; - (reexecute) java.lang.ThreadLocal$ThreadLocalMap::set@79 (line 551)
                      ; - java.lang.ThreadLocal::set@13 (line 265)
                      ; - java.lang.ThreadLocal::set@5 (line 251)
                      ; - com.jme3.audio.AudioContext::setAudioRenderer@4 (line 44)
                      ; - com.jme3.app.LegacyApplication::update@4 (line 712)
                      ; - com.jme3.app.SimpleApplication::update@20 (line 246)
                      ; - com.jme3.system.lwjgl.LwjglWindow::runLoop@37 (line 530)
                      ;   {poll}
  0x000001e213a04fcc: 0400 0041 | 8503 4585 | d20f 8565 | ffff ff89 | 8424 a800 | 0000 488b | 5c24 3844 | 8b54 2468 
  0x000001e213a04fec: 4889 4424 | f88b 4424 | 6c89 8424 | 8c00 0000 | 488b 4424 | f848 8b7c | 2428 4c8b | 6c24 3048 
  0x000001e213a0500c: 8b74 2440 | 498b afb8 | 0100 004c | 8bdd 4983 | c320 4d3b | 9fc8 0100 | 000f 83f1 | 2b00 004d 
  0x000001e213a0502c: 899f b801 | 0000 410f | 0d8b c000 | 0000 48c7 | 4500 0100 

  0x000001e213a05040: ;   {metadata('java/lang/ThreadLocal$ThreadLocalMap$Entry')}
  0x000001e213a05040: 0000 c745 | 0868 d92f | 0044 8965 | 0c4c 8965 | 104c 8965 | 184c 8bc3 | 49c1 e803 | 4489 450c 
  0x000001e213a05060: 4180 7f38 | 000f 8528 

  0x000001e213a05068: ;   {oop(a 'java/lang/ref/ReferenceQueue$Null'{0x00000004048026c8})}
  0x000001e213a05068: 2800 00c7 | 4510 d904 | 9080 4c8b 

  0x000001e213a05074: ;   {oop(a 'java/lang/ref/ReferenceQueue$Null'{0x00000004048026c8})}
  0x000001e213a05074: dd49 b8c8 | 2680 0404 | 0000 004d | 33c3 49c1 | e817 4d85 | c074 1a49 | c1eb 0948 | b900 00d7 
  0x000001e213a05094: 1be2 0100 | 0049 03cb | 8039 020f | 855b 2800 | 00f0 8344 | 24c0 0041 | 807f 3800 | 0f85 a627 
  0x000001e213a050b4: 0000 448b | 5c24 6044 | 895d 1c4c | 8bdf 4c8b | cd4d 33d9 | 49c1 eb17 | 4d85 db74 | 2444 8b44 
  0x000001e213a050d4: 2460 4585 | c074 1a49 | c1e9 0948 | b900 00d7 | 1be2 0100 | 0049 03c9 | 8039 020f | 85f9 2800 
  0x000001e213a050f4: 0044 8b84 | 24a8 0000 | 0044 3b84 | 248c 0000 | 000f 83a5 | 3c00 004c | 8b54 2420 | 4f8d 7482 
  0x000001e213a05114: 1041 807f | 3800 0f85 | aa27 0000 | 4d8b d64c | 8bdd 49c1 | eb03 4589 | 1e4c 8bdd | 4d33 da49 
  0x000001e213a05134: c1eb 174d | 85db 741a | 49c1 ea09 | 48b9 0000 | d71b e201 | 0000 4903 | ca80 3902 | 0f85 4728 
  0x000001e213a05154: 0000 4889 | 4424 f88b | 8424 a800 | 0000 8984 | 2488 0000 | 0048 8b44 | 24f8 4889 | b424 8000 
  0x000001e213a05174: ;   {no_reloc}
  0x000001e213a05174: 0000 4c89 | 6c24 7848 | 897c 2470 | 48ff 7424 | 2048 8f44 | 2468 4889 | 5c24 2048 | ff74 2450 
  0x000001e213a05194: 488f 4424 | 4048 ff74 | 2458 488f | 4424 3848 | ff74 2448 | 488f 4424 | 3044 8b54 | 2464 478b 
  0x000001e213a051b4: 5cd4 0c45 | 8d53 0144 | 8b5c 2464 | 4789 54dc | 0c44 8954 | 2428 8b6c | 2464 498b | d544 8b84 
  0x000001e213a051d4: 24a8 0000 | 0045 8bca | 4889 7c24 | 5866 6690 

  0x000001e213a051e4: ;   {optimized virtual_call}
  0x000001e213a051e4: c5f8 77e8 

  0x000001e213a051e8: ; ImmutableOopMap {rbp=NarrowOop [32]=Oop [48]=Oop [56]=Oop [64]=Oop [88]=Oop [104]=Oop [112]=Oop [120]=Oop }
                      ;*invokevirtual cleanSomeSlots {reexecute=0 rethrow=0 return_oop=0}
                      ; - java.lang.ThreadLocal$ThreadLocalMap::set@113 (line 565)
                      ; - java.lang.ThreadLocal::set@13 (line 265)
                      ; - java.lang.ThreadLocal::set@5 (line 251)
                      ; - com.jme3.audio.AudioContext::setAudioRenderer@4 (line 44)
                      ; - com.jme3.app.LegacyApplication::update@4 (line 712)
                      ; - com.jme3.app.SimpleApplication::update@20 (line 246)
                      ; - com.jme3.system.lwjgl.LwjglWindow::runLoop@37 (line 530)
  0x000001e213a051e8: f495 64ff 

  0x000001e213a051ec: ;   {other}
  0x000001e213a051ec: 0f1f 8400 | e40a 0002 | 85c0 0f84 | c41d 0000 | 48ff 7424 | 3048 8f44 | 2448 48ff | 7424 4048 
  0x000001e213a0520c: 8f44 2450 | 488b b424 | 8000 0000 | e9e0 0000 | 0066 6690 | 4c8b 4424 | 38e9 8305 | 0000 660f 
  0x000001e213a0522c: 1f44 0000 | 4c8b 4424 | 38e9 a104 | 0000 4180 | 7f38 000f | 85bc 1f00 | 0044 8b54 | 2460 4489 
  0x000001e213a0524c: 551c 4c8b | d74c 8bdd | 4d33 d349 | c1ea 174d | 85d2 0f84 | 9900 0000 | 448b 4424 | 6045 85c0 
  0x000001e213a0526c: 0f84 8b00 | 0000 49c1 | eb09 48b9 | 0000 d71b | e201 0000 | 4903 cb80 | 3902 0f85 | ac1f 0000 
  0x000001e213a0528c: eb6f 4889 | 7424 7049 | 8bd5 4c8b | cf48 ff74 | 2420 488f | 4424 6048 | 8944 24f8 | 8b44 246c 
  0x000001e213a052ac: 8944 243c | 488b 4424 | f848 895c | 2428 4889 | 5c24 304c | 8bc3 4889 | 6c24 408b | bc24 a800 
  0x000001e213a052cc: 0000 488b | 6c24 504c | 894c 2478 | 4c89 8c24 | 8000 0000 | 4c89 ac24 | 9000 0000 

  0x000001e213a052e8: ;   {optimized virtual_call}
  0x000001e213a052e8: c5f8 77e8 

  0x000001e213a052ec: ; ImmutableOopMap {rbp=Oop [40]=Oop [48]=Oop [64]=Oop [72]=Oop [80]=Oop [88]=Oop [96]=Oop [120]=Oop [128]=Oop [144]=Oop }
                      ;*invokevirtual replaceStaleEntry {reexecute=0 rethrow=0 return_oop=0}
                      ; - java.lang.ThreadLocal$ThreadLocalMap::set@61 (line 558)
                      ; - java.lang.ThreadLocal::set@13 (line 265)
                      ; - java.lang.ThreadLocal::set@5 (line 251)
                      ; - com.jme3.audio.AudioContext::setAudioRenderer@4 (line 44)
                      ; - com.jme3.app.LegacyApplication::update@4 (line 712)
                      ; - com.jme3.app.SimpleApplication::update@20 (line 246)
                      ; - com.jme3.system.lwjgl.LwjglWindow::runLoop@37 (line 530)
  0x000001e213a052ec: f094 64ff 

  0x000001e213a052f0: ;   {other}
  0x000001e213a052f0: 0f1f 8400 | e80b 0003 | 488b 7424 | 704c 8b54 | 2450 418b | 6a5c 85ed | 0f85 9e2d | 0000 458b 
  0x000001e213a05310: 6a60 4585 | ed0f 8409 | 2b00 004f | 8d0c ec4f | 8d54 ec0c | 4c89 5424 | 2041 8b3a | 8bdf 33d2 
  0x000001e213a05330: ; implicit exception: dispatches to 0x000001e213a0927c
  0x000001e213a05330: 418b 6cfc | 0c4d 8d14 | fc48 8bcb | 48c1 e103 | 85ed 0f85 | 8e1f 0000 | 458b 44fc | 1045 33f6 
  0x000001e213a05350: 4585 c00f | 8557 1f00 | 003b df0f | 854f 1b00 | 004c 8b54 | 2450 c4c1 | 7a10 420c 

  0x000001e213a0536c: ;   {section_word}
  0x000001e213a0536c: c5f8 2e05 | 6cfa ffff | 7a06 0f84 | bc32 0000 | 410f b66a | 1185 ed0f | 85e7 3200 | 0041 8b7a 
  0x000001e213a0538c: 3449 8b5c | fc10 c5f8 | 7749 ba70 | b6a4 57f9 | 7f00 0041 

  0x000001e213a053a0: ;   {other}
  0x000001e213a053a0: ffd2 0f1f | 8400 0000 | 0000 4c8b | 5424 5041 | 0fb6 6a10 | 482b c349 | 2b44 fc18 

  0x000001e213a053bc: ;   {section_word}
  0x000001e213a053bc: c5fa 100d | 24fa ffff | c5f9 efc0 | c4e1 fa2a 

  0x000001e213a053cc: ;   {section_word}
  0x000001e213a053cc: c0c5 fa59 | 150f faff | ffc5 fa11 | 5424 30c4 | c17a 1154 | fc0c c5f2 | 5eca c4c1 | 7a11 4cfc 
  0x000001e213a053ec: 20c5 f877 | 49ba 70b6 | a457 f97f | 0000 41ff 

  0x000001e213a053fc: ;   {other}
  0x000001e213a053fc: d20f 1f84 | 0000 0000 | 0048 2bc3 | 4989 44fc | 1885 ed0f | 8473 3200 | 004c 8b54 | 2450 418b 
  0x000001e213a0541c: 6a5c 85ed | 0f85 9e2c | 0000 458b | 5a54 4585 | db0f 8409 | 2a00 0048 | 8974 2420 | 4b8d 14dc 
  0x000001e213a0543c: c5fa 1044 | 2430 6690 

  0x000001e213a05444: ;   {optimized virtual_call}
  0x000001e213a05444: c5f8 77e8 

  0x000001e213a05448: ; ImmutableOopMap {[72]=Oop [80]=Oop }
                      ;*invokevirtual update {reexecute=0 rethrow=0 return_oop=0}
                      ; - com.jme3.app.LegacyApplication::update@91 (line 724)
                      ; - com.jme3.app.SimpleApplication::update@20 (line 246)
                      ; - com.jme3.system.lwjgl.LwjglWindow::runLoop@37 (line 530)
  0x000001e213a05448: 8479 ffff 

  0x000001e213a0544c: ;   {other}
  0x000001e213a0544c: 0f1f 8400 | 440d 0004 | 4c8b 5424 | 5045 8b4a | 1847 8b5c | cc08 418b | 6a5c 85ed | 0f85 6e2c 
  0x000001e213a0546c: 0000 458b | 4234 c481 | 7a10 4cc4 

  0x000001e213a05478: ;   {metadata('com/jme3/audio/openal/ALAudioRenderer')}
  0x000001e213a05478: 0c41 81fb | c0b9 1c01 | 0f85 6e2c | 0000 4f8d | 1ccc 418b | 6b48 85ed | 0f84 be29 | 0000 4d8d 
  0x000001e213a05498: 0cec 488d | 9c24 c000 | 0000 4d8b | 0141 8b9f | 1806 0000 | 41f6 c002 | 0f85 3700 | 0000 81fb 
  0x000001e213a054b8: 6706 0000 | 0f8f 4b00 | 0000 4d3b | 4c1f f874 | 1649 8bc0 | 4883 c801 | 4983 e0fe | f04d 0fb1 
  0x000001e213a054d8: 010f 852e | 0000 004d | 890c 1f41 | 8387 1806 | 0000 08eb | 1748 33c0 | f04d 0fb1 | 783e 740c 
  0x000001e213a054f8: 4c3b f875 | 1049 ff80 | 8600 0000 | 49ff 8750 | 0500 0033 | c00f 8501 | 2c00 004c | 894c 2428 
  0x000001e213a05518: 4c89 5c24 | 40c5 fa11 | 4c24 384c | 8954 2430 | 498b d3c5 | f828 c190 

  0x000001e213a05530: ;   {optimized virtual_call}
  0x000001e213a05530: c5f8 77e8 

  0x000001e213a05534: ; ImmutableOopMap {rbp=NarrowOop [40]=Oop [48]=Oop [64]=Oop [72]=Oop }
                      ;*invokevirtual updateInRenderThread {reexecute=0 rethrow=0 return_oop=0}
                      ; - com.jme3.audio.openal.ALAudioRenderer::update@9 (line 850)
                      ; - com.jme3.app.LegacyApplication::update@131 (line 729)
                      ; - com.jme3.app.SimpleApplication::update@20 (line 246)
                      ; - com.jme3.system.lwjgl.LwjglWindow::runLoop@37 (line 530)
  0x000001e213a05534: f893 f5ff 

  0x000001e213a05538: ;   {other}
  0x000001e213a05538: 0f1f 8400 | 300e 0005 | 4c8b 5c24 | 2848 8d84 | 24c0 0000 | 0049 ff8f | 5005 0000 | 418b 8718 
  0x000001e213a05558: 0600 004d | 8b13 4d3b | 5c07 f80f | 852e 0000 | 0041 83af | 1806 0000 | 084d 3b5c | 07f0 0f84 
  0x000001e213a05578: 4d00 0000 | 498b c248 | 83e0 fc49 | 83ca 01f0 | 4d0f b113 | 0f85 ba45 | 0000 e932 | 0000 0049 
  0x000001e213a05598: 83ba 8600 | 0000 0075 | 1e49 8b82 | 9600 0000 | 490b 828e | 0000 000f | 85ab 4500 | 0049 c742 
  0x000001e213a055b8: 3e00 0000 | 00eb 0a49 | ff8a 8600 | 0000 4533 | d20f 858b | 2b00 004c | 8b5c 2430 | c4c1 7a10 
  0x000001e213a055d8: ;   {section_word}
  0x000001e213a055d8: 4b0c c5f8 | 2e0d fef7 | ffff 7a06 | 0f84 b630 | 0000 410f | b66b 1185 | ed0f 85e1 | 3000 0045 
  0x000001e213a055f8: 8b53 34c4 | 8172 5944 | d40c 418b | 6b5c 85ed | 0f85 772b | 0000 458b | 5358 4585 | d20f 8459 
  0x000001e213a05618: 2800 00c5 | fa11 4424 | 304c 895c | 2428 4b8d | 14d4 6690 

  0x000001e213a0562c: ;   {optimized virtual_call}
  0x000001e213a0562c: c5f8 77e8 

  0x000001e213a05630: ; ImmutableOopMap {[40]=Oop [72]=Oop }
                      ;*invokevirtual update {reexecute=0 rethrow=0 return_oop=0}
                      ; - com.jme3.app.SimpleApplication::update@77 (line 255)
                      ; - com.jme3.system.lwjgl.LwjglWindow::runLoop@37 (line 530)
  0x000001e213a05630: 1cd0 faff 

  0x000001e213a05634: ;   {other}
  0x000001e213a05634: 0f1f 8400 | 2c0f 0006 | 488b 5424 | 28c5 fa10 | 4424 3090 

  0x000001e213a05648: ;   {optimized virtual_call}
  0x000001e213a05648: c5f8 77e8 

  0x000001e213a0564c: ; ImmutableOopMap {[40]=Oop [72]=Oop }
                      ;*invokevirtual simpleUpdate {reexecute=0 rethrow=0 return_oop=0}
                      ; - com.jme3.app.SimpleApplication::update@82 (line 258)
                      ; - com.jme3.system.lwjgl.LwjglWindow::runLoop@37 (line 530)
  0x000001e213a0564c: 8008 0100 

  0x000001e213a05650: ;   {other}
  0x000001e213a05650: 0f1f 8400 | 480f 0007 | 4c8b 5424 | 2841 8b6a | 5c85 ed0f | 853f 2b00 | 0041 8b6a | 6445 8b54 
  0x000001e213a05670: ;   {metadata('com/jme3/scene/Node')}
  0x000001e213a05670: ec08 4181 | fa48 3000 | 010f 8541 | 2b00 004d | 8d14 ec4c | 8954 2450 | 458b 4a4c 

  0x000001e213a0568c: ; implicit exception: dispatches to 0x000001e213a093d4
  0x000001e213a0568c: 478b 5ccc | 0c45 85db | 0f84 8d00 | 0000 438b | 6ccc 1885 | ed0f 84cb | 1200 0045 | 8b54 ec08 
  0x000001e213a056ac: ;   {metadata('com/jme3/scene/control/Control'[])}
  0x000001e213a056ac: 4181 fab8 | 2621 010f | 8517 3a00 | 004d 8d04 | ec45 8b58 | 0c45 85db | 7661 458d | 53ff 453b 
  0x000001e213a056cc: d30f 8305 | 3100 0045 | 33d2 4489 | 5c24 6c43 | 8b6c 9010 | 4489 5424 | 344c 8944 | 2438 488b 
  0x000001e213a056ec: d548 c1e2 | 03c5 fa10 | 4424 3066 | 6690 c5f8 | 7748 b890 | 75df 84e2 

  0x000001e213a05704: ;   {virtual_call}
  0x000001e213a05704: 0100 00e8 

  0x000001e213a05708: ; ImmutableOopMap {rbp=NarrowOop [40]=Oop [56]=Oop [72]=Oop [80]=Oop }
                      ;*invokeinterface update {reexecute=0 rethrow=0 return_oop=0}
                      ; - com.jme3.scene.Spatial::runControlUpdate@43 (line 737)
                      ; - com.jme3.scene.Spatial::updateLogicalState@2 (line 880)
                      ; - com.jme3.scene.Node::updateLogicalState@2 (line 231)
                      ; - com.jme3.app.SimpleApplication::update@109 (line 261)
                      ; - com.jme3.system.lwjgl.LwjglWindow::runLoop@37 (line 530)
  0x000001e213a05708: d493 64ff 

  0x000001e213a0570c: ;   {other}
  0x000001e213a0570c: 0f1f 8400 | 0410 0008 | 448b 5424 | 3441 ffc2 | 443b 5424 | 6c0f 8c09 | fbff ff4c | 8b54 2450 
  0x000001e213a0572c: 453b 6258 | 0f84 e615 | 0000 4c8b | 5424 2841 | 8b6a 6845 | 8b54 ec08 

  0x000001e213a05744: ;   {metadata('com/jme3/scene/Node')}
  0x000001e213a05744: 4181 fa48 | 3000 010f | 8587 2a00 | 004d 8d14 | ec4c 8954 | 2450 418b | 4a4c 458b | 5ccc 0c45 
  0x000001e213a05764: 85db 0f84 | 8b00 0000 | 418b 6ccc | 1885 ed0f | 84cf 1300 | 0045 8b54 

  0x000001e213a0577c: ;   {metadata('com/jme3/scene/control/Control'[])}
  0x000001e213a0577c: ec08 4181 | fab8 2621 | 010f 8525 | 3900 004d | 8d04 ec45 | 8b50 0c45 | 85d2 765f | 458d 5aff 
  0x000001e213a0579c: 453b da0f | 8387 3000 | 0045 33db | 4489 5424 | 6c43 8b6c | 9810 4489 | 5c24 344c | 8944 2438 
  0x000001e213a057bc: 488b d548 | c1e2 03c5 | fa10 4424 | 3090 c5f8 | 7748 b8b8 | 75df 84e2 

  0x000001e213a057d4: ;   {virtual_call}
  0x000001e213a057d4: 0100 00e8 

  0x000001e213a057d8: ; ImmutableOopMap {rbp=NarrowOop [40]=Oop [56]=Oop [72]=Oop [80]=Oop }
                      ;*invokeinterface update {reexecute=0 rethrow=0 return_oop=0}
                      ; - com.jme3.scene.Spatial::runControlUpdate@43 (line 737)
                      ; - com.jme3.scene.Spatial::updateLogicalState@2 (line 880)
                      ; - com.jme3.scene.Node::updateLogicalState@2 (line 231)
                      ; - com.jme3.app.SimpleApplication::update@117 (line 262)
                      ; - com.jme3.system.lwjgl.LwjglWindow::runLoop@37 (line 530)
  0x000001e213a057d8: 0493 64ff 

  0x000001e213a057dc: ;   {other}
  0x000001e213a057dc: 0f1f 8400 | d410 0009 | 448b 5c24 | 3441 ffc3 | 443b 5c24 | 6c0f 8c29 | faff ff4c | 8b54 2450 
  0x000001e213a057fc: 453b 6258 | 0f84 8f15 | 0000 4c8b | 5424 2845 | 8b52 6445 | 85d2 0f84 | 7826 0000 | 4b8d 14d4 
  0x000001e213a0581c: ;   {optimized virtual_call}
  0x000001e213a0581c: c5f8 77e8 

  0x000001e213a05820: ; ImmutableOopMap {[40]=Oop [72]=Oop }
                      ;*invokevirtual updateGeometricState {reexecute=0 rethrow=0 return_oop=0}
                      ; - com.jme3.app.SimpleApplication::update@124 (line 264)
                      ; - com.jme3.system.lwjgl.LwjglWindow::runLoop@37 (line 530)
  0x000001e213a05820: 4c04 efff 

  0x000001e213a05824: ;   {other}
  0x000001e213a05824: 0f1f 8400 | 1c11 000a | 4c8b 5424 | 2845 8b5a | 6845 85db | 0f84 7226 | 0000 498b | ea4b 8d14 
  0x000001e213a05844: dc66 6690 

  0x000001e213a05848: ;   {optimized virtual_call}
  0x000001e213a05848: c5f8 77e8 

  0x000001e213a0584c: ; ImmutableOopMap {rbp=Oop [40]=Oop [72]=Oop }
                      ;*invokevirtual updateGeometricState {reexecute=0 rethrow=0 return_oop=0}
                      ; - com.jme3.app.SimpleApplication::update@131 (line 265)
                      ; - com.jme3.system.lwjgl.LwjglWindow::runLoop@37 (line 530)
  0x000001e213a0584c: 2004 efff 

  0x000001e213a05850: ;   {other}
  0x000001e213a05850: 0f1f 8400 | 4811 000b | 488b f58b | 6e5c 85ed | 0f85 8a29 | 0000 448b | 7620 8b7e | 5845 8b54 
  0x000001e213a05870: fc10 4585 | d20f 8451 | 2600 004f | 8d1c d44d | 8d2c fc48 | 8d9c 24c0 | 0000 004d | 8b03 418b 
  0x000001e213a05890: 9f18 0600 | 0041 f6c0 | 020f 8537 | 0000 0081 | fb67 0600 | 000f 8f4b | 0000 004d | 3b5c 1ff8 
  0x000001e213a058b0: 7416 498b | c048 83c8 | 0149 83e0 | fef0 4d0f | b103 0f85 | 2e00 0000 | 4d89 1c1f | 4183 8718 
  0x000001e213a058d0: 0600 0008 | eb17 4833 | c0f0 4d0f | b178 3e74 | 0c4c 3bf8 | 7510 49ff | 8086 0000 | 0049 ff87 
  0x000001e213a058f0: 5005 0000 | 33c0 0f85 | 0c29 0000 | 458b 4cfc | 1043 8b6c | cc18 85ed | 0f84 520c | 0000 458b 
  0x000001e213a05910: ;   {metadata('com/jme3/app/state/AppState'[])}
  0x000001e213a05910: 44ec 0841 | 81f8 d042 | 0001 0f85 | 0037 0000 | 488d 8424 | c000 0000 | 49ff 8f50 | 0500 0041 
  0x000001e213a05930: 8b87 1806 | 0000 4d8b | 134d 3b5c | 07f8 0f85 | 2e00 0000 | 4183 af18 | 0600 0008 | 4d3b 5c07 
  0x000001e213a05950: f00f 844d | 0000 0049 | 8bc2 4883 | e0fc 4983 | ca01 f04d | 0fb1 130f | 8598 4100 | 00e9 3200 
  0x000001e213a05970: 0000 4983 | ba86 0000 | 0000 751e | 498b 8296 | 0000 0049 | 0b82 8e00 | 0000 0f85 | 8941 0000 
  0x000001e213a05990: 49c7 423e | 0000 0000 | eb0a 49ff | 8a86 0000 | 0045 33d2 | 0f85 b628 | 0000 4d8d | 1cec 458b 
  0x000001e213a059b0: 530c 4585 | d20f 86bd | 0000 0045 | 8d4a ff45 | 3bca 0f83 | 882a 0000 | 4d8b ce49 | c1e1 0345 
  0x000001e213a059d0: 33c0 4889 | 7424 2844 | 8974 2434 | 897c 2460 | 4c89 6c24 | 4044 8954 | 2454 4c89 | 4c24 68eb 
  0x000001e213a059f0: 148b 5c24 | 38e9 ad02 | 0000 660f | 1f44 0000 | 4c8b 5c24 | 3843 8b6c | 8310 4489 | 4424 504c 
  0x000001e213a05a10: ;   {no_reloc}
  0x000001e213a05a10: 895c 2438 | 488b d548 | c1e2 0366 | 6690 c5f8 | 7748 b8e0 | 75df 84e2 

  0x000001e213a05a28: ;   {virtual_call}
  0x000001e213a05a28: 0100 00e8 

  0x000001e213a05a2c: ; ImmutableOopMap {rbp=NarrowOop [40]=Oop [52]=NarrowOop [56]=Oop [64]=Oop [72]=Oop [96]=NarrowOop [104]=Oop }
                      ;*invokeinterface isEnabled {reexecute=0 rethrow=0 return_oop=0}
                      ; - com.jme3.app.state.AppStateManager::render@29 (line 368)
                      ; - com.jme3.app.SimpleApplication::update@161 (line 269)
                      ; - com.jme3.system.lwjgl.LwjglWindow::runLoop@37 (line 530)
  0x000001e213a05a2c: b0fe 94ff 

  0x000001e213a05a30: ;   {other}
  0x000001e213a05a30: 0f1f 8400 | 2813 000c | 85c0 0f84 | 5c21 0000 | 498d 14ec | 4c8b 4424 | 6890 c5f8 | 7748 b808 
  0x000001e213a05a50: 76df 84e2 

  0x000001e213a05a54: ;   {virtual_call}
  0x000001e213a05a54: 0100 00e8 

  0x000001e213a05a58: ; ImmutableOopMap {rbp=NarrowOop [40]=Oop [52]=NarrowOop [56]=Oop [64]=Oop [72]=Oop [96]=NarrowOop [104]=Oop }
                      ;*invokeinterface render {reexecute=0 rethrow=0 return_oop=0}
                      ; - com.jme3.app.state.AppStateManager::render@40 (line 369)
                      ; - com.jme3.app.SimpleApplication::update@161 (line 269)
                      ; - com.jme3.system.lwjgl.LwjglWindow::runLoop@37 (line 530)
  0x000001e213a05a58: f47f 72ff 

  0x000001e213a05a5c: ;   {other}
  0x000001e213a05a5c: 0f1f 8400 | 5413 000d | 448b 4424 | 5041 ffc0 | 443b 4424 | 547c 8d48 | 8b74 2428 | 8b6e 5c85 
  0x000001e213a05a7c: ed0f 8508 | 2800 0044 | 8b5e 208b | 6e2c 458b 

  0x000001e213a05a8c: ;   {metadata('com/jme3/system/lwjgl/LwjglDisplay')}
  0x000001e213a05a8c: 44ec 0841 | 81f8 b8f8 | 0101 0f85 | 0c28 0000 | 48c1 e503 | 448b 5514 

  0x000001e213a05aa4: ; implicit exception: dispatches to 0x000001e213a09508
  0x000001e213a05aa4: 438b 5cd4 | 0c45 33d2 | 85db 410f | 95c2 438b | 6cdc 2445 | 8b4c ec08 

  0x000001e213a05abc: ;   {metadata('com/jme3/renderer/opengl/GLRenderer')}
  0x000001e213a05abc: 4181 f930 | 6c1a 010f | 857f 3500 | 0047 8b44 | dc28 438b | 7cc4 2485 | ff0f 8421 | 2400 0044 
  0x000001e213a05adc: 8944 2440 | 4489 5424 | 3c89 5c24 | 3844 895c | 2434 4889 | 7424 28c5 | f877 49ba | 70b6 a457 
  0x000001e213a05afc: f97f 0000 

  0x000001e213a05b00: ;   {other}
  0x000001e213a05b00: 41ff d20f | 1f84 0000 | 0000 0049 | 2b44 fc10 | 4d8b 9fb8 | 0100 004d | 8bd3 4983 | c210 448b 
  0x000001e213a05b20: 4424 3449 | c1e0 034c | 8944 2450 | 448b 4c24 | 404b 8d2c | ccc5 f9ef | c0c4 e1fa 

  0x000001e213a05b3c: ;   {section_word}
  0x000001e213a05b3c: 2ac0 c5fa | 5905 9ef2 | ffff c5fa | 1144 2444 | 4d3b 97c8 | 0100 000f | 8347 1800 | 004d 8997 
  0x000001e213a05b5c: b801 0000 | 410f 0d8a | c000 0000 | 4d8b cb49 | c701 0100 

  0x000001e213a05b70: ;   {metadata('java/lang/Float')}
  0x000001e213a05b70: 0000 41c7 | 4108 30c8 | 1800 4589 | 610c c5fa | 1044 2444 | c4c1 7a11 | 410c 4180 | 7f38 000f 
  0x000001e213a05b90: 854f 1500 | 0044 8b54 | 2440 4d8b | d949 c1eb | 0347 895c | d428 4c8b | dd4d 8bc1 | 4d33 c349 
  0x000001e213a05bb0: c1e8 174d | 85c0 741a | 49c1 eb09 | 48b9 0000 | d71b e201 | 0000 4903 | cb80 3902 | 0f85 8715 
  0x000001e213a05bd0: 0000 478b | 5cd4 24c4 | 817a 104c | dc0c 498b | 9fb8 0100 | 004c 8bdb | 4983 c310 | 4d3b 9fc8 
  0x000001e213a05bf0: 0100 000f | 83cb 1700 | 004d 899f | b801 0000 | 410f 0d8b | c000 0000 | 48c7 0301 

  0x000001e213a05c0c: ;   {metadata('java/lang/Float')}
  0x000001e213a05c0c: 0000 00c7 | 4308 30c8 | 1800 4489 | 630c c5fa | 114b 0c41 | 807f 3800 | 0f85 f714 | 0000 4c8b 
  0x000001e213a05c2c: dd4c 8bcb | 49c1 e903 | 4789 4cd4 | 2c4c 8bd3 | 4d33 d349 | c1ea 174d | 85d2 741a | 49c1 eb09 
  0x000001e213a05c4c: 48b9 0000 | d71b e201 | 0000 4903 | cb80 3902 | 0f85 4e15 | 0000 448b | 5424 3443 | 8b6c d454 
  0x000001e213a05c6c: 85ed 0f85 | 5426 0000 | 478b 5cd4 | 2c43 8b6c | dc10 85ed | 0f8f 6a2a | 0000 438b | 74d4 3041 
  0x000001e213a05c8c: 8b6c f410 | 85ed 0f8e | bf00 0000 | 8b5c 2438 | 85db 0f84 | 2028 0000 | 4533 c941 | 8b6c f410 
  0x000001e213a05cac: 85ed 0f8c | 0c21 0000 | 443b cd0f | 8377 2000 | 0045 8b5c | f414 418b | c947 8b44 | dc0c 413b 
  0x000001e213a05ccc: c80f 8395 | 2000 0049 | c1e3 0341 | 8b6c 8b10 

  0x000001e213a05cdc: ; implicit exception: dispatches to 0x000001e213a09204
  0x000001e213a05cdc: 458b 44ec 

  0x000001e213a05ce0: ;   {metadata('com/jme3/renderer/ViewPort')}
  0x000001e213a05ce0: 0841 81f8 | 8046 1c01 | 0f85 a233 | 0000 4d8d | 1cec 418b | 6b24 85ed | 0f85 e625 | 0000 4c89 
  0x000001e213a05d00: 5c24 4089 | 4c24 3489 | 5c24 3841 | 8bea 488b | 5424 504d | 8bc3 c5fa | 1044 2430 

  0x000001e213a05d1c: ;   {optimized virtual_call}
  0x000001e213a05d1c: c5f8 77e8 

  0x000001e213a05d20: ; ImmutableOopMap {rbp=NarrowOop [40]=Oop [64]=Oop [72]=Oop [80]=Oop }
                      ;*invokevirtual renderViewPort {reexecute=0 rethrow=0 return_oop=0}
                      ; - com.jme3.renderer.RenderManager::render@149 (line 1158)
                      ; - com.jme3.app.SimpleApplication::update@197 (line 272)
                      ; - com.jme3.system.lwjgl.LwjglWindow::runLoop@37 (line 530)
  0x000001e213a05d20: ac59 faff 

  0x000001e213a05d24: ;   {other}
  0x000001e213a05d24: 0f1f 8400 | 1c16 000e | 448b d543 | 8b74 d430 | 448b 4c24 | 3441 ffc1 

  0x000001e213a05d3c: ; implicit exception: dispatches to 0x000001e213a0923c
  0x000001e213a05d3c: 458b 44f4 | 1045 3bc8 | 0f8c a7fc | ffff 438b | 6cd4 5485 | ed0f 8589 | 2700 0043 | 8b7c d434 
  0x000001e213a05d5c: ; implicit exception: dispatches to 0x000001e213a09664
  0x000001e213a05d5c: 418b 6cfc | 1085 ed0f | 8eb9 0000 | 0044 8b5c | 2438 4585 | db0f 8489 | 2700 0045 | 33db 660f 
  0x000001e213a05d7c: 1f44 0000 

  0x000001e213a05d80: ; implicit exception: dispatches to 0x000001e213a09698
  0x000001e213a05d80: 418b 6cfc | 1085 ed0f | 8c87 2500 | 0044 3bdd | 0f83 9e21 | 0000 458b | 44fc 1441 | 8bdb 478b 
  0x000001e213a05da0: 4cc4 0c41 | 3bd9 0f83 | bc21 0000 | 4f8d 1cc4 | 418b 6c9b | 1045 8b5c 

  0x000001e213a05db8: ;   {metadata('com/jme3/renderer/ViewPort')}
  0x000001e213a05db8: ec08 4181 | fb80 461c | 010f 8529 | 3300 004d | 8d1c ec41 | 8b6b 2485 | ed0f 859d | 2700 004c 
  0x000001e213a05dd8: 895c 2440 | 895c 2434 | 418b ea48 | 8b54 2450 | 4d8b c3c5 | fa10 4424 | 3066 6690 

  0x000001e213a05df4: ;   {optimized virtual_call}
  0x000001e213a05df4: c5f8 77e8 

  0x000001e213a05df8: ; ImmutableOopMap {rbp=NarrowOop [40]=Oop [64]=Oop [72]=Oop [80]=Oop }
                      ;*invokevirtual renderViewPort {reexecute=0 rethrow=0 return_oop=0}
                      ; - com.jme3.renderer.RenderManager::render@219 (line 1166)
                      ; - com.jme3.app.SimpleApplication::update@197 (line 272)
                      ; - com.jme3.system.lwjgl.LwjglWindow::runLoop@37 (line 530)
  0x000001e213a05df8: d458 faff 

  0x000001e213a05dfc: ;   {other}
  0x000001e213a05dfc: 0f1f 8400 | f416 000f | 448b d543 | 8b7c d434 | 448b 5c24 | 3441 ffc3 

  0x000001e213a05e14: ; implicit exception: dispatches to 0x000001e213a097ac
  0x000001e213a05e14: 458b 4cfc | 1045 3bd9 | 0f8c 5eff | ffff 488b | 7424 288b | 7e58 458b | 5cfc 1045 | 85db 0f84 
  0x000001e213a05e34: 8c21 0000 | 4d8d 2cfc | 4f8d 0cdc | 488d 9c24 | c000 0000 | 4d8b 1141 | 8b9f 1806 | 0000 41f6 
  0x000001e213a05e54: c202 0f85 | 3700 0000 | 81fb 6706 | 0000 0f8f | 4b00 0000 | 4d3b 4c1f | f874 1649 | 8bc2 4883 
  0x000001e213a05e74: c801 4983 | e2fe f04d | 0fb1 110f | 852e 0000 | 004d 890c | 1f41 8387 | 1806 0000 | 08eb 1748 
  0x000001e213a05e94: 33c0 f04d | 0fb1 7a3e | 740c 4c3b | f875 1049 | ff82 8600 | 0000 49ff | 8750 0500 | 0033 c00f 
  0x000001e213a05eb4: 858f 2400 | 0041 8b4c | fc10 418b | 6ccc 1885 | ed0f 84ad | 0800 0045 | 8b44 ec08 

  0x000001e213a05ed0: ;   {metadata('com/jme3/app/state/AppState'[])}
  0x000001e213a05ed0: 4181 f8d0 | 4200 010f | 858f 3100 | 0048 8d84 | 24c0 0000 | 0049 ff8f | 5005 0000 | 418b 8718 
  0x000001e213a05ef0: 0600 004d | 8b11 4d3b | 4c07 f80f | 852e 0000 | 0041 83af | 1806 0000 | 084d 3b4c | 07f0 0f84 
  0x000001e213a05f10: 4d00 0000 | 498b c248 | 83e0 fc49 | 83ca 01f0 | 4d0f b111 | 0f85 943b | 0000 e932 | 0000 0049 
  0x000001e213a05f30: 83ba 8600 | 0000 0075 | 1e49 8b82 | 9600 0000 | 490b 828e | 0000 000f | 8585 3b00 | 0049 c742 
  0x000001e213a05f50: 3e00 0000 | 00eb 0a49 | ff8a 8600 | 0000 4533 | d20f 8530 | 2400 004d | 8d1c ec45 | 8b53 0c45 
  0x000001e213a05f70: 85d2 0f86 | 9c00 0000 | 458d 42ff | 453b c20f | 830b 2500 | 0045 33c0 | 4889 7424 | 2889 7c24 
  0x000001e213a05f90: 544c 896c | 2420 4489 | 5424 34eb | 0866 6690 | 4c8b 5c24 | 3843 8b6c | 8310 4489 | 4424 504c 
  0x000001e213a05fb0: 895c 2438 | 488b d548 | c1e2 0366 | 6690 c5f8 | 7748 b830 | 76df 84e2 

  0x000001e213a05fc8: ;   {virtual_call}
  0x000001e213a05fc8: 0100 00e8 

  0x000001e213a05fcc: ; ImmutableOopMap {rbp=NarrowOop [32]=Oop [40]=Oop [56]=Oop [72]=Oop [84]=NarrowOop }
                      ;*invokeinterface isEnabled {reexecute=0 rethrow=0 return_oop=0}
                      ; - com.jme3.app.state.AppStateManager::postRender@27 (line 380)
                      ; - com.jme3.app.SimpleApplication::update@212 (line 274)
                      ; - com.jme3.system.lwjgl.LwjglWindow::runLoop@37 (line 530)
  0x000001e213a05fcc: 10f9 94ff 

  0x000001e213a05fd0: ;   {other}
  0x000001e213a05fd0: 0f1f 8400 | c818 0010 | 85c0 0f84 | 041c 0000 | 498d 14ec | 6690 c5f8 | 7748 b858 | 76df 84e2 
  0x000001e213a05ff0: ;   {virtual_call}
  0x000001e213a05ff0: 0100 00e8 

  0x000001e213a05ff4: ; ImmutableOopMap {rbp=NarrowOop [32]=Oop [40]=Oop [56]=Oop [72]=Oop [84]=NarrowOop }
                      ;*invokeinterface postRender {reexecute=0 rethrow=0 return_oop=0}
                      ; - com.jme3.app.state.AppStateManager::postRender@37 (line 381)
                      ; - com.jme3.app.SimpleApplication::update@212 (line 274)
                      ; - com.jme3.system.lwjgl.LwjglWindow::runLoop@37 (line 530)
  0x000001e213a05ff4: 48f6 94ff 

  0x000001e213a05ff8: ;   {other}
  0x000001e213a05ff8: 0f1f 8400 | f018 0011 | 448b 4424 | 5041 ffc0 | 443b 4424 | 347c 9148 | 8b74 2428 | 8b6e 5c85 
  0x000001e213a06018: ed0f 85a3 | 2300 004c | 8b54 2448 | 458b 5a14 

  0x000001e213a06028: ; implicit exception: dispatches to 0x000001e213a097f0
  0x000001e213a06028: 478b 54dc | 0c45 85d2 | 0f84 d626 | 0000 4c8b | 5424 4841 | 0fb6 6a4e | 85ed 0f84 | e426 0000 
  0x000001e213a06048: 410f b66a | 4d85 ed0f | 84ef 2600 | 004d 8b5a | 404d 85db | 0f84 fa26 | 0000 49b8 | 501b cace 
  0x000001e213a06068: fa7f 0000 | 498b d349 | 8beb 6690 

  0x000001e213a06074: ;   {static_call}
  0x000001e213a06074: c5f8 77e8 

  0x000001e213a06078: ; ImmutableOopMap {[72]=Oop }
                      ;*invokestatic invokePV {reexecute=0 rethrow=0 return_oop=0}
                      ; - org.lwjgl.glfw.GLFW::glfwSwapBuffers@17 (line 4565)
                      ; - com.jme3.system.lwjgl.LwjglWindow::runLoop@70 (line 539)
  0x000001e213a06078: 3429 edff 

  0x000001e213a0607c: ;   {other}
  0x000001e213a0607c: 0f1f 8400 | 7419 0012 | 4c8b 5424 | 4841 8b6a | 2c45 8b5c 

  0x000001e213a06090: ;   {metadata('com/jme3/renderer/opengl/GLRenderer')}
  0x000001e213a06090: ec08 4181 | fb30 6c1a | 010f 853d | 2300 004d | 8d14 ec41 | 8b4a 4c45 | 8b5c cc14 

  0x000001e213a060ac: ; implicit exception: dispatches to 0x000001e213a09824
  0x000001e213a060ac: 478b 4cdc | 0c47 8b5c | dc10 453b | cb0f 8535 | 2300 0041 | 8b6c cc0c 

  0x000001e213a060c4: ; implicit exception: dispatches to 0x000001e213a09844
  0x000001e213a060c4: 458b 5cec 

  0x000001e213a060c8: ;   {metadata('java/lang/ref/ReferenceQueue')}
  0x000001e213a060c8: 0841 81fb | 107e 1900 | 0f85 3e23 | 0000 4d8d | 1cec 453b | 630c 0f85 | 3c0f 0000 

  0x000001e213a060e4: ;   {oop(a 'com/jme3/opencl/OpenCLObjectManager'{0x0000000414800410})}
  0x000001e213a060e4: 49bb 1004 | 8014 0400 | 0000 418b | 6b10 458b | 5cec 0c47 | 8b44 dc14 | 4585 c00f | 859f 2400 
  0x000001e213a06104: ;   {oop(a 'java/util/logging/Logger'{0x0000000414800428})}
  0x000001e213a06104: 0049 bb28 | 0480 1404 | 0000 0045 | 8b43 1047 | 8b5c c40c 

  0x000001e213a06118: ;   {oop(a 'java/util/logging/Level'{0x0000000404959250})}
  0x000001e213a06118: 49b8 5092 | 9504 0400 | 0000 458b | 480c 453b | cb0f 8d5a | 1100 0041 | 8b6a 6445 | 8b5c ec08 
  0x000001e213a06138: ;   {metadata('com/jme3/renderer/lwjgl/LwjglGL')}
  0x000001e213a06138: 4181 fb58 | 5d1a 010f | 85ef 2200 | 004c 8b54 | 2448 410f | b66a 4d85 | ed0f 8435 | 2600 0045 
  0x000001e213a06158: 8b5a 4845 | 8b42 1843 | 8b4c c424 

  0x000001e213a06164: ; implicit exception: dispatches to 0x000001e213a08880
  0x000001e213a06164: 458b 4ccc | 0c45 85c9 | 0f86 5624 

  0x000001e213a06170: ;   {oop("FrameRate"{0x00000004049e4280})}
  0x000001e213a06170: 0000 49ba | 8042 9e04 | 0400 0000 | 458b 520c | 4585 d20f | 85fe 0100 

  0x000001e213a06188: ;   {oop("FrameRate"{0x00000004049e4280})}
  0x000001e213a06188: 0049 ba80 | 429e 0404 | 0000 0045 | 0fb6 5211 | 4585 d20f | 8578 0e00 | 00ba 0900 

  0x000001e213a061a4: ;   {oop([B{0x00000004049e4298})}
  0x000001e213a061a4: 0000 48bf | 9842 9e04 | 0400 0000 | 4883 c710 | 33db 83fa | 200f 8c64 | 0100 0033 | c0c4 413d 
  0x000001e213a061c4: efc0 c5c5 | efff c441 | 35ef c9c4 | 4125 efdb 

  0x000001e213a061d4: ;   {external_word}
  0x000001e213a061d4: 49ba e00d | de57 f97f | 0000 418b | 32c5 796e | e6c4 427d | 58e4 448b | d241 83e2 | e00f afde 
  0x000001e213a061f4: c57a 7e14 | 07c5 fa7e | 5c07 08c5 | fa7e 5407 | 10c5 fa7e | 4c07 18c4 | 423d 40c4 | c442 7d31 
  0x000001e213a06214: d2c4 413d | fec2 c4c2 | 4540 fcc4 | e27d 31db | c5c5 fefb | c442 3540 | ccc4 e27d | 31d2 c535 
  0x000001e213a06234: feca c442 | 2540 dcc4 | e27d 31c9 | c525 fed9 | 83c0 2041 | 3bc2 7ca5 | 4a8d 3c17 

  0x000001e213a06250: ;   {external_word}
  0x000001e213a06250: 412b d249 | bae4 0dde | 57f9 7f00 | 00c4 c17e | 6f02 c462 

  0x000001e213a06264: ;   {external_word}
  0x000001e213a06264: 3d40 c049 | ba04 0ede | 57f9 7f00 | 00c4 c17e | 6f22 c4e2 

  0x000001e213a06278: ;   {external_word}
  0x000001e213a06278: 4540 fc49 | ba24 0ede | 57f9 7f00 | 00c4 c17e | 6f32 c462 

  0x000001e213a0628c: ;   {external_word}
  0x000001e213a0628c: 3540 ce49 | ba44 0ede | 57f9 7f00 | 00c4 c17e | 6f2a c462 | 2540 ddc4 | 423d 02d0 | c463 7d39 
  0x000001e213a062ac: d301 c529 | fed3 c442 | 2902 d2c5 | f96e dbc5 | 29fe d3c5 | 797e d3c4 | e245 02d7 | c4e3 7d39 
  0x000001e213a062cc: d101 c5e9 | fed1 c4e2 | 6902 d2c5 | f96e cbc5 | e9fe d1c5 | f97e d3c4 | 4235 02d1 | c463 7d39 
  0x000001e213a062ec: d301 c529 | fed3 c442 | 2902 d2c5 | f96e dbc5 | 29fe d3c5 | 797e d3c4 | c225 02d3 | c4e3 7d39 
  0x000001e213a0630c: d101 c5e9 | fed1 c4e2 | 6902 d2c5 | f96e cbc5 | e9fe d1c5 | f97e d3b8 | 0100 0000 | 3bc2 0f8d 
  0x000001e213a0632c: 2600 0000 | bec1 0300 | 000f afde | 440f b654 | 07ff 418b | f2c1 e605 | 412b f203 | de0f b634 
  0x000001e213a0634c: 0703 de83 | c002 3bc2 | 7cda 7f10 | 448b d3c1 | e305 412b | da0f b674 | 07ff 03de | 85db 0f84 
  0x000001e213a0636c: 2412 0000 

  0x000001e213a06370: ;   {oop("FrameRate"{0x00000004049e4280})}
  0x000001e213a06370: 49ba 8042 | 9e04 0400 | 0000 4189 | 5a0c 8bf3 | c1ee 1033 | f3eb 0941 | 8bf2 c1ee | 1041 33f2 
  0x000001e213a06390: 418d 59ff | 23de 498d | 3ccc 448b | 6c9f 1047 | 8b54 ec0c | 4b8d 14ec | 4b8d 04c4 | 443b d60f 
  0x000001e213a063b0: 8430 0100 | 0043 8b6c | ec18 85ed | 0f84 be24 | 0000 478b 

  0x000001e213a063c4: ;   {metadata('java/util/HashMap$TreeNode')}
  0x000001e213a063c4: 54ec 0841 | 81fa 10b7 | 2900 0f84 | cc24 0000 | 498d 1cec | 448b 530c | 443b d674 | 1d49 8baf 
  0x000001e213a063e4: 5004 0000 

  0x000001e213a063e8: ; ImmutableOopMap {r10=NarrowOop r8=NarrowOop rcx=NarrowOop rdi=Oop rdx=Oop rax=Oop r13=NarrowOop [72]=Oop }
                      ;*ifnonnull {reexecute=1 rethrow=0 return_oop=0}
                      ; - (reexecute) java.util.HashMap::getNode@145 (line 588)
                      ; - java.util.HashMap::get@2 (line 565)
                      ; - com.jme3.system.AppSettings::getInteger@2 (line 485)
                      ; - com.jme3.system.AppSettings::getFrameRate@3 (line 917)
                      ; - com.jme3.system.lwjgl.LwjglWindow::runLoop@120 (line 553)
  0x000001e213a063e8: 448b 5318 

  0x000001e213a063ec: ;   {poll}
  0x000001e213a063ec: 8545 0045 | 85d2 0f84 | 8824 0000 | 4b8d 1cd4 | ebda 8b6b 

  0x000001e213a06400: ;   {oop("FrameRate"{0x00000004049e4280})}
  0x000001e213a06400: 1081 fd50 | c893 8074 | 6e48 895c | 2458 4889 | 5424 4044 | 896c 243c | 4889 7c24 | 2089 7424 
  0x000001e213a06420: 3844 894c | 2434 894c | 2430 4489 | 4424 2c44 | 895c 2428 | 4c8b c549 

  0x000001e213a06438: ;   {oop("FrameRate"{0x00000004049e4280})}
  0x000001e213a06438: c1e0 0348 | ba80 429e | 0404 0000 | 0048 8944 | 2460 4889 | 4424 6890 

  0x000001e213a06450: ;   {optimized virtual_call}
  0x000001e213a06450: c5f8 77e8 

  0x000001e213a06454: ; ImmutableOopMap {rbp=NarrowOop [32]=Oop [44]=NarrowOop [48]=NarrowOop [60]=NarrowOop [64]=Oop [72]=Oop [88]=Oop [96]=Oop [104]=Oop }
                      ;*invokevirtual equals {reexecute=0 rethrow=0 return_oop=0}
                      ; - java.util.HashMap::getNode@128 (line 586)
                      ; - java.util.HashMap::get@2 (line 565)
                      ; - com.jme3.system.AppSettings::getInteger@2 (line 485)
                      ; - com.jme3.system.AppSettings::getFrameRate@3 (line 917)
                      ; - com.jme3.system.lwjgl.LwjglWindow::runLoop@120 (line 553)
  0x000001e213a06454: 8883 64ff 

  0x000001e213a06458: ;   {other}
  0x000001e213a06458: 0f1f 8400 | 501d 0014 | 85c0 0f84 | bc24 0000 | 448b 5c24 | 2844 8b44 | 242c 488b | 5c24 5848 
  0x000001e213a06478: 8bd3 8b6a | 1445 8b4c 

  0x000001e213a06480: ;   {metadata('java/lang/Integer')}
  0x000001e213a06480: ec08 4181 | f9e8 1018 | 000f 8581 | 2c00 004d | 8d14 ec41 | 8b6a 0c44 | 3bdd 0f85 | 0423 0000 
  0x000001e213a064a0: 4c8b 5424 | 4841 8b6a | 4885 ed0f | 8f0f 2300 | 0048 baa0 | 68ca cefa | 7f00 0090 

  0x000001e213a064bc: ;   {static_call}
  0x000001e213a064bc: c5f8 77e8 

  0x000001e213a064c0: ; ImmutableOopMap {[72]=Oop }
                      ;*invokestatic invokeV {reexecute=0 rethrow=0 return_oop=0}
                      ; - org.lwjgl.glfw.GLFW::glfwPollEvents@8 (line 3094)
                      ; - com.jme3.system.lwjgl.LwjglWindow::runLoop@216 (line 576)
  0x000001e213a064c0: 6c8b edff 

  0x000001e213a064c4: ;   {other}
  0x000001e213a064c4: 0f1f 8400 | bc1d 0015 | c5f8 7748 | 81c4 d000 

  0x000001e213a064d4: ;   {poll_return}
  0x000001e213a064d4: 0000 5d49 | 3ba7 4804 | 0000 0f87 | c435 0000 | c343 8b6c 

  0x000001e213a064e8: ;   {oop("FrameRate"{0x00000004049e4280})}
  0x000001e213a064e8: ec10 81fd | 50c8 9380 | 7488 4889 | 5424 4044 | 896c 243c | 4889 7c24 | 2089 7424 | 3844 894c 
  0x000001e213a06508: 2434 894c | 2430 4489 | 4424 2c44 | 895c 2428 | 4c8b c549 

  0x000001e213a0651c: ;   {oop("FrameRate"{0x00000004049e4280})}
  0x000001e213a0651c: c1e0 0348 | ba80 429e | 0404 0000 | 0048 8944 | 2458 4889 | 4424 6090 

  0x000001e213a06534: ;   {optimized virtual_call}
  0x000001e213a06534: c5f8 77e8 

  0x000001e213a06538: ; ImmutableOopMap {rbp=NarrowOop [32]=Oop [44]=NarrowOop [48]=NarrowOop [60]=NarrowOop [64]=Oop [72]=Oop [88]=Oop [96]=Oop }
                      ;*invokevirtual equals {reexecute=0 rethrow=0 return_oop=0}
                      ; - java.util.HashMap::getNode@63 (line 579)
                      ; - java.util.HashMap::get@2 (line 565)
                      ; - com.jme3.system.AppSettings::getInteger@2 (line 485)
                      ; - com.jme3.system.AppSettings::getFrameRate@3 (line 917)
                      ; - com.jme3.system.lwjgl.LwjglWindow::runLoop@120 (line 553)
  0x000001e213a06538: a482 64ff 

  0x000001e213a0653c: ;   {other}
  0x000001e213a0653c: 0f1f 8400 | 341e 0016 | 85c0 0f84 | b423 0000 | 448b 5c24 | 2844 8b44 | 242c 488b | 5424 40e9 
  0x000001e213a0655c: 1aff ffff | 438b 6ccc | 1447 8b44 | cc10 4b8d | 0ccc 49c1 | e003 85ed | 0f85 f000 | 0000 4889 
  0x000001e213a0657c: 4c24 5841 | 8be9 4c89 | 6c24 504c | 895c 2440 | 4489 5424 | 3c89 7c24 | 3844 8974 | 2434 4889 
  0x000001e213a0659c: 7424 2848 | 8bd1 4533 | c966 6690 

  0x000001e213a065a8: ;   {optimized virtual_call}
  0x000001e213a065a8: c5f8 77e8 

  0x000001e213a065ac: ; ImmutableOopMap {rbp=NarrowOop [40]=Oop [52]=NarrowOop [56]=NarrowOop [60]=NarrowOop [64]=Oop [72]=Oop [80]=Oop [88]=Oop }
                      ;*invokevirtual createArray {reexecute=0 rethrow=0 return_oop=1}
                      ; - com.jme3.util.SafeArrayList::createArray@6 (line 129)
                      ; - com.jme3.util.SafeArrayList::getArray@22 (line 143)
                      ; - com.jme3.app.state.AppStateManager::getStates@11 (line 127)
                      ; - com.jme3.app.state.AppStateManager::render@1 (line 366)
                      ; - com.jme3.app.SimpleApplication::update@161 (line 269)
                      ; - com.jme3.system.lwjgl.LwjglWindow::runLoop@37 (line 530)
  0x000001e213a065ac: 3082 64ff 

  0x000001e213a065b0: ;   {other}
  0x000001e213a065b0: 0f1f 8400 | a81e 0017 | 488b d841 | 807f 3800 | 0f85 2112 | 0000 448b | dd4c 8bcb | 4d8b d149 
  0x000001e213a065d0: c1ea 0347 | 8954 dc18 | 4c8b 5424 | 584d 8bc1 | 4d33 c249 | c1e8 174d | 85c0 0f84 | 5901 0000 
  0x000001e213a065f0: 4d85 c90f | 8450 0100 | 0049 c1ea | 0948 b900 | 00d7 1be2 | 0100 0049 | 03ca 8039 | 020f 8436 
  0x000001e213a06610: 0100 004d | 8b57 484d | 8b47 40f0 | 8344 24c0 | 0080 3900 | 0f84 1f01 | 0000 4488 | 214d 85c0 
  0x000001e213a06630: 7526 418b | fb49 8bd7 | c5f8 7749 | bac0 0769 | 57f9 7f00 | 0041 ffd2 

  0x000001e213a06648: ;   {other}
  0x000001e213a06648: 0f1f 8400 | 0000 0000 | 448b dfe9 | f100 0000 | 4b89 4c02 | f849 83c0 | f84d 8947 | 40e9 df00 
  0x000001e213a06668: 0000 418b 

  0x000001e213a0666c: ;   {metadata('java/util/ArrayList')}
  0x000001e213a0666c: 54ec 0881 | fa28 a01e | 000f 857d | 2400 0048 | 894c 2460 | 4489 4c24 | 584c 896c | 2450 4c89 
  0x000001e213a0668c: 5c24 4044 | 8954 243c | 897c 2438 | 4489 7424 | 3448 8974 | 2428 4d8d | 14ec 4d8b | ca45 8b59 
  0x000001e213a066ac: 1049 8be9 | 488b d145 | 8bcb 4489 | 4c24 5c90 

  0x000001e213a066bc: ;   {optimized virtual_call}
  0x000001e213a066bc: c5f8 77e8 

  0x000001e213a066c0: ; ImmutableOopMap {rbp=Oop [40]=Oop [52]=NarrowOop [56]=NarrowOop [60]=NarrowOop [64]=Oop [72]=Oop [80]=Oop [88]=NarrowOop [96]=Oop }
                      ;*invokevirtual createArray {reexecute=0 rethrow=0 return_oop=1}
                      ; - com.jme3.util.SafeArrayList::createArray@6 (line 129)
                      ; - com.jme3.util.SafeArrayList::getArray@46 (line 148)
                      ; - com.jme3.app.state.AppStateManager::getStates@11 (line 127)
                      ; - com.jme3.app.state.AppStateManager::render@1 (line 366)
                      ; - com.jme3.app.SimpleApplication::update@161 (line 269)
                      ; - com.jme3.system.lwjgl.LwjglWindow::runLoop@37 (line 530)
  0x000001e213a066c0: 1c81 64ff 

  0x000001e213a066c4: ;   {other}
  0x000001e213a066c4: 0f1f 8400 | bc1f 0018 | 488b d54c | 8bc0 6690 

  0x000001e213a066d4: ;   {optimized virtual_call}
  0x000001e213a066d4: c5f8 77e8 

  0x000001e213a066d8: ; ImmutableOopMap {[40]=Oop [52]=NarrowOop [56]=NarrowOop [60]=NarrowOop [64]=Oop [72]=Oop [80]=Oop [88]=NarrowOop [96]=Oop }
                      ;*invokeinterface toArray {reexecute=0 rethrow=0 return_oop=1}
                      ; - com.jme3.util.SafeArrayList::getArray@49 (line 148)
                      ; - com.jme3.app.state.AppStateManager::getStates@11 (line 127)
                      ; - com.jme3.app.state.AppStateManager::render@1 (line 366)
                      ; - com.jme3.app.SimpleApplication::update@161 (line 269)
                      ; - com.jme3.system.lwjgl.LwjglWindow::runLoop@37 (line 530)
  0x000001e213a066d8: 0481 64ff 

  0x000001e213a066dc: ;   {other}
  0x000001e213a066dc: 0f1f 8400 | d41f 0019 | 488b d841 | 807f 3800 | 0f85 0d0d | 0000 448b | 5c24 584c | 8bcb 4d8b 
  0x000001e213a066fc: d149 c1ea | 0347 8954 | dc18 4c8b | 5424 604d | 8bc1 4d33 | c249 c1e8 | 174d 85c0 | 741f 4d85 
  0x000001e213a0671c: c974 1a49 | c1ea 0948 | b900 00d7 | 1be2 0100 | 0049 03ca | 8039 020f | 85af 0d00 | 0041 807f 
  0x000001e213a0673c: 3800 0f85 | f80c 0000 | 4789 64dc | 1443 8b6c | dc18 85ed | 0f84 f221 | 0000 488b | 7424 2844 
  0x000001e213a0675c: 8b74 2434 | 8b7c 2438 | 448b 5424 | 3c4c 8b5c | 2440 4c8b | 6c24 50e9 | 96f1 ffff | 418b 6ccc 
  0x000001e213a0677c: 1445 8b54 | cc10 498d | 14cc 4d8b | c249 c1e0 | 0385 ed0f | 85de 0000 | 0048 8954 | 2458 8be9 
  0x000001e213a0679c: 4c89 4c24 | 504c 896c | 2440 4489 | 5c24 3889 | 7c24 3448 | 8974 2428 | 4533 c990 

  0x000001e213a067b8: ;   {optimized virtual_call}
  0x000001e213a067b8: c5f8 77e8 

  0x000001e213a067bc: ; ImmutableOopMap {rbp=NarrowOop [40]=Oop [52]=NarrowOop [56]=NarrowOop [64]=Oop [72]=Oop [80]=Oop [88]=Oop }
                      ;*invokevirtual createArray {reexecute=0 rethrow=0 return_oop=1}
                      ; - com.jme3.util.SafeArrayList::createArray@6 (line 129)
                      ; - com.jme3.util.SafeArrayList::getArray@22 (line 143)
                      ; - com.jme3.app.state.AppStateManager::getStates@11 (line 127)
                      ; - com.jme3.app.state.AppStateManager::postRender@1 (line 378)
                      ; - com.jme3.app.SimpleApplication::update@212 (line 274)
                      ; - com.jme3.system.lwjgl.LwjglWindow::runLoop@37 (line 530)
  0x000001e213a067bc: 2080 64ff 

  0x000001e213a067c0: ;   {other}
  0x000001e213a067c0: 0f1f 8400 | b820 001a | 488b d841 | 807f 3800 | 0f85 4c10 | 0000 8bfd | 4c8b c34d | 8bd0 49c1 
  0x000001e213a067e0: ea03 4589 | 54fc 184c | 8b54 2458 | 4d8b d84d | 33da 49c1 | eb17 4d85 | db0f 8449 | 0100 004d 
  0x000001e213a06800: 85c0 0f84 | 4001 0000 | 49c1 ea09 | 4c8b 4424 | 204d 03c2 | 4180 3802 | 0f84 2a01 | 0000 4d8b 
  0x000001e213a06820: 5748 4d8b | 5f40 f083 | 4424 c000 | 4180 3800 | 0f84 1201 | 0000 4588 | 204d 85db | 7523 498b 
  0x000001e213a06840: c849 8bd7 | c5f8 7749 | bac0 0769 | 57f9 7f00 | 0041 ffd2 

  0x000001e213a06854: ;   {other}
  0x000001e213a06854: 0f1f 8400 | 0000 0000 | e9e7 0000 | 004f 8944 | 1af8 4983 | c3f8 4d89 | 5f40 e9d5 | 0000 0041 
  0x000001e213a06874: 8b5c ec08 

  0x000001e213a06878: ;   {metadata('java/util/ArrayList')}
  0x000001e213a06878: 81fb 28a0 | 1e00 0f85 | b022 0000 | 4889 5424 | 5889 4c24 | 3c4c 894c | 2450 4c89 | 6c24 4044 
  0x000001e213a06898: 895c 2438 | 897c 2434 | 4889 7424 | 284d 8d14 | ec4d 8bca | 458b 5910 | 498b e945 | 8bcb 4489 
  0x000001e213a068b8: 8c24 8000 | 0000 6690 

  0x000001e213a068c0: ;   {optimized virtual_call}
  0x000001e213a068c0: c5f8 77e8 

  0x000001e213a068c4: ; ImmutableOopMap {rbp=Oop [40]=Oop [52]=NarrowOop [56]=NarrowOop [60]=NarrowOop [64]=Oop [72]=Oop [80]=Oop [88]=Oop }
                      ;*invokevirtual createArray {reexecute=0 rethrow=0 return_oop=1}
                      ; - com.jme3.util.SafeArrayList::createArray@6 (line 129)
                      ; - com.jme3.util.SafeArrayList::getArray@46 (line 148)
                      ; - com.jme3.app.state.AppStateManager::getStates@11 (line 127)
                      ; - com.jme3.app.state.AppStateManager::postRender@1 (line 378)
                      ; - com.jme3.app.SimpleApplication::update@212 (line 274)
                      ; - com.jme3.system.lwjgl.LwjglWindow::runLoop@37 (line 530)
  0x000001e213a068c4: 187f 64ff 

  0x000001e213a068c8: ;   {other}
  0x000001e213a068c8: 0f1f 8400 | c021 001b | 488b d54c | 8bc0 6690 

  0x000001e213a068d8: ;   {optimized virtual_call}
  0x000001e213a068d8: c5f8 77e8 

  0x000001e213a068dc: ; ImmutableOopMap {[40]=Oop [52]=NarrowOop [56]=NarrowOop [60]=NarrowOop [64]=Oop [72]=Oop [80]=Oop [88]=Oop }
                      ;*invokeinterface toArray {reexecute=0 rethrow=0 return_oop=1}
                      ; - com.jme3.util.SafeArrayList::getArray@49 (line 148)
                      ; - com.jme3.app.state.AppStateManager::getStates@11 (line 127)
                      ; - com.jme3.app.state.AppStateManager::postRender@1 (line 378)
                      ; - com.jme3.app.SimpleApplication::update@212 (line 274)
                      ; - com.jme3.system.lwjgl.LwjglWindow::runLoop@37 (line 530)
  0x000001e213a068dc: 007f 64ff 

  0x000001e213a068e0: ;   {other}
  0x000001e213a068e0: 0f1f 8400 | d821 001c | 488b d841 | 807f 3800 | 0f85 7e0b | 0000 8b7c | 243c 4c8b | c34d 8bd0 
  0x000001e213a06900: 49c1 ea03 | 4589 54fc | 184c 8b54 | 2458 4d8b | d84d 33da | 49c1 eb17 | 4d85 db74 | 1b4d 85c0 
  0x000001e213a06920: 7416 49c1 | ea09 4c8b | 4424 204d | 03c2 4180 | 3802 0f85 | 070c 0000 | 4180 7f38 | 000f 856d 
  0x000001e213a06940: 0b00 0045 | 8964 fc14 | 418b 6cfc | 1885 ed0f | 8433 2000 | 0048 8b74 | 2428 8b7c | 2434 448b 
  0x000001e213a06960: 5c24 384c | 8b6c 2440 | 4c8b 4c24 | 50e9 59f5 | ffff 438b | 6ccc 1447 | 8b54 cc10 | 4f8d 1ccc 
  0x000001e213a06980: 4d8b c249 | c1e0 0385 | ed0f 85d4 | 0000 004c | 895c 2440 | 418b e948 | ff74 2450 | 488f 4424 
  0x000001e213a069a0: 3849 8bd3 | 4533 c990 

  0x000001e213a069a8: ;   {optimized virtual_call}
  0x000001e213a069a8: c5f8 77e8 

  0x000001e213a069ac: ; ImmutableOopMap {rbp=NarrowOop [40]=Oop [56]=Oop [64]=Oop [72]=Oop }
                      ;*invokevirtual createArray {reexecute=0 rethrow=0 return_oop=1}
                      ; - com.jme3.util.SafeArrayList::createArray@6 (line 129)
                      ; - com.jme3.util.SafeArrayList::getArray@22 (line 143)
                      ; - com.jme3.scene.Spatial::runControlUpdate@15 (line 736)
                      ; - com.jme3.scene.Spatial::updateLogicalState@2 (line 880)
                      ; - com.jme3.scene.Node::updateLogicalState@2 (line 231)
                      ; - com.jme3.app.SimpleApplication::update@109 (line 261)
                      ; - com.jme3.system.lwjgl.LwjglWindow::runLoop@37 (line 530)
  0x000001e213a069ac: 307e 64ff 

  0x000001e213a069b0: ;   {other}
  0x000001e213a069b0: 0f1f 8400 | a822 001d | 488b d841 | 807f 3800 | 0f85 c510 | 0000 8bfd | 4c8b c34d | 8bd0 49c1 
  0x000001e213a069d0: ea03 4589 | 54fc 184c | 8b54 2440 | 4d8b d84d | 33da 49c1 | eb17 4d85 | db0f 843d | 0100 004d 
  0x000001e213a069f0: 85c0 0f84 | 3401 0000 | 49c1 ea09 | 48b9 0000 | d71b e201 | 0000 4903 | ca80 3902 | 0f84 1a01 
  0x000001e213a06a10: 0000 4d8b | 5748 4d8b | 5f40 f083 | 4424 c000 | 8039 000f | 8403 0100 | 0044 8821 | 4d85 db75 
  0x000001e213a06a30: 2049 8bd7 | c5f8 7749 | bac0 0769 | 57f9 7f00 | 0041 ffd2 

  0x000001e213a06a44: ;   {other}
  0x000001e213a06a44: 0f1f 8400 | 0000 0000 | e9db 0000 | 004b 894c | 1af8 4983 | c3f8 4d89 | 5f40 e9c9 | 0000 0045 
  0x000001e213a06a64: 8b54 ec08 

  0x000001e213a06a68: ;   {metadata('java/util/ArrayList')}
  0x000001e213a06a68: 4181 fa28 | a01e 000f | 853b 2100 | 004c 895c | 2440 4489 | 4c24 3448 | ff74 2450 | 488f 4424 
  0x000001e213a06a88: 384d 8d14 | ec45 8b4a | 1049 8bea | 488b 5424 | 4044 894c | 246c 6690 

  0x000001e213a06aa0: ;   {optimized virtual_call}
  0x000001e213a06aa0: c5f8 77e8 

  0x000001e213a06aa4: ; ImmutableOopMap {rbp=Oop [40]=Oop [52]=NarrowOop [56]=Oop [64]=Oop [72]=Oop }
                      ;*invokevirtual createArray {reexecute=0 rethrow=0 return_oop=1}
                      ; - com.jme3.util.SafeArrayList::createArray@6 (line 129)
                      ; - com.jme3.util.SafeArrayList::getArray@46 (line 148)
                      ; - com.jme3.scene.Spatial::runControlUpdate@15 (line 736)
                      ; - com.jme3.scene.Spatial::updateLogicalState@2 (line 880)
                      ; - com.jme3.scene.Node::updateLogicalState@2 (line 231)
                      ; - com.jme3.app.SimpleApplication::update@109 (line 261)
                      ; - com.jme3.system.lwjgl.LwjglWindow::runLoop@37 (line 530)
  0x000001e213a06aa4: 387d 64ff 

  0x000001e213a06aa8: ;   {other}
  0x000001e213a06aa8: 0f1f 8400 | a023 001e | 488b d54c | 8bc0 6690 

  0x000001e213a06ab8: ;   {optimized virtual_call}
  0x000001e213a06ab8: c5f8 77e8 

  0x000001e213a06abc: ; ImmutableOopMap {[40]=Oop [52]=NarrowOop [56]=Oop [64]=Oop [72]=Oop }
                      ;*invokeinterface toArray {reexecute=0 rethrow=0 return_oop=1}
                      ; - com.jme3.util.SafeArrayList::getArray@49 (line 148)
                      ; - com.jme3.scene.Spatial::runControlUpdate@15 (line 736)
                      ; - com.jme3.scene.Spatial::updateLogicalState@2 (line 880)
                      ; - com.jme3.scene.Node::updateLogicalState@2 (line 231)
                      ; - com.jme3.app.SimpleApplication::update@109 (line 261)
                      ; - com.jme3.system.lwjgl.LwjglWindow::runLoop@37 (line 530)
  0x000001e213a06abc: 207d 64ff 

  0x000001e213a06ac0: ;   {other}
  0x000001e213a06ac0: 0f1f 8400 | b823 001f | 488b d841 | 807f 3800 | 0f85 0c0b | 0000 8b7c | 2434 4c8b | c34d 8bd8 
  0x000001e213a06ae0: 49c1 eb03 | 4589 5cfc | 184c 8b54 | 2440 4d8b | d84d 33da | 49c1 eb17 | 4d85 db74 | 1f4d 85c0 
  0x000001e213a06b00: 741a 49c1 | ea09 48b9 | 0000 d71b | e201 0000 | 4903 ca80 | 3902 0f85 | 760b 0000 | 4180 7f38 
  0x000001e213a06b20: 000f 8583 | 0a00 0045 | 8964 fc14 | 418b 6cfc | 1885 ed0f | 8487 1e00 | 0048 ff74 | 2438 488f 
  0x000001e213a06b40: 4424 50e9 | 5feb ffff | 418b 6ccc | 1445 8b54 | cc10 4d8d | 1ccc 4d8b | c249 c1e0 | 0385 ed0f 
  0x000001e213a06b60: 85d2 0000 | 004c 895c | 2440 8be9 | 48ff 7424 | 5048 8f44 | 2438 498b | d345 33c9 

  0x000001e213a06b7c: ;   {optimized virtual_call}
  0x000001e213a06b7c: c5f8 77e8 

  0x000001e213a06b80: ; ImmutableOopMap {rbp=NarrowOop [40]=Oop [56]=Oop [64]=Oop [72]=Oop }
                      ;*invokevirtual createArray {reexecute=0 rethrow=0 return_oop=1}
                      ; - com.jme3.util.SafeArrayList::createArray@6 (line 129)
                      ; - com.jme3.util.SafeArrayList::getArray@22 (line 143)
                      ; - com.jme3.scene.Spatial::runControlUpdate@15 (line 736)
                      ; - com.jme3.scene.Spatial::updateLogicalState@2 (line 880)
                      ; - com.jme3.scene.Node::updateLogicalState@2 (line 231)
                      ; - com.jme3.app.SimpleApplication::update@117 (line 262)
                      ; - com.jme3.system.lwjgl.LwjglWindow::runLoop@37 (line 530)
  0x000001e213a06b80: 5c7c 64ff 

  0x000001e213a06b84: ;   {other}
  0x000001e213a06b84: 0f1f 8400 | 7c24 0020 | 488b f841 | 807f 3800 | 0f85 2b0f | 0000 8bdd | 4c8b c74d | 8bd0 49c1 
  0x000001e213a06ba4: ea03 4589 | 54dc 184c | 8b54 2440 | 4d8b d84d | 33da 49c1 | eb17 4d85 | db0f 843d | 0100 004d 
  0x000001e213a06bc4: 85c0 0f84 | 3401 0000 | 49c1 ea09 | 48b9 0000 | d71b e201 | 0000 4903 | ca80 3902 | 0f84 1a01 
  0x000001e213a06be4: 0000 4d8b | 5748 4d8b | 5f40 f083 | 4424 c000 | 8039 000f | 8403 0100 | 0044 8821 | 4d85 db75 
  0x000001e213a06c04: 2049 8bd7 | c5f8 7749 | bac0 0769 | 57f9 7f00 | 0041 ffd2 

  0x000001e213a06c18: ;   {other}
  0x000001e213a06c18: 0f1f 8400 | 0000 0000 | e9db 0000 | 004b 894c | 1af8 4983 | c3f8 4d89 | 5f40 e9c9 | 0000 0045 
  0x000001e213a06c38: 8b54 ec08 

  0x000001e213a06c3c: ;   {metadata('java/util/ArrayList')}
  0x000001e213a06c3c: 4181 fa28 | a01e 000f | 859b 1f00 | 004c 895c | 2440 894c | 2434 48ff | 7424 5048 | 8f44 2438 
  0x000001e213a06c5c: 4d8d 14ec | 458b 5a10 | 498b ea48 | 8b54 2440 | 458b cb44 | 895c 246c 

  0x000001e213a06c74: ;   {optimized virtual_call}
  0x000001e213a06c74: c5f8 77e8 

  0x000001e213a06c78: ; ImmutableOopMap {rbp=Oop [40]=Oop [52]=NarrowOop [56]=Oop [64]=Oop [72]=Oop }
                      ;*invokevirtual createArray {reexecute=0 rethrow=0 return_oop=1}
                      ; - com.jme3.util.SafeArrayList::createArray@6 (line 129)
                      ; - com.jme3.util.SafeArrayList::getArray@46 (line 148)
                      ; - com.jme3.scene.Spatial::runControlUpdate@15 (line 736)
                      ; - com.jme3.scene.Spatial::updateLogicalState@2 (line 880)
                      ; - com.jme3.scene.Node::updateLogicalState@2 (line 231)
                      ; - com.jme3.app.SimpleApplication::update@117 (line 262)
                      ; - com.jme3.system.lwjgl.LwjglWindow::runLoop@37 (line 530)
  0x000001e213a06c78: 647b 64ff 

  0x000001e213a06c7c: ;   {other}
  0x000001e213a06c7c: 0f1f 8400 | 7425 0021 | 488b d54c | 8bc0 6690 

  0x000001e213a06c8c: ;   {optimized virtual_call}
  0x000001e213a06c8c: c5f8 77e8 

  0x000001e213a06c90: ; ImmutableOopMap {[40]=Oop [52]=NarrowOop [56]=Oop [64]=Oop [72]=Oop }
                      ;*invokeinterface toArray {reexecute=0 rethrow=0 return_oop=1}
                      ; - com.jme3.util.SafeArrayList::getArray@49 (line 148)
                      ; - com.jme3.scene.Spatial::runControlUpdate@15 (line 736)
                      ; - com.jme3.scene.Spatial::updateLogicalState@2 (line 880)
                      ; - com.jme3.scene.Node::updateLogicalState@2 (line 231)
                      ; - com.jme3.app.SimpleApplication::update@117 (line 262)
                      ; - com.jme3.system.lwjgl.LwjglWindow::runLoop@37 (line 530)
  0x000001e213a06c90: 4c7b 64ff 

  0x000001e213a06c94: ;   {other}
  0x000001e213a06c94: 0f1f 8400 | 8c25 0022 | 488b f841 | 807f 3800 | 0f85 7409 | 0000 8b5c | 2434 4c8b | c74d 8bd8 
  0x000001e213a06cb4: 49c1 eb03 | 4589 5cdc | 184c 8b54 | 2440 4d8b | d84d 33da | 49c1 eb17 | 4d85 db74 | 1f4d 85c0 
  0x000001e213a06cd4: 741a 49c1 | ea09 48b9 | 0000 d71b | e201 0000 | 4903 ca80 | 3902 0f85 | f309 0000 | 4180 7f38 
  0x000001e213a06cf4: 000f 855f | 0900 0045 | 8964 dc14 | 418b 6cdc | 1885 ed0f | 84e3 1c00 | 0048 ff74 | 2438 488f 
  0x000001e213a06d14: 4424 50e9 | 5dea ffff | 488b 5424 | 5066 6690 

  0x000001e213a06d24: ;   {optimized virtual_call}
  0x000001e213a06d24: c5f8 77e8 

  0x000001e213a06d28: ; ImmutableOopMap {[40]=Oop [72]=Oop [80]=Oop }
                      ;*invokespecial getUpdateList {reexecute=0 rethrow=0 return_oop=1}
                      ; - com.jme3.scene.Node::updateLogicalState@14 (line 241)
                      ; - com.jme3.app.SimpleApplication::update@109 (line 261)
                      ; - com.jme3.system.lwjgl.LwjglWindow::runLoop@37 (line 530)
  0x000001e213a06d28: e410 f9ff 

  0x000001e213a06d2c: ;   {other}
  0x000001e213a06d2c: 0f1f 8400 | 2426 0023 | 4885 c00f | 84e3 1c00 | 0048 8bd0 

  0x000001e213a06d40: ;   {optimized virtual_call}
  0x000001e213a06d40: c5f8 77e8 

  0x000001e213a06d44: ; ImmutableOopMap {[40]=Oop [72]=Oop [80]=Oop }
                      ;*invokevirtual getArray {reexecute=0 rethrow=0 return_oop=1}
                      ; - com.jme3.scene.Node::updateLogicalState@17 (line 241)
                      ; - com.jme3.app.SimpleApplication::update@109 (line 261)
                      ; - com.jme3.system.lwjgl.LwjglWindow::runLoop@37 (line 530)
  0x000001e213a06d44: 88fb e9ff 

  0x000001e213a06d48: ;   {other}
  0x000001e213a06d48: 0f1f 8400 | 4026 0024 

  0x000001e213a06d50: ; implicit exception: dispatches to 0x000001e213a099c4
  0x000001e213a06d50: 448b 5808 

  0x000001e213a06d54: ;   {metadata('com/jme3/scene/Spatial'[])}
  0x000001e213a06d54: 4181 fb20 | 2c1c 010f | 8557 2200 | 004c 8bc8 | 458b 510c | 4585 d20f | 86c5 e9ff | ff45 8d42 
  0x000001e213a06d74: ff45 3bc2 | 0f83 021d | 0000 4533 | db48 ff74 | 2450 488f | 4424 4044 | 8954 2454 | e980 0000 
  0x000001e213a06d94: 0048 8b54 | 2450 6690 

  0x000001e213a06d9c: ;   {optimized virtual_call}
  0x000001e213a06d9c: c5f8 77e8 

  0x000001e213a06da0: ; ImmutableOopMap {[40]=Oop [72]=Oop [80]=Oop }
                      ;*invokespecial getUpdateList {reexecute=0 rethrow=0 return_oop=1}
                      ; - com.jme3.scene.Node::updateLogicalState@14 (line 241)
                      ; - com.jme3.app.SimpleApplication::update@117 (line 262)
                      ; - com.jme3.system.lwjgl.LwjglWindow::runLoop@37 (line 530)
  0x000001e213a06da0: 6c10 f9ff 

  0x000001e213a06da4: ;   {other}
  0x000001e213a06da4: 0f1f 8400 | 9c26 0025 | 4885 c00f | 849b 1c00 | 0048 8bd0 

  0x000001e213a06db8: ;   {optimized virtual_call}
  0x000001e213a06db8: c5f8 77e8 

  0x000001e213a06dbc: ; ImmutableOopMap {[40]=Oop [72]=Oop [80]=Oop }
                      ;*invokevirtual getArray {reexecute=0 rethrow=0 return_oop=1}
                      ; - com.jme3.scene.Node::updateLogicalState@17 (line 241)
                      ; - com.jme3.app.SimpleApplication::update@117 (line 262)
                      ; - com.jme3.system.lwjgl.LwjglWindow::runLoop@37 (line 530)
  0x000001e213a06dbc: 10fb e9ff 

  0x000001e213a06dc0: ;   {other}
  0x000001e213a06dc0: 0f1f 8400 | b826 0026 

  0x000001e213a06dc8: ; implicit exception: dispatches to 0x000001e213a099f4
  0x000001e213a06dc8: 448b 5808 

  0x000001e213a06dcc: ;   {metadata('com/jme3/scene/Spatial'[])}
  0x000001e213a06dcc: 4181 fb20 | 2c1c 010f | 8513 2200 | 004c 8bc8 | 458b 510c | 4585 d20f | 861d eaff | ff45 8d42 
  0x000001e213a06dec: ff45 3bc2 | 0f83 c61c | 0000 4533 | db48 ff74 | 2450 488f | 4424 4044 | 8954 2454 | eb5b 660f 
  0x000001e213a06e0c: 1f44 0000 | 4c8b 4c24 | 3843 8b6c | 9910 4489 | 5c24 344c | 894c 2438 | 488b d548 | c1e2 03c5 
  0x000001e213a06e2c: fa10 4424 | 3090 c5f8 | 7748 b880 | 76df 84e2 

  0x000001e213a06e3c: ;   {virtual_call}
  0x000001e213a06e3c: 0100 00e8 

  0x000001e213a06e40: ; ImmutableOopMap {rbp=NarrowOop [40]=Oop [56]=Oop [64]=Oop [72]=Oop }
                      ;*invokevirtual updateLogicalState {reexecute=0 rethrow=0 return_oop=0}
                      ; - com.jme3.scene.Node::updateLogicalState@45 (line 242)
                      ; - com.jme3.app.SimpleApplication::update@109 (line 261)
                      ; - com.jme3.system.lwjgl.LwjglWindow::runLoop@37 (line 530)
  0x000001e213a06e40: dc70 72ff 

  0x000001e213a06e44: ;   {other}
  0x000001e213a06e44: 0f1f 8400 | 3c27 0027 | 448b 5c24 | 3441 ffc3 | 443b 5c24 | 547c b5e9 | d6e8 ffff | 4c8b 4c24 
  0x000001e213a06e64: 3843 8b6c | 9910 4489 | 5c24 344c | 894c 2438 | 488b d548 | c1e2 03c5 | fa10 4424 | 3090 c5f8 
  0x000001e213a06e84: 7748 b8a8 | 76df 84e2 

  0x000001e213a06e8c: ;   {virtual_call}
  0x000001e213a06e8c: 0100 00e8 

  0x000001e213a06e90: ; ImmutableOopMap {rbp=NarrowOop [40]=Oop [56]=Oop [64]=Oop [72]=Oop }
                      ;*invokevirtual updateLogicalState {reexecute=0 rethrow=0 return_oop=0}
                      ; - com.jme3.scene.Node::updateLogicalState@45 (line 242)
                      ; - com.jme3.app.SimpleApplication::update@117 (line 262)
                      ; - com.jme3.system.lwjgl.LwjglWindow::runLoop@37 (line 530)
  0x000001e213a06e90: 8c70 72ff 

  0x000001e213a06e94: ;   {other}
  0x000001e213a06e94: 0f1f 8400 | 8c27 0028 | 448b 5c24 | 3441 ffc3 | 443b 5c24 | 547c b5e9 | 56e9 ffff | 4180 7f38 
  0x000001e213a06eb4: 000f 8579 | 0800 008b | c34c 8b5c | 2420 f041 | 0fb1 3b40 | 0f94 c540 | 0fb6 ed85 | ed74 264d 
  0x000001e213a06ed4: 33d3 49c1 | ea17 4d85 | d274 1a49 | c1eb 0948 | b900 00d7 | 1be2 0100 | 0049 03cb | 8039 020f 
  0x000001e213a06ef4: 859d 0800 | 0085 ed0f | 8469 1e00 | 0085 db0f | 8463 1c00 | 0049 8d3c | dc49 8d6c | dc10 4180 
  0x000001e213a06f14: 7f38 000f | 8542 0800 | 0089 5d00 | 4c8b d74c | 8bdd 4d33 | d349 c1ea | 174d 85d2 | 0f84 2be4 
  0x000001e213a06f34: ffff 49c1 | eb09 48b9 | 0000 d71b | e201 0000 | 4903 cb80 | 3902 0f84 | 11e4 ffff | 4d8b 5740 
  0x000001e213a06f54: 4d8b 5f48 | f083 4424 | c000 8039 | 000f 84fa | e3ff ff44 | 8821 4d85 | d275 2049 | 8bd7 c5f8 
  0x000001e213a06f74: 7749 bac0 | 0769 57f9 | 7f00 0041 

  0x000001e213a06f80: ;   {other}
  0x000001e213a06f80: ffd2 0f1f | 8400 0000 | 0000 e9d2 | e3ff ff4b | 894c 13f8 | 4983 c2f8 | 4d89 5740 | e9c0 e3ff 
  0x000001e213a06fa0: ff44 899c | 24a8 0000 | 0048 be00 | 00d7 1be2 | 0100 0044 | 8984 248c | 0000 00e9 | 50e0 ffff 
  0x000001e213a06fc0: 458b 5cec | 1044 8b44 | 2428 453b | c30f 8c29 | e2ff ff48 | 8b6c 2420 | 488b 5424 | 7848 ff74 
  0x000001e213a06fe0: 2458 488f | 4424 5048 | 8944 24f8 | 8b84 2488 | 0000 0089 | 4424 6448 | 8b44 24f8 | 4489 8424 
  0x000001e213a07000: 8800 0000 

  0x000001e213a07004: ;   {optimized virtual_call}
  0x000001e213a07004: c5f8 77e8 

  0x000001e213a07008: ; ImmutableOopMap {rbp=Oop [48]=Oop [56]=Oop [64]=Oop [80]=Oop [104]=Oop [120]=Oop }
                      ;*invokevirtual rehash {reexecute=0 rethrow=0 return_oop=0}
                      ; - java.lang.ThreadLocal$ThreadLocalMap::set@129 (line 566)
                      ; - java.lang.ThreadLocal::set@13 (line 265)
                      ; - java.lang.ThreadLocal::set@5 (line 251)
                      ; - com.jme3.audio.AudioContext::setAudioRenderer@4 (line 44)
                      ; - com.jme3.app.LegacyApplication::update@4 (line 712)
                      ; - com.jme3.app.SimpleApplication::update@20 (line 246)
                      ; - com.jme3.system.lwjgl.LwjglWindow::runLoop@37 (line 530)
  0x000001e213a07008: d477 64ff 

  0x000001e213a0700c: ;   {other}
  0x000001e213a0700c: 0f1f 8400 | 0429 0029 | e9e3 e1ff | ff33 f6e9 | 70f3 ffff | 458b 4318 | 4585 c00f | 8436 1f00 
  0x000001e213a0702c: 004c 895c | 2438 4c89 | 5424 2848 | ff74 2448 | 488f 4424 | 204b 8d14 | c449 8d2c | cc89 4c24 
  0x000001e213a0704c: 3066 6690 

  0x000001e213a07050: ;   {optimized virtual_call}
  0x000001e213a07050: c5f8 77e8 

  0x000001e213a07054: ; ImmutableOopMap {rbp=Oop [32]=Oop [40]=Oop [48]=NarrowOop [56]=Oop [72]=Oop }
                      ;*invokevirtual lock {reexecute=0 rethrow=0 return_oop=0}
                      ; - java.lang.ref.ReferenceQueue::poll@13 (line 191)
                      ; - com.jme3.util.NativeObjectManager::deleteUnused@54 (line 183)
                      ; - com.jme3.renderer.opengl.GLRenderer::postFrame@5 (line 1117)
                      ; - com.jme3.system.lwjgl.LwjglWindow::runLoop@100 (line 549)
  0x000001e213a07054: 8877 64ff 

  0x000001e213a07058: ;   {other}
  0x000001e213a07058: 0f1f 8400 | 5029 002a | 488b 5424 | 3866 6690 

  0x000001e213a07068: ;   {optimized virtual_call}
  0x000001e213a07068: c5f8 77e8 

  0x000001e213a0706c: ; ImmutableOopMap {rbp=Oop [32]=Oop [40]=Oop [48]=NarrowOop [56]=Oop [72]=Oop }
                      ;*invokevirtual poll0 {reexecute=0 rethrow=0 return_oop=1}
                      ; - java.lang.ref.ReferenceQueue::poll@17 (line 193)
                      ; - com.jme3.util.NativeObjectManager::deleteUnused@54 (line 183)
                      ; - com.jme3.renderer.opengl.GLRenderer::postFrame@5 (line 1117)
                      ; - com.jme3.system.lwjgl.LwjglWindow::runLoop@100 (line 549)
  0x000001e213a0706c: 7077 64ff 

  0x000001e213a07070: ;   {other}
  0x000001e213a07070: 0f1f 8400 | 6829 002b | 4889 4424 | 404c 8b54 | 2438 458b | 5a18 4585 | db0f 84f9 | 1e00 004b 
  0x000001e213a07090: 8d14 dc4c | 8954 2448 

  0x000001e213a07098: ;   {optimized virtual_call}
  0x000001e213a07098: c5f8 77e8 

  0x000001e213a0709c: ; ImmutableOopMap {rbp=Oop [32]=Oop [40]=Oop [48]=NarrowOop [64]=Oop [72]=Oop }
                      ;*invokevirtual unlock {reexecute=0 rethrow=0 return_oop=0}
                      ; - java.lang.ref.ReferenceQueue::poll@25 (line 195)
                      ; - com.jme3.util.NativeObjectManager::deleteUnused@54 (line 183)
                      ; - com.jme3.renderer.opengl.GLRenderer::postFrame@5 (line 1117)
                      ; - com.jme3.system.lwjgl.LwjglWindow::runLoop@100 (line 549)
  0x000001e213a0709c: 4077 64ff 

  0x000001e213a070a0: ;   {other}
  0x000001e213a070a0: 0f1f 8400 | 9829 002c | 4c8b 5c24 | 404d 85db | 0f84 3e0d | 0000 458b 

  0x000001e213a070b8: ;   {metadata('com/jme3/util/NativeObjectManager$NativeObjectRef')}
  0x000001e213a070b8: 5308 4181 | faa0 d221 | 010f 84d9 | 1e00 00ba | deff ffff | 488b 6c24 | 2066 6690 

  0x000001e213a070d4: ;   {runtime_call UncommonTrapBlob}
  0x000001e213a070d4: c5f8 77e8 

  0x000001e213a070d8: ; ImmutableOopMap {rbp=Oop [40]=Oop [48]=NarrowOop [64]=Oop }
                      ;*checkcast {reexecute=0 rethrow=0 return_oop=0}
                      ; - com.jme3.util.NativeObjectManager::deleteUnused@57 (line 183)
                      ; - com.jme3.renderer.opengl.GLRenderer::postFrame@5 (line 1117)
                      ; - com.jme3.system.lwjgl.LwjglWindow::runLoop@100 (line 549)
  0x000001e213a070d8: 84d2 64ff 

  0x000001e213a070dc: ;   {other}
  0x000001e213a070dc: 0f1f 8400 | d429 002d | 448b 5424 | 4047 8b44 | d428 4585 | c00f 84a3 | eaff ff4d | 8b5f 2849 
  0x000001e213a070fc: 8bc8 48c1 | e103 4d85 | db0f 8411 | 1400 004d | 8b47 304b | 894c 18f8 | 4983 c3f8 | 4d89 5f28 
  0x000001e213a0711c: e979 eaff | ff47 8b5c | d42c 4585 | db0f 84fb | eaff ff4d | 8b47 2849 | 8bcb 48c1 | e103 4d85 
  0x000001e213a0713c: c00f 8405 | 1400 004d | 8b5f 304b | 894c 03f8 | 4983 c0f8 | 4d89 4728 | e9d1 eaff | ff4d 8b5f 
  0x000001e213a0715c: 484d 8b47 | 40f0 8344 | 24c0 0080 | 3900 0f84 | 62ea ffff | 4488 214d | 85c0 7526 | 418b fa49 
  0x000001e213a0717c: 8bd7 c5f8 | 7749 bac0 | 0769 57f9 | 7f00 0041 

  0x000001e213a0718c: ;   {other}
  0x000001e213a0718c: ffd2 0f1f | 8400 0000 | 0000 448b | d7e9 34ea | ffff 4b89 | 4c03 f849 | 83c0 f84d | 8947 40e9 
  0x000001e213a071ac: 22ea ffff | 4d8b 5740 | 4d8b 5f48 | f083 4424 | c000 8039 | 000f 849b | eaff ff44 | 8821 4d85 
  0x000001e213a071cc: d275 2049 | 8bd7 c5f8 | 7749 bac0 | 0769 57f9 | 7f00 0041 

  0x000001e213a071e0: ;   {other}
  0x000001e213a071e0: ffd2 0f1f | 8400 0000 | 0000 e973 | eaff ff4b | 894c 13f8 | 4983 c2f8 | 4d89 5740 | e961 eaff 
  0x000001e213a07200: ff44 8b5d | 1c45 85db | 0f84 37e0 | ffff 4d8b | 5728 498b | cb48 c1e1 | 034d 85d2 | 0f84 be16 
  0x000001e213a07220: 0000 4d8b | 5f30 4b89 | 4c13 f849 | 83c2 f84d | 8957 28e9 | 0de0 ffff | 4d8b 5740 | 4d8b 5f48 
  0x000001e213a07240: f083 4424 | c000 8039 | 000f 84ae | e0ff ff44 | 8821 4d85 | d275 2049 | 8bd7 c5f8 | 7749 bac0 
  0x000001e213a07260: 0769 57f9 | 7f00 0041 

  0x000001e213a07268: ;   {other}
  0x000001e213a07268: ffd2 0f1f | 8400 0000 | 0000 e986 | e0ff ff4b | 894c 13f8 | 4983 c2f8 | 4d89 5740 | e974 e0ff 
  0x000001e213a07288: ff41 81fb | ffff ff7f | 0f84 99ee | ffff ba45 | ffff ff4c | 8954 2420 

  0x000001e213a072a0: ;   {runtime_call UncommonTrapBlob}
  0x000001e213a072a0: c5f8 77e8 

  0x000001e213a072a4: ; ImmutableOopMap {[32]=Oop [72]=Oop }
                      ;*ifne {reexecute=1 rethrow=0 return_oop=0}
                      ; - (reexecute) java.util.logging.Logger::log@5 (line 1029)
                      ; - com.jme3.opencl.OpenCLObjectManager::deleteUnusedObjects@18 (line 84)
                      ; - com.jme3.renderer.opengl.GLRenderer::postFrame@11 (line 1118)
                      ; - com.jme3.system.lwjgl.LwjglWindow::runLoop@100 (line 549)
  0x000001e213a072a4: b8d0 64ff 

  0x000001e213a072a8: ;   {other}
  0x000001e213a072a8: 0f1f 8400 | a02b 002e | 498b ea4b | 8d04 c441 | 3bf8 0f84 | 3f08 0000 | 498b af50 

  0x000001e213a072c4: ; ImmutableOopMap {r9=Oop [32]=Derived_oop_r9 rcx=Oop rbx=NarrowOop rax=Oop r13=NarrowOop r14=Oop [72]=Oop [80]=Oop }
                      ;*goto {reexecute=1 rethrow=0 return_oop=0}
                      ; - (reexecute) java.util.concurrent.ConcurrentLinkedQueue::poll@81 (line 385)
                      ; - com.jme3.app.LegacyApplication::runQueuedTasks@4 (line 699)
                      ; - com.jme3.app.LegacyApplication::update@27 (line 715)
                      ; - com.jme3.app.SimpleApplication::update@20 (line 246)
                      ; - com.jme3.system.lwjgl.LwjglWindow::runLoop@37 (line 530)
                      ;   {poll}
  0x000001e213a072c4: 0400 0085 | 4500 488b | f848 c1ef | 03e9 5ae0 | ffff 4889 | 4c24 784c | 8954 2470 | 895c 2468 
  0x000001e213a072e4: 4889 5424 | 6089 7c24 | 3c48 ff74 | 2420 488f | 4424 584c | 894c 2440 | 4489 6c24 | 3848 8974 
  0x000001e213a07304: 2430 48ff | 7424 5048 | 8f44 2428 | 48ff 7424 | 4848 8f44 | 2420 4d8d | 14ec 4c89 | 5424 4848 
  0x000001e213a07324: 8b54 2470 | 4d8b c24c | 8b4c 2460 

  0x000001e213a07330: ;   {optimized virtual_call}
  0x000001e213a07330: c5f8 77e8 

  0x000001e213a07334: ; ImmutableOopMap {rbp=NarrowOop [32]=Oop [40]=Oop [56]=NarrowOop [60]=NarrowOop [64]=Oop [88]=Derived_oop_[64] [72]=Oop [80]=Oop [104]=NarrowOop [112]=Oop [120]=Oop }
                      ;*invokevirtual casItem {reexecute=0 rethrow=0 return_oop=0}
                      ; - java.util.concurrent.ConcurrentLinkedQueue::poll@21 (line 387)
                      ; - com.jme3.app.LegacyApplication::runQueuedTasks@4 (line 699)
                      ; - com.jme3.app.LegacyApplication::update@27 (line 715)
                      ; - com.jme3.app.SimpleApplication::update@20 (line 246)
                      ; - com.jme3.system.lwjgl.LwjglWindow::runLoop@37 (line 530)
  0x000001e213a07334: a874 64ff 

  0x000001e213a07338: ;   {other}
  0x000001e213a07338: 0f1f 8400 | 302c 0030 | 8b7c 243c | 458b 44fc | 1085 c00f | 84cb 0700 | 0044 8b54 | 2468 413b 
  0x000001e213a07358: fa74 2d45 | 85c0 0f84 | fe07 0000 | 4f8d 0cc4 | 4c89 4c24 | 6048 8b54 | 2440 4c8b | 4424 7890 
  0x000001e213a07378: ;   {optimized virtual_call}
  0x000001e213a07378: c5f8 77e8 

  0x000001e213a0737c: ; ImmutableOopMap {rbp=NarrowOop [32]=Oop [40]=Oop [64]=Oop [72]=Oop [96]=Oop [112]=Oop [120]=Oop }
                      ;*invokevirtual updateHead {reexecute=0 rethrow=0 return_oop=0}
                      ; - java.util.concurrent.ConcurrentLinkedQueue::poll@48 (line 391)
                      ; - com.jme3.app.LegacyApplication::runQueuedTasks@4 (line 699)
                      ; - com.jme3.app.LegacyApplication::update@27 (line 715)
                      ; - com.jme3.app.SimpleApplication::update@20 (line 246)
                      ; - com.jme3.system.lwjgl.LwjglWindow::runLoop@37 (line 530)
  0x000001e213a0737c: 6074 64ff 

  0x000001e213a07380: ;   {other}
  0x000001e213a07380: 0f1f 8400 | 782c 0031 | baec ffff | ff66 6690 

  0x000001e213a07390: ;   {runtime_call UncommonTrapBlob}
  0x000001e213a07390: c5f8 77e8 

  0x000001e213a07394: ; ImmutableOopMap {rbp=NarrowOop [32]=Oop [40]=Oop }
                      ;*checkcast {reexecute=0 rethrow=0 return_oop=0}
                      ; - com.jme3.app.LegacyApplication::runQueuedTasks@7 (line 699)
                      ; - com.jme3.app.LegacyApplication::update@27 (line 715)
                      ; - com.jme3.app.SimpleApplication::update@20 (line 246)
                      ; - com.jme3.system.lwjgl.LwjglWindow::runLoop@37 (line 530)
  0x000001e213a07394: c8cf 64ff 

  0x000001e213a07398: ;   {other}
  0x000001e213a07398: 0f1f 8400 | 902c 0032 

  0x000001e213a073a0: ;   {metadata('java/lang/Float')}
  0x000001e213a073a0: 48ba 30c8 | 1834 e201 | 0000 6690 

  0x000001e213a073ac: ;   {runtime_call _new_instance_Java}
  0x000001e213a073ac: c5f8 77e8 

  0x000001e213a073b0: ; ImmutableOopMap {rbp=Oop [40]=Oop [52]=NarrowOop [64]=NarrowOop [72]=Oop [80]=Oop }
                      ;*new {reexecute=0 rethrow=0 return_oop=1}
                      ; - java.lang.Float::valueOf@0 (line 551)
                      ; - com.jme3.shader.UniformBindingManager::newFrame@8 (line 271)
                      ; - com.jme3.renderer.RenderManager::render@15 (line 1144)
                      ; - com.jme3.app.SimpleApplication::update@197 (line 272)
                      ; - com.jme3.system.lwjgl.LwjglWindow::runLoop@37 (line 530)
  0x000001e213a073b0: ac76 72ff 

  0x000001e213a073b4: ;   {other}
  0x000001e213a073b4: 0f1f 8400 | ac2c 0033 | 4c8b c8e9 | bae7 ffff | c5fa 114c | 2444 4489 

  0x000001e213a073cc: ;   {metadata('java/lang/Float')}
  0x000001e213a073cc: 5424 4048 | ba30 c818 | 34e2 0100 | 0066 6690 

  0x000001e213a073dc: ;   {runtime_call _new_instance_Java}
  0x000001e213a073dc: c5f8 77e8 

  0x000001e213a073e0: ; ImmutableOopMap {rbp=Oop [40]=Oop [52]=NarrowOop [64]=NarrowOop [72]=Oop [80]=Oop }
                      ;*new {reexecute=0 rethrow=0 return_oop=1}
                      ; - java.lang.Float::valueOf@0 (line 551)
                      ; - com.jme3.shader.UniformBindingManager::newFrame@22 (line 272)
                      ; - com.jme3.renderer.RenderManager::render@15 (line 1144)
                      ; - com.jme3.app.SimpleApplication::update@197 (line 272)
                      ; - com.jme3.system.lwjgl.LwjglWindow::runLoop@37 (line 530)
  0x000001e213a073e0: 7c76 72ff 

  0x000001e213a073e4: ;   {other}
  0x000001e213a073e4: 0f1f 8400 | dc2c 0034 | 448b 5424 | 40c5 fa10 | 4c24 4448 | 8bd8 e91b | e8ff ff44 | 8b5c 2458 
  0x000001e213a07404: 478b 54dc | 1845 85d2 | 0f84 e5f2 | ffff 4d8b | 4728 498b | ca48 c1e1 | 034d 85c0 | 0f84 1818 
  0x000001e213a07424: 0000 4d8b | 5730 4b89 | 4c02 f849 | 83c0 f84d | 8947 28e9 | bbf2 ffff | 478b 44dc | 1445 85c0 
  0x000001e213a07444: 0f84 faf2 | ffff 4d8b | 5728 498b | c848 c1e1 | 034d 85d2 | 0f84 ba17 | 0000 4d8b | 4730 4b89 
  0x000001e213a07464: 4c10 f849 | 83c2 f84d | 8957 28e9 | d0f2 ffff | 8b7c 243c | 458b 54fc | 1845 85d2 | 0f84 74f4 
  0x000001e213a07484: ffff 4d8b | 5f28 498b | ca48 c1e1 | 034d 85db | 0f84 ca17 | 0000 4d8b | 5730 4b89 | 4c1a f849 
  0x000001e213a074a4: 83c3 f84d | 895f 28e9 | 4af4 ffff | 458b 54fc | 1445 85d2 | 0f84 85f4 | ffff 4d8b | 5f28 498b 
  0x000001e213a074c4: ca48 c1e1 | 034d 85db | 0f84 b217 | 0000 4d8b | 5730 4b89 | 4c1a f849 | 83c3 f84d 

  0x000001e213a074e0: ;   {no_reloc}
  0x000001e213a074e0: 895f 28e9 | 5bf4 ffff | 4d8b 5748 | 4d8b 4740 | f083 4424 | c000 8039 | 000f 843a | f2ff ff44 
  0x000001e213a07500: 8821 4d85 | c075 2641 | 8bdb 498b | d7c5 f877 | 49ba c007 | 6957 f97f | 0000 41ff 

  0x000001e213a0751c: ;   {other}
  0x000001e213a0751c: d20f 1f84 | 0000 0000 | 0044 8bdb | e90c f2ff | ff4b 894c | 02f8 4983 | c0f8 4d89 | 4740 e9fa 
  0x000001e213a0753c: f1ff ff4d | 8b57 484d | 8b5f 40f0 | 8344 24c0 | 0041 8038 | 000f 84e1 | f3ff ff45 | 8820 4d85 
  0x000001e213a0755c: db75 2349 | 8bc8 498b | d7c5 f877 | 49ba c007 | 6957 f97f | 0000 41ff 

  0x000001e213a07574: ;   {other}
  0x000001e213a07574: d20f 1f84 | 0000 0000 | 00e9 b6f3 | ffff 4f89 | 441a f849 | 83c3 f84d | 895f 40e9 | a4f3 ffff 
  0x000001e213a07594: ;   {oop("FrameRate"{0x00000004049e4280})}
  0x000001e213a07594: 49ba 8042 | 9e04 0400 | 0000 41c6 | 4211 0133 | f6e9 e6ed | ffff 458b | 5cfc 1445 | 85db 0f84 
  0x000001e213a075b4: 6ff5 ffff | 4d8b 5728 | 498b cb48 | c1e1 034d | 85d2 0f84 | d816 0000 | 4d8b 5f30 | 4b89 4c13 
  0x000001e213a075d4: f849 83c2 | f84d 8957 | 28e9 45f5 | ffff 8b7c | 2434 458b | 54fc 1845 | 85d2 0f84 | e6f4 ffff 
  0x000001e213a075f4: 4d8b 5f28 | 498b ca48 | c1e1 034d | 85db 0f84 | bc16 0000 | 4d8b 5730 | 4b89 4c1a | f849 83c3 
  0x000001e213a07614: f84d 895f | 28e9 bcf4 | ffff 8b5c | 2434 458b | 54dc 1845 | 85d2 0f84 | 7ef6 ffff | 4d8b 5f28 
  0x000001e213a07634: 498b ca48 | c1e1 034d | 85db 0f84 | c016 0000 | 4d8b 5730 | 4b89 4c1a | f849 83c3 | f84d 895f 
  0x000001e213a07654: 28e9 54f6 | ffff 458b | 5cdc 1445 | 85db 0f84 | 93f6 ffff | 4d8b 5728 | 498b cb48 | c1e1 034d 
  0x000001e213a07674: 85d2 0f84 | 6816 0000 | 4d8b 5f30 | 4b89 4c13 | f849 83c2 | f84d 8957 | 28e9 69f6 

  0x000001e213a07690: ;   {no_reloc}
  0x000001e213a07690: ffff 4d8b | 5748 4d8b | 5f40 f083 | 4424 c000 | 8039 000f | 8473 f4ff | ff44 8821 | 4d85 db75 
  0x000001e213a076b0: 2049 8bd7 | c5f8 7749 | bac0 0769 | 57f9 7f00 | 0041 ffd2 

  0x000001e213a076c4: ;   {other}
  0x000001e213a076c4: 0f1f 8400 | 0000 0000 | e94b f4ff | ff4b 894c | 1af8 4983 | c3f8 4d89 | 5f40 e939 | f4ff ff4d 
  0x000001e213a076e4: 8b57 484d | 8b5f 40f0 | 8344 24c0 | 0080 3900 | 0f84 f6f5 | ffff 4488 | 214d 85db | 7520 498b 
  0x000001e213a07704: d7c5 f877 | 49ba c007 | 6957 f97f | 0000 41ff 

  0x000001e213a07714: ;   {other}
  0x000001e213a07714: d20f 1f84 | 0000 0000 | 00e9 cef5 | ffff 4b89 | 4c1a f849 | 83c3 f84d | 895f 40e9 | bcf5 ffff 
  0x000001e213a07734: 85db 0f84 | 7ff7 ffff | 4d8b 5f28 | 4d85 db0f | 84db 1500 | 004d 8b47 | 304b 894c | 18f8 4983 
  0x000001e213a07754: c3f8 4d89 | 5f28 e95c | f7ff ff44 | 8b5d 0045 | 85db 0f84 | b1f7 ffff | 4d8b 5728 | 498b cb48 
  0x000001e213a07774: c1e1 034d | 85d2 0f84 | ca15 0000 | 4d8b 5f30 | 4b89 4c13 | f849 83c2 | f84d 8957 | 28e9 87f7 
  0x000001e213a07794: ffff 4d8b | 5740 4d8b | 5f48 f083 | 4424 c000 | 8039 000f | 844c f7ff | ff44 8821 | 4d85 d275 
  0x000001e213a077b4: 2049 8bd7 | c5f8 7749 | bac0 0769 | 57f9 7f00 | 0041 ffd2 

  0x000001e213a077c8: ;   {other}
  0x000001e213a077c8: 0f1f 8400 | 0000 0000 | e924 f7ff | ff4b 894c | 13f8 4983 | c2f8 4d89 | 5740 e912 | f7ff ff44 
  0x000001e213a077e8: 8bdd 478b | 44dc 1845 | 85c0 0f84 | d1ed ffff | 4d8b 5728 | 498b c848 | c1e1 034d | 85d2 0f84 
  0x000001e213a07808: dc15 0000 | 4d8b 4730 | 4b89 4c10 | f849 83c2 | f84d 8957 | 28e9 a7ed | ffff 8bfd | 458b 54fc 
  0x000001e213a07828: 1845 85d2 | 0f84 a6ef | ffff 4d8b | 5f28 498b | ca48 c1e1 | 034d 85db | 0f84 c515 | 0000 4d8b 
  0x000001e213a07848: 5730 4b89 | 4c1a f849 | 83c3 f84d | 895f 28e9 | 7cef ffff | 448b 451c | 4585 c00f | 844d d8ff 
  0x000001e213a07868: ff4d 8b5f | 2849 8bc8 | 48c1 e103 | 4d85 db0f | 841a 1600 | 004d 8b47 | 304b 894c | 18f8 4983 
  0x000001e213a07888: c3f8 4d89 | 5f28 e923 | d8ff ff44 | 8b5d 1045 | 85db 0f84 | cbd7 ffff | 4d8b 4728 | 498b cb48 
  0x000001e213a078a8: c1e1 034d | 85c0 0f84 | 7715 0000 | 4d8b 5f30 | 4b89 4c03 | f849 83c0 | f84d 8947 

  0x000001e213a078c4: ;   {no_reloc}
  0x000001e213a078c4: 28e9 a1d7 | ffff 458b | 1645 85d2 | 0f84 4ad8 | ffff 4d8b | 5f28 498b | ca48 c1e1 | 034d 85db 
  0x000001e213a078e4: 0f84 1916 | 0000 4d8b | 5730 4b89 | 4c1a f849 | 83c3 f84d | 895f 28e9 | 20d8 ffff | 4d8b 5f40 
  0x000001e213a07904: 4d8b 4748 | f083 4424 | c000 8039 | 000f 848e | d7ff ff44 | 8821 4d85 | db75 6c48 | 896c 2468 
  0x000001e213a07924: 4889 7424 | 404c 896c | 2438 4889 | 7c24 3048 | ff74 2420 | 488f 4424 | 2844 8954 | 2420 4c8b 
  0x000001e213a07944: eb49 8bd7 | c5f8 7749 | bac0 0769 | 57f9 7f00 | 0041 ffd2 

  0x000001e213a07958: ;   {other}
  0x000001e213a07958: 0f1f 8400 | 0000 0000 | 498b dd44 | 8b54 2420 | 48ff 7424 | 2848 8f44 | 2420 488b | 7c24 304c 
  0x000001e213a07978: 8b6c 2438 | 488b 7424 | 4048 8b6c | 2468 e91a | d7ff ff4b | 894c 18f8 | 4983 c3f8 | 4d89 5f40 
  0x000001e213a07998: e908 d7ff | ff4d 8b57 | 404d 8b5f | 48f0 8344 | 24c0 0080 | 3900 0f84 | a2d7 ffff | 4488 214d 
  0x000001e213a079b8: 85d2 7520 | 498b d7c5 | f877 49ba | c007 6957 | f97f 0000 

  0x000001e213a079cc: ;   {other}
  0x000001e213a079cc: 41ff d20f | 1f84 0000 | 0000 00e9 | 7ad7 ffff | 4b89 4c13 | f849 83c2 | f84d 8957 | 40e9 68d7 
  0x000001e213a079ec: ffff 4d8b | 5f40 4d8b | 4748 f083 | 4424 c000 | 8039 000f | 84f0 d6ff | ff44 8821 | 4d85 db75 
  0x000001e213a07a0c: 6c48 896c | 2468 4889 | 7424 404c | 896c 2438 | 4889 7c24 | 3048 ff74 | 2420 488f | 4424 2844 
  0x000001e213a07a2c: 8954 2420 | 4c8b eb49 | 8bd7 c5f8 | 7749 bac0 | 0769 57f9 | 7f00 0041 

  0x000001e213a07a44: ;   {other}
  0x000001e213a07a44: ffd2 0f1f | 8400 0000 | 0000 498b | dd44 8b54 | 2420 48ff | 7424 2848 | 8f44 2420 | 488b 7c24 
  0x000001e213a07a64: 304c 8b6c | 2438 488b | 7424 4048 | 8b6c 2468 | e97c d6ff | ff4b 894c | 18f8 4983 | c3f8 4d89 
  0x000001e213a07a84: 5f40 e96a | d6ff ff8b | fd45 8b5c | fc18 4585 | db0f 842d | efff ff4d | 8b57 2849 | 8bcb 48c1 
  0x000001e213a07aa4: e103 4d85 | d20f 8474 | 1400 004d | 8b5f 304b | 894c 13f8 | 4983 c2f8 | 4d89 5728 | e903 efff 
  0x000001e213a07ac4: ff8b dd45 | 8b5c dc18 | 4585 db0f | 84c7 f0ff | ff4d 8b57 | 2849 8bcb | 48c1 e103 | 4d85 d20f 
  0x000001e213a07ae4: 845a 1400 | 004d 8b5f | 304b 894c | 13f8 4983 | c2f8 4d89 | 5728 e99d | f0ff ff49 | 8bbf 5004 
  0x000001e213a07b04: ; ImmutableOopMap {r9=Oop [32]=Derived_oop_r9 rcx=Oop rax=Oop rbp=Oop r13=NarrowOop r14=Oop [72]=Oop [80]=Oop }
                      ;*goto {reexecute=1 rethrow=0 return_oop=0}
                      ; - (reexecute) java.util.concurrent.ConcurrentLinkedQueue::poll@76 (line 399)
                      ; - com.jme3.app.LegacyApplication::runQueuedTasks@4 (line 699)
                      ; - com.jme3.app.LegacyApplication::update@27 (line 715)
                      ; - com.jme3.app.SimpleApplication::update@20 (line 246)
                      ; - com.jme3.system.lwjgl.LwjglWindow::runLoop@37 (line 530)
                      ;   {poll}
  0x000001e213a07b04: 0000 8507 | 4c8b 5424 | 2041 8b1a | 488b c348 | c1e0 03e9 | aef7 ffff | 4c8b 5424 | 4848 ff74 
  0x000001e213a07b24: 2420 488f | 4424 4848 | 8b74 2430 | 448b 6c24 | 384c 8b4c | 2440 48ff | 7424 5848 | 8f44 2420 
  0x000001e213a07b44: 488b 5424 | 608b 5c24 | 684c 8b5c | 2470 488b | 4c24 784d | 8bf2 4d8b | d3e9 eed7 | ffff 4c8b 
  0x000001e213a07b64: 4c24 70e9 | 01f8 ffff | bae4 ffff | ff48 ff74 | 2448 488f | 4424 2048 | ff74 2450 | 488f 4424 
  0x000001e213a07b84: 2889 4424 | 5466 6690 

  0x000001e213a07b8c: ;   {runtime_call UncommonTrapBlob}
  0x000001e213a07b8c: c5f8 77e8 

  0x000001e213a07b90: ; ImmutableOopMap {rbp=Oop [32]=Oop [40]=Oop [56]=Oop [88]=Oop [96]=NarrowOop [100]=NarrowOop [104]=NarrowOop }
                      ;*aaload {reexecute=0 rethrow=0 return_oop=0}
                      ; - java.lang.ThreadLocal$ThreadLocalMap::set@76 (line 551)
                      ; - java.lang.ThreadLocal::set@13 (line 265)
                      ; - java.lang.ThreadLocal::set@5 (line 251)
                      ; - com.jme3.audio.AudioContext::setAudioRenderer@4 (line 44)
                      ; - com.jme3.app.LegacyApplication::update@4 (line 712)
                      ; - com.jme3.app.SimpleApplication::update@20 (line 246)
                      ; - com.jme3.system.lwjgl.LwjglWindow::runLoop@37 (line 530)
  0x000001e213a07b90: ccc7 64ff 

  0x000001e213a07b94: ;   {other}
  0x000001e213a07b94: 0f1f 8400 | 8c34 0036 | ba45 ffff | ff48 ff74 | 2448 488f | 4424 2048 | 8944 24f8 | 8b44 2454 
  0x000001e213a07bb4: 8944 2448 | 488b 4424 | f848 8944 | 24f8 8b44 | 2450 8944 | 244c 488b | 4424 f889 | 4424 5090 
  0x000001e213a07bd4: ;   {runtime_call UncommonTrapBlob}
  0x000001e213a07bd4: c5f8 77e8 

  0x000001e213a07bd8: ; ImmutableOopMap {rbp=NarrowOop [32]=Oop [40]=Oop [52]=NarrowOop [56]=Oop [96]=NarrowOop }
                      ;*ifeq {reexecute=1 rethrow=0 return_oop=0}
                      ; - (reexecute) com.jme3.app.state.AppStateManager::render@34 (line 368)
                      ; - com.jme3.app.SimpleApplication::update@161 (line 269)
                      ; - com.jme3.system.lwjgl.LwjglWindow::runLoop@37 (line 530)
  0x000001e213a07bd8: 84c7 64ff 

  0x000001e213a07bdc: ;   {other}
  0x000001e213a07bdc: 0f1f 8400 | d434 0037 | ba45 ffff | ff48 ff74 | 2448 488f | 4424 2048 | 8944 24f8 | 8b44 2450 
  0x000001e213a07bfc: 8944 2448 | 488b 4424 | f889 4424 | 4c66 6690 

  0x000001e213a07c0c: ;   {runtime_call UncommonTrapBlob}
  0x000001e213a07c0c: c5f8 77e8 

  0x000001e213a07c10: ; ImmutableOopMap {rbp=NarrowOop [32]=Oop [40]=Oop [56]=Oop [84]=NarrowOop }
                      ;*ifeq {reexecute=1 rethrow=0 return_oop=0}
                      ; - (reexecute) com.jme3.app.state.AppStateManager::postRender@32 (line 380)
                      ; - com.jme3.app.SimpleApplication::update@212 (line 274)
                      ; - com.jme3.system.lwjgl.LwjglWindow::runLoop@37 (line 530)
  0x000001e213a07c10: 4cc7 64ff 

  0x000001e213a07c14: ;   {other}
  0x000001e213a07c14: 0f1f 8400 | 0c35 0038 | 4889 b424 | 8000 0000 | 4c89 6c24 | 7848 897c | 2470 48ff | 7424 2048 
  0x000001e213a07c34: 8f44 2468 | 4889 4424 | f88b 8424 | 8c00 0000 | 8944 2444 | 488b 4424 | f844 8954 | 2440 4889 
  0x000001e213a07c54: 5c24 3848 | 8944 24f8 | 8b44 2464 | 8944 2434 | 488b 4424 | f848 8944 | 24f8 8b44 | 2460 8944 
  0x000001e213a07c74: 2430 488b | 4424 f848 | ff74 2450 | 488f 4424 | 2848 ff74 | 2458 488f | 4424 2048 | 8b6c 2448 
  0x000001e213a07c94: ;   {metadata('java/lang/ThreadLocal$ThreadLocalMap$Entry')}
  0x000001e213a07c94: 48ba 68d9 | 2f34 e201 | 0000 4889 | 7c24 5890 

  0x000001e213a07ca4: ;   {runtime_call _new_instance_Java}
  0x000001e213a07ca4: c5f8 77e8 

  0x000001e213a07ca8: ; ImmutableOopMap {rbp=Oop [32]=Oop [40]=Oop [48]=NarrowOop [52]=NarrowOop [56]=Oop [64]=NarrowOop [88]=Oop [104]=Oop [112]=Oop [120]=Oop }
                      ;*new {reexecute=0 rethrow=0 return_oop=1}
                      ; - java.lang.ThreadLocal$ThreadLocalMap::set@85 (line 563)
                      ; - java.lang.ThreadLocal::set@13 (line 265)
                      ; - java.lang.ThreadLocal::set@5 (line 251)
                      ; - com.jme3.audio.AudioContext::setAudioRenderer@4 (line 44)
                      ; - com.jme3.app.LegacyApplication::update@4 (line 712)
                      ; - com.jme3.app.SimpleApplication::update@20 (line 246)
                      ; - com.jme3.system.lwjgl.LwjglWindow::runLoop@37 (line 530)
  0x000001e213a07ca8: b46d 72ff 

  0x000001e213a07cac: ;   {other}
  0x000001e213a07cac: 0f1f 8400 | a435 0039 | 4889 6c24 | 4848 ff74 | 2420 488f | 4424 5848 | ff74 2428 | 488f 4424 
  0x000001e213a07ccc: 5048 8944 | 24f8 8b44 | 2430 8944 | 2460 488b | 4424 f848 | 8944 24f8 | 8b44 2434 | 8944 2464 
  0x000001e213a07cec: 488b 4424 | f848 8b5c | 2438 448b | 5424 4048 | 8944 24f8 | 8b44 2444 | 8984 248c | 0000 0048 
  0x000001e213a07d0c: 8b44 24f8 | 48ff 7424 | 6848 8f44 | 2420 488b | 7c24 704c | 8b6c 2478 | 488b b424 | 8000 0000 
  0x000001e213a07d2c: 488b e8e9 | 21d3 ffff | bae4 ffff | ff48 ff74 | 2448 488f | 4424 2044 | 8954 2438 | 8974 2444 
  0x000001e213a07d4c: 4489 4c24 | 4844 894c | 244c 6690 

  0x000001e213a07d58: ;   {runtime_call UncommonTrapBlob}
  0x000001e213a07d58: c5f8 77e8 

  0x000001e213a07d5c: ; ImmutableOopMap {[32]=Oop [40]=Oop [56]=NarrowOop [68]=NarrowOop }
                      ;*invokestatic checkIndex {reexecute=0 rethrow=0 return_oop=0}
                      ; - java.util.Objects::checkIndex@3 (line 365)
                      ; - java.util.ArrayList::get@5 (line 428)
                      ; - com.jme3.renderer.RenderManager::render@125 (line 1156)
                      ; - com.jme3.app.SimpleApplication::update@197 (line 272)
                      ; - com.jme3.system.lwjgl.LwjglWindow::runLoop@37 (line 530)
  0x000001e213a07d5c: 00c6 64ff 

  0x000001e213a07d60: ;   {other}
  0x000001e213a07d60: 0f1f 8400 | 5836 003a | bae4 ffff | ff48 8b6c | 2448 4c8b | 4424 284c | 8944 2420 | c5fa 1044 
  0x000001e213a07d80: 2430 c5fa | 1144 242c | 4489 5424 | 3044 8b54 | 243c 4489 | 5424 3444 | 894c 2438 | 8974 2444 
  0x000001e213a07da0: 894c 2448 | 4489 5c24 | 4c89 4c24 | 5066 6690 

  0x000001e213a07db0: ;   {runtime_call UncommonTrapBlob}
  0x000001e213a07db0: c5f8 77e8 

  0x000001e213a07db4: ; ImmutableOopMap {rbp=Oop [32]=Oop [48]=NarrowOop [68]=NarrowOop [76]=NarrowOop }
                      ;*aaload {reexecute=0 rethrow=0 return_oop=0}
                      ; - java.util.ArrayList::elementData@5 (line 412)
                      ; - java.util.ArrayList::get@11 (line 429)
                      ; - com.jme3.renderer.RenderManager::render@125 (line 1156)
                      ; - com.jme3.app.SimpleApplication::update@197 (line 272)
                      ; - com.jme3.system.lwjgl.LwjglWindow::runLoop@37 (line 530)
  0x000001e213a07db4: a8c5 64ff 

  0x000001e213a07db8: ;   {other}
  0x000001e213a07db8: 0f1f 8400 | b036 003b | bacc ffff | ff48 ff74 | 2448 488f | 4424 2044 | 8954 2438 | 8974 2444 
  0x000001e213a07dd8: 4489 4c24 | 4844 894c | 244c 6690 

  0x000001e213a07de4: ;   {runtime_call UncommonTrapBlob}
  0x000001e213a07de4: c5f8 77e8 

  0x000001e213a07de8: ; ImmutableOopMap {[32]=Oop [40]=Oop [56]=NarrowOop [68]=NarrowOop }
                      ;*invokestatic checkIndex {reexecute=0 rethrow=0 return_oop=0}
                      ; - java.util.Objects::checkIndex@3 (line 365)
                      ; - java.util.ArrayList::get@5 (line 428)
                      ; - com.jme3.renderer.RenderManager::render@125 (line 1156)
                      ; - com.jme3.app.SimpleApplication::update@197 (line 272)
                      ; - com.jme3.system.lwjgl.LwjglWindow::runLoop@37 (line 530)
  0x000001e213a07de8: 74c5 64ff 

  0x000001e213a07dec: ;   {other}
  0x000001e213a07dec: 0f1f 8400 | e436 003c | 48ff 7424 | 2048 8f44 | 2448 4c8b | 5424 28e9 | dce2 ffff | baf6 ffff 
  0x000001e213a07e0c: ff48 8b6c | 2448 6690 

  0x000001e213a07e14: ;   {runtime_call UncommonTrapBlob}
  0x000001e213a07e14: c5f8 77e8 

  0x000001e213a07e18: ; ImmutableOopMap {rbp=Oop }
                      ;*invokevirtual getAndSet {reexecute=0 rethrow=0 return_oop=0}
                      ; - com.jme3.system.lwjgl.LwjglWindow::runLoop@5 (line 522)
  0x000001e213a07e18: 44c5 64ff 

  0x000001e213a07e1c: ;   {other}
  0x000001e213a07e1c: 0f1f 8400 | 1437 003d | baf6 ffff | ff66 6690 

  0x000001e213a07e2c: ;   {runtime_call UncommonTrapBlob}
  0x000001e213a07e2c: c5f8 77e8 

  0x000001e213a07e30: ; ImmutableOopMap {[72]=Oop [80]=Oop }
                      ;*invokevirtual poll {reexecute=0 rethrow=0 return_oop=0}
                      ; - com.jme3.app.LegacyApplication::runQueuedTasks@4 (line 699)
                      ; - com.jme3.app.LegacyApplication::update@27 (line 715)
                      ; - com.jme3.app.SimpleApplication::update@20 (line 246)
                      ; - com.jme3.system.lwjgl.LwjglWindow::runLoop@37 (line 530)
  0x000001e213a07e30: 2cc5 64ff 

  0x000001e213a07e34: ;   {other}
  0x000001e213a07e34: 0f1f 8400 | 2c37 003e | baf6 ffff | ff66 6690 

  0x000001e213a07e44: ;   {runtime_call UncommonTrapBlob}
  0x000001e213a07e44: c5f8 77e8 

  0x000001e213a07e48: ; ImmutableOopMap {[72]=Oop [80]=Oop }
                      ;*invokevirtual update {reexecute=0 rethrow=0 return_oop=0}
                      ; - com.jme3.app.LegacyApplication::update@91 (line 724)
                      ; - com.jme3.app.SimpleApplication::update@20 (line 246)
                      ; - com.jme3.system.lwjgl.LwjglWindow::runLoop@37 (line 530)
  0x000001e213a07e48: 14c5 64ff 

  0x000001e213a07e4c: ;   {other}
  0x000001e213a07e4c: 0f1f 8400 | 4437 003f | baf6 ffff | ff4c 895c | 2430 c5fa | 114c 2438 

  0x000001e213a07e64: ;   {runtime_call UncommonTrapBlob}
  0x000001e213a07e64: c5f8 77e8 

  0x000001e213a07e68: ; ImmutableOopMap {[48]=Oop [72]=Oop [80]=Oop }
                      ;*monitorenter {reexecute=0 rethrow=0 return_oop=0}
                      ; - com.jme3.audio.openal.ALAudioRenderer::update@6 (line 849)
                      ; - com.jme3.app.LegacyApplication::update@131 (line 729)
                      ; - com.jme3.app.SimpleApplication::update@20 (line 246)
                      ; - com.jme3.system.lwjgl.LwjglWindow::runLoop@37 (line 530)
  0x000001e213a07e68: f4c4 64ff 

  0x000001e213a07e6c: ;   {other}
  0x000001e213a07e6c: 0f1f 8400 | 6437 0040 | baf6 ffff | ffc5 fa11 | 4424 2c90 

  0x000001e213a07e80: ;   {runtime_call UncommonTrapBlob}
  0x000001e213a07e80: c5f8 77e8 

  0x000001e213a07e84: ; ImmutableOopMap {[48]=Oop [72]=Oop }
                      ;*invokevirtual update {reexecute=0 rethrow=0 return_oop=0}
                      ; - com.jme3.app.SimpleApplication::update@77 (line 255)
                      ; - com.jme3.system.lwjgl.LwjglWindow::runLoop@37 (line 530)
  0x000001e213a07e84: d8c4 64ff 

  0x000001e213a07e88: ;   {other}
  0x000001e213a07e88: 0f1f 8400 | 8037 0041 | baf6 ffff | ff48 ff74 | 2428 488f | 4424 2090 

  0x000001e213a07ea0: ;   {runtime_call UncommonTrapBlob}
  0x000001e213a07ea0: c5f8 77e8 

  0x000001e213a07ea4: ; ImmutableOopMap {[32]=Oop [72]=Oop }
                      ;*invokevirtual updateGeometricState {reexecute=0 rethrow=0 return_oop=0}
                      ; - com.jme3.app.SimpleApplication::update@124 (line 264)
                      ; - com.jme3.system.lwjgl.LwjglWindow::runLoop@37 (line 530)
  0x000001e213a07ea4: b8c4 64ff 

  0x000001e213a07ea8: ;   {other}
  0x000001e213a07ea8: 0f1f 8400 | a037 0042 | baf6 ffff | ff4c 8954 | 2420 6690 

  0x000001e213a07ebc: ;   {runtime_call UncommonTrapBlob}
  0x000001e213a07ebc: c5f8 77e8 

  0x000001e213a07ec0: ; ImmutableOopMap {[32]=Oop [72]=Oop }
                      ;*invokevirtual updateGeometricState {reexecute=0 rethrow=0 return_oop=0}
                      ; - com.jme3.app.SimpleApplication::update@131 (line 265)
                      ; - com.jme3.system.lwjgl.LwjglWindow::runLoop@37 (line 530)
  0x000001e213a07ec0: 9cc4 64ff 

  0x000001e213a07ec4: ;   {other}
  0x000001e213a07ec4: 0f1f 8400 | bc37 0043 | baf6 ffff | ff48 8974 | 2420 c5fa | 104c 2430 | c5fa 114c | 2428 4489 
  0x000001e213a07ee4: 7424 2c89 | 7c24 3490 

  0x000001e213a07eec: ;   {runtime_call UncommonTrapBlob}
  0x000001e213a07eec: c5f8 77e8 

  0x000001e213a07ef0: ; ImmutableOopMap {[32]=Oop [44]=NarrowOop [52]=NarrowOop [72]=Oop }
                      ;*monitorenter {reexecute=0 rethrow=0 return_oop=0}
                      ; - com.jme3.app.state.AppStateManager::getStates@6 (line 126)
                      ; - com.jme3.app.state.AppStateManager::render@1 (line 366)
                      ; - com.jme3.app.SimpleApplication::update@161 (line 269)
                      ; - com.jme3.system.lwjgl.LwjglWindow::runLoop@37 (line 530)
  0x000001e213a07ef0: 6cc4 64ff 

  0x000001e213a07ef4: ;   {other}
  0x000001e213a07ef4: 0f1f 8400 | ec37 0044 | baf6 ffff | ff48 8974 | 2420 c5fa | 1044 2430 | c5fa 1144 | 242c 4489 
  0x000001e213a07f14: 5c24 3044 | 8954 2434 | 4489 4424 | 3c66 6690 

  0x000001e213a07f24: ;   {runtime_call UncommonTrapBlob}
  0x000001e213a07f24: c5f8 77e8 

  0x000001e213a07f28: ; ImmutableOopMap {[32]=Oop [48]=NarrowOop [60]=NarrowOop [72]=Oop }
                      ;*invokevirtual getTimeInSeconds {reexecute=0 rethrow=0 return_oop=0}
                      ; - com.jme3.shader.UniformBindingManager::newFrame@5 (line 271)
                      ; - com.jme3.renderer.RenderManager::render@15 (line 1144)
                      ; - com.jme3.app.SimpleApplication::update@197 (line 272)
                      ; - com.jme3.system.lwjgl.LwjglWindow::runLoop@37 (line 530)
  0x000001e213a07f28: 34c4 64ff 

  0x000001e213a07f2c: ;   {other}
  0x000001e213a07f2c: 0f1f 8400 | 2438 0045 | bae4 ffff | ff48 ff74 | 2448 488f | 4424 2044 | 8954 2438 | 897c 2444 
  0x000001e213a07f4c: 4489 5c24 | 4844 895c | 244c 6690 

  0x000001e213a07f58: ;   {runtime_call UncommonTrapBlob}
  0x000001e213a07f58: c5f8 77e8 

  0x000001e213a07f5c: ; ImmutableOopMap {[32]=Oop [40]=Oop [56]=NarrowOop [68]=NarrowOop }
                      ;*invokestatic checkIndex {reexecute=0 rethrow=0 return_oop=0}
                      ; - java.util.Objects::checkIndex@3 (line 365)
                      ; - java.util.ArrayList::get@5 (line 428)
                      ; - com.jme3.renderer.RenderManager::render@195 (line 1164)
                      ; - com.jme3.app.SimpleApplication::update@197 (line 272)
                      ; - com.jme3.system.lwjgl.LwjglWindow::runLoop@37 (line 530)
  0x000001e213a07f5c: 00c4 64ff 

  0x000001e213a07f60: ;   {other}
  0x000001e213a07f60: 0f1f 8400 | 5838 0046 | bae4 ffff | ff48 8b6c | 2448 4c8b | 4c24 284c | 894c 2420 | c5fa 104c 
  0x000001e213a07f80: 2430 c5f8 | 28c1 c5fa | 1144 242c | 4489 5424 | 3044 8b4c | 243c 4489 | 4c24 3444 | 895c 2438 
  0x000001e213a07fa0: 897c 2444 | 895c 2448 | 4489 4424 | 4c89 5c24 | 5066 6690 

  0x000001e213a07fb4: ;   {runtime_call UncommonTrapBlob}
  0x000001e213a07fb4: c5f8 77e8 

  0x000001e213a07fb8: ; ImmutableOopMap {rbp=Oop [32]=Oop [48]=NarrowOop [68]=NarrowOop [76]=NarrowOop }
                      ;*aaload {reexecute=0 rethrow=0 return_oop=0}
                      ; - java.util.ArrayList::elementData@5 (line 412)
                      ; - java.util.ArrayList::get@11 (line 429)
                      ; - com.jme3.renderer.RenderManager::render@195 (line 1164)
                      ; - com.jme3.app.SimpleApplication::update@197 (line 272)
                      ; - com.jme3.system.lwjgl.LwjglWindow::runLoop@37 (line 530)
  0x000001e213a07fb8: a4c3 64ff 

  0x000001e213a07fbc: ;   {other}
  0x000001e213a07fbc: 0f1f 8400 | b438 0047 | baf6 ffff | ff48 8974 | 2420 c5fa | 104c 2430 | c5fa 114c | 2428 897c 
  0x000001e213a07fdc: 2430 6690 

  0x000001e213a07fe0: ;   {runtime_call UncommonTrapBlob}
  0x000001e213a07fe0: c5f8 77e8 

  0x000001e213a07fe4: ; ImmutableOopMap {[32]=Oop [48]=NarrowOop [72]=Oop }
                      ;*monitorenter {reexecute=0 rethrow=0 return_oop=0}
                      ; - com.jme3.app.state.AppStateManager::getStates@6 (line 126)
                      ; - com.jme3.app.state.AppStateManager::postRender@1 (line 378)
                      ; - com.jme3.app.SimpleApplication::update@212 (line 274)
                      ; - com.jme3.system.lwjgl.LwjglWindow::runLoop@37 (line 530)
  0x000001e213a07fe4: 78c3 64ff 

  0x000001e213a07fe8: ;   {other}
  0x000001e213a07fe8: 0f1f 8400 | e038 0048 | bade ffff | ff66 6690 

  0x000001e213a07ff8: ;   {runtime_call UncommonTrapBlob}
  0x000001e213a07ff8: c5f8 77e8 

  0x000001e213a07ffc: ; ImmutableOopMap {rbp=NarrowOop [72]=Oop }
                      ;*invokeinterface update {reexecute=0 rethrow=0 return_oop=0}
                      ; - com.jme3.system.lwjgl.LwjglWindow::runLoop@37 (line 530)
  0x000001e213a07ffc: 60c3 64ff 

  0x000001e213a08000: ;   {other}
  0x000001e213a08000: 0f1f 8400 | f838 0049 | baec ffff | ff66 6690 

  0x000001e213a08010: ;   {runtime_call UncommonTrapBlob}
  0x000001e213a08010: c5f8 77e8 

  0x000001e213a08014: ; ImmutableOopMap {rbp=NarrowOop [72]=Oop [80]=Oop }
                      ;*ifnull {reexecute=1 rethrow=0 return_oop=0}
                      ; - (reexecute) com.jme3.app.SimpleApplication::update@4 (line 244)
                      ; - com.jme3.system.lwjgl.LwjglWindow::runLoop@37 (line 530)
  0x000001e213a08014: 48c3 64ff 

  0x000001e213a08018: ;   {other}
  0x000001e213a08018: 0f1f 8400 | 1039 004a | bade ffff | ff48 8b6c | 2448 48ff | 7424 5048 | 8f44 2420 | 4889 4424 
  0x000001e213a08038: f88b 4424 | 6089 4424 | 3048 8b44 | 24f8 4489 | 5c24 3490 

  0x000001e213a0804c: ;   {runtime_call UncommonTrapBlob}
  0x000001e213a0804c: c5f8 77e8 

  0x000001e213a08050: ; ImmutableOopMap {rbp=Oop [32]=Oop [48]=NarrowOop [52]=NarrowOop }
                      ;*invokevirtual set {reexecute=0 rethrow=0 return_oop=0}
                      ; - com.jme3.audio.AudioContext::setAudioRenderer@4 (line 44)
                      ; - com.jme3.app.LegacyApplication::update@4 (line 712)
                      ; - com.jme3.app.SimpleApplication::update@20 (line 246)
                      ; - com.jme3.system.lwjgl.LwjglWindow::runLoop@37 (line 530)
  0x000001e213a08050: 0cc3 64ff 

  0x000001e213a08054: ;   {other}
  0x000001e213a08054: 0f1f 8400 | 4c39 004b | bae4 ffff | ff48 8b6c | 2448 48ff | 7424 5048 | 8f44 2420 | 4889 5c24 
  0x000001e213a08074: 3848 895c | 2440 4489 | 5c24 4c48 | 8944 24f8 | 8b44 2460 | 8944 2450 | 488b 4424 | f844 8944 
  0x000001e213a08094: 2474 4489 | 5424 7890 

  0x000001e213a0809c: ;   {runtime_call UncommonTrapBlob}
  0x000001e213a0809c: c5f8 77e8 

  0x000001e213a080a0: ; ImmutableOopMap {rbp=Oop [32]=Oop [56]=Oop [64]=Oop [80]=NarrowOop [88]=Oop [100]=NarrowOop [120]=NarrowOop }
                      ;*aaload {reexecute=0 rethrow=0 return_oop=0}
                      ; - java.lang.ThreadLocal$ThreadLocalMap::set@23 (line 549)
                      ; - java.lang.ThreadLocal::set@13 (line 265)
                      ; - java.lang.ThreadLocal::set@5 (line 251)
                      ; - com.jme3.audio.AudioContext::setAudioRenderer@4 (line 44)
                      ; - com.jme3.app.LegacyApplication::update@4 (line 712)
                      ; - com.jme3.app.SimpleApplication::update@20 (line 246)
                      ; - com.jme3.system.lwjgl.LwjglWindow::runLoop@37 (line 530)
  0x000001e213a080a0: bcc2 64ff 

  0x000001e213a080a4: ;   {other}
  0x000001e213a080a4: 0f1f 8400 | 9c39 004c | baec ffff | ff66 6690 

  0x000001e213a080b4: ;   {runtime_call UncommonTrapBlob}
  0x000001e213a080b4: c5f8 77e8 

  0x000001e213a080b8: ; ImmutableOopMap {rbp=NarrowOop [72]=Oop [80]=Oop }
                      ;*ifnull {reexecute=1 rethrow=0 return_oop=0}
                      ; - (reexecute) com.jme3.app.LegacyApplication::update@11 (line 714)
                      ; - com.jme3.app.SimpleApplication::update@20 (line 246)
                      ; - com.jme3.system.lwjgl.LwjglWindow::runLoop@37 (line 530)
  0x000001e213a080b8: a4c2 64ff 

  0x000001e213a080bc: ;   {other}
  0x000001e213a080bc: 0f1f 8400 | b439 004d | baec ffff | ff66 6690 

  0x000001e213a080cc: ;   {runtime_call UncommonTrapBlob}
  0x000001e213a080cc: c5f8 77e8 

  0x000001e213a080d0: ; ImmutableOopMap {rbp=NarrowOop [72]=Oop [80]=Oop }
                      ;*ifnull {reexecute=1 rethrow=0 return_oop=0}
                      ; - (reexecute) com.jme3.app.LegacyApplication::update@65 (line 723)
                      ; - com.jme3.app.SimpleApplication::update@20 (line 246)
                      ; - com.jme3.system.lwjgl.LwjglWindow::runLoop@37 (line 530)
  0x000001e213a080d0: 8cc2 64ff 

  0x000001e213a080d4: ;   {other}
  0x000001e213a080d4: 0f1f 8400 | cc39 004e | baec ffff | ff66 6690 

  0x000001e213a080e4: ;   {runtime_call UncommonTrapBlob}
  0x000001e213a080e4: c5f8 77e8 

  0x000001e213a080e8: ; ImmutableOopMap {rbp=NarrowOop [72]=Oop [80]=Oop }
                      ;*ifnull {reexecute=1 rethrow=0 return_oop=0}
                      ; - (reexecute) com.jme3.app.LegacyApplication::update@105 (line 728)
                      ; - com.jme3.app.SimpleApplication::update@20 (line 246)
                      ; - com.jme3.system.lwjgl.LwjglWindow::runLoop@37 (line 530)
  0x000001e213a080e8: 74c2 64ff 

  0x000001e213a080ec: ;   {other}
  0x000001e213a080ec: 0f1f 8400 | e439 004f | bade ffff | ff44 894c | 2430 c5fa | 114c 2434 

  0x000001e213a08104: ;   {runtime_call UncommonTrapBlob}
  0x000001e213a08104: c5f8 77e8 

  0x000001e213a08108: ; ImmutableOopMap {[48]=NarrowOop [72]=Oop [80]=Oop }
                      ;*invokeinterface update {reexecute=0 rethrow=0 return_oop=0}
                      ; - com.jme3.app.LegacyApplication::update@131 (line 729)
                      ; - com.jme3.app.SimpleApplication::update@20 (line 246)
                      ; - com.jme3.system.lwjgl.LwjglWindow::runLoop@37 (line 530)
  0x000001e213a08108: 54c2 64ff 

  0x000001e213a0810c: ;   {other}
  0x000001e213a0810c: 0f1f 8400 | 043a 0050 | 4c89 4c24 | 404c 895c | 2438 c5fa | 114c 2430 | 498b d14c | 8d84 24c0 
  0x000001e213a0812c: 0000 0090 

  0x000001e213a08130: ;   {runtime_call _complete_monitor_locking_Java}
  0x000001e213a08130: c5f8 77e8 

  0x000001e213a08134: ; ImmutableOopMap {rbp=NarrowOop [56]=Oop [64]=Oop [72]=Oop [80]=Oop }
                      ;*monitorenter {reexecute=0 rethrow=0 return_oop=0}
                      ; - com.jme3.audio.openal.ALAudioRenderer::update@6 (line 849)
                      ; - com.jme3.app.LegacyApplication::update@131 (line 729)
                      ; - com.jme3.app.SimpleApplication::update@20 (line 246)
                      ; - com.jme3.system.lwjgl.LwjglWindow::runLoop@37 (line 530)
  0x000001e213a08134: 288e 72ff 

  0x000001e213a08138: ;   {other}
  0x000001e213a08138: 0f1f 8400 | 303a 0051 | 4c8b 5424 | 50c5 fa10 | 4c24 304c | 8b5c 2438 | 4c8b 4c24 | 40e9 b9d3 
  0x000001e213a08158: ffff 498b | cb48 8d94 | 24c0 0000 | 004d 8bc7 | c5f8 7749 | ba30 dcab | 57f9 7f00 | 0041 ffd2 
  0x000001e213a08178: ;   {other}
  0x000001e213a08178: 0f1f 8400 | 0000 0000 | e94a d4ff | ffba ecff | ffff 4c89 | 5c24 28c5 | fa11 4424 | 3066 6690 
  0x000001e213a08198: ;   {runtime_call UncommonTrapBlob}
  0x000001e213a08198: c5f8 77e8 

  0x000001e213a0819c: ; ImmutableOopMap {rbp=NarrowOop [40]=Oop [72]=Oop }
                      ;*ifnull {reexecute=1 rethrow=0 return_oop=0}
                      ; - (reexecute) com.jme3.app.SimpleApplication::update@57 (line 254)
                      ; - com.jme3.system.lwjgl.LwjglWindow::runLoop@37 (line 530)
  0x000001e213a0819c: c0c1 64ff 

  0x000001e213a081a0: ;   {other}
  0x000001e213a081a0: 0f1f 8400 | 983a 0052 | baec ffff | ff66 6690 

  0x000001e213a081b0: ;   {runtime_call UncommonTrapBlob}
  0x000001e213a081b0: c5f8 77e8 

  0x000001e213a081b4: ; ImmutableOopMap {rbp=NarrowOop [40]=Oop [72]=Oop }
                      ;*ifnull {reexecute=1 rethrow=0 return_oop=0}
                      ; - (reexecute) com.jme3.app.SimpleApplication::update@89 (line 260)
                      ; - com.jme3.system.lwjgl.LwjglWindow::runLoop@37 (line 530)
  0x000001e213a081b4: a8c1 64ff 

  0x000001e213a081b8: ;   {other}
  0x000001e213a081b8: 0f1f 8400 | b03a 0053 | bade ffff | ff66 6690 

  0x000001e213a081c8: ;   {runtime_call UncommonTrapBlob}
  0x000001e213a081c8: c5f8 77e8 

  0x000001e213a081cc: ; ImmutableOopMap {rbp=NarrowOop [40]=Oop [72]=Oop }
                      ;*invokevirtual updateLogicalState {reexecute=0 rethrow=0 return_oop=0}
                      ; - com.jme3.app.SimpleApplication::update@109 (line 261)
                      ; - com.jme3.system.lwjgl.LwjglWindow::runLoop@37 (line 530)
  0x000001e213a081cc: 90c1 64ff 

  0x000001e213a081d0: ;   {other}
  0x000001e213a081d0: 0f1f 8400 | c83a 0054 | bade ffff | ff66 6690 

  0x000001e213a081e0: ;   {runtime_call UncommonTrapBlob}
  0x000001e213a081e0: c5f8 77e8 

  0x000001e213a081e4: ; ImmutableOopMap {rbp=NarrowOop [40]=Oop [72]=Oop }
                      ;*invokevirtual updateLogicalState {reexecute=0 rethrow=0 return_oop=0}
                      ; - com.jme3.app.SimpleApplication::update@117 (line 262)
                      ; - com.jme3.system.lwjgl.LwjglWindow::runLoop@37 (line 530)
  0x000001e213a081e4: 78c1 64ff 

  0x000001e213a081e8: ;   {other}
  0x000001e213a081e8: 0f1f 8400 | e03a 0055 | baec ffff | ff66 6690 

  0x000001e213a081f8: ;   {runtime_call UncommonTrapBlob}
  0x000001e213a081f8: c5f8 77e8 

  0x000001e213a081fc: ; ImmutableOopMap {rbp=NarrowOop [40]=Oop [72]=Oop }
                      ;*ifnull {reexecute=1 rethrow=0 return_oop=0}
                      ; - (reexecute) com.jme3.app.SimpleApplication::update@138 (line 268)
                      ; - com.jme3.system.lwjgl.LwjglWindow::runLoop@37 (line 530)
  0x000001e213a081fc: 60c1 64ff 

  0x000001e213a08200: ;   {other}
  0x000001e213a08200: 0f1f 8400 | f83a 0056 | 4c89 6c24 | 404c 895c | 2438 4489 | 5424 3489 | 7c24 2c44 | 8974 2428 
  0x000001e213a08220: 488b ee49 | 8bd3 4c8d | 8424 c000 | 0000 6690 

  0x000001e213a08230: ;   {runtime_call _complete_monitor_locking_Java}
  0x000001e213a08230: c5f8 77e8 

  0x000001e213a08234: ; ImmutableOopMap {rbp=Oop [40]=NarrowOop [44]=NarrowOop [52]=NarrowOop [56]=Oop [64]=Oop [72]=Oop }
                      ;*monitorenter {reexecute=0 rethrow=0 return_oop=0}
                      ; - com.jme3.app.state.AppStateManager::getStates@6 (line 126)
                      ; - com.jme3.app.state.AppStateManager::render@1 (line 366)
                      ; - com.jme3.app.SimpleApplication::update@161 (line 269)
                      ; - com.jme3.system.lwjgl.LwjglWindow::runLoop@37 (line 530)
  0x000001e213a08234: 288d 72ff 

  0x000001e213a08238: ;   {other}
  0x000001e213a08238: 0f1f 8400 | 303b 0057 | 488b f544 | 8b74 2428 | 8b7c 242c | 448b 5424 | 344c 8b5c | 2438 4c8b 
  0x000001e213a08258: 6c24 40e9 | 9cd6 ffff | 498b cb48 | 8d94 24c0 | 0000 004d | 8bc7 c5f8 | 7749 ba30 | dcab 57f9 
  0x000001e213a08278: 7f00 0041 

  0x000001e213a0827c: ;   {other}
  0x000001e213a0827c: ffd2 0f1f | 8400 0000 | 0000 e91f | d7ff ffba | ecff ffff | 4889 7424 | 2866 6690 

  0x000001e213a08298: ;   {runtime_call UncommonTrapBlob}
  0x000001e213a08298: c5f8 77e8 

  0x000001e213a0829c: ; ImmutableOopMap {rbp=NarrowOop [40]=Oop [72]=Oop }
                      ;*ifnull {reexecute=1 rethrow=0 return_oop=0}
                      ; - (reexecute) com.jme3.app.SimpleApplication::update@168 (line 271)
                      ; - com.jme3.system.lwjgl.LwjglWindow::runLoop@37 (line 530)
  0x000001e213a0829c: c0c0 64ff 

  0x000001e213a082a0: ;   {other}
  0x000001e213a082a0: 0f1f 8400 | 983b 0058 | bade ffff | ff48 8974 | 2428 4489 | 5c24 3890 

  0x000001e213a082b8: ;   {runtime_call UncommonTrapBlob}
  0x000001e213a082b8: c5f8 77e8 

  0x000001e213a082bc: ; ImmutableOopMap {rbp=NarrowOop [40]=Oop [56]=NarrowOop [72]=Oop }
                      ;*invokeinterface isRenderable {reexecute=0 rethrow=0 return_oop=0}
                      ; - com.jme3.app.SimpleApplication::update@192 (line 272)
                      ; - com.jme3.system.lwjgl.LwjglWindow::runLoop@37 (line 530)
  0x000001e213a082bc: a0c0 64ff 

  0x000001e213a082c0: ;   {other}
  0x000001e213a082c0: 0f1f 8400 | b83b 0059 | baec ffff | ff44 8954 | 2438 6690 

  0x000001e213a082d4: ;   {runtime_call UncommonTrapBlob}
  0x000001e213a082d4: c5f8 77e8 

  0x000001e213a082d8: ; ImmutableOopMap {rbp=NarrowOop [40]=Oop [56]=NarrowOop [72]=Oop }
                      ;*ifnull {reexecute=1 rethrow=0 return_oop=0}
                      ; - (reexecute) com.jme3.renderer.RenderManager::render@22 (line 1146)
                      ; - com.jme3.app.SimpleApplication::update@197 (line 272)
                      ; - com.jme3.system.lwjgl.LwjglWindow::runLoop@37 (line 530)
  0x000001e213a082d8: 84c0 64ff 

  0x000001e213a082dc: ;   {other}
  0x000001e213a082dc: 0f1f 8400 | d43b 005a | ba45 ffff | ff48 ff74 | 2448 488f | 4424 2044 | 8954 2438 | 894c 2440 
  0x000001e213a082fc: 4c89 5c24 | 4866 6690 

  0x000001e213a08304: ;   {runtime_call UncommonTrapBlob}
  0x000001e213a08304: c5f8 77e8 

  0x000001e213a08308: ; ImmutableOopMap {rbp=NarrowOop [32]=Oop [40]=Oop [56]=NarrowOop [72]=Oop }
                      ;*ifnonnull {reexecute=1 rethrow=0 return_oop=0}
                      ; - (reexecute) com.jme3.renderer.RenderManager::render@138 (line 1157)
                      ; - com.jme3.app.SimpleApplication::update@197 (line 272)
                      ; - com.jme3.system.lwjgl.LwjglWindow::runLoop@37 (line 530)
  0x000001e213a08308: 54c0 64ff 

  0x000001e213a0830c: ;   {other}
  0x000001e213a0830c: 0f1f 8400 | 043c 005b | bacc ffff | ff48 ff74 | 2448 488f | 4424 2044 | 8954 2438 | 897c 2444 
  0x000001e213a0832c: 4489 5c24 | 4844 895c | 244c 6690 

  0x000001e213a08338: ;   {runtime_call UncommonTrapBlob}
  0x000001e213a08338: c5f8 77e8 

  0x000001e213a0833c: ; ImmutableOopMap {[32]=Oop [40]=Oop [56]=NarrowOop [68]=NarrowOop }
                      ;*invokestatic checkIndex {reexecute=0 rethrow=0 return_oop=0}
                      ; - java.util.Objects::checkIndex@3 (line 365)
                      ; - java.util.ArrayList::get@5 (line 428)
                      ; - com.jme3.renderer.RenderManager::render@195 (line 1164)
                      ; - com.jme3.app.SimpleApplication::update@197 (line 272)
                      ; - com.jme3.system.lwjgl.LwjglWindow::runLoop@37 (line 530)
  0x000001e213a0833c: 20c0 64ff 

  0x000001e213a08340: ;   {other}
  0x000001e213a08340: 0f1f 8400 | 383c 005c | 4c89 4c24 | 404c 896c | 2438 4489 | 5c24 2c89 | 7c24 2848 | 8bee 498b 
  0x000001e213a08360: d14c 8d84 | 24c0 0000 | 0066 6690 

  0x000001e213a0836c: ;   {runtime_call _complete_monitor_locking_Java}
  0x000001e213a0836c: c5f8 77e8 

  0x000001e213a08370: ; ImmutableOopMap {rbp=Oop [40]=NarrowOop [44]=NarrowOop [56]=Oop [64]=Oop [72]=Oop }
                      ;*monitorenter {reexecute=0 rethrow=0 return_oop=0}
                      ; - com.jme3.app.state.AppStateManager::getStates@6 (line 126)
                      ; - com.jme3.app.state.AppStateManager::postRender@1 (line 378)
                      ; - com.jme3.app.SimpleApplication::update@212 (line 274)
                      ; - com.jme3.system.lwjgl.LwjglWindow::runLoop@37 (line 530)
  0x000001e213a08370: ec8b 72ff 

  0x000001e213a08374: ;   {other}
  0x000001e213a08374: 0f1f 8400 | 6c3c 005d | 488b f58b | 7c24 2844 | 8b5c 242c | 4c8b 6c24 | 384c 8b4c | 2440 e922 
  0x000001e213a08394: dbff ff49 | 8bc9 488d | 9424 c000 | 0000 4d8b | c7c5 f877 | 49ba 30dc | ab57 f97f | 0000 41ff 
  0x000001e213a083b4: ;   {other}
  0x000001e213a083b4: d20f 1f84 | 0000 0000 | 00e9 a5db | ffff baec | ffff ff48 | 8974 2428 

  0x000001e213a083cc: ;   {runtime_call UncommonTrapBlob}
  0x000001e213a083cc: c5f8 77e8 

  0x000001e213a083d0: ; ImmutableOopMap {rbp=NarrowOop [40]=Oop [72]=Oop }
                      ;*ifnull {reexecute=1 rethrow=0 return_oop=0}
                      ; - (reexecute) com.jme3.app.SimpleApplication::update@219 (line 276)
                      ; - com.jme3.system.lwjgl.LwjglWindow::runLoop@37 (line 530)
  0x000001e213a083d0: 8cbf 64ff 

  0x000001e213a083d4: ;   {other}
  0x000001e213a083d4: 0f1f 8400 | cc3c 005e | bade ffff | ff66 6690 

  0x000001e213a083e4: ;   {runtime_call UncommonTrapBlob}
  0x000001e213a083e4: c5f8 77e8 

  0x000001e213a083e8: ; ImmutableOopMap {rbp=NarrowOop [72]=Oop }
                      ;*invokeinterface postFrame {reexecute=0 rethrow=0 return_oop=0}
                      ; - com.jme3.system.lwjgl.LwjglWindow::runLoop@100 (line 549)
  0x000001e213a083e8: 74bf 64ff 

  0x000001e213a083ec: ;   {other}
  0x000001e213a083ec: 0f1f 8400 | e43c 005f | ba45 ffff | ff89 4c24 | 284c 8954 | 2430 6690 

  0x000001e213a08404: ;   {runtime_call UncommonTrapBlob}
  0x000001e213a08404: c5f8 77e8 

  0x000001e213a08408: ; ImmutableOopMap {[40]=NarrowOop [48]=Oop [72]=Oop }
                      ;*ifne {reexecute=1 rethrow=0 return_oop=0}
                      ; - (reexecute) com.jme3.util.NativeObjectManager::deleteUnused@15 (line 175)
                      ; - com.jme3.renderer.opengl.GLRenderer::postFrame@5 (line 1117)
                      ; - com.jme3.system.lwjgl.LwjglWindow::runLoop@100 (line 549)
  0x000001e213a08408: 54bf 64ff 

  0x000001e213a0840c: ;   {other}
  0x000001e213a0840c: 0f1f 8400 | 043d 0060 | bade ffff | ff89 4c24 | 304c 8954 | 2438 6690 

  0x000001e213a08424: ;   {runtime_call UncommonTrapBlob}
  0x000001e213a08424: c5f8 77e8 

  0x000001e213a08428: ; ImmutableOopMap {rbp=NarrowOop [48]=NarrowOop [56]=Oop [72]=Oop }
                      ;*invokevirtual poll {reexecute=0 rethrow=0 return_oop=0}
                      ; - com.jme3.util.NativeObjectManager::deleteUnused@54 (line 183)
                      ; - com.jme3.renderer.opengl.GLRenderer::postFrame@5 (line 1117)
                      ; - com.jme3.system.lwjgl.LwjglWindow::runLoop@100 (line 549)
  0x000001e213a08428: 34bf 64ff 

  0x000001e213a0842c: ;   {other}
  0x000001e213a0842c: 0f1f 8400 | 243d 0061 | bade ffff | ff4c 8954 | 2428 6690 

  0x000001e213a08440: ;   {runtime_call UncommonTrapBlob}
  0x000001e213a08440: c5f8 77e8 

  0x000001e213a08444: ; ImmutableOopMap {rbp=NarrowOop [40]=Oop [72]=Oop }
                      ;*invokeinterface resetStats {reexecute=0 rethrow=0 return_oop=0}
                      ; - com.jme3.renderer.opengl.GLRenderer::postFrame@18 (line 1119)
                      ; - com.jme3.system.lwjgl.LwjglWindow::runLoop@100 (line 549)
  0x000001e213a08444: 18bf 64ff 

  0x000001e213a08448: ;   {other}
  0x000001e213a08448: 0f1f 8400 | 403d 0062 | ba76 ffff | ff48 8b6c | 2448 4889 | 7424 20c5 | fa10 4424 | 30c5 fa11 
  0x000001e213a08468: 4424 2844 | 8974 242c | 4c89 5c24 | 3844 8954 | 2444 897c | 2448 6690 

  0x000001e213a08480: ;   {runtime_call UncommonTrapBlob}
  0x000001e213a08480: c5f8 77e8 

  0x000001e213a08484: ; ImmutableOopMap {rbp=Oop [32]=Oop [44]=NarrowOop [56]=Oop [72]=NarrowOop }
                      ;*if_icmpge {reexecute=1 rethrow=0 return_oop=0}
                      ; - (reexecute) com.jme3.app.state.AppStateManager::render@18 (line 367)
                      ; - com.jme3.app.SimpleApplication::update@161 (line 269)
                      ; - com.jme3.system.lwjgl.LwjglWindow::runLoop@37 (line 530)
  0x000001e213a08484: d8be 64ff 

  0x000001e213a08488: ;   {other}
  0x000001e213a08488: 0f1f 8400 | 803d 0063 | ba76 ffff | ff48 8974 | 2420 c5fa | 104c 2430 | c5fa 114c | 2428 4c89 
  0x000001e213a084a8: 5c24 3844 | 8954 2440 | 897c 2444 

  0x000001e213a084b4: ;   {runtime_call UncommonTrapBlob}
  0x000001e213a084b4: c5f8 77e8 

  0x000001e213a084b8: ; ImmutableOopMap {[32]=Oop [56]=Oop [68]=NarrowOop [72]=Oop }
                      ;*if_icmpge {reexecute=1 rethrow=0 return_oop=0}
                      ; - (reexecute) com.jme3.app.state.AppStateManager::postRender@16 (line 379)
                      ; - com.jme3.app.SimpleApplication::update@212 (line 274)
                      ; - com.jme3.system.lwjgl.LwjglWindow::runLoop@37 (line 530)
  0x000001e213a084b8: a4be 64ff 

  0x000001e213a084bc: ;   {other}
  0x000001e213a084bc: 0f1f 8400 | b43d 0064 | ba76 ffff | ff44 8954 | 2438 6690 

  0x000001e213a084d0: ;   {runtime_call UncommonTrapBlob}
  0x000001e213a084d0: c5f8 77e8 

  0x000001e213a084d4: ; ImmutableOopMap {[40]=Oop [56]=NarrowOop [72]=Oop }
                      ;*if_icmpge {reexecute=1 rethrow=0 return_oop=0}
                      ; - (reexecute) com.jme3.renderer.RenderManager::render@117 (line 1155)
                      ; - com.jme3.app.SimpleApplication::update@197 (line 272)
                      ; - com.jme3.system.lwjgl.LwjglWindow::runLoop@37 (line 530)
  0x000001e213a084d4: 88be 64ff 

  0x000001e213a084d8: ;   {other}
  0x000001e213a084d8: 0f1f 8400 | d03d 0065 | baec ffff | ff44 8954 | 2438 4489 | 4c24 4090 

  0x000001e213a084f0: ;   {runtime_call UncommonTrapBlob}
  0x000001e213a084f0: c5f8 77e8 

  0x000001e213a084f4: ; ImmutableOopMap {rbp=NarrowOop [40]=Oop [56]=NarrowOop [72]=Oop }
                      ;*ifnull {reexecute=1 rethrow=0 return_oop=0}
                      ; - (reexecute) com.jme3.renderer.RenderManager::render@162 (line 1162)
                      ; - com.jme3.app.SimpleApplication::update@197 (line 272)
                      ; - com.jme3.system.lwjgl.LwjglWindow::runLoop@37 (line 530)
  0x000001e213a084f4: 68be 64ff 

  0x000001e213a084f8: ;   {other}
  0x000001e213a084f8: 0f1f 8400 | f03d 0066 | ba76 ffff | ff44 8954 | 2438 6690 

  0x000001e213a0850c: ;   {runtime_call UncommonTrapBlob}
  0x000001e213a0850c: c5f8 77e8 

  0x000001e213a08510: ; ImmutableOopMap {[40]=Oop [56]=NarrowOop [72]=Oop }
                      ;*if_icmpge {reexecute=1 rethrow=0 return_oop=0}
                      ; - (reexecute) com.jme3.renderer.RenderManager::render@187 (line 1163)
                      ; - com.jme3.app.SimpleApplication::update@197 (line 272)
                      ; - com.jme3.system.lwjgl.LwjglWindow::runLoop@37 (line 530)
  0x000001e213a08510: 4cbe 64ff 

  0x000001e213a08514: ;   {other}
  0x000001e213a08514: 0f1f 8400 | 0c3e 0067 | 498b f941 | 8bda 498b | d7c5 f877 | 49ba e007 | 6957 f97f | 0000 41ff 
  0x000001e213a08534: ;   {other}
  0x000001e213a08534: d20f 1f84 | 0000 0000 | 0044 8bd3 | 4c8b cfe9 | 52d6 ffff | 488b fb41 | 8bda 498b | d7c5 f877 
  0x000001e213a08554: 49ba e007 | 6957 f97f | 0000 41ff 

  0x000001e213a08560: ;   {other}
  0x000001e213a08560: d20f 1f84 | 0000 0000 | 0044 8bd3 | 488b dfe9 | b6d6 ffff | ba45 ffff | ff48 ff74 | 2448 488f 
  0x000001e213a08580: 4424 2044 | 8954 2438 | 895c 2440 | 4c89 5c24 | 4866 6690 

  0x000001e213a08594: ;   {runtime_call UncommonTrapBlob}
  0x000001e213a08594: c5f8 77e8 

  0x000001e213a08598: ; ImmutableOopMap {rbp=NarrowOop [32]=Oop [40]=Oop [56]=NarrowOop [72]=Oop }
                      ;*ifnonnull {reexecute=1 rethrow=0 return_oop=0}
                      ; - (reexecute) com.jme3.renderer.RenderManager::render@208 (line 1165)
                      ; - com.jme3.app.SimpleApplication::update@197 (line 272)
                      ; - com.jme3.system.lwjgl.LwjglWindow::runLoop@37 (line 530)
  0x000001e213a08598: c4bd 64ff 

  0x000001e213a0859c: ;   {other}
  0x000001e213a0859c: 0f1f 8400 | 943e 0068 | 33ed 4585 | c040 0f94 | c5ba 45ff | ffff 4c89 | 5424 2890 

  0x000001e213a085b8: ;   {runtime_call UncommonTrapBlob}
  0x000001e213a085b8: c5f8 77e8 

  0x000001e213a085bc: ; ImmutableOopMap {[40]=Oop [72]=Oop }
                      ;*ifeq {reexecute=1 rethrow=0 return_oop=0}
                      ; - (reexecute) com.jme3.opencl.OpenCLObjectManager::deleteUnusedObjects@7 (line 83)
                      ; - com.jme3.renderer.opengl.GLRenderer::postFrame@11 (line 1118)
                      ; - com.jme3.system.lwjgl.LwjglWindow::runLoop@100 (line 549)
  0x000001e213a085bc: a0bd 64ff 

  0x000001e213a085c0: ;   {other}
  0x000001e213a085c0: 0f1f 8400 | b83e 0069 | ba45 ffff | ff44 895c | 2420 4489 | 4424 2844 | 8944 242c | 894c 2434 
  0x000001e213a085e0: 4489 4c24 | 3c66 6690 

  0x000001e213a085e8: ;   {runtime_call UncommonTrapBlob}
  0x000001e213a085e8: c5f8 77e8 

  0x000001e213a085ec: ; ImmutableOopMap {[40]=NarrowOop [44]=NarrowOop [52]=NarrowOop [72]=Oop }
                      ;*ifle {reexecute=1 rethrow=0 return_oop=0}
                      ; - (reexecute) java.util.HashMap::getNode@14 (line 576)
                      ; - java.util.HashMap::get@2 (line 565)
                      ; - com.jme3.system.AppSettings::getInteger@2 (line 485)
                      ; - com.jme3.system.AppSettings::getFrameRate@3 (line 917)
                      ; - com.jme3.system.lwjgl.LwjglWindow::runLoop@120 (line 553)
  0x000001e213a085ec: 70bd 64ff 

  0x000001e213a085f0: ;   {other}
  0x000001e213a085f0: 0f1f 8400 | e83e 006a | 33ed 4585 | c040 0f95 | c5ba 45ff | ffff 6690 

  0x000001e213a08608: ;   {runtime_call UncommonTrapBlob}
  0x000001e213a08608: c5f8 77e8 

  0x000001e213a0860c: ; ImmutableOopMap {[72]=Oop }
                      ;*ifeq {reexecute=1 rethrow=0 return_oop=0}
                      ; - (reexecute) com.jme3.system.lwjgl.LwjglWindow::runLoop@8 (line 522)
  0x000001e213a0860c: 50bd 64ff 

  0x000001e213a08610: ;   {other}
  0x000001e213a08610: 0f1f 8400 | 083f 006b | 33ed 4585 | d240 0f95 | c5ba 45ff | ffff 6690 

  0x000001e213a08628: ;   {runtime_call UncommonTrapBlob}
  0x000001e213a08628: c5f8 77e8 

  0x000001e213a0862c: ; ImmutableOopMap {[72]=Oop }
                      ;*ifne {reexecute=1 rethrow=0 return_oop=0}
                      ; - (reexecute) com.jme3.system.lwjgl.LwjglWindow::runLoop@22 (line 526)
  0x000001e213a0862c: 30bd 64ff 

  0x000001e213a08630: ;   {other}
  0x000001e213a08630: 0f1f 8400 | 283f 006c 

  0x000001e213a08638: ;   {section_word}
  0x000001e213a08638: c5f8 2e05 | a0c7 ffff | bdff ffff | ff0f 8a0e | 0000 000f | 8208 0000 | 0040 0f95 | c540 0fb6 
  0x000001e213a08658: edba 45ff | ffff 6690 

  0x000001e213a08660: ;   {runtime_call UncommonTrapBlob}
  0x000001e213a08660: c5f8 77e8 

  0x000001e213a08664: ; ImmutableOopMap {[72]=Oop [80]=Oop }
                      ;*ifeq {reexecute=1 rethrow=0 return_oop=0}
                      ; - (reexecute) com.jme3.app.LegacyApplication::update@36 (line 717)
                      ; - com.jme3.app.SimpleApplication::update@20 (line 246)
                      ; - com.jme3.system.lwjgl.LwjglWindow::runLoop@37 (line 530)
  0x000001e213a08664: f8bc 64ff 

  0x000001e213a08668: ;   {other}
  0x000001e213a08668: 0f1f 8400 | 603f 006d | ba45 ffff | ff66 6690 

  0x000001e213a08678: ;   {runtime_call UncommonTrapBlob}
  0x000001e213a08678: c5f8 77e8 

  0x000001e213a0867c: ; ImmutableOopMap {[72]=Oop [80]=Oop }
                      ;*ifeq {reexecute=1 rethrow=0 return_oop=0}
                      ; - (reexecute) com.jme3.app.LegacyApplication::update@43 (line 717)
                      ; - com.jme3.app.SimpleApplication::update@20 (line 246)
                      ; - com.jme3.system.lwjgl.LwjglWindow::runLoop@37 (line 530)
  0x000001e213a0867c: e0bc 64ff 

  0x000001e213a08680: ;   {other}
  0x000001e213a08680: 0f1f 8400 | 783f 006e | ba45 ffff | ff66 6690 

  0x000001e213a08690: ;   {runtime_call UncommonTrapBlob}
  0x000001e213a08690: c5f8 77e8 

  0x000001e213a08694: ; ImmutableOopMap {[72]=Oop [80]=Oop }
                      ;*ifeq {reexecute=1 rethrow=0 return_oop=0}
                      ; - (reexecute) com.jme3.app.LegacyApplication::update@58 (line 722)
                      ; - com.jme3.app.SimpleApplication::update@20 (line 246)
                      ; - com.jme3.system.lwjgl.LwjglWindow::runLoop@37 (line 530)
  0x000001e213a08694: c8bc 64ff 

  0x000001e213a08698: ;   {other}
  0x000001e213a08698: 0f1f 8400 | 903f 006f 

  0x000001e213a086a0: ;   {section_word}
  0x000001e213a086a0: c5f8 2e0d | 38c7 ffff | bdff ffff | ff0f 8a0e | 0000 000f | 8208 0000 | 0040 0f95 | c540 0fb6 
  0x000001e213a086c0: edba 45ff | ffff 6690 

  0x000001e213a086c8: ;   {runtime_call UncommonTrapBlob}
  0x000001e213a086c8: c5f8 77e8 

  0x000001e213a086cc: ; ImmutableOopMap {[48]=Oop [72]=Oop }
                      ;*ifeq {reexecute=1 rethrow=0 return_oop=0}
                      ; - (reexecute) com.jme3.app.SimpleApplication::update@29 (line 247)
                      ; - com.jme3.system.lwjgl.LwjglWindow::runLoop@37 (line 530)
  0x000001e213a086cc: 90bc 64ff 

  0x000001e213a086d0: ;   {other}
  0x000001e213a086d0: 0f1f 8400 | c83f 0070 | ba45 ffff | ff66 6690 

  0x000001e213a086e0: ;   {runtime_call UncommonTrapBlob}
  0x000001e213a086e0: c5f8 77e8 

  0x000001e213a086e4: ; ImmutableOopMap {[48]=Oop [72]=Oop }
                      ;*ifeq {reexecute=1 rethrow=0 return_oop=0}
                      ; - (reexecute) com.jme3.app.SimpleApplication::update@36 (line 247)
                      ; - com.jme3.system.lwjgl.LwjglWindow::runLoop@37 (line 530)
  0x000001e213a086e4: 78bc 64ff 

  0x000001e213a086e8: ;   {other}
  0x000001e213a086e8: 0f1f 8400 | e03f 0071 | ba45 ffff | ff44 8954 | 2438 6690 

  0x000001e213a086fc: ;   {runtime_call UncommonTrapBlob}
  0x000001e213a086fc: c5f8 77e8 

  0x000001e213a08700: ; ImmutableOopMap {[40]=Oop [56]=NarrowOop [72]=Oop }
                      ;*if_icmpge {reexecute=1 rethrow=0 return_oop=0}
                      ; - (reexecute) com.jme3.renderer.RenderManager::render@47 (line 1147)
                      ; - com.jme3.app.SimpleApplication::update@197 (line 272)
                      ; - com.jme3.system.lwjgl.LwjglWindow::runLoop@37 (line 530)
  0x000001e213a08700: 5cbc 64ff 

  0x000001e213a08704: ;   {other}
  0x000001e213a08704: 0f1f 8400 | fc3f 0072 | 33ed 4585 | d240 0f95 | c5ba 45ff | ffff 6690 

  0x000001e213a0871c: ;   {runtime_call UncommonTrapBlob}
  0x000001e213a0871c: c5f8 77e8 

  0x000001e213a08720: ; ImmutableOopMap {[72]=Oop }
                      ;*ifeq {reexecute=1 rethrow=0 return_oop=0}
                      ; - (reexecute) com.jme3.system.lwjgl.LwjglWindow::runLoop@49 (line 535)
  0x000001e213a08720: 3cbc 64ff 

  0x000001e213a08724: ;   {other}
  0x000001e213a08724: 0f1f 8400 | 1c40 0073 | ba45 ffff | ff66 6690 

  0x000001e213a08734: ;   {runtime_call UncommonTrapBlob}
  0x000001e213a08734: c5f8 77e8 

  0x000001e213a08738: ; ImmutableOopMap {[72]=Oop }
                      ;*ifeq {reexecute=1 rethrow=0 return_oop=0}
                      ; - (reexecute) com.jme3.system.lwjgl.LwjglWindow::runLoop@56 (line 538)
  0x000001e213a08738: 24bc 64ff 

  0x000001e213a0873c: ;   {other}
  0x000001e213a0873c: 0f1f 8400 | 3440 0074 | ba45 ffff | ff66 6690 

  0x000001e213a0874c: ;   {runtime_call UncommonTrapBlob}
  0x000001e213a0874c: c5f8 77e8 

  0x000001e213a08750: ; ImmutableOopMap {[72]=Oop }
                      ;*ifeq {reexecute=1 rethrow=0 return_oop=0}
                      ; - (reexecute) com.jme3.system.lwjgl.LwjglWindow::runLoop@63 (line 538)
  0x000001e213a08750: 0cbc 64ff 

  0x000001e213a08754: ;   {other}
  0x000001e213a08754: 0f1f 8400 | 4c40 0075 | ba45 ffff | ff45 33d2 | 4d3b dabd | ffff ffff | 7c08 400f | 95c5 400f 
  0x000001e213a08774: b6ed 4c89 | 5c24 3090 

  0x000001e213a0877c: ;   {runtime_call UncommonTrapBlob}
  0x000001e213a0877c: c5f8 77e8 

  0x000001e213a08780: ; ImmutableOopMap {[72]=Oop }
                      ;*ifne {reexecute=1 rethrow=0 return_oop=0}
                      ; - (reexecute) org.lwjgl.system.Checks::check@3 (line 99)
                      ; - org.lwjgl.glfw.GLFW::glfwSwapBuffers@11 (line 4563)
                      ; - com.jme3.system.lwjgl.LwjglWindow::runLoop@70 (line 539)
  0x000001e213a08780: dcbb 64ff 

  0x000001e213a08784: ;   {other}
  0x000001e213a08784: 0f1f 8400 | 7c40 0076 | ba45 ffff | ff66 6690 

  0x000001e213a08794: ;   {runtime_call UncommonTrapBlob}
  0x000001e213a08794: c5f8 77e8 

  0x000001e213a08798: ; ImmutableOopMap {[72]=Oop }
                      ;*ifeq {reexecute=1 rethrow=0 return_oop=0}
                      ; - (reexecute) com.jme3.system.lwjgl.LwjglWindow::runLoop@109 (line 552)
  0x000001e213a08798: c4bb 64ff 

  0x000001e213a0879c: ;   {other}
  0x000001e213a0879c: 0f1f 8400 | 9440 0077 | ba45 ffff | ff44 895c | 2428 6690 

  0x000001e213a087b0: ;   {runtime_call UncommonTrapBlob}
  0x000001e213a087b0: c5f8 77e8 

  0x000001e213a087b4: ; ImmutableOopMap {[72]=Oop }
                      ;*if_icmpeq {reexecute=1 rethrow=0 return_oop=0}
                      ; - (reexecute) com.jme3.system.lwjgl.LwjglWindow::runLoop@123 (line 553)
  0x000001e213a087b4: a8bb 64ff 

  0x000001e213a087b8: ;   {other}
  0x000001e213a087b8: 0f1f 8400 | b040 0078 | ba45 ffff | ff66 6690 

  0x000001e213a087c8: ;   {runtime_call UncommonTrapBlob}
  0x000001e213a087c8: c5f8 77e8 

  0x000001e213a087cc: ; ImmutableOopMap {[72]=Oop }
                      ;*ifle {reexecute=1 rethrow=0 return_oop=0}
                      ; - (reexecute) com.jme3.system.lwjgl.LwjglWindow::runLoop@159 (line 563)
  0x000001e213a087cc: 90bb 64ff 

  0x000001e213a087d0: ;   {other}
  0x000001e213a087d0: 0f1f 8400 | c840 0079 | ba76 ffff | ff48 8b6c | 2448 48ff | 7424 2848 | 8f44 2420 | c5fa 104c 
  0x000001e213a087f0: 2430 c5f8 | 28c1 c5fa | 1144 242c | 48ff 7424 | 5048 8f44 | 2440 48ff | 7424 5048 | 8f44 2448 
  0x000001e213a08810: 4c89 4424 | 5044 895c | 245c 6690 

  0x000001e213a0881c: ;   {runtime_call UncommonTrapBlob}
  0x000001e213a0881c: c5f8 77e8 

  0x000001e213a08820: ; ImmutableOopMap {rbp=Oop [32]=Oop [64]=Oop [72]=Oop [80]=Oop }
                      ;*if_icmpge {reexecute=1 rethrow=0 return_oop=0}
                      ; - (reexecute) com.jme3.scene.Spatial::runControlUpdate@31 (line 736)
                      ; - com.jme3.scene.Spatial::updateLogicalState@2 (line 880)
                      ; - com.jme3.scene.Node::updateLogicalState@2 (line 231)
                      ; - com.jme3.app.SimpleApplication::update@109 (line 261)
                      ; - com.jme3.system.lwjgl.LwjglWindow::runLoop@37 (line 530)
  0x000001e213a08820: 3cbb 64ff 

  0x000001e213a08824: ;   {other}
  0x000001e213a08824: 0f1f 8400 | 1c41 007a | ba76 ffff | ff48 8b6c | 2448 48ff | 7424 2848 | 8f44 2420 | c5fa 104c 
  0x000001e213a08844: 2430 c5f8 | 28c1 c5fa | 1144 242c | 48ff 7424 | 5048 8f44 | 2440 48ff | 7424 5048 | 8f44 2448 
  0x000001e213a08864: 4c89 4424 | 5044 8954 | 245c 6690 

  0x000001e213a08870: ;   {runtime_call UncommonTrapBlob}
  0x000001e213a08870: c5f8 77e8 

  0x000001e213a08874: ; ImmutableOopMap {rbp=Oop [32]=Oop [64]=Oop [72]=Oop [80]=Oop }
                      ;*if_icmpge {reexecute=1 rethrow=0 return_oop=0}
                      ; - (reexecute) com.jme3.scene.Spatial::runControlUpdate@31 (line 736)
                      ; - com.jme3.scene.Spatial::updateLogicalState@2 (line 880)
                      ; - com.jme3.scene.Node::updateLogicalState@2 (line 231)
                      ; - com.jme3.app.SimpleApplication::update@117 (line 262)
                      ; - com.jme3.system.lwjgl.LwjglWindow::runLoop@37 (line 530)
  0x000001e213a08874: e8ba 64ff 

  0x000001e213a08878: ;   {other}
  0x000001e213a08878: 0f1f 8400 | 7041 007b | baf4 ffff | ff44 895c | 2420 4489 | 4424 2890 

  0x000001e213a08890: ;   {runtime_call UncommonTrapBlob}
  0x000001e213a08890: c5f8 77e8 

  0x000001e213a08894: ; ImmutableOopMap {[40]=NarrowOop [72]=Oop }
                      ;*checkcast {reexecute=0 rethrow=0 return_oop=0}
                      ; - com.jme3.system.AppSettings::getInteger@5 (line 485)
                      ; - com.jme3.system.AppSettings::getFrameRate@3 (line 917)
                      ; - com.jme3.system.lwjgl.LwjglWindow::runLoop@120 (line 553)
  0x000001e213a08894: c8ba 64ff 

  0x000001e213a08898: ;   {other}
  0x000001e213a08898: 0f1f 8400 | 9041 007c | ba45 ffff | ff48 ff74 | 2448 488f | 4424 2044 | 895c 2428 | 4489 4424 
  0x000001e213a088b8: 3044 8944 | 2434 894c | 243c 4489 | 6c24 4044 | 894c 2444 | 8974 2448 

  0x000001e213a088d0: ;   {runtime_call UncommonTrapBlob}
  0x000001e213a088d0: c5f8 77e8 

  0x000001e213a088d4: ; ImmutableOopMap {rbp=NarrowOop [32]=Oop [48]=NarrowOop [52]=NarrowOop [60]=NarrowOop [64]=NarrowOop }
                      ;*ifeq {reexecute=1 rethrow=0 return_oop=0}
                      ; - (reexecute) java.util.HashMap::getNode@85 (line 582)
                      ; - java.util.HashMap::get@2 (line 565)
                      ; - com.jme3.system.AppSettings::getInteger@2 (line 485)
                      ; - com.jme3.system.AppSettings::getFrameRate@3 (line 917)
                      ; - com.jme3.system.lwjgl.LwjglWindow::runLoop@120 (line 553)
  0x000001e213a088d4: 88ba 64ff 

  0x000001e213a088d8: ;   {other}
  0x000001e213a088d8: 0f1f 8400 | d041 007d | 498b d7c5 | f877 49ba | e007 6957 | f97f 0000 

  0x000001e213a088f0: ;   {other}
  0x000001e213a088f0: 41ff d20f | 1f84 0000 | 0000 00e9 | 45c9 ffff | ba45 ffff | ff48 ff74 | 2448 488f | 4424 2089 
  0x000001e213a08910: 4424 4c90 

  0x000001e213a08914: ;   {runtime_call UncommonTrapBlob}
  0x000001e213a08914: c5f8 77e8 

  0x000001e213a08918: ; ImmutableOopMap {rbp=NarrowOop [32]=Oop [44]=NarrowOop [48]=NarrowOop [60]=NarrowOop }
                      ;*ifeq {reexecute=1 rethrow=0 return_oop=0}
                      ; - (reexecute) java.util.HashMap::getNode@66 (line 579)
                      ; - java.util.HashMap::get@2 (line 565)
                      ; - com.jme3.system.AppSettings::getInteger@2 (line 485)
                      ; - com.jme3.system.AppSettings::getFrameRate@3 (line 917)
                      ; - com.jme3.system.lwjgl.LwjglWindow::runLoop@120 (line 553)
  0x000001e213a08918: 44ba 64ff 

  0x000001e213a0891c: ;   {other}
  0x000001e213a0891c: 0f1f 8400 | 1442 007e | ba45 ffff | ff48 ff74 | 2448 488f | 4424 2089 | 4424 4c90 

  0x000001e213a08938: ;   {runtime_call UncommonTrapBlob}
  0x000001e213a08938: c5f8 77e8 

  0x000001e213a0893c: ; ImmutableOopMap {rbp=NarrowOop [32]=Oop [44]=NarrowOop [48]=NarrowOop [60]=NarrowOop [88]=Oop }
                      ;*ifeq {reexecute=1 rethrow=0 return_oop=0}
                      ; - (reexecute) java.util.HashMap::getNode@131 (line 586)
                      ; - java.util.HashMap::get@2 (line 565)
                      ; - com.jme3.system.AppSettings::getInteger@2 (line 485)
                      ; - com.jme3.system.AppSettings::getFrameRate@3 (line 917)
                      ; - com.jme3.system.lwjgl.LwjglWindow::runLoop@120 (line 553)
  0x000001e213a0893c: 20ba 64ff 

  0x000001e213a08940: ;   {other}
  0x000001e213a08940: 0f1f 8400 | 3842 007f | baf4 ffff | ff4c 8b54 | 2428 4c89 | 5424 20c5 | fa10 4424 | 30c5 fa11 
  0x000001e213a08960: 4424 2844 | 8b5c 2434 | 4489 5c24 | 2c44 8b54 | 2438 4489 | 5424 3490 

  0x000001e213a08978: ;   {runtime_call UncommonTrapBlob}
  0x000001e213a08978: c5f8 77e8 

  0x000001e213a0897c: ; ImmutableOopMap {[32]=Oop [44]=NarrowOop [52]=NarrowOop [60]=NarrowOop [72]=Oop }
                      ;*checkcast {reexecute=0 rethrow=0 return_oop=0}
                      ; - com.jme3.app.state.AppStateManager::getStates@14 (line 127)
                      ; - com.jme3.app.state.AppStateManager::render@1 (line 366)
                      ; - com.jme3.app.SimpleApplication::update@161 (line 269)
                      ; - com.jme3.system.lwjgl.LwjglWindow::runLoop@37 (line 530)
  0x000001e213a0897c: e0b9 64ff 

  0x000001e213a08980: ;   {other}
  0x000001e213a08980: 0f1f 8400 | 7842 0080 | baf4 ffff | ff4c 8b54 | 2428 4c89 | 5424 20c5 | fa10 4424 | 30c5 fa11 
  0x000001e213a089a0: 4424 2844 | 8b5c 2434 | 4489 5c24 | 3066 6690 

  0x000001e213a089b0: ;   {runtime_call UncommonTrapBlob}
  0x000001e213a089b0: c5f8 77e8 

  0x000001e213a089b4: ; ImmutableOopMap {[32]=Oop [48]=NarrowOop [56]=NarrowOop [72]=Oop }
                      ;*checkcast {reexecute=0 rethrow=0 return_oop=0}
                      ; - com.jme3.app.state.AppStateManager::getStates@14 (line 127)
                      ; - com.jme3.app.state.AppStateManager::postRender@1 (line 378)
                      ; - com.jme3.app.SimpleApplication::update@212 (line 274)
                      ; - com.jme3.system.lwjgl.LwjglWindow::runLoop@37 (line 530)
  0x000001e213a089b4: a8b9 64ff 

  0x000001e213a089b8: ;   {other}
  0x000001e213a089b8: 0f1f 8400 | b042 0081 | baf4 ffff | ff48 8b6c | 2448 4c8b | 5424 284c | 8954 2420 | c5fa 1044 
  0x000001e213a089d8: 2430 c5fa | 1144 242c 

  0x000001e213a089e0: ;   {runtime_call UncommonTrapBlob}
  0x000001e213a089e0: c5f8 77e8 

  0x000001e213a089e4: ; ImmutableOopMap {rbp=Oop [32]=Oop [56]=Oop }
                      ;*checkcast {reexecute=0 rethrow=0 return_oop=0}
                      ; - com.jme3.scene.Spatial::runControlUpdate@18 (line 736)
                      ; - com.jme3.scene.Spatial::updateLogicalState@2 (line 880)
                      ; - com.jme3.scene.Node::updateLogicalState@2 (line 231)
                      ; - com.jme3.app.SimpleApplication::update@109 (line 261)
                      ; - com.jme3.system.lwjgl.LwjglWindow::runLoop@37 (line 530)
  0x000001e213a089e4: 78b9 64ff 

  0x000001e213a089e8: ;   {other}
  0x000001e213a089e8: 0f1f 8400 | e042 0082 | baf4 ffff | ff48 8b6c | 2448 4c8b | 5424 284c | 8954 2420 | c5fa 1044 
  0x000001e213a08a08: 2430 c5fa | 1144 242c 

  0x000001e213a08a10: ;   {runtime_call UncommonTrapBlob}
  0x000001e213a08a10: c5f8 77e8 

  0x000001e213a08a14: ; ImmutableOopMap {rbp=Oop [32]=Oop [56]=Oop }
                      ;*checkcast {reexecute=0 rethrow=0 return_oop=0}
                      ; - com.jme3.scene.Spatial::runControlUpdate@18 (line 736)
                      ; - com.jme3.scene.Spatial::updateLogicalState@2 (line 880)
                      ; - com.jme3.scene.Node::updateLogicalState@2 (line 231)
                      ; - com.jme3.app.SimpleApplication::update@117 (line 262)
                      ; - com.jme3.system.lwjgl.LwjglWindow::runLoop@37 (line 530)
  0x000001e213a08a14: 48b9 64ff 

  0x000001e213a08a18: ;   {other}
  0x000001e213a08a18: 0f1f 8400 | 1043 0083 | baf6 ffff | ff48 ff74 | 2428 488f | 4424 20c5 | fa10 4c24 | 30c5 f828 
  0x000001e213a08a38: c1c5 fa11 | 4424 2c90 

  0x000001e213a08a40: ;   {runtime_call UncommonTrapBlob}
  0x000001e213a08a40: c5f8 77e8 

  0x000001e213a08a44: ; ImmutableOopMap {[32]=Oop [72]=Oop [80]=Oop }
                      ;*invokevirtual getArray {reexecute=0 rethrow=0 return_oop=0}
                      ; - com.jme3.scene.Node::updateLogicalState@17 (line 241)
                      ; - com.jme3.app.SimpleApplication::update@109 (line 261)
                      ; - com.jme3.system.lwjgl.LwjglWindow::runLoop@37 (line 530)
  0x000001e213a08a44: 18b9 64ff 

  0x000001e213a08a48: ;   {other}
  0x000001e213a08a48: 0f1f 8400 | 4043 0084 | baf6 ffff | ff48 ff74 | 2428 488f | 4424 20c5 | fa10 4c24 | 30c5 f828 
  0x000001e213a08a68: c1c5 fa11 | 4424 2c90 

  0x000001e213a08a70: ;   {runtime_call UncommonTrapBlob}
  0x000001e213a08a70: c5f8 77e8 

  0x000001e213a08a74: ; ImmutableOopMap {[32]=Oop [72]=Oop [80]=Oop }
                      ;*invokevirtual getArray {reexecute=0 rethrow=0 return_oop=0}
                      ; - com.jme3.scene.Node::updateLogicalState@17 (line 241)
                      ; - com.jme3.app.SimpleApplication::update@117 (line 262)
                      ; - com.jme3.system.lwjgl.LwjglWindow::runLoop@37 (line 530)
  0x000001e213a08a74: e8b8 64ff 

  0x000001e213a08a78: ;   {other}
  0x000001e213a08a78: 0f1f 8400 | 7043 0085 | ba76 ffff | ff48 ff74 | 2428 488f | 4424 20c5 | fa10 4c24 | 30c5 f828 
  0x000001e213a08a98: c1c5 fa11 | 4424 2c4c | 894c 2438 | 4489 5424 | 4466 6690 

  0x000001e213a08aac: ;   {runtime_call UncommonTrapBlob}
  0x000001e213a08aac: c5f8 77e8 

  0x000001e213a08ab0: ; ImmutableOopMap {[32]=Oop [56]=Oop [72]=Oop [80]=Oop }
                      ;*if_icmpge {reexecute=1 rethrow=0 return_oop=0}
                      ; - (reexecute) com.jme3.scene.Node::updateLogicalState@33 (line 241)
                      ; - com.jme3.app.SimpleApplication::update@109 (line 261)
                      ; - com.jme3.system.lwjgl.LwjglWindow::runLoop@37 (line 530)
  0x000001e213a08ab0: acb8 64ff 

  0x000001e213a08ab4: ;   {other}
  0x000001e213a08ab4: 0f1f 8400 | ac43 0086 | ba76 ffff | ff48 ff74 | 2428 488f | 4424 20c5 | fa10 4c24 | 30c5 f828 
  0x000001e213a08ad4: c1c5 fa11 | 4424 2c4c | 894c 2438 | 4489 5424 | 4466 6690 

  0x000001e213a08ae8: ;   {runtime_call UncommonTrapBlob}
  0x000001e213a08ae8: c5f8 77e8 

  0x000001e213a08aec: ; ImmutableOopMap {[32]=Oop [56]=Oop [72]=Oop [80]=Oop }
                      ;*if_icmpge {reexecute=1 rethrow=0 return_oop=0}
                      ; - (reexecute) com.jme3.scene.Node::updateLogicalState@33 (line 241)
                      ; - com.jme3.app.SimpleApplication::update@117 (line 262)
                      ; - com.jme3.system.lwjgl.LwjglWindow::runLoop@37 (line 530)
  0x000001e213a08aec: 70b8 64ff 

  0x000001e213a08af0: ;   {other}
  0x000001e213a08af0: 0f1f 8400 | e843 0087 | bade ffff | ff48 ff74 | 2448 488f | 4424 2048 | 8974 2428 | 4489 7424 
  0x000001e213a08b10: 3489 7c24 | 3c44 8954 | 2444 4489 | 4c24 4c44 | 894c 2450 

  0x000001e213a08b24: ;   {runtime_call UncommonTrapBlob}
  0x000001e213a08b24: c5f8 77e8 

  0x000001e213a08b28: ; ImmutableOopMap {rbp=NarrowOop [32]=Oop [40]=Oop [52]=NarrowOop [60]=NarrowOop [68]=NarrowOop [76]=NarrowOop [80]=NarrowOop }
                      ;*invokeinterface size {reexecute=0 rethrow=0 return_oop=0}
                      ; - com.jme3.util.SafeArrayList::getArray@41 (line 148)
                      ; - com.jme3.app.state.AppStateManager::getStates@11 (line 127)
                      ; - com.jme3.app.state.AppStateManager::render@1 (line 366)
                      ; - com.jme3.app.SimpleApplication::update@161 (line 269)
                      ; - com.jme3.system.lwjgl.LwjglWindow::runLoop@37 (line 530)
  0x000001e213a08b28: 34b8 64ff 

  0x000001e213a08b2c: ;   {other}
  0x000001e213a08b2c: 0f1f 8400 | 2444 0088 | bade ffff | ff48 ff74 | 2448 488f | 4424 2048 | 8974 2428 | 897c 2438 
  0x000001e213a08b4c: 4489 5c24 | 4089 4c24 | 4889 4c24 | 4c66 6690 

  0x000001e213a08b5c: ;   {runtime_call UncommonTrapBlob}
  0x000001e213a08b5c: c5f8 77e8 

  0x000001e213a08b60: ; ImmutableOopMap {rbp=NarrowOop [32]=Oop [40]=Oop [56]=NarrowOop [64]=NarrowOop [72]=NarrowOop [76]=NarrowOop }
                      ;*invokeinterface size {reexecute=0 rethrow=0 return_oop=0}
                      ; - com.jme3.util.SafeArrayList::getArray@41 (line 148)
                      ; - com.jme3.app.state.AppStateManager::getStates@11 (line 127)
                      ; - com.jme3.app.state.AppStateManager::postRender@1 (line 378)
                      ; - com.jme3.app.SimpleApplication::update@212 (line 274)
                      ; - com.jme3.system.lwjgl.LwjglWindow::runLoop@37 (line 530)
  0x000001e213a08b60: fcb7 64ff 

  0x000001e213a08b64: ;   {other}
  0x000001e213a08b64: 0f1f 8400 | 5c44 0089 | ba5c ffff | ff48 8b6c | 2448 48ff | 7424 5048 | 8f44 2428 | 48ff 7424 
  0x000001e213a08b84: 5048 8f44 | 2430 4c89 | 7424 4844 | 896c 2444 | 895c 2450 | 897c 2454 | 895c 2458 

  0x000001e213a08ba0: ;   {runtime_call UncommonTrapBlob}
  0x000001e213a08ba0: c5f8 77e8 

  0x000001e213a08ba4: ; ImmutableOopMap {rbp=Oop [40]=Oop [48]=Oop [68]=NarrowOop [72]=Oop [80]=NarrowOop [84]=NarrowOop [88]=NarrowOop }
                      ;*ifnonnull {reexecute=1 rethrow=0 return_oop=0}
                      ; - (reexecute) java.util.Objects::requireNonNull@1 (line 219)
                      ; - java.lang.invoke.VarHandleReferences$FieldInstanceReadWrite::setRelease@16 (line 172)
                      ; - java.lang.invoke.VarHandleGuards::guard_LL_V@45 (line 53)
                      ; - java.util.concurrent.ConcurrentLinkedQueue::updateHead@22 (line 293)
                      ; - java.util.concurrent.ConcurrentLinkedQueue::poll@66 (line 395)
                      ; - com.jme3.app.LegacyApplication::runQueuedTasks@4 (line 699)
                      ; - com.jme3.app.LegacyApplication::update@27 (line 715)
                      ; - com.jme3.app.SimpleApplication::update@20 (line 246)
                      ; - com.jme3.system.lwjgl.LwjglWindow::runLoop@37 (line 530)
  0x000001e213a08ba4: b8b7 64ff 

  0x000001e213a08ba8: ;   {other}
  0x000001e213a08ba8: 0f1f 8400 | a044 008a | bade ffff | ff48 ff74 | 2448 488f | 4424 2048 | ff74 2450 | 488f 4424 
  0x000001e213a08bc8: 4044 894c | 245c 4489 | 4c24 6090 

  0x000001e213a08bd4: ;   {runtime_call UncommonTrapBlob}
  0x000001e213a08bd4: c5f8 77e8 

  0x000001e213a08bd8: ; ImmutableOopMap {rbp=NarrowOop [32]=Oop [40]=Oop [64]=Oop [92]=NarrowOop [96]=NarrowOop }
                      ;*invokeinterface size {reexecute=0 rethrow=0 return_oop=0}
                      ; - com.jme3.util.SafeArrayList::getArray@41 (line 148)
                      ; - com.jme3.scene.Spatial::runControlUpdate@15 (line 736)
                      ; - com.jme3.scene.Spatial::updateLogicalState@2 (line 880)
                      ; - com.jme3.scene.Node::updateLogicalState@2 (line 231)
                      ; - com.jme3.app.SimpleApplication::update@109 (line 261)
                      ; - com.jme3.system.lwjgl.LwjglWindow::runLoop@37 (line 530)
  0x000001e213a08bd8: 84b7 64ff 

  0x000001e213a08bdc: ;   {other}
  0x000001e213a08bdc: 0f1f 8400 | d444 008b | bade ffff | ff48 ff74 | 2448 488f | 4424 2048 | ff74 2450 | 488f 4424 
  0x000001e213a08bfc: 4089 4c24 | 5c89 4c24 | 6066 6690 

  0x000001e213a08c08: ;   {runtime_call UncommonTrapBlob}
  0x000001e213a08c08: c5f8 77e8 

  0x000001e213a08c0c: ; ImmutableOopMap {rbp=NarrowOop [32]=Oop [40]=Oop [64]=Oop [92]=NarrowOop [96]=NarrowOop }
                      ;*invokeinterface size {reexecute=0 rethrow=0 return_oop=0}
                      ; - com.jme3.util.SafeArrayList::getArray@41 (line 148)
                      ; - com.jme3.scene.Spatial::runControlUpdate@15 (line 736)
                      ; - com.jme3.scene.Spatial::updateLogicalState@2 (line 880)
                      ; - com.jme3.scene.Node::updateLogicalState@2 (line 231)
                      ; - com.jme3.app.SimpleApplication::update@117 (line 262)
                      ; - com.jme3.system.lwjgl.LwjglWindow::runLoop@37 (line 530)
  0x000001e213a08c0c: 50b7 64ff 

  0x000001e213a08c10: ;   {other}
  0x000001e213a08c10: 0f1f 8400 | 0845 008c | 418b fb49 | 8bd7 c5f8 | 7749 bae0 | 0769 57f9 | 7f00 0041 

  0x000001e213a08c2c: ;   {other}
  0x000001e213a08c2c: ffd2 0f1f | 8400 0000 | 0000 448b | dfe9 06db | ffff 418b | f349 8bd7 | c5f8 7749 | bae0 0769 
  0x000001e213a08c4c: 57f9 7f00 | 0041 ffd2 

  0x000001e213a08c54: ;   {other}
  0x000001e213a08c54: 0f1f 8400 | 0000 0000 | 448b dee9 | 93da ffff | 498b d7c5 | f877 49ba | e007 6957 | f97f 0000 
  0x000001e213a08c74: ;   {other}
  0x000001e213a08c74: 41ff d20f | 1f84 0000 | 0000 00e9 | 76dc ffff | 498b d7c5 | f877 49ba | e007 6957 | f97f 0000 
  0x000001e213a08c94: ;   {other}
  0x000001e213a08c94: 41ff d20f | 1f84 0000 | 0000 00e9 | 9fdc ffff | 498b d7c5 | f877 49ba | e007 6957 | f97f 0000 
  0x000001e213a08cb4: ;   {other}
  0x000001e213a08cb4: 41ff d20f | 1f84 0000 | 0000 00e9 | 63de ffff | 498b d7c5 | f877 49ba | e007 6957 | f97f 0000 
  0x000001e213a08cd4: ;   {other}
  0x000001e213a08cd4: 41ff d20f | 1f84 0000 | 0000 00e9 | f6dd ffff | 498b d7c5 | f877 49ba | e007 6957 | f97f 0000 
  0x000001e213a08cf4: ;   {other}
  0x000001e213a08cf4: 41ff d20f | 1f84 0000 | 0000 00e9 | f7df ffff | 498b d7c5 | f877 49ba | e007 6957 | f97f 0000 
  0x000001e213a08d14: ;   {other}
  0x000001e213a08d14: 41ff d20f | 1f84 0000 | 0000 00e9 | 8adf ffff | 498b ea49 | 8bd7 c5f8 | 7749 bae0 | 0769 57f9 
  0x000001e213a08d34: 7f00 0041 

  0x000001e213a08d38: ;   {other}
  0x000001e213a08d38: ffd2 0f1f | 8400 0000 | 0000 4c8b | d5e9 71e1 | ffff 498b | d7c5 f877 | 49ba e007 | 6957 f97f 
  0x000001e213a08d58: 0000 41ff 

  0x000001e213a08d5c: ;   {other}
  0x000001e213a08d5c: d20f 1f84 | 0000 0000 | 00e9 b3e1 | ffff ba45 | ffff ff48 | ff74 2448 | 488f 4424 | 2048 ff74 
  0x000001e213a08d7c: 2450 488f | 4424 3048 | ff74 2450 | 488f 4424 | 384c 8974 | 2450 4489 | 6c24 4c89 | 5c24 5889 
  0x000001e213a08d9c: 7c24 5c90 

  0x000001e213a08da0: ;   {runtime_call UncommonTrapBlob}
  0x000001e213a08da0: c5f8 77e8 

  0x000001e213a08da4: ; ImmutableOopMap {[32]=Oop [48]=Oop [56]=Oop [76]=NarrowOop [80]=Oop [88]=NarrowOop [92]=NarrowOop }
                      ;*ifeq {reexecute=1 rethrow=0 return_oop=0}
                      ; - (reexecute) java.util.concurrent.ConcurrentLinkedQueue::updateHead@14 (line 292)
                      ; - java.util.concurrent.ConcurrentLinkedQueue::poll@66 (line 395)
                      ; - com.jme3.app.LegacyApplication::runQueuedTasks@4 (line 699)
                      ; - com.jme3.app.LegacyApplication::update@27 (line 715)
                      ; - com.jme3.app.SimpleApplication::update@20 (line 246)
                      ; - com.jme3.system.lwjgl.LwjglWindow::runLoop@37 (line 530)
  0x000001e213a08da4: b8b5 64ff 

  0x000001e213a08da8: ;   {other}
  0x000001e213a08da8: 0f1f 8400 | a046 008d | bae4 ffff | ff48 ff74 | 2448 488f | 4424 2048 | ff74 2450 | 488f 4424 
  0x000001e213a08dc8: 3048 895c | 2440 4889 | 5c24 4844 | 8954 247c 

  0x000001e213a08dd8: ;   {runtime_call UncommonTrapBlob}
  0x000001e213a08dd8: c5f8 77e8 

  0x000001e213a08ddc: ; ImmutableOopMap {rbp=Oop [32]=Oop [48]=Oop [64]=Oop [72]=Oop [88]=Oop [96]=NarrowOop [100]=NarrowOop [124]=NarrowOop }
                      ;*aastore {reexecute=1 rethrow=0 return_oop=0}
                      ; - (reexecute) java.lang.ThreadLocal$ThreadLocalMap::set@94 (line 563)
                      ; - java.lang.ThreadLocal::set@13 (line 265)
                      ; - java.lang.ThreadLocal::set@5 (line 251)
                      ; - com.jme3.audio.AudioContext::setAudioRenderer@4 (line 44)
                      ; - com.jme3.app.LegacyApplication::update@4 (line 712)
                      ; - com.jme3.app.SimpleApplication::update@20 (line 246)
                      ; - com.jme3.system.lwjgl.LwjglWindow::runLoop@37 (line 530)
  0x000001e213a08ddc: 80b5 64ff 

  0x000001e213a08de0: ;   {other}
  0x000001e213a08de0: 0f1f 8400 | d846 008e | 498b d7c5 | f877 49ba | e007 6957 | f97f 0000 

  0x000001e213a08df8: ;   {other}
  0x000001e213a08df8: 41ff d20f | 1f84 0000 | 0000 0044 | 8bdd e9be | d7ff ff49 | 8bd7 c5f8 | 7749 bae0 | 0769 57f9 
  0x000001e213a08e18: 7f00 0041 

  0x000001e213a08e1c: ;   {other}
  0x000001e213a08e1c: ffd2 0f1f | 8400 0000 | 0000 e9ad | d9ff ff48 | 896c 2468 | 4889 7424 | 404c 896c | 2438 4889 
  0x000001e213a08e3c: 7c24 3048 | ff74 2420 | 488f 4424 | 2844 8954 | 2420 4c8b | eb49 8bd7 | c5f8 7749 | bae0 0769 
  0x000001e213a08e5c: 57f9 7f00 | 0041 ffd2 

  0x000001e213a08e64: ;   {other}
  0x000001e213a08e64: 0f1f 8400 | 0000 0000 | 498b dd44 | 8b54 2420 | 48ff 7424 | 2848 8f44 | 2420 488b | 7c24 304c 
  0x000001e213a08e84: 8b6c 2438 | 488b 7424 | 4048 8b6c | 2468 e9d4 | c1ff ff48 | 896c 2468 | 4889 7424 | 404c 896c 
  0x000001e213a08ea4: 2438 4889 | 7c24 3048 | ff74 2420 | 488f 4424 | 2844 8954 | 2420 4c8b | eb49 8bd7 | c5f8 7749 
  0x000001e213a08ec4: bae0 0769 | 57f9 7f00 | 0041 ffd2 

  0x000001e213a08ed0: ;   {other}
  0x000001e213a08ed0: 0f1f 8400 | 0000 0000 | 498b dd44 | 8b54 2420 | 48ff 7424 | 2848 8f44 | 2420 488b | 7c24 304c 
  0x000001e213a08ef0: 8b6c 2438 | 488b 7424 | 4048 8b6c | 2468 e9b3 | c1ff ff49 | 8bd7 c5f8 | 7749 bae0 | 0769 57f9 
  0x000001e213a08f10: 7f00 0041 

  0x000001e213a08f14: ;   {other}
  0x000001e213a08f14: ffd2 0f1f | 8400 0000 | 0000 e9fd | c1ff ff49 | 8bd7 c5f8 | 7749 bae0 | 0769 57f9 | 7f00 0041 
  0x000001e213a08f34: ;   {other}
  0x000001e213a08f34: ffd2 0f1f | 8400 0000 | 0000 e985 | daff ff49 | 8bd7 c5f8 | 7749 bae0 | 0769 57f9 | 7f00 0041 
  0x000001e213a08f54: ;   {other}
  0x000001e213a08f54: ffd2 0f1f | 8400 0000 | 0000 e939 | dcff ffba | f6ff ffff | 894c 2428 | 4c89 5424 | 304c 895c 
  0x000001e213a08f74: 2438 6690 

  0x000001e213a08f78: ;   {runtime_call UncommonTrapBlob}
  0x000001e213a08f78: c5f8 77e8 

  0x000001e213a08f7c: ; ImmutableOopMap {[40]=NarrowOop [48]=Oop [56]=Oop [72]=Oop }
                      ;*invokevirtual lock {reexecute=0 rethrow=0 return_oop=0}
                      ; - java.lang.ref.ReferenceQueue::poll@13 (line 191)
                      ; - com.jme3.util.NativeObjectManager::deleteUnused@54 (line 183)
                      ; - com.jme3.renderer.opengl.GLRenderer::postFrame@5 (line 1117)
                      ; - com.jme3.system.lwjgl.LwjglWindow::runLoop@100 (line 549)
  0x000001e213a08f7c: e0b3 64ff 

  0x000001e213a08f80: ;   {other}
  0x000001e213a08f80: 0f1f 8400 | 7848 008f | baf6 ffff | ff66 6690 

  0x000001e213a08f90: ;   {runtime_call UncommonTrapBlob}
  0x000001e213a08f90: c5f8 77e8 

  0x000001e213a08f94: ; ImmutableOopMap {[40]=Oop [48]=NarrowOop [56]=Oop [64]=Oop [72]=Oop }
                      ;*invokevirtual unlock {reexecute=0 rethrow=0 return_oop=0}
                      ; - java.lang.ref.ReferenceQueue::poll@25 (line 195)
                      ; - com.jme3.util.NativeObjectManager::deleteUnused@54 (line 183)
                      ; - com.jme3.renderer.opengl.GLRenderer::postFrame@5 (line 1117)
                      ; - com.jme3.system.lwjgl.LwjglWindow::runLoop@100 (line 549)
  0x000001e213a08f94: c8b3 64ff 

  0x000001e213a08f98: ;   {other}
  0x000001e213a08f98: 0f1f 8400 | 9048 0090 | 498b ebba | 54ff ffff 

  0x000001e213a08fa8: ;   {runtime_call UncommonTrapBlob}
  0x000001e213a08fa8: c5f8 77e8 

  0x000001e213a08fac: ; ImmutableOopMap {rbp=Oop [32]=Oop [40]=Oop [48]=NarrowOop }
                      ;*ifnonnull {reexecute=1 rethrow=0 return_oop=0}
                      ; - (reexecute) com.jme3.util.NativeObjectManager::deleteUnused@62 (line 184)
                      ; - com.jme3.renderer.opengl.GLRenderer::postFrame@5 (line 1117)
                      ; - com.jme3.system.lwjgl.LwjglWindow::runLoop@100 (line 549)
  0x000001e213a08fac: b0b3 64ff 

  0x000001e213a08fb0: ;   {other}
  0x000001e213a08fb0: 0f1f 8400 | a848 0091 | bade ffff | ff48 ff74 | 2428 488f | 4424 20c5 | fa10 4c24 | 30c5 f828 
  0x000001e213a08fd0: c1c5 fa11 | 4424 2c48 | 8944 2438 

  0x000001e213a08fdc: ;   {runtime_call UncommonTrapBlob}
  0x000001e213a08fdc: c5f8 77e8 

  0x000001e213a08fe0: ; ImmutableOopMap {[32]=Oop [56]=Oop [72]=Oop [80]=Oop }
                      ;*checkcast {reexecute=0 rethrow=0 return_oop=0}
                      ; - com.jme3.scene.Node::updateLogicalState@20 (line 241)
                      ; - com.jme3.app.SimpleApplication::update@109 (line 261)
                      ; - com.jme3.system.lwjgl.LwjglWindow::runLoop@37 (line 530)
  0x000001e213a08fe0: 7cb3 64ff 

  0x000001e213a08fe4: ;   {other}
  0x000001e213a08fe4: 0f1f 8400 | dc48 0092 | bade ffff | ff48 ff74 | 2428 488f | 4424 20c5 | fa10 4c24 | 30c5 f828 
  0x000001e213a09004: c1c5 fa11 | 4424 2c48 | 8944 2438 

  0x000001e213a09010: ;   {runtime_call UncommonTrapBlob}
  0x000001e213a09010: c5f8 77e8 

  0x000001e213a09014: ; ImmutableOopMap {[32]=Oop [56]=Oop [72]=Oop [80]=Oop }
                      ;*checkcast {reexecute=0 rethrow=0 return_oop=0}
                      ; - com.jme3.scene.Node::updateLogicalState@20 (line 241)
                      ; - com.jme3.app.SimpleApplication::update@117 (line 262)
                      ; - com.jme3.system.lwjgl.LwjglWindow::runLoop@37 (line 530)
  0x000001e213a09014: 48b3 64ff 

  0x000001e213a09018: ;   {other}
  0x000001e213a09018: 0f1f 8400 | 1049 0093 | bade ffff | ff48 8974 | 2428 4489 | 7424 3489 | 7c24 3c44 | 8954 2444 
  0x000001e213a09038: ;   {runtime_call UncommonTrapBlob}
  0x000001e213a09038: c5f8 77e8 

  0x000001e213a0903c: ; ImmutableOopMap {rbp=NarrowOop [40]=Oop [52]=NarrowOop [60]=NarrowOop [68]=NarrowOop [72]=Oop }
                      ;*checkcast {reexecute=0 rethrow=0 return_oop=0}
                      ; - com.jme3.app.state.AppStateManager::getStates@14 (line 127)
                      ; - com.jme3.app.state.AppStateManager::render@1 (line 366)
                      ; - com.jme3.app.SimpleApplication::update@161 (line 269)
                      ; - com.jme3.system.lwjgl.LwjglWindow::runLoop@37 (line 530)
  0x000001e213a0903c: 20b3 64ff 

  0x000001e213a09040: ;   {other}
  0x000001e213a09040: 0f1f 8400 | 3849 0094 | bade ffff | ff48 8974 | 2428 4489 | 5c24 3844 | 8954 243c 

  0x000001e213a0905c: ;   {runtime_call UncommonTrapBlob}
  0x000001e213a0905c: c5f8 77e8 

  0x000001e213a09060: ; ImmutableOopMap {rbp=NarrowOop [40]=Oop [56]=NarrowOop [72]=Oop }
                      ;*instanceof {reexecute=0 rethrow=0 return_oop=0}
                      ; - com.jme3.renderer.RenderManager::render@4 (line 1140)
                      ; - com.jme3.app.SimpleApplication::update@197 (line 272)
                      ; - com.jme3.system.lwjgl.LwjglWindow::runLoop@37 (line 530)
  0x000001e213a09060: fcb2 64ff 

  0x000001e213a09064: ;   {other}
  0x000001e213a09064: 0f1f 8400 | 5c49 0095 | bade ffff | ff48 8974 | 2428 897c | 2438 4489 | 5c24 4090 

  0x000001e213a09080: ;   {runtime_call UncommonTrapBlob}
  0x000001e213a09080: c5f8 77e8 

  0x000001e213a09084: ; ImmutableOopMap {rbp=NarrowOop [40]=Oop [56]=NarrowOop [64]=NarrowOop [72]=Oop }
                      ;*checkcast {reexecute=0 rethrow=0 return_oop=0}
                      ; - com.jme3.app.state.AppStateManager::getStates@14 (line 127)
                      ; - com.jme3.app.state.AppStateManager::postRender@1 (line 378)
                      ; - com.jme3.app.SimpleApplication::update@212 (line 274)
                      ; - com.jme3.system.lwjgl.LwjglWindow::runLoop@37 (line 530)
  0x000001e213a09084: d8b2 64ff 

  0x000001e213a09088: ;   {other}
  0x000001e213a09088: 0f1f 8400 | 8049 0096 | bade ffff | ff44 8954 | 2438 894c | 2440 6690 

  0x000001e213a090a0: ;   {runtime_call UncommonTrapBlob}
  0x000001e213a090a0: c5f8 77e8 

  0x000001e213a090a4: ; ImmutableOopMap {rbp=NarrowOop [40]=Oop [56]=NarrowOop [72]=Oop }
                      ;*checkcast {reexecute=0 rethrow=0 return_oop=0}
                      ; - com.jme3.renderer.RenderManager::render@128 (line 1156)
                      ; - com.jme3.app.SimpleApplication::update@197 (line 272)
                      ; - com.jme3.system.lwjgl.LwjglWindow::runLoop@37 (line 530)
  0x000001e213a090a4: b8b2 64ff 

  0x000001e213a090a8: ;   {other}
  0x000001e213a090a8: 0f1f 8400 | a049 0097 | bade ffff | ff48 ff74 | 2448 488f | 4424 2090 

  0x000001e213a090c0: ;   {runtime_call UncommonTrapBlob}
  0x000001e213a090c0: c5f8 77e8 

  0x000001e213a090c4: ; ImmutableOopMap {rbp=NarrowOop [32]=Oop [40]=Oop [80]=Oop }
                      ;*checkcast {reexecute=0 rethrow=0 return_oop=0}
                      ; - com.jme3.scene.Spatial::runControlUpdate@18 (line 736)
                      ; - com.jme3.scene.Spatial::updateLogicalState@2 (line 880)
                      ; - com.jme3.scene.Node::updateLogicalState@2 (line 231)
                      ; - com.jme3.app.SimpleApplication::update@117 (line 262)
                      ; - com.jme3.system.lwjgl.LwjglWindow::runLoop@37 (line 530)
  0x000001e213a090c4: 98b2 64ff 

  0x000001e213a090c8: ;   {other}
  0x000001e213a090c8: 0f1f 8400 | c049 0098 | bade ffff | ff48 ff74 | 2448 488f | 4424 2090 

  0x000001e213a090e0: ;   {runtime_call UncommonTrapBlob}
  0x000001e213a090e0: c5f8 77e8 

  0x000001e213a090e4: ; ImmutableOopMap {rbp=NarrowOop [32]=Oop [40]=Oop [80]=Oop }
                      ;*checkcast {reexecute=0 rethrow=0 return_oop=0}
                      ; - com.jme3.scene.Spatial::runControlUpdate@18 (line 736)
                      ; - com.jme3.scene.Spatial::updateLogicalState@2 (line 880)
                      ; - com.jme3.scene.Node::updateLogicalState@2 (line 231)
                      ; - com.jme3.app.SimpleApplication::update@109 (line 261)
                      ; - com.jme3.system.lwjgl.LwjglWindow::runLoop@37 (line 530)
  0x000001e213a090e4: 78b2 64ff 

  0x000001e213a090e8: ;   {other}
  0x000001e213a090e8: 0f1f 8400 | e049 0099 | bade ffff | ff44 8954 | 2438 895c | 2440 6690 

  0x000001e213a09100: ;   {runtime_call UncommonTrapBlob}
  0x000001e213a09100: c5f8 77e8 

  0x000001e213a09104: ; ImmutableOopMap {rbp=NarrowOop [40]=Oop [56]=NarrowOop [72]=Oop }
                      ;*checkcast {reexecute=0 rethrow=0 return_oop=0}
                      ; - com.jme3.renderer.RenderManager::render@198 (line 1164)
                      ; - com.jme3.app.SimpleApplication::update@197 (line 272)
                      ; - com.jme3.system.lwjgl.LwjglWindow::runLoop@37 (line 530)
  0x000001e213a09104: 58b2 64ff 

  0x000001e213a09108: ;   {other}
  0x000001e213a09108: 0f1f 8400 | 004a 009a | bade ffff | ff44 895c | 2428 4489 | 4424 3090 

  0x000001e213a09120: ;   {runtime_call UncommonTrapBlob}
  0x000001e213a09120: c5f8 77e8 

  0x000001e213a09124: ; ImmutableOopMap {rbp=NarrowOop [48]=NarrowOop [72]=Oop }
                      ;*checkcast {reexecute=0 rethrow=0 return_oop=0}
                      ; - com.jme3.system.AppSettings::getInteger@5 (line 485)
                      ; - com.jme3.system.AppSettings::getFrameRate@3 (line 917)
                      ; - com.jme3.system.lwjgl.LwjglWindow::runLoop@120 (line 553)
  0x000001e213a09124: 38b2 64ff 

  0x000001e213a09128: ;   {other}
  0x000001e213a09128: 0f1f 8400 | 204a 009b | ba9d ffff | ff48 ff74 | 2448 488f | 4424 2048 | 8944 2448 

  0x000001e213a09144: ;   {runtime_call UncommonTrapBlob}
  0x000001e213a09144: c5f8 77e8 

  0x000001e213a09148: ; ImmutableOopMap {rbp=NarrowOop [32]=Oop [48]=Oop [64]=Oop [72]=Oop }
                      ;*astore_3 {reexecute=0 rethrow=0 return_oop=0}
                      ; - com.jme3.audio.openal.ALAudioRenderer::update@17 (line 851)
                      ; - com.jme3.app.LegacyApplication::update@131 (line 729)
                      ; - com.jme3.app.SimpleApplication::update@20 (line 246)
                      ; - com.jme3.system.lwjgl.LwjglWindow::runLoop@37 (line 530)
  0x000001e213a09148: 14b2 64ff 

  0x000001e213a0914c: ;   {other}
  0x000001e213a0914c: 0f1f 8400 | 444a 009c | ba9d ffff | ff48 8944 | 2420 6690 

  0x000001e213a09160: ;   {runtime_call UncommonTrapBlob}
  0x000001e213a09160: c5f8 77e8 

  0x000001e213a09164: ; ImmutableOopMap {[32]=Oop [72]=Oop }
                      ;*astore_1 {reexecute=0 rethrow=0 return_oop=0}
                      ; - com.jme3.system.lwjgl.LwjglWindow::runLoop@76 (line 541)
  0x000001e213a09164: f8b1 64ff 

  0x000001e213a09168: ;   {other}
  0x000001e213a09168: 0f1f 8400 | 604a 009d | baf6 ffff | ff4c 8b5c | 2428 4c89 | 5c24 20c5 | fa10 4424 | 30c5 fa11 
  0x000001e213a09188: 4424 2c44 | 8954 2430 | 448b 5424 | 3c44 8954 | 2434 4489 | 4c24 3c90 

  0x000001e213a091a0: ;   {runtime_call UncommonTrapBlob}
  0x000001e213a091a0: c5f8 77e8 

  0x000001e213a091a4: ; ImmutableOopMap {[32]=Oop [48]=NarrowOop [72]=Oop }
                      ;*invokevirtual get {reexecute=0 rethrow=0 return_oop=0}
                      ; - com.jme3.renderer.RenderManager::render@125 (line 1156)
                      ; - com.jme3.app.SimpleApplication::update@197 (line 272)
                      ; - com.jme3.system.lwjgl.LwjglWindow::runLoop@37 (line 530)
  0x000001e213a091a4: b8b1 64ff 

  0x000001e213a091a8: ;   {other}
  0x000001e213a091a8: 0f1f 8400 | a04a 009e | baf6 ffff | ff48 8b6c | 2448 4c8b | 5c24 284c | 895c 2420 | c5fa 104c 
  0x000001e213a091c8: 2430 c5f8 | 28c1 c5fa | 1144 242c | 4489 5424 | 3044 8b5c | 243c 4489 | 5c24 3444 | 894c 2438 
  0x000001e213a091e8: 8974 2444 | 894c 2448 | 894c 244c 

  0x000001e213a091f4: ;   {runtime_call UncommonTrapBlob}
  0x000001e213a091f4: c5f8 77e8 

  0x000001e213a091f8: ; ImmutableOopMap {rbp=Oop [32]=Oop [48]=NarrowOop [68]=NarrowOop }
                      ;*aaload {reexecute=0 rethrow=0 return_oop=0}
                      ; - java.util.ArrayList::elementData@5 (line 412)
                      ; - java.util.ArrayList::get@11 (line 429)
                      ; - com.jme3.renderer.RenderManager::render@125 (line 1156)
                      ; - com.jme3.app.SimpleApplication::update@197 (line 272)
                      ; - com.jme3.system.lwjgl.LwjglWindow::runLoop@37 (line 530)
  0x000001e213a091f8: 64b1 64ff 

  0x000001e213a091fc: ;   {other}
  0x000001e213a091fc: 0f1f 8400 | f44a 009f | baf4 ffff | ff4c 8b5c | 2428 4c89 | 5c24 20c5 | fa10 4c24 | 30c5 f828 
  0x000001e213a0921c: c1c5 fa11 | 4424 2c44 | 8954 2430 | 894c 2438 

  0x000001e213a0922c: ;   {runtime_call UncommonTrapBlob}
  0x000001e213a0922c: c5f8 77e8 

  0x000001e213a09230: ; ImmutableOopMap {[32]=Oop [48]=NarrowOop [72]=Oop }
                      ;*checkcast {reexecute=0 rethrow=0 return_oop=0}
                      ; - com.jme3.renderer.RenderManager::render@128 (line 1156)
                      ; - com.jme3.app.SimpleApplication::update@197 (line 272)
                      ; - com.jme3.system.lwjgl.LwjglWindow::runLoop@37 (line 530)
  0x000001e213a09230: 2cb1 64ff 

  0x000001e213a09234: ;   {other}
  0x000001e213a09234: 0f1f 8400 | 2c4b 00a0 | baf6 ffff | ff4c 8b5c | 2428 4c89 | 5c24 20c5 | fa10 4424 | 30c5 fa11 
  0x000001e213a09254: 4424 2c44 | 8954 2430 | 448b 5424 | 3c44 8954 | 2434 4489 | 4c24 3c90 

  0x000001e213a0926c: ;   {runtime_call UncommonTrapBlob}
  0x000001e213a0926c: c5f8 77e8 

  0x000001e213a09270: ; ImmutableOopMap {[32]=Oop [48]=NarrowOop [64]=Oop [72]=Oop }
                      ;*invokevirtual size {reexecute=0 rethrow=0 return_oop=0}
                      ; - com.jme3.renderer.RenderManager::render@114 (line 1155)
                      ; - com.jme3.app.SimpleApplication::update@197 (line 272)
                      ; - com.jme3.system.lwjgl.LwjglWindow::runLoop@37 (line 530)
  0x000001e213a09270: ecb0 64ff 

  0x000001e213a09274: ;   {other}
  0x000001e213a09274: 0f1f 8400 | 6c4b 00a1 | baf6 ffff | ff44 896c | 2438 895c | 243c 6690 

  0x000001e213a0928c: ;   {runtime_call UncommonTrapBlob}
  0x000001e213a0928c: c5f8 77e8 

  0x000001e213a09290: ; ImmutableOopMap {[56]=NarrowOop [60]=NarrowOop [72]=Oop [80]=Oop }
                      ;*getfield item {reexecute=1 rethrow=0 return_oop=0}
                      ; - (reexecute) java.util.concurrent.ConcurrentLinkedQueue::poll@8 (line 387)
                      ; - com.jme3.app.LegacyApplication::runQueuedTasks@4 (line 699)
                      ; - com.jme3.app.LegacyApplication::update@27 (line 715)
                      ; - com.jme3.app.SimpleApplication::update@20 (line 246)
                      ; - com.jme3.system.lwjgl.LwjglWindow::runLoop@37 (line 530)
  0x000001e213a09290: ccb0 64ff 

  0x000001e213a09294: ;   {other}
  0x000001e213a09294: 0f1f 8400 | 8c4b 00a2 | baf6 ffff | ff48 8b6c | 2448 6690 

  0x000001e213a092a8: ;   {runtime_call UncommonTrapBlob}
  0x000001e213a092a8: c5f8 77e8 

  0x000001e213a092ac: ; ImmutableOopMap {rbp=Oop }
                      ;*invokevirtual get {reexecute=0 rethrow=0 return_oop=0}
                      ; - com.jme3.system.lwjgl.LwjglWindow::runLoop@19 (line 526)
  0x000001e213a092ac: b0b0 64ff 

  0x000001e213a092b0: ;   {other}
  0x000001e213a092b0: 0f1f 8400 | a84b 00a3 | baf6 ffff | ff48 8b6c | 2448 6690 

  0x000001e213a092c4: ;   {runtime_call UncommonTrapBlob}
  0x000001e213a092c4: c5f8 77e8 

  0x000001e213a092c8: ; ImmutableOopMap {rbp=Oop }
                      ;*invokeinterface update {reexecute=0 rethrow=0 return_oop=0}
                      ; - com.jme3.system.lwjgl.LwjglWindow::runLoop@37 (line 530)
  0x000001e213a092c8: 94b0 64ff 

  0x000001e213a092cc: ;   {other}
  0x000001e213a092cc: 0f1f 8400 | c44b 00a4 | baf6 ffff | ff48 8b6c | 2448 48ff | 7424 5048 | 8f44 2420 | 4889 4424 
  0x000001e213a092ec: f88b 4424 | 6089 4424 | 3048 8b44 | 24f8 6690 

  0x000001e213a092fc: ;   {runtime_call UncommonTrapBlob}
  0x000001e213a092fc: c5f8 77e8 

  0x000001e213a09300: ; ImmutableOopMap {rbp=Oop [32]=Oop [48]=NarrowOop }
                      ;*invokevirtual set {reexecute=0 rethrow=0 return_oop=0}
                      ; - com.jme3.audio.AudioContext::setAudioRenderer@4 (line 44)
                      ; - com.jme3.app.LegacyApplication::update@4 (line 712)
                      ; - com.jme3.app.SimpleApplication::update@20 (line 246)
                      ; - com.jme3.system.lwjgl.LwjglWindow::runLoop@37 (line 530)
  0x000001e213a09300: 5cb0 64ff 

  0x000001e213a09304: ;   {other}
  0x000001e213a09304: 0f1f 8400 | fc4b 00a5 | baf6 ffff | ff48 8b6c | 2448 48ff | 7424 5048 | 8f44 2420 | 4889 5c24 
  0x000001e213a09324: 3848 895c | 2440 4889 | 4424 f88b | 4424 6089 | 4424 4848 | 8b44 24f8 | 48ff 7424 | 5848 8f44 
  0x000001e213a09344: 2450 6690 

  0x000001e213a09348: ;   {runtime_call UncommonTrapBlob}
  0x000001e213a09348: c5f8 77e8 

  0x000001e213a0934c: ; ImmutableOopMap {rbp=Oop [32]=Oop [56]=Oop [64]=Oop [72]=NarrowOop [80]=Oop [100]=NarrowOop }
                      ;*arraylength {reexecute=0 rethrow=0 return_oop=0}
                      ; - java.lang.ThreadLocal$ThreadLocalMap::set@6 (line 546)
                      ; - java.lang.ThreadLocal::set@13 (line 265)
                      ; - java.lang.ThreadLocal::set@5 (line 251)
                      ; - com.jme3.audio.AudioContext::setAudioRenderer@4 (line 44)
                      ; - com.jme3.app.LegacyApplication::update@4 (line 712)
                      ; - com.jme3.app.SimpleApplication::update@20 (line 246)
                      ; - com.jme3.system.lwjgl.LwjglWindow::runLoop@37 (line 530)
  0x000001e213a0934c: 10b0 64ff 

  0x000001e213a09350: ;   {other}
  0x000001e213a09350: 0f1f 8400 | 484c 00a6 | baf6 ffff | ff66 6690 

  0x000001e213a09360: ;   {runtime_call UncommonTrapBlob}
  0x000001e213a09360: c5f8 77e8 

  0x000001e213a09364: ; ImmutableOopMap {[72]=Oop [80]=Oop }
                      ;*invokevirtual update {reexecute=0 rethrow=0 return_oop=0}
                      ; - com.jme3.app.LegacyApplication::update@51 (line 720)
                      ; - com.jme3.app.SimpleApplication::update@20 (line 246)
                      ; - com.jme3.system.lwjgl.LwjglWindow::runLoop@37 (line 530)
  0x000001e213a09364: f8af 64ff 

  0x000001e213a09368: ;   {other}
  0x000001e213a09368: 0f1f 8400 | 604c 00a7 | baf6 ffff | ff44 894c | 2430 6690 

  0x000001e213a0937c: ;   {runtime_call UncommonTrapBlob}
  0x000001e213a0937c: c5f8 77e8 

  0x000001e213a09380: ; ImmutableOopMap {[48]=NarrowOop [72]=Oop [80]=Oop }
                      ;*invokevirtual getTimePerFrame {reexecute=0 rethrow=0 return_oop=0}
                      ; - com.jme3.app.LegacyApplication::update@128 (line 729)
                      ; - com.jme3.app.SimpleApplication::update@20 (line 246)
                      ; - com.jme3.system.lwjgl.LwjglWindow::runLoop@37 (line 530)
  0x000001e213a09380: dcaf 64ff 

  0x000001e213a09384: ;   {other}
  0x000001e213a09384: 0f1f 8400 | 7c4c 00a8 | baf6 ffff | ff66 6690 

  0x000001e213a09394: ;   {runtime_call UncommonTrapBlob}
  0x000001e213a09394: c5f8 77e8 

  0x000001e213a09398: ; ImmutableOopMap {[48]=Oop [72]=Oop }
                      ;*invokevirtual getTimePerFrame {reexecute=0 rethrow=0 return_oop=0}
                      ; - com.jme3.app.SimpleApplication::update@44 (line 251)
                      ; - com.jme3.system.lwjgl.LwjglWindow::runLoop@37 (line 530)
  0x000001e213a09398: c4af 64ff 

  0x000001e213a0939c: ;   {other}
  0x000001e213a0939c: 0f1f 8400 | 944c 00a9 | baf6 ffff | ff48 ff74 | 2428 488f | 4424 20c5 | fa10 4c24 | 30c5 f828 
  0x000001e213a093bc: c1c5 fa11 | 4424 2c90 

  0x000001e213a093c4: ;   {runtime_call UncommonTrapBlob}
  0x000001e213a093c4: c5f8 77e8 

  0x000001e213a093c8: ; ImmutableOopMap {[32]=Oop [72]=Oop }
                      ;*invokevirtual updateLogicalState {reexecute=0 rethrow=0 return_oop=0}
                      ; - com.jme3.app.SimpleApplication::update@109 (line 261)
                      ; - com.jme3.system.lwjgl.LwjglWindow::runLoop@37 (line 530)
  0x000001e213a093c8: 94af 64ff 

  0x000001e213a093cc: ;   {other}
  0x000001e213a093cc: 0f1f 8400 | c44c 00aa | baf6 ffff | ff48 8b6c | 2448 48ff | 7424 2848 | 8f44 2420 | c5fa 104c 
  0x000001e213a093ec: 2430 c5f8 | 28c1 c5fa | 1144 242c | 4c89 5424 | 404c 8954 | 2448 6690 

  0x000001e213a09404: ;   {runtime_call UncommonTrapBlob}
  0x000001e213a09404: c5f8 77e8 

  0x000001e213a09408: ; ImmutableOopMap {rbp=Oop [32]=Oop [64]=Oop [72]=Oop }
                      ;*invokevirtual isEmpty {reexecute=0 rethrow=0 return_oop=0}
                      ; - com.jme3.scene.Spatial::runControlUpdate@4 (line 732)
                      ; - com.jme3.scene.Spatial::updateLogicalState@2 (line 880)
                      ; - com.jme3.scene.Node::updateLogicalState@2 (line 231)
                      ; - com.jme3.app.SimpleApplication::update@109 (line 261)
                      ; - com.jme3.system.lwjgl.LwjglWindow::runLoop@37 (line 530)
  0x000001e213a09408: 54af 64ff 

  0x000001e213a0940c: ;   {other}
  0x000001e213a0940c: 0f1f 8400 | 044d 00ab | baf6 ffff | ff48 ff74 | 2428 488f | 4424 20c5 | fa10 4c24 | 30c5 f828 
  0x000001e213a0942c: c1c5 fa11 | 4424 2c90 

  0x000001e213a09434: ;   {runtime_call UncommonTrapBlob}
  0x000001e213a09434: c5f8 77e8 

  0x000001e213a09438: ; ImmutableOopMap {[32]=Oop [72]=Oop }
                      ;*invokevirtual updateLogicalState {reexecute=0 rethrow=0 return_oop=0}
                      ; - com.jme3.app.SimpleApplication::update@117 (line 262)
                      ; - com.jme3.system.lwjgl.LwjglWindow::runLoop@37 (line 530)
  0x000001e213a09438: 24af 64ff 

  0x000001e213a0943c: ;   {other}
  0x000001e213a0943c: 0f1f 8400 | 344d 00ac | baf6 ffff | ff48 8b6c | 2448 48ff | 7424 2848 | 8f44 2420 | c5fa 104c 
  0x000001e213a0945c: 2430 c5f8 | 28c1 c5fa | 1144 242c | 4c89 5424 | 404c 8954 | 2448 6690 

  0x000001e213a09474: ;   {runtime_call UncommonTrapBlob}
  0x000001e213a09474: c5f8 77e8 

  0x000001e213a09478: ; ImmutableOopMap {rbp=Oop [32]=Oop [64]=Oop [72]=Oop }
                      ;*invokevirtual isEmpty {reexecute=0 rethrow=0 return_oop=0}
                      ; - com.jme3.scene.Spatial::runControlUpdate@4 (line 732)
                      ; - com.jme3.scene.Spatial::updateLogicalState@2 (line 880)
                      ; - com.jme3.scene.Node::updateLogicalState@2 (line 231)
                      ; - com.jme3.app.SimpleApplication::update@117 (line 262)
                      ; - com.jme3.system.lwjgl.LwjglWindow::runLoop@37 (line 530)
  0x000001e213a09478: e4ae 64ff 

  0x000001e213a0947c: ;   {other}
  0x000001e213a0947c: 0f1f 8400 | 744d 00ad | baf6 ffff | ff48 8974 | 2420 4489 | 7424 2c90 

  0x000001e213a09494: ;   {runtime_call UncommonTrapBlob}
  0x000001e213a09494: c5f8 77e8 

  0x000001e213a09498: ; ImmutableOopMap {[32]=Oop [44]=NarrowOop [72]=Oop }
                      ;*invokevirtual render {reexecute=0 rethrow=0 return_oop=0}
                      ; - com.jme3.app.SimpleApplication::update@161 (line 269)
                      ; - com.jme3.system.lwjgl.LwjglWindow::runLoop@37 (line 530)
  0x000001e213a09498: c4ae 64ff 

  0x000001e213a0949c: ;   {other}
  0x000001e213a0949c: 0f1f 8400 | 944d 00ae | baf6 ffff | ff48 8974 | 2420 c5fa | 1044 2430 | c5fa 1144 | 2428 4489 
  0x000001e213a094bc: 7424 2c89 | 7c24 3444 | 8954 243c 

  0x000001e213a094c8: ;   {runtime_call UncommonTrapBlob}
  0x000001e213a094c8: c5f8 77e8 

  0x000001e213a094cc: ; ImmutableOopMap {[32]=Oop [44]=NarrowOop [52]=NarrowOop [60]=NarrowOop [72]=Oop }
                      ;*invokevirtual getArray {reexecute=0 rethrow=0 return_oop=0}
                      ; - com.jme3.app.state.AppStateManager::getStates@11 (line 127)
                      ; - com.jme3.app.state.AppStateManager::render@1 (line 366)
                      ; - com.jme3.app.SimpleApplication::update@161 (line 269)
                      ; - com.jme3.system.lwjgl.LwjglWindow::runLoop@37 (line 530)
  0x000001e213a094cc: 90ae 64ff 

  0x000001e213a094d0: ;   {other}
  0x000001e213a094d0: 0f1f 8400 | c84d 00af | baf6 ffff | ff48 8974 | 2420 c5fa | 104c 2430 | c5f8 28c1 | c5fa 1144 
  0x000001e213a094f0: 242c 4489 | 5c24 3090 

  0x000001e213a094f8: ;   {runtime_call UncommonTrapBlob}
  0x000001e213a094f8: c5f8 77e8 

  0x000001e213a094fc: ; ImmutableOopMap {[32]=Oop [48]=NarrowOop [72]=Oop }
                      ;*invokeinterface isRenderable {reexecute=0 rethrow=0 return_oop=0}
                      ; - com.jme3.app.SimpleApplication::update@192 (line 272)
                      ; - com.jme3.system.lwjgl.LwjglWindow::runLoop@37 (line 530)
  0x000001e213a094fc: 60ae 64ff 

  0x000001e213a09500: ;   {other}
  0x000001e213a09500: 0f1f 8400 | f84d 00b0 | baf6 ffff | ff48 8974 | 2428 4489 | 5c24 3890 

  0x000001e213a09518: ;   {runtime_call UncommonTrapBlob}
  0x000001e213a09518: c5f8 77e8 

  0x000001e213a0951c: ; ImmutableOopMap {rbp=Oop [40]=Oop [56]=NarrowOop [72]=Oop }
                      ;*invokevirtual get {reexecute=0 rethrow=0 return_oop=0}
                      ; - com.jme3.system.lwjgl.LwjglContext::isRenderable@4 (line 497)
                      ; - com.jme3.app.SimpleApplication::update@192 (line 272)
                      ; - com.jme3.system.lwjgl.LwjglWindow::runLoop@37 (line 530)
  0x000001e213a0951c: 40ae 64ff 

  0x000001e213a09520: ;   {other}
  0x000001e213a09520: 0f1f 8400 | 184e 00b1 | baf6 ffff | ff48 8974 | 2420 c5fa | 104c 2430 | c5f8 28c1 | c5fa 1144 
  0x000001e213a09540: 242c 4489 | 5424 3090 

  0x000001e213a09548: ;   {runtime_call UncommonTrapBlob}
  0x000001e213a09548: c5f8 77e8 

  0x000001e213a0954c: ; ImmutableOopMap {[32]=Oop [72]=Oop }
                      ;*invokevirtual render {reexecute=0 rethrow=0 return_oop=0}
                      ; - com.jme3.app.SimpleApplication::update@197 (line 272)
                      ; - com.jme3.system.lwjgl.LwjglWindow::runLoop@37 (line 530)
  0x000001e213a0954c: 10ae 64ff 

  0x000001e213a09550: ;   {other}
  0x000001e213a09550: 0f1f 8400 | 484e 00b2 | baf4 ffff | ff48 8974 | 2420 c5fa | 104c 2430 | c5f8 28c1 | c5fa 1144 
  0x000001e213a09570: 242c 4489 | 5c24 3044 | 8954 2434 

  0x000001e213a0957c: ;   {runtime_call UncommonTrapBlob}
  0x000001e213a0957c: c5f8 77e8 

  0x000001e213a09580: ; ImmutableOopMap {[32]=Oop [48]=NarrowOop [72]=Oop }
                      ;*instanceof {reexecute=0 rethrow=0 return_oop=0}
                      ; - com.jme3.renderer.RenderManager::render@4 (line 1140)
                      ; - com.jme3.app.SimpleApplication::update@197 (line 272)
                      ; - com.jme3.system.lwjgl.LwjglWindow::runLoop@37 (line 530)
  0x000001e213a09580: dcad 64ff 

  0x000001e213a09584: ;   {other}
  0x000001e213a09584: 0f1f 8400 | 7c4e 00b3 | baf6 ffff | ff48 8974 | 2420 c5fa | 1044 2430 | c5fa 1144 | 242c 4489 
  0x000001e213a095a4: 5c24 3044 | 8954 2434 

  0x000001e213a095ac: ;   {runtime_call UncommonTrapBlob}
  0x000001e213a095ac: c5f8 77e8 

  0x000001e213a095b0: ; ImmutableOopMap {[32]=Oop [48]=NarrowOop [72]=Oop }
                      ;*invokevirtual newFrame {reexecute=0 rethrow=0 return_oop=0}
                      ; - com.jme3.renderer.RenderManager::render@15 (line 1144)
                      ; - com.jme3.app.SimpleApplication::update@197 (line 272)
                      ; - com.jme3.system.lwjgl.LwjglWindow::runLoop@37 (line 530)
  0x000001e213a095b0: acad 64ff 

  0x000001e213a095b4: ;   {other}
  0x000001e213a095b4: 0f1f 8400 | ac4e 00b4 | baf6 ffff | ff4c 8b5c | 2428 4c89 | 5c24 20c5 | fa10 4424 | 30c5 fa11 
  0x000001e213a095d4: 4424 2c44 | 8b5c 2434 | 4489 5c24 | 3044 8b44 | 243c 4489 | 4424 3444 | 8954 243c 

  0x000001e213a095f0: ;   {runtime_call UncommonTrapBlob}
  0x000001e213a095f0: c5f8 77e8 

  0x000001e213a095f4: ; ImmutableOopMap {[32]=Oop [48]=NarrowOop [60]=NarrowOop [72]=Oop }
                      ;*invokevirtual getTimePerFrame {reexecute=0 rethrow=0 return_oop=0}
                      ; - com.jme3.shader.UniformBindingManager::newFrame@19 (line 272)
                      ; - com.jme3.renderer.RenderManager::render@15 (line 1144)
                      ; - com.jme3.app.SimpleApplication::update@197 (line 272)
                      ; - com.jme3.system.lwjgl.LwjglWindow::runLoop@37 (line 530)
  0x000001e213a095f4: 68ad 64ff 

  0x000001e213a095f8: ;   {other}
  0x000001e213a095f8: 0f1f 8400 | f04e 00b5 | baf6 ffff | ff4c 8b5c | 2428 4c89 | 5c24 20c5 | fa10 4c24 | 30c5 f828 
  0x000001e213a09618: c1c5 fa11 | 4424 2c44 | 8954 2430 

  0x000001e213a09624: ;   {runtime_call UncommonTrapBlob}
  0x000001e213a09624: c5f8 77e8 

  0x000001e213a09628: ; ImmutableOopMap {[32]=Oop [48]=NarrowOop [72]=Oop }
                      ;*invokevirtual size {reexecute=0 rethrow=0 return_oop=0}
                      ; - com.jme3.renderer.RenderManager::render@44 (line 1147)
                      ; - com.jme3.app.SimpleApplication::update@197 (line 272)
                      ; - com.jme3.system.lwjgl.LwjglWindow::runLoop@37 (line 530)
  0x000001e213a09628: 34ad 64ff 

  0x000001e213a0962c: ;   {other}
  0x000001e213a0962c: 0f1f 8400 | 244f 00b6 | baf6 ffff | ff4c 8b5c | 2428 4c89 | 5c24 20c5 | fa10 4424 | 30c5 fa11 
  0x000001e213a0964c: 4424 2c44 | 8954 2430 

  0x000001e213a09654: ;   {runtime_call UncommonTrapBlob}
  0x000001e213a09654: c5f8 77e8 

  0x000001e213a09658: ; ImmutableOopMap {[32]=Oop [48]=NarrowOop [72]=Oop }
                      ;*invokevirtual size {reexecute=0 rethrow=0 return_oop=0}
                      ; - com.jme3.renderer.RenderManager::render@114 (line 1155)
                      ; - com.jme3.app.SimpleApplication::update@197 (line 272)
                      ; - com.jme3.system.lwjgl.LwjglWindow::runLoop@37 (line 530)
  0x000001e213a09658: 04ad 64ff 

  0x000001e213a0965c: ;   {other}
  0x000001e213a0965c: 0f1f 8400 | 544f 00b7 | baf6 ffff | ff4c 8b5c | 2428 4c89 | 5c24 20c5 | fa10 4c24 | 30c5 f828 
  0x000001e213a0967c: c1c5 fa11 | 4424 2c44 | 8954 2430 

  0x000001e213a09688: ;   {runtime_call UncommonTrapBlob}
  0x000001e213a09688: c5f8 77e8 

  0x000001e213a0968c: ; ImmutableOopMap {[32]=Oop [48]=NarrowOop [72]=Oop }
                      ;*invokevirtual size {reexecute=0 rethrow=0 return_oop=0}
                      ; - com.jme3.renderer.RenderManager::render@184 (line 1163)
                      ; - com.jme3.app.SimpleApplication::update@197 (line 272)
                      ; - com.jme3.system.lwjgl.LwjglWindow::runLoop@37 (line 530)
  0x000001e213a0968c: d0ac 64ff 

  0x000001e213a09690: ;   {other}
  0x000001e213a09690: 0f1f 8400 | 884f 00b8 | baf6 ffff | ff4c 8b44 | 2428 4c89 | 4424 20c5 | fa10 4c24 | 30c5 f828 
  0x000001e213a096b0: c1c5 fa11 | 4424 2c44 | 8954 2430 | 448b 4424 | 3c44 8944 | 2434 4489 | 5c24 3c90 

  0x000001e213a096cc: ;   {runtime_call UncommonTrapBlob}
  0x000001e213a096cc: c5f8 77e8 

  0x000001e213a096d0: ; ImmutableOopMap {[32]=Oop [48]=NarrowOop [72]=Oop }
                      ;*invokevirtual get {reexecute=0 rethrow=0 return_oop=0}
                      ; - com.jme3.renderer.RenderManager::render@195 (line 1164)
                      ; - com.jme3.app.SimpleApplication::update@197 (line 272)
                      ; - com.jme3.system.lwjgl.LwjglWindow::runLoop@37 (line 530)
  0x000001e213a096d0: 8cac 64ff 

  0x000001e213a096d4: ;   {other}
  0x000001e213a096d4: 0f1f 8400 | cc4f 00b9 | baf6 ffff | ff48 8b6c | 2448 4c8b | 4424 284c | 8944 2420 | c5fa 1044 
  0x000001e213a096f4: 2430 c5fa | 1144 242c | 4489 5424 | 3044 8b54 | 243c 4489 | 5424 3444 | 895c 2438 | 897c 2444 
  0x000001e213a09714: 895c 2448 | 895c 244c 

  0x000001e213a0971c: ;   {runtime_call UncommonTrapBlob}
  0x000001e213a0971c: c5f8 77e8 

  0x000001e213a09720: ; ImmutableOopMap {rbp=Oop [32]=Oop [48]=NarrowOop [68]=NarrowOop }
                      ;*aaload {reexecute=0 rethrow=0 return_oop=0}
                      ; - java.util.ArrayList::elementData@5 (line 412)
                      ; - java.util.ArrayList::get@11 (line 429)
                      ; - com.jme3.renderer.RenderManager::render@195 (line 1164)
                      ; - com.jme3.app.SimpleApplication::update@197 (line 272)
                      ; - com.jme3.system.lwjgl.LwjglWindow::runLoop@37 (line 530)
  0x000001e213a09720: 3cac 64ff 

  0x000001e213a09724: ;   {other}
  0x000001e213a09724: 0f1f 8400 | 1c50 00ba | baf4 ffff | ff4c 8b5c | 2428 4c89 | 5c24 20c5 | fa10 4424 | 30c5 fa11 
  0x000001e213a09744: 4424 2c44 | 8954 2430 | 895c 2438 

  0x000001e213a09750: ;   {runtime_call UncommonTrapBlob}
  0x000001e213a09750: c5f8 77e8 

  0x000001e213a09754: ; ImmutableOopMap {[32]=Oop [48]=NarrowOop [72]=Oop }
                      ;*checkcast {reexecute=0 rethrow=0 return_oop=0}
                      ; - com.jme3.renderer.RenderManager::render@198 (line 1164)
                      ; - com.jme3.app.SimpleApplication::update@197 (line 272)
                      ; - com.jme3.system.lwjgl.LwjglWindow::runLoop@37 (line 530)
  0x000001e213a09754: 08ac 64ff 

  0x000001e213a09758: ;   {other}
  0x000001e213a09758: 0f1f 8400 | 5050 00bb | baf6 ffff | ff48 8974 | 2420 6690 

  0x000001e213a0976c: ;   {runtime_call UncommonTrapBlob}
  0x000001e213a0976c: c5f8 77e8 

  0x000001e213a09770: ; ImmutableOopMap {[32]=Oop [72]=Oop }
                      ;*invokevirtual postRender {reexecute=0 rethrow=0 return_oop=0}
                      ; - com.jme3.app.SimpleApplication::update@212 (line 274)
                      ; - com.jme3.system.lwjgl.LwjglWindow::runLoop@37 (line 530)
  0x000001e213a09770: ecab 64ff 

  0x000001e213a09774: ;   {other}
  0x000001e213a09774: 0f1f 8400 | 6c50 00bc | baf6 ffff | ff48 8974 | 2420 c5fa | 1044 2430 | c5fa 1144 | 2428 897c 
  0x000001e213a09794: 2430 4489 | 5c24 3890 

  0x000001e213a0979c: ;   {runtime_call UncommonTrapBlob}
  0x000001e213a0979c: c5f8 77e8 

  0x000001e213a097a0: ; ImmutableOopMap {[32]=Oop [48]=NarrowOop [56]=NarrowOop [72]=Oop }
                      ;*invokevirtual getArray {reexecute=0 rethrow=0 return_oop=0}
                      ; - com.jme3.app.state.AppStateManager::getStates@11 (line 127)
                      ; - com.jme3.app.state.AppStateManager::postRender@1 (line 378)
                      ; - com.jme3.app.SimpleApplication::update@212 (line 274)
                      ; - com.jme3.system.lwjgl.LwjglWindow::runLoop@37 (line 530)
  0x000001e213a097a0: bcab 64ff 

  0x000001e213a097a4: ;   {other}
  0x000001e213a097a4: 0f1f 8400 | 9c50 00bd | baf6 ffff | ff4c 8b44 | 2428 4c89 | 4424 20c5 | fa10 4c24 | 30c5 f828 
  0x000001e213a097c4: c1c5 fa11 | 4424 2c44 | 8954 2430 | 448b 4424 | 3c44 8944 | 2434 4489 | 5c24 3c90 

  0x000001e213a097e0: ;   {runtime_call UncommonTrapBlob}
  0x000001e213a097e0: c5f8 77e8 

  0x000001e213a097e4: ; ImmutableOopMap {[32]=Oop [48]=NarrowOop [64]=Oop [72]=Oop }
                      ;*invokevirtual size {reexecute=0 rethrow=0 return_oop=0}
                      ; - com.jme3.renderer.RenderManager::render@184 (line 1163)
                      ; - com.jme3.app.SimpleApplication::update@197 (line 272)
                      ; - com.jme3.system.lwjgl.LwjglWindow::runLoop@37 (line 530)
  0x000001e213a097e4: 78ab 64ff 

  0x000001e213a097e8: ;   {other}
  0x000001e213a097e8: 0f1f 8400 | e050 00be | baf6 ffff | ff66 6690 

  0x000001e213a097f8: ;   {runtime_call UncommonTrapBlob}
  0x000001e213a097f8: c5f8 77e8 

  0x000001e213a097fc: ; ImmutableOopMap {[72]=Oop }
                      ;*invokevirtual get {reexecute=0 rethrow=0 return_oop=0}
                      ; - com.jme3.system.lwjgl.LwjglWindow::runLoop@46 (line 535)
  0x000001e213a097fc: 60ab 64ff 

  0x000001e213a09800: ;   {other}
  0x000001e213a09800: 0f1f 8400 | f850 00bf | baf6 ffff | ff4c 8954 | 2428 6690 

  0x000001e213a09814: ;   {runtime_call UncommonTrapBlob}
  0x000001e213a09814: c5f8 77e8 

  0x000001e213a09818: ; ImmutableOopMap {[40]=Oop [72]=Oop }
                      ;*invokevirtual deleteUnused {reexecute=0 rethrow=0 return_oop=0}
                      ; - com.jme3.renderer.opengl.GLRenderer::postFrame@5 (line 1117)
                      ; - com.jme3.system.lwjgl.LwjglWindow::runLoop@100 (line 549)
  0x000001e213a09818: 44ab 64ff 

  0x000001e213a0981c: ;   {other}
  0x000001e213a0981c: 0f1f 8400 | 1451 00c0 | baf6 ffff | ff89 4c24 | 284c 8954 | 2430 6690 

  0x000001e213a09834: ;   {runtime_call UncommonTrapBlob}
  0x000001e213a09834: c5f8 77e8 

  0x000001e213a09838: ; ImmutableOopMap {[40]=NarrowOop [48]=Oop [72]=Oop }
                      ;*invokevirtual isEmpty {reexecute=0 rethrow=0 return_oop=0}
                      ; - com.jme3.util.NativeObjectManager::deleteUnused@12 (line 175)
                      ; - com.jme3.renderer.opengl.GLRenderer::postFrame@5 (line 1117)
                      ; - com.jme3.system.lwjgl.LwjglWindow::runLoop@100 (line 549)
  0x000001e213a09838: 24ab 64ff 

  0x000001e213a0983c: ;   {other}
  0x000001e213a0983c: 0f1f 8400 | 3451 00c1 | baf6 ffff | ff89 4c24 | 284c 8954 | 2430 6690 

  0x000001e213a09854: ;   {runtime_call UncommonTrapBlob}
  0x000001e213a09854: c5f8 77e8 

  0x000001e213a09858: ; ImmutableOopMap {[40]=NarrowOop [48]=Oop [72]=Oop }
                      ;*invokevirtual poll {reexecute=0 rethrow=0 return_oop=0}
                      ; - com.jme3.util.NativeObjectManager::deleteUnused@54 (line 183)
                      ; - com.jme3.renderer.opengl.GLRenderer::postFrame@5 (line 1117)
                      ; - com.jme3.system.lwjgl.LwjglWindow::runLoop@100 (line 549)
  0x000001e213a09858: 04ab 64ff 

  0x000001e213a0985c: ;   {other}
  0x000001e213a0985c: 0f1f 8400 | 5451 00c2 | baf6 ffff | ff4c 8954 | 2420 6690 

  0x000001e213a09870: ;   {runtime_call UncommonTrapBlob}
  0x000001e213a09870: c5f8 77e8 

  0x000001e213a09874: ; ImmutableOopMap {[32]=Oop [72]=Oop }
                      ;*invokevirtual isEmpty {reexecute=0 rethrow=0 return_oop=0}
                      ; - com.jme3.opencl.OpenCLObjectManager::deleteUnusedObjects@4 (line 83)
                      ; - com.jme3.renderer.opengl.GLRenderer::postFrame@11 (line 1118)
                      ; - com.jme3.system.lwjgl.LwjglWindow::runLoop@100 (line 549)
  0x000001e213a09874: e8aa 64ff 

  0x000001e213a09878: ;   {other}
  0x000001e213a09878: 0f1f 8400 | 7051 00c3 | baf6 ffff | ff4c 8954 | 2428 6690 

  0x000001e213a0988c: ;   {runtime_call UncommonTrapBlob}
  0x000001e213a0988c: c5f8 77e8 

  0x000001e213a09890: ; ImmutableOopMap {rbp=NarrowOop [40]=Oop [72]=Oop }
                      ;*invokevirtual isEmpty {reexecute=0 rethrow=0 return_oop=0}
                      ; - java.util.HashSet::isEmpty@4 (line 201)
                      ; - com.jme3.opencl.OpenCLObjectManager::deleteUnusedObjects@4 (line 83)
                      ; - com.jme3.renderer.opengl.GLRenderer::postFrame@11 (line 1118)
                      ; - com.jme3.system.lwjgl.LwjglWindow::runLoop@100 (line 549)
  0x000001e213a09890: ccaa 64ff 

  0x000001e213a09894: ;   {other}
  0x000001e213a09894: 0f1f 8400 | 8c51 00c4 | baf6 ffff | ff4c 8954 | 2420 6690 

  0x000001e213a098a8: ;   {runtime_call UncommonTrapBlob}
  0x000001e213a098a8: c5f8 77e8 

  0x000001e213a098ac: ; ImmutableOopMap {[32]=Oop [72]=Oop }
                      ;*getfield levelValue {reexecute=1 rethrow=0 return_oop=0}
                      ; - (reexecute) java.util.logging.Logger::isLoggable@4 (line 2036)
                      ; - java.util.logging.Logger::log@2 (line 1029)
                      ; - com.jme3.opencl.OpenCLObjectManager::deleteUnusedObjects@18 (line 84)
                      ; - com.jme3.renderer.opengl.GLRenderer::postFrame@11 (line 1118)
                      ; - com.jme3.system.lwjgl.LwjglWindow::runLoop@100 (line 549)
  0x000001e213a098ac: b0aa 64ff 

  0x000001e213a098b0: ;   {other}
  0x000001e213a098b0: 0f1f 8400 | a851 00c5 | baf6 ffff | ff4c 8954 | 2420 6690 

  0x000001e213a098c4: ;   {runtime_call UncommonTrapBlob}
  0x000001e213a098c4: c5f8 77e8 

  0x000001e213a098c8: ; ImmutableOopMap {[32]=Oop [72]=Oop }
                      ;*invokeinterface resetStats {reexecute=0 rethrow=0 return_oop=0}
                      ; - com.jme3.renderer.opengl.GLRenderer::postFrame@18 (line 1119)
                      ; - com.jme3.system.lwjgl.LwjglWindow::runLoop@100 (line 549)
  0x000001e213a098c8: 94aa 64ff 

  0x000001e213a098cc: ;   {other}
  0x000001e213a098cc: 0f1f 8400 | c451 00c6 | baf6 ffff | ff44 895c | 2420 6690 

  0x000001e213a098e0: ;   {runtime_call UncommonTrapBlob}
  0x000001e213a098e0: c5f8 77e8 

  0x000001e213a098e4: ; ImmutableOopMap {[72]=Oop }
                      ;*invokevirtual getFrameRate {reexecute=0 rethrow=0 return_oop=0}
                      ; - com.jme3.system.lwjgl.LwjglWindow::runLoop@120 (line 553)
  0x000001e213a098e4: 78aa 64ff 

  0x000001e213a098e8: ;   {other}
  0x000001e213a098e8: 0f1f 8400 | e051 00c7 | ba45 ffff | ff48 8b6c | 2448 48ff | 7424 5048 | 8f44 2420 | 4889 5c24 
  0x000001e213a09908: 3848 8944 | 24f8 8b44 | 2460 8944 | 2440 488b | 4424 f848 | ff74 2458 | 488f 4424 | 4848 8944 
  0x000001e213a09928: 24f8 8b44 | 2464 8944 | 2454 488b | 4424 f890 

  0x000001e213a09938: ;   {runtime_call UncommonTrapBlob}
  0x000001e213a09938: c5f8 77e8 

  0x000001e213a0993c: ; ImmutableOopMap {rbp=Oop [32]=Oop [56]=Oop [64]=NarrowOop [72]=Oop [84]=NarrowOop }
                      ;*ifnull {reexecute=1 rethrow=0 return_oop=0}
                      ; - (reexecute) java.lang.ThreadLocal::set@7 (line 264)
                      ; - java.lang.ThreadLocal::set@5 (line 251)
                      ; - com.jme3.audio.AudioContext::setAudioRenderer@4 (line 44)
                      ; - com.jme3.app.LegacyApplication::update@4 (line 712)
                      ; - com.jme3.app.SimpleApplication::update@20 (line 246)
                      ; - com.jme3.system.lwjgl.LwjglWindow::runLoop@37 (line 530)
  0x000001e213a0993c: 20aa 64ff 

  0x000001e213a09940: ;   {other}
  0x000001e213a09940: 0f1f 8400 | 3852 00c8 | ba45 ffff | ff44 894c | 2430 6690 

  0x000001e213a09954: ;   {runtime_call UncommonTrapBlob}
  0x000001e213a09954: c5f8 77e8 

  0x000001e213a09958: ; ImmutableOopMap {[48]=NarrowOop [72]=Oop [80]=Oop }
                      ;*ifnull {reexecute=1 rethrow=0 return_oop=0}
                      ; - (reexecute) com.jme3.app.LegacyApplication::update@98 (line 727)
                      ; - com.jme3.app.SimpleApplication::update@20 (line 246)
                      ; - com.jme3.system.lwjgl.LwjglWindow::runLoop@37 (line 530)
  0x000001e213a09958: 04aa 64ff 

  0x000001e213a0995c: ;   {other}
  0x000001e213a0995c: 0f1f 8400 | 5452 00c9 | ba45 ffff | ff66 6690 

  0x000001e213a0996c: ;   {runtime_call UncommonTrapBlob}
  0x000001e213a0996c: c5f8 77e8 

  0x000001e213a09970: ; ImmutableOopMap {rbp=NarrowOop [72]=Oop }
                      ;*ifnull {reexecute=1 rethrow=0 return_oop=0}
                      ; - (reexecute) com.jme3.system.lwjgl.LwjglWindow::runLoop@93 (line 548)
  0x000001e213a09970: eca9 64ff 

  0x000001e213a09974: ;   {other}
  0x000001e213a09974: 0f1f 8400 | 6c52 00ca | 488b e8eb | 0848 8be8 | eb03 488b | e8ba 9dff | ffff 6690 

  0x000001e213a09990: ;   {runtime_call UncommonTrapBlob}
  0x000001e213a09990: c5f8 77e8 

  0x000001e213a09994: ; ImmutableOopMap {rbp=Oop [40]=Oop [52]=NarrowOop [56]=NarrowOop [60]=NarrowOop [72]=Oop }
                      ;*astore_2 {reexecute=0 rethrow=0 return_oop=0}
                      ; - com.jme3.app.state.AppStateManager::getStates@20 (line 128)
                      ; - com.jme3.app.state.AppStateManager::render@1 (line 366)
                      ; - com.jme3.app.SimpleApplication::update@161 (line 269)
                      ; - com.jme3.system.lwjgl.LwjglWindow::runLoop@37 (line 530)
  0x000001e213a09994: c8a9 64ff 

  0x000001e213a09998: ;   {other}
  0x000001e213a09998: 0f1f 8400 | 9052 00cb | 488b e8eb | 0848 8be8 | eb03 488b | e8ba 9dff | ffff 6690 

  0x000001e213a099b4: ;   {runtime_call UncommonTrapBlob}
  0x000001e213a099b4: c5f8 77e8 

  0x000001e213a099b8: ; ImmutableOopMap {rbp=Oop [40]=Oop [52]=NarrowOop [56]=NarrowOop [72]=Oop }
                      ;*astore_2 {reexecute=0 rethrow=0 return_oop=0}
                      ; - com.jme3.app.state.AppStateManager::getStates@20 (line 128)
                      ; - com.jme3.app.state.AppStateManager::postRender@1 (line 378)
                      ; - com.jme3.app.SimpleApplication::update@212 (line 274)
                      ; - com.jme3.system.lwjgl.LwjglWindow::runLoop@37 (line 530)
  0x000001e213a099b8: a4a9 64ff 

  0x000001e213a099bc: ;   {other}
  0x000001e213a099bc: 0f1f 8400 | b452 00cc | baf4 ffff | ff48 ff74 | 2428 488f | 4424 20c5 | fa10 4c24 | 30c5 f828 
  0x000001e213a099dc: c1c5 fa11 | 4424 2c90 

  0x000001e213a099e4: ;   {runtime_call UncommonTrapBlob}
  0x000001e213a099e4: c5f8 77e8 

  0x000001e213a099e8: ; ImmutableOopMap {[32]=Oop [72]=Oop [80]=Oop }
                      ;*checkcast {reexecute=0 rethrow=0 return_oop=0}
                      ; - com.jme3.scene.Node::updateLogicalState@20 (line 241)
                      ; - com.jme3.app.SimpleApplication::update@109 (line 261)
                      ; - com.jme3.system.lwjgl.LwjglWindow::runLoop@37 (line 530)
  0x000001e213a099e8: 74a9 64ff 

  0x000001e213a099ec: ;   {other}
  0x000001e213a099ec: 0f1f 8400 | e452 00cd | baf4 ffff | ff48 ff74 | 2428 488f | 4424 20c5 | fa10 4c24 | 30c5 f828 
  0x000001e213a09a0c: c1c5 fa11 | 4424 2c90 

  0x000001e213a09a14: ;   {runtime_call UncommonTrapBlob}
  0x000001e213a09a14: c5f8 77e8 

  0x000001e213a09a18: ; ImmutableOopMap {[32]=Oop [72]=Oop [80]=Oop }
                      ;*checkcast {reexecute=0 rethrow=0 return_oop=0}
                      ; - com.jme3.scene.Node::updateLogicalState@20 (line 241)
                      ; - com.jme3.app.SimpleApplication::update@117 (line 262)
                      ; - com.jme3.system.lwjgl.LwjglWindow::runLoop@37 (line 530)
  0x000001e213a09a18: 44a9 64ff 

  0x000001e213a09a1c: ;   {other}
  0x000001e213a09a1c: 0f1f 8400 | 1453 00ce | ba9d ffff | ff48 8944 | 2440 6690 

  0x000001e213a09a30: ;   {runtime_call UncommonTrapBlob}
  0x000001e213a09a30: c5f8 77e8 

  0x000001e213a09a34: ; ImmutableOopMap {[40]=Oop [48]=NarrowOop [56]=Oop [64]=Oop [72]=Oop }
                      ;*astore_2 {reexecute=0 rethrow=0 return_oop=0}
                      ; - java.lang.ref.ReferenceQueue::poll@30 (line 195)
                      ; - com.jme3.util.NativeObjectManager::deleteUnused@54 (line 183)
                      ; - com.jme3.renderer.opengl.GLRenderer::postFrame@5 (line 1117)
                      ; - com.jme3.system.lwjgl.LwjglWindow::runLoop@100 (line 549)
  0x000001e213a09a34: 28a9 64ff 

  0x000001e213a09a38: ;   {other}
  0x000001e213a09a38: 0f1f 8400 | 3053 00cf | eb53 eb51 | eb4f eb4d | eb4b eb49 | eb00 488b | d0eb 45eb | 40eb 3eeb 
  0x000001e213a09a58: 3ceb 3aeb | 38eb 36eb | 34eb 32eb | 30eb 2eeb | 2ceb 0048 | 8bd0 eb28 | eb23 eb21 | eb1f 488b 
  0x000001e213a09a78: d0eb 1deb | 18eb 16eb | 14eb 12eb | 10eb 0eeb | 0ceb 0aeb | 08eb 06eb | 04eb 02eb | 0048 8bd0 
  0x000001e213a09a98: c5f8 7748 | 81c4 d000 

  0x000001e213a09aa0: ;   {runtime_call _rethrow_Java}
  0x000001e213a09aa0: 0000 5de9 | 38ab 72ff 

  0x000001e213a09aa8: ;   {internal_word}
  0x000001e213a09aa8: 49ba d764 | a013 e201 | 0000 4d89 | 9760 0400 

  0x000001e213a09ab8: ;   {runtime_call SafepointBlob}
  0x000001e213a09ab8: 00e9 22b9 | 64ff 4183 | 8718 0600 | 0008 49ff | 8750 0500 | 00e9 8fc4 | ffff 4983 | ba9e 0000 
  0x000001e213a09ad8: 0000 74ea | 49c7 423e | 0000 0000 | f083 0424 | 0049 83ba | 9e00 0000 | 0075 0b48 | 33c0 f04d 
  0x000001e213a09af8: 0fb1 7a3e | 74c8 33c0 | e95c c4ff | ff41 8387 | 1806 0000 | 0849 ff87 | 5005 0000 | e98b beff 
  0x000001e213a09b18: ff49 83ba | 9e00 0000 | 0074 ea49 | c742 3e00 | 0000 00f0 | 8304 2400 | 4983 ba9e | 0000 0000 
  0x000001e213a09b38: 750b 4833 | c0f0 4d0f | b17a 3e74 | c833 c0e9 | 58be ffff | 4183 8718 | 0600 0008 | 49ff 8750 
  0x000001e213a09b58: 0500 00e9 | 69ba ffff | 4983 ba9e | 0000 0000 | 74ea 49c7 | 423e 0000 | 0000 f083 | 0424 0049 
  0x000001e213a09b78: 83ba 9e00 | 0000 0075 | 0b48 33c0 | f04d 0fb1 | 7a3e 74c8 | 33c0 e936 

  0x000001e213a09b90: ;   {runtime_call StubRoutines (final stubs)}
  0x000001e213a09b90: baff ffe8 | a8db 62ff | e991 b2ff | fff4 f4f4 
[Stub Code]
  0x000001e213a09ba0: ;   {no_reloc}
  0x000001e213a09ba0: 48bb 0000 | 0000 0000 

  0x000001e213a09ba8: ;   {runtime_call nmethod}
  0x000001e213a09ba8: 0000 e9fb 

  0x000001e213a09bac: ;   {static_stub}
  0x000001e213a09bac: ffff ff48 | bb00 0000 | 0000 0000 

  0x000001e213a09bb8: ;   {runtime_call nmethod}
  0x000001e213a09bb8: 00e9 fbff 

  0x000001e213a09bbc: ;   {static_stub}
  0x000001e213a09bbc: ffff 48bb | 0000 0000 | 0000 0000 

  0x000001e213a09bc8: ;   {runtime_call nmethod}
  0x000001e213a09bc8: e9fb ffff 

  0x000001e213a09bcc: ;   {static_stub}
  0x000001e213a09bcc: ff48 bb18 | 1140 75e2 

  0x000001e213a09bd4: ;   {runtime_call I2C/C2I adapters}
  0x000001e213a09bd4: 0100 00e9 | 5b20 66ff 

  0x000001e213a09bdc: ;   {static_stub}
  0x000001e213a09bdc: 48bb 0000 | 0000 0000 

  0x000001e213a09be4: ;   {runtime_call nmethod}
  0x000001e213a09be4: 0000 e9fb 

  0x000001e213a09be8: ;   {static_stub}
  0x000001e213a09be8: ffff ff48 | bb00 0000 | 0000 0000 

  0x000001e213a09bf4: ;   {runtime_call nmethod}
  0x000001e213a09bf4: 00e9 fbff 

  0x000001e213a09bf8: ;   {static_stub}
  0x000001e213a09bf8: ffff 48bb | 0000 0000 | 0000 0000 

  0x000001e213a09c04: ;   {runtime_call nmethod}
  0x000001e213a09c04: e9fb ffff 

  0x000001e213a09c08: ;   {static_stub}
  0x000001e213a09c08: ff48 bb00 | 0000 0000 

  0x000001e213a09c10: ;   {runtime_call nmethod}
  0x000001e213a09c10: 0000 00e9 | fbff ffff 

  0x000001e213a09c18: ;   {static_stub}
  0x000001e213a09c18: 48bb 0000 | 0000 0000 

  0x000001e213a09c20: ;   {runtime_call nmethod}
  0x000001e213a09c20: 0000 e9fb 

  0x000001e213a09c24: ;   {static_stub}
  0x000001e213a09c24: ffff ff48 | bb00 0000 | 0000 0000 

  0x000001e213a09c30: ;   {runtime_call nmethod}
  0x000001e213a09c30: 00e9 fbff 

  0x000001e213a09c34: ;   {static_stub}
  0x000001e213a09c34: ffff 48bb | 0000 0000 | 0000 0000 

  0x000001e213a09c40: ;   {runtime_call nmethod}
  0x000001e213a09c40: e9fb ffff 

  0x000001e213a09c44: ;   {static_stub}
  0x000001e213a09c44: ff48 bb00 | 0000 0000 

  0x000001e213a09c4c: ;   {runtime_call nmethod}
  0x000001e213a09c4c: 0000 00e9 | fbff ffff 

  0x000001e213a09c54: ;   {static_stub}
  0x000001e213a09c54: 48bb 0000 | 0000 0000 

  0x000001e213a09c5c: ;   {runtime_call nmethod}
  0x000001e213a09c5c: 0000 e9fb 

  0x000001e213a09c60: ;   {static_stub}
  0x000001e213a09c60: ffff ff48 | bb00 0000 | 0000 0000 

  0x000001e213a09c6c: ;   {runtime_call nmethod}
  0x000001e213a09c6c: 00e9 fbff 

  0x000001e213a09c70: ;   {static_stub}
  0x000001e213a09c70: ffff 48bb | 0000 0000 | 0000 0000 

  0x000001e213a09c7c: ;   {runtime_call nmethod}
  0x000001e213a09c7c: e9fb ffff 

  0x000001e213a09c80: ;   {static_stub}
  0x000001e213a09c80: ff48 bb00 | 0000 0000 

  0x000001e213a09c88: ;   {runtime_call nmethod}
  0x000001e213a09c88: 0000 00e9 | fbff ffff 

  0x000001e213a09c90: ;   {static_stub}
  0x000001e213a09c90: 48bb 0000 | 0000 0000 

  0x000001e213a09c98: ;   {runtime_call nmethod}
  0x000001e213a09c98: 0000 e9fb 

  0x000001e213a09c9c: ;   {static_stub}
  0x000001e213a09c9c: ffff ff48 | bb00 0000 | 0000 0000 

  0x000001e213a09ca8: ;   {runtime_call nmethod}
  0x000001e213a09ca8: 00e9 fbff 

  0x000001e213a09cac: ;   {static_stub}
  0x000001e213a09cac: ffff 48bb | 0000 0000 | 0000 0000 

  0x000001e213a09cb8: ;   {runtime_call nmethod}
  0x000001e213a09cb8: e9fb ffff 

  0x000001e213a09cbc: ;   {static_stub}
  0x000001e213a09cbc: ff48 bb00 | 0000 0000 

  0x000001e213a09cc4: ;   {runtime_call nmethod}
  0x000001e213a09cc4: 0000 00e9 | fbff ffff 

  0x000001e213a09ccc: ;   {static_stub}
  0x000001e213a09ccc: 48bb 0000 | 0000 0000 

  0x000001e213a09cd4: ;   {runtime_call nmethod}
  0x000001e213a09cd4: 0000 e9fb 

  0x000001e213a09cd8: ;   {static_stub}
  0x000001e213a09cd8: ffff ff48 | bb00 0000 | 0000 0000 

  0x000001e213a09ce4: ;   {runtime_call nmethod}
  0x000001e213a09ce4: 00e9 fbff 

  0x000001e213a09ce8: ;   {static_stub}
  0x000001e213a09ce8: ffff 48bb | 0000 0000 | 0000 0000 

  0x000001e213a09cf4: ;   {runtime_call nmethod}
  0x000001e213a09cf4: e9fb ffff 

  0x000001e213a09cf8: ;   {static_stub}
  0x000001e213a09cf8: ff48 bb00 | 0000 0000 

  0x000001e213a09d00: ;   {runtime_call nmethod}
  0x000001e213a09d00: 0000 00e9 | fbff ffff 

  0x000001e213a09d08: ;   {static_stub}
  0x000001e213a09d08: 48bb 0000 | 0000 0000 

  0x000001e213a09d10: ;   {runtime_call nmethod}
  0x000001e213a09d10: 0000 e9fb 

  0x000001e213a09d14: ;   {static_stub}
  0x000001e213a09d14: ffff ff48 | bb00 0000 | 0000 0000 

  0x000001e213a09d20: ;   {runtime_call nmethod}
  0x000001e213a09d20: 00e9 fbff 

  0x000001e213a09d24: ;   {static_stub}
  0x000001e213a09d24: ffff 48bb | 0000 0000 | 0000 0000 

  0x000001e213a09d30: ;   {runtime_call nmethod}
  0x000001e213a09d30: e9fb ffff 

  0x000001e213a09d34: ;   {runtime_call ExceptionBlob}
  0x000001e213a09d34: ffe9 2650 | 72ff e800 | 0000 0048 | 832c 2405 

  0x000001e213a09d44: ;   {runtime_call DeoptimizationBlob}
  0x000001e213a09d44: e937 a964 | fff4 f4f4 | f4f4 f4f4 
[/MachCode]


---------------  P R O C E S S  ---------------

Threads class SMR info:
_java_thread_list=0x000001e281f82140, length=19, elements={
0x000001e2034973d0, 0x000001e21bda28c0, 0x000001e233405a50, 0x000001e2334098e0,
0x000001e23340a340, 0x000001e23340b1d0, 0x000001e23340bde0, 0x000001e233421dd0,
0x000001e233415500, 0x000001e233587940, 0x000001e233588600, 0x000001e23358dc40,
0x000001e23358eca0, 0x000001e23359e030, 0x000001e279660760, 0x000001e2797e0070,
0x000001e28153cdf0, 0x000001e28153c760, 0x000001e28153a000
}

Java Threads: ( => current thread )
=>0x000001e2034973d0 JavaThread "main"                              [_thread_in_native, id=57900, stack(0x0000008c3f400000,0x0000008c3f500000) (1024K)]
  0x000001e21bda28c0 JavaThread "Reference Handler"          daemon [_thread_blocked, id=46144, stack(0x0000008c3fc00000,0x0000008c3fd00000) (1024K)]
  0x000001e233405a50 JavaThread "Finalizer"                  daemon [_thread_blocked, id=3448, stack(0x0000008c3fd00000,0x0000008c3fe00000) (1024K)]
  0x000001e2334098e0 JavaThread "Signal Dispatcher"          daemon [_thread_blocked, id=7184, stack(0x0000008c3fe00000,0x0000008c3ff00000) (1024K)]
  0x000001e23340a340 JavaThread "Attach Listener"            daemon [_thread_blocked, id=35208, stack(0x0000008c3ff00000,0x0000008c40000000) (1024K)]
  0x000001e23340b1d0 JavaThread "Service Thread"             daemon [_thread_blocked, id=37868, stack(0x0000008c40000000,0x0000008c40100000) (1024K)]
  0x000001e23340bde0 JavaThread "Monitor Deflation Thread"   daemon [_thread_blocked, id=24820, stack(0x0000008c40100000,0x0000008c40200000) (1024K)]
  0x000001e233421dd0 JavaThread "C2 CompilerThread0"         daemon [_thread_blocked, id=47028, stack(0x0000008c40200000,0x0000008c40300000) (1024K)]
  0x000001e233415500 JavaThread "C1 CompilerThread0"         daemon [_thread_blocked, id=34260, stack(0x0000008c40300000,0x0000008c40400000) (1024K)]
  0x000001e233587940 JavaThread "JDWP Transport Listener: dt_socket" daemon [_thread_blocked, id=54996, stack(0x0000008c40500000,0x0000008c40600000) (1024K)]
  0x000001e233588600 JavaThread "JDWP Event Helper Thread"   daemon [_thread_blocked, id=32948, stack(0x0000008c40600000,0x0000008c40700000) (1024K)]
  0x000001e23358dc40 JavaThread "JDWP Command Reader"        daemon [_thread_in_native, id=48140, stack(0x0000008c40700000,0x0000008c40800000) (1024K)]
  0x000001e23358eca0 JavaThread "Notification Thread"        daemon [_thread_blocked, id=14624, stack(0x0000008c40800000,0x0000008c40900000) (1024K)]
  0x000001e23359e030 JavaThread "Common-Cleaner"             daemon [_thread_blocked, id=1644, stack(0x0000008c40900000,0x0000008c40a00000) (1024K)]
  0x000001e279660760 JavaThread "Java2D Disposer"            daemon [_thread_blocked, id=4600, stack(0x0000008c40b00000,0x0000008c40c00000) (1024K)]
  0x000001e2797e0070 JavaThread "TimerQueue"                 daemon [_thread_blocked, id=12912, stack(0x0000008c41980000,0x0000008c41a80000) (1024K)]
  0x000001e28153cdf0 JavaThread "Thread to free LWJGL byte buffers" daemon [_thread_blocked, id=25792, stack(0x0000008c43460000,0x0000008c43560000) (1024K)]
  0x000001e28153c760 JavaThread "jME3 Audio Decoder"         daemon [_thread_blocked, id=37808, stack(0x0000008c43360000,0x0000008c43460000) (1024K)]
  0x000001e28153a000 JavaThread "AWT-Shutdown"                      [_thread_blocked, id=38928, stack(0x0000008c40400000,0x0000008c40500000) (1024K)]
Total: 19

Other Threads:
  0x000001e21bd909f0 VMThread "VM Thread"                           [id=39952, stack(0x0000008c3fb00000,0x0000008c3fc00000) (1024K)]
  0x000001e21bc2f890 WorkerThread "GC Thread#0"                     [id=4652, stack(0x0000008c3f500000,0x0000008c3f600000) (1024K)]
  0x000001e28143c930 WorkerThread "GC Thread#1"                     [id=59648, stack(0x0000008c41680000,0x0000008c41780000) (1024K)]
  0x000001e281433340 WorkerThread "GC Thread#2"                     [id=7788, stack(0x0000008c41c60000,0x0000008c41d60000) (1024K)]
  0x000001e281432480 WorkerThread "GC Thread#3"                     [id=49580, stack(0x0000008c41d60000,0x0000008c41e60000) (1024K)]
  0x000001e281433e50 WorkerThread "GC Thread#4"                     [id=60348, stack(0x0000008c41e60000,0x0000008c41f60000) (1024K)]
  0x000001e281432830 WorkerThread "GC Thread#5"                     [id=35344, stack(0x0000008c41f60000,0x0000008c42060000) (1024K)]
  0x000001e281432be0 WorkerThread "GC Thread#6"                     [id=35076, stack(0x0000008c42060000,0x0000008c42160000) (1024K)]
  0x000001e2814336f0 WorkerThread "GC Thread#7"                     [id=56680, stack(0x0000008c42160000,0x0000008c42260000) (1024K)]
  0x000001e281432f90 WorkerThread "GC Thread#8"                     [id=52332, stack(0x0000008c42260000,0x0000008c42360000) (1024K)]
  0x000001e281433aa0 WorkerThread "GC Thread#9"                     [id=53860, stack(0x0000008c42360000,0x0000008c42460000) (1024K)]
  0x000001e2819a6a80 WorkerThread "GC Thread#10"                    [id=35464, stack(0x0000008c42460000,0x0000008c42560000) (1024K)]
  0x000001e2819a8450 WorkerThread "GC Thread#11"                    [id=53156, stack(0x0000008c42560000,0x0000008c42660000) (1024K)]
  0x000001e2819a8f60 WorkerThread "GC Thread#12"                    [id=43616, stack(0x0000008c42660000,0x0000008c42760000) (1024K)]
  0x000001e2819a66d0 WorkerThread "GC Thread#13"                    [id=51256, stack(0x0000008c42b60000,0x0000008c42c60000) (1024K)]
  0x000001e2819a9310 WorkerThread "GC Thread#14"                    [id=32280, stack(0x0000008c42c60000,0x0000008c42d60000) (1024K)]
  0x000001e2819a80a0 WorkerThread "GC Thread#15"                    [id=15032, stack(0x0000008c42d60000,0x0000008c42e60000) (1024K)]
  0x000001e2819a9e20 WorkerThread "GC Thread#16"                    [id=48244, stack(0x0000008c42e60000,0x0000008c42f60000) (1024K)]
  0x000001e2819a71e0 WorkerThread "GC Thread#17"                    [id=56172, stack(0x0000008c42f60000,0x0000008c43060000) (1024K)]
  0x000001e2819a96c0 WorkerThread "GC Thread#18"                    [id=26748, stack(0x0000008c43060000,0x0000008c43160000) (1024K)]
  0x000001e2819a9a70 WorkerThread "GC Thread#19"                    [id=55944, stack(0x0000008c43160000,0x0000008c43260000) (1024K)]
  0x000001e21bc30a50 ConcurrentGCThread "G1 Main Marker"            terminated
  0x000001e203523cf0 WorkerThread "G1 Conc#0"                       [id=12448, stack(0x0000008c3f700000,0x0000008c3f800000) (1024K)]
  0x000001e2819a8bb0 WorkerThread "G1 Conc#1"                       [id=15836, stack(0x0000008c43b60000,0x0000008c43c60000) (1024K)]
  0x000001e2819a6e30 WorkerThread "G1 Conc#2"                       [id=38784, stack(0x0000008c43c60000,0x0000008c43d60000) (1024K)]
  0x000001e2819a7590 WorkerThread "G1 Conc#3"                       [id=59788, stack(0x0000008c43d60000,0x0000008c43e60000) (1024K)]
  0x000001e2819a7940 WorkerThread "G1 Conc#4"                       [id=60128, stack(0x0000008c43e60000,0x0000008c43f60000) (1024K)]
  0x000001e21bd1ed00 ConcurrentGCThread "G1 Refine#0"               terminated
  0x000001e2010ccfd0 ConcurrentGCThread "G1 Service"                terminated
Total: 29

Threads with active compile tasks:
Total: 0

VM state: not at safepoint (normal execution)

VM Mutex/Monitor currently owned by a thread: None

Heap address: 0x0000000404000000, size: 16320 MB, Compressed Oops mode: Zero based, Oop shift amount: 3

CDS archive(s) mapped at: [0x000001e234000000-0x000001e234d70000-0x000001e234d70000), size 14090240, SharedBaseAddress: 0x000001e234000000, ArchiveRelocationMode: 1.
Compressed class space mapped at: 0x000001e235000000-0x000001e275000000, reserved size: 1073741824
Narrow klass base: 0x000001e234000000, Narrow klass shift: 0, Narrow klass range: 0x41000000

GC Precious Log:
 CardTable entry size: 512
 Card Set container configuration: InlinePtr #cards 4 size 8 Array Of Cards #cards 64 size 144 Howl #buckets 8 coarsen threshold 14745 Howl Bitmap #cards 2048 size 272 coarsen threshold 1843 Card regions per heap region 1 cards per card region 16384
 CPUs: 28 total, 28 available
 Memory: 65277M
 Large Page Support: Disabled
 NUMA Support: Disabled
 Compressed Oops: Enabled (Zero based)
 Heap Region Size: 8M
 Heap Min Capacity: 8M
 Heap Initial Capacity: 1G
 Heap Max Capacity: 16320M
 Pre-touch: Disabled
 Parallel Workers: 20
 Concurrent Workers: 5
 Concurrent Refinement Workers: 20
 Periodic GC: Disabled

Heap:
 garbage-first heap   total reserved 16711680K, committed 548864K, used 67197K [0x0000000404000000, 0x0000000800000000)
  region size 8192K, 8 young (65536K), 2 survivors (16384K)
 Metaspace       used 23843K, committed 24128K, reserved 1114112K
  class space    used 2190K, committed 2304K, reserved 1048576K

Heap Regions: E=young(eden), S=young(survivor), O=old, HS=humongous(starts), HC=humongous(continues), CS=collection set, F=free, TAMS=top-at-mark-start, PB=parsable bottom
|   0|0x0000000404000000, 0x0000000404000000, 0x0000000404800000|  0%| F|  |TAMS 0x0000000404000000| PB 0x0000000404000000| Untracked |  0
|   1|0x0000000404800000, 0x0000000405000000, 0x0000000405000000|100%| O|  |TAMS 0x0000000404800000| PB 0x0000000404800000| Untracked |  0
|   2|0x0000000405000000, 0x0000000405000000, 0x0000000405800000|  0%| F|  |TAMS 0x0000000405000000| PB 0x0000000405000000| Untracked |  0
|   3|0x0000000405800000, 0x0000000405800000, 0x0000000406000000|  0%| F|  |TAMS 0x0000000405800000| PB 0x0000000405800000| Untracked |  0
|   4|0x0000000406000000, 0x0000000406000000, 0x0000000406800000|  0%| F|  |TAMS 0x0000000406000000| PB 0x0000000406000000| Untracked |  0
|   5|0x0000000406800000, 0x0000000406800000, 0x0000000407000000|  0%| F|  |TAMS 0x0000000406800000| PB 0x0000000406800000| Untracked |  0
|   6|0x0000000407000000, 0x0000000407000000, 0x0000000407800000|  0%| F|  |TAMS 0x0000000407000000| PB 0x0000000407000000| Untracked |  0
|   7|0x0000000407800000, 0x0000000407800000, 0x0000000408000000|  0%| F|  |TAMS 0x0000000407800000| PB 0x0000000407800000| Untracked |  0
|   8|0x0000000408000000, 0x0000000408000000, 0x0000000408800000|  0%| F|  |TAMS 0x0000000408000000| PB 0x0000000408000000| Untracked |  0
|   9|0x0000000408800000, 0x0000000408800000, 0x0000000409000000|  0%| F|  |TAMS 0x0000000408800000| PB 0x0000000408800000| Untracked |  0
|  10|0x0000000409000000, 0x0000000409000000, 0x0000000409800000|  0%| F|  |TAMS 0x0000000409000000| PB 0x0000000409000000| Untracked |  0
|  11|0x0000000409800000, 0x0000000409800000, 0x000000040a000000|  0%| F|  |TAMS 0x0000000409800000| PB 0x0000000409800000| Untracked |  0
|  12|0x000000040a000000, 0x000000040a000000, 0x000000040a800000|  0%| F|  |TAMS 0x000000040a000000| PB 0x000000040a000000| Untracked |  0
|  13|0x000000040a800000, 0x000000040a800000, 0x000000040b000000|  0%| F|  |TAMS 0x000000040a800000| PB 0x000000040a800000| Untracked |  0
|  14|0x000000040b000000, 0x000000040b000000, 0x000000040b800000|  0%| F|  |TAMS 0x000000040b000000| PB 0x000000040b000000| Untracked |  0
|  15|0x000000040b800000, 0x000000040b800000, 0x000000040c000000|  0%| F|  |TAMS 0x000000040b800000| PB 0x000000040b800000| Untracked |  0
|  16|0x000000040c000000, 0x000000040c000000, 0x000000040c800000|  0%| F|  |TAMS 0x000000040c000000| PB 0x000000040c000000| Untracked |  0
|  17|0x000000040c800000, 0x000000040c800000, 0x000000040d000000|  0%| F|  |TAMS 0x000000040c800000| PB 0x000000040c800000| Untracked |  0
|  18|0x000000040d000000, 0x000000040d000000, 0x000000040d800000|  0%| F|  |TAMS 0x000000040d000000| PB 0x000000040d000000| Untracked |  0
|  19|0x000000040d800000, 0x000000040d800000, 0x000000040e000000|  0%| F|  |TAMS 0x000000040d800000| PB 0x000000040d800000| Untracked |  0
|  20|0x000000040e000000, 0x000000040e000000, 0x000000040e800000|  0%| F|  |TAMS 0x000000040e000000| PB 0x000000040e000000| Untracked |  0
|  21|0x000000040e800000, 0x000000040e800000, 0x000000040f000000|  0%| F|  |TAMS 0x000000040e800000| PB 0x000000040e800000| Untracked |  0
|  22|0x000000040f000000, 0x000000040f000000, 0x000000040f800000|  0%| F|  |TAMS 0x000000040f000000| PB 0x000000040f000000| Untracked |  0
|  23|0x000000040f800000, 0x000000040f800000, 0x0000000410000000|  0%| F|  |TAMS 0x000000040f800000| PB 0x000000040f800000| Untracked |  0
|  24|0x0000000410000000, 0x0000000410000000, 0x0000000410800000|  0%| F|  |TAMS 0x0000000410000000| PB 0x0000000410000000| Untracked |  0
|  25|0x0000000410800000, 0x0000000410800000, 0x0000000411000000|  0%| F|  |TAMS 0x0000000410800000| PB 0x0000000410800000| Untracked |  0
|  26|0x0000000411000000, 0x0000000411000000, 0x0000000411800000|  0%| F|  |TAMS 0x0000000411000000| PB 0x0000000411000000| Untracked |  0
|  27|0x0000000411800000, 0x0000000411800000, 0x0000000412000000|  0%| F|  |TAMS 0x0000000411800000| PB 0x0000000411800000| Untracked |  0
|  28|0x0000000412000000, 0x0000000412000000, 0x0000000412800000|  0%| F|  |TAMS 0x0000000412000000| PB 0x0000000412000000| Untracked |  0
|  29|0x0000000412800000, 0x0000000412800000, 0x0000000413000000|  0%| F|  |TAMS 0x0000000412800000| PB 0x0000000412800000| Untracked |  0
|  30|0x0000000413000000, 0x0000000413000000, 0x0000000413800000|  0%| F|  |TAMS 0x0000000413000000| PB 0x0000000413000000| Untracked |  0
|  31|0x0000000413800000, 0x0000000413800000, 0x0000000414000000|  0%| F|  |TAMS 0x0000000413800000| PB 0x0000000413800000| Untracked |  0
|  32|0x0000000414000000, 0x00000004142f9ec0, 0x0000000414800000| 37%| S|CS|TAMS 0x0000000414000000| PB 0x0000000414000000| Complete |  0
|  33|0x0000000414800000, 0x0000000415000000, 0x0000000415000000|100%| S|CS|TAMS 0x0000000414800000| PB 0x0000000414800000| Complete |  0
|  34|0x0000000415000000, 0x0000000415000000, 0x0000000415800000|  0%| F|  |TAMS 0x0000000415000000| PB 0x0000000415000000| Untracked |  0
|  35|0x0000000415800000, 0x0000000415800000, 0x0000000416000000|  0%| F|  |TAMS 0x0000000415800000| PB 0x0000000415800000| Untracked |  0
|  36|0x0000000416000000, 0x0000000416000000, 0x0000000416800000|  0%| F|  |TAMS 0x0000000416000000| PB 0x0000000416000000| Untracked |  0
|  37|0x0000000416800000, 0x0000000416800000, 0x0000000417000000|  0%| F|  |TAMS 0x0000000416800000| PB 0x0000000416800000| Untracked |  0
|  38|0x0000000417000000, 0x0000000417000000, 0x0000000417800000|  0%| F|  |TAMS 0x0000000417000000| PB 0x0000000417000000| Untracked |  0
|  39|0x0000000417800000, 0x0000000417800000, 0x0000000418000000|  0%| F|  |TAMS 0x0000000417800000| PB 0x0000000417800000| Untracked |  0
|  40|0x0000000418000000, 0x0000000418000000, 0x0000000418800000|  0%| F|  |TAMS 0x0000000418000000| PB 0x0000000418000000| Untracked |  0
|  41|0x0000000418800000, 0x0000000418800000, 0x0000000419000000|  0%| F|  |TAMS 0x0000000418800000| PB 0x0000000418800000| Untracked |  0
|  42|0x0000000419000000, 0x0000000419000000, 0x0000000419800000|  0%| F|  |TAMS 0x0000000419000000| PB 0x0000000419000000| Untracked |  0
|  43|0x0000000419800000, 0x0000000419800000, 0x000000041a000000|  0%| F|  |TAMS 0x0000000419800000| PB 0x0000000419800000| Untracked |  0
|  44|0x000000041a000000, 0x000000041a000000, 0x000000041a800000|  0%| F|  |TAMS 0x000000041a000000| PB 0x000000041a000000| Untracked |  0
|  45|0x000000041a800000, 0x000000041a800000, 0x000000041b000000|  0%| F|  |TAMS 0x000000041a800000| PB 0x000000041a800000| Untracked |  0
|  46|0x000000041b000000, 0x000000041b000000, 0x000000041b800000|  0%| F|  |TAMS 0x000000041b000000| PB 0x000000041b000000| Untracked |  0
|  47|0x000000041b800000, 0x000000041b800000, 0x000000041c000000|  0%| F|  |TAMS 0x000000041b800000| PB 0x000000041b800000| Untracked |  0
|  48|0x000000041c000000, 0x000000041c000000, 0x000000041c800000|  0%| F|  |TAMS 0x000000041c000000| PB 0x000000041c000000| Untracked |  0
|  49|0x000000041c800000, 0x000000041c800000, 0x000000041d000000|  0%| F|  |TAMS 0x000000041c800000| PB 0x000000041c800000| Untracked |  0
|  50|0x000000041d000000, 0x000000041d000000, 0x000000041d800000|  0%| F|  |TAMS 0x000000041d000000| PB 0x000000041d000000| Untracked |  0
|  51|0x000000041d800000, 0x000000041d800000, 0x000000041e000000|  0%| F|  |TAMS 0x000000041d800000| PB 0x000000041d800000| Untracked |  0
|  52|0x000000041e000000, 0x000000041e000000, 0x000000041e800000|  0%| F|  |TAMS 0x000000041e000000| PB 0x000000041e000000| Untracked |  0
|  53|0x000000041e800000, 0x000000041e800000, 0x000000041f000000|  0%| F|  |TAMS 0x000000041e800000| PB 0x000000041e800000| Untracked |  0
|  54|0x000000041f000000, 0x000000041f000000, 0x000000041f800000|  0%| F|  |TAMS 0x000000041f000000| PB 0x000000041f000000| Untracked |  0
|  55|0x000000041f800000, 0x000000041f800000, 0x0000000420000000|  0%| F|  |TAMS 0x000000041f800000| PB 0x000000041f800000| Untracked |  0
|  56|0x0000000420000000, 0x0000000420000000, 0x0000000420800000|  0%| F|  |TAMS 0x0000000420000000| PB 0x0000000420000000| Untracked |  0
|  57|0x0000000420800000, 0x0000000420800000, 0x0000000421000000|  0%| F|  |TAMS 0x0000000420800000| PB 0x0000000420800000| Untracked |  0
|  58|0x0000000421000000, 0x0000000421000000, 0x0000000421800000|  0%| F|  |TAMS 0x0000000421000000| PB 0x0000000421000000| Untracked |  0
|  59|0x0000000421800000, 0x0000000421800000, 0x0000000422000000|  0%| F|  |TAMS 0x0000000421800000| PB 0x0000000421800000| Untracked |  0
|  60|0x0000000422000000, 0x00000004226c2950, 0x0000000422800000| 84%| E|  |TAMS 0x0000000422000000| PB 0x0000000422000000| Complete |  0
|  61|0x0000000422800000, 0x0000000423000000, 0x0000000423000000|100%| E|CS|TAMS 0x0000000422800000| PB 0x0000000422800000| Complete |  0
|  62|0x0000000423000000, 0x0000000423800000, 0x0000000423800000|100%| E|CS|TAMS 0x0000000423000000| PB 0x0000000423000000| Complete |  0
|  63|0x0000000423800000, 0x0000000424000000, 0x0000000424000000|100%| E|CS|TAMS 0x0000000423800000| PB 0x0000000423800000| Complete |  0
|  64|0x0000000424000000, 0x0000000424800000, 0x0000000424800000|100%| E|CS|TAMS 0x0000000424000000| PB 0x0000000424000000| Complete |  0
|  65|0x0000000424800000, 0x0000000425000000, 0x0000000425000000|100%| E|CS|TAMS 0x0000000424800000| PB 0x0000000424800000| Complete |  0
|2039|0x00000007ff800000, 0x00000007ffea55f0, 0x0000000800000000| 83%| O|  |TAMS 0x00000007ff800000| PB 0x00000007ff800000| Untracked |  0

Card table byte_map: [0x000001e21dd90000,0x000001e21fd70000] _byte_map_base: 0x000001e21bd70000

Marking Bits: (CMBitMap*) 0x000001e21bc2ffa0
 Bits: [0x000001e21fd70000, 0x000001e22fc70000)

Polling page: 0x000001e2013b0000

Metaspace:

Usage:
  Non-class:     21.15 MB used.
      Class:      2.14 MB used.
       Both:     23.29 MB used.

Virtual space:
  Non-class space:       64.00 MB reserved,      21.31 MB ( 33%) committed,  1 nodes.
      Class space:        1.00 GB reserved,       2.25 MB ( <1%) committed,  1 nodes.
             Both:        1.06 GB reserved,      23.56 MB (  2%) committed. 

Chunk freelists:
   Non-Class:  9.86 MB
       Class:  13.63 MB
        Both:  23.49 MB

MaxMetaspaceSize: unlimited
CompressedClassSpaceSize: 1.00 GB
Initial GC threshold: 21.00 MB
Current GC threshold: 35.56 MB
CDS: on
 - commit_granule_bytes: 65536.
 - commit_granule_words: 8192.
 - virtual_space_node_default_size: 8388608.
 - enlarge_chunks_in_place: 1.
 - use_allocation_guard: 0.


Internal statistics:

num_allocs_failed_limit: 5.
num_arena_births: 232.
num_arena_deaths: 0.
num_vsnodes_births: 2.
num_vsnodes_deaths: 0.
num_space_committed: 376.
num_space_uncommitted: 0.
num_chunks_returned_to_freelist: 5.
num_chunks_taken_from_freelist: 644.
num_chunk_merges: 0.
num_chunk_splits: 446.
num_chunks_enlarged: 329.
num_inconsistent_stats: 0.

CodeHeap 'non-profiled nmethods': size=119232Kb used=2972Kb max_used=2972Kb free=116259Kb
 bounds [0x000001e213740000, 0x000001e213a30000, 0x000001e21abb0000]
CodeHeap 'profiled nmethods': size=119104Kb used=6911Kb max_used=6911Kb free=112192Kb
 bounds [0x000001e20bbb0000, 0x000001e20c270000, 0x000001e213000000]
CodeHeap 'non-nmethods': size=7424Kb used=2427Kb max_used=4188Kb free=4996Kb
 bounds [0x000001e213000000, 0x000001e213420000, 0x000001e213740000]
CodeCache: size=245760Kb, used=12310Kb, max_used=14071Kb, free=233447Kb
 total_blobs=6019, nmethods=4696, adapters=1228, full_count=0
Compilation: enabled, stopped_count=0, restarted_count=0

Compilation events (20 events):
Event: 14.464 Thread 0x000001e233421dd0 4893       4       com.jme3.animation.AnimationUtils::clampWrapTime (108 bytes)
Event: 14.465 Thread 0x000001e233421dd0 nmethod 4893 0x000001e213a21308 code [0x000001e213a21440, 0x000001e213a21690]
Event: 14.792 Thread 0x000001e233421dd0 4894       4       com.jme3.animation.AnimControl::controlUpdate (72 bytes)
Event: 14.832 Thread 0x000001e233421dd0 nmethod 4894 0x000001e213a21708 code [0x000001e213a21b20, 0x000001e213a249d0]
Event: 14.832 Thread 0x000001e233421dd0 4895       4       com.jme3.animation.AnimChannel::update (304 bytes)
Event: 14.846 Thread 0x000001e233421dd0 nmethod 4895 0x000001e213a24c08 code [0x000001e213a24ea0, 0x000001e213a26620]
Event: 15.075 Thread 0x000001e233415500 4896       1       com.jme3.input.lwjgl.GlfwKeyInput::access$000 (5 bytes)
Event: 15.075 Thread 0x000001e233415500 nmethod 4896 0x000001e213a26788 code [0x000001e213a268a0, 0x000001e213a26950]
Event: 15.075 Thread 0x000001e233415500 4897       1       com.jme3.input.event.KeyInputEvent::isRepeating (5 bytes)
Event: 15.075 Thread 0x000001e233415500 nmethod 4897 0x000001e213a26a88 code [0x000001e213a26ba0, 0x000001e213a26c70]
Event: 15.400 Thread 0x000001e233421dd0 4898       4       java.util.concurrent.ConcurrentLinkedQueue$Node::casItem (10 bytes)
Event: 15.400 Thread 0x000001e233421dd0 nmethod 4898 0x000001e213a26d88 code [0x000001e213a26e80, 0x000001e213a26fe8]
Event: 15.400 Thread 0x000001e233421dd0 4899       4       java.util.ArrayDeque::removeFirst (19 bytes)
Event: 15.401 Thread 0x000001e233421dd0 nmethod 4899 0x000001e213a27088 code [0x000001e213a27180, 0x000001e213a272e0]
Event: 15.568 Thread 0x000001e233415500 4900   !   3       java.util.logging.LogManager$LoggerContext::findLogger (113 bytes)
Event: 15.568 Thread 0x000001e233415500 nmethod 4900 0x000001e20c26d988 code [0x000001e20c26dba0, 0x000001e20c26eba8]
Event: 15.568 Thread 0x000001e233415500 4901       3       java.util.logging.LogManager::checkPermission (16 bytes)
Event: 15.568 Thread 0x000001e233415500 nmethod 4901 0x000001e20c26ec08 code [0x000001e20c26ed40, 0x000001e20c26ef30]
Event: 15.568 Thread 0x000001e233415500 4902       3       java.util.logging.Logger::updateEffectiveLevel (126 bytes)
Event: 15.568 Thread 0x000001e233415500 nmethod 4902 0x000001e20c26ef88 code [0x000001e20c26f140, 0x000001e20c26fbc8]

GC Heap History (20 events):
Event: 1.903 GC heap before
{Heap before GC invocations=2 (full 2):
 garbage-first heap   total reserved 16711680K, committed 32768K, used 14873K [0x0000000404000000, 0x0000000800000000)
  region size 8192K, 1 young (8192K), 0 survivors (0K)
 Metaspace       used 13906K, committed 14144K, reserved 1114112K
  class space    used 1518K, committed 1600K, reserved 1048576K
}
Event: 1.904 GC heap after
{Heap after GC invocations=3 (full 2):
 garbage-first heap   total reserved 16711680K, committed 32768K, used 8061K [0x0000000404000000, 0x0000000800000000)
  region size 8192K, 1 young (8192K), 1 survivors (8192K)
 Metaspace       used 13906K, committed 14144K, reserved 1114112K
  class space    used 1518K, committed 1600K, reserved 1048576K
}
Event: 2.125 GC heap before
{Heap before GC invocations=3 (full 2):
 garbage-first heap   total reserved 16711680K, committed 32768K, used 16253K [0x0000000404000000, 0x0000000800000000)
  region size 8192K, 2 young (16384K), 1 survivors (8192K)
 Metaspace       used 16951K, committed 17216K, reserved 1114112K
  class space    used 1620K, committed 1728K, reserved 1048576K
}
Event: 2.127 GC heap after
{Heap after GC invocations=4 (full 2):
 garbage-first heap   total reserved 16711680K, committed 32768K, used 8745K [0x0000000404000000, 0x0000000800000000)
  region size 8192K, 1 young (8192K), 1 survivors (8192K)
 Metaspace       used 16951K, committed 17216K, reserved 1114112K
  class space    used 1620K, committed 1728K, reserved 1048576K
}
Event: 2.203 GC heap before
{Heap before GC invocations=4 (full 2):
 garbage-first heap   total reserved 16711680K, committed 32768K, used 16937K [0x0000000404000000, 0x0000000800000000)
  region size 8192K, 2 young (16384K), 1 survivors (8192K)
 Metaspace       used 19099K, committed 19328K, reserved 1114112K
  class space    used 1791K, committed 1856K, reserved 1048576K
}
Event: 2.204 GC heap after
{Heap after GC invocations=5 (full 2):
 garbage-first heap   total reserved 16711680K, committed 32768K, used 9331K [0x0000000404000000, 0x0000000800000000)
  region size 8192K, 1 young (8192K), 1 survivors (8192K)
 Metaspace       used 19099K, committed 19328K, reserved 1114112K
  class space    used 1791K, committed 1856K, reserved 1048576K
}
Event: 2.419 GC heap before
{Heap before GC invocations=5 (full 2):
 garbage-first heap   total reserved 16711680K, committed 32768K, used 9331K [0x0000000404000000, 0x0000000800000000)
  region size 8192K, 2 young (16384K), 1 survivors (8192K)
 Metaspace       used 21312K, committed 21504K, reserved 1114112K
  class space    used 2015K, committed 2112K, reserved 1048576K
}
Event: 2.420 GC heap after
{Heap after GC invocations=6 (full 2):
 garbage-first heap   total reserved 16711680K, committed 32768K, used 9767K [0x0000000404000000, 0x0000000800000000)
  region size 8192K, 1 young (8192K), 1 survivors (8192K)
 Metaspace       used 21312K, committed 21504K, reserved 1114112K
  class space    used 2015K, committed 2112K, reserved 1048576K
}
Event: 2.453 GC heap before
{Heap before GC invocations=7 (full 2):
 garbage-first heap   total reserved 16711680K, committed 32768K, used 17959K [0x0000000404000000, 0x0000000800000000)
  region size 8192K, 2 young (16384K), 1 survivors (8192K)
 Metaspace       used 21998K, committed 22336K, reserved 1114112K
  class space    used 2088K, committed 2240K, reserved 1048576K
}
Event: 2.454 GC heap after
{Heap after GC invocations=8 (full 2):
 garbage-first heap   total reserved 16711680K, committed 32768K, used 10621K [0x0000000404000000, 0x0000000800000000)
  region size 8192K, 1 young (8192K), 1 survivors (8192K)
 Metaspace       used 21998K, committed 22336K, reserved 1114112K
  class space    used 2088K, committed 2240K, reserved 1048576K
}
Event: 2.500 GC heap before
{Heap before GC invocations=8 (full 2):
 garbage-first heap   total reserved 16711680K, committed 32768K, used 18813K [0x0000000404000000, 0x0000000800000000)
  region size 8192K, 2 young (16384K), 1 survivors (8192K)
 Metaspace       used 22216K, committed 22464K, reserved 1114112K
  class space    used 2091K, committed 2240K, reserved 1048576K
}
Event: 2.504 GC heap after
{Heap after GC invocations=9 (full 2):
 garbage-first heap   total reserved 16711680K, committed 40960K, used 10349K [0x0000000404000000, 0x0000000800000000)
  region size 8192K, 1 young (8192K), 1 survivors (8192K)
 Metaspace       used 22216K, committed 22464K, reserved 1114112K
  class space    used 2091K, committed 2240K, reserved 1048576K
}
Event: 2.569 GC heap before
{Heap before GC invocations=9 (full 2):
 garbage-first heap   total reserved 16711680K, committed 40960K, used 18541K [0x0000000404000000, 0x0000000800000000)
  region size 8192K, 3 young (24576K), 1 survivors (8192K)
 Metaspace       used 22637K, committed 22912K, reserved 1114112K
  class space    used 2128K, committed 2240K, reserved 1048576K
}
Event: 2.572 GC heap after
{Heap after GC invocations=10 (full 2):
 garbage-first heap   total reserved 16711680K, committed 548864K, used 23189K [0x0000000404000000, 0x0000000800000000)
  region size 8192K, 1 young (8192K), 1 survivors (8192K)
 Metaspace       used 22637K, committed 22912K, reserved 1114112K
  class space    used 2128K, committed 2240K, reserved 1048576K
}
Event: 5.443 GC heap before
{Heap before GC invocations=10 (full 2):
 garbage-first heap   total reserved 16711680K, committed 548864K, used 162453K [0x0000000404000000, 0x0000000800000000)
  region size 8192K, 17 young (139264K), 1 survivors (8192K)
 Metaspace       used 23827K, committed 24128K, reserved 1114112K
  class space    used 2190K, committed 2304K, reserved 1048576K
}
Event: 5.445 GC heap after
{Heap after GC invocations=11 (full 2):
 garbage-first heap   total reserved 16711680K, committed 548864K, used 26320K [0x0000000404000000, 0x0000000800000000)
  region size 8192K, 2 young (16384K), 2 survivors (16384K)
 Metaspace       used 23827K, committed 24128K, reserved 1114112K
  class space    used 2190K, committed 2304K, reserved 1048576K
}
Event: 9.172 GC heap before
{Heap before GC invocations=11 (full 2):
 garbage-first heap   total reserved 16711680K, committed 548864K, used 190160K [0x0000000404000000, 0x0000000800000000)
  region size 8192K, 22 young (180224K), 2 survivors (16384K)
 Metaspace       used 23837K, committed 24128K, reserved 1114112K
  class space    used 2190K, committed 2304K, reserved 1048576K
}
Event: 9.176 GC heap after
{Heap after GC invocations=12 (full 2):
 garbage-first heap   total reserved 16711680K, committed 548864K, used 26328K [0x0000000404000000, 0x0000000800000000)
  region size 8192K, 2 young (16384K), 2 survivors (16384K)
 Metaspace       used 23837K, committed 24128K, reserved 1114112K
  class space    used 2190K, committed 2304K, reserved 1048576K
}
Event: 14.125 GC heap before
{Heap before GC invocations=12 (full 2):
 garbage-first heap   total reserved 16711680K, committed 548864K, used 272088K [0x0000000404000000, 0x0000000800000000)
  region size 8192K, 32 young (262144K), 2 survivors (16384K)
 Metaspace       used 23837K, committed 24128K, reserved 1114112K
  class space    used 2190K, committed 2304K, reserved 1048576K
}
Event: 14.133 GC heap after
{Heap after GC invocations=13 (full 2):
 garbage-first heap   total reserved 16711680K, committed 548864K, used 26237K [0x0000000404000000, 0x0000000800000000)
  region size 8192K, 2 young (16384K), 2 survivors (16384K)
 Metaspace       used 23837K, committed 24128K, reserved 1114112K
  class space    used 2190K, committed 2304K, reserved 1048576K
}

Dll operation events (14 events):
Event: 0.005 Loaded shared library E:\Program Files\jdk23\bin\java.dll
Event: 0.025 Loaded shared library E:\Program Files\jdk23\bin\jsvml.dll
Event: 0.082 Loaded shared library E:\Program Files\jdk23\bin\net.dll
Event: 0.083 Loaded shared library E:\Program Files\jdk23\bin\nio.dll
Event: 0.084 Loaded shared library E:\Program Files\jdk23\bin\zip.dll
Event: 0.102 Loaded shared library E:\Program Files\jdk23\bin\jimage.dll
Event: 0.138 Loaded shared library E:\Program Files\jdk23\bin\awt.dll
Event: 0.316 Loaded shared library E:\Program Files\jdk23\bin\prefs.dll
Event: 0.361 Loaded shared library E:\Program Files\jdk23\bin\freetype.dll
Event: 0.362 Loaded shared library E:\Program Files\jdk23\bin\fontmanager.dll
Event: 1.503 Loaded shared library E:\CSProject2024\bulletjme.dll
Event: 1.530 Loaded shared library C:\Users\Tsawke\AppData\Local\Temp\lwjglTsawke\3.2.3-build-13\lwjgl.dll
Event: 1.901 Loaded shared library C:\Users\Tsawke\AppData\Local\Temp\lwjglTsawke\3.2.3-build-13\lwjgl_opengl.dll
Event: 2.430 Loaded shared library E:\Program Files\jdk23\bin\javajpeg.dll

Deoptimization events (20 events):
Event: 9.747 Thread 0x000001e2034973d0 Uncommon trap: trap_request=0xffffff45 fr.pc=0x000001e213a1cce8 relative=0x00000000000006a8
Event: 9.747 Thread 0x000001e2034973d0 Uncommon trap: reason=unstable_if action=reinterpret pc=0x000001e213a1cce8 method=com.jme3.math.Matrix4f.equals(Ljava/lang/Object;)Z @ 132 c2
Event: 9.747 Thread 0x000001e2034973d0 DEOPT PACKING pc=0x000001e213a1cce8 sp=0x0000008c3f4febf0
Event: 9.747 Thread 0x000001e2034973d0 DEOPT UNPACKING pc=0x000001e213054402 sp=0x0000008c3f4feb88 mode 2
Event: 9.747 Thread 0x000001e2034973d0 Uncommon trap: trap_request=0xffffff45 fr.pc=0x000001e213a18f84 relative=0x00000000000003e4
Event: 9.747 Thread 0x000001e2034973d0 Uncommon trap: reason=unstable_if action=reinterpret pc=0x000001e213a18f84 method=com.jme3.math.Matrix3f.equals(Ljava/lang/Object;)Z @ 100 c2
Event: 9.747 Thread 0x000001e2034973d0 DEOPT PACKING pc=0x000001e213a18f84 sp=0x0000008c3f4febf0
Event: 9.747 Thread 0x000001e2034973d0 DEOPT UNPACKING pc=0x000001e213054402 sp=0x0000008c3f4feb88 mode 2
Event: 13.679 Thread 0x000001e2034973d0 Uncommon trap: trap_request=0xffffff45 fr.pc=0x000001e213a13064 relative=0x0000000000001a64
Event: 13.679 Thread 0x000001e2034973d0 Uncommon trap: reason=unstable_if action=reinterpret pc=0x000001e213a13064 method=com.jme3.animation.AnimationUtils.clampWrapTime(FFLcom/jme3/animation/LoopMode;)F @ 22 c2
Event: 13.679 Thread 0x000001e2034973d0 DEOPT PACKING pc=0x000001e213a13064 sp=0x0000008c3f4fef10
Event: 13.679 Thread 0x000001e2034973d0 DEOPT UNPACKING pc=0x000001e213054402 sp=0x0000008c3f4fee60 mode 2
Event: 13.679 Thread 0x000001e2034973d0 Uncommon trap: trap_request=0xffffff45 fr.pc=0x000001e2139dc380 relative=0x00000000000000c0
Event: 13.679 Thread 0x000001e2034973d0 Uncommon trap: reason=unstable_if action=reinterpret pc=0x000001e2139dc380 method=com.jme3.animation.AnimationUtils.clampWrapTime(FFLcom/jme3/animation/LoopMode;)F @ 22 c2
Event: 13.679 Thread 0x000001e2034973d0 DEOPT PACKING pc=0x000001e2139dc380 sp=0x0000008c3f4feea0
Event: 13.679 Thread 0x000001e2034973d0 DEOPT UNPACKING pc=0x000001e213054402 sp=0x0000008c3f4fee40 mode 2
Event: 15.567 Thread 0x000001e2034973d0 Uncommon trap: trap_request=0xffffff45 fr.pc=0x000001e213a17568 relative=0x00000000000016a8
Event: 15.567 Thread 0x000001e2034973d0 Uncommon trap: reason=unstable_if action=reinterpret pc=0x000001e213a17568 method=com.csproject.jMEMain.simpleUpdate(F)V @ 455 c2
Event: 15.567 Thread 0x000001e2034973d0 DEOPT PACKING pc=0x000001e213a17568 sp=0x0000008c3f4ff030
Event: 15.567 Thread 0x000001e2034973d0 DEOPT UNPACKING pc=0x000001e213054402 sp=0x0000008c3f4fefe8 mode 2

Classes loaded (20 events):
Event: 2.549 Loading class java/util/stream/IntPipeline$Head
Event: 2.549 Loading class java/util/stream/IntPipeline
Event: 2.549 Loading class java/util/stream/IntPipeline done
Event: 2.549 Loading class java/util/stream/IntPipeline$Head done
Event: 2.556 Loading class java/lang/Byte$ByteCache
Event: 2.556 Loading class java/lang/Byte$ByteCache done
Event: 2.634 Loading class java/io/ObjectOutput
Event: 2.634 Loading class java/io/ObjectOutput done
Event: 2.634 Loading class java/io/ObjectInput
Event: 2.634 Loading class java/io/ObjectInput done
Event: 2.649 Loading class java/nio/DirectFloatBufferRU
Event: 2.649 Loading class java/nio/DirectFloatBufferRU done
Event: 2.657 Loading class java/util/concurrent/ConcurrentLinkedQueue$Itr
Event: 2.657 Loading class java/util/concurrent/ConcurrentLinkedQueue$Itr done
Event: 2.659 Loading class java/util/JumboEnumSet$EnumSetIterator
Event: 2.659 Loading class java/util/JumboEnumSet$EnumSetIterator done
Event: 2.777 Loading class sun/awt/AppContext$PostShutdownEventRunnable
Event: 2.777 Loading class sun/awt/AppContext$PostShutdownEventRunnable done
Event: 2.777 Loading class sun/awt/AWTAutoShutdown$1
Event: 2.777 Loading class sun/awt/AWTAutoShutdown$1 done

Classes unloaded (0 events):
No events

Classes redefined (0 events):
No events

Internal exceptions (20 events):
Event: 1.899 Thread 0x000001e2034973d0 Exception <a 'java/lang/NoSuchMethodError'{0x0000000405fc6260}: 'void java.lang.System.load(java.lang.String, java.lang.Class)'> (0x0000000405fc6260) 
thrown [s\open\src\hotspot\share\interpreter\linkResolver.cpp, line 796]
Event: 1.899 Thread 0x000001e2034973d0 Exception <a 'java/lang/NoSuchMethodError'{0x0000000405fc8cf0}: 'void java.lang.System.loadLibrary(java.lang.String, java.lang.Class)'> (0x0000000405fc8cf0) 
thrown [s\open\src\hotspot\share\interpreter\linkResolver.cpp, line 796]
Event: 1.901 Thread 0x000001e2034973d0 Exception <a 'sun/nio/fs/WindowsException'{0x0000000405fd8960}> (0x0000000405fd8960) 
thrown [s\open\src\hotspot\share\prims\jni.cpp, line 520]
Event: 1.901 Thread 0x000001e2034973d0 Exception <a 'sun/nio/fs/WindowsException'{0x0000000405fd8d18}> (0x0000000405fd8d18) 
thrown [s\open\src\hotspot\share\prims\jni.cpp, line 520]
Event: 1.902 Thread 0x000001e2034973d0 Exception <a 'sun/nio/fs/WindowsException'{0x0000000405fe0c30}> (0x0000000405fe0c30) 
thrown [s\open\src\hotspot\share\prims\jni.cpp, line 520]
Event: 1.902 Thread 0x000001e2034973d0 Exception <a 'sun/nio/fs/WindowsException'{0x0000000405fe0f20}> (0x0000000405fe0f20) 
thrown [s\open\src\hotspot\share\prims\jni.cpp, line 520]
Event: 2.124 Thread 0x000001e2034973d0 Exception <a 'java/lang/NoSuchMethodError'{0x0000000405fca650}: 'long java.lang.invoke.DelegatingMethodHandle$Holder.reinvoke_L(java.lang.Object, java.lang.Object)'> (0x0000000405fca650) 
thrown [s\open\src\hotspot\share\interpreter\linkResolver.cpp, line 796]
Event: 2.124 Thread 0x000001e2034973d0 Exception <a 'java/lang/NoSuchMethodError'{0x0000000405fd2770}: 'long java.lang.invoke.Invokers$Holder.invokeExact_MT(java.lang.Object, java.lang.Object, java.lang.Object)'> (0x0000000405fd2770) 
thrown [s\open\src\hotspot\share\interpreter\linkResolver.cpp, line 796]
Event: 2.202 Thread 0x000001e2034973d0 Exception <a 'sun/nio/fs/WindowsException'{0x0000000405fef640}> (0x0000000405fef640) 
thrown [s\open\src\hotspot\share\prims\jni.cpp, line 520]
Event: 2.202 Thread 0x000001e2034973d0 Exception <a 'sun/nio/fs/WindowsException'{0x0000000405fef9d0}> (0x0000000405fef9d0) 
thrown [s\open\src\hotspot\share\prims\jni.cpp, line 520]
Event: 2.550 Thread 0x000001e2034973d0 Exception <a 'java/lang/NoSuchMethodError'{0x0000000405c503a0}: 'java.lang.Object java.lang.invoke.DirectMethodHandle$Holder.newInvokeSpecial(java.lang.Object, java.lang.Object, java.lang.Object, java.lang.Object, java.lang.Object, java.lang.Object, java.lang.Object)'> (0x0000000405c503a0) 
thrown [s\open\src\hotspot\share\interpreter\linkResolver.cpp, line 796]
Event: 2.653 Thread 0x000001e2034973d0 Exception <a 'java/lang/NoSuchMethodError'{0x0000000423d95a70}: 'void java.lang.invoke.DirectMethodHandle$Holder.invokeSpecial(java.lang.Object, java.lang.Object, int)'> (0x0000000423d95a70) 
thrown [s\open\src\hotspot\share\interpreter\linkResolver.cpp, line 796]
Event: 2.986 Thread 0x000001e2034973d0 Implicit null exception at 0x000001e213949113 to 0x000001e213949e78
Event: 2.986 Thread 0x000001e2034973d0 Implicit null exception at 0x000001e213949113 to 0x000001e213949e78
Event: 2.986 Thread 0x000001e2034973d0 Implicit null exception at 0x000001e213949113 to 0x000001e213949e78
Event: 2.986 Thread 0x000001e2034973d0 Implicit null exception at 0x000001e213949113 to 0x000001e213949e78
Event: 2.992 Thread 0x000001e2034973d0 Implicit null exception at 0x000001e21394c16b to 0x000001e21394d704
Event: 3.257 Thread 0x000001e2034973d0 Implicit null exception at 0x000001e21393fb67 to 0x000001e2139470a0
Event: 4.276 Thread 0x000001e2034973d0 Implicit null exception at 0x000001e213904e02 to 0x000001e21390a3c0
Event: 5.203 Thread 0x000001e2034973d0 Implicit null exception at 0x000001e2139eb091 to 0x000001e2139eb410

VM Operations (20 events):
Event: 2.424 Executing VM operation: G1PauseCleanup
Event: 2.424 Executing VM operation: G1PauseCleanup done
Event: 2.453 Executing VM operation: G1CollectForAllocation (G1 Evacuation Pause)
Event: 2.454 Executing VM operation: G1CollectForAllocation (G1 Evacuation Pause) done
Event: 2.462 Executing VM operation: HandshakeAllThreads (Deoptimize)
Event: 2.462 Executing VM operation: HandshakeAllThreads (Deoptimize) done
Event: 2.500 Executing VM operation: G1CollectForAllocation (G1 Evacuation Pause)
Event: 2.504 Executing VM operation: G1CollectForAllocation (G1 Evacuation Pause) done
Event: 2.569 Executing VM operation: G1CollectForAllocation (G1 Evacuation Pause)
Event: 2.572 Executing VM operation: G1CollectForAllocation (G1 Evacuation Pause) done
Event: 2.649 Executing VM operation: HandshakeAllThreads (Deoptimize)
Event: 2.649 Executing VM operation: HandshakeAllThreads (Deoptimize) done
Event: 2.649 Executing VM operation: HandshakeAllThreads (Deoptimize)
Event: 2.649 Executing VM operation: HandshakeAllThreads (Deoptimize) done
Event: 5.443 Executing VM operation: G1CollectForAllocation (G1 Evacuation Pause)
Event: 5.445 Executing VM operation: G1CollectForAllocation (G1 Evacuation Pause) done
Event: 9.172 Executing VM operation: G1CollectForAllocation (G1 Evacuation Pause)
Event: 9.176 Executing VM operation: G1CollectForAllocation (G1 Evacuation Pause) done
Event: 14.125 Executing VM operation: G1CollectForAllocation (G1 Evacuation Pause)
Event: 14.133 Executing VM operation: G1CollectForAllocation (G1 Evacuation Pause) done

Memory protections (0 events):
No events

Nmethod flushes (20 events):
Event: 1.470 Thread 0x000001e21bd909f0 flushing  nmethod 0x000001e20bddd908
Event: 1.470 Thread 0x000001e21bd909f0 flushing  nmethod 0x000001e20bdde188
Event: 1.470 Thread 0x000001e21bd909f0 flushing  nmethod 0x000001e20bdde488
Event: 1.470 Thread 0x000001e21bd909f0 flushing  nmethod 0x000001e20bde3608
Event: 1.470 Thread 0x000001e21bd909f0 flushing  nmethod 0x000001e20bde9e08
Event: 1.470 Thread 0x000001e21bd909f0 flushing  nmethod 0x000001e20be04408
Event: 1.470 Thread 0x000001e21bd909f0 flushing  nmethod 0x000001e20be07f08
Event: 1.470 Thread 0x000001e21bd909f0 flushing  nmethod 0x000001e20be0b088
Event: 1.470 Thread 0x000001e21bd909f0 flushing  nmethod 0x000001e20be0ff88
Event: 1.470 Thread 0x000001e21bd909f0 flushing  nmethod 0x000001e20be10308
Event: 1.470 Thread 0x000001e21bd909f0 flushing  nmethod 0x000001e20be10908
Event: 1.470 Thread 0x000001e21bd909f0 flushing  nmethod 0x000001e20be59888
Event: 2.423 Thread 0x000001e21bd909f0 flushing  nmethod 0x000001e20bd83008
Event: 2.423 Thread 0x000001e21bd909f0 flushing  nmethod 0x000001e213791288
Event: 2.423 Thread 0x000001e21bd909f0 flushing  nmethod 0x000001e213791808
Event: 2.423 Thread 0x000001e21bd909f0 flushing  nmethod 0x000001e20bed2888
Event: 2.423 Thread 0x000001e21bd909f0 flushing  nmethod 0x000001e21377e488
Event: 2.423 Thread 0x000001e21bd909f0 flushing  nmethod 0x000001e20bd40288
Event: 2.423 Thread 0x000001e21bd909f0 flushing  nmethod 0x000001e20bd87f08
Event: 2.423 Thread 0x000001e21bd909f0 flushing  nmethod 0x000001e20bd88f88

Events (20 events):
Event: 4.256 Thread 0x000001e27ae500e0 Thread exited: 0x000001e27ae500e0
Event: 4.256 Thread 0x000001e28419ece0 Thread exited: 0x000001e28419ece0
Event: 4.256 Thread 0x000001e28439f3a0 Thread exited: 0x000001e28439f3a0
Event: 4.277 Thread 0x000001e27ae4fa20 Thread exited: 0x000001e27ae4fa20
Event: 4.294 Thread 0x000001e2335245a0 Thread exited: 0x000001e2335245a0
Event: 4.731 Thread 0x000001e233415500 Thread added: 0x000001e2846263f0
Event: 4.951 Thread 0x000001e2846263f0 Thread added: 0x000001e284628cd0
Event: 5.214 Thread 0x000001e284628cd0 Thread exited: 0x000001e284628cd0
Event: 5.214 Thread 0x000001e2846263f0 Thread exited: 0x000001e2846263f0
Event: 5.489 Thread 0x000001e2797dd280 Thread exited: 0x000001e2797dd280
Event: 15.567 Thread 0x000001e2034973d0 Thread added: 0x000001e28153a000
Event: 15.567 Thread 0x000001e2034973d0 Thread added: 0x000001e281541620
Event: 15.567 Thread 0x000001e2034973d0 Thread added: 0x000001e28153b3b0
Event: 15.568 Thread 0x000001e281541620 Thread exited: 0x000001e281541620
Event: 15.568 Thread 0x000001e2797dd910 Thread exited: 0x000001e2797dd910
Event: 15.568 Thread 0x000001e28153a000 Thread exited: 0x000001e28153a000
Event: 15.568 Thread 0x000001e279666a10 Thread added: 0x000001e28153a000
Event: 15.579 Thread 0x000001e279666a10 Thread exited: 0x000001e279666a10
Event: 15.668 Thread 0x000001e28153b3b0 Thread exited: 0x000001e28153b3b0
Event: 15.669 Thread 0x000001e2034973d0 Before exit entered


Dynamic libraries:
0x00007ff7cbad0000 - 0x00007ff7cbae0000 	E:\Program Files\jdk23\bin\java.exe
0x00007ffb15530000 - 0x00007ffb15747000 	C:\Windows\SYSTEM32\ntdll.dll
0x00007ffb14830000 - 0x00007ffb148f4000 	C:\Windows\System32\KERNEL32.DLL
0x00007ffb12a00000 - 0x00007ffb12db9000 	C:\Windows\System32\KERNELBASE.dll
0x00007ffb12e80000 - 0x00007ffb12f91000 	C:\Windows\System32\ucrtbase.dll
0x00007ff957350000 - 0x00007ff95736b000 	E:\Program Files\jdk23\bin\VCRUNTIME140.dll
0x00007ff955fa0000 - 0x00007ff955fb7000 	E:\Program Files\jdk23\bin\jli.dll
0x00007ffb15220000 - 0x00007ffb153ce000 	C:\Windows\System32\USER32.dll
0x00007ffb05b80000 - 0x00007ffb05e12000 	C:\Windows\WinSxS\amd64_microsoft.windows.common-controls_6595b64144ccf1df_6.0.22621.4391_none_2715d37f73803e96\COMCTL32.dll
0x00007ffb12860000 - 0x00007ffb12886000 	C:\Windows\System32\win32u.dll
0x00007ffb14aa0000 - 0x00007ffb14b47000 	C:\Windows\System32\msvcrt.dll
0x00007ffb153f0000 - 0x00007ffb15419000 	C:\Windows\System32\GDI32.dll
0x00007ffb13040000 - 0x00007ffb1315b000 	C:\Windows\System32\gdi32full.dll
0x00007ffb12fa0000 - 0x00007ffb1303a000 	C:\Windows\System32\msvcp_win.dll
0x00007ffb13d00000 - 0x00007ffb13d31000 	C:\Windows\System32\IMM32.DLL
0x00007ffac7cb0000 - 0x00007ffac7cbc000 	E:\Program Files\jdk23\bin\vcruntime140_1.dll
0x00007ff956f80000 - 0x00007ff95700e000 	E:\Program Files\jdk23\bin\msvcp140.dll
0x00007ff957370000 - 0x00007ff9580bf000 	E:\Program Files\jdk23\bin\server\jvm.dll
0x00007ffb14b50000 - 0x00007ffb14c02000 	C:\Windows\System32\ADVAPI32.dll
0x00007ffb13d40000 - 0x00007ffb13de7000 	C:\Windows\System32\sechost.dll
0x00007ffb12830000 - 0x00007ffb12858000 	C:\Windows\System32\bcrypt.dll
0x00007ffb14980000 - 0x00007ffb14a94000 	C:\Windows\System32\RPCRT4.dll
0x00007ffb14900000 - 0x00007ffb14971000 	C:\Windows\System32\WS2_32.dll
0x00007ffb116c0000 - 0x00007ffb1170d000 	C:\Windows\SYSTEM32\POWRPROF.dll
0x00007ffb0a1c0000 - 0x00007ffb0a1ca000 	C:\Windows\SYSTEM32\VERSION.dll
0x00007ffb0b7e0000 - 0x00007ffb0b814000 	C:\Windows\SYSTEM32\WINMM.dll
0x00007ffb116a0000 - 0x00007ffb116b3000 	C:\Windows\SYSTEM32\UMPDC.dll
0x00007ffb11960000 - 0x00007ffb11978000 	C:\Windows\SYSTEM32\kernel.appcore.dll
0x00007ffac7890000 - 0x00007ffac789a000 	E:\Program Files\jdk23\bin\jimage.dll
0x00007ffb0fbd0000 - 0x00007ffb0fe02000 	C:\Windows\SYSTEM32\DBGHELP.DLL
0x00007ffb14090000 - 0x00007ffb1441f000 	C:\Windows\System32\combase.dll
0x00007ffb13df0000 - 0x00007ffb13ec7000 	C:\Windows\System32\OLEAUT32.dll
0x00007ffad49f0000 - 0x00007ffad4a22000 	C:\Windows\SYSTEM32\dbgcore.DLL
0x00007ffb131d0000 - 0x00007ffb1324b000 	C:\Windows\System32\bcryptPrimitives.dll
0x00007ffad3390000 - 0x00007ffad33cc000 	E:\Program Files\jdk23\bin\jdwp.dll
0x00007ff9572f0000 - 0x00007ff95730e000 	E:\Program Files\jdk23\bin\java.dll
0x00007ffb13ee0000 - 0x00007ffb14085000 	C:\Windows\System32\ole32.dll
0x00007ffb13480000 - 0x00007ffb13cf6000 	C:\Windows\System32\SHELL32.dll
0x00007ffb10780000 - 0x00007ffb11083000 	C:\Windows\SYSTEM32\windows.storage.dll
0x00007ffb10640000 - 0x00007ffb1077f000 	C:\Windows\SYSTEM32\wintypes.dll
0x00007ffb144b0000 - 0x00007ffb145a9000 	C:\Windows\System32\SHCORE.dll
0x00007ffb13420000 - 0x00007ffb1347e000 	C:\Windows\System32\shlwapi.dll
0x00007ffb12760000 - 0x00007ffb1278b000 	C:\Windows\SYSTEM32\profapi.dll
0x00007ff9571e0000 - 0x00007ff9572b7000 	E:\Program Files\jdk23\bin\jsvml.dll
0x00007ffaed490000 - 0x00007ffaed49c000 	E:\Program Files\jdk23\bin\dt_socket.dll
0x00007ffb11360000 - 0x00007ffb1138d000 	C:\Windows\SYSTEM32\IPHLPAPI.DLL
0x00007ffb11de0000 - 0x00007ffb11e49000 	C:\Windows\system32\mswsock.dll
0x00007ffb113d0000 - 0x00007ffb114d2000 	C:\Windows\SYSTEM32\DNSAPI.dll
0x00007ffb14820000 - 0x00007ffb14829000 	C:\Windows\System32\NSI.dll
0x00007ffb0a0e0000 - 0x00007ffb0a0ea000 	C:\Windows\System32\rasadhlp.dll
0x00007ffb0aad0000 - 0x00007ffb0ab53000 	C:\Windows\System32\fwpuclnt.dll
0x00007ffac70c0000 - 0x00007ffac70d0000 	E:\Program Files\jdk23\bin\net.dll
0x00007ff9571c0000 - 0x00007ff9571d6000 	E:\Program Files\jdk23\bin\nio.dll
0x00007ff9571a0000 - 0x00007ff9571b7000 	E:\Program Files\jdk23\bin\zip.dll
0x00007ff957010000 - 0x00007ff95719e000 	E:\Program Files\jdk23\bin\awt.dll
0x00007ffb0dfd0000 - 0x00007ffb0e067000 	C:\Windows\SYSTEM32\apphelp.dll
0x00007ffb0f7f0000 - 0x00007ffb0f8a1000 	C:\Windows\system32\uxtheme.dll
0x00007ffb150c0000 - 0x00007ffb15220000 	C:\Windows\System32\MSCTF.dll
0x00007ffb0fa40000 - 0x00007ffb0fa6b000 	C:\Windows\system32\DWMAPI.DLL
0x00007ffabf7b0000 - 0x00007ffabf8b0000 	C:\Windows\system32\opengl32.dll
0x00007ffabf780000 - 0x00007ffabf7ad000 	C:\Windows\SYSTEM32\GLU32.dll
0x00007ffb0fab0000 - 0x00007ffb0fae7000 	C:\Windows\SYSTEM32\dxcore.dll
0x00007ffb12090000 - 0x00007ffb120a2000 	C:\Windows\SYSTEM32\msasn1.dll
0x00007ffb082f0000 - 0x00007ffb08322000 	C:\Windows\SYSTEM32\cryptnet.dll
0x00007ffb12890000 - 0x00007ffb129f6000 	C:\Windows\System32\CRYPT32.dll
0x00007ffb12050000 - 0x00007ffb1205c000 	C:\Windows\SYSTEM32\cryptbase.dll
0x00007ffb12100000 - 0x00007ffb12149000 	C:\Windows\SYSTEM32\wldp.dll
0x00007ffb077e0000 - 0x00007ffb07942000 	C:\Windows\SYSTEM32\drvstore.dll
0x00007ffb124f0000 - 0x00007ffb1251c000 	C:\Windows\SYSTEM32\devobj.dll
0x00007ffb12520000 - 0x00007ffb1256e000 	C:\Windows\SYSTEM32\cfgmgr32.dll
0x00007ffb13160000 - 0x00007ffb131cc000 	C:\Windows\System32\wintrust.dll
0x00007ffb150a0000 - 0x00007ffb150bf000 	C:\Windows\System32\imagehlp.dll
0x00007ffb12030000 - 0x00007ffb1204b000 	C:\Windows\SYSTEM32\CRYPTSP.dll
0x00007ffb118c0000 - 0x00007ffb118f5000 	C:\Windows\system32\rsaenh.dll
0x00007ffb00a80000 - 0x00007ffb03790000 	C:\Windows\System32\DriverStore\FileRepository\nv_dispi.inf_amd64_adf5a840df867035\nvgpucomp64.dll
0x00007ffb05760000 - 0x00007ffb05a5b000 	C:\Windows\system32\nvspcap64.dll
0x00007ffb11a70000 - 0x00007ffb11aa4000 	C:\Windows\SYSTEM32\ntmarta.dll
0x00007ffb11e70000 - 0x00007ffb11e96000 	C:\Windows\SYSTEM32\gpapi.dll
0x00007ffb054c0000 - 0x00007ffb05615000 	C:\Windows\System32\DriverStore\FileRepository\nv_dispi.inf_amd64_adf5a840df867035\nvppex.dll
0x00007ffaed480000 - 0x00007ffaed489000 	E:\Program Files\jdk23\bin\prefs.dll
0x00007ff955ef0000 - 0x00007ff955f77000 	E:\Program Files\jdk23\bin\freetype.dll
0x00007ff955b30000 - 0x00007ff955c07000 	E:\Program Files\jdk23\bin\fontmanager.dll
0x00007ffaefb50000 - 0x00007ffaefc95000 	C:\Windows\SYSTEM32\textinputframework.dll
0x00007ffb0da30000 - 0x00007ffb0db63000 	C:\Windows\SYSTEM32\CoreMessaging.dll
0x00007ffb09bf0000 - 0x00007ffb09f5d000 	C:\Windows\SYSTEM32\CoreUIComponents.dll
0x00007ffa44630000 - 0x00007ffa4488d000 	E:\CSProject2024\bulletjme.dll
0x00007ffad2870000 - 0x00007ffad28d4000 	C:\Users\Tsawke\AppData\Local\Temp\lwjglTsawke\3.2.3-build-13\lwjgl.dll
0x00007ffa43320000 - 0x00007ffa43573000 	C:\Users\Tsawke\AppData\Local\Temp\lwjglTsawke\3.2.3-build-13\jemalloc.dll
0x00007ffaceca0000 - 0x00007ffaced02000 	C:\Users\Tsawke\AppData\Local\Temp\lwjglTsawke\3.2.3-build-13\glfw.dll
0x00007ffa80090000 - 0x00007ffa800d6000 	C:\Windows\SYSTEM32\dinput8.dll
0x00007ffad3320000 - 0x00007ffad3331000 	C:\Windows\SYSTEM32\xinput1_4.dll
0x00007ffaed9c0000 - 0x00007ffaedbd3000 	C:\Windows\SYSTEM32\inputhost.dll
0x00007ffb11090000 - 0x00007ffb1109e000 	C:\Windows\SYSTEM32\HID.DLL
0x00007ffb14c20000 - 0x00007ffb15094000 	C:\Windows\System32\SETUPAPI.DLL
0x00007ffb145b0000 - 0x00007ffb14660000 	C:\Windows\System32\clbcatq.dll
0x00007ffb0e480000 - 0x00007ffb0e5c4000 	C:\Windows\System32\AppXDeploymentClient.dll
0x00007ffa5be40000 - 0x00007ffa5e478000 	C:\Windows\System32\DriverStore\FileRepository\nv_dispi.inf_amd64_adf5a840df867035\nvoglv64.dll
0x00007ffb11710000 - 0x00007ffb11724000 	C:\Windows\SYSTEM32\WTSAPI32.dll
0x00007ffb112e0000 - 0x00007ffb11346000 	C:\Windows\SYSTEM32\WINSTA.dll
0x00007ffac7eb0000 - 0x00007ffac7f09000 	C:\Users\Tsawke\AppData\Local\Temp\lwjglTsawke\3.2.3-build-13\lwjgl_opengl.dll
0x00007ffa914c0000 - 0x00007ffa915cb000 	C:\Users\Tsawke\AppData\Local\Temp\lwjglTsawke\3.2.3-build-13\OpenAL.dll
0x00007ffb03d30000 - 0x00007ffb03dce000 	C:\Windows\System32\MMDevApi.dll
0x00007ffb04680000 - 0x00007ffb0486d000 	C:\Windows\SYSTEM32\AUDIOSES.DLL
0x00007ffb10320000 - 0x00007ffb10335000 	C:\Windows\SYSTEM32\resourcepolicyclient.dll
0x00007ffad2ea0000 - 0x00007ffad2ece000 	E:\Program Files\jdk23\bin\javajpeg.dll

dbghelp: loaded successfully - version: 4.0.5 - missing functions: none
symbol engine: initialized successfully - sym options: 0x614 - pdb path: .;E:\Program Files\jdk23\bin;C:\Windows\SYSTEM32;C:\Windows\WinSxS\amd64_microsoft.windows.common-controls_6595b64144ccf1df_6.0.22621.4391_none_2715d37f73803e96;E:\Program Files\jdk23\bin\server;C:\Windows\System32\DriverStore\FileRepository\nv_dispi.inf_amd64_adf5a840df867035;E:\CSProject2024;C:\Users\Tsawke\AppData\Local\Temp\lwjglTsawke\3.2.3-build-13

VM Arguments:
jvm_args: -agentlib:jdwp=transport=dt_socket,server=n,suspend=y,address=localhost:11353 -XX:+ShowCodeDetailsInExceptionMessages 
java_command: com.csproject.jMEMain
java_class_path (initial): E:\CSProject2024\csproject\target\classes;C:\Users\Tsawke\.m2\repository\com\formdev\flatlaf\3.5.2\flatlaf-3.5.2.jar;C:\Users\Tsawke\.m2\repository\org\apache\commons\commons-lang3\3.12.0\commons-lang3-3.12.0.jar;C:\Users\Tsawke\.m2\repository\com\h2database\h2\1.4.200\h2-1.4.200.jar;C:\Users\Tsawke\.m2\repository\junit\junit\4.12\junit-4.12.jar;C:\Users\Tsawke\.m2\repository\org\hamcrest\hamcrest-core\1.3\hamcrest-core-1.3.jar;C:\Users\Tsawke\.m2\repository\org\junit\jupiter\junit-jupiter\5.9.3\junit-jupiter-5.9.3.jar;C:\Users\Tsawke\.m2\repository\org\junit\jupiter\junit-jupiter-api\5.9.3\junit-jupiter-api-5.9.3.jar;C:\Users\Tsawke\.m2\repository\org\opentest4j\opentest4j\1.2.0\opentest4j-1.2.0.jar;C:\Users\Tsawke\.m2\repository\org\junit\platform\junit-platform-commons\1.9.3\junit-platform-commons-1.9.3.jar;C:\Users\Tsawke\.m2\repository\org\apiguardian\apiguardian-api\1.1.2\apiguardian-api-1.1.2.jar;C:\Users\Tsawke\.m2\repository\org\junit\jupiter\junit-jupiter-params\5.9.3\junit-jupiter-params-5.9.3.jar;C:\Users\Tsawke\.m2\repository\org\junit\jupiter\junit-jupiter-engine\5.9.3\junit-jupiter-engine-5.9.3.jar;C:\Users\Tsawke\.m2\repository\org\junit\platform\junit-platform-engine\1.9.3\junit-platform-engine-1.9.3.jar;C:\Users\Tsawke\.m2\repository\commons-codec\commons-codec\1.15\commons-codec-1.15.jar;C:\Users\Tsawke\.m2\repository\org\jmonkeyengine\jme3-core\3.3.0-stable\jme3-core-3.3.0-stable.jar;C:\Users\Tsawke\.m2\repository\org\jmonkeyengine\jme3-desktop\3.3.0-stable\jme3-desktop-3.3.0-stable.jar;C:\Users\Tsawke\.m2\repository\org\jmonkeyengine\jme3-lwjgl3\3.3.0-stable\jme3-lwjgl3-3.3.0-stable.jar;C:\Users\Tsawke\.m2\repository\org\lwjgl\lwjgl\3.2.3\lwjgl-3.2.3.jar;C:\Users\Tsawke\.m2\repository\org\lwjgl\lwjgl-glfw\3.2.3\lwjgl-glfw-3.2.3.jar;C:\Users\Tsawke\.m2\repository\org\lwjgl\lwjgl-jemalloc\3.2.3\lwjgl-jemalloc-3.2.3.jar;C:\Users\Tsawke\.m2\repository\org\lwjgl\lwjgl-openal\3.2.3\lwjgl-openal-3.2.3.jar;C:\Users\Tsawke\.m2\repository\org\lwjgl\lwjgl-opencl\3.2.3\lwjgl-opencl-3.2.3.jar;C:\Users\Tsawke\.m2\repository\org\lwjgl\lwjgl-opengl\3.2.3\lwjgl-opengl-3.2.3.jar;C:\Users\Tsawke\.m2\repository\org\lwjgl\lwjgl\3.2.3\lwjgl-3.2.3-natives-windows.jar;C:\Users\Tsawke\.m2\repository\org\lwjgl\lwjgl\3.2.3\lwjgl-3.2.3-natives-linux.jar;C:\Users\Tsawke\.m2\repository\org\lwjgl\lwjgl\3.2.3\lwjgl-3.2.3-natives-macos.jar;C:\Users\Tsawke\.m2\repository\org\lwjgl\lwjgl-glfw\3.2.3\lwjgl-glfw-3.2.3-natives-windows.jar;C:\Users\Tsawke\.m2\repository\org\lwjgl\lwjgl-glfw\3.2.3\lwjgl-glfw-3.2.3-natives-linux.jar;C:\Users\Tsawke\.m2\repository\org\lwjgl\lwjgl-glfw\3.2.3\lwjgl-glfw-3.2.3-natives-macos.jar;C:\Users\Tsawke\.m2\repository\org\lwjgl\lwjgl-jemalloc\3.2.3\lwjgl-jemalloc-3.2.3-natives-windows.jar;C:\Users\Tsawke\.m2\repository\org\lwjgl\lwjgl-jemalloc\3.2.3\lwjgl-jemalloc-3.2.3-natives-linux.jar;C:\Users\Tsawke\.m2\repository\org\lwjgl\lwjgl-jemalloc\3.2.3\lwjgl-jemalloc-3.2.3-natives-macos.jar;C:\Users\Tsawke\.m2\repository\org\lwjgl\lwjgl-opengl\3.2.3\lwjgl-opengl-3.2.3-natives-windows.jar;C:\Users\Tsawke\.m2\repository\org\lwjgl\lwjgl-opengl\3.2.3\lwjgl-opengl-3.2.3-natives-linux.jar;C:\Users\Tsawke\.m2\repository\org\lwjgl\lwjgl-opengl\3.2.3\lwjgl-opengl-3.2.3-natives-macos.jar;C:\Users\Tsawke\.m2\repository\org\lwjgl\lwjgl-openal\3.2.3\lwjgl-openal-3.2.3-natives-windows.jar;C:\Users\Tsawke\.m2\repository\org\lwjgl\lwjgl-openal\3.2.3\lwjgl-openal-3.2.3-natives-linux.jar;C:\Users\Tsawke\.m2\repository\org\lwjgl\lwjgl-openal\3.2.3\lwjgl-openal-3.2.3-natives-macos.jar;C:\Users\Tsawke\.m2\repository\org\jmonkeyengine\jme3-effects\3.3.0-stable\jme3-effects-3.3.0-stable.jar;C:\Users\Tsawke\.m2\repository\org\jmonkeyengine\jme3-blender\3.3.0-stable\jme3-blender-3.3.0-stable.jar;C:\Users\Tsawke\.m2\repository\org\ejml\core\0.27\core-0.27.jar;C:\Users\Tsawke\.m2\repository\org\ejml\dense64\0.27\dense64-0.27.jar;C:\Users\Tsawke\.m2\repository\org\ejml\simple\0.27\simple-0.27.jar;C:\Users\Tsawke\.m2\repository\org\ejml\denseC64\0.27\denseC64-0.27.jar;C:\Users\Tsawke\.m2\repository\org\jmonkeyengine\jme3-plugins\3.3.0-stable\jme3-plugins-3.3.0-stable.jar;C:\Users\Tsawke\.m2\repository\com\google\code\gson\gson\2.8.1\gson-2.8.1.jar;C:\Users\Tsawke\.m2\repository\org\jmonkeyengine\jme3-jogg\3.3.0-stable\jme3-jogg-3.3.0-stable.jar;C:\Users\Tsawke\.m2\repository\de\jarnbjo\j-ogg-all\1.0.0\j-ogg-all-1.0.0.jar;C:\Users\Tsawke\.m2\repository\org\jmonkeyengine\jme3-niftygui\3.3.0-stable\jme3-niftygui-3.3.0-stable.jar;C:\Users\Tsawke\.m2\repository\com\github\nifty-gui\nifty\1.4.3\nifty-1.4.3.jar;C:\Users\Tsawke\.m2\repository\xpp3\xpp3\1.1.4c\xpp3-1.1.4c.jar;C:\Users\Tsawke\.m2\repository\com\google\code\findbugs\jsr305\2.0.2\jsr305-2.0.2.jar;C:\Users\Tsawke\.m2\repository\com\github\nifty-gui\nifty-default-controls\1.4.3\nifty-default-controls-1.4.3.jar;C:\Users\Tsawke\.m2\repository\com\github\nifty-gui\nifty-style-black\1.4.3\nifty-style-black-1.4.3.jar;C:\Users\Tsawke\.m2\repository\org\jmonkeyengine\jme3-terrain\3.3.0-stable\jme3-terrain-3.3.0-stable.jar;C:\Users\Tsawke\.m2\repository\org\jmonkeyengine\jme3-networking\3.3.0-stable\jme3-networking-3.3.0-stable.jar;C:\Users\Tsawke\.m2\repository\org\jmonkeyengine\jme3-bullet\3.3.0-stable\jme3-bullet-3.3.0-stable.jar;C:\Users\Tsawke\.m2\repository\org\jmonkeyengine\jme3-bullet-native\3.3.0-stable\jme3-bullet-native-3.3.0-stable.jar;C:\Users\Tsawke\.m2\repository\org\jmonkeyengine\jme3-bullet-native-android\3.3.0-stable\jme3-bullet-native-android-3.3.0-stable.jar;C:\Users\Tsawke\.m2\repository\org\jmonkeyengine\jme3-jogl\3.3.0-stable\jme3-jogl-3.3.0-stable.jar;C:\Users\Tsawke\.m2\repository\org\jogamp\gluegen\gluegen-rt-main\2.3.2\gluegen-rt-main-2.3.2.jar;C:\Users\Tsawke\.m2\repository\org\jogamp\gluegen\gluegen-rt\2.3.2\gluegen-rt-2.3.2.jar;C:\Users\Tsawke\.m2\repository\org\jogamp\gluegen\gluegen-rt\2.3.2\gluegen-rt-2.3.2-natives-android-aarch64.jar;C:\Users\Tsawke\.m2\repository\org\jogamp\gluegen\gluegen-rt\2.3.2\gluegen-rt-2.3.2-natives-android-armv6.jar;C:\Users\Tsawke\.m2\repository\org\jogamp\gluegen\gluegen-rt\2.3.2\gluegen-rt-2.3.2-natives-linux-amd64.jar;C:\Users\Tsawke\.m2\repository\org\jogamp\gluegen\gluegen-rt\2.3.2\gluegen-rt-2.3.2-natives-linux-armv6.jar;C:\Users\Tsawke\.m2\repository\org\jogamp\gluegen\gluegen-rt\2.3.2\gluegen-rt-2.3.2-natives-linux-armv6hf.jar;C:\Users\Tsawke\.m2\repository\org\jogamp\gluegen\gluegen-rt\2.3.2\gluegen-rt-2.3.2-natives-linux-i586.jar;C:\Users\Tsawke\.m2\repository\org\jogamp\gluegen\gluegen-rt\2.3.2\gluegen-rt-2.3.2-natives-macosx-universal.jar;C:\Users\Tsawke\.m2\repository\org\jogamp\gluegen\gluegen-rt\2.3.2\gluegen-rt-2.3.2-natives-solaris-amd64.jar;C:\Users\Tsawke\.m2\repository\org\jogamp\gluegen\gluegen-rt\2.3.2\gluegen-rt-2.3.2-natives-solaris-i586.jar;C:\Users\Tsawke\.m2\repository\org\jogamp\gluegen\gluegen-rt\2.3.2\gluegen-rt-2.3.2-natives-windows-amd64.jar;C:\Users\Tsawke\.m2\repository\org\jogamp\gluegen\gluegen-rt\2.3.2\gluegen-rt-2.3.2-natives-windows-i586.jar;C:\Users\Tsawke\.m2\repository\org\jogamp\jogl\jogl-all-main\2.3.2\jogl-all-main-2.3.2.jar;C:\Users\Tsawke\.m2\repository\org\jogamp\jogl\jogl-all\2.3.2\jogl-all-2.3.2.jar;C:\Users\Tsawke\.m2\repository\org\jogamp\jogl\jogl-all\2.3.2\jogl-all-2.3.2-natives-android-aarch64.jar;C:\Users\Tsawke\.m2\repository\org\jogamp\jogl\jogl-all\2.3.2\jogl-all-2.3.2-natives-android-armv6.jar;C:\Users\Tsawke\.m2\repository\org\jogamp\jogl\jogl-all\2.3.2\jogl-all-2.3.2-natives-linux-amd64.jar;C:\Users\Tsawke\.m2\repository\org\jogamp\jogl\jogl-all\2.3.2\jogl-all-2.3.2-natives-linux-armv6.jar;C:\Users\Tsawke\.m2\repository\org\jogamp\jogl\jogl-all\2.3.2\jogl-all-2.3.2-natives-linux-armv6hf.jar;C:\Users\Tsawke\.m2\repository\org\jogamp\jogl\jogl-all\2.3.2\jogl-all-2.3.2-natives-linux-i586.jar;C:\Users\Tsawke\.m2\repository\org\jogamp\jogl\jogl-all\2.3.2\jogl-all-2.3.2-natives-macosx-universal.jar;C:\Users\Tsawke\.m2\repository\org\jogamp\jogl\jogl-all\2.3.2\jogl-all-2.3.2-natives-solaris-amd64.jar;C:\Users\Tsawke\.m2\repository\org\jogamp\jogl\jogl-all\2.3.2\jogl-all-2.3.2-natives-solaris-i586.jar;C:\Users\Tsawke\.m2\repository\org\jogamp\jogl\jogl-all\2.3.2\jogl-all-2.3.2-natives-windows-amd64.jar;C:\Users\Tsawke\.m2\repository\org\jogamp\jogl\jogl-all\2.3.2\jogl-all-2.3.2-natives-windows-i586.jar;C:\Users\Tsawke\.m2\repository\org\jogamp\joal\joal-main\2.3.2\joal-main-2.3.2.jar;C:\Users\Tsawke\.m2\repository\org\jogamp\joal\joal\2.3.2\joal-2.3.2.jar;C:\Users\Tsawke\.m2\repository\org\jogamp\joal\joal\2.3.2\joal-2.3.2-natives-android-aarch64.jar;C:\Users\Tsawke\.m2\repository\org\jogamp\joal\joal\2.3.2\joal-2.3.2-natives-android-armv6.jar;C:\Users\Tsawke\.m2\repository\org\jogamp\joal\joal\2.3.2\joal-2.3.2-natives-linux-amd64.jar;C:\Users\Tsawke\.m2\repository\org\jogamp\joal\joal\2.3.2\joal-2.3.2-natives-linux-armv6.jar;C:\Users\Tsawke\.m2\repository\org\jogamp\joal\joal\2.3.2\joal-2.3.2-natives-linux-armv6hf.jar;C:\Users\Tsawke\.m2\repository\org\jogamp\joal\joal\2.3.2\joal-2.3.2-natives-linux-i586.jar;C:\Users\Tsawke\.m2\repository\org\jogamp\joal\joal\2.3.2\joal-2.3.2-natives-macosx-universal.jar;C:\Users\Tsawke\.m2\repository\org\jogamp\joal\joal\2.3.2\joal-2.3.2-natives-solaris-amd64.jar;C:\Users\Tsawke\.m2\repository\org\jogamp\joal\joal\2.3.2\joal-2.3.2-natives-solaris-i586.jar;C:\Users\Tsawke\.m2\repository\org\jogamp\joal\joal\2.3.2\joal-2.3.2-natives-windows-amd64.jar;C:\Users\Tsawke\.m2\repository\org\jogamp\joal\joal\2.3.2\joal-2.3.2-natives-windows-i586.jar;C:\Users\Tsawke\.m2\repository\org\jogamp\jocl\jocl-main\2.3.2\jocl-main-2.3.2.jar;C:\Users\Tsawke\.m2\repository\org\jogamp\jocl\jocl\2.3.2\jocl-2.3.2.jar;C:\Users\Tsawke\.m2\repository\org\jogamp\jocl\jocl\2.3.2\jocl-2.3.2-natives-android-aarch64.jar;C:\Users\Tsawke\.m2\repository\org\jogamp\jocl\jocl\2.3.2\jocl-2.3.2-natives-android-armv6.jar;C:\Users\Tsawke\.m2\repository\org\jogamp\jocl\jocl\2.3.2\jocl-2.3.2-natives-linux-amd64.jar;C:\Users\Tsawke\.m2\repository\org\jogamp\jocl\jocl\2.3.2\jocl-2.3.2-natives-linux-armv6.jar;C:\Users\Tsawke\.m2\repository\org\jogamp\jocl\jocl\2.3.2\jocl-2.3.2-natives-linux-armv6hf.jar;C:\Users\Tsawke\.m2\repository\org\jogamp\jocl\jocl\2.3.2\jocl-2.3.2-natives-linux-i586.jar;C:\Users\Tsawke\.m2\repository\org\jogamp\jocl\jocl\2.3.2\jocl-2.3.2-natives-macosx-universal.jar;C:\Users\Tsawke\.m2\repository\org\jogamp\jocl\jocl\2.3.2\jocl-2.3.2-natives-solaris-amd64.jar;C:\Users\Tsawke\.m2\repository\org\jogamp\jocl\jocl\2.3.2\jocl-2.3.2-natives-solaris-i586.jar;C:\Users\Tsawke\.m2\repository\org\jogamp\jocl\jocl\2.3.2\jocl-2.3.2-natives-windows-amd64.jar;C:\Users\Tsawke\.m2\repository\org\jogamp\jocl\jocl\2.3.2\jocl-2.3.2-natives-windows-i586.jar;C:\Users\Tsawke\.m2\repository\org\jmonkeyengine\jme3-android\3.3.0-stable\jme3-android-3.3.0-stable.jar;C:\Users\Tsawke\.m2\repository\org\jmonkeyengine\jme3-android-native\3.3.0-stable\jme3-android-native-3.3.0-stable.jar;C:\Users\Tsawke\.m2\repository\org\jmonkeyengine\jme3-ios\3.3.0-stable\jme3-ios-3.3.0-stable.jar;C:\Users\Tsawke\.m2\repository\org\jmonkeyengine\jme3-vr\3.3.0-stable\jme3-vr-3.3.0-stable.jar;C:\Users\Tsawke\.m2\repository\net\java\dev\jna\jna\4.3.0\jna-4.3.0.jar;C:\Users\Tsawke\.m2\repository\com\nativelibs4java\jnaerator-runtime\0.12\jnaerator-runtime-0.12.jar;C:\Users\Tsawke\.m2\repository\com\nativelibs4java\ochafik-util\0.12\ochafik-util-0.12.jar;C:\Users\Tsawke\.m2\repository\org\lwjgl\lwjgl-ovr\3.2.3\lwjgl-ovr-3.2.3.jar;C:\Users\Tsawke\.m2\repository\org\lwjgl\lwjgl-openvr\3.2.3\lwjgl-openvr-3.2.3.jar;C:\Users\Tsawke\.m2\repository\org\lwjgl\lwjgl-openvr\3.2.3\lwjgl-openvr-3.2.3-natives-linux.jar;C:\Users\Tsawke\.m2\repository\org\lwjgl\lwjgl-openvr\3.2.3\lwjgl-openvr-3.2.3-natives-macos.jar;C:\Users\Tsawke\.m2\repository\org\lwjgl\lwjgl-ovr\3.2.3\lwjgl-ovr-3.2.3-natives-windows.jar;C:\Users\Tsawke\.m2\repository\org\lwjgl\lwjgl-openvr\3.2.3\lwjgl-openvr-3.2.3-natives-windows.jar
Launcher Type: SUN_STANDARD

[Global flags]
     intx CICompilerCount                          = 12                                        {product} {ergonomic}
     uint ConcGCThreads                            = 5                                         {product} {ergonomic}
     uint G1ConcRefinementThreads                  = 20                                        {product} {ergonomic}
   size_t G1HeapRegionSize                         = 8388608                                   {product} {ergonomic}
   size_t InitialHeapSize                          = 1073741824                                {product} {ergonomic}
   size_t MarkStackSize                            = 4194304                                   {product} {ergonomic}
   size_t MarkStackSizeMax                         = 536870912                                 {product} {ergonomic}
   size_t MaxHeapSize                              = 17112760320                               {product} {ergonomic}
   size_t MaxNewSize                               = 10267656192                               {product} {ergonomic}
   size_t MinHeapDeltaBytes                        = 8388608                                   {product} {ergonomic}
   size_t MinHeapSize                              = 8388608                                   {product} {ergonomic}
    uintx NonNMethodCodeHeapSize                   = 7602176                                {pd product} {ergonomic}
    uintx NonProfiledCodeHeapSize                  = 122093568                              {pd product} {ergonomic}
    uintx ProfiledCodeHeapSize                     = 121962496                              {pd product} {ergonomic}
    uintx ReservedCodeCacheSize                    = 251658240                              {pd product} {ergonomic}
     bool SegmentedCodeCache                       = true                                      {product} {ergonomic}
     bool ShowCodeDetailsInExceptionMessages       = true                                   {manageable} {command line}
   size_t SoftMaxHeapSize                          = 17112760320                            {manageable} {ergonomic}
     bool UseCompressedOops                        = true                           {product lp64_product} {ergonomic}
     bool UseG1GC                                  = true                                      {product} {ergonomic}
     bool UseLargePagesIndividualAllocation        = false                                  {pd product} {ergonomic}

Logging:
Log output configuration:
 #0: stdout all=warning uptime,level,tags foldmultilines=false
 #1: stderr all=off uptime,level,tags foldmultilines=false

Environment Variables:
JAVA_HOME=E:\Program Files\jdk23
CLASSPATH=.;E:\Program Files\jdk23\lib\dt.jar;E:\Program Files\jdk23\lib\tools.jar
PATH=C:\Program Files\Common Files\Oracle\Java\javapath;E:\Program Files\Python313\Scripts\;E:\Program Files\Python313\;C:\Program Files (x86)\Common Files\Intel\Shared Libraries\redist\intel64\compiler;E:\Program Files\python312\Scripts\;E:\Program Files\python312\;C:\Windows\system32;C:\Windows;C:\Windows\System32\Wbem;C:\Windows\System32\WindowsPowerShell\v1.0\;C:\Windows\System32\OpenSSH\;C:\Program Files (x86)\NVIDIA Corporation\PhysX\Common;C:\Program Files\dotnet\;E:\Program Files\Bandzip\Bandizip;%Python_HOME%;C:\Pro;ramData\chocolatey\bin;E:\Program Files\nodejs;E:\Program Files\nodejs\node_global;E:\Program Files\nodejs\node_cache;E:\Program Files\nodejs\;E:\Program Files\Git\cmd;E:\Program Files\微信web开发者工具\dll;C:\Program Files (x86)\Microsoft SQL Server\160\Tools\Binn\;C:\Program Files\Microsoft SQL Server\160\Tools\Binn\;C:\Program Files\Microsoft SQL Server\Client SDK\ODBC\170\Tools\Binn\;C:\Program Files\Microsoft SQL Server\160\DTS\Binn\;C:\Program Files (x86)\Windows Kits\8.1\Windows Performance Toolkit\;E:\Program Files\jdk23\bin;E:\Program Files\jdk23\jre\bin;E:\Program Files\apache-maven-3.9.9\bin;C:\Program Files\Common Files\Autodesk Shared\;C:\Program Files\NVIDIA Corporation\NVIDIA app\NvDLISR;C:\Users\Tsawke\AppData\Local\Microsoft\WindowsApps;C:\Users\Tsawke\AppData\Local\Programs\Microsoft VS Code\bin;E:\Program Files\nodejs\node_global;;E:\Program Files\IntelliJ IDEA 2024.1\bin;
USERNAME=Tsawke
LANG=en_US.UTF-8
OS=Windows_NT
PROCESSOR_IDENTIFIER=Intel64 Family 6 Model 183 Stepping 1, GenuineIntel
TMP=C:\Users\Tsawke\AppData\Local\Temp
TEMP=C:\Users\Tsawke\AppData\Local\Temp




Periodic native trim disabled

---------------  S Y S T E M  ---------------

OS:
 Windows 11 , 64 bit Build 22621 (10.0.22621.4391)
OS uptime: 1 days 5:12 hours

CPU: total 28 (initial active 28) (14 cores per cpu, 2 threads per core) family 6 model 183 stepping 1 microcode 0x123, cx8, cmov, fxsr, ht, mmx, 3dnowpref, sse, sse2, sse3, ssse3, sse4.1, sse4.2, popcnt, lzcnt, tsc, tscinvbit, avx, avx2, aes, erms, clmul, bmi1, bmi2, adx, sha, fma, vzeroupper, clflush, clflushopt, clwb, serialize, rdtscp, rdpid, fsrm, gfni, f16c, pku, cet_ibt, cet_ss
Processor Information for the first 28 processors :
  Max Mhz: 3400, Current Mhz: 3400, Mhz Limit: 3400

Memory: 4k page, system-wide physical 65277M (44440M free)
TotalPageFile size 69373M (AvailPageFile size 35875M)
current process WorkingSet (physical memory assigned to process): 522M, peak: 547M
current process commit charge ("private bytes"): 929M, peak: 1272M

vm_info: Java HotSpot(TM) 64-Bit Server VM (23.0.1+11-39) for windows-amd64 JRE (23.0.1+11-39), built on 2024-09-30T07:20:43Z with MS VC++ 17.6 (VS2022)

END.
