#
# A fatal error has been detected by the Java Runtime Environment:
#
#  EXCEPTION_ACCESS_VIOLATION (0xc0000005) at pc=0x0000000000000000, pid=20212, tid=1968
#
# JRE version: Java(TM) SE Runtime Environment (23.0.1+11) (build 23.0.1+11-39)
# Java VM: Java HotSpot(TM) 64-Bit Server VM (23.0.1+11-39, mixed mode, sharing, tiered, compressed oops, compressed class ptrs, g1 gc, windows-amd64)
# Problematic frame:
# C  [jdwp.dll+0x161f3]
#
# No core dump will be written. Minidumps are not enabled by default on client versions of Windows
#
# If you would like to submit a bug report, please visit:
#   https://bugreport.java.com/bugreport/crash.jsp
# The crash happened outside the Java Virtual Machine in native code.
# See problematic frame for where to report the bug.
#

---------------  S U M M A R Y ------------

Command Line: -agentlib:jdwp=transport=dt_socket,server=n,suspend=y,address=localhost:5946 -XX:+ShowCodeDetailsInExceptionMessages com.csproject.jMEMain

Host: Intel(R) Core(TM) i7-14700K, 28 cores, 63G,  Windows 11 , 64 bit Build 22621 (10.0.22621.4391)
Time: Fri Dec  6 01:56:58 2024  Windows 11 , 64 bit Build 22621 (10.0.22621.4391) elapsed time: 14.109683 seconds (0d 0h 0m 14s)

---------------  T H R E A D  ---------------

Current thread (0x0000022c71b0e560):  JavaThread "main"             [_thread_in_native, id=1968, stack(0x0000005557900000,0x0000005557a00000) (1024K)]

Stack: [0x0000005557900000,0x0000005557a00000],  sp=0x00000055579fe7b0,  free space=1017k
Native frames: (J=compiled Java code, j=interpreted, Vv=VM code, C=native code)

Java frames: (J=compiled Java code, j=interpreted, Vv=VM code)
j  java.lang.Shutdown.halt0(I)V+0 java.base@23.0.1
j  java.lang.Shutdown.halt(I)V+7 java.base@23.0.1
j  java.lang.Shutdown.exit(I)V+16 java.base@23.0.1
j  java.lang.Runtime.exit(I)V+14 java.base@23.0.1
j  java.lang.System.exit(I)V+4 java.base@23.0.1
j  com.csproject.jMEMain.simpleUpdate(F)V+585
J 4899 c2 com.jme3.app.SimpleApplication.update()V (235 bytes) @ 0x0000022c07e508bc [0x0000022c07e4fd40+0x0000000000000b7c]
J 4966 c1 com.jme3.system.lwjgl.LwjglWindow.runLoop()V (220 bytes) @ 0x0000022c006f08fc [0x0000022c006f0300+0x00000000000005fc]
j  com.jme3.system.lwjgl.LwjglWindow.run()V+51
j  com.jme3.system.lwjgl.LwjglWindow.create(Z)V+27
j  com.jme3.app.LegacyApplication.start(Lcom/jme3/system/JmeContext$Type;Z)V+92
j  com.jme3.app.LegacyApplication.start()V+5
j  com.jme3.app.SimpleApplication.start()V+51
j  com.csproject.jMEMain.main([Ljava/lang/String;)V+9
v  ~StubRoutines::call_stub 0x0000022c07450fcd

siginfo: EXCEPTION_ACCESS_VIOLATION (0xc0000005), data execution prevention violation at address 0x0000000000000000


Registers:
RAX=0x0000022c71e50000, RBX=0x0000022c7d774fc0, RCX=0x0000022c71b0e920, RDX=0x0000022c7d774fc0
RSP=0x00000055579fe7a8, RBP=0x00007ffad33c0428, RSI=0x00000055579fe850, RDI=0x0000022c71b0e920
R8 =0x0000000000010002, R9 =0x0000000000000000, R10=0x00007ff957350000, R11=0x00000055579fe778
R12=0x0000000000000006, R13=0x0000022c73e762b0, R14=0x0000000000000000, R15=0x0000000000000000
RIP=0x0000000000000000, EFLAGS=0x0000000000010206


Register to memory mapping:

RAX=0x0000022c71e50000 points into unknown readable memory: 0x0000000000000000 | 00 00 00 00 00 00 00 00
RBX=0x0000022c7d774fc0 points into unknown readable memory: 0x0000000404801980 | 80 19 80 04 04 00 00 00
RCX=0x0000022c71b0e920 points into unknown readable memory: 0x0000022c71e50000 | 00 00 e5 71 2c 02 00 00
RDX=0x0000022c7d774fc0 points into unknown readable memory: 0x0000000404801980 | 80 19 80 04 04 00 00 00
RSP=0x00000055579fe7a8 is pointing into the stack for thread: 0x0000022c71b0e560
RBP=0x00007ffad33c0428 jdwp.dll
RSI=0x00000055579fe850 is pointing into the stack for thread: 0x0000022c71b0e560
RDI=0x0000022c71b0e920 points into unknown readable memory: 0x0000022c71e50000 | 00 00 e5 71 2c 02 00 00
R8 =0x0000000000010002 is an unknown value
R9 =0x0 is null
R10=0x00007ff957350000 VCRUNTIME140.dll
R11=0x00000055579fe778 is pointing into the stack for thread: 0x0000022c71b0e560
R12=0x0000000000000006 is an unknown value
R13=0x0000022c73e762b0 points into unknown readable memory: 0x00007ff957f5e8d0 | d0 e8 f5 57 f9 7f 00 00
R14=0x0 is null
R15=0x0 is null

Top of Stack: (sp=0x00000055579fe7a8)
0x00000055579fe7a8:   00007ffad33a61f3 0000022c7d774fc0
0x00000055579fe7b8:   00000055579fe850 0000000000000000
0x00000055579fe7c8:   0000000000000000 0000022c24489290
0x00000055579fe7d8:   0000022c71b0e560 0000000000000003
0x00000055579fe7e8:   0000000000000002 0000022c71b0eb38
0x00000055579fe7f8:   00007ffad33a455d 0000022c7d774fc0
0x00000055579fe808:   00007ffad33c0428 0000022c71b0e560
0x00000055579fe818:   0000022c71b0e920 0000000000000000
0x00000055579fe828:   00000055579fe830 0000000000000000
0x00000055579fe838:   00007ffb15583810 0000c2ce668ddb41
0x00000055579fe848:   00000000000007b0 0000000000000006
0x00000055579fe858:   0000022c7d774fc0 0000000000000000
0x00000055579fe868:   0000000000000000 0000000000000000
0x00000055579fe878:   0000000000000000 0000000000000000
0x00000055579fe888:   0000000000000000 0000000000000000
0x00000055579fe898:   0000000000000000 0000000000000000
0x00000055579fe8a8:   0000022c71b0eb38 0000022c71a3bf10
0x00000055579fe8b8:   00007ff957910a71 0000000000000000
0x00000055579fe8c8:   0000022c6529c690 0000022c71b0e560
0x00000055579fe8d8:   0000022c71b08b70 0000000000000000
0x00000055579fe8e8:   00007ffb12a6f137 0000022c73e3dc00
0x00000055579fe8f8:   0000022c71b0ebd0 0000022c71b0ebe0
0x00000055579fe908:   0000022c71b0efb8 00000000000003d8
0x00000055579fe918:   0000022c71b0e560 0000022c71b0e560
0x00000055579fe928:   0000022c73e3e200 0000022c71a21060
0x00000055579fe938:   0000022c71a21070 0000022c71a21148
0x00000055579fe948:   00000000000000d8 00000055579ff580
0x00000055579fe958:   00007ff957fe2210 0000000000000020
0x00000055579fe968:   0000022c71a4b810 0000022c71b0e560
0x00000055579fe978:   00000055579fe9b0 00007ff957fe1200
0x00000055579fe988:   00007ff957fe2210 0000000000000020
0x00000055579fe998:   0000022c7d6107b0 0000022c71b0e560 

Instructions: (pc=0x00007ffad33a61f3)
0x00007ffad33a60f3:   2c 41 b8 61 02 00 00 48 8d 0d 97 6e 01 00 48 8b
0x00007ffad33a6103:   d3 e8 7f 50 00 00 41 8b cc e8 33 a0 ff ff 48 8b
0x00007ffad33a6113:   d0 48 8d 0d 55 a4 01 00 e8 10 51 00 00 4c 8b 4e
0x00007ffad33a6123:   28 48 8d 0d 5d a4 01 00 4c 8b 46 20 48 8b 56 08
0x00007ffad33a6133:   e8 0c 0e 01 00 48 8b 05 b1 0f 02 00 f6 80 10 02
0x00007ffad33a6143:   00 00 02 74 28 41 b8 6a 02 00 00 48 8d 0d 6f 62
0x00007ffad33a6153:   01 00 48 8b d3 e8 2b 50 00 00 48 8d 15 54 63 01
0x00007ffad33a6163:   00 48 8d 0d 6d 62 01 00 e8 c0 50 00 00 48 8b 07
0x00007ffad33a6173:   48 8b cf ff 50 78 48 8b 0d 70 0f 02 00 4c 8b f8
0x00007ffad33a6183:   f6 81 10 02 00 00 02 74 28 41 b8 6b 02 00 00 48
0x00007ffad33a6193:   8d 0d 2b 62 01 00 48 8b d3 e8 e7 4f 00 00 48 8d
0x00007ffad33a61a3:   15 48 63 01 00 48 8d 0d 29 62 01 00 e8 7c 50 00
0x00007ffad33a61b3:   00 48 8b 07 48 8b cf ff 90 88 00 00 00 83 3d e5
0x00007ffad33a61c3:   0a 02 00 00 76 0c e8 ce 5b ff ff 83 25 d7 0a 02
0x00007ffad33a61d3:   00 00 48 8b 5e 08 48 85 db 74 4b 48 8b 05 0b 0f
0x00007ffad33a61e3:   02 00 80 78 13 00 74 0b 48 8b cb e8 b5 07 01 00
0x00007ffad33a61f3:   88 46 10 4d 8b c7 48 8b d6 41 8a ce e8 c8 a0 00
0x00007ffad33a6203:   00 48 8b e8 48 85 c0 75 25 48 8b cb e8 c0 44 00
0x00007ffad33a6213:   00 84 c0 0f 84 ea 00 00 00 48 8b d3 41 8a ce e8
0x00007ffad33a6223:   ad 13 00 00 eb e3 e8 0e 0e 00 00 48 8b e8 4c 8b
0x00007ffad33a6233:   cd 44 88 74 24 20 45 8b c4 48 8b d6 48 8b cf e8
0x00007ffad33a6243:   e1 00 00 00 83 3e 14 75 0b 48 8b 05 9d 0e 02 00
0x00007ffad33a6253:   c6 40 10 01 48 85 db 75 08 48 8b cd e8 0c 53 ff
0x00007ffad33a6263:   ff 48 8b 05 85 0e 02 00 4d 85 ff 74 43 f6 80 10
0x00007ffad33a6273:   02 00 00 02 74 2c 41 b8 b3 02 00 00 48 8d 15 a2
0x00007ffad33a6283:   a1 01 00 48 8d 0d 37 61 01 00 e8 f6 4e 00 00 48
0x00007ffad33a6293:   8d 15 e7 7c 01 00 48 8d 0d 38 61 01 00 e8 8b 4f
0x00007ffad33a62a3:   00 00 48 8b 07 49 8b d7 48 8b cf ff 50 68 eb 41
0x00007ffad33a62b3:   f6 80 10 02 00 00 02 74 2c 41 b8 b5 02 00 00 48
0x00007ffad33a62c3:   8d 15 5f a1 01 00 48 8d 0d f4 60 01 00 e8 b3 4e
0x00007ffad33a62d3:   00 00 48 8d 15 14 62 01 00 48 8d 0d f5 60 01 00
0x00007ffad33a62e3:   e8 48 4f 00 00 48 8b 07 48 8b cf ff 90 88 00 00 


Stack slot to memory mapping:

stack at sp + 0 slots: 0x0000022c7d774fc0 points into unknown readable memory: 0x0000000404801980 | 80 19 80 04 04 00 00 00
stack at sp + 1 slots: 0x00000055579fe850 is pointing into the stack for thread: 0x0000022c71b0e560
stack at sp + 2 slots: 0x0 is null
stack at sp + 3 slots: 0x0 is null
stack at sp + 4 slots: {method} {0x0000022c24489298} 'initLevel' '(I)V' in 'jdk/internal/misc/VM'
stack at sp + 5 slots: 0x0000022c71b0e560 is a thread
stack at sp + 6 slots: 0x0000000000000003 is an unknown value
stack at sp + 7 slots: 0x0000000000000002 is an unknown value

Lock stack of current Java thread (top to bottom):
LockStack[1]: java.lang.Shutdown$Lock 
{0x0000000404dbe778} - klass: 'java/lang/Shutdown$Lock'
 - ---- fields (total size 2 words):
LockStack[0]: java.lang.Class 
{0x0000000404e431a8} - klass: 'java/lang/Class'
 - ---- fields (total size 17 words):
 - private volatile transient 'classRedefinedCount' 'I' @12  0 (0x00000000)
 - injected 'klass' 'J' @16  2388607453200 (0x0000022c24194810)
 - injected 'array_klass' 'J' @24  0 (0x0000000000000000)
 - injected 'oop_size' 'I' @32  17 (0x00000011)
 - injected 'static_oop_field_count' 'I' @36  3 (0x00000003)
 - private volatile transient 'cachedConstructor' 'Ljava/lang/reflect/Constructor;' @40  null (0x00000000)
 - private transient 'name' 'Ljava/lang/String;' @44  null (0x00000000)
 - private transient 'module' 'Ljava/lang/Module;' @48  a 'java/lang/Module'{0x0000000404801590} (0x809002b2)
 - private final 'classLoader' 'Ljava/lang/ClassLoader;' @52  null (0x00000000)
 - private transient 'classData' 'Ljava/lang/Object;' @56  null (0x00000000)
 - private transient 'packageName' 'Ljava/lang/String;' @60  null (0x00000000)
 - private final 'componentType' 'Ljava/lang/Class;' @64  null (0x00000000)
 - private volatile transient 'reflectionData' 'Ljava/lang/ref/SoftReference;' @68  null (0x00000000)
 - private volatile transient 'genericInfo' 'Lsun/reflect/generics/repository/ClassRepository;' @72  null (0x00000000)
 - private volatile transient 'enumConstants' '[Ljava/lang/Object;' @76  null (0x00000000)
 - private volatile transient 'enumConstantDirectory' 'Ljava/util/Map;' @80  null (0x00000000)
 - private volatile transient 'annotationData' 'Ljava/lang/Class$AnnotationData;' @84  null (0x00000000)
 - private volatile transient 'annotationType' 'Lsun/reflect/annotation/AnnotationType;' @88  null (0x00000000)
 - transient 'classValueMap' 'Ljava/lang/ClassValue$ClassValueMap;' @92  null (0x00000000)
 - injected 'protection_domain' 'Ljava/lang/Object;' @96  null (0x00000000)
 - injected 'signers_name' 'Ljava/lang/Object;' @100  null (0x00000000)
 - injected 'source_file' 'Ljava/lang/Object;' @104  null (0x00000000)
 - signature: Ljava/lang/Shutdown;
 - ---- static fields (3):
 - private static final 'MAX_SYSTEM_HOOKS' 'I' @124  10 (0x0000000a)
 - private static final 'hooks' '[Ljava/lang/Runnable;' @112  a 'java/lang/Runnable'[10] {0x0000000404e11030} (0x809c2206)
 - private static 'currentRunningHook' 'I' @128  9 (0x00000009)
 - private static 'lock' 'Ljava/lang/Object;' @116  a 'java/lang/Shutdown$Lock'{0x0000000404e14dd0} (0x809c29ba)
 - private static 'haltLock' 'Ljava/lang/Object;' @120  a 'java/lang/Shutdown$Lock'{0x0000000404dbe778} (0x809b7cef)


Compiled method (c2) 14175 4899       4       com.jme3.app.SimpleApplication::update (235 bytes)
 total in heap  [0x0000022c07e4f488,0x0000022c07e56e10] = 31112
 relocation     [0x0000022c07e4f560,0x0000022c07e4fd18] = 1976
 constants      [0x0000022c07e4fd20,0x0000022c07e4fd40] = 32
 main code      [0x0000022c07e4fd40,0x0000022c07e567c0] = 27264
 stub code      [0x0000022c07e567c0,0x0000022c07e56978] = 440
 oops           [0x0000022c07e56978,0x0000022c07e569a8] = 48
 metadata       [0x0000022c07e569a8,0x0000022c07e56e10] = 1128
 immutable data [0x0000022c8bb731e0,0x0000022c8bb76ba0] = 14784
 dependencies   [0x0000022c8bb731e0,0x0000022c8bb73340] = 352
 nul chk table  [0x0000022c8bb73340,0x0000022c8bb73610] = 720
 handler table  [0x0000022c8bb73610,0x0000022c8bb73b38] = 1320
 scopes pcs     [0x0000022c8bb73b38,0x0000022c8bb74d88] = 4688
 scopes data    [0x0000022c8bb74d88,0x0000022c8bb76ba0] = 7704


[Constant Pool]
             Address          hex4                    hex8      
  0x0000022c07e4fd20:   0x00000000      0x3089705f00000000      
  0x0000022c07e4fd24:   0x3089705f                              
  0x0000022c07e4fd28:   0x3f800000      0x3c75c28f3f800000      
  0x0000022c07e4fd2c:   0x3c75c28f                              
  0x0000022c07e4fd30:   0x00000000      0x41cdcd6500000000      
  0x0000022c07e4fd34:   0x41cdcd65                              
  0x0000022c07e4fd38:   0xf4f4f4f4      0xf4f4f4f4f4f4f4f4      
  0x0000022c07e4fd3c:   0xf4f4f4f4                              

[MachCode]
[Instructions begin]
  0x0000022c07e4fd40: ;   {no_reloc}
  0x0000022c07e4fd40: 6690 448b | 5208 443b 

  0x0000022c07e4fd48: ;   {runtime_call ic_miss_stub}
  0x0000022c07e4fd48: 5008 0f85 | 90e7 64ff 
[Verified Entry Point]
  0x0000022c07e4fd50: 8984 2400 | 80ff ff55 | 4881 ecc0 | 0000 0090 | 4181 7f20 | 0500 0000 | 0f85 416a | 0000 4889 
  0x0000022c07e4fd70: 5424 488b | 6a5c 85ed | 0f85 2e3d | 0000 448b | 5218 4489 

  0x0000022c07e4fd84: ;   {oop(a 'java/lang/Class'{0x000000041d000210} = 'com/jme3/audio/AudioContext')}
  0x0000022c07e4fd84: 5424 5049 | ba10 0200 | 1d04 0000 | 0041 8b6a | 7045 8b5c 

  0x0000022c07e4fd98: ;   {metadata('java/lang/ThreadLocal')}
  0x0000022c07e4fd98: ec08 4181 | fbf0 8523 | 000f 8519 | 3d00 0049 | 8d3c ec4d | 8b97 8803 | 0000 4d8b | 124c 8954 
  0x0000022c07e4fdb8: 2458 458b | 5a4c 4489 | 5c24 5447 | 8b74 dc14 

  0x0000022c07e4fdc8: ; implicit exception: dispatches to 0x0000022c07e5568c
  0x0000022c07e4fdc8: 478b 54f4 | 0c45 8d4a | ff44 234f | 0c45 85d2 | 0f86 0e3d | 0000 4f8d | 1cf4 4c89 | 5c24 6847 
  0x0000022c07e4fde8: 8b5c 8b10 | 448b 4424 | 5049 8bf0 | 48c1 e603 | 448b 4424 | 544f 8d2c | c445 85db | 0f84 042e 
  0x0000022c07e4fe08: 0000 4b8d | 2cdc 4489 | 8c24 a000 | 0000 49bb | 0000 fe0c | 2c02 0000 | 4c89 5c24 | 70eb 2d66 
  0x0000022c07e4fe28: 0f1f 8400 | 0000 0000 | 4b8d 2cd4 | 8984 24a0 | 0000 0048 | 8b7c 2430 | 448b 7424 | 6048 8b74 
  0x0000022c07e4fe48: 2420 4c8b | 6c24 2844 | 8b54 2464 | 448b 450c | 4d8b d849 | c1e3 034c | 3bdf 0f84 | c202 0000 
  0x0000022c07e4fe68: 443b 650c | 0f84 0403 | 0000 4c89 | 6c24 2848 | 8974 2420 | 4489 5424 | 6444 8974 | 2460 4889 
  0x0000022c07e4fe88: 7c24 308b | 9424 a000 | 0000 458b | c24c 8b54 

  0x0000022c07e4fe98: ;   {no_reloc}
  0x0000022c07e4fe98: 2448 4c89 

  0x0000022c07e4fe9c: ;   {static_call}
  0x0000022c07e4fe9c: 5424 38e8 

  0x0000022c07e4fea0: ; ImmutableOopMap {rbp=Oop [32]=Oop [40]=Oop [48]=Oop [56]=Oop [72]=Oop [80]=NarrowOop [84]=NarrowOop [88]=Oop [96]=NarrowOop [104]=Oop }
                      ;*invokestatic nextIndex {reexecute=0 rethrow=0 return_oop=0}
                      ; - java.lang.ThreadLocal$ThreadLocalMap::set@70 (line 551)
                      ; - java.lang.ThreadLocal::set@13 (line 265)
                      ; - java.lang.ThreadLocal::set@5 (line 251)
                      ; - com.jme3.audio.AudioContext::setAudioRenderer@4 (line 44)
                      ; - com.jme3.app.LegacyApplication::update@4 (line 712)
                      ; - com.jme3.app.SimpleApplication::update@20 (line 246)
  0x0000022c07e4fea0: 3cef 64ff 

  0x0000022c07e4fea4: ;   {other}
  0x0000022c07e4fea4: 0f1f 8400 | 1c0a 0000 | 3b44 2464 | 0f83 053a | 0000 4c8b | 5424 6845 | 8b54 8210 | 4d8b 9f50 
  0x0000022c07e4fec4: ; ImmutableOopMap {r10=NarrowOop [32]=Oop [40]=Oop [48]=Oop [56]=Oop [72]=Oop [80]=NarrowOop [84]=NarrowOop [88]=Oop [96]=NarrowOop [104]=Oop }
                      ;*goto {reexecute=1 rethrow=0 return_oop=0}
                      ; - (reexecute) java.lang.ThreadLocal$ThreadLocalMap::set@79 (line 551)
                      ; - java.lang.ThreadLocal::set@13 (line 265)
                      ; - java.lang.ThreadLocal::set@5 (line 251)
                      ; - com.jme3.audio.AudioContext::setAudioRenderer@4 (line 44)
                      ; - com.jme3.app.LegacyApplication::update@4 (line 712)
                      ; - com.jme3.app.SimpleApplication::update@20 (line 246)
                      ;   {poll}
  0x0000022c07e4fec4: 0400 0041 | 8503 4585 | d20f 855d | ffff ff89 | 8424 a000 | 0000 488b | 7c24 3044 | 8b74 2460 
  0x0000022c07e4fee4: 448b 5424 | 6448 8b74 | 2420 4c8b | 6c24 2848 | 8b6c 2470 | 498b 9fb8 | 0100 004c | 8bdb 4983 
  0x0000022c07e4ff04: c320 4d3b | 9fc8 0100 | 000f 8321 | 3a00 004d | 899f b801 | 0000 410f | 0d8b c000 | 0000 48c7 
  0x0000022c07e4ff24: 0301 0000 

  0x0000022c07e4ff28: ;   {metadata('java/lang/ThreadLocal$ThreadLocalMap$Entry')}
  0x0000022c07e4ff28: 00c7 4308 | 68d9 2f00 | 4c89 6310 | 4c89 6318 | 4c8b df49 | c1eb 0344 | 895b 0c41 | 807f 3800 
  0x0000022c07e4ff48: 0f85 ab36 | 0000 4489 | 9424 8800 

  0x0000022c07e4ff54: ;   {oop(a 'java/lang/ref/ReferenceQueue$Null'{0x000000040482ce18})}
  0x0000022c07e4ff54: 0000 c743 | 10c3 5990 | 804c 8bd3 

  0x0000022c07e4ff60: ;   {oop(a 'java/lang/ref/ReferenceQueue$Null'{0x000000040482ce18})}
  0x0000022c07e4ff60: 49bb 18ce | 8204 0400 | 0000 4d33 | da49 c1eb | 174d 85db | 741a 49c1 | ea09 48b9 | 0000 fe0c 
  0x0000022c07e4ff80: 2c02 0000 | 4903 ca80 | 3902 0f85 | e436 0000 | f083 4424 | c000 4180 | 7f38 000f | 8521 3600 
  0x0000022c07e4ffa0: 0044 8b5c | 2450 4489 | 5b1c 4c8b | d64c 8bdb | 4d33 d349 | c1ea 174d | 85d2 7424 | 448b 5424 
  0x0000022c07e4ffc0: 5045 85d2 | 741a 49c1 | eb09 48b9 | 0000 fe0c | 2c02 0000 | 4903 cb80 | 3902 0f85 | 3037 0000 
  0x0000022c07e4ffe0: 448b 8424 | a000 0000 | 443b 8424 | 8800 0000 | 0f83 2251 | 0000 4c8b | 5c24 684f | 8d74 8310 
  0x0000022c07e50000: 4180 7f38 | 000f 8533 | 3600 004d | 8bde 4c8b | d349 c1ea | 0345 8916 | 4c8b d34d | 33d3 49c1 
  0x0000022c07e50020: ea17 4d85 | d274 1a49 | c1eb 0948 | b900 00fe | 0c2c 0200 | 0049 03cb | 8039 020f | 8581 3600 
  0x0000022c07e50040: 0048 89ac | 2480 0000 | 004c 896c | 2478 4c8b | 5424 684c | 8954 2460 | 448b 9424 

  0x0000022c07e5005c: ;   {no_reloc}
  0x0000022c07e5005c: 8800 0000 | 4489 5424 | 404c 8b54 | 2458 4c89 | 5424 3848 | 8bef 4c8b | 5424 484c | 8954 2430 
  0x0000022c07e5007c: 448b 5c24 | 5447 8b5c | dc0c 458d | 5301 448b | 4424 5447 | 8954 c40c | 4489 5424 | 2444 8944 
  0x0000022c07e5009c: 2420 498b | d544 8b84 | 24a0 0000 | 0044 8b4c | 2424 4889 | 7424 5048 | 8974 2468 

  0x0000022c07e500b8: ;   {optimized virtual_call}
  0x0000022c07e500b8: 6666 90e8 

  0x0000022c07e500bc: ; ImmutableOopMap {rbp=Oop [32]=NarrowOop [48]=Oop [56]=Oop [80]=Oop [96]=Oop [104]=Oop [120]=Oop }
                      ;*invokevirtual cleanSomeSlots {reexecute=0 rethrow=0 return_oop=0}
                      ; - java.lang.ThreadLocal$ThreadLocalMap::set@113 (line 565)
                      ; - java.lang.ThreadLocal::set@13 (line 265)
                      ; - java.lang.ThreadLocal::set@5 (line 251)
                      ; - com.jme3.audio.AudioContext::setAudioRenderer@4 (line 44)
                      ; - com.jme3.app.LegacyApplication::update@4 (line 712)
                      ; - com.jme3.app.SimpleApplication::update@20 (line 246)
  0x0000022c07e500bc: 20e7 64ff 

  0x0000022c07e500c0: ;   {other}
  0x0000022c07e500c0: 0f1f 8400 | 380c 0002 | 85c0 0f84 | 6a2b 0000 | 4c8b 5424 | 304c 8954 | 2448 4c8b | 9424 8000 
  0x0000022c07e500e0: 0000 4c89 | 5424 70e9 | d400 0000 | 0f1f 4000 | 488b 4c24 | 28e9 9710 | 0000 660f | 1f44 0000 
  0x0000022c07e50100: 488b 4c24 | 28e9 bf0c | 0000 660f | 1f44 0000 | 4c8b 4424 | 28e9 fb08 | 0000 660f | 1f44 0000 
  0x0000022c07e50120: 4c8b 4c24 | 28e9 1d08 | 0000 4180 | 7f38 000f | 8553 2c00 | 0044 8b5c | 2450 4489 | 5d1c 4c8b 
  0x0000022c07e50140: d64c 8bdd | 4d33 d349 | c1ea 174d | 85d2 7470 | 448b 5424 | 5045 85d2 | 7466 49c1 | eb09 48b9 
  0x0000022c07e50160: 0000 fe0c | 2c02 0000 | 4903 cb80 | 3902 0f85 | 4b2c 0000 | eb4a 4889 | 7c24 2848 | 897c 2430 
  0x0000022c07e50180: 4889 6c24 | 4049 8bd5 | 4c8b c74c | 8bce 8bbc | 24a0 0000 | 0048 8b6c | 2448 4889 | 7424 6048 
  0x0000022c07e501a0: 8974 2478 | 4c89 ac24 | 8800 0000 | 4489 5424 

  0x0000022c07e501b0: ;   {optimized virtual_call}
  0x0000022c07e501b0: 3c66 90e8 

  0x0000022c07e501b4: ; ImmutableOopMap {rbp=Oop [40]=Oop [48]=Oop [64]=Oop [72]=Oop [88]=Oop [96]=Oop [104]=Oop [120]=Oop [136]=Oop }
                      ;*invokevirtual replaceStaleEntry {reexecute=0 rethrow=0 return_oop=0}
                      ; - java.lang.ThreadLocal$ThreadLocalMap::set@61 (line 558)
                      ; - java.lang.ThreadLocal::set@13 (line 265)
                      ; - java.lang.ThreadLocal::set@5 (line 251)
                      ; - com.jme3.audio.AudioContext::setAudioRenderer@4 (line 44)
                      ; - com.jme3.app.LegacyApplication::update@4 (line 712)
                      ; - com.jme3.app.SimpleApplication::update@20 (line 246)
  0x0000022c07e501b4: 28e6 64ff 

  0x0000022c07e501b8: ;   {other}
  0x0000022c07e501b8: 0f1f 8400 | 300d 0003 | 4c8b 5424 | 4841 8b6a | 5c85 ed0f | 8557 3900 | 0045 8b5a | 6044 895c 
  0x0000022c07e501d8: 2450 4585 | db0f 84b5 | 3800 004b | 8d0c dc4f | 8d54 dc0c | 4c89 5424 | 2041 8b1a | 488b fb48 
  0x0000022c07e501f8: c1e7 0348 | 8bf7 4c8b | f644 8b6e | 0c45 85ed | 0f85 af17 | 0000 8b6e | 1085 ed0f | 85d3 2800 
  0x0000022c07e50218: 0048 3bfe | 0f85 e828 | 0000 4c8b | 5424 48c4 | c17a 104a 

  0x0000022c07e5022c: ;   {section_word}
  0x0000022c07e5022c: 0cc5 f82e | 0deb faff | ff7a 060f | 84b3 4200 | 0041 0fb6 | 6a11 85ed | 0f85 da42 | 0000 418b 
  0x0000022c07e5024c: 5a34 498b | 7cdc 1049 | ba70 b6a4 | 57f9 7f00 | 0041 ffd2 

  0x0000022c07e50260: ;   {other}
  0x0000022c07e50260: 0f1f 8400 | 0000 0000 | 4c8b 5424 | 4841 0fb6 | 6a10 482b | c749 2b44 | dc18 c5f1 | efc9 c4e1 
  0x0000022c07e50280: ;   {section_word}
  0x0000022c07e50280: f22a c8c5 | f259 0d99 | faff ffc5 | fa11 4c24 | 20c4 c17a | 114c dc0c 

  0x0000022c07e50298: ;   {section_word}
  0x0000022c07e50298: c5fa 100d | 88fa ffff | c5f2 5e44 | 2420 c4c1 | 7a11 44dc | 2049 ba70 | b6a4 57f9 | 7f00 0041 
  0x0000022c07e502b8: ;   {other}
  0x0000022c07e502b8: ffd2 0f1f | 8400 0000 | 0000 482b | c749 8944 | dc18 85ed | 0f84 6642 | 0000 4c8b | 5424 4841 
  0x0000022c07e502d8: 8b6a 5c85 | ed0f 85c1 | 3900 0045 | 8b42 54c5 | fa10 4c24 | 20c4 817a | 114c c40c 

  0x0000022c07e502f4: ;   {section_word}
  0x0000022c07e502f4: c5fa 1005 | 30fa ffff | c5f8 2ec1 | 0f86 3641 | 0000 43c6 | 44c4 3601 | 438b 6cc4 | 3845 8b54 
  0x0000022c07e50314: ;   {metadata('com/jme3/input/lwjgl/GlfwKeyInput')}
  0x0000022c07e50314: ec08 4181 | fa00 8920 | 010f 8595 | 3900 00c5 | fa11 4c24 | 3048 c1e5 | 034f 8d14 | c44c 8954 
  0x0000022c07e50334: 2428 4489 | 4424 2048 | ba20 3add | cefa 7f00 

  0x0000022c07e50344: ;   {static_call}
  0x0000022c07e50344: 0066 90e8 

  0x0000022c07e50348: ; ImmutableOopMap {rbp=Oop [32]=NarrowOop [40]=Oop [72]=Oop }
                      ;*invokestatic invokeD {reexecute=0 rethrow=0 return_oop=0}
                      ; - org.lwjgl.glfw.GLFW::glfwGetTime@5 (line 4439)
                      ; - com.jme3.input.lwjgl.GlfwKeyInput::getInputTimeNanos@0 (line 187)
                      ; - com.jme3.input.InputManager::update@25 (line 901)
                      ; - com.jme3.app.LegacyApplication::update@91 (line 724)
                      ; - com.jme3.app.SimpleApplication::update@20 (line 246)
  0x0000022c07e50348: 64f5 eeff 

  0x0000022c07e5034c: ;   {other}
  0x0000022c07e5034c: 0f1f 8400 | c40e 0004 

  0x0000022c07e50354: ;   {section_word}
  0x0000022c07e50354: c5fb 5905 | d4f9 ffff | 448b 5424 | 2047 8b44 | d438 43c6 | 44d4 3401 | c4e1 fb2c 

  0x0000022c07e50370: ;   {external_word}
  0x0000022c07e50370: c048 3b05 | 080f 60ff | 0f84 1d64 | 0000 4c8b | d84f 2b5c | d418 4f89 | 5cd4 2047 | 8b5c c408 
  0x0000022c07e50390: ;   {metadata('com/jme3/input/lwjgl/GlfwKeyInput')}
  0x0000022c07e50390: 4181 fb00 | 8920 010f | 853b 3900 | 004f 8d1c | c441 8b6b | 1445 8b4c | ec14 478b | 44cc 0c45 
  0x0000022c07e503b0: 85c0 0f84 | 9441 0000 | 418b 4b10 

  0x0000022c07e503bc: ; implicit exception: dispatches to 0x0000022c07e5578c
  0x0000022c07e503bc: 458b 44cc 

  0x0000022c07e503c0: ;   {metadata('java/util/ArrayDeque')}
  0x0000022c07e503c0: 0841 81f8 | 78cc 2e00 | 0f85 3a39 | 0000 4d8d | 04cc 418b | 580c 458b | 4010 413b | d80f 853b 
  0x0000022c07e503e0: 2200 0043 | 8b6c d43c 

  0x0000022c07e503e8: ; implicit exception: dispatches to 0x0000022c07e557bc
  0x0000022c07e503e8: 458b 5cec 

  0x0000022c07e503ec: ;   {metadata('com/jme3/input/lwjgl/GlfwMouseInput')}
  0x0000022c07e503ec: 0841 81fb | b861 2001 | 0f85 4239 | 0000 4d8d | 1cec 418b | 6b54 85ed | 0f85 6e41 | 0000 458b 
  0x0000022c07e5040c: 4334 478b 

  0x0000022c07e50410: ;   {metadata('java/util/ArrayDeque')}
  0x0000022c07e50410: 4cc4 0841 | 81f9 78cc | 2e00 0f85 | 3839 0000 | 4f8d 0cc4 | 418b 590c | 458b 4910 | 413b d90f 
  0x0000022c07e50430: 85d8 2200 | 0041 8b4b | 3845 8b4c 

  0x0000022c07e5043c: ;   {metadata('java/util/ArrayDeque')}
  0x0000022c07e5043c: cc08 4181 | f978 cc2e | 000f 8541 | 3900 004d | 8d04 cc45 | 8b48 0c41 | 8b58 1044 | 3bcb 0f85 
  0x0000022c07e5045c: 0b24 0000 | 438b 6cd4 | 4085 ed0f | 852f 4100 | 0043 8b6c | d444 85ed | 0f85 4639 | 0000 4889 
  0x0000022c07e5047c: 4424 3847 | 8864 d434 | 4489 5424 | 2048 8b54 

  0x0000022c07e5048c: ;   {optimized virtual_call}
  0x0000022c07e5048c: 2428 90e8 

  0x0000022c07e50490: ; ImmutableOopMap {[32]=NarrowOop [40]=Oop [72]=Oop }
                      ;*invokespecial processQueue {reexecute=0 rethrow=0 return_oop=0}
                      ; - com.jme3.input.InputManager::update@102 (line 917)
                      ; - com.jme3.app.LegacyApplication::update@91 (line 724)
                      ; - com.jme3.app.SimpleApplication::update@20 (line 246)
  0x0000022c07e50490: 3c81 0100 

  0x0000022c07e50494: ;   {other}
  0x0000022c07e50494: 0f1f 8400 | 0c10 0005 | 448b 5424 | 2047 8b4c | d458 438b | 6ccc 2045 | 8b44 ec0c | 4585 c00f 
  0x0000022c07e504b4: 8623 3900 | 0041 8b4c | ec10 438b | 5ccc 1085 | db0f 8ec1 | 0000 004b | 8d14 cc45 | 33db 4533 
  0x0000022c07e504d4: c044 3bdb | 0f8d 4642 | 0000 85c9 | 740e 418b | 7ccc 1449 | 8d34 cce9 | b300 0000 | 438b 5ccc 
  0x0000022c07e504f4: 2041 8d78 | 0141 8b44 | dc0c 3bf8 | 0f83 ca3e | 0000 498d | 34dc 4963 | c88b 4c8e | 1485 c90f 
  0x0000022c07e50514: 857e 0000 | 0041 83c0 | 0244 3bc0 | 7d1f 443b | c073 1a42 | 8b4c 8610 | 498b bf50 

  0x0000022c07e50530: ; ImmutableOopMap {r10=NarrowOop r9=NarrowOop rcx=NarrowOop rbx=NarrowOop rdx=Oop rsi=Oop [40]=Oop [72]=Oop }
                      ;*ifnull {reexecute=1 rethrow=0 return_oop=0}
                      ; - (reexecute) com.jme3.util.IntMap$IntMapIterator::next@86 (line 279)
                      ; - com.jme3.util.IntMap$IntMapIterator::next@1 (line 228)
                      ; - com.jme3.input.InputManager::invokeUpdateActions@18 (line 210)
                      ; - com.jme3.input.InputManager::update@106 (line 918)
                      ; - com.jme3.app.LegacyApplication::update@91 (line 724)
                      ; - com.jme3.app.SimpleApplication::update@20 (line 246)
                      ;   {poll}
  0x0000022c07e50530: 0400 0085 | 0785 c975 | 6141 ffc0 | 443b c07c | e1ba e4ff | ffff 488b | 6c24 48c5 | fa10 4424 
  0x0000022c07e50550: 30c5 fa11 | 4424 2c48 | 8b7c 2438 | 4889 7c24 | 3044 8954 | 2438 895c | 243c 4489 | 4424 4444 
  0x0000022c07e50570: 895c 2448 | 894c 244c | 4489 4c24 

  0x0000022c07e5057c: ;   {runtime_call UncommonTrapBlob}
  0x0000022c07e5057c: 5066 90e8 

  0x0000022c07e50580: ; ImmutableOopMap {rbp=Oop [56]=NarrowOop [60]=NarrowOop [76]=NarrowOop [80]=NarrowOop }
                      ;*aaload {reexecute=0 rethrow=0 return_oop=0}
                      ; - com.jme3.util.IntMap$IntMapIterator::next@78 (line 278)
                      ; - com.jme3.util.IntMap$IntMapIterator::next@1 (line 228)
                      ; - com.jme3.input.InputManager::invokeUpdateActions@18 (line 210)
                      ; - com.jme3.input.InputManager::update@106 (line 918)
                      ; - com.jme3.app.LegacyApplication::update@91 (line 724)
                      ; - com.jme3.app.SimpleApplication::update@20 (line 246)
  0x0000022c07e50580: dc3d 65ff 

  0x0000022c07e50584: ;   {other}
  0x0000022c07e50584: 0f1f 8400 | fc10 0007 | 4533 db45 | 33c0 e9fd | 0000 0044 | 8bc7 418b | 7ccc 1449 | 8d34 cc8b 
  0x0000022c07e505a4: 4e0c 8b5e | 1041 ffc3 

  0x0000022c07e505ac: ; implicit exception: dispatches to 0x0000022c07e56058
  0x0000022c07e505ac: 418b 6cdc 

  0x0000022c07e505b0: ;   {metadata('java/lang/Long')}
  0x0000022c07e505b0: 0881 fdc0 | 0419 000f | 85a7 4d00 | 004b 8b6c | d410 48c1 | e303 488b | 4310 483b | e80f 8c33 
  0x0000022c07e505d0: 2600 004f | 8b6c d418 | 4c2b ed4d | 85ed 0f8e | 9400 0000 | 430f b66c | d436 85ed | 0f84 7e41 
  0x0000022c07e505f0: 0000 4c89 | 6c24 7848 | 8944 2468 | 894c 2460 | 4889 7424 | 5889 7c24 | 5444 8944 | 2450 4489 
  0x0000022c07e50610: 5c24 3448 | 8954 2440 | 4489 4c24 | 2444 8954 | 2420 488b | 5424 2844 

  0x0000022c07e50628: ;   {section_word}
  0x0000022c07e50628: 8bc1 c5fa | 1005 f6f6 | ffff 4533 | c948 8bea 

  0x0000022c07e50638: ;   {optimized virtual_call}
  0x0000022c07e50638: 6666 90e8 

  0x0000022c07e5063c: ; ImmutableOopMap {rbp=Oop [32]=NarrowOop [36]=NarrowOop [40]=Oop [64]=Oop [72]=Oop [84]=NarrowOop [88]=Oop }
                      ;*invokespecial invokeAnalogs {reexecute=0 rethrow=0 return_oop=0}
                      ; - com.jme3.input.InputManager::invokeUpdateActions@76 (line 217)
                      ; - com.jme3.input.InputManager::update@106 (line 918)
                      ; - com.jme3.app.LegacyApplication::update@91 (line 724)
                      ; - com.jme3.app.SimpleApplication::update@20 (line 246)
  0x0000022c07e5063c: 1039 feff 

  0x0000022c07e50640: ;   {other}
  0x0000022c07e50640: 0f1f 8400 | b811 0008 | 448b 5424 | 2044 8b4c | 2424 488b | 5424 4044 | 8b5c 2434 | 448b 4424 
  0x0000022c07e50660: 508b 7c24 | 5448 8b74 | 2458 8b4c | 2460 488b | 4424 684c | 8b6c 2478 | 498b 9f50 

  0x0000022c07e5067c: ; ImmutableOopMap {r10=NarrowOop r9=NarrowOop rdi=NarrowOop rdx=Oop rsi=Oop [40]=Oop [72]=Oop }
                      ;*goto {reexecute=1 rethrow=0 return_oop=0}
                      ; - (reexecute) com.jme3.input.InputManager::invokeUpdateActions@79 (line 219)
                      ; - com.jme3.input.InputManager::update@106 (line 918)
                      ; - com.jme3.app.LegacyApplication::update@91 (line 724)
                      ; - com.jme3.app.SimpleApplication::update@20 (line 246)
                      ;   {poll}
  0x0000022c07e5067c: 0400 0085 | 0343 8b5c | cc10 443b | db7d 078b | cfe9 43fe | ffff 8bcf | 438b 74d4 | 5c41 8b6c 
  0x0000022c07e5069c: f420 418b | 5cec 0c85 | db0f 8659 | 3700 0045 | 8b4c f410 | 4585 c90f | 8f83 3400 | 004f 8b5c 
  0x0000022c07e506bc: d418 4f89 | 5cd4 104c | 8b5c 2438 | 4f89 5cd4 | 184c 8b5c | 2448 458b | 5318 478b | 44d4 0841 
  0x0000022c07e506dc: 8b6b 5c85 | ed0f 8555 | 3700 0045 | 8b4b 34c4 | 817a 104c 

  0x0000022c07e506f0: ;   {metadata('com/jme3/audio/openal/ALAudioRenderer')}
  0x0000022c07e506f0: cc0c 4181 | f8c0 b920 | 010f 8551 | 3700 004f | 8d04 d441 | 8b68 4885 | ed0f 8465 | 3400 004d 
  0x0000022c07e50710: 8d0c ec48 | 8d9c 24b0 | 0000 004d | 8b11 418b | 9f18 0600 | 0041 f6c2 | 020f 8537 | 0000 0081 
  0x0000022c07e50730: fb67 0600 | 000f 8f4b | 0000 004d | 3b4c 1ff8 | 7416 498b | c248 83c8 | 0149 83e2 | fef0 4d0f 
  0x0000022c07e50750: b111 0f85 | 2e00 0000 | 4d89 0c1f | 4183 8718 | 0600 0008 | eb17 4833 | c0f0 4d0f | b17a 3e74 
  0x0000022c07e50770: 0c4c 3bf8 | 7510 49ff | 8286 0000 | 0049 ff87 | 5005 0000 | 33c0 0f85 | e436 0000 | 4c89 4c24 
  0x0000022c07e50790: 284c 8944 | 2438 c5fa | 114c 2430 | 4c89 5c24 | 2049 8bd0 | c5f8 28c1 

  0x0000022c07e507a8: ;   {optimized virtual_call}
  0x0000022c07e507a8: 6666 90e8 

  0x0000022c07e507ac: ; ImmutableOopMap {rbp=NarrowOop [32]=Oop [40]=Oop [56]=Oop }
                      ;*invokevirtual updateInRenderThread {reexecute=0 rethrow=0 return_oop=0}
                      ; - com.jme3.audio.openal.ALAudioRenderer::update@9 (line 850)
                      ; - com.jme3.app.LegacyApplication::update@131 (line 729)
                      ; - com.jme3.app.SimpleApplication::update@20 (line 246)
  0x0000022c07e507ac: 0013 f7ff 

  0x0000022c07e507b0: ;   {other}
  0x0000022c07e507b0: 0f1f 8400 | 2813 000a | 4c8b 5c24 | 2848 8d84 | 24b0 0000 | 0049 ff8f | 5005 0000 | 418b 8718 
  0x0000022c07e507d0: 0600 004d | 8b13 4d3b | 5c07 f80f | 852e 0000 | 0041 83af | 1806 0000 | 084d 3b5c | 07f0 0f84 
  0x0000022c07e507f0: 4d00 0000 | 498b c248 | 83e0 fc49 | 83ca 01f0 | 4d0f b113 | 0f85 4a5f | 0000 e932 | 0000 0049 
  0x0000022c07e50810: 83ba 8600 | 0000 0075 | 1e49 8b82 | 9600 0000 | 490b 828e | 0000 000f | 853b 5f00 | 0049 c742 
  0x0000022c07e50830: 3e00 0000 | 00eb 0a49 | ff8a 8600 | 0000 4533 | d20f 8577 | 3600 004c | 8b54 2420 | c4c1 7a10 
  0x0000022c07e50850: ;   {section_word}
  0x0000022c07e50850: 420c c5f8 | 2e05 c6f4 | ffff 7a06 | 0f84 563d | 0000 410f | b66a 1185 | ed0f 857d | 3d00 0045 
  0x0000022c07e50870: 8b5a 34c4 | 817a 5944 | dc0c 418b | 6a5c 85ed | 0f85 6036 | 0000 458b | 5a58 4585 | db0f 8401 
  0x0000022c07e50890: 3300 00c5 | fa11 4424 | 304b 8d14 

  0x0000022c07e5089c: ;   {optimized virtual_call}
  0x0000022c07e5089c: dc66 90e8 

  0x0000022c07e508a0: ; ImmutableOopMap {[32]=Oop }
                      ;*invokevirtual update {reexecute=0 rethrow=0 return_oop=0}
                      ; - com.jme3.app.SimpleApplication::update@77 (line 255)
  0x0000022c07e508a0: 2c4b fdff 

  0x0000022c07e508a4: ;   {other}
  0x0000022c07e508a4: 0f1f 8400 | 1c14 000b | 488b 5424 | 20c5 fa10 

  0x0000022c07e508b4: ;   {optimized virtual_call}
  0x0000022c07e508b4: 4424 30e8 

  0x0000022c07e508b8: ; ImmutableOopMap {[32]=Oop }
                      ;*invokevirtual simpleUpdate {reexecute=0 rethrow=0 return_oop=0}
                      ; - com.jme3.app.SimpleApplication::update@82 (line 258)
  0x0000022c07e508b8: f4dc 0100 

  0x0000022c07e508bc: ;   {other}
  0x0000022c07e508bc: 0f1f 8400 | 3414 000c | 4c8b 5424 | 2041 8b6a | 5c85 ed0f | 852b 3600 | 0041 8b6a | 6445 8b5c 
  0x0000022c07e508dc: ;   {metadata('com/jme3/scene/Node')}
  0x0000022c07e508dc: ec08 4181 | fb08 3200 | 010f 8529 | 3600 004d | 8d14 ec4c | 8954 2438 | 458b 4a4c 

  0x0000022c07e508f8: ; implicit exception: dispatches to 0x0000022c07e55990
  0x0000022c07e508f8: 478b 54cc | 0c45 85d2 | 0f84 8900 | 0000 438b | 6ccc 1885 | ed0f 8451 | 1900 0045 | 8b5c ec08 
  0x0000022c07e50918: ;   {metadata('com/jme3/scene/control/Control'[])}
  0x0000022c07e50918: 4181 fb50 | 2923 010f | 85ab 4b00 | 004d 8d0c | ec45 8b51 | 0c45 85d2 | 765d 458d | 42ff 453b 
  0x0000022c07e50938: c20f 83e5 | 3c00 0045 | 33db 4489 | 5424 5c43 | 8b6c 9910 | 4489 5c24 | 344c 894c | 2428 488b 
  0x0000022c07e50958: d548 c1e2 | 03c5 fa10 | 4424 3066 | 9048 b810 | 4f8e 862c 

  0x0000022c07e5096c: ;   {virtual_call}
  0x0000022c07e5096c: 0200 00e8 

  0x0000022c07e50970: ; ImmutableOopMap {rbp=NarrowOop [32]=Oop [40]=Oop [56]=Oop }
                      ;*invokeinterface update {reexecute=0 rethrow=0 return_oop=0}
                      ; - com.jme3.scene.Spatial::runControlUpdate@43 (line 737)
                      ; - com.jme3.scene.Spatial::updateLogicalState@2 (line 880)
                      ; - com.jme3.scene.Node::updateLogicalState@2 (line 231)
                      ; - com.jme3.app.SimpleApplication::update@109 (line 261)
  0x0000022c07e50970: 6ce1 64ff 

  0x0000022c07e50974: ;   {other}
  0x0000022c07e50974: 0f1f 8400 | ec14 000d | 448b 5c24 | 3441 ffc3 | 443b 5c24 | 5c0f 8c91 | f7ff ff4c | 8b54 2438 
  0x0000022c07e50994: 453b 6258 | 0f84 b11f | 0000 4c8b | 5424 2041 | 8b6a 6845 | 8b54 ec08 

  0x0000022c07e509ac: ;   {metadata('com/jme3/scene/Node')}
  0x0000022c07e509ac: 4181 fa08 | 3200 010f | 857b 3500 | 004d 8d14 | ec4c 8954 | 2438 418b | 4a4c 458b | 5ccc 0c45 
  0x0000022c07e509cc: 85db 0f84 | 8700 0000 | 418b 6ccc | 1885 ed0f | 845b 1a00 | 0045 8b54 

  0x0000022c07e509e4: ;   {metadata('com/jme3/scene/control/Control'[])}
  0x0000022c07e509e4: ec08 4181 | fa50 2923 | 010f 8591 | 4a00 004d | 8d04 ec45 | 8b58 0c45 | 85db 765b | 458d 53ff 
  0x0000022c07e50a04: 453b d30f | 834f 3c00 | 0045 33d2 | 4489 5c24 | 5c43 8b6c | 9010 4489 | 5424 344c | 8944 2428 
  0x0000022c07e50a24: 488b d548 | c1e2 03c5 | fa10 4424 | 3048 b838 | 4f8e 862c 

  0x0000022c07e50a38: ;   {virtual_call}
  0x0000022c07e50a38: 0200 00e8 

  0x0000022c07e50a3c: ; ImmutableOopMap {rbp=NarrowOop [32]=Oop [40]=Oop [56]=Oop }
                      ;*invokeinterface update {reexecute=0 rethrow=0 return_oop=0}
                      ; - com.jme3.scene.Spatial::runControlUpdate@43 (line 737)
                      ; - com.jme3.scene.Spatial::updateLogicalState@2 (line 880)
                      ; - com.jme3.scene.Node::updateLogicalState@2 (line 231)
                      ; - com.jme3.app.SimpleApplication::update@117 (line 262)
  0x0000022c07e50a3c: a0e0 64ff 

  0x0000022c07e50a40: ;   {other}
  0x0000022c07e50a40: 0f1f 8400 | b815 000e | 448b 5424 | 3441 ffc2 | 443b 5424 | 5c0f 8cb5 | f6ff ff4c | 8b54 2438 
  0x0000022c07e50a60: 453b 6258 | 0f84 611f | 0000 4c8b | 5424 2045 | 8b52 6447 | 8b44 d410 | 4585 c00f | 84b3 0300 
  0x0000022c07e50a80: 0041 8be8 | 83e5 040f | 8507 3c00 | 004b 8d14 | d441 f6c0 | 010f 84bb | 0200 0047 | 8b4c d458 
  0x0000022c07e50aa0: ; implicit exception: dispatches to 0x0000022c07e56134
  0x0000022c07e50aa0: 478b 5ccc | 4847 8b44 | d444 438b | 4cd4 4845 | 8b4c cc10 

  0x0000022c07e50ab4: ; implicit exception: dispatches to 0x0000022c07e55dac
  0x0000022c07e50ab4: 438b 5cc4 | 1045 85c9 | 0f84 d636 | 0000 c4c1 | 7a10 44dc | 0cc4 817a | 1144 cc0c | 418b 74cc 
  0x0000022c07e50ad4: 0c43 8b7c | c40c c4c1 | 7a10 4cdc | 14c4 817a | 114c cc14 | c4c1 7a10 | 44dc 10c4 | 817a 1144 
  0x0000022c07e50af4: cc10 85f6 | 0f84 d236 | 0000 c4c1 | 7a10 7cfc | 0cc4 c17a | 117c f40c | 418b 5ccc | 1443 8b6c 
  0x0000022c07e50b14: c414 c4c1 | 7a10 74fc | 10c4 c17a | 1174 f410 | c441 7a10 | 4cfc 18c4 | 417a 114c | f418 c441 
  0x0000022c07e50b34: 7a10 44fc | 14c4 417a 

  0x0000022c07e50b3c: ;   {no_reloc}
  0x0000022c07e50b3c: 1144 f414 | 85db 0f84 | c036 0000 

  0x0000022c07e50b48: ; implicit exception: dispatches to 0x0000022c07e55e50
  0x0000022c07e50b48: c4c1 7a10 | 4cec 0cc4 | c17a 114c | dc0c c4c1 | 7a10 44ec | 14c4 c17a | 1144 dc14 | c4c1 7a10 
  0x0000022c07e50b68: 5cec 10c4 | c17a 115c | dc10 438b | 6cdc 14c4 | c17a 1054 | ec0c c4c1 | 7a10 6cec | 1443 8b44 
  0x0000022c07e50b88: dc0c c5d2 | 59c0 c4c1 | 7a11 44dc | 14c4 c17a | 1064 ec10 | c5ea 59c1 | c4c1 7a11 | 44dc 0cc5 
  0x0000022c07e50ba8: da59 cbc4 | c17a 114c | dc10 c4c1 | 7a10 44c4 | 0c48 8954 | 2438 4489 | 5424 2cc4 | c17a 1054 
  0x0000022c07e50bc8: c418 c4c1 | 7a10 4cc4 | 14c5 3259 | d2c5 b259 | e9c5 4259 | e1c5 ca59 | e1c5 ba59 | dac5 4a59 
  0x0000022c07e50be8: dac5 4259 | f2c4 c17a | 1054 c410 | c441 7a59 | e9c5 3259 | fac5 ba59 | c2c4 c17a | 1054 ec14 
  0x0000022c07e50c08: c481 6a59 | 4ccc 14c4 | 817a 114c | cc14 c592 | 58c0 c4c1 | 7a10 54ec | 0cc4 816a | 594c cc0c 
  0x0000022c07e50c28: c481 7a11 | 4ccc 0cc5 | fa5c ccc4 | c17a 1044 | ec10 c481 

  0x0000022c07e50c3c: ;   {no_reloc}
  0x0000022c07e50c3c: 7a59 54cc | 10c4 817a | 1154 cc10 | c4c1 7258 | c6c4 c17a | 1144 f40c | c4c1 7a10 | 4cc4 0cc5 
  0x0000022c07e50c5c: ca59 d14d | 8bc1 49c1 

  0x0000022c07e50c64: ;   {external_word}
  0x0000022c07e50c64: e003 c5f0 | 570d d205 | 60ff c4c1 | 7259 c0c5 | f259 e7c4 | c17a 58cf | c4c1 7258 | c4c4 c17a 
  0x0000022c07e50c84: 58cb c4c1 | 7a11 4cf4 | 10c4 c17a | 104c c410 | c5c2 59f9 | c5ca 59c1 | c5ea 5cd7 | c5da 5cc0 
  0x0000022c07e50ca4: c5ea 58d5 | c5ea 58cb | c4c1 7a11 | 4cf4 14c4 | c17a 1054 | c414 c4c1 | 6a59 c8c5 | fa5c c9c4 
  0x0000022c07e50cc4: c172 58c2 | c4c1 7a11 | 44f4 1849 | 8d14 c44d | 8d14 cc89 | 4c24 344b | 8d2c dc44 | 895c 2428 
  0x0000022c07e50ce4: 4c89 5424 

  0x0000022c07e50ce8: ;   {optimized virtual_call}
  0x0000022c07e50ce8: 4866 90e8 

  0x0000022c07e50cec: ; ImmutableOopMap {rbp=Oop [32]=Oop [40]=NarrowOop [44]=NarrowOop [52]=NarrowOop [56]=Oop [72]=Oop }
                      ;*invokevirtual multLocal {reexecute=0 rethrow=0 return_oop=1}
                      ; - com.jme3.math.Transform::combineWithParent@48 (line 207)
                      ; - com.jme3.scene.Spatial::updateWorldTransforms@82 (line 652)
                      ; - com.jme3.scene.Node::updateGeometricState@31 (line 258)
                      ; - com.jme3.app.SimpleApplication::update@124 (line 264)
  0x0000022c07e50cec: f0da 64ff 

  0x0000022c07e50cf0: ;   {other}
  0x0000022c07e50cf0: 0f1f 8400 | 6818 000f | 448b 5c24 | 2843 8b6c | dc10 4885 | c00f 8429 | 3500 00c4 | c17a 104c 
  0x0000022c07e50d10: ec0c c5f2 | 5840 0cc5 | fa11 400c | 448b 5424 | 2c47 8b44 | d410 4183 | e0fe 4789 | 44d4 10c4 
  0x0000022c07e50d30: c17a 1044 | ec14 c5fa | 5848 14c5 | fa11 4814 | c4c1 7a10 | 44ec 10c5 | fa58 4810 | c5fa 1148 
  0x0000022c07e50d50: 1048 8b54 | 2438 418b | e883 e510 | 0f85 4a39 | 0000 438b | 4cd4 5c41 | 83e0 f747 | 8944 d410 
  0x0000022c07e50d70: ; implicit exception: dispatches to 0x0000022c07e55d50
  0x0000022c07e50d70: 458b 44cc | 0c45 85c0 | 0f84 9700 | 0000 418b | 6ccc 1885 | ed0f 843b | 1100 0045 | 8b5c ec08 
  0x0000022c07e50d90: ;   {metadata('com/jme3/scene/Spatial'[])}
  0x0000022c07e50d90: 4181 fb20 | 2c20 010f | 8557 4700 | 0049 8d0c | ec44 8b59 | 0c45 85db | 766b 458d | 43ff 453b 
  0x0000022c07e50db0: c30f 8361 | 3500 0045 | 33c9 4489 | 5424 4448 | 8954 2438 | 4489 5c24 | 4042 8b6c | 8910 4489 
  0x0000022c07e50dd0: 4c24 3448 | 894c 2428 | 488b d548 | c1e2 0366 | 9048 b860 | 4f8e 862c 

  0x0000022c07e50de8: ;   {virtual_call}
  0x0000022c07e50de8: 0200 00e8 

  0x0000022c07e50dec: ; ImmutableOopMap {rbp=NarrowOop [32]=Oop [40]=Oop [56]=Oop [68]=NarrowOop }
                      ;*invokevirtual updateGeometricState {reexecute=0 rethrow=0 return_oop=0}
                      ; - com.jme3.scene.Node::updateGeometricState@97 (line 272)
                      ; - com.jme3.app.SimpleApplication::update@124 (line 264)
  0x0000022c07e50dec: b074 94ff 

  0x0000022c07e50df0: ;   {other}
  0x0000022c07e50df0: 0f1f 8400 | 6819 0010 | 448b 4c24 | 3441 ffc1 | 443b 4c24 | 400f 8cf5 | f2ff ff44 | 8b54 2444 
  0x0000022c07e50e10: 488b 5424 | 3843 8b6c | d410 83e5 | 020f 84a1 | 3800 0048 

  0x0000022c07e50e24: ;   {optimized virtual_call}
  0x0000022c07e50e24: 8bea 90e8 

  0x0000022c07e50e28: ; ImmutableOopMap {rbp=Oop [32]=Oop }
                      ;*invokevirtual updateWorldBound {reexecute=0 rethrow=0 return_oop=0}
                      ; - com.jme3.scene.Node::updateGeometricState@116 (line 277)
                      ; - com.jme3.app.SimpleApplication::update@124 (line 264)
  0x0000022c07e50e28: a41d f0ff 

  0x0000022c07e50e2c: ;   {other}
  0x0000022c07e50e2c: 0f1f 8400 | a419 0011 | 4c8b 5424 | 2045 8b52 | 6847 8b5c | d410 4585 | db0f 84b1 | 0300 0041 
  0x0000022c07e50e4c: 8beb 83e5 | 040f 8585 | 3800 004b | 8d14 d441 | f6c3 010f | 84b9 0200 | 0047 8b44 | d458 478b 
  0x0000022c07e50e6c: 4cc4 4843 | 8b4c d444 | 478b 5cd4 | 4843 8b7c | dc10 458b | 44cc 1085 | ff0f 84cd | 3300 00c4 
  0x0000022c07e50e8c: 817a 104c | c40c c4c1 | 7a11 4cfc | 0c43 8b5c | dc0c 418b | 44cc 0cc4 | 817a 1044 | c414 c4c1 
  0x0000022c07e50eac: 7a11 44fc | 14c4 817a | 104c c410 | c4c1 7a11 | 4cfc 1085 | db0f 84c9 | 3300 00c4 | c17a 106c 
  0x0000022c07e50ecc: c40c c4c1 | 7a11 6cdc | 0c43 8b74 | dc14 418b | 6ccc 14c4 | c17a 107c | c410 c4c1 | 7a11 7cdc 
  0x0000022c07e50eec: 10c4 c17a | 1074 c418 | c4c1 7a11 | 74dc 18c4 | 417a 104c | c414 c441 | 7a11 4cdc | 1485 f60f 
  0x0000022c07e50f0c: 84b7 3300 | 00c4 c17a | 1044 ec0c | c4c1 7a11 | 44f4 0cc4 | c17a 1054 | ec14 c4c1 

  0x0000022c07e50f28: ;   {no_reloc}
  0x0000022c07e50f28: 7a11 54f4 | 14c4 c17a | 104c ec10 | c4c1 7a11 | 4cf4 1043 | 8b6c cc14 

  0x0000022c07e50f40: ; implicit exception: dispatches to 0x0000022c07e561d4
  0x0000022c07e50f40: c4c1 7a10 | 64ec 0cc4 | c17a 105c | ec14 438b | 4ccc 0cc5 | e259 dac4 | c17a 115c | f414 c4c1 
  0x0000022c07e50f60: 7a10 54ec | 10c5 da59 | d8c4 c17a | 115c f40c | c5ea 59c1 | c4c1 7a11 | 44f4 10c4 | c17a 104c 
  0x0000022c07e50f80: cc0c 4889 | 5424 3844 | 8954 242c | c4c1 7a10 | 44cc 18c4 | c17a 105c | cc14 c5ca | 59e0 c54a 
  0x0000022c07e50fa0: 59db c552 | 59d3 c5c2 | 59db c532 | 59c0 c542 | 59e8 c552 | 59e0 c4c1 | 7a10 44cc | 10c5 7259 
  0x0000022c07e50fc0: fec5 ca59 | f0c5 b259 | c8c4 c17a | 1044 ec14 | c4c1 7a59 | 54fc 14c4 | c17a 1154 | fc14 c582 
  0x0000022c07e50fe0: 58c9 c4c1 | 7a10 44ec | 0cc4 c17a | 5954 fc0c | c4c1 7a11 | 54fc 0cc5 | f25c c3c4 | c17a 1054 
  0x0000022c07e51000: ec10 c4c1 | 6a59 4cfc | 10c4 c17a | 114c fc10 | c4c1 7a58 | ccc4 c17a | 114c dc0c | c4c1 7a10 
  0x0000022c07e51020: 44cc 0cc5 | 4259 e04c 

  0x0000022c07e51028: ;   {no_reloc}
  0x0000022c07e51028: 8bc7 49c1 

  0x0000022c07e5102c: ;   {external_word}
  0x0000022c07e5102c: e003 c5f8 | 5705 0a02 | 60ff c4c1 | 7a59 d1c5 | 7a59 f5c5 | ea58 c6c4 | c17a 58ca | c4c1 7258 
  0x0000022c07e5104c: c5c4 c17a | 1144 dc10 | c4c1 7a10 | 44cc 10c5 | d259 c8c5 | c259 d0c5 | 9a5c c1c5 | 8a5c d2c4 
  0x0000022c07e5106c: c17a 58c3 | c4c1 7a58 | c8c4 c17a | 114c dc14 | c4c1 7a10 | 44cc 14c4 | c17a 59c9 | c5ea 5cc1 
  0x0000022c07e5108c: c5fa 58cc | c4c1 7a11 | 4cdc 1849 | 8d14 cc4f | 8d14 dc44 | 895c 2434 | 4b8d 2ccc | 4489 4c24 
  0x0000022c07e510ac: 284c 8954 

  0x0000022c07e510b0: ;   {optimized virtual_call}
  0x0000022c07e510b0: 2448 90e8 

  0x0000022c07e510b4: ; ImmutableOopMap {rbp=Oop [32]=Oop [40]=NarrowOop [44]=NarrowOop [52]=NarrowOop [56]=Oop [72]=Oop }
                      ;*invokevirtual multLocal {reexecute=0 rethrow=0 return_oop=1}
                      ; - com.jme3.math.Transform::combineWithParent@48 (line 207)
                      ; - com.jme3.scene.Spatial::updateWorldTransforms@82 (line 652)
                      ; - com.jme3.scene.Node::updateGeometricState@31 (line 258)
                      ; - com.jme3.app.SimpleApplication::update@131 (line 265)
  0x0000022c07e510b4: 28d7 64ff 

  0x0000022c07e510b8: ;   {other}
  0x0000022c07e510b8: 0f1f 8400 | 301c 0012 | 448b 5424 | 2843 8b6c | d410 4885 | c00f 8421 | 3200 00c4 | c17a 1044 
  0x0000022c07e510d8: ec0c c5fa | 5848 0cc5 | fa11 480c | 448b 5424 | 2c47 8b5c | d410 4183 | e3fe 4789 | 5cd4 10c4 
  0x0000022c07e510f8: c17a 104c | ec14 c5f2 | 5840 14c5 | fa11 4014 | c4c1 7a10 | 4cec 10c5 | f258 4010 | c5fa 1140 
  0x0000022c07e51118: 1048 8b54 | 2438 418b | eb83 e510 | 0f85 ca35 | 0000 438b | 5cd4 5c41 | 83e3 f747 | 895c d410 
  0x0000022c07e51138: ; implicit exception: dispatches to 0x0000022c07e55d6c
  0x0000022c07e51138: 458b 5cdc | 0c45 85db | 0f84 9700 | 0000 418b | 6cdc 1885 | ed0f 8441 | 0f00 0045 | 8b44 ec08 
  0x0000022c07e51158: ;   {metadata('com/jme3/scene/Spatial'[])}
  0x0000022c07e51158: 4181 f820 | 2c20 010f | 85a7 4300 | 0049 8d0c | ec44 8b41 | 0c45 85c0 | 766b 458d | 48ff 453b 
  0x0000022c07e51178: c80f 83cd | 3100 0045 | 33db 4489 | 5424 4448 | 8954 2438 | 4489 4424 | 4042 8b6c | 9910 4489 
  0x0000022c07e51198: 5c24 3448 | 894c 2428 | 488b d548 | c1e2 0366 | 9048 b888 | 4f8e 862c 

  0x0000022c07e511b0: ;   {virtual_call}
  0x0000022c07e511b0: 0200 00e8 

  0x0000022c07e511b4: ; ImmutableOopMap {rbp=NarrowOop [32]=Oop [40]=Oop [56]=Oop [68]=NarrowOop }
                      ;*invokevirtual updateGeometricState {reexecute=0 rethrow=0 return_oop=0}
                      ; - com.jme3.scene.Node::updateGeometricState@97 (line 272)
                      ; - com.jme3.app.SimpleApplication::update@131 (line 265)
  0x0000022c07e511b4: e870 94ff 

  0x0000022c07e511b8: ;   {other}
  0x0000022c07e511b8: 0f1f 8400 | 301d 0013 | 448b 5c24 | 3441 ffc3 | 443b 5c24 | 400f 8c1d | efff ff44 | 8b54 2444 
  0x0000022c07e511d8: 488b 5424 | 3843 8b6c | d410 83e5 | 020f 8421 | 3500 0048 

  0x0000022c07e511ec: ;   {optimized virtual_call}
  0x0000022c07e511ec: 8bea 90e8 

  0x0000022c07e511f0: ; ImmutableOopMap {rbp=Oop [32]=Oop }
                      ;*invokevirtual updateWorldBound {reexecute=0 rethrow=0 return_oop=0}
                      ; - com.jme3.scene.Node::updateGeometricState@116 (line 277)
                      ; - com.jme3.app.SimpleApplication::update@131 (line 265)
  0x0000022c07e511f0: dc19 f0ff 

  0x0000022c07e511f4: ;   {other}
  0x0000022c07e511f4: 0f1f 8400 | 6c1d 0014 | 4c8b 5424 | 2041 8b6a | 5c85 ed0f | 8547 2d00 | 0041 8b72 | 2041 8b7a 
  0x0000022c07e51214: 5845 8b54 | fc10 4585 | d20f 848d | 2900 004f | 8d0c d44d | 8d2c fc48 | 8d9c 24b0 | 0000 004d 
  0x0000022c07e51234: 8b19 418b | 9f18 0600 | 0041 f6c3 | 020f 8537 | 0000 0081 | fb67 0600 | 000f 8f4b | 0000 004d 
  0x0000022c07e51254: 3b4c 1ff8 | 7416 498b | c348 83c8 | 0149 83e3 | fef0 4d0f | b119 0f85 | 2e00 0000 | 4d89 0c1f 
  0x0000022c07e51274: 4183 8718 | 0600 0008 | eb17 4833 | c0f0 4d0f | b17b 3e74 | 0c4c 3bf8 | 7510 49ff | 8386 0000 
  0x0000022c07e51294: 0049 ff87 | 5005 0000 | 33c0 0f85 | c42c 0000 | 418b 5cfc | 1041 8b6c | dc18 85ed | 0f84 2608 
  0x0000022c07e512b4: 0000 458b 

  0x0000022c07e512b8: ;   {metadata('com/jme3/app/state/AppState'[])}
  0x0000022c07e512b8: 5cec 0841 | 81fb 683d | 0001 0f85 | 3841 0000 | 488d 8424 | b000 0000 | 49ff 8f50 | 0500 0041 
  0x0000022c07e512d8: 8b87 1806 | 0000 4d8b | 114d 3b4c | 07f8 0f85 | 2e00 0000 | 4183 af18 | 0600 0008 | 4d3b 4c07 
  0x0000022c07e512f8: f00f 844d | 0000 0049 | 8bc2 4883 | e0fc 4983 | ca01 f04d | 0fb1 110f | 85f8 5300 | 00e9 3200 
  0x0000022c07e51318: 0000 4983 | ba86 0000 | 0000 751e | 498b 8296 | 0000 0049 | 0b82 8e00 | 0000 0f85 | e953 0000 
  0x0000022c07e51338: 49c7 423e | 0000 0000 | eb0a 49ff | 8a86 0000 | 0045 33d2 | 0f85 6b2c | 0000 4d8d | 1cec 458b 
  0x0000022c07e51358: 430c 4585 | c00f 86a8 | 0000 0045 | 8d48 ff45 | 3bc8 0f83 | c02d 0000 | 4c8b ce49 | c1e1 0345 
  0x0000022c07e51378: 33d2 8974 | 2434 897c | 2450 4c89 | 6c24 2844 | 8944 2440 | 4c89 4c24 | 58eb 1244 | 8b4c 242c 
  0x0000022c07e51398: 8bd9 e99b | 0200 0090 | 4c8b 5c24 | 3843 8b6c | 9310 4489 | 5424 444c | 895c 2438 | 488b d548 
  0x0000022c07e513b8: ;   {no_reloc}
  0x0000022c07e513b8: c1e2 0366 | 9048 b8b0 | 4f8e 862c 

  0x0000022c07e513c4: ;   {virtual_call}
  0x0000022c07e513c4: 0200 00e8 

  0x0000022c07e513c8: ; ImmutableOopMap {rbp=NarrowOop [32]=Oop [40]=Oop [52]=NarrowOop [56]=Oop [80]=NarrowOop [88]=Oop }
                      ;*invokeinterface isEnabled {reexecute=0 rethrow=0 return_oop=0}
                      ; - com.jme3.app.state.AppStateManager::render@29 (line 368)
                      ; - com.jme3.app.SimpleApplication::update@161 (line 269)
  0x0000022c07e513c8: 84d2 72ff 

  0x0000022c07e513cc: ;   {other}
  0x0000022c07e513cc: 0f1f 8400 | 441f 0015 | 85c0 0f84 | 0025 0000 | 498d 14ec | 4c8b 4424 | 5848 b8d8 | 4f8e 862c 
  0x0000022c07e513ec: ;   {virtual_call}
  0x0000022c07e513ec: 0200 00e8 

  0x0000022c07e513f0: ; ImmutableOopMap {rbp=NarrowOop [32]=Oop [40]=Oop [52]=NarrowOop [56]=Oop [80]=NarrowOop [88]=Oop }
                      ;*invokeinterface render {reexecute=0 rethrow=0 return_oop=0}
                      ; - com.jme3.app.state.AppStateManager::render@40 (line 369)
                      ; - com.jme3.app.SimpleApplication::update@161 (line 269)
  0x0000022c07e513f0: 7c71 94ff 

  0x0000022c07e513f4: ;   {other}
  0x0000022c07e513f4: 0f1f 8400 | 6c1f 0016 | 448b 5424 | 4441 ffc2 | 443b 5424 | 407c 954c | 8b54 2420 | 418b 6a5c 
  0x0000022c07e51414: 85ed 0f85 | c92b 0000 | 458b 4220 | 418b 6a2c 

  0x0000022c07e51424: ; implicit exception: dispatches to 0x0000022c07e55a88
  0x0000022c07e51424: 458b 5cec 

  0x0000022c07e51428: ;   {metadata('com/jme3/system/lwjgl/LwjglDisplay')}
  0x0000022c07e51428: 0841 81fb | 98fb 0101 | 0f85 c22b | 0000 48c1 | e503 448b | 5514 438b | 4cd4 0c45 | 33c9 85c9 
  0x0000022c07e51448: 410f 95c1 

  0x0000022c07e5144c: ; implicit exception: dispatches to 0x0000022c07e55adc
  0x0000022c07e5144c: 438b 6cc4 | 2445 8b5c 

  0x0000022c07e51454: ;   {metadata('com/jme3/renderer/opengl/GLRenderer')}
  0x0000022c07e51454: ec08 4181 | fb38 6e1a | 010f 85c9 | 3f00 0047 | 8b54 c428 

  0x0000022c07e51468: ; implicit exception: dispatches to 0x0000022c07e55b3c
  0x0000022c07e51468: 438b 5cd4 | 2485 db0f | 845b 2700 | 0044 8954 | 2438 4489 | 4c24 3489 | 4c24 2c44 | 8944 2428 
  0x0000022c07e51488: 49ba 70b6 | a457 f97f | 0000 41ff 

  0x0000022c07e51494: ;   {other}
  0x0000022c07e51494: d20f 1f84 | 0000 0000 | 0049 2b44 | dc10 4d8b | 9fb8 0100 | 004d 8bd3 | 4983 c210 | 448b 4c24 
  0x0000022c07e514b4: 284f 8d04 | cc4c 8944 | 2440 448b | 4424 384b | 8d2c c4c5 | f9ef c0c4 | e1fa 2ac0 

  0x0000022c07e514d0: ;   {section_word}
  0x0000022c07e514d0: c5fa 590d | 4ce8 ffff | c5fa 114c | 243c 4d3b | 97c8 0100 | 000f 83f8 | 1900 004d | 8997 b801 
  0x0000022c07e514f0: 0000 410f | 0d8a c000 | 0000 4d8b | cb49 c701 | 0100 0000 

  0x0000022c07e51504: ;   {metadata('java/lang/Float')}
  0x0000022c07e51504: 41c7 4108 | 30c8 1800 | 4589 610c | c5fa 104c | 243c c4c1 | 7a11 490c | 4180 7f38 | 000f 854a 
  0x0000022c07e51524: 1700 0044 | 8b54 2438 | 4c8b dd4d | 8bc1 49c1 | e803 4789 | 44d4 284d | 8bc1 4d33 | c349 c1e8 
  0x0000022c07e51544: 174d 85c0 | 741a 49c1 | eb09 48b9 | 0000 fe0c | 2c02 0000 | 4903 cb80 | 3902 0f85 | 8217 0000 
  0x0000022c07e51564: 478b 5cd4 | 24c4 817a | 1044 dc0c | 498b 9fb8 | 0100 004c | 8bdb 4983 | c310 4d3b | 9fc8 0100 
  0x0000022c07e51584: 000f 8379 | 1900 004d | 899f b801 | 0000 410f | 0d8b c000 | 0000 48c7 | 0301 0000 

  0x0000022c07e515a0: ;   {metadata('java/lang/Float')}
  0x0000022c07e515a0: 00c7 4308 | 30c8 1800 | 4489 630c | c5fa 1143 | 0c41 807f | 3800 0f85 | f216 0000 | 4c8b dd4c 
  0x0000022c07e515c0: 8bcb 49c1 | e903 4789 | 4cd4 2c4c | 8bd3 4d33 | d349 c1ea | 174d 85d2 | 741a 49c1 | eb09 48b9 
  0x0000022c07e515e0: 0000 fe0c | 2c02 0000 | 4903 cb80 | 3902 0f85 | 4617 0000 | 448b 5424 | 2843 8b6c | d454 85ed 
  0x0000022c07e51600: 0f85 1a2a | 0000 478b | 5cd4 2c43 | 8b6c dc10 | 85ed 0f8f | e82f 0000 | 438b 7cd4 | 3041 8b6c 
  0x0000022c07e51620: fc10 85ed | 0f8e bb00 | 0000 448b | 4c24 2c45 | 85c9 0f84 | 482d 0000 | 33db 418b | 6cfc 1085 
  0x0000022c07e51640: ed0f 8c21 | 2400 003b | dd0f 839e | 2300 0045 | 8b44 fc14 | 8bcb 478b | 5cc4 0c41 | 3bcb 0f83 
  0x0000022c07e51660: bc23 0000 | 4f8d 1cc4 | 418b 6c8b | 1045 8b44 

  0x0000022c07e51670: ;   {metadata('com/jme3/renderer/ViewPort')}
  0x0000022c07e51670: ec08 4181 | f880 4620 | 010f 8529 | 3e00 004d | 8d1c ec41 | 8b6b 2485 | ed0f 85b5 | 2900 004c 
  0x0000022c07e51690: 895c 2438 | 894c 2428 | 4489 4c24 | 2c41 8bea | 488b 5424 | 404d 8bc3 | c5fa 1044 

  0x0000022c07e516ac: ;   {optimized virtual_call}
  0x0000022c07e516ac: 2430 90e8 

  0x0000022c07e516b0: ; ImmutableOopMap {rbp=NarrowOop [32]=Oop [56]=Oop [64]=Oop }
                      ;*invokevirtual renderViewPort {reexecute=0 rethrow=0 return_oop=0}
                      ; - com.jme3.renderer.RenderManager::render@149 (line 1158)
                      ; - com.jme3.app.SimpleApplication::update@197 (line 272)
  0x0000022c07e516b0: 9c79 fcff 

  0x0000022c07e516b4: ;   {other}
  0x0000022c07e516b4: 0f1f 8400 | 2c22 0017 | 448b d543 | 8b7c d430 | 8b4c 2428 | ffc1 458b | 44fc 1041 | 3bc8 0f8c 
  0x0000022c07e516d4: bbfc ffff | 438b 6cd4 | 5485 ed0f | 85bf 2c00 | 0043 8b5c | d434 418b | 6cdc 1085 | ed0f 8ebf 
  0x0000022c07e516f4: 0000 0044 | 8b5c 242c | 4585 db0f | 8413 2d00 | 0033 ff66 | 0f1f 8400 | 0000 0000 

  0x0000022c07e51710: ; implicit exception: dispatches to 0x0000022c07e55c20
  0x0000022c07e51710: 418b 6cdc | 1085 ed0f | 8c57 2900 | 003b fd0f | 83e3 2400 | 0045 8b44 | dc14 8bcf 

  0x0000022c07e5172c: ; implicit exception: dispatches to 0x0000022c07e55c5c
  0x0000022c07e5172c: 478b 5cc4 | 0c41 3bcb | 0f83 0225 | 0000 4f8d | 1cc4 418b | 6c8b 1045 | 8b44 ec08 

  0x0000022c07e51748: ;   {metadata('com/jme3/renderer/ViewPort')}
  0x0000022c07e51748: 4181 f880 | 4620 010f | 85cf 3d00 | 004d 8d1c | ec41 8b6b | 2485 ed0f | 855f 2d00 | 004c 895c 
  0x0000022c07e51768: 2438 894c | 2428 418b | ea48 8b54 | 2440 4d8b | c3c5 fa10 | 4424 30c5 | fa11 4424 

  0x0000022c07e51784: ;   {optimized virtual_call}
  0x0000022c07e51784: 2c66 90e8 

  0x0000022c07e51788: ; ImmutableOopMap {rbp=NarrowOop [32]=Oop [56]=Oop [64]=Oop }
                      ;*invokevirtual renderViewPort {reexecute=0 rethrow=0 return_oop=0}
                      ; - com.jme3.renderer.RenderManager::render@219 (line 1166)
                      ; - com.jme3.app.SimpleApplication::update@197 (line 272)
  0x0000022c07e51788: c478 fcff 

  0x0000022c07e5178c: ;   {other}
  0x0000022c07e5178c: 0f1f 8400 | 0423 0018 | 448b d543 | 8b5c d434 | 448b 4424 | 2841 ffc0 

  0x0000022c07e517a4: ; implicit exception: dispatches to 0x0000022c07e55d14
  0x0000022c07e517a4: 458b 5cdc | 1045 3bc3 | 7d08 418b | f8e9 5aff | ffff 488b | 7424 208b | 7e58 458b | 5cfc 1045 
  0x0000022c07e517c4: 85db 0f84 | bc24 0000 | 4d8d 2cfc | 4f8d 0cdc | 488d 9c24 | b000 0000 | 4d8b 1141 | 8b9f 1806 
  0x0000022c07e517e4: 0000 41f6 | c202 0f85 | 3700 0000 | 81fb 6706 | 0000 0f8f | 4b00 0000 | 4d3b 4c1f | f874 1649 
  0x0000022c07e51804: 8bc2 4883 | c801 4983 | e2fe f04d | 0fb1 110f | 852e 0000 | 004d 890c | 1f41 8387 | 1806 0000 
  0x0000022c07e51824: 08eb 1748 | 33c0 f04d | 0fb1 7a3e | 740c 4c3b | f875 1049 | ff82 8600 | 0000 49ff | 8750 0500 
  0x0000022c07e51844: 0033 c00f | 8557 2800 | 0041 8b4c | fc10 418b | 6ccc 1885 | ed0f 8473 | 0400 0045 | 8b54 ec08 
  0x0000022c07e51864: ;   {metadata('com/jme3/app/state/AppState'[])}
  0x0000022c07e51864: 4181 fa68 | 3d00 010f | 85e7 3b00 | 0048 8d84 | 24b0 0000 | 0049 ff8f | 5005 0000 | 418b 8718 
  0x0000022c07e51884: 0600 004d | 8b11 4d3b | 4c07 f80f | 852e 0000 | 0041 83af | 1806 0000 | 084d 3b4c | 07f0 0f84 
  0x0000022c07e518a4: 4d00 0000 | 498b c248 | 83e0 fc49 | 83ca 01f0 | 4d0f b111 | 0f85 084e | 0000 e932 | 0000 0049 
  0x0000022c07e518c4: 83ba 8600 | 0000 0075 | 1e49 8b82 | 9600 0000 | 490b 828e | 0000 000f | 85f9 4d00 | 0049 c742 
  0x0000022c07e518e4: 3e00 0000 | 00eb 0a49 | ff8a 8600 | 0000 4533 | d20f 85f4 | 2700 004d | 8d04 ec45 | 8b50 0c45 
  0x0000022c07e51904: 85d2 0f86 | 9000 0000 | 458d 4aff | 453b ca0f | 834f 2800 | 0045 33db | 4889 7424 | 2089 7c24 
  0x0000022c07e51924: 504c 896c | 2428 4489 | 5424 44eb | 054c 8b44 | 2438 438b | 6c98 1044 | 895c 2440 | 4c89 4424 
  0x0000022c07e51944: 3848 8bd5 | 48c1 e203 | 9048 b800 | 508e 862c 

  0x0000022c07e51954: ;   {virtual_call}
  0x0000022c07e51954: 0200 00e8 

  0x0000022c07e51958: ; ImmutableOopMap {rbp=NarrowOop [32]=Oop [40]=Oop [56]=Oop [80]=NarrowOop }
                      ;*invokeinterface isEnabled {reexecute=0 rethrow=0 return_oop=0}
                      ; - com.jme3.app.state.AppStateManager::postRender@27 (line 380)
                      ; - com.jme3.app.SimpleApplication::update@212 (line 274)
  0x0000022c07e51958: f4cc 72ff 

  0x0000022c07e5195c: ;   {other}
  0x0000022c07e5195c: 0f1f 8400 | d424 0019 | 85c0 0f84 | 9c1f 0000 | 498d 14ec | 9048 b828 | 508e 862c 

  0x0000022c07e51978: ;   {virtual_call}
  0x0000022c07e51978: 0200 00e8 

  0x0000022c07e5197c: ; ImmutableOopMap {rbp=NarrowOop [32]=Oop [40]=Oop [56]=Oop [80]=NarrowOop }
                      ;*invokeinterface postRender {reexecute=0 rethrow=0 return_oop=0}
                      ; - com.jme3.app.state.AppStateManager::postRender@37 (line 381)
                      ; - com.jme3.app.SimpleApplication::update@212 (line 274)
  0x0000022c07e5197c: b06c 94ff 

  0x0000022c07e51980: ;   {other}
  0x0000022c07e51980: 0f1f 8400 | f824 001a | 448b 5c24 | 4041 ffc3 | 443b 5c24 | 447c 9a48 | 8b74 2420 | 8b6e 5c85 
  0x0000022c07e519a0: ed0f 8570 | 2700 0048 | 81c4 c000 

  0x0000022c07e519ac: ;   {poll_return}
  0x0000022c07e519ac: 0000 5d49 | 3ba7 4804 | 0000 0f87 | f44c 0000 | c341 807f | 3800 0f85 | 4514 0000 | 4d33 db41 
  0x0000022c07e519cc: 8bc5 f044 | 0fb1 5e0c | 400f 94c5 | 400f b6ed | 85ed 0f84 | 7134 0000 | 483b f70f | 84d7 0000 
  0x0000022c07e519ec: 008b 7610 | 85f6 0f84 | 8c34 0000 | 3bde 0f84 | c400 0000 | 4180 7f38 | 000f 8529 | 1400 008b 
  0x0000022c07e51a0c: c34c 8b54 | 2420 f041 | 0fb1 3240 | 0f94 c540 | 0fb6 ed85 | ed74 2a4d | 8d1c f44d | 33da 49c1 
  0x0000022c07e51a2c: eb17 4d85 | db74 1a49 | c1ea 0948 | b900 00fe | 0c2c 0200 | 0049 03ca | 8039 020f | 8548 1400 
  0x0000022c07e51a4c: 0085 ed0f | 846b 3400 | 0085 db0f | 8480 2d00 | 0049 8d3c | dc49 8d74 | dc10 4180 | 7f38 000f 
  0x0000022c07e51a6c: 85ee 1300 | 0089 1e4c | 8bd7 4c8b | de4d 33d3 | 49c1 ea17 | 4d85 d274 | 3f49 c1eb | 094c 8b44 
  0x0000022c07e51a8c: 2470 4d03 | c341 8038 | 0274 2d4d | 8b57 404d | 8b5f 48f0 | 8344 24c0 | 0041 8038 | 0074 1945 
  0x0000022c07e51aac: ;   {no_reloc}
  0x0000022c07e51aac: 8820 4d85 | d20f 8465 | 2d00 004f | 8944 13f8 | 4983 c2f8 | 4d89 5740 | baec ffff | ff44 896c 
  0x0000022c07e51acc: ;   {runtime_call UncommonTrapBlob}
  0x0000022c07e51acc: 2430 90e8 

  0x0000022c07e51ad0: ; ImmutableOopMap {[48]=NarrowOop [72]=Oop }
                      ;*checkcast {reexecute=0 rethrow=0 return_oop=0}
                      ; - com.jme3.app.LegacyApplication::runQueuedTasks@7 (line 699)
                      ; - com.jme3.app.LegacyApplication::update@27 (line 715)
                      ; - com.jme3.app.SimpleApplication::update@20 (line 246)
  0x0000022c07e51ad0: 8c28 65ff 

  0x0000022c07e51ad4: ;   {other}
  0x0000022c07e51ad4: 0f1f 8400 | 4c26 001b | 418b 6cdc | 1445 8b44 | dc10 498d | 0cdc 49c1 | e003 85ed | 0f85 e100 
  0x0000022c07e51af4: 0000 4889 | 4c24 508b | eb4c 896c | 2448 4c89 | 4c24 4044 | 8954 2438 | 897c 2434 | 8974 242c 
  0x0000022c07e51b14: 488b d145 

  0x0000022c07e51b18: ;   {optimized virtual_call}
  0x0000022c07e51b18: 33c9 90e8 

  0x0000022c07e51b1c: ; ImmutableOopMap {rbp=NarrowOop [32]=Oop [44]=NarrowOop [52]=NarrowOop [56]=NarrowOop [64]=Oop [72]=Oop [80]=Oop }
                      ;*invokevirtual createArray {reexecute=0 rethrow=0 return_oop=1}
                      ; - com.jme3.util.SafeArrayList::createArray@6 (line 129)
                      ; - com.jme3.util.SafeArrayList::getArray@22 (line 143)
                      ; - com.jme3.app.state.AppStateManager::getStates@11 (line 127)
                      ; - com.jme3.app.state.AppStateManager::render@1 (line 366)
                      ; - com.jme3.app.SimpleApplication::update@161 (line 269)
  0x0000022c07e51b1c: c0cc 64ff 

  0x0000022c07e51b20: ;   {other}
  0x0000022c07e51b20: 0f1f 8400 | 9826 001c | 488b d841 | 807f 3800 | 0f85 281c | 0000 448b | d54c 8bcb | 4d8b c149 
  0x0000022c07e51b40: c1e8 0347 | 8944 d418 | 4c8b 5c24 | 504d 8bc1 | 4d33 c349 | c1e8 174d | 85c0 0f84 | 4901 0000 
  0x0000022c07e51b60: 4d85 c90f | 8440 0100 | 0049 c1eb | 0948 b900 | 00fe 0c2c | 0200 0049 | 03cb 8039 | 020f 8426 
  0x0000022c07e51b80: 0100 004d | 8b5f 484d | 8b47 40f0 | 8344 24c0 | 0080 3900 | 0f84 0f01 | 0000 4488 | 214d 85c0 
  0x0000022c07e51ba0: 7523 418b | da49 8bd7 | 49ba c007 | 6957 f97f | 0000 41ff 

  0x0000022c07e51bb4: ;   {other}
  0x0000022c07e51bb4: d20f 1f84 | 0000 0000 | 0044 8bd3 | e9e4 0000 | 004b 894c | 03f8 4983 | c0f8 4d89 | 4740 e9d2 
  0x0000022c07e51bd4: 0000 0045 | 8b5c ec08 

  0x0000022c07e51bdc: ;   {metadata('java/util/ArrayList')}
  0x0000022c07e51bdc: 4181 fb28 | a01e 000f | 8513 3100 | 0048 894c | 2450 895c | 2428 4c89 | 6c24 484c | 894c 2440 
  0x0000022c07e51bfc: 4489 5424 | 3889 7c24 | 3489 7424 | 2c4d 8d14 | ec4d 8bca | 458b 5110 | 498b e948 | 8bd1 458b 
  0x0000022c07e51c1c: ca44 894c 

  0x0000022c07e51c20: ;   {optimized virtual_call}
  0x0000022c07e51c20: 243c 90e8 

  0x0000022c07e51c24: ; ImmutableOopMap {rbp=Oop [32]=Oop [40]=NarrowOop [44]=NarrowOop [52]=NarrowOop [56]=NarrowOop [64]=Oop [72]=Oop [80]=Oop }
                      ;*invokevirtual createArray {reexecute=0 rethrow=0 return_oop=1}
                      ; - com.jme3.util.SafeArrayList::createArray@6 (line 129)
                      ; - com.jme3.util.SafeArrayList::getArray@46 (line 148)
                      ; - com.jme3.app.state.AppStateManager::getStates@11 (line 127)
                      ; - com.jme3.app.state.AppStateManager::render@1 (line 366)
                      ; - com.jme3.app.SimpleApplication::update@161 (line 269)
  0x0000022c07e51c24: b8cb 64ff 

  0x0000022c07e51c28: ;   {other}
  0x0000022c07e51c28: 0f1f 8400 | a027 001d | 488b d54c 

  0x0000022c07e51c34: ;   {optimized virtual_call}
  0x0000022c07e51c34: 8bc0 90e8 

  0x0000022c07e51c38: ; ImmutableOopMap {[32]=Oop [40]=NarrowOop [44]=NarrowOop [52]=NarrowOop [56]=NarrowOop [64]=Oop [72]=Oop [80]=Oop }
                      ;*invokeinterface toArray {reexecute=0 rethrow=0 return_oop=1}
                      ; - com.jme3.util.SafeArrayList::getArray@49 (line 148)
                      ; - com.jme3.app.state.AppStateManager::getStates@11 (line 127)
                      ; - com.jme3.app.state.AppStateManager::render@1 (line 366)
                      ; - com.jme3.app.SimpleApplication::update@161 (line 269)
  0x0000022c07e51c38: a4cb 64ff 

  0x0000022c07e51c3c: ;   {other}
  0x0000022c07e51c3c: 0f1f 8400 | b427 001e | 488b d841 | 807f 3800 | 0f85 2a14 | 0000 448b | 5424 284c | 8bcb 4d8b 
  0x0000022c07e51c5c: c149 c1e8 | 0347 8944 | d418 4c8b | 5c24 504d | 8bc1 4d33 | c349 c1e8 | 174d 85c0 | 741f 4d85 
  0x0000022c07e51c7c: c974 1a49 | c1eb 0948 | b900 00fe | 0c2c 0200 | 0049 03cb | 8039 020f | 85cc 1400 | 0041 807f 
  0x0000022c07e51c9c: 3800 0f85 | 1514 0000 | 4789 64d4 | 1443 8b6c | d418 85ed | 0f84 a72b | 0000 8b74 | 242c 8b7c 
  0x0000022c07e51cbc: 2434 448b | 5424 384c | 8b4c 2440 | 4c8b 6c24 | 48e9 e4f5 | ffff 418b | 6ccc 1445 | 8b44 cc10 
  0x0000022c07e51cdc: 498d 1ccc | 49c1 e003 | 85ed 0f85 | dc00 0000 | 4889 5c24 | 488b e94c | 894c 2440 | 4c89 6c24 
  0x0000022c07e51cfc: 3844 895c | 2434 897c | 242c 4889 | 7424 2048 | 8bd3 4533 

  0x0000022c07e51d10: ;   {optimized virtual_call}
  0x0000022c07e51d10: c966 90e8 

  0x0000022c07e51d14: ; ImmutableOopMap {rbp=NarrowOop [32]=Oop [44]=NarrowOop [52]=NarrowOop [56]=Oop [64]=Oop [72]=Oop }
                      ;*invokevirtual createArray {reexecute=0 rethrow=0 return_oop=1}
                      ; - com.jme3.util.SafeArrayList::createArray@6 (line 129)
                      ; - com.jme3.util.SafeArrayList::getArray@22 (line 143)
                      ; - com.jme3.app.state.AppStateManager::getStates@11 (line 127)
                      ; - com.jme3.app.state.AppStateManager::postRender@1 (line 378)
                      ; - com.jme3.app.SimpleApplication::update@212 (line 274)
  0x0000022c07e51d14: c8ca 64ff 

  0x0000022c07e51d18: ;   {other}
  0x0000022c07e51d18: 0f1f 8400 | 9028 001f | 488b d841 | 807f 3800 | 0f85 6b1a | 0000 8bfd | 4c8b c34d | 8bd0 49c1 
  0x0000022c07e51d38: ea03 4589 | 54fc 184c | 8b54 2448 | 4d8b d84d | 33da 49c1 | eb17 4d85 | db0f 8445 | 0100 004d 
  0x0000022c07e51d58: 85c0 0f84 | 3c01 0000 | 49c1 ea09 | 4c8b 4424 | 704d 03c2 | 4180 3802 | 0f84 2601 | 0000 4d8b 
  0x0000022c07e51d78: 5748 4d8b | 5f40 f083 | 4424 c000 | 4180 3800 | 0f84 0e01 | 0000 4588 | 204d 85db | 7520 498b 
  0x0000022c07e51d98: c849 8bd7 | 49ba c007 | 6957 f97f | 0000 41ff 

  0x0000022c07e51da8: ;   {other}
  0x0000022c07e51da8: d20f 1f84 | 0000 0000 | 00e9 e600 | 0000 4f89 | 441a f849 | 83c3 f84d | 895f 40e9 | d400 0000 
  0x0000022c07e51dc8: 458b 54ec 

  0x0000022c07e51dcc: ;   {metadata('java/util/ArrayList')}
  0x0000022c07e51dcc: 0841 81fa | 28a0 1e00 | 0f85 562f | 0000 4889 | 5c24 4889 | 4c24 284c | 894c 2440 | 4c89 6c24 
  0x0000022c07e51dec: 3844 895c | 2434 897c | 242c 4889 | 7424 204d | 8d14 ec4d | 8bca 458b | 5910 498b | e948 8bd3 
  0x0000022c07e51e0c: 458b cb44 | 894c 2478 

  0x0000022c07e51e14: ;   {optimized virtual_call}
  0x0000022c07e51e14: 6666 90e8 

  0x0000022c07e51e18: ; ImmutableOopMap {rbp=Oop [32]=Oop [40]=NarrowOop [44]=NarrowOop [52]=NarrowOop [56]=Oop [64]=Oop [72]=Oop }
                      ;*invokevirtual createArray {reexecute=0 rethrow=0 return_oop=1}
                      ; - com.jme3.util.SafeArrayList::createArray@6 (line 129)
                      ; - com.jme3.util.SafeArrayList::getArray@46 (line 148)
                      ; - com.jme3.app.state.AppStateManager::getStates@11 (line 127)
                      ; - com.jme3.app.state.AppStateManager::postRender@1 (line 378)
                      ; - com.jme3.app.SimpleApplication::update@212 (line 274)
  0x0000022c07e51e18: c4c9 64ff 

  0x0000022c07e51e1c: ;   {other}
  0x0000022c07e51e1c: 0f1f 8400 | 9429 0020 | 488b d54c | 8bc0 488b 

  0x0000022c07e51e2c: ;   {optimized virtual_call}
  0x0000022c07e51e2c: 6c24 20e8 

  0x0000022c07e51e30: ; ImmutableOopMap {rbp=Oop [32]=Oop [40]=NarrowOop [44]=NarrowOop [52]=NarrowOop [56]=Oop [64]=Oop [72]=Oop }
                      ;*invokeinterface toArray {reexecute=0 rethrow=0 return_oop=1}
                      ; - com.jme3.util.SafeArrayList::getArray@49 (line 148)
                      ; - com.jme3.app.state.AppStateManager::getStates@11 (line 127)
                      ; - com.jme3.app.state.AppStateManager::postRender@1 (line 378)
                      ; - com.jme3.app.SimpleApplication::update@212 (line 274)
  0x0000022c07e51e30: acc9 64ff 

  0x0000022c07e51e34: ;   {other}
  0x0000022c07e51e34: 0f1f 8400 | ac29 0021 | 488b d841 | 807f 3800 | 0f85 a712 | 0000 8b7c | 2428 4c8b | c34d 8bd0 
  0x0000022c07e51e54: 49c1 ea03 | 4589 54fc | 184c 8b54 | 2448 4d8b | d84d 33da | 49c1 eb17 | 4d85 db74 | 1b4d 85c0 
  0x0000022c07e51e74: 7416 49c1 | ea09 4c8b | 4424 704d | 03c2 4180 | 3802 0f85 | 2d13 0000 | 4180 7f38 | 000f 8596 
  0x0000022c07e51e94: 1200 0045 | 8964 fc14 | 418b 6cfc | 1885 ed0f | 84eb 2900 | 0048 8b74 | 2420 8b7c | 242c 448b 
  0x0000022c07e51eb4: 5c24 344c | 8b6c 2438 | 4c8b 4c24 | 40e9 99f9 | ffff 418b | 6ccc 1445 | 8b5c cc10 | 4d8d 0ccc 
  0x0000022c07e51ed4: 4d8b c349 | c1e0 0385 | ed0f 85cd | 0000 004c | 894c 2440 | 8be9 4889 | 5424 3844 | 8954 2428 
  0x0000022c07e51ef4: 498b d145 

  0x0000022c07e51ef8: ;   {optimized virtual_call}
  0x0000022c07e51ef8: 33c9 90e8 

  0x0000022c07e51efc: ; ImmutableOopMap {rbp=NarrowOop [32]=Oop [40]=NarrowOop [56]=Oop [64]=Oop }
                      ;*invokevirtual createArray {reexecute=0 rethrow=0 return_oop=1}
                      ; - com.jme3.util.SafeArrayList::createArray@6 (line 129)
                      ; - com.jme3.util.SafeArrayList::getArray@22 (line 143)
                      ; - com.jme3.scene.Node::updateGeometricState@73 (line 271)
                      ; - com.jme3.app.SimpleApplication::update@124 (line 264)
  0x0000022c07e51efc: e0c8 64ff 

  0x0000022c07e51f00: ;   {other}
  0x0000022c07e51f00: 0f1f 8400 | 782a 0022 | 488b d841 | 807f 3800 | 0f85 bd18 | 0000 8bfd | 4c8b c34d | 8bd0 49c1 
  0x0000022c07e51f20: ea03 4589 | 54fc 184c | 8b54 2440 | 4d8b d84d | 33da 49c1 | eb17 4d85 | db0f 8439 | 0100 004d 
  0x0000022c07e51f40: 85c0 0f84 | 3001 0000 | 49c1 ea09 | 48b9 0000 | fe0c 2c02 | 0000 4903 | ca80 3902 | 0f84 1601 
  0x0000022c07e51f60: 0000 4d8b | 5748 4d8b | 5f40 f083 | 4424 c000 | 8039 000f | 84ff 0000 | 0044 8821 | 4d85 db75 
  0x0000022c07e51f80: 1d49 8bd7 | 49ba c007 | 6957 f97f | 0000 41ff 

  0x0000022c07e51f90: ;   {other}
  0x0000022c07e51f90: d20f 1f84 | 0000 0000 | 00e9 da00 | 0000 4b89 | 4c1a f849 | 83c3 f84d | 895f 40e9 | c800 0000 
  0x0000022c07e51fb0: 458b 5cec 

  0x0000022c07e51fb4: ;   {metadata('java/util/ArrayList')}
  0x0000022c07e51fb4: 0841 81fb | 28a0 1e00 | 0f85 a22d | 0000 4c89 | 4c24 4089 | 4c24 2c48 | 8954 2438 | 4489 5424 
  0x0000022c07e51fd4: 284d 8d14 | ec4d 8bda | 458b 5310 | 498b eb49 | 8bd1 458b | ca44 8954 

  0x0000022c07e51fec: ;   {optimized virtual_call}
  0x0000022c07e51fec: 2434 90e8 

  0x0000022c07e51ff0: ; ImmutableOopMap {rbp=Oop [32]=Oop [40]=NarrowOop [44]=NarrowOop [56]=Oop [64]=Oop }
                      ;*invokevirtual createArray {reexecute=0 rethrow=0 return_oop=1}
                      ; - com.jme3.util.SafeArrayList::createArray@6 (line 129)
                      ; - com.jme3.util.SafeArrayList::getArray@46 (line 148)
                      ; - com.jme3.scene.Node::updateGeometricState@73 (line 271)
                      ; - com.jme3.app.SimpleApplication::update@124 (line 264)
  0x0000022c07e51ff0: ecc7 64ff 

  0x0000022c07e51ff4: ;   {other}
  0x0000022c07e51ff4: 0f1f 8400 | 6c2b 0023 | 488b d54c | 8bc0 488b 

  0x0000022c07e52004: ;   {optimized virtual_call}
  0x0000022c07e52004: 6c24 20e8 

  0x0000022c07e52008: ; ImmutableOopMap {rbp=Oop [32]=Oop [40]=NarrowOop [44]=NarrowOop [56]=Oop [64]=Oop }
                      ;*invokeinterface toArray {reexecute=0 rethrow=0 return_oop=1}
                      ; - com.jme3.util.SafeArrayList::getArray@49 (line 148)
                      ; - com.jme3.scene.Node::updateGeometricState@73 (line 271)
                      ; - com.jme3.app.SimpleApplication::update@124 (line 264)
  0x0000022c07e52008: d4c7 64ff 

  0x0000022c07e5200c: ;   {other}
  0x0000022c07e5200c: 0f1f 8400 | 842b 0024 | 488b d841 | 807f 3800 | 0f85 2112 | 0000 8b7c | 242c 4c8b | c34d 8bd8 
  0x0000022c07e5202c: 49c1 eb03 | 4589 5cfc | 184c 8b54 | 2440 4d8b | d84d 33da | 49c1 eb17 | 4d85 db74 | 1f4d 85c0 
  0x0000022c07e5204c: 741a 49c1 | ea09 48b9 | 0000 fe0c | 2c02 0000 | 4903 ca80 | 3902 0f85 | 8b12 0000 | 4180 7f38 
  0x0000022c07e5206c: 000f 8598 | 1100 0045 | 8964 fc14 | 418b 6cfc | 1885 ed0f | 843f 2800 | 0044 8b54 | 2428 488b 
  0x0000022c07e5208c: 5424 38e9 | f7ec ffff | 418b 6cdc | 1445 8b44 | dc10 4d8d | 1cdc 49c1 | e003 85ed | 0f85 ce00 
  0x0000022c07e520ac: 0000 4c89 | 5c24 408b | eb48 8954 | 2438 4489 | 5424 2849 | 8bd3 4533 

  0x0000022c07e520c4: ;   {optimized virtual_call}
  0x0000022c07e520c4: c966 90e8 

  0x0000022c07e520c8: ; ImmutableOopMap {rbp=NarrowOop [32]=Oop [40]=NarrowOop [56]=Oop [64]=Oop }
                      ;*invokevirtual createArray {reexecute=0 rethrow=0 return_oop=1}
                      ; - com.jme3.util.SafeArrayList::createArray@6 (line 129)
                      ; - com.jme3.util.SafeArrayList::getArray@22 (line 143)
                      ; - com.jme3.scene.Node::updateGeometricState@73 (line 271)
                      ; - com.jme3.app.SimpleApplication::update@131 (line 265)
  0x0000022c07e520c8: 14c7 64ff 

  0x0000022c07e520cc: ;   {other}
  0x0000022c07e520cc: 0f1f 8400 | 442c 0025 | 488b d841 | 807f 3800 | 0f85 2b17 | 0000 8bfd | 4c8b c34d | 8bd8 49c1 
  0x0000022c07e520ec: eb03 4589 | 5cfc 184c | 8b54 2440 | 4d8b d84d | 33da 49c1 | eb17 4d85 | db0f 843d | 0100 004d 
  0x0000022c07e5210c: 85c0 0f84 | 3401 0000 | 49c1 ea09 | 48b9 0000 | fe0c 2c02 | 0000 4903 | ca80 3902 | 0f84 1a01 
  0x0000022c07e5212c: 0000 4d8b | 5748 4d8b | 5f40 f083 | 4424 c000 | 8039 000f | 8403 0100 | 0044 8821 | 4d85 db75 
  0x0000022c07e5214c: 1d49 8bd7 | 49ba c007 | 6957 f97f | 0000 41ff 

  0x0000022c07e5215c: ;   {other}
  0x0000022c07e5215c: d20f 1f84 | 0000 0000 | 00e9 de00 | 0000 4b89 | 4c1a f849 | 83c3 f84d | 895f 40e9 | cc00 0000 
  0x0000022c07e5217c: 458b 4cec 

  0x0000022c07e52180: ;   {metadata('java/util/ArrayList')}
  0x0000022c07e52180: 0841 81f9 | 28a0 1e00 | 0f85 022c | 0000 4c89 | 5c24 4089 | 5c24 2c48 | 8954 2438 | 4489 5424 
  0x0000022c07e521a0: 284d 8d14 | ec4d 8bda | 458b 5310 | 498b eb48 | 8b54 2440 | 458b ca44 | 8954 2434 

  0x0000022c07e521bc: ;   {optimized virtual_call}
  0x0000022c07e521bc: 6666 90e8 

  0x0000022c07e521c0: ; ImmutableOopMap {rbp=Oop [32]=Oop [40]=NarrowOop [44]=NarrowOop [56]=Oop [64]=Oop }
                      ;*invokevirtual createArray {reexecute=0 rethrow=0 return_oop=1}
                      ; - com.jme3.util.SafeArrayList::createArray@6 (line 129)
                      ; - com.jme3.util.SafeArrayList::getArray@46 (line 148)
                      ; - com.jme3.scene.Node::updateGeometricState@73 (line 271)
                      ; - com.jme3.app.SimpleApplication::update@131 (line 265)
  0x0000022c07e521c0: 1cc6 64ff 

  0x0000022c07e521c4: ;   {other}
  0x0000022c07e521c4: 0f1f 8400 | 3c2d 0026 | 488b d54c | 8bc0 488b 

  0x0000022c07e521d4: ;   {optimized virtual_call}
  0x0000022c07e521d4: 6c24 20e8 

  0x0000022c07e521d8: ; ImmutableOopMap {rbp=Oop [32]=Oop [40]=NarrowOop [44]=NarrowOop [56]=Oop [64]=Oop }
                      ;*invokeinterface toArray {reexecute=0 rethrow=0 return_oop=1}
                      ; - com.jme3.util.SafeArrayList::getArray@49 (line 148)
                      ; - com.jme3.scene.Node::updateGeometricState@73 (line 271)
                      ; - com.jme3.app.SimpleApplication::update@131 (line 265)
  0x0000022c07e521d8: 04c6 64ff 

  0x0000022c07e521dc: ;   {other}
  0x0000022c07e521dc: 0f1f 8400 | 542d 0027 | 488b d841 | 807f 3800 | 0f85 8d10 | 0000 8b7c | 242c 4c8b | c34d 8bd0 
  0x0000022c07e521fc: 49c1 ea03 | 4589 54fc | 184c 8b54 | 2440 4d8b | d84d 33da | 49c1 eb17 | 4d85 db74 | 1f4d 85c0 
  0x0000022c07e5221c: 741a 49c1 | ea09 48b9 | 0000 fe0c | 2c02 0000 | 4903 ca80 | 3902 0f85 | 0911 0000 | 4180 7f38 
  0x0000022c07e5223c: 000f 8578 | 1000 0045 | 8964 fc14 | 418b 6cfc | 1885 ed0f | 8487 2600 | 0044 8b54 | 2428 488b 
  0x0000022c07e5225c: 5424 38e9 | efee ffff | 438b 6ccc | 1447 8b5c | cc10 4f8d | 14cc 4d8b | c349 c1e0 | 0385 ed0f 
  0x0000022c07e5227c: 85c3 0000 | 004c 8954 | 2428 418b | e949 8bd2 

  0x0000022c07e5228c: ;   {optimized virtual_call}
  0x0000022c07e5228c: 4533 c9e8 

  0x0000022c07e52290: ; ImmutableOopMap {rbp=NarrowOop [32]=Oop [40]=Oop [56]=Oop }
                      ;*invokevirtual createArray {reexecute=0 rethrow=0 return_oop=1}
                      ; - com.jme3.util.SafeArrayList::createArray@6 (line 129)
                      ; - com.jme3.util.SafeArrayList::getArray@22 (line 143)
                      ; - com.jme3.scene.Spatial::runControlUpdate@15 (line 736)
                      ; - com.jme3.scene.Spatial::updateLogicalState@2 (line 880)
                      ; - com.jme3.scene.Node::updateLogicalState@2 (line 231)
                      ; - com.jme3.app.SimpleApplication::update@109 (line 261)
  0x0000022c07e52290: 4cc5 64ff 

  0x0000022c07e52294: ;   {other}
  0x0000022c07e52294: 0f1f 8400 | 0c2e 0028 | 488b f841 | 807f 3800 | 0f85 9d15 | 0000 8bdd | 4c8b c74d | 8bd8 49c1 
  0x0000022c07e522b4: eb03 4589 | 5cdc 184c | 8b54 2428 | 4d8b d84d | 33da 49c1 | eb17 4d85 | db0f 8431 | 0100 004d 
  0x0000022c07e522d4: 85c0 0f84 | 2801 0000 | 49c1 ea09 | 48b9 0000 | fe0c 2c02 | 0000 4903 | ca80 3902 | 0f84 0e01 
  0x0000022c07e522f4: 0000 4d8b | 5748 4d8b | 5f40 f083 | 4424 c000 | 8039 000f | 84f7 0000 | 0044 8821 | 4d85 db75 
  0x0000022c07e52314: 1d49 8bd7 | 49ba c007 | 6957 f97f | 0000 41ff 

  0x0000022c07e52324: ;   {other}
  0x0000022c07e52324: d20f 1f84 | 0000 0000 | 00e9 d200 | 0000 4b89 | 4c1a f849 | 83c3 f84d | 895f 40e9 | c000 0000 
  0x0000022c07e52344: 458b 5cec 

  0x0000022c07e52348: ;   {metadata('java/util/ArrayList')}
  0x0000022c07e52348: 0841 81fb | 28a0 1e00 | 0f85 662a | 0000 4c89 | 5424 4044 | 894c 2428 | 4d8d 14ec | 4d8b da45 
  0x0000022c07e52368: 8b4b 1049 | 8beb 488b | 5424 4044 | 894c 2478 

  0x0000022c07e52378: ;   {optimized virtual_call}
  0x0000022c07e52378: 6666 90e8 

  0x0000022c07e5237c: ; ImmutableOopMap {rbp=Oop [32]=Oop [40]=NarrowOop [56]=Oop [64]=Oop }
                      ;*invokevirtual createArray {reexecute=0 rethrow=0 return_oop=1}
                      ; - com.jme3.util.SafeArrayList::createArray@6 (line 129)
                      ; - com.jme3.util.SafeArrayList::getArray@46 (line 148)
                      ; - com.jme3.scene.Spatial::runControlUpdate@15 (line 736)
                      ; - com.jme3.scene.Spatial::updateLogicalState@2 (line 880)
                      ; - com.jme3.scene.Node::updateLogicalState@2 (line 231)
                      ; - com.jme3.app.SimpleApplication::update@109 (line 261)
  0x0000022c07e5237c: 60c4 64ff 

  0x0000022c07e52380: ;   {other}
  0x0000022c07e52380: 0f1f 8400 | f82e 0029 | 488b d54c | 8bc0 488b 

  0x0000022c07e52390: ;   {optimized virtual_call}
  0x0000022c07e52390: 6c24 20e8 

  0x0000022c07e52394: ; ImmutableOopMap {rbp=Oop [32]=Oop [40]=NarrowOop [56]=Oop [64]=Oop }
                      ;*invokeinterface toArray {reexecute=0 rethrow=0 return_oop=1}
                      ; - com.jme3.util.SafeArrayList::getArray@49 (line 148)
                      ; - com.jme3.scene.Spatial::runControlUpdate@15 (line 736)
                      ; - com.jme3.scene.Spatial::updateLogicalState@2 (line 880)
                      ; - com.jme3.scene.Node::updateLogicalState@2 (line 231)
                      ; - com.jme3.app.SimpleApplication::update@109 (line 261)
  0x0000022c07e52394: 48c4 64ff 

  0x0000022c07e52398: ;   {other}
  0x0000022c07e52398: 0f1f 8400 | 102f 002a | 488b f841 | 807f 3800 | 0f85 1910 | 0000 8b5c | 2428 4c8b | c74d 8bd0 
  0x0000022c07e523b8: 49c1 ea03 | 4589 54dc | 184c 8b54 | 2440 4d8b | d84d 33da | 49c1 eb17 | 4d85 db74 | 1f4d 85c0 
  0x0000022c07e523d8: 741a 49c1 | ea09 48b9 | 0000 fe0c | 2c02 0000 | 4903 ca80 | 3902 0f85 | 8310 0000 | 4180 7f38 
  0x0000022c07e523f8: 000f 8590 | 0f00 0045 | 8964 dc14 | 418b 6cdc | 1885 ed0f | 8502 e5ff | ffba f4ff | ffff 488b 
  0x0000022c07e52418: 6c24 20c5 | fa10 4424 | 30c5 fa11 | 4424 24c5 | fa11 4424 

  0x0000022c07e5242c: ;   {runtime_call UncommonTrapBlob}
  0x0000022c07e5242c: 2866 90e8 

  0x0000022c07e52430: ; ImmutableOopMap {rbp=Oop [56]=Oop }
                      ;*checkcast {reexecute=0 rethrow=0 return_oop=0}
                      ; - com.jme3.scene.Spatial::runControlUpdate@18 (line 736)
                      ; - com.jme3.scene.Spatial::updateLogicalState@2 (line 880)
                      ; - com.jme3.scene.Node::updateLogicalState@2 (line 231)
                      ; - com.jme3.app.SimpleApplication::update@109 (line 261)
  0x0000022c07e52430: 2c1f 65ff 

  0x0000022c07e52434: ;   {other}
  0x0000022c07e52434: 0f1f 8400 | ac2f 002b | 418b 6ccc | 1445 8b54 | cc10 4d8d | 1ccc 4d8b | c249 c1e0 | 0385 ed0f 
  0x0000022c07e52454: 85c3 0000 | 004c 895c | 2428 8be9 | 498b d345 

  0x0000022c07e52464: ;   {optimized virtual_call}
  0x0000022c07e52464: 33c9 90e8 

  0x0000022c07e52468: ; ImmutableOopMap {rbp=NarrowOop [32]=Oop [40]=Oop [56]=Oop }
                      ;*invokevirtual createArray {reexecute=0 rethrow=0 return_oop=1}
                      ; - com.jme3.util.SafeArrayList::createArray@6 (line 129)
                      ; - com.jme3.util.SafeArrayList::getArray@22 (line 143)
                      ; - com.jme3.scene.Spatial::runControlUpdate@15 (line 736)
                      ; - com.jme3.scene.Spatial::updateLogicalState@2 (line 880)
                      ; - com.jme3.scene.Node::updateLogicalState@2 (line 231)
                      ; - com.jme3.app.SimpleApplication::update@117 (line 262)
  0x0000022c07e52468: 74c3 64ff 

  0x0000022c07e5246c: ;   {other}
  0x0000022c07e5246c: 0f1f 8400 | e42f 002c | 488b d841 | 807f 3800 | 0f85 ff13 | 0000 8bfd | 4c8b c34d | 8bd0 49c1 
  0x0000022c07e5248c: ea03 4589 | 54fc 184c | 8b54 2428 | 4d8b d84d | 33da 49c1 | eb17 4d85 | db0f 8431 | 0100 004d 
  0x0000022c07e524ac: 85c0 0f84 | 2801 0000 | 49c1 ea09 | 48b9 0000 | fe0c 2c02 | 0000 4903 | ca80 3902 | 0f84 0e01 
  0x0000022c07e524cc: 0000 4d8b | 5748 4d8b | 5f40 f083 | 4424 c000 | 8039 000f | 84f7 0000 | 0044 8821 | 4d85 db75 
  0x0000022c07e524ec: 1d49 8bd7 | 49ba c007 | 6957 f97f | 0000 41ff 

  0x0000022c07e524fc: ;   {other}
  0x0000022c07e524fc: d20f 1f84 | 0000 0000 | 00e9 d200 | 0000 4b89 | 4c1a f849 | 83c3 f84d | 895f 40e9 | c000 0000 
  0x0000022c07e5251c: 458b 54ec 

  0x0000022c07e52520: ;   {metadata('java/util/ArrayList')}
  0x0000022c07e52520: 0841 81fa | 28a0 1e00 | 0f85 ba28 | 0000 4c89 | 5c24 4089 | 4c24 284d | 8d14 ec4d | 8bda 458b 
  0x0000022c07e52540: 5310 498b | eb48 8b54 | 2440 458b | ca44 8954 

  0x0000022c07e52550: ;   {optimized virtual_call}
  0x0000022c07e52550: 2478 90e8 

  0x0000022c07e52554: ; ImmutableOopMap {rbp=Oop [32]=Oop [40]=NarrowOop [56]=Oop [64]=Oop }
                      ;*invokevirtual createArray {reexecute=0 rethrow=0 return_oop=1}
                      ; - com.jme3.util.SafeArrayList::createArray@6 (line 129)
                      ; - com.jme3.util.SafeArrayList::getArray@46 (line 148)
                      ; - com.jme3.scene.Spatial::runControlUpdate@15 (line 736)
                      ; - com.jme3.scene.Spatial::updateLogicalState@2 (line 880)
                      ; - com.jme3.scene.Node::updateLogicalState@2 (line 231)
                      ; - com.jme3.app.SimpleApplication::update@117 (line 262)
  0x0000022c07e52554: 88c2 64ff 

  0x0000022c07e52558: ;   {other}
  0x0000022c07e52558: 0f1f 8400 | d030 002d | 488b d54c | 8bc0 488b 

  0x0000022c07e52568: ;   {optimized virtual_call}
  0x0000022c07e52568: 6c24 20e8 

  0x0000022c07e5256c: ; ImmutableOopMap {rbp=Oop [32]=Oop [40]=NarrowOop [56]=Oop [64]=Oop }
                      ;*invokeinterface toArray {reexecute=0 rethrow=0 return_oop=1}
                      ; - com.jme3.util.SafeArrayList::getArray@49 (line 148)
                      ; - com.jme3.scene.Spatial::runControlUpdate@15 (line 736)
                      ; - com.jme3.scene.Spatial::updateLogicalState@2 (line 880)
                      ; - com.jme3.scene.Node::updateLogicalState@2 (line 231)
                      ; - com.jme3.app.SimpleApplication::update@117 (line 262)
  0x0000022c07e5256c: 70c2 64ff 

  0x0000022c07e52570: ;   {other}
  0x0000022c07e52570: 0f1f 8400 | e830 002e | 488b d841 | 807f 3800 | 0f85 7d0e | 0000 8b7c | 2428 4c8b | c34d 8bd8 
  0x0000022c07e52590: 49c1 eb03 | 4589 5cfc | 184c 8b54 | 2440 4d8b | d84d 33da | 49c1 eb17 | 4d85 db74 | 1f4d 85c0 
  0x0000022c07e525b0: 741a 49c1 | ea09 48b9 | 0000 fe0c | 2c02 0000 | 4903 ca80 | 3902 0f85 | f90e 0000 | 4180 7f38 
  0x0000022c07e525d0: 000f 8568 | 0e00 0045 | 8964 fc14 | 418b 6cfc | 1885 ed0f | 85f8 e3ff | ffba f4ff | ffff 488b 
  0x0000022c07e525f0: 6c24 20c5 | fa10 4424 | 30c5 fa11 | 4424 24c5 | fa11 4424 

  0x0000022c07e52604: ;   {runtime_call UncommonTrapBlob}
  0x0000022c07e52604: 2866 90e8 

  0x0000022c07e52608: ; ImmutableOopMap {rbp=Oop [56]=Oop }
                      ;*checkcast {reexecute=0 rethrow=0 return_oop=0}
                      ; - com.jme3.scene.Spatial::runControlUpdate@18 (line 736)
                      ; - com.jme3.scene.Spatial::updateLogicalState@2 (line 880)
                      ; - com.jme3.scene.Node::updateLogicalState@2 (line 231)
                      ; - com.jme3.app.SimpleApplication::update@117 (line 262)
  0x0000022c07e52608: 541d 65ff 

  0x0000022c07e5260c: ;   {other}
  0x0000022c07e5260c: 0f1f 8400 | 8431 002f | 448b 5424 | 3448 8b44 | 2438 458b | 4b20 458b 

  0x0000022c07e52624: ;   {metadata('java/util/ArrayDeque')}
  0x0000022c07e52624: 44cc 0841 | 81f8 78cc | 2e00 0f85 | 2424 0000 | 48c1 e103 | 8b71 1444 | 8b41 0c41 | 8b7c f40c 
  0x0000022c07e52644: 443b c70f | 83f7 2200 | 0049 8d1c | f442 8b6c | 8310 418b | 74ec 0841 | 807f 3800 | 0f85 4009 
  0x0000022c07e52664: 0000 418d | 5001 3bd7 | 0f8d ba05 | 0000 8951 | 0c46 8964 

  0x0000022c07e52678: ;   {metadata('com/jme3/input/event/KeyInputEvent')}
  0x0000022c07e52678: 8310 81fe | 60b1 2301 | 0f85 4e2c | 0000 4d8d | 04ec 438b 

  0x0000022c07e5268c: ;   {metadata('com/jme3/input/InputManager')}
  0x0000022c07e5268c: 4ccc 0881 | f990 a320 | 010f 8531 | 2400 0049 | 8beb 4889 | 4424 3844 | 8954 2434 | 4b8d 14cc 
  0x0000022c07e526ac: ;   {optimized virtual_call}
  0x0000022c07e526ac: 6666 90e8 

  0x0000022c07e526b0: ; ImmutableOopMap {rbp=Oop [40]=Oop [52]=NarrowOop [72]=Oop }
                      ;*invokeinterface onKeyEvent {reexecute=0 rethrow=0 return_oop=0}
                      ; - com.jme3.input.lwjgl.GlfwKeyInput::update@39 (line 161)
                      ; - com.jme3.input.InputManager::update@50 (line 906)
                      ; - com.jme3.app.LegacyApplication::update@91 (line 724)
                      ; - com.jme3.app.SimpleApplication::update@20 (line 246)
  0x0000022c07e526b0: cf41 0000 

  0x0000022c07e526b4: ;   {other}
  0x0000022c07e526b4: 0f1f 8400 | 2c32 0030 | 4d8b 9750 

  0x0000022c07e526c0: ; ImmutableOopMap {rbp=Oop [40]=Oop [52]=NarrowOop [72]=Oop }
                      ;*goto {reexecute=1 rethrow=0 return_oop=0}
                      ; - (reexecute) com.jme3.input.lwjgl.GlfwKeyInput::update@44 (line 161)
                      ; - com.jme3.input.InputManager::update@50 (line 906)
                      ; - com.jme3.app.LegacyApplication::update@91 (line 724)
                      ; - com.jme3.app.SimpleApplication::update@20 (line 246)
                      ;   {poll}
  0x0000022c07e526c0: 0400 0041 | 8502 4c8b | dd41 8b4b | 1045 8b54 

  0x0000022c07e526d0: ;   {metadata('java/util/ArrayDeque')}
  0x0000022c07e526d0: cc08 4181 | fa78 cc2e | 000f 859d | 2400 004d | 8d14 cc45 | 8b4a 0c45 | 8b52 1045 | 3bca 0f85 
  0x0000022c07e526f0: 20ff ffff | 448b 5424 | 3448 8b44 | 2438 e9e0 | dcff ff44 | 8b54 2434 | 488b 4424 | 3845 8b4b 
  0x0000022c07e52710: 4043 8b4c 

  0x0000022c07e52714: ;   {metadata('java/util/ArrayDeque')}
  0x0000022c07e52714: c408 81f9 | 78cc 2e00 | 0f85 fe22 | 0000 4b8d | 0cc4 8b79 | 1444 8b41 | 0c41 8b5c | fc0c 443b 
  0x0000022c07e52734: c30f 83b9 | 2100 0049 | 8d34 fc42 | 8b6c 8610 

  0x0000022c07e52744: ; implicit exception: dispatches to 0x0000022c07e5633c
  0x0000022c07e52744: 418b 7cec | 0841 807f | 3800 0f85 | e707 0000 | 418d 5001 | 3bd3 0f8d | c504 0000 | 8951 0c46 
  0x0000022c07e52764: 8964 8610 

  0x0000022c07e52768: ;   {metadata('com/jme3/input/event/MouseMotionEvent')}
  0x0000022c07e52768: 81ff 50a9 | 2001 0f85 | 902b 0000 | 4d8d 04ec | 498b d847 | 8b44 cc08 

  0x0000022c07e52780: ;   {metadata('com/jme3/input/InputManager')}
  0x0000022c07e52780: 4181 f890 | a320 010f | 8503 2300 | 008b 4b18 | 8b53 1c4b | 8d2c cc44 | 8b45 48c5 | f9ef c0c5 
  0x0000022c07e527a0: fa2a c2c5 | e9ef d2c5 | ea2a d145 | 85c0 0f84 | e021 0000 | c5f9 7ec1 | 4889 5c24 | 504c 895c 
  0x0000022c07e527c0: 2440 4889 | 4424 3844 | 8954 2434 | 4b8d 14c4 | c5f8 28c2 | c5f9 6ec9 

  0x0000022c07e527d8: ;   {optimized virtual_call}
  0x0000022c07e527d8: 6666 90e8 

  0x0000022c07e527dc: ; ImmutableOopMap {rbp=Oop [40]=Oop [52]=NarrowOop [64]=Oop [72]=Oop [80]=Oop }
                      ;*invokevirtual set {reexecute=0 rethrow=0 return_oop=1}
                      ; - com.jme3.input.InputManager::onMouseMotionEvent@14 (line 440)
                      ; - com.jme3.input.lwjgl.GlfwMouseInput::update@130 (line 298)
                      ; - com.jme3.input.InputManager::update@59 (line 907)
                      ; - com.jme3.app.LegacyApplication::update@91 (line 724)
                      ; - com.jme3.app.SimpleApplication::update@20 (line 246)
  0x0000022c07e527dc: e046 89f8 

  0x0000022c07e527e0: ;   {other}
  0x0000022c07e527e0: 0f1f 8400 | 5833 0032 | 440f b65d | 3445 85db | 7426 448b | 5d64 4585 | db0f 8471 | 2400 004b 
  0x0000022c07e52800: 8d14 dc4c | 8b44 2450 

  0x0000022c07e52808: ;   {optimized virtual_call}
  0x0000022c07e52808: 6666 90e8 

  0x0000022c07e5280c: ; ImmutableOopMap {rbp=Oop [40]=Oop [52]=NarrowOop [64]=Oop [72]=Oop [80]=Oop }
                      ;*invokevirtual add {reexecute=0 rethrow=0 return_oop=0}
                      ; - com.jme3.input.InputManager::onMouseMotionEvent@30 (line 442)
                      ; - com.jme3.input.lwjgl.GlfwMouseInput::update@130 (line 298)
                      ; - com.jme3.input.InputManager::update@59 (line 907)
                      ; - com.jme3.app.LegacyApplication::update@91 (line 724)
                      ; - com.jme3.app.SimpleApplication::update@20 (line 246)
  0x0000022c07e5280c: a009 d9ff 

  0x0000022c07e52810: ;   {other}
  0x0000022c07e52810: 0f1f 8400 | 8833 0033 | 4d8b 9750 

  0x0000022c07e5281c: ; ImmutableOopMap {[40]=Oop [52]=NarrowOop [64]=Oop [72]=Oop }
                      ;*goto {reexecute=1 rethrow=0 return_oop=0}
                      ; - (reexecute) com.jme3.input.lwjgl.GlfwMouseInput::update@135 (line 298)
                      ; - com.jme3.input.InputManager::update@59 (line 907)
                      ; - com.jme3.app.LegacyApplication::update@91 (line 724)
                      ; - com.jme3.app.SimpleApplication::update@20 (line 246)
                      ;   {poll}
  0x0000022c07e5281c: 0400 0041 | 8502 4c8b | 5c24 4045 | 8b43 3447 | 8b4c c408 

  0x0000022c07e52830: ;   {metadata('java/util/ArrayDeque')}
  0x0000022c07e52830: 4181 f978 | cc2e 000f | 85b7 2300 | 004f 8d14 | c445 8b4a | 0c41 8b4a | 1044 3bc9 | 0f85 b1fe 
  0x0000022c07e52850: ffff 448b | 5424 3448 | 8b44 2438 | e9d4 dbff | ff44 8b54 | 2434 488b | 4424 3845 | 8b4b 4041 
  0x0000022c07e52870: 8b5c cc08 

  0x0000022c07e52874: ;   {metadata('java/util/ArrayDeque')}
  0x0000022c07e52874: 81fb 78cc | 2e00 0f85 | 8822 0000 | 48c1 e103 | 8b71 1444 | 8b41 0c41 | 8b5c f40c | 443b c30f 
  0x0000022c07e52894: 8337 2100 | 0048 c1e6 | 0342 8b6c | 8610 418b | 7cec 0841 | 807f 3800 | 0f85 5f07 | 0000 418d 
  0x0000022c07e528b4: 5001 3bd3 | 0f8d 7503 | 0000 8951 | 0c46 8964 

  0x0000022c07e528c4: ;   {metadata('com/jme3/input/event/MouseButtonEvent')}
  0x0000022c07e528c4: 8610 81ff | 10af 2301 | 0f85 622a | 0000 4d8d | 04ec 438b 

  0x0000022c07e528d8: ;   {metadata('com/jme3/input/InputManager')}
  0x0000022c07e528d8: 5ccc 0881 | fb90 a320 | 010f 8559 | 2200 0049 | 8beb 4889 | 4424 3844 | 8954 2434 | 4b8d 14cc 
  0x0000022c07e528f8: ;   {optimized virtual_call}
  0x0000022c07e528f8: 6666 90e8 

  0x0000022c07e528fc: ; ImmutableOopMap {rbp=Oop [40]=Oop [52]=NarrowOop [72]=Oop }
                      ;*invokeinterface onMouseButtonEvent {reexecute=0 rethrow=0 return_oop=0}
                      ; - com.jme3.input.lwjgl.GlfwMouseInput::update@166 (line 302)
                      ; - com.jme3.input.InputManager::update@59 (line 907)
                      ; - com.jme3.app.LegacyApplication::update@91 (line 724)
                      ; - com.jme3.app.SimpleApplication::update@20 (line 246)
  0x0000022c07e528fc: e0be 64ff 

  0x0000022c07e52900: ;   {other}
  0x0000022c07e52900: 0f1f 8400 | 7834 0035 | 4d8b 9750 

  0x0000022c07e5290c: ; ImmutableOopMap {rbp=Oop [40]=Oop [52]=NarrowOop [72]=Oop }
                      ;*goto {reexecute=1 rethrow=0 return_oop=0}
                      ; - (reexecute) com.jme3.input.lwjgl.GlfwMouseInput::update@171 (line 302)
                      ; - com.jme3.input.InputManager::update@59 (line 907)
                      ; - com.jme3.app.LegacyApplication::update@91 (line 724)
                      ; - com.jme3.app.SimpleApplication::update@20 (line 246)
                      ;   {poll}
  0x0000022c07e5290c: 0400 0041 | 8502 4c8b | dd41 8b4b | 3845 8b44 

  0x0000022c07e5291c: ;   {metadata('java/util/ArrayDeque')}
  0x0000022c07e5291c: cc08 4181 | f878 cc2e | 000f 858d | 2200 004d | 8d14 cc45 | 8b42 0c45 | 8b4a 1045 | 3bc1 0f85 
  0x0000022c07e5293c: 21ff ffff | 448b 5424 | 3448 8b44 | 2438 e911 | dbff ff49 | 8bd2 488b | 6c24 20c5 | fa10 4c24 
  0x0000022c07e5295c: 30c5 f828 | c1c5 fa11 

  0x0000022c07e52964: ;   {optimized virtual_call}
  0x0000022c07e52964: 4424 2ce8 

  0x0000022c07e52968: ; ImmutableOopMap {rbp=Oop [32]=Oop [56]=Oop }
                      ;*invokespecial getUpdateList {reexecute=0 rethrow=0 return_oop=1}
                      ; - com.jme3.scene.Node::updateLogicalState@14 (line 241)
                      ; - com.jme3.app.SimpleApplication::update@109 (line 261)
  0x0000022c07e52968: a4ec faff 

  0x0000022c07e5296c: ;   {other}
  0x0000022c07e5296c: 0f1f 8400 | e434 0037 | 4885 c00f | 84b3 2200 | 0048 8bd0 

  0x0000022c07e52980: ;   {optimized virtual_call}
  0x0000022c07e52980: 6666 90e8 

  0x0000022c07e52984: ; ImmutableOopMap {rbp=Oop [32]=Oop [56]=Oop }
                      ;*invokevirtual getArray {reexecute=0 rethrow=0 return_oop=1}
                      ; - com.jme3.scene.Node::updateLogicalState@17 (line 241)
                      ; - com.jme3.app.SimpleApplication::update@109 (line 261)
  0x0000022c07e52984: 482a eaff 

  0x0000022c07e52988: ;   {other}
  0x0000022c07e52988: 0f1f 8400 | 0035 0038 

  0x0000022c07e52990: ; implicit exception: dispatches to 0x0000022c07e565e4
  0x0000022c07e52990: 448b 5808 

  0x0000022c07e52994: ;   {metadata('com/jme3/scene/Spatial'[])}
  0x0000022c07e52994: 4181 fb20 | 2c20 010f | 8517 2a00 | 004c 8bc8 | 458b 410c | 4585 c00f | 86ed dfff | ff45 8d58 
  0x0000022c07e529b4: ff45 3bd8 | 0f83 ce22 | 0000 4533 | d244 8944 | 2444 e98a | 0000 0049 | 8bd2 488b | 6c24 20c5 
  0x0000022c07e529d4: fa10 4c24 | 30c5 f828 | c1c5 fa11 

  0x0000022c07e529e0: ;   {optimized virtual_call}
  0x0000022c07e529e0: 4424 2ce8 

  0x0000022c07e529e4: ; ImmutableOopMap {rbp=Oop [32]=Oop [56]=Oop }
                      ;*invokespecial getUpdateList {reexecute=0 rethrow=0 return_oop=1}
                      ; - com.jme3.scene.Node::updateLogicalState@14 (line 241)
                      ; - com.jme3.app.SimpleApplication::update@117 (line 262)
  0x0000022c07e529e4: 28ec faff 

  0x0000022c07e529e8: ;   {other}
  0x0000022c07e529e8: 0f1f 8400 | 6035 0039 | 4885 c00f | 8457 2200 | 0048 8bd0 

  0x0000022c07e529fc: ;   {optimized virtual_call}
  0x0000022c07e529fc: 6666 90e8 

  0x0000022c07e52a00: ; ImmutableOopMap {rbp=Oop [32]=Oop [56]=Oop }
                      ;*invokevirtual getArray {reexecute=0 rethrow=0 return_oop=1}
                      ; - com.jme3.scene.Node::updateLogicalState@17 (line 241)
                      ; - com.jme3.app.SimpleApplication::update@117 (line 262)
  0x0000022c07e52a00: cc29 eaff 

  0x0000022c07e52a04: ;   {other}
  0x0000022c07e52a04: 0f1f 8400 | 7c35 003a 

  0x0000022c07e52a0c: ; implicit exception: dispatches to 0x0000022c07e56604
  0x0000022c07e52a0c: 448b 5008 

  0x0000022c07e52a10: ;   {metadata('com/jme3/scene/Spatial'[])}
  0x0000022c07e52a10: 4181 fa20 | 2c20 010f | 85bf 2900 | 004c 8bc8 | 458b 590c | 4585 db0f | 863d e0ff | ff45 8d43 
  0x0000022c07e52a30: ff45 3bc3 | 0f83 8a22 | 0000 4533 | d244 895c | 2444 eb61 | 0f1f 8400 | 0000 0000 | 6666 6690 
  0x0000022c07e52a50: 4c8b 4c24 | 2843 8b6c | 9110 4489 | 5424 344c | 894c 2428 | 488b d548 | c1e2 03c5 | fa10 4424 
  0x0000022c07e52a70: 3048 b850 | 508e 862c 

  0x0000022c07e52a78: ;   {virtual_call}
  0x0000022c07e52a78: 0200 00e8 

  0x0000022c07e52a7c: ; ImmutableOopMap {rbp=NarrowOop [32]=Oop [40]=Oop [56]=Oop }
                      ;*invokevirtual updateLogicalState {reexecute=0 rethrow=0 return_oop=0}
                      ; - com.jme3.scene.Node::updateLogicalState@45 (line 242)
                      ; - com.jme3.app.SimpleApplication::update@109 (line 261)
  0x0000022c07e52a7c: 905a 94ff 

  0x0000022c07e52a80: ;   {other}
  0x0000022c07e52a80: 0f1f 8400 | f835 003b | 448b 5424 | 3441 ffc2 | 443b 5424 | 447c b9e9 | 02df ffff | 0f1f 4000 
  0x0000022c07e52aa0: 4c8b 4c24 | 2843 8b6c | 9110 4489 | 5424 344c | 894c 2428 | 488b d548 | c1e2 03c5 | fa10 4424 
  0x0000022c07e52ac0: 3048 b878 | 508e 862c 

  0x0000022c07e52ac8: ;   {virtual_call}
  0x0000022c07e52ac8: 0200 00e8 

  0x0000022c07e52acc: ; ImmutableOopMap {rbp=NarrowOop [32]=Oop [40]=Oop [56]=Oop }
                      ;*invokevirtual updateLogicalState {reexecute=0 rethrow=0 return_oop=0}
                      ; - com.jme3.scene.Node::updateLogicalState@45 (line 242)
                      ; - com.jme3.app.SimpleApplication::update@117 (line 262)
  0x0000022c07e52acc: 405a 94ff 

  0x0000022c07e52ad0: ;   {other}
  0x0000022c07e52ad0: 0f1f 8400 | 4836 003c | 448b 5424 | 3441 ffc2 | 443b 5424 | 447c b9e9 | 7edf ffff | 498d 14ec 
  0x0000022c07e52af0: 483b f20f | 84f2 2500 | 0049 8bb7 

  0x0000022c07e52afc: ; ImmutableOopMap {rcx=Oop [32]=Derived_oop_rcx rbx=NarrowOop rdi=Oop rdx=Oop [72]=Oop [80]=NarrowOop }
                      ;*goto {reexecute=1 rethrow=0 return_oop=0}
                      ; - (reexecute) java.util.concurrent.ConcurrentLinkedQueue::poll@81 (line 385)
                      ; - com.jme3.app.LegacyApplication::runQueuedTasks@4 (line 699)
                      ; - com.jme3.app.LegacyApplication::update@27 (line 715)
                      ; - com.jme3.app.SimpleApplication::update@20 (line 246)
  0x0000022c07e52afc: 5004 0000 

  0x0000022c07e52b00: ;   {poll}
  0x0000022c07e52b00: 8506 488b | f2e9 f4d6 | ffff 4180 | 7f38 000f | 85fe 0900 | 004c 8bde | 49c1 eb03 | 8bc3 4c8b 
  0x0000022c07e52b20: 5424 20f0 | 450f b11a | 400f 94c5 | 400f b6ed | 85ed 742e | 4c8b d64c | 8b5c 2420 | 4d33 d349 
  0x0000022c07e52b40: c1ea 174d | 85d2 741a | 49c1 eb09 | 48b9 0000 | fe0c 2c02 | 0000 4903 | cb80 3902 | 0f85 120a 
  0x0000022c07e52b60: 0000 85ed | 0f84 2326 | 0000 85db | 0f84 8223 | 0000 498d | 3cdc 498d | 74dc 1041 | 807f 3800 
  0x0000022c07e52b80: 0f85 b809 | 0000 891e | 4c8b d74c | 8bde 4d33 | d349 c1ea | 174d 85d2 | 0f84 84d6 | ffff 49c1 
  0x0000022c07e52ba0: eb09 48b9 | 0000 fe0c | 2c02 0000 | 4903 cb80 | 3902 0f84 | 6ad6 ffff | 4d8b 5740 | 4d8b 5f48 
  0x0000022c07e52bc0: f083 4424 | c000 8039 | 000f 8453 | d6ff ff44 | 8821 4d85 | d275 1d49 | 8bd7 49ba | c007 6957 
  0x0000022c07e52be0: f97f 0000 

  0x0000022c07e52be4: ;   {other}
  0x0000022c07e52be4: 41ff d20f | 1f84 0000 | 0000 00e9 | 2ed6 ffff | 4b89 4c13 | f849 83c2 | f84d 8957 | 40e9 1cd6 
  0x0000022c07e52c04: ffff 488b | e8e9 c5d9 | ffff 4489 | 8c24 a000 | 0000 48bd | 0000 fe0c | 2c02 0000 | e9d3 d2ff 
  0x0000022c07e52c24: ff33 d2e9 | 34fb ffff | 33d2 e93f | faff ff33 | d2e9 84fc | ffff 448b | 5424 2047 | 8b5c d410 
  0x0000022c07e52c44: 448b 4424 | 2445 3bc3 | 0f8c 7ed4 | ffff 488b | 5424 7844 | 8984 2490 

  0x0000022c07e52c5c: ;   {optimized virtual_call}
  0x0000022c07e52c5c: 0000 00e8 

  0x0000022c07e52c60: ; ImmutableOopMap {rbp=Oop [48]=Oop [56]=Oop [80]=Oop [96]=Oop [120]=Oop }
                      ;*invokevirtual rehash {reexecute=0 rethrow=0 return_oop=0}
                      ; - java.lang.ThreadLocal$ThreadLocalMap::set@129 (line 566)
                      ; - java.lang.ThreadLocal::set@13 (line 265)
                      ; - java.lang.ThreadLocal::set@5 (line 251)
                      ; - com.jme3.audio.AudioContext::setAudioRenderer@4 (line 44)
                      ; - com.jme3.app.LegacyApplication::update@4 (line 712)
                      ; - com.jme3.app.SimpleApplication::update@20 (line 246)
  0x0000022c07e52c60: 7cbb 64ff 

  0x0000022c07e52c64: ;   {other}
  0x0000022c07e52c64: 0f1f 8400 | dc37 003e | e95f d4ff | ff44 8b54 | 2438 478b | 44d4 2845 | 85c0 0f84 | a8e8 ffff 
  0x0000022c07e52c84: 4d8b 5f28 | 498b c848 | c1e1 034d | 85db 0f84 | e017 0000 | 4d8b 4730 | 4b89 4c18 | f849 83c3 
  0x0000022c07e52ca4: f84d 895f | 28e9 7ee8 | ffff 478b | 5cd4 2c45 | 85db 0f84 | 00e9 ffff | 4d8b 4728 | 498b cb48 
  0x0000022c07e52cc4: c1e1 034d | 85c0 0f84 | d117 0000 | 4d8b 5f30 | 4b89 4c03 | f849 83c0 | f84d 8947 | 28e9 d6e8 
  0x0000022c07e52ce4: ffff 4d8b | 5f40 4d8b | 4748 f083 | 4424 c000 | 8039 000f | 8467 e8ff | ff44 8821 | 4d85 db75 
  0x0000022c07e52d04: 2341 8bda | 498b d749 | bac0 0769 | 57f9 7f00 | 0041 ffd2 

  0x0000022c07e52d18: ;   {other}
  0x0000022c07e52d18: 0f1f 8400 | 0000 0000 | 448b d3e9 | 3ce8 ffff | 4b89 4c18 | f849 83c3 | f84d 895f | 40e9 2ae8 
  0x0000022c07e52d38: ffff 4d8b | 5740 4d8b | 5f48 f083 | 4424 c000 | 8039 000f | 84a3 e8ff | ff44 8821 | 4d85 d275 
  0x0000022c07e52d58: 1d49 8bd7 | 49ba c007 | 6957 f97f | 0000 41ff 

  0x0000022c07e52d68: ;   {other}
  0x0000022c07e52d68: d20f 1f84 | 0000 0000 | 00e9 7ee8 | ffff 4b89 | 4c13 f849 | 83c2 f84d | 8957 40e9 | 6ce8 ffff 
  0x0000022c07e52d88: 448b 551c | 4585 d20f | 84a0 d3ff | ff4d 8b5f | 2849 8bca | 48c1 e103 | 4d85 db0f | 8417 1a00 
  0x0000022c07e52da8: 004d 8b57 | 304b 894c | 1af8 4983 | c3f8 4d89 | 5f28 e976 | d3ff ff4d | 8b57 404d | 8b5f 48f0 
  0x0000022c07e52dc8: 8344 24c0 | 0080 3900 | 0f84 ead3 | ffff 4488 | 214d 85d2 | 751d 498b | d749 bac0 | 0769 57f9 
  0x0000022c07e52de8: 7f00 0041 

  0x0000022c07e52dec: ;   {other}
  0x0000022c07e52dec: ffd2 0f1f | 8400 0000 | 0000 e9c5 | d3ff ff4b | 894c 13f8 | 4983 c2f8 | 4d89 5740 | e9b3 d3ff 
  0x0000022c07e52e0c: ff4d 8b57 | 284b 8d0c | ec4d 85d2 | 0f84 1e1a | 0000 4d8b | 5f30 4b89 | 4c13 f849 | 83c2 f84d 
  0x0000022c07e52e2c: 8957 28e9 | 94eb ffff | 85db 0f84 | cfeb ffff | 4d8b 5728 | 4d85 d20f | 84cb 1f00 | 004d 8b5f 
  0x0000022c07e52e4c: 304b 897c | 13f8 4983 | c2f8 4d89 | 5728 e9ac | ebff ff44 | 8b1e 4585 | db0f 8406 | ecff ff4d 
  0x0000022c07e52e6c: 8b57 2849 | 8bcb 48c1 | e103 4d85 | d20f 84b9 | 1f00 004d | 8b5f 304b | 894c 13f8 | 4983 c2f8 
  0x0000022c07e52e8c: 4d89 5728 | e9dc ebff | ff4d 8b57 | 404d 8b5f | 48f0 8344 | 24c0 0080 | 3900 0f84 | a1eb ffff 
  0x0000022c07e52eac: 4488 214d | 85d2 751d | 498b d749 | bac0 0769 | 57f9 7f00 | 0041 ffd2 

  0x0000022c07e52ec4: ;   {other}
  0x0000022c07e52ec4: 0f1f 8400 | 0000 0000 | e97c ebff | ff4b 894c | 13f8 4983 | c2f8 4d89 | 5740 e96a 

  0x0000022c07e52ee0: ;   {metadata('java/lang/Float')}
  0x0000022c07e52ee0: ebff ff48 | ba30 c818 | 242c 0200 

  0x0000022c07e52eec: ;   {runtime_call _new_instance_Java}
  0x0000022c07e52eec: 0066 90e8 

  0x0000022c07e52ef0: ; ImmutableOopMap {rbp=Oop [32]=Oop [40]=NarrowOop [56]=NarrowOop [64]=Oop }
                      ;*new {reexecute=0 rethrow=0 return_oop=1}
                      ; - java.lang.Float::valueOf@0 (line 551)
                      ; - com.jme3.shader.UniformBindingManager::newFrame@8 (line 271)
                      ; - com.jme3.renderer.RenderManager::render@15 (line 1144)
                      ; - com.jme3.app.SimpleApplication::update@197 (line 272)
  0x0000022c07e52ef0: ecb0 72ff 

  0x0000022c07e52ef4: ;   {other}
  0x0000022c07e52ef4: 0f1f 8400 | 6c3a 003f | 4c8b c8e9 | 0ce6 ffff | c5fa 1144 | 243c 4489 

  0x0000022c07e52f0c: ;   {metadata('java/lang/Float')}
  0x0000022c07e52f0c: 5424 3848 | ba30 c818 | 242c 0200 

  0x0000022c07e52f18: ;   {runtime_call _new_instance_Java}
  0x0000022c07e52f18: 0066 90e8 

  0x0000022c07e52f1c: ; ImmutableOopMap {rbp=Oop [32]=Oop [40]=NarrowOop [56]=NarrowOop [64]=Oop }
                      ;*new {reexecute=0 rethrow=0 return_oop=1}
                      ; - java.lang.Float::valueOf@0 (line 551)
                      ; - com.jme3.shader.UniformBindingManager::newFrame@22 (line 272)
                      ; - com.jme3.renderer.RenderManager::render@15 (line 1144)
                      ; - com.jme3.app.SimpleApplication::update@197 (line 272)
  0x0000022c07e52f1c: c0b0 72ff 

  0x0000022c07e52f20: ;   {other}
  0x0000022c07e52f20: 0f1f 8400 | 983a 0040 | 448b 5424 | 38c5 fa10 | 4424 3c48 | 8bd8 e971 | e6ff ff42 | 8b54 8610 
  0x0000022c07e52f40: 85d2 0f84 | 0cf8 ffff | 4489 4424 | 4048 894c | 2438 4489 | 4c24 344c | 895c 2420 | 4c8b f045 
  0x0000022c07e52f60: 8bea 4d8b | 5728 488b | ca48 c1e1 | 034d 85d2 | 0f84 b61f | 0000 4d8b | 5f30 4b89 | 4c13 f849 
  0x0000022c07e52f80: 83c2 f84d | 8957 2845 | 8bd5 498b | c64c 8b5c | 2420 448b | 4c24 3448 | 8b4c 2438 | 448b 4424 
  0x0000022c07e52fa0: 40e9 aef7 | ffff 428b | 5483 1085 | d20f 84b3 | f6ff ff44 | 8944 2440 | 4889 4c24 | 3844 894c 
  0x0000022c07e52fc0: 2434 4c89 | 5c24 204c | 8be8 458b | f24d 8b57 | 2848 8bca | 48c1 e103 | 4d85 d20f | 8468 1f00 
  0x0000022c07e52fe0: 004d 8b5f | 304b 894c | 13f8 4983 | c2f8 4d89 | 5728 458b | d649 8bc5 | 4c8b 5c24 | 2044 8b4c 
  0x0000022c07e53000: 2434 488b | 4c24 3844 | 8b44 2440 | e955 f6ff | ff42 8b54 | 8610 85d2 | 0f84 94f8 

  0x0000022c07e5301c: ;   {no_reloc}
  0x0000022c07e5301c: ffff 4489 | 4424 4048 | 894c 2438 | 4489 4c24 | 344c 895c | 2420 4c8b | e845 8bf2 | 4d8b 5728 
  0x0000022c07e5303c: 488b ca48 | c1e1 034d | 85d2 0f84 | 1a1f 0000 | 4d8b 5f30 | 4b89 4c13 | f849 83c2 | f84d 8957 
  0x0000022c07e5305c: 2845 8bd6 | 498b c54c | 8b5c 2420 | 448b 4c24 | 3448 8b4c | 2438 448b | 4424 40e9 | 36f8 ffff 
  0x0000022c07e5307c: 448b 5424 | 2847 8b44 | d418 4585 | c00f 84c8 | ebff ff4d | 8b5f 2849 | 8bc8 48c1 | e103 4d85 
  0x0000022c07e5309c: db0f 84e0 | 1e00 004d | 8b47 304b | 894c 18f8 | 4983 c3f8 | 4d89 5f28 | e99e ebff | ff47 8b44 
  0x0000022c07e530bc: d414 4585 | c00f 84dd | ebff ff4d | 8b5f 2849 | 8bc8 48c1 | e103 4d85 | db0f 84cb | 1e00 004d 
  0x0000022c07e530dc: 8b47 304b | 894c 18f8 | 4983 c3f8 | 4d89 5f28 | e9b3 ebff | ff8b 7c24 | 2845 8b54 | fc18 4585 
  0x0000022c07e530fc: d20f 844b | edff ff4d | 8b5f 2849 | 8bca 48c1 | e103 4d85 | db0f 84cf | 1e00 004d | 8b57 304b 
  0x0000022c07e5311c: ;   {no_reloc}
  0x0000022c07e5311c: 894c 1af8 | 4983 c3f8 | 4d89 5f28 | e921 edff | ff45 8b5c | fc14 4585 | db0f 845c | edff ff4d 
  0x0000022c07e5313c: 8b57 2849 | 8bcb 48c1 | e103 4d85 | d20f 847a | 1e00 004d | 8b5f 304b | 894c 13f8 | 4983 c2f8 
  0x0000022c07e5315c: 4d89 5728 | e932 edff | ff4d 8b5f | 484d 8b47 | 40f0 8344 | 24c0 0080 | 3900 0f84 | 1deb ffff 
  0x0000022c07e5317c: 4488 214d | 85c0 7523 | 418b fa49 | 8bd7 49ba | c007 6957 | f97f 0000 

  0x0000022c07e53194: ;   {other}
  0x0000022c07e53194: 41ff d20f | 1f84 0000 | 0000 0044 | 8bd7 e9f2 | eaff ff4b | 894c 03f8 | 4983 c0f8 | 4d89 4740 
  0x0000022c07e531b4: e9e0 eaff | ff4d 8b57 | 484d 8b5f | 40f0 8344 | 24c0 0041 | 8038 000f | 84bb ecff | ff45 8820 
  0x0000022c07e531d4: 4d85 db75 | 2049 8bc8 | 498b d749 | bac0 0769 | 57f9 7f00 | 0041 ffd2 

  0x0000022c07e531ec: ;   {other}
  0x0000022c07e531ec: 0f1f 8400 | 0000 0000 | e993 ecff | ff4f 8944 | 1af8 4983 | c3f8 4d89 | 5f40 e981 | ecff ff45 
  0x0000022c07e5320c: 8b5c fc14 | 4585 db0f | 845a eeff | ff4d 8b57 | 2849 8bcb | 48c1 e103 | 4d85 d20f | 84d6 1d00 
  0x0000022c07e5322c: 004d 8b5f | 304b 894c | 13f8 4983 | c2f8 4d89 | 5728 e930 | eeff ff8b | 7c24 2c45 | 8b54 fc18 
  0x0000022c07e5324c: 4585 d20f | 84d1 edff | ff4d 8b5f | 2849 8bca | 48c1 e103 | 4d85 db0f | 84b7 1d00 | 004d 8b57 
  0x0000022c07e5326c: 304b 894c | 1af8 4983 | c3f8 4d89 | 5f28 e9a7 | edff ff8b | 7c24 2c45 | 8b5c fc18 | 4585 db0f 
  0x0000022c07e5328c: 8465 efff | ff4d 8b57 | 2849 8bcb | 48c1 e103 | 4d85 d20f | 8498 1d00 | 004d 8b5f | 304b 894c 
  0x0000022c07e532ac: 13f8 4983 | c2f8 4d89 | 5728 e93b | efff ff45 | 8b54 fc14 | 4585 d20f | 847a efff | ff4d 8b5f 
  0x0000022c07e532cc: 2849 8bca | 48c1 e103 | 4d85 db0f | 847d 1d00 | 004d 8b57 | 304b 894c | 1af8 4983 

  0x0000022c07e532e8: ;   {no_reloc}
  0x0000022c07e532e8: c3f8 4d89 | 5f28 e950 | efff ff4d | 8b57 484d | 8b5f 40f0 | 8344 24c0 | 0080 3900 | 0f84 5eed 
  0x0000022c07e53308: ffff 4488 | 214d 85db | 751d 498b | d749 bac0 | 0769 57f9 | 7f00 0041 

  0x0000022c07e53320: ;   {other}
  0x0000022c07e53320: ffd2 0f1f | 8400 0000 | 0000 e939 | edff ff4b | 894c 1af8 | 4983 c3f8 | 4d89 5f40 | e927 edff 
  0x0000022c07e53340: ff4d 8b57 | 484d 8b5f | 40f0 8344 | 24c0 0080 | 3900 0f84 | e0ee ffff | 4488 214d | 85db 751d 
  0x0000022c07e53360: 498b d749 | bac0 0769 | 57f9 7f00 | 0041 ffd2 

  0x0000022c07e53370: ;   {other}
  0x0000022c07e53370: 0f1f 8400 | 0000 0000 | e9bb eeff | ff4b 894c | 1af8 4983 | c3f8 4d89 | 5f40 e9a9 | eeff ff45 
  0x0000022c07e53390: 8b54 dc14 | 4585 d20f | 8462 f0ff | ff4d 8b5f | 2849 8bca | 48c1 e103 | 4d85 db0f | 84c6 1c00 
  0x0000022c07e533b0: 004d 8b57 | 304b 894c | 1af8 4983 | c3f8 4d89 | 5f28 e938 | f0ff ff8b | 5c24 2845 | 8b5c dc18 
  0x0000022c07e533d0: 4585 db0f | 84d9 efff | ff4d 8b57 | 2849 8bcb | 48c1 e103 | 4d85 d20f | 84a7 1c00 | 004d 8b5f 
  0x0000022c07e533f0: 304b 894c | 13f8 4983 | c2f8 4d89 | 5728 e9af | efff ff8b | 7c24 2845 | 8b54 fc18 | 4585 d20f 
  0x0000022c07e53410: 8475 f1ff | ff4d 8b5f | 2849 8bca | 48c1 e103 | 4d85 db0f | 84a5 1c00 | 004d 8b57 | 304b 894c 
  0x0000022c07e53430: 1af8 4983 | c3f8 4d89 | 5f28 e94b | f1ff ff45 | 8b5c fc14 | 4585 db0f | 848a f1ff | ff4d 8b57 
  0x0000022c07e53450: 2849 8bcb | 48c1 e103 | 4d85 d20f | 8450 1c00 | 004d 8b5f | 304b 894c | 13f8 4983 

  0x0000022c07e5346c: ;   {no_reloc}
  0x0000022c07e5346c: c2f8 4d89 | 5728 e960 | f1ff ff4d | 8b57 484d | 8b5f 40f0 | 8344 24c0 | 0080 3900 | 0f84 66ef 
  0x0000022c07e5348c: ffff 4488 | 214d 85db | 751d 498b | d749 bac0 | 0769 57f9 | 7f00 0041 

  0x0000022c07e534a4: ;   {other}
  0x0000022c07e534a4: ffd2 0f1f | 8400 0000 | 0000 e941 | efff ff4b | 894c 1af8 | 4983 c3f8 | 4d89 5f40 | e92f efff 
  0x0000022c07e534c4: ff4d 8b57 | 484d 8b5f | 40f0 8344 | 24c0 0080 | 3900 0f84 | f0f0 ffff | 4488 214d | 85db 751d 
  0x0000022c07e534e4: 498b d749 | bac0 0769 | 57f9 7f00 | 0041 ffd2 

  0x0000022c07e534f4: ;   {other}
  0x0000022c07e534f4: 0f1f 8400 | 0000 0000 | e9cb f0ff | ff4b 894c | 1af8 4983 | c3f8 4d89 | 5f40 e9b9 | f0ff ff85 
  0x0000022c07e53514: db0f 84fa | f5ff ff4d | 8b57 284d | 85d2 0f84 | 281c 0000 | 4d8b 5f30 | 4b89 7c13 | f849 83c2 
  0x0000022c07e53534: f84d 8957 | 28e9 d7f5 | ffff 448b | 1645 85d2 | 0f84 3cf6 | ffff 4d8b | 5f28 498b | ca48 c1e1 
  0x0000022c07e53554: 034d 85db | 0f84 121c | 0000 4d8b | 5730 4b89 | 4c1a f849 | 83c3 f84d | 895f 28e9 | 12f6 ffff 
  0x0000022c07e53574: 4d8b 5740 | 4d8b 5f48 | f083 4424 | c000 8039 | 000f 84d7 | f5ff ff44 | 8821 4d85 | d275 1d49 
  0x0000022c07e53594: 8bd7 49ba | c007 6957 | f97f 0000 

  0x0000022c07e535a0: ;   {other}
  0x0000022c07e535a0: 41ff d20f | 1f84 0000 | 0000 00e9 | b2f5 ffff | 4b89 4c13 | f849 83c2 | f84d 8957 | 40e9 a0f5 
  0x0000022c07e535c0: ffff 448b | 531c 4585 | d20f 84d2 | c9ff ff4d | 8b5f 2849 | 8bca 48c1 | e103 4d85 | db0f 8406 
  0x0000022c07e535e0: 1c00 004d | 8b57 304b | 894c 1af8 | 4983 c3f8 | 4d89 5f28 | e9a8 c9ff | ff44 8b43 | 1045 85c0 
  0x0000022c07e53600: 742f 4489 | 5424 204d | 8b57 2849 | 8bc8 48c1 | e103 4d85 | d20f 84b1 | 1b00 004d | 8b5f 304b 
  0x0000022c07e53620: 894c 13f8 | 4983 c2f8 | 4d89 5728 | 448b 5424 | 2044 8994 | 2488 0000 | 00e9 18c9 | ffff 458b 
  0x0000022c07e53640: 1e45 85db | 0f84 c1c9 | ffff 4d8b | 5728 498b | cb48 c1e1 | 034d 85d2 | 0f84 a81b | 0000 4d8b 
  0x0000022c07e53660: 5f30 4b89 | 4c13 f849 | 83c2 f84d | 8957 28e9 | 97c9 ffff | 4d8b 5740 | 4d8b 5f48 | f083 4424 
  0x0000022c07e53680: c000 8039 | 000f 8405 | c9ff ff44 | 8821 4d85 | d275 1d49 | 8bd7 49ba | c007 6957 | f97f 0000 
  0x0000022c07e536a0: ;   {no_reloc}
  0x0000022c07e536a0: 41ff d20f | 1f84 0000 | 0000 00e9 | e0c8 ffff | 4b89 4c13 | f849 83c2 | f84d 8957 | 40e9 cec8 
  0x0000022c07e536c0: ffff 4d8b | 5740 4d8b | 5f48 f083 | 4424 c000 | 8039 000f | 8468 c9ff | ff44 8821 | 4d85 d275 
  0x0000022c07e536e0: 1d49 8bd7 | 49ba c007 | 6957 f97f | 0000 41ff 

  0x0000022c07e536f0: ;   {other}
  0x0000022c07e536f0: d20f 1f84 | 0000 0000 | 00e9 43c9 | ffff 4b89 | 4c13 f849 | 83c2 f84d | 8957 40e9 | 31c9 ffff 
  0x0000022c07e53710: 4d8b 5740 | 4d8b 5f48 | f083 4424 | c000 8039 | 000f 84b9 | c8ff ff44 | 8821 4d85 | d275 1d49 
  0x0000022c07e53730: 8bd7 49ba | c007 6957 | f97f 0000 

  0x0000022c07e5373c: ;   {other}
  0x0000022c07e5373c: 41ff d20f | 1f84 0000 | 0000 00e9 | 94c8 ffff | 4b89 4c13 | f849 83c2 | f84d 8957 | 40e9 82c8 
  0x0000022c07e5375c: ffff 448b | d547 8b5c | d418 4585 | db0f 84ca | e3ff ff4d | 8b47 2849 | 8bcb 48c1 | e103 4d85 
  0x0000022c07e5377c: c00f 84a0 | 1a00 004d | 8b5f 304b | 894c 03f8 | 4983 c0f8 | 4d89 4728 | e9a0 e3ff | ff8b fd45 
  0x0000022c07e5379c: 8b54 fc18 | 4585 d20f | 8487 e5ff | ff4d 8b5f | 2849 8bca | 48c1 e103 | 4d85 db0f | 8486 1a00 
  0x0000022c07e537bc: 004d 8b57 | 304b 894c | 1af8 4983 | c3f8 4d89 | 5f28 e95d | e5ff ff8b | fd45 8b5c | fc18 4585 
  0x0000022c07e537dc: db0f 8435 | e7ff ff4d | 8b57 2849 | 8bcb 48c1 | e103 4d85 | d20f 8469 | 1a00 004d | 8b5f 304b 
  0x0000022c07e537fc: 894c 13f8 | 4983 c2f8 | 4d89 5728 | e90b e7ff | ff8b fd45 | 8b54 fc18 | 4585 d20f | 84c7 e8ff 
  0x0000022c07e5381c: ff4d 8b5f | 2849 8bca | 48c1 e103 | 4d85 db0f | 844c 1a00 | 004d 8b57 | 304b 894c | 1af8 4983 
  0x0000022c07e5383c: ;   {no_reloc}
  0x0000022c07e5383c: c3f8 4d89 | 5f28 e99d | e8ff ff8b | dd45 8b54 | dc18 4585 | d20f 8455 | eaff ff4d | 8b5f 2849 
  0x0000022c07e5385c: 8bca 48c1 | e103 4d85 | db0f 842f | 1a00 004d | 8b57 304b | 894c 1af8 | 4983 c3f8 | 4d89 5f28 
  0x0000022c07e5387c: e92b eaff | ff8b fd45 | 8b5c fc18 | 4585 db0f | 84f3 ebff | ff4d 8b57 | 2849 8bcb | 48c1 e103 
  0x0000022c07e5389c: 4d85 d20f | 8412 1a00 | 004d 8b5f | 304b 894c | 13f8 4983 | c2f8 4d89 | 5728 e9c9 | ebff ffba 
  0x0000022c07e538bc: e4ff ffff | 4c8b 5424 | 384c 8954 | 2428 8944 

  0x0000022c07e538cc: ;   {runtime_call UncommonTrapBlob}
  0x0000022c07e538cc: 244c 90e8 

  0x0000022c07e538d0: ; ImmutableOopMap {rbp=Oop [40]=Oop [48]=Oop [80]=NarrowOop [84]=NarrowOop [88]=Oop [96]=NarrowOop }
                      ;*aaload {reexecute=0 rethrow=0 return_oop=0}
                      ; - java.lang.ThreadLocal$ThreadLocalMap::set@76 (line 551)
                      ; - java.lang.ThreadLocal::set@13 (line 265)
                      ; - java.lang.ThreadLocal::set@5 (line 251)
                      ; - com.jme3.audio.AudioContext::setAudioRenderer@4 (line 44)
                      ; - com.jme3.app.LegacyApplication::update@4 (line 712)
                      ; - com.jme3.app.SimpleApplication::update@20 (line 246)
  0x0000022c07e538d0: 8c0a 65ff 

  0x0000022c07e538d4: ;   {other}
  0x0000022c07e538d4: 0f1f 8400 | 4c44 0041 | ba45 ffff | ffc5 fa10 | 4424 30c5 | fa11 4424 | 2844 8b54 | 2434 4489 
  0x0000022c07e538f4: 5424 2c89 

  0x0000022c07e538f8: ;   {runtime_call UncommonTrapBlob}
  0x0000022c07e538f8: 4424 48e8 

  0x0000022c07e538fc: ; ImmutableOopMap {rbp=NarrowOop [32]=Oop [44]=NarrowOop [56]=Oop [80]=NarrowOop }
                      ;*ifeq {reexecute=1 rethrow=0 return_oop=0}
                      ; - (reexecute) com.jme3.app.state.AppStateManager::render@34 (line 368)
                      ; - com.jme3.app.SimpleApplication::update@161 (line 269)
  0x0000022c07e538fc: 600a 65ff 

  0x0000022c07e53900: ;   {other}
  0x0000022c07e53900: 0f1f 8400 | 7844 0042 | ba45 ffff | ffc5 fa10 | 4424 30c5 | fa11 4424 | 2844 8b5c | 2444 4489 
  0x0000022c07e53920: 5c24 2c89 

  0x0000022c07e53924: ;   {runtime_call UncommonTrapBlob}
  0x0000022c07e53924: 4424 44e8 

  0x0000022c07e53928: ; ImmutableOopMap {rbp=NarrowOop [32]=Oop [56]=Oop [80]=NarrowOop }
                      ;*ifeq {reexecute=1 rethrow=0 return_oop=0}
                      ; - (reexecute) com.jme3.app.state.AppStateManager::postRender@32 (line 380)
                      ; - com.jme3.app.SimpleApplication::update@212 (line 274)
  0x0000022c07e53928: 340a 65ff 

  0x0000022c07e5392c: ;   {other}
  0x0000022c07e5392c: 0f1f 8400 | a444 0043 | 4889 6c24 | 784c 896c | 2470 4889 | 7424 6048 | ff74 2468 | 488f 4424 
  0x0000022c07e5394c: 4044 8954 | 243c 4489 | 7424 3844 | 8b54 2454 | 4489 5424 | 244c 8b54 | 2458 4c89 | 5424 3048 
  0x0000022c07e5396c: 897c 2428 | 448b 5424 | 5044 8954 | 2420 488b 

  0x0000022c07e5397c: ;   {metadata('java/lang/ThreadLocal$ThreadLocalMap$Entry')}
  0x0000022c07e5397c: 6c24 4848 | ba68 d92f | 242c 0200 | 0048 8974 

  0x0000022c07e5398c: ;   {runtime_call _new_instance_Java}
  0x0000022c07e5398c: 2458 90e8 

  0x0000022c07e53990: ; ImmutableOopMap {rbp=Oop [32]=NarrowOop [36]=NarrowOop [40]=Oop [48]=Oop [56]=NarrowOop [64]=Oop [72]=Oop [88]=Oop [96]=Oop [112]=Oop }
                      ;*new {reexecute=0 rethrow=0 return_oop=1}
                      ; - java.lang.ThreadLocal$ThreadLocalMap::set@85 (line 563)
                      ; - java.lang.ThreadLocal::set@13 (line 265)
                      ; - java.lang.ThreadLocal::set@5 (line 251)
                      ; - com.jme3.audio.AudioContext::setAudioRenderer@4 (line 44)
                      ; - com.jme3.app.LegacyApplication::update@4 (line 712)
                      ; - com.jme3.app.SimpleApplication::update@20 (line 246)
  0x0000022c07e53990: 4ca6 72ff 

  0x0000022c07e53994: ;   {other}
  0x0000022c07e53994: 0f1f 8400 | 0c45 0044 | 448b 5c24 | 2044 895c | 2450 488b | 7c24 284c | 8b5c 2430 | 4c89 5c24 
  0x0000022c07e539b4: 5844 8b5c | 2424 4489 | 5c24 5444 | 8b74 2438 | 448b 5c24 | 3c48 ff74 | 2440 488f | 4424 6848 
  0x0000022c07e539d4: 8b74 2460 | 4c8b 6c24 | 7048 8b6c | 2478 488b | d845 8bd3 | e94b c5ff | ffba e4ff | ffff c5fa 
  0x0000022c07e539f4: 104c 2430 | c5f8 28c1 | c5fa 1144 | 242c 4489 | 5424 3089 | 7c24 3c89 | 5c24 4089 

  0x0000022c07e53a10: ;   {runtime_call UncommonTrapBlob}
  0x0000022c07e53a10: 5c24 44e8 

  0x0000022c07e53a14: ; ImmutableOopMap {[32]=Oop [48]=NarrowOop [60]=NarrowOop }
                      ;*invokestatic checkIndex {reexecute=0 rethrow=0 return_oop=0}
                      ; - java.util.Objects::checkIndex@3 (line 365)
                      ; - java.util.ArrayList::get@5 (line 428)
                      ; - com.jme3.renderer.RenderManager::render@125 (line 1156)
                      ; - com.jme3.app.SimpleApplication::update@197 (line 272)
  0x0000022c07e53a14: 4809 65ff 

  0x0000022c07e53a18: ;   {other}
  0x0000022c07e53a18: 0f1f 8400 | 9045 0045 | bae4 ffff | ff48 8b6c | 2420 c5fa | 1044 2430 | c5fa 1144 | 2424 4489 
  0x0000022c07e53a38: 5424 2844 | 8b5c 2434 | 4489 5c24 | 2c89 5c24 | 3089 7c24 | 3c89 4c24 | 4044 8944 | 2444 894c 
  0x0000022c07e53a58: ;   {runtime_call UncommonTrapBlob}
  0x0000022c07e53a58: 2448 90e8 

  0x0000022c07e53a5c: ; ImmutableOopMap {rbp=Oop [40]=NarrowOop [60]=NarrowOop [68]=NarrowOop }
                      ;*aaload {reexecute=0 rethrow=0 return_oop=0}
                      ; - java.util.ArrayList::elementData@5 (line 412)
                      ; - java.util.ArrayList::get@11 (line 429)
                      ; - com.jme3.renderer.RenderManager::render@125 (line 1156)
                      ; - com.jme3.app.SimpleApplication::update@197 (line 272)
  0x0000022c07e53a5c: 0009 65ff 

  0x0000022c07e53a60: ;   {other}
  0x0000022c07e53a60: 0f1f 8400 | d845 0046 | bacc ffff | ffc5 fa10 | 4424 30c5 | fa11 4424 | 2c44 8954 | 2430 897c 
  0x0000022c07e53a80: 243c 895c | 2440 895c 

  0x0000022c07e53a88: ;   {runtime_call UncommonTrapBlob}
  0x0000022c07e53a88: 2444 90e8 

  0x0000022c07e53a8c: ; ImmutableOopMap {[32]=Oop [48]=NarrowOop [60]=NarrowOop }
                      ;*invokestatic checkIndex {reexecute=0 rethrow=0 return_oop=0}
                      ; - java.util.Objects::checkIndex@3 (line 365)
                      ; - java.util.ArrayList::get@5 (line 428)
                      ; - com.jme3.renderer.RenderManager::render@125 (line 1156)
                      ; - com.jme3.app.SimpleApplication::update@197 (line 272)
  0x0000022c07e53a8c: d008 65ff 

  0x0000022c07e53a90: ;   {other}
  0x0000022c07e53a90: 0f1f 8400 | 0846 0047 | baf6 ffff 

  0x0000022c07e53a9c: ;   {runtime_call UncommonTrapBlob}
  0x0000022c07e53a9c: ff66 90e8 

  0x0000022c07e53aa0: ; ImmutableOopMap {[72]=Oop }
                      ;*invokevirtual poll {reexecute=0 rethrow=0 return_oop=0}
                      ; - com.jme3.app.LegacyApplication::runQueuedTasks@4 (line 699)
                      ; - com.jme3.app.LegacyApplication::update@27 (line 715)
                      ; - com.jme3.app.SimpleApplication::update@20 (line 246)
  0x0000022c07e53aa0: bc08 65ff 

  0x0000022c07e53aa4: ;   {other}
  0x0000022c07e53aa4: 0f1f 8400 | 1c46 0048 | baec ffff 

  0x0000022c07e53ab0: ;   {runtime_call UncommonTrapBlob}
  0x0000022c07e53ab0: ff66 90e8 

  0x0000022c07e53ab4: ; ImmutableOopMap {rbp=NarrowOop [72]=Oop }
                      ;*ifnull {reexecute=1 rethrow=0 return_oop=0}
                      ; - (reexecute) com.jme3.app.SimpleApplication::update@4 (line 244)
  0x0000022c07e53ab4: a808 65ff 

  0x0000022c07e53ab8: ;   {other}
  0x0000022c07e53ab8: 0f1f 8400 | 3046 0049 | bade ffff | ff4c 8b54 | 2448 4c89 | 5424 2844 | 8b5c 2450 | 458b d344 
  0x0000022c07e53ad8: 8954 2434 

  0x0000022c07e53adc: ;   {runtime_call UncommonTrapBlob}
  0x0000022c07e53adc: 6666 90e8 

  0x0000022c07e53ae0: ; ImmutableOopMap {rbp=NarrowOop [40]=Oop [52]=NarrowOop [72]=Oop [80]=NarrowOop }
                      ;*invokevirtual set {reexecute=0 rethrow=0 return_oop=0}
                      ; - com.jme3.audio.AudioContext::setAudioRenderer@4 (line 44)
                      ; - com.jme3.app.LegacyApplication::update@4 (line 712)
                      ; - com.jme3.app.SimpleApplication::update@20 (line 246)
  0x0000022c07e53ae0: 7c08 65ff 

  0x0000022c07e53ae4: ;   {other}
  0x0000022c07e53ae4: 0f1f 8400 | 5c46 004a | bae4 ffff | ff48 8b6c | 2448 4889 | 7c24 3048 | 897c 2438 | 4489 4c24 
  0x0000022c07e53b04: 4444 8b44 | 2450 4489 | 4424 4844 | 8954 246c | 4489 7424 

  0x0000022c07e53b18: ;   {runtime_call UncommonTrapBlob}
  0x0000022c07e53b18: 7066 90e8 

  0x0000022c07e53b1c: ; ImmutableOopMap {rbp=Oop [48]=Oop [56]=Oop [72]=NarrowOop [84]=NarrowOop [88]=Oop [112]=NarrowOop }
                      ;*aaload {reexecute=0 rethrow=0 return_oop=0}
                      ; - java.lang.ThreadLocal$ThreadLocalMap::set@23 (line 549)
                      ; - java.lang.ThreadLocal::set@13 (line 265)
                      ; - java.lang.ThreadLocal::set@5 (line 251)
                      ; - com.jme3.audio.AudioContext::setAudioRenderer@4 (line 44)
                      ; - com.jme3.app.LegacyApplication::update@4 (line 712)
                      ; - com.jme3.app.SimpleApplication::update@20 (line 246)
  0x0000022c07e53b1c: 4008 65ff 

  0x0000022c07e53b20: ;   {other}
  0x0000022c07e53b20: 0f1f 8400 | 9846 004b | baec ffff 

  0x0000022c07e53b2c: ;   {runtime_call UncommonTrapBlob}
  0x0000022c07e53b2c: ff66 90e8 

  0x0000022c07e53b30: ; ImmutableOopMap {rbp=NarrowOop [72]=Oop }
                      ;*ifnull {reexecute=1 rethrow=0 return_oop=0}
                      ; - (reexecute) com.jme3.app.LegacyApplication::update@11 (line 714)
                      ; - com.jme3.app.SimpleApplication::update@20 (line 246)
  0x0000022c07e53b30: 2c08 65ff 

  0x0000022c07e53b34: ;   {other}
  0x0000022c07e53b34: 0f1f 8400 | ac46 004c | 458b 5cec | 1033 ed45 | 85c9 400f | 9fc5 ba45 | ffff ff4c | 8b44 2448 
  0x0000022c07e53b54: 4c89 4424 | 2844 8954 | 2440 4489 | 5c24 4489 

  0x0000022c07e53b64: ;   {runtime_call UncommonTrapBlob}
  0x0000022c07e53b64: 7424 48e8 

  0x0000022c07e53b68: ; ImmutableOopMap {[40]=Oop [64]=NarrowOop [68]=NarrowOop [72]=NarrowOop }
                      ;*ifeq {reexecute=1 rethrow=0 return_oop=0}
                      ; - (reexecute) com.jme3.input.InputManager::invokeUpdateActions@96 (line 221)
                      ; - com.jme3.input.InputManager::update@106 (line 918)
                      ; - com.jme3.app.LegacyApplication::update@91 (line 724)
                      ; - com.jme3.app.SimpleApplication::update@20 (line 246)
  0x0000022c07e53b68: f407 65ff 

  0x0000022c07e53b6c: ;   {other}
  0x0000022c07e53b6c: 0f1f 8400 | e446 004d | baf6 ffff | ff4c 8944 | 2428 c5fa | 114c 2430 

  0x0000022c07e53b84: ;   {runtime_call UncommonTrapBlob}
  0x0000022c07e53b84: 6666 90e8 

  0x0000022c07e53b88: ; ImmutableOopMap {[40]=Oop [72]=Oop }
                      ;*monitorenter {reexecute=0 rethrow=0 return_oop=0}
                      ; - com.jme3.audio.openal.ALAudioRenderer::update@6 (line 849)
                      ; - com.jme3.app.LegacyApplication::update@131 (line 729)
                      ; - com.jme3.app.SimpleApplication::update@20 (line 246)
  0x0000022c07e53b88: d407 65ff 

  0x0000022c07e53b8c: ;   {other}
  0x0000022c07e53b8c: 0f1f 8400 | 0447 004e | baf6 ffff | ff49 8bea | c5fa 1144 

  0x0000022c07e53ba0: ;   {runtime_call UncommonTrapBlob}
  0x0000022c07e53ba0: 2424 90e8 

  0x0000022c07e53ba4: ; ImmutableOopMap {rbp=Oop }
                      ;*invokevirtual update {reexecute=0 rethrow=0 return_oop=0}
                      ; - com.jme3.app.SimpleApplication::update@77 (line 255)
  0x0000022c07e53ba4: b807 65ff 

  0x0000022c07e53ba8: ;   {other}
  0x0000022c07e53ba8: 0f1f 8400 | 2047 004f | baf6 ffff | ff48 8b6c | 2420 8974 | 2424 897c 

  0x0000022c07e53bc0: ;   {runtime_call UncommonTrapBlob}
  0x0000022c07e53bc0: 242c 90e8 

  0x0000022c07e53bc4: ; ImmutableOopMap {rbp=Oop [36]=NarrowOop [44]=NarrowOop }
                      ;*monitorenter {reexecute=0 rethrow=0 return_oop=0}
                      ; - com.jme3.app.state.AppStateManager::getStates@6 (line 126)
                      ; - com.jme3.app.state.AppStateManager::render@1 (line 366)
                      ; - com.jme3.app.SimpleApplication::update@161 (line 269)
  0x0000022c07e53bc4: 9807 65ff 

  0x0000022c07e53bc8: ;   {other}
  0x0000022c07e53bc8: 0f1f 8400 | 4047 0050 | baf6 ffff | ff48 8b6c | 2420 c5fa | 104c 2430 | c5f8 28c1 | c5fa 1144 
  0x0000022c07e53be8: 2424 4489 | 4424 2844 | 894c 242c | 4489 5424 

  0x0000022c07e53bf8: ;   {runtime_call UncommonTrapBlob}
  0x0000022c07e53bf8: 3466 90e8 

  0x0000022c07e53bfc: ; ImmutableOopMap {rbp=Oop [40]=NarrowOop [52]=NarrowOop }
                      ;*invokevirtual getTimeInSeconds {reexecute=0 rethrow=0 return_oop=0}
                      ; - com.jme3.shader.UniformBindingManager::newFrame@5 (line 271)
                      ; - com.jme3.renderer.RenderManager::render@15 (line 1144)
                      ; - com.jme3.app.SimpleApplication::update@197 (line 272)
  0x0000022c07e53bfc: 6007 65ff 

  0x0000022c07e53c00: ;   {other}
  0x0000022c07e53c00: 0f1f 8400 | 7847 0051 | bae4 ffff | ffc5 fa10 | 4c24 30c5 | f828 c1c5 | fa11 4424 | 2c44 8954 
  0x0000022c07e53c20: 2430 895c | 243c 897c | 2440 897c 

  0x0000022c07e53c2c: ;   {runtime_call UncommonTrapBlob}
  0x0000022c07e53c2c: 2444 90e8 

  0x0000022c07e53c30: ; ImmutableOopMap {[32]=Oop [48]=NarrowOop [60]=NarrowOop }
                      ;*invokestatic checkIndex {reexecute=0 rethrow=0 return_oop=0}
                      ; - java.util.Objects::checkIndex@3 (line 365)
                      ; - java.util.ArrayList::get@5 (line 428)
                      ; - com.jme3.renderer.RenderManager::render@195 (line 1164)
                      ; - com.jme3.app.SimpleApplication::update@197 (line 272)
  0x0000022c07e53c30: 2c07 65ff 

  0x0000022c07e53c34: ;   {other}
  0x0000022c07e53c34: 0f1f 8400 | ac47 0052 | bae4 ffff | ff48 8b6c | 2420 c5fa | 104c 2430 | c5f8 28c1 | c5fa 1144 
  0x0000022c07e53c54: 2424 4489 | 5424 2844 | 8b54 2434 | 4489 5424 | 2c89 7c24 | 3089 5c24 | 3c89 4c24 | 4044 8944 
  0x0000022c07e53c74: 2444 894c 

  0x0000022c07e53c78: ;   {runtime_call UncommonTrapBlob}
  0x0000022c07e53c78: 2448 90e8 

  0x0000022c07e53c7c: ; ImmutableOopMap {rbp=Oop [40]=NarrowOop [60]=NarrowOop [68]=NarrowOop }
                      ;*aaload {reexecute=0 rethrow=0 return_oop=0}
                      ; - java.util.ArrayList::elementData@5 (line 412)
                      ; - java.util.ArrayList::get@11 (line 429)
                      ; - com.jme3.renderer.RenderManager::render@195 (line 1164)
                      ; - com.jme3.app.SimpleApplication::update@197 (line 272)
  0x0000022c07e53c7c: e006 65ff 

  0x0000022c07e53c80: ;   {other}
  0x0000022c07e53c80: 0f1f 8400 | f847 0053 | baf6 ffff | ff48 8b6c | 2420 897c 

  0x0000022c07e53c94: ;   {runtime_call UncommonTrapBlob}
  0x0000022c07e53c94: 2428 90e8 

  0x0000022c07e53c98: ; ImmutableOopMap {rbp=Oop [40]=NarrowOop }
                      ;*monitorenter {reexecute=0 rethrow=0 return_oop=0}
                      ; - com.jme3.app.state.AppStateManager::getStates@6 (line 126)
                      ; - com.jme3.app.state.AppStateManager::postRender@1 (line 378)
                      ; - com.jme3.app.SimpleApplication::update@212 (line 274)
  0x0000022c07e53c98: c406 65ff 

  0x0000022c07e53c9c: ;   {other}
  0x0000022c07e53c9c: 0f1f 8400 | 1448 0054 | baec ffff 

  0x0000022c07e53ca8: ;   {runtime_call UncommonTrapBlob}
  0x0000022c07e53ca8: ff66 90e8 

  0x0000022c07e53cac: ; ImmutableOopMap {rbp=NarrowOop [72]=Oop }
                      ;*ifnull {reexecute=1 rethrow=0 return_oop=0}
                      ; - (reexecute) com.jme3.app.LegacyApplication::update@65 (line 723)
                      ; - com.jme3.app.SimpleApplication::update@20 (line 246)
  0x0000022c07e53cac: b006 65ff 

  0x0000022c07e53cb0: ;   {other}
  0x0000022c07e53cb0: 0f1f 8400 | 2848 0055 | bade ffff | ff44 8944 | 2430 c5fa | 114c 2434 

  0x0000022c07e53cc8: ;   {runtime_call UncommonTrapBlob}
  0x0000022c07e53cc8: 6666 90e8 

  0x0000022c07e53ccc: ; ImmutableOopMap {rbp=NarrowOop [48]=NarrowOop [72]=Oop }
                      ;*invokeinterface getInputTimeNanos {reexecute=0 rethrow=0 return_oop=0}
                      ; - com.jme3.input.InputManager::update@25 (line 901)
                      ; - com.jme3.app.LegacyApplication::update@91 (line 724)
                      ; - com.jme3.app.SimpleApplication::update@20 (line 246)
  0x0000022c07e53ccc: 9006 65ff 

  0x0000022c07e53cd0: ;   {other}
  0x0000022c07e53cd0: 0f1f 8400 | 4848 0056 | bade ffff | ff44 8954 | 2428 c5fa | 1044 2430 | c5fa 1144 | 242c 4889 
  0x0000022c07e53cf0: 4424 3044 | 8944 2438 

  0x0000022c07e53cf8: ;   {runtime_call UncommonTrapBlob}
  0x0000022c07e53cf8: 6666 90e8 

  0x0000022c07e53cfc: ; ImmutableOopMap {[40]=NarrowOop [56]=NarrowOop [72]=Oop }
                      ;*invokeinterface update {reexecute=0 rethrow=0 return_oop=0}
                      ; - com.jme3.input.InputManager::update@50 (line 906)
                      ; - com.jme3.app.LegacyApplication::update@91 (line 724)
                      ; - com.jme3.app.SimpleApplication::update@20 (line 246)
  0x0000022c07e53cfc: 6006 65ff 

  0x0000022c07e53d00: ;   {other}
  0x0000022c07e53d00: 0f1f 8400 | 7848 0057 | bade ffff | ff44 8954 | 2428 c5fa | 104c 2430 | c5fa 114c | 242c 4889 
  0x0000022c07e53d20: 4424 304c | 895c 2438 | 894c 2440 

  0x0000022c07e53d2c: ;   {runtime_call UncommonTrapBlob}
  0x0000022c07e53d2c: 6666 90e8 

  0x0000022c07e53d30: ; ImmutableOopMap {[40]=NarrowOop [56]=Oop [64]=NarrowOop [72]=Oop }
                      ;*invokeinterface isEmpty {reexecute=0 rethrow=0 return_oop=0}
                      ; - com.jme3.input.lwjgl.GlfwKeyInput::update@15 (line 160)
                      ; - com.jme3.input.InputManager::update@50 (line 906)
                      ; - com.jme3.app.LegacyApplication::update@91 (line 724)
                      ; - com.jme3.app.SimpleApplication::update@20 (line 246)
  0x0000022c07e53d30: 2c06 65ff 

  0x0000022c07e53d34: ;   {other}
  0x0000022c07e53d34: 0f1f 8400 | ac48 0058 | bade ffff | ff44 8954 | 2434 4889 

  0x0000022c07e53d48: ;   {runtime_call UncommonTrapBlob}
  0x0000022c07e53d48: 4424 38e8 

  0x0000022c07e53d4c: ; ImmutableOopMap {rbp=NarrowOop [52]=NarrowOop [72]=Oop }
                      ;*invokeinterface update {reexecute=0 rethrow=0 return_oop=0}
                      ; - com.jme3.input.InputManager::update@59 (line 907)
                      ; - com.jme3.app.LegacyApplication::update@91 (line 724)
                      ; - com.jme3.app.SimpleApplication::update@20 (line 246)
  0x0000022c07e53d4c: 1006 65ff 

  0x0000022c07e53d50: ;   {other}
  0x0000022c07e53d50: 0f1f 8400 | c848 0059 | bade ffff | ff44 8954 | 2428 c5fa | 104c 2430 | c5fa 114c | 242c 4889 
  0x0000022c07e53d70: 4424 304c | 895c 2438 | 4489 4424 

  0x0000022c07e53d7c: ;   {runtime_call UncommonTrapBlob}
  0x0000022c07e53d7c: 4066 90e8 

  0x0000022c07e53d80: ; ImmutableOopMap {[40]=NarrowOop [56]=Oop [64]=NarrowOop [72]=Oop }
                      ;*invokeinterface isEmpty {reexecute=0 rethrow=0 return_oop=0}
                      ; - com.jme3.input.lwjgl.GlfwMouseInput::update@106 (line 297)
                      ; - com.jme3.input.InputManager::update@59 (line 907)
                      ; - com.jme3.app.LegacyApplication::update@91 (line 724)
                      ; - com.jme3.app.SimpleApplication::update@20 (line 246)
  0x0000022c07e53d80: dc05 65ff 

  0x0000022c07e53d84: ;   {other}
  0x0000022c07e53d84: 0f1f 8400 | fc48 005a | bade ffff | ff44 8954 | 2428 c5fa | 1044 2430 | c5fa 1144 | 242c 4889 
  0x0000022c07e53da4: 4424 304c | 895c 2438 | 894c 2440 

  0x0000022c07e53db0: ;   {runtime_call UncommonTrapBlob}
  0x0000022c07e53db0: 6666 90e8 

  0x0000022c07e53db4: ; ImmutableOopMap {[40]=NarrowOop [56]=Oop [64]=NarrowOop [72]=Oop }
                      ;*invokeinterface isEmpty {reexecute=0 rethrow=0 return_oop=0}
                      ; - com.jme3.input.lwjgl.GlfwMouseInput::update@142 (line 301)
                      ; - com.jme3.input.InputManager::update@59 (line 907)
                      ; - com.jme3.app.LegacyApplication::update@91 (line 724)
                      ; - com.jme3.app.SimpleApplication::update@20 (line 246)
  0x0000022c07e53db4: a805 65ff 

  0x0000022c07e53db8: ;   {other}
  0x0000022c07e53db8: 0f1f 8400 | 3049 005b | baec ffff | ff44 8954 | 2434 4889 

  0x0000022c07e53dcc: ;   {runtime_call UncommonTrapBlob}
  0x0000022c07e53dcc: 4424 38e8 

  0x0000022c07e53dd0: ; ImmutableOopMap {rbp=NarrowOop [52]=NarrowOop [72]=Oop }
                      ;*ifnull {reexecute=1 rethrow=0 return_oop=0}
                      ; - (reexecute) com.jme3.input.InputManager::update@84 (line 911)
                      ; - com.jme3.app.LegacyApplication::update@91 (line 724)
                      ; - com.jme3.app.SimpleApplication::update@20 (line 246)
  0x0000022c07e53dd0: 8c05 65ff 

  0x0000022c07e53dd4: ;   {other}
  0x0000022c07e53dd4: 0f1f 8400 | 4c49 005c | bae4 ffff | ff4c 8b5c | 2448 4c89 | 5c24 2844 | 8954 2440 | 4489 4c24 
  0x0000022c07e53df4: ;   {runtime_call UncommonTrapBlob}
  0x0000022c07e53df4: 4866 90e8 

  0x0000022c07e53df8: ; ImmutableOopMap {rbp=NarrowOop [40]=Oop [64]=NarrowOop [72]=NarrowOop }
                      ;*aaload {reexecute=0 rethrow=0 return_oop=0}
                      ; - com.jme3.util.IntMap$IntMapIterator::beginUse@9 (line 249)
                      ; - com.jme3.util.IntMap::iterator@10 (line 224)
                      ; - com.jme3.input.InputManager::invokeUpdateActions@4 (line 210)
                      ; - com.jme3.input.InputManager::update@106 (line 918)
                      ; - com.jme3.app.LegacyApplication::update@91 (line 724)
                      ; - com.jme3.app.SimpleApplication::update@20 (line 246)
  0x0000022c07e53df8: 6405 65ff 

  0x0000022c07e53dfc: ;   {other}
  0x0000022c07e53dfc: 0f1f 8400 | 7449 005d | bae4 ffff | ff48 8b5c | 2448 4889 | 5c24 2844 | 8954 2440 | 8974 2448 
  0x0000022c07e53e1c: 4489 4424 | 4c44 895c | 2450 894c | 2454 4489 

  0x0000022c07e53e2c: ;   {runtime_call UncommonTrapBlob}
  0x0000022c07e53e2c: 4c24 58e8 

  0x0000022c07e53e30: ; ImmutableOopMap {rbp=NarrowOop [40]=Oop [64]=NarrowOop [72]=NarrowOop [84]=NarrowOop [88]=NarrowOop }
                      ;*aaload {reexecute=0 rethrow=0 return_oop=0}
                      ; - com.jme3.util.IntMap$IntMapIterator::beginUse@9 (line 249)
                      ; - com.jme3.util.IntMap::iterator@10 (line 224)
                      ; - com.jme3.input.InputManager::invokeUpdateActions@86 (line 221)
                      ; - com.jme3.input.InputManager::update@106 (line 918)
                      ; - com.jme3.app.LegacyApplication::update@91 (line 724)
                      ; - com.jme3.app.SimpleApplication::update@20 (line 246)
  0x0000022c07e53e30: 2c05 65ff 

  0x0000022c07e53e34: ;   {other}
  0x0000022c07e53e34: 0f1f 8400 | ac49 005e | baec ffff 

  0x0000022c07e53e40: ;   {runtime_call UncommonTrapBlob}
  0x0000022c07e53e40: ff66 90e8 

  0x0000022c07e53e44: ; ImmutableOopMap {rbp=NarrowOop [72]=Oop }
                      ;*ifnull {reexecute=1 rethrow=0 return_oop=0}
                      ; - (reexecute) com.jme3.app.LegacyApplication::update@105 (line 728)
                      ; - com.jme3.app.SimpleApplication::update@20 (line 246)
  0x0000022c07e53e44: 1805 65ff 

  0x0000022c07e53e48: ;   {other}
  0x0000022c07e53e48: 0f1f 8400 | c049 005f | bade ffff | ff44 8954 | 2428 c5fa | 114c 242c 

  0x0000022c07e53e60: ;   {runtime_call UncommonTrapBlob}
  0x0000022c07e53e60: 6666 90e8 

  0x0000022c07e53e64: ; ImmutableOopMap {[40]=NarrowOop [72]=Oop }
                      ;*invokeinterface update {reexecute=0 rethrow=0 return_oop=0}
                      ; - com.jme3.app.LegacyApplication::update@131 (line 729)
                      ; - com.jme3.app.SimpleApplication::update@20 (line 246)
  0x0000022c07e53e64: f804 65ff 

  0x0000022c07e53e68: ;   {other}
  0x0000022c07e53e68: 0f1f 8400 | e049 0060 | 4c89 4c24 | 384c 8944 | 2430 c5fa | 114c 2428 | 48ff 7424 | 4848 8f44 
  0x0000022c07e53e88: 2420 498b | d14c 8d84 | 24b0 0000 

  0x0000022c07e53e94: ;   {runtime_call _complete_monitor_locking_Java}
  0x0000022c07e53e94: 0066 90e8 

  0x0000022c07e53e98: ; ImmutableOopMap {rbp=NarrowOop [32]=Oop [48]=Oop [56]=Oop }
                      ;*monitorenter {reexecute=0 rethrow=0 return_oop=0}
                      ; - com.jme3.audio.openal.ALAudioRenderer::update@6 (line 849)
                      ; - com.jme3.app.LegacyApplication::update@131 (line 729)
                      ; - com.jme3.app.SimpleApplication::update@20 (line 246)
  0x0000022c07e53e98: 44ce 72ff 

  0x0000022c07e53e9c: ;   {other}
  0x0000022c07e53e9c: 0f1f 8400 | 144a 0061 | 4c8b 5c24 | 20c5 fa10 | 4c24 284c | 8b44 2430 | 4c8b 4c24 | 38e9 cec8 
  0x0000022c07e53ebc: ffff 498b | cb48 8d94 | 24b0 0000 | 004d 8bc7 | 49ba 30dc | ab57 f97f | 0000 41ff 

  0x0000022c07e53ed8: ;   {other}
  0x0000022c07e53ed8: d20f 1f84 | 0000 0000 | 00e9 61c9 | ffff baec | ffff ffc5 | fa11 4424 

  0x0000022c07e53ef0: ;   {runtime_call UncommonTrapBlob}
  0x0000022c07e53ef0: 2866 90e8 

  0x0000022c07e53ef4: ; ImmutableOopMap {rbp=NarrowOop [32]=Oop }
                      ;*ifnull {reexecute=1 rethrow=0 return_oop=0}
                      ; - (reexecute) com.jme3.app.SimpleApplication::update@57 (line 254)
  0x0000022c07e53ef4: 6804 65ff 

  0x0000022c07e53ef8: ;   {other}
  0x0000022c07e53ef8: 0f1f 8400 | 704a 0062 | baec ffff 

  0x0000022c07e53f04: ;   {runtime_call UncommonTrapBlob}
  0x0000022c07e53f04: ff66 90e8 

  0x0000022c07e53f08: ; ImmutableOopMap {rbp=NarrowOop [32]=Oop }
                      ;*ifnull {reexecute=1 rethrow=0 return_oop=0}
                      ; - (reexecute) com.jme3.app.SimpleApplication::update@89 (line 260)
  0x0000022c07e53f08: 5404 65ff 

  0x0000022c07e53f0c: ;   {other}
  0x0000022c07e53f0c: 0f1f 8400 | 844a 0063 | bade ffff | ffc5 fa10 | 4424 30c5 | fa11 4424 

  0x0000022c07e53f24: ;   {runtime_call UncommonTrapBlob}
  0x0000022c07e53f24: 2c66 90e8 

  0x0000022c07e53f28: ; ImmutableOopMap {rbp=NarrowOop [32]=Oop }
                      ;*invokevirtual updateLogicalState {reexecute=0 rethrow=0 return_oop=0}
                      ; - com.jme3.app.SimpleApplication::update@109 (line 261)
  0x0000022c07e53f28: 3404 65ff 

  0x0000022c07e53f2c: ;   {other}
  0x0000022c07e53f2c: 0f1f 8400 | a44a 0064 | bade ffff | ffc5 fa10 | 4424 30c5 | fa11 4424 

  0x0000022c07e53f44: ;   {runtime_call UncommonTrapBlob}
  0x0000022c07e53f44: 2c66 90e8 

  0x0000022c07e53f48: ; ImmutableOopMap {rbp=NarrowOop [32]=Oop }
                      ;*invokevirtual updateLogicalState {reexecute=0 rethrow=0 return_oop=0}
                      ; - com.jme3.app.SimpleApplication::update@117 (line 262)
  0x0000022c07e53f48: 1404 65ff 

  0x0000022c07e53f4c: ;   {other}
  0x0000022c07e53f4c: 0f1f 8400 | c44a 0065 | baec ffff 

  0x0000022c07e53f58: ;   {runtime_call UncommonTrapBlob}
  0x0000022c07e53f58: ff66 90e8 

  0x0000022c07e53f5c: ; ImmutableOopMap {rbp=NarrowOop [32]=Oop }
                      ;*ifnull {reexecute=1 rethrow=0 return_oop=0}
                      ; - (reexecute) com.jme3.app.SimpleApplication::update@138 (line 268)
  0x0000022c07e53f5c: 0004 65ff 

  0x0000022c07e53f60: ;   {other}
  0x0000022c07e53f60: 0f1f 8400 | d84a 0066 | 4c89 6c24 | 404c 894c | 2438 4489 | 5424 3489 | 7c24 2c89 | 7424 2848 
  0x0000022c07e53f80: 8b6c 2420 | 498b d14c | 8d84 24b0 

  0x0000022c07e53f8c: ;   {runtime_call _complete_monitor_locking_Java}
  0x0000022c07e53f8c: 0000 00e8 

  0x0000022c07e53f90: ; ImmutableOopMap {rbp=Oop [40]=NarrowOop [44]=NarrowOop [52]=NarrowOop [56]=Oop [64]=Oop }
                      ;*monitorenter {reexecute=0 rethrow=0 return_oop=0}
                      ; - com.jme3.app.state.AppStateManager::getStates@6 (line 126)
                      ; - com.jme3.app.state.AppStateManager::render@1 (line 366)
                      ; - com.jme3.app.SimpleApplication::update@161 (line 269)
  0x0000022c07e53f90: 4ccd 72ff 

  0x0000022c07e53f94: ;   {other}
  0x0000022c07e53f94: 0f1f 8400 | 0c4b 0067 | 4889 6c24 | 208b 7424 | 288b 7c24 | 2c44 8b54 | 2434 4c8b | 4c24 384c 
  0x0000022c07e53fb4: 8b6c 2440 | e9e7 d2ff | ff49 8bc9 | 488d 9424 | b000 0000 | 4d8b c749 | ba30 dcab | 57f9 7f00 
  0x0000022c07e53fd4: 0041 ffd2 

  0x0000022c07e53fd8: ;   {other}
  0x0000022c07e53fd8: 0f1f 8400 | 0000 0000 | e96d d3ff | ffba ecff 

  0x0000022c07e53fe8: ;   {runtime_call UncommonTrapBlob}
  0x0000022c07e53fe8: ffff 90e8 

  0x0000022c07e53fec: ; ImmutableOopMap {rbp=NarrowOop [32]=Oop }
                      ;*ifnull {reexecute=1 rethrow=0 return_oop=0}
                      ; - (reexecute) com.jme3.app.SimpleApplication::update@168 (line 271)
  0x0000022c07e53fec: 7003 65ff 

  0x0000022c07e53ff0: ;   {other}
  0x0000022c07e53ff0: 0f1f 8400 | 684b 0068 | bade ffff | ffc5 fa10 | 4c24 30c5 | f828 c1c5 | fa11 4424 | 2c44 8944 
  0x0000022c07e54010: ;   {runtime_call UncommonTrapBlob}
  0x0000022c07e54010: 2430 90e8 

  0x0000022c07e54014: ; ImmutableOopMap {rbp=NarrowOop [32]=Oop [48]=NarrowOop }
                      ;*invokeinterface isRenderable {reexecute=0 rethrow=0 return_oop=0}
                      ; - com.jme3.app.SimpleApplication::update@192 (line 272)
  0x0000022c07e54014: 4803 65ff 

  0x0000022c07e54018: ;   {other}
  0x0000022c07e54018: 0f1f 8400 | 904b 0069 | baec ffff | ffc5 fa10 | 4424 30c5 | fa11 4424 | 2c44 8954 

  0x0000022c07e54034: ;   {runtime_call UncommonTrapBlob}
  0x0000022c07e54034: 2430 90e8 

  0x0000022c07e54038: ; ImmutableOopMap {rbp=NarrowOop [32]=Oop [48]=NarrowOop }
                      ;*ifnull {reexecute=1 rethrow=0 return_oop=0}
                      ; - (reexecute) com.jme3.renderer.RenderManager::render@22 (line 1146)
                      ; - com.jme3.app.SimpleApplication::update@197 (line 272)
  0x0000022c07e54038: 2403 65ff 

  0x0000022c07e5403c: ;   {other}
  0x0000022c07e5403c: 0f1f 8400 | b44b 006a | ba45 ffff | ffc5 fa10 | 4c24 30c5 | f828 c1c5 | fa11 4424 | 2c44 8954 
  0x0000022c07e5405c: 2430 894c | 2438 4c89 

  0x0000022c07e54064: ;   {runtime_call UncommonTrapBlob}
  0x0000022c07e54064: 5c24 40e8 

  0x0000022c07e54068: ; ImmutableOopMap {rbp=NarrowOop [32]=Oop [48]=NarrowOop [64]=Oop }
                      ;*ifnonnull {reexecute=1 rethrow=0 return_oop=0}
                      ; - (reexecute) com.jme3.renderer.RenderManager::render@138 (line 1157)
                      ; - com.jme3.app.SimpleApplication::update@197 (line 272)
  0x0000022c07e54068: f402 65ff 

  0x0000022c07e5406c: ;   {other}
  0x0000022c07e5406c: 0f1f 8400 | e44b 006b | bacc ffff | ffc5 fa10 | 4424 30c5 | fa11 4424 | 2c44 8954 | 2430 895c 
  0x0000022c07e5408c: 243c 897c | 2440 897c 

  0x0000022c07e54094: ;   {runtime_call UncommonTrapBlob}
  0x0000022c07e54094: 2444 90e8 

  0x0000022c07e54098: ; ImmutableOopMap {[32]=Oop [48]=NarrowOop [60]=NarrowOop }
                      ;*invokestatic checkIndex {reexecute=0 rethrow=0 return_oop=0}
                      ; - java.util.Objects::checkIndex@3 (line 365)
                      ; - java.util.ArrayList::get@5 (line 428)
                      ; - com.jme3.renderer.RenderManager::render@195 (line 1164)
                      ; - com.jme3.app.SimpleApplication::update@197 (line 272)
  0x0000022c07e54098: c402 65ff 

  0x0000022c07e5409c: ;   {other}
  0x0000022c07e5409c: 0f1f 8400 | 144c 006c | 4c89 4c24 | 384c 896c | 2428 4489 | 5c24 2489 | 7c24 2048 | 8bee 498b 
  0x0000022c07e540bc: d14c 8d84 | 24b0 0000 

  0x0000022c07e540c4: ;   {runtime_call _complete_monitor_locking_Java}
  0x0000022c07e540c4: 0066 90e8 

  0x0000022c07e540c8: ; ImmutableOopMap {rbp=Oop [32]=NarrowOop [36]=NarrowOop [40]=Oop [56]=Oop }
                      ;*monitorenter {reexecute=0 rethrow=0 return_oop=0}
                      ; - com.jme3.app.state.AppStateManager::getStates@6 (line 126)
                      ; - com.jme3.app.state.AppStateManager::postRender@1 (line 378)
                      ; - com.jme3.app.SimpleApplication::update@212 (line 274)
  0x0000022c07e540c8: 14cc 72ff 

  0x0000022c07e540cc: ;   {other}
  0x0000022c07e540cc: 0f1f 8400 | 444c 006d | 488b f58b | 7c24 2044 | 8b5c 2424 | 4c8b 6c24 | 284c 8b4c | 2438 e95e 
  0x0000022c07e540ec: d7ff ff49 | 8bc9 488d | 9424 b000 | 0000 4d8b | c749 ba30 | dcab 57f9 | 7f00 0041 

  0x0000022c07e54108: ;   {other}
  0x0000022c07e54108: ffd2 0f1f | 8400 0000 | 0000 e9e4 | d7ff ffba | ecff ffff | 4889 7424 

  0x0000022c07e54120: ;   {runtime_call UncommonTrapBlob}
  0x0000022c07e54120: 2066 90e8 

  0x0000022c07e54124: ; ImmutableOopMap {rbp=NarrowOop [32]=Oop }
                      ;*ifnull {reexecute=1 rethrow=0 return_oop=0}
                      ; - (reexecute) com.jme3.app.SimpleApplication::update@219 (line 276)
  0x0000022c07e54124: 3802 65ff 

  0x0000022c07e54128: ;   {other}
  0x0000022c07e54128: 0f1f 8400 | a04c 006e | ba76 ffff | ff48 8b6c | 2420 c5fa | 104c 2430 | c5fa 114c | 2420 8974 
  0x0000022c07e54148: 2424 4c89 | 5c24 3044 | 8944 243c | 897c 2440 

  0x0000022c07e54158: ;   {runtime_call UncommonTrapBlob}
  0x0000022c07e54158: 6666 90e8 

  0x0000022c07e5415c: ; ImmutableOopMap {rbp=Oop [36]=NarrowOop [48]=Oop [64]=NarrowOop }
                      ;*if_icmpge {reexecute=1 rethrow=0 return_oop=0}
                      ; - (reexecute) com.jme3.app.state.AppStateManager::render@18 (line 367)
                      ; - com.jme3.app.SimpleApplication::update@161 (line 269)
  0x0000022c07e5415c: 0002 65ff 

  0x0000022c07e54160: ;   {other}
  0x0000022c07e54160: 0f1f 8400 | d84c 006f | ba76 ffff | ff48 8bee | c5fa 104c | 2430 c5fa | 114c 2420 | 4c89 4424 
  0x0000022c07e54180: 3044 8954 | 2438 897c 

  0x0000022c07e54188: ;   {runtime_call UncommonTrapBlob}
  0x0000022c07e54188: 243c 90e8 

  0x0000022c07e5418c: ; ImmutableOopMap {rbp=Oop [48]=Oop [60]=NarrowOop }
                      ;*if_icmpge {reexecute=1 rethrow=0 return_oop=0}
                      ; - (reexecute) com.jme3.app.state.AppStateManager::postRender@16 (line 379)
                      ; - com.jme3.app.SimpleApplication::update@212 (line 274)
  0x0000022c07e5418c: d001 65ff 

  0x0000022c07e54190: ;   {other}
  0x0000022c07e54190: 0f1f 8400 | 084d 0070 | baf6 ffff | ff48 8b6c | 2420 c5fa | 104c 2430 | c5fa 114c | 2420 4489 
  0x0000022c07e541b0: 5424 2889 | 4c24 2c44 | 8944 2430 | 895c 2434 

  0x0000022c07e541c0: ;   {runtime_call UncommonTrapBlob}
  0x0000022c07e541c0: 6666 90e8 

  0x0000022c07e541c4: ; ImmutableOopMap {rbp=Oop [40]=NarrowOop [44]=NarrowOop [48]=NarrowOop [52]=NarrowOop }
                      ;*invokevirtual set {reexecute=0 rethrow=0 return_oop=0}
                      ; - com.jme3.math.Transform::set@8 (line 346)
                      ; - com.jme3.scene.Spatial::updateWorldTransforms@67 (line 651)
                      ; - com.jme3.scene.Node::updateGeometricState@31 (line 258)
                      ; - com.jme3.app.SimpleApplication::update@124 (line 264)
  0x0000022c07e541c4: 9801 65ff 

  0x0000022c07e541c8: ;   {other}
  0x0000022c07e541c8: 0f1f 8400 | 404d 0071 | baf6 ffff | ff48 8b6c | 2420 c5fa | 104c 2430 | c5fa 114c | 2420 4489 
  0x0000022c07e541e8: 5424 2889 | 4c24 2c44 | 8944 2430 | 897c 2434 

  0x0000022c07e541f8: ;   {runtime_call UncommonTrapBlob}
  0x0000022c07e541f8: 6666 90e8 

  0x0000022c07e541fc: ; ImmutableOopMap {rbp=Oop [40]=NarrowOop [44]=NarrowOop [48]=NarrowOop [52]=NarrowOop }
                      ;*invokevirtual set {reexecute=0 rethrow=0 return_oop=0}
                      ; - com.jme3.math.Transform::set@20 (line 347)
                      ; - com.jme3.scene.Spatial::updateWorldTransforms@67 (line 651)
                      ; - com.jme3.scene.Node::updateGeometricState@31 (line 258)
                      ; - com.jme3.app.SimpleApplication::update@124 (line 264)
  0x0000022c07e541fc: 6001 65ff 

  0x0000022c07e54200: ;   {other}
  0x0000022c07e54200: 0f1f 8400 | 784d 0072 | baf6 ffff | ffc5 fa10 | 4c24 30c5 | fa11 4c24 | 2844 8954 | 2430 894c 
  0x0000022c07e54220: 2434 4489 

  0x0000022c07e54224: ;   {runtime_call UncommonTrapBlob}
  0x0000022c07e54224: 4424 38e8 

  0x0000022c07e54228: ; ImmutableOopMap {rbp=NarrowOop [32]=Oop [48]=NarrowOop [52]=NarrowOop [56]=NarrowOop }
                      ;*invokevirtual set {reexecute=0 rethrow=0 return_oop=0}
                      ; - com.jme3.math.Transform::set@32 (line 348)
                      ; - com.jme3.scene.Spatial::updateWorldTransforms@67 (line 651)
                      ; - com.jme3.scene.Node::updateGeometricState@31 (line 258)
                      ; - com.jme3.app.SimpleApplication::update@124 (line 264)
  0x0000022c07e54228: 3401 65ff 

  0x0000022c07e5422c: ;   {other}
  0x0000022c07e5422c: 0f1f 8400 | a44d 0073 | baf6 ffff | ffc5 fa10 | 4c24 30c5 | fa11 4c24 | 2844 895c 

  0x0000022c07e54248: ;   {runtime_call UncommonTrapBlob}
  0x0000022c07e54248: 2438 90e8 

  0x0000022c07e5424c: ; ImmutableOopMap {rbp=NarrowOop [32]=Oop [44]=NarrowOop [52]=NarrowOop [56]=NarrowOop }
                      ;*invokevirtual addLocal {reexecute=0 rethrow=0 return_oop=0}
                      ; - com.jme3.math.Transform::combineWithParent@55 (line 208)
                      ; - com.jme3.scene.Spatial::updateWorldTransforms@82 (line 652)
                      ; - com.jme3.scene.Node::updateGeometricState@31 (line 258)
                      ; - com.jme3.app.SimpleApplication::update@124 (line 264)
  0x0000022c07e5424c: 1001 65ff 

  0x0000022c07e54250: ;   {other}
  0x0000022c07e54250: 0f1f 8400 | c84d 0074 | baf6 ffff | ff48 8b6c | 2420 c5fa | 1044 2430 | c5fa 1144 | 2420 4489 
  0x0000022c07e54270: 5424 2844 | 895c 242c | 894c 2430 | 4489 4424 

  0x0000022c07e54280: ;   {runtime_call UncommonTrapBlob}
  0x0000022c07e54280: 3466 90e8 

  0x0000022c07e54284: ; ImmutableOopMap {rbp=Oop [40]=NarrowOop [44]=NarrowOop [48]=NarrowOop [52]=NarrowOop }
                      ;*invokevirtual set {reexecute=0 rethrow=0 return_oop=0}
                      ; - com.jme3.math.Transform::set@8 (line 346)
                      ; - com.jme3.scene.Spatial::updateWorldTransforms@67 (line 651)
                      ; - com.jme3.scene.Node::updateGeometricState@31 (line 258)
                      ; - com.jme3.app.SimpleApplication::update@131 (line 265)
  0x0000022c07e54284: d800 65ff 

  0x0000022c07e54288: ;   {other}
  0x0000022c07e54288: 0f1f 8400 | 004e 0075 | baf6 ffff | ff48 8b6c | 2420 c5fa | 1044 2430 | c5fa 1144 | 2420 4489 
  0x0000022c07e542a8: 5424 2844 | 895c 242c | 894c 2430 | 8944 2434 

  0x0000022c07e542b8: ;   {runtime_call UncommonTrapBlob}
  0x0000022c07e542b8: 6666 90e8 

  0x0000022c07e542bc: ; ImmutableOopMap {rbp=Oop [40]=NarrowOop [44]=NarrowOop [48]=NarrowOop [52]=NarrowOop }
                      ;*invokevirtual set {reexecute=0 rethrow=0 return_oop=0}
                      ; - com.jme3.math.Transform::set@20 (line 347)
                      ; - com.jme3.scene.Spatial::updateWorldTransforms@67 (line 651)
                      ; - com.jme3.scene.Node::updateGeometricState@31 (line 258)
                      ; - com.jme3.app.SimpleApplication::update@131 (line 265)
  0x0000022c07e542bc: a000 65ff 

  0x0000022c07e542c0: ;   {other}
  0x0000022c07e542c0: 0f1f 8400 | 384e 0076 | baf6 ffff | ffc5 fa10 | 4424 30c5 | fa11 4424 | 2844 8954 | 2430 4489 
  0x0000022c07e542e0: 5c24 3489 

  0x0000022c07e542e4: ;   {runtime_call UncommonTrapBlob}
  0x0000022c07e542e4: 4c24 38e8 

  0x0000022c07e542e8: ; ImmutableOopMap {rbp=NarrowOop [32]=Oop [48]=NarrowOop [52]=NarrowOop [56]=NarrowOop }
                      ;*invokevirtual set {reexecute=0 rethrow=0 return_oop=0}
                      ; - com.jme3.math.Transform::set@32 (line 348)
                      ; - com.jme3.scene.Spatial::updateWorldTransforms@67 (line 651)
                      ; - com.jme3.scene.Node::updateGeometricState@31 (line 258)
                      ; - com.jme3.app.SimpleApplication::update@131 (line 265)
  0x0000022c07e542e8: 7400 65ff 

  0x0000022c07e542ec: ;   {other}
  0x0000022c07e542ec: 0f1f 8400 | 644e 0077 | baf6 ffff | ffc5 fa10 | 4424 30c5 | fa11 4424 | 2844 8954 

  0x0000022c07e54308: ;   {runtime_call UncommonTrapBlob}
  0x0000022c07e54308: 2438 90e8 

  0x0000022c07e5430c: ; ImmutableOopMap {rbp=NarrowOop [32]=Oop [44]=NarrowOop [52]=NarrowOop [56]=NarrowOop }
                      ;*invokevirtual addLocal {reexecute=0 rethrow=0 return_oop=0}
                      ; - com.jme3.math.Transform::combineWithParent@55 (line 208)
                      ; - com.jme3.scene.Spatial::updateWorldTransforms@82 (line 652)
                      ; - com.jme3.scene.Node::updateGeometricState@31 (line 258)
                      ; - com.jme3.app.SimpleApplication::update@131 (line 265)
  0x0000022c07e5430c: 5000 65ff 

  0x0000022c07e54310: ;   {other}
  0x0000022c07e54310: 0f1f 8400 | 884e 0078 | ba76 ffff | ff48 8b6c | 2420 c5fa | 104c 2430 | c5fa 114c | 2420 4489 
  0x0000022c07e54330: 5424 2448 | 894c 2428 | 4489 5c24 

  0x0000022c07e5433c: ;   {runtime_call UncommonTrapBlob}
  0x0000022c07e5433c: 3466 90e8 

  0x0000022c07e54340: ; ImmutableOopMap {rbp=Oop [36]=NarrowOop [40]=Oop }
                      ;*if_icmpge {reexecute=1 rethrow=0 return_oop=0}
                      ; - (reexecute) com.jme3.scene.Node::updateGeometricState@87 (line 271)
                      ; - com.jme3.app.SimpleApplication::update@124 (line 264)
  0x0000022c07e54340: 1c00 65ff 

  0x0000022c07e54344: ;   {other}
  0x0000022c07e54344: 0f1f 8400 | bc4e 0079 | ba76 ffff | ff48 8b6c | 2420 c5fa | 1044 2430 | c5fa 1144 | 2420 4489 
  0x0000022c07e54364: 5424 2448 | 894c 2428 | 4489 4424 

  0x0000022c07e54370: ;   {runtime_call UncommonTrapBlob}
  0x0000022c07e54370: 3466 90e8 

  0x0000022c07e54374: ; ImmutableOopMap {rbp=Oop [36]=NarrowOop [40]=Oop }
                      ;*if_icmpge {reexecute=1 rethrow=0 return_oop=0}
                      ; - (reexecute) com.jme3.scene.Node::updateGeometricState@87 (line 271)
                      ; - com.jme3.app.SimpleApplication::update@131 (line 265)
  0x0000022c07e54374: e8ff 64ff 

  0x0000022c07e54378: ;   {other}
  0x0000022c07e54378: 0f1f 8400 | f04e 007a | ba76 ffff | ffc5 fa10 | 4424 30c5 | fa11 4424 | 2c44 8954 

  0x0000022c07e54394: ;   {runtime_call UncommonTrapBlob}
  0x0000022c07e54394: 2430 90e8 

  0x0000022c07e54398: ; ImmutableOopMap {[32]=Oop [48]=NarrowOop }
                      ;*if_icmpge {reexecute=1 rethrow=0 return_oop=0}
                      ; - (reexecute) com.jme3.renderer.RenderManager::render@117 (line 1155)
                      ; - com.jme3.app.SimpleApplication::update@197 (line 272)
  0x0000022c07e54398: c4ff 64ff 

  0x0000022c07e5439c: ;   {other}
  0x0000022c07e5439c: 0f1f 8400 | 144f 007b | baec ffff | ffc5 fa10 | 4c24 30c5 | f828 c1c5 | fa11 4424 | 2c44 8954 
  0x0000022c07e543bc: 2430 894c 

  0x0000022c07e543c0: ;   {runtime_call UncommonTrapBlob}
  0x0000022c07e543c0: 2438 90e8 

  0x0000022c07e543c4: ; ImmutableOopMap {rbp=NarrowOop [32]=Oop [48]=NarrowOop }
                      ;*ifnull {reexecute=1 rethrow=0 return_oop=0}
                      ; - (reexecute) com.jme3.renderer.RenderManager::render@162 (line 1162)
                      ; - com.jme3.app.SimpleApplication::update@197 (line 272)
  0x0000022c07e543c4: 98ff 64ff 

  0x0000022c07e543c8: ;   {other}
  0x0000022c07e543c8: 0f1f 8400 | 404f 007c | bae4 ffff | ff48 8b6c | 2448 c5fa | 104c 2430 | c5fa 114c | 242c 4c8b 
  0x0000022c07e543e8: 4424 384c | 8944 2430 | 4489 5424 | 3889 5c24 | 3c89 7c24 | 4444 895c | 2448 894c | 244c 4489 
  0x0000022c07e54408: ;   {runtime_call UncommonTrapBlob}
  0x0000022c07e54408: 4c24 50e8 

  0x0000022c07e5440c: ; ImmutableOopMap {rbp=Oop [56]=NarrowOop [60]=NarrowOop [76]=NarrowOop [80]=NarrowOop }
                      ;*aaload {reexecute=0 rethrow=0 return_oop=0}
                      ; - com.jme3.util.IntMap$IntMapIterator::next@78 (line 278)
                      ; - com.jme3.util.IntMap$IntMapIterator::next@1 (line 228)
                      ; - com.jme3.input.InputManager::invokeUpdateActions@18 (line 210)
                      ; - com.jme3.input.InputManager::update@106 (line 918)
                      ; - com.jme3.app.LegacyApplication::update@91 (line 724)
                      ; - com.jme3.app.SimpleApplication::update@20 (line 246)
  0x0000022c07e5440c: 50ff 64ff 

  0x0000022c07e54410: ;   {other}
  0x0000022c07e54410: 0f1f 8400 | 884f 007d | ba76 ffff | ffc5 fa10 | 4424 30c5 | fa11 4424 | 2c44 8954 

  0x0000022c07e5442c: ;   {runtime_call UncommonTrapBlob}
  0x0000022c07e5442c: 2430 90e8 

  0x0000022c07e54430: ; ImmutableOopMap {[32]=Oop [48]=NarrowOop }
                      ;*if_icmpge {reexecute=1 rethrow=0 return_oop=0}
                      ; - (reexecute) com.jme3.renderer.RenderManager::render@187 (line 1163)
                      ; - com.jme3.app.SimpleApplication::update@197 (line 272)
  0x0000022c07e54430: 2cff 64ff 

  0x0000022c07e54434: ;   {other}
  0x0000022c07e54434: 0f1f 8400 | ac4f 007e | c5f8 2ec1 | bdff ffff | ff0f 8a0e | 0000 000f | 8208 0000 | 0040 0f95 
  0x0000022c07e54454: c540 0fb6 | edf7 ddba | 45ff ffff | c5fa 114c | 2434 4489 

  0x0000022c07e54468: ;   {runtime_call UncommonTrapBlob}
  0x0000022c07e54468: 4424 38e8 

  0x0000022c07e5446c: ; ImmutableOopMap {[56]=NarrowOop [72]=Oop }
                      ;*ifge {reexecute=1 rethrow=0 return_oop=0}
                      ; - (reexecute) com.jme3.input.InputManager::update@10 (line 899)
                      ; - com.jme3.app.LegacyApplication::update@91 (line 724)
                      ; - com.jme3.app.SimpleApplication::update@20 (line 246)
  0x0000022c07e5446c: f0fe 64ff 

  0x0000022c07e54470: ;   {other}
  0x0000022c07e54470: 0f1f 8400 | e84f 007f | 498b d941 | 8bfa 498b | d749 bae0 | 0769 57f9 | 7f00 0041 

  0x0000022c07e5448c: ;   {other}
  0x0000022c07e5448c: ffd2 0f1f | 8400 0000 | 0000 448b | d74c 8bcb | e98b d0ff | ff41 8bfa | 498b d749 | bae0 0769 
  0x0000022c07e544ac: 57f9 7f00 | 0041 ffd2 

  0x0000022c07e544b4: ;   {other}
  0x0000022c07e544b4: 0f1f 8400 | 0000 0000 | 448b d7e9 | f8d0 ffff | ba45 ffff | ffc5 fa10 | 4424 30c5 | fa11 4424 
  0x0000022c07e544d4: 2c44 8954 | 2430 894c | 2438 4c89 

  0x0000022c07e544e0: ;   {runtime_call UncommonTrapBlob}
  0x0000022c07e544e0: 5c24 40e8 

  0x0000022c07e544e4: ; ImmutableOopMap {rbp=NarrowOop [32]=Oop [48]=NarrowOop [64]=Oop }
                      ;*ifnonnull {reexecute=1 rethrow=0 return_oop=0}
                      ; - (reexecute) com.jme3.renderer.RenderManager::render@208 (line 1165)
                      ; - com.jme3.app.SimpleApplication::update@197 (line 272)
  0x0000022c07e544e4: 78fe 64ff 

  0x0000022c07e544e8: ;   {other}
  0x0000022c07e544e8: 0f1f 8400 | 6050 0080 

  0x0000022c07e544f0: ;   {section_word}
  0x0000022c07e544f0: c5f8 2e0d | 28b8 ffff | bdff ffff | ff0f 8a0e | 0000 000f | 8208 0000 | 0040 0f95 | c540 0fb6 
  0x0000022c07e54510: edba 45ff 

  0x0000022c07e54514: ;   {runtime_call UncommonTrapBlob}
  0x0000022c07e54514: ffff 90e8 

  0x0000022c07e54518: ; ImmutableOopMap {[72]=Oop }
                      ;*ifeq {reexecute=1 rethrow=0 return_oop=0}
                      ; - (reexecute) com.jme3.app.LegacyApplication::update@36 (line 717)
                      ; - com.jme3.app.SimpleApplication::update@20 (line 246)
  0x0000022c07e54518: 44fe 64ff 

  0x0000022c07e5451c: ;   {other}
  0x0000022c07e5451c: 0f1f 8400 | 9450 0081 | ba45 ffff 

  0x0000022c07e54528: ;   {runtime_call UncommonTrapBlob}
  0x0000022c07e54528: ff66 90e8 

  0x0000022c07e5452c: ; ImmutableOopMap {[72]=Oop }
                      ;*ifeq {reexecute=1 rethrow=0 return_oop=0}
                      ; - (reexecute) com.jme3.app.LegacyApplication::update@43 (line 717)
                      ; - com.jme3.app.SimpleApplication::update@20 (line 246)
  0x0000022c07e5452c: 30fe 64ff 

  0x0000022c07e54530: ;   {other}
  0x0000022c07e54530: 0f1f 8400 | a850 0082 | ba45 ffff 

  0x0000022c07e5453c: ;   {runtime_call UncommonTrapBlob}
  0x0000022c07e5453c: ff66 90e8 

  0x0000022c07e54540: ; ImmutableOopMap {[72]=Oop }
                      ;*ifeq {reexecute=1 rethrow=0 return_oop=0}
                      ; - (reexecute) com.jme3.app.LegacyApplication::update@58 (line 722)
                      ; - com.jme3.app.SimpleApplication::update@20 (line 246)
  0x0000022c07e54540: 1cfe 64ff 

  0x0000022c07e54544: ;   {other}
  0x0000022c07e54544: 0f1f 8400 | bc50 0083 | 33ed 4585 | c040 0f95 | c5ba 45ff | ffff 4489 | 5424 3448 | 8944 2438 
  0x0000022c07e54564: 4c89 5c24 

  0x0000022c07e54568: ;   {runtime_call UncommonTrapBlob}
  0x0000022c07e54568: 4066 90e8 

  0x0000022c07e5456c: ; ImmutableOopMap {[52]=NarrowOop [64]=Oop [72]=Oop }
                      ;*ifne {reexecute=1 rethrow=0 return_oop=0}
                      ; - (reexecute) com.jme3.input.lwjgl.GlfwKeyInput::update@7 (line 156)
                      ; - com.jme3.input.InputManager::update@50 (line 906)
                      ; - com.jme3.app.LegacyApplication::update@91 (line 724)
                      ; - com.jme3.app.SimpleApplication::update@20 (line 246)
  0x0000022c07e5456c: f0fd 64ff 

  0x0000022c07e54570: ;   {other}
  0x0000022c07e54570: 0f1f 8400 | e850 0084 | ba45 ffff | ff44 8954 | 2434 4889 | 4424 384c | 895c 2440 

  0x0000022c07e5458c: ;   {runtime_call UncommonTrapBlob}
  0x0000022c07e5458c: 6666 90e8 

  0x0000022c07e54590: ; ImmutableOopMap {rbp=NarrowOop [52]=NarrowOop [64]=Oop [72]=Oop }
                      ;*ifnull {reexecute=1 rethrow=0 return_oop=0}
                      ; - (reexecute) com.jme3.input.lwjgl.GlfwMouseInput::update@4 (line 286)
                      ; - com.jme3.input.InputManager::update@59 (line 907)
                      ; - com.jme3.app.LegacyApplication::update@91 (line 724)
                      ; - com.jme3.app.SimpleApplication::update@20 (line 246)
  0x0000022c07e54590: ccfd 64ff 

  0x0000022c07e54594: ;   {other}
  0x0000022c07e54594: 0f1f 8400 | 0c51 0085 | ba45 ffff | ff44 8954 | 2434 4889 

  0x0000022c07e545a8: ;   {runtime_call UncommonTrapBlob}
  0x0000022c07e545a8: 4424 38e8 

  0x0000022c07e545ac: ; ImmutableOopMap {rbp=NarrowOop [52]=NarrowOop [72]=Oop }
                      ;*ifnull {reexecute=1 rethrow=0 return_oop=0}
                      ; - (reexecute) com.jme3.input.InputManager::update@68 (line 908)
                      ; - com.jme3.app.LegacyApplication::update@91 (line 724)
                      ; - com.jme3.app.SimpleApplication::update@20 (line 246)
  0x0000022c07e545ac: b0fd 64ff 

  0x0000022c07e545b0: ;   {other}
  0x0000022c07e545b0: 0f1f 8400 | 2851 0086 

  0x0000022c07e545b8: ;   {section_word}
  0x0000022c07e545b8: c5f8 2e05 | 60b7 ffff | bdff ffff | ff0f 8a0e | 0000 000f | 8208 0000 | 0040 0f95 | c540 0fb6 
  0x0000022c07e545d8: edba 45ff 

  0x0000022c07e545dc: ;   {runtime_call UncommonTrapBlob}
  0x0000022c07e545dc: ffff 90e8 

  0x0000022c07e545e0: ; ImmutableOopMap {[32]=Oop }
                      ;*ifeq {reexecute=1 rethrow=0 return_oop=0}
                      ; - (reexecute) com.jme3.app.SimpleApplication::update@29 (line 247)
  0x0000022c07e545e0: 7cfd 64ff 

  0x0000022c07e545e4: ;   {other}
  0x0000022c07e545e4: 0f1f 8400 | 5c51 0087 | ba45 ffff 

  0x0000022c07e545f0: ;   {runtime_call UncommonTrapBlob}
  0x0000022c07e545f0: ff66 90e8 

  0x0000022c07e545f4: ; ImmutableOopMap {[32]=Oop }
                      ;*ifeq {reexecute=1 rethrow=0 return_oop=0}
                      ; - (reexecute) com.jme3.app.SimpleApplication::update@36 (line 247)
  0x0000022c07e545f4: 68fd 64ff 

  0x0000022c07e545f8: ;   {other}
  0x0000022c07e545f8: 0f1f 8400 | 7051 0088 | ba45 ffff | ffc5 fa10 | 4424 30c5 | fa11 4424 | 2c44 8954 

  0x0000022c07e54614: ;   {runtime_call UncommonTrapBlob}
  0x0000022c07e54614: 2430 90e8 

  0x0000022c07e54618: ; ImmutableOopMap {[32]=Oop [48]=NarrowOop }
                      ;*if_icmpge {reexecute=1 rethrow=0 return_oop=0}
                      ; - (reexecute) com.jme3.renderer.RenderManager::render@47 (line 1147)
                      ; - com.jme3.app.SimpleApplication::update@197 (line 272)
  0x0000022c07e54618: 44fd 64ff 

  0x0000022c07e5461c: ;   {other}
  0x0000022c07e5461c: 0f1f 8400 | 9451 0089 | ba76 ffff | ff48 8b6c | 2420 c5fa | 104c 2430 | c5f8 28c1 | c5fa 1144 
  0x0000022c07e5463c: 2424 c5fa | 1144 2428 | 4c89 4c24 | 4844 8954 

  0x0000022c07e5464c: ;   {runtime_call UncommonTrapBlob}
  0x0000022c07e5464c: 2454 90e8 

  0x0000022c07e54650: ; ImmutableOopMap {rbp=Oop [56]=Oop [72]=Oop }
                      ;*if_icmpge {reexecute=1 rethrow=0 return_oop=0}
                      ; - (reexecute) com.jme3.scene.Spatial::runControlUpdate@31 (line 736)
                      ; - com.jme3.scene.Spatial::updateLogicalState@2 (line 880)
                      ; - com.jme3.scene.Node::updateLogicalState@2 (line 231)
                      ; - com.jme3.app.SimpleApplication::update@109 (line 261)
  0x0000022c07e54650: 0cfd 64ff 

  0x0000022c07e54654: ;   {other}
  0x0000022c07e54654: 0f1f 8400 | cc51 008a | ba76 ffff | ff48 8b6c | 2420 c5fa | 104c 2430 | c5f8 28c1 | c5fa 1144 
  0x0000022c07e54674: 2424 c5fa | 1144 2428 | 4c89 4424 | 4844 895c 

  0x0000022c07e54684: ;   {runtime_call UncommonTrapBlob}
  0x0000022c07e54684: 2454 90e8 

  0x0000022c07e54688: ; ImmutableOopMap {rbp=Oop [56]=Oop [72]=Oop }
                      ;*if_icmpge {reexecute=1 rethrow=0 return_oop=0}
                      ; - (reexecute) com.jme3.scene.Spatial::runControlUpdate@31 (line 736)
                      ; - com.jme3.scene.Spatial::updateLogicalState@2 (line 880)
                      ; - com.jme3.scene.Node::updateLogicalState@2 (line 231)
                      ; - com.jme3.app.SimpleApplication::update@117 (line 262)
  0x0000022c07e54688: d4fc 64ff 

  0x0000022c07e5468c: ;   {other}
  0x0000022c07e5468c: 0f1f 8400 | 0452 008b | ba45 ffff | ff44 8954 

  0x0000022c07e5469c: ;   {runtime_call UncommonTrapBlob}
  0x0000022c07e5469c: 242c 90e8 

  0x0000022c07e546a0: ; ImmutableOopMap {[32]=Oop [44]=NarrowOop }
                      ;*ifeq {reexecute=1 rethrow=0 return_oop=0}
                      ; - (reexecute) com.jme3.scene.Node::updateGeometricState@14 (line 252)
                      ; - com.jme3.app.SimpleApplication::update@124 (line 264)
  0x0000022c07e546a0: bcfc 64ff 

  0x0000022c07e546a4: ;   {other}
  0x0000022c07e546a4: 0f1f 8400 | 1c52 008c | ba45 ffff | ff44 8954 

  0x0000022c07e546b4: ;   {runtime_call UncommonTrapBlob}
  0x0000022c07e546b4: 242c 90e8 

  0x0000022c07e546b8: ; ImmutableOopMap {[32]=Oop [44]=NarrowOop }
                      ;*ifeq {reexecute=1 rethrow=0 return_oop=0}
                      ; - (reexecute) com.jme3.scene.Node::updateGeometricState@41 (line 260)
                      ; - com.jme3.app.SimpleApplication::update@124 (line 264)
  0x0000022c07e546b8: a4fc 64ff 

  0x0000022c07e546bc: ;   {other}
  0x0000022c07e546bc: 0f1f 8400 | 3452 008d | ba45 ffff | ff44 8954 

  0x0000022c07e546cc: ;   {runtime_call UncommonTrapBlob}
  0x0000022c07e546cc: 242c 90e8 

  0x0000022c07e546d0: ; ImmutableOopMap {[32]=Oop [44]=NarrowOop }
                      ;*ifeq {reexecute=1 rethrow=0 return_oop=0}
                      ; - (reexecute) com.jme3.scene.Node::updateGeometricState@112 (line 276)
                      ; - com.jme3.app.SimpleApplication::update@124 (line 264)
  0x0000022c07e546d0: 8cfc 64ff 

  0x0000022c07e546d4: ;   {other}
  0x0000022c07e546d4: 0f1f 8400 | 4c52 008e | ba45 ffff | ff44 8954 

  0x0000022c07e546e4: ;   {runtime_call UncommonTrapBlob}
  0x0000022c07e546e4: 242c 90e8 

  0x0000022c07e546e8: ; ImmutableOopMap {[32]=Oop [44]=NarrowOop }
                      ;*ifeq {reexecute=1 rethrow=0 return_oop=0}
                      ; - (reexecute) com.jme3.scene.Node::updateGeometricState@14 (line 252)
                      ; - com.jme3.app.SimpleApplication::update@131 (line 265)
  0x0000022c07e546e8: 74fc 64ff 

  0x0000022c07e546ec: ;   {other}
  0x0000022c07e546ec: 0f1f 8400 | 6452 008f | ba45 ffff | ff44 8954 

  0x0000022c07e546fc: ;   {runtime_call UncommonTrapBlob}
  0x0000022c07e546fc: 242c 90e8 

  0x0000022c07e54700: ; ImmutableOopMap {[32]=Oop [44]=NarrowOop }
                      ;*ifeq {reexecute=1 rethrow=0 return_oop=0}
                      ; - (reexecute) com.jme3.scene.Node::updateGeometricState@41 (line 260)
                      ; - com.jme3.app.SimpleApplication::update@131 (line 265)
  0x0000022c07e54700: 5cfc 64ff 

  0x0000022c07e54704: ;   {other}
  0x0000022c07e54704: 0f1f 8400 | 7c52 0090 | ba45 ffff | ff44 8954 

  0x0000022c07e54714: ;   {runtime_call UncommonTrapBlob}
  0x0000022c07e54714: 242c 90e8 

  0x0000022c07e54718: ; ImmutableOopMap {[32]=Oop [44]=NarrowOop }
                      ;*ifeq {reexecute=1 rethrow=0 return_oop=0}
                      ; - (reexecute) com.jme3.scene.Node::updateGeometricState@112 (line 276)
                      ; - com.jme3.app.SimpleApplication::update@131 (line 265)
  0x0000022c07e54718: 44fc 64ff 

  0x0000022c07e5471c: ;   {other}
  0x0000022c07e5471c: 0f1f 8400 | 9452 0091 | ba45 ffff | ff48 8b6c | 2448 c5fa | 1044 2430 | c5fa 1144 | 242c 488b 
  0x0000022c07e5473c: 7c24 3848 | 897c 2430 | 4489 5424 | 3889 5c24 | 4044 8944 | 2444 4489 | 5c24 4889 | 4c24 4c44 
  0x0000022c07e5475c: 894c 2450 

  0x0000022c07e54760: ;   {runtime_call UncommonTrapBlob}
  0x0000022c07e54760: 6666 90e8 

  0x0000022c07e54764: ; ImmutableOopMap {rbp=Oop [56]=NarrowOop [76]=NarrowOop [80]=NarrowOop }
                      ;*if_icmplt {reexecute=1 rethrow=0 return_oop=0}
                      ; - (reexecute) com.jme3.util.IntMap$IntMapIterator::next@11 (line 259)
                      ; - com.jme3.util.IntMap$IntMapIterator::next@1 (line 228)
                      ; - com.jme3.input.InputManager::invokeUpdateActions@18 (line 210)
                      ; - com.jme3.input.InputManager::update@106 (line 918)
                      ; - com.jme3.app.LegacyApplication::update@91 (line 724)
                      ; - com.jme3.app.SimpleApplication::update@20 (line 246)
  0x0000022c07e54764: f8fb 64ff 

  0x0000022c07e54768: ;   {other}
  0x0000022c07e54768: 0f1f 8400 | e052 0092 | ba45 ffff | ff48 8b5c | 2448 4889 | 5c24 2844 | 8954 2440 | 4889 7424 
  0x0000022c07e54788: 4848 8944 | 2450 4489 | 5424 6089 | 4c24 644c | 896c 2470 | 4489 4424 | 6c44 895c | 2478 897c 
  0x0000022c07e547a8: 247c 4489 | 8c24 8000 

  0x0000022c07e547b0: ;   {runtime_call UncommonTrapBlob}
  0x0000022c07e547b0: 0000 90e8 

  0x0000022c07e547b4: ; ImmutableOopMap {[40]=Oop [64]=NarrowOop [72]=Oop [96]=NarrowOop [124]=NarrowOop [128]=NarrowOop }
                      ;*ifne {reexecute=1 rethrow=0 return_oop=0}
                      ; - (reexecute) com.jme3.input.InputManager::computeAnalogValue@4 (line 178)
                      ; - com.jme3.input.InputManager::invokeUpdateActions@72 (line 217)
                      ; - com.jme3.input.InputManager::update@106 (line 918)
                      ; - com.jme3.app.LegacyApplication::update@91 (line 724)
                      ; - com.jme3.app.SimpleApplication::update@20 (line 246)
  0x0000022c07e547b4: a8fb 64ff 

  0x0000022c07e547b8: ;   {other}
  0x0000022c07e547b8: 0f1f 8400 | 3053 0093 | 498b d749 | bae0 0769 | 57f9 7f00 | 0041 ffd2 

  0x0000022c07e547d0: ;   {other}
  0x0000022c07e547d0: 0f1f 8400 | 0000 0000 | e958 b9ff | ffba 5cff | ffff 488b | 6c24 4848 | 8944 24f8 | 8b44 2450 
  0x0000022c07e547f0: 8944 2430 | 488b 4424 | f84c 8974 | 2438 4489 | 6c24 4489 | 5c24 4c89 | 7424 5089 

  0x0000022c07e5480c: ;   {runtime_call UncommonTrapBlob}
  0x0000022c07e5480c: 5c24 54e8 

  0x0000022c07e54810: ; ImmutableOopMap {rbp=Oop [48]=NarrowOop [56]=Oop [68]=NarrowOop [76]=NarrowOop [80]=NarrowOop [84]=NarrowOop }
                      ;*ifnonnull {reexecute=1 rethrow=0 return_oop=0}
                      ; - (reexecute) java.util.Objects::requireNonNull@1 (line 219)
                      ; - java.lang.invoke.VarHandleReferences$FieldInstanceReadWrite::setRelease@16 (line 172)
                      ; - java.lang.invoke.VarHandleGuards::guard_LL_V@45 (line 53)
                      ; - java.util.concurrent.ConcurrentLinkedQueue::updateHead@22 (line 293)
                      ; - java.util.concurrent.ConcurrentLinkedQueue::poll@48 (line 391)
                      ; - com.jme3.app.LegacyApplication::runQueuedTasks@4 (line 699)
                      ; - com.jme3.app.LegacyApplication::update@27 (line 715)
                      ; - com.jme3.app.SimpleApplication::update@20 (line 246)
  0x0000022c07e54810: 4cfb 64ff 

  0x0000022c07e54814: ;   {other}
  0x0000022c07e54814: 0f1f 8400 | 8c53 0094 | 498b c849 | 8bd7 49ba | c007 6957 | f97f 0000 

  0x0000022c07e5482c: ;   {other}
  0x0000022c07e5482c: 41ff d20f | 1f84 0000 | 0000 00e9 | 88d2 ffff | 8beb 498b | d749 bae0 | 0769 57f9 | 7f00 0041 
  0x0000022c07e5484c: ;   {other}
  0x0000022c07e5484c: ffd2 0f1f | 8400 0000 | 0000 8bdd | e96b d1ff | ffba f4ff | ffff 488b | 6c24 20c5 | fa10 4c24 
  0x0000022c07e5486c: 30c5 fa11 | 4c24 2044 | 8b5c 242c | 4489 5c24 | 2444 8b54 | 2434 4489 

  0x0000022c07e54884: ;   {runtime_call UncommonTrapBlob}
  0x0000022c07e54884: 5424 2ce8 

  0x0000022c07e54888: ; ImmutableOopMap {rbp=Oop [36]=NarrowOop [44]=NarrowOop [56]=NarrowOop }
                      ;*checkcast {reexecute=0 rethrow=0 return_oop=0}
                      ; - com.jme3.app.state.AppStateManager::getStates@14 (line 127)
                      ; - com.jme3.app.state.AppStateManager::render@1 (line 366)
                      ; - com.jme3.app.SimpleApplication::update@161 (line 269)
  0x0000022c07e54888: d4fa 64ff 

  0x0000022c07e5488c: ;   {other}
  0x0000022c07e5488c: 0f1f 8400 | 0454 0095 | baf4 ffff | ff48 8b6c | 2420 c5fa | 1044 2430 | c5fa 1144 | 2420 448b 
  0x0000022c07e548ac: 5424 2c44 | 8954 2428 

  0x0000022c07e548b4: ;   {runtime_call UncommonTrapBlob}
  0x0000022c07e548b4: 6666 90e8 

  0x0000022c07e548b8: ; ImmutableOopMap {rbp=Oop [40]=NarrowOop [52]=NarrowOop }
                      ;*checkcast {reexecute=0 rethrow=0 return_oop=0}
                      ; - com.jme3.app.state.AppStateManager::getStates@14 (line 127)
                      ; - com.jme3.app.state.AppStateManager::postRender@1 (line 378)
                      ; - com.jme3.app.SimpleApplication::update@212 (line 274)
  0x0000022c07e548b8: a4fa 64ff 

  0x0000022c07e548bc: ;   {other}
  0x0000022c07e548bc: 0f1f 8400 | 3454 0096 | baf4 ffff | ff48 8b6c 

  0x0000022c07e548cc: ;   {runtime_call UncommonTrapBlob}
  0x0000022c07e548cc: 2420 90e8 

  0x0000022c07e548d0: ; ImmutableOopMap {rbp=Oop [40]=NarrowOop }
                      ;*checkcast {reexecute=0 rethrow=0 return_oop=0}
                      ; - com.jme3.scene.Node::updateGeometricState@76 (line 271)
                      ; - com.jme3.app.SimpleApplication::update@124 (line 264)
  0x0000022c07e548d0: 8cfa 64ff 

  0x0000022c07e548d4: ;   {other}
  0x0000022c07e548d4: 0f1f 8400 | 4c54 0097 | baf4 ffff | ff48 8b6c 

  0x0000022c07e548e4: ;   {runtime_call UncommonTrapBlob}
  0x0000022c07e548e4: 2420 90e8 

  0x0000022c07e548e8: ; ImmutableOopMap {rbp=Oop [40]=NarrowOop }
                      ;*checkcast {reexecute=0 rethrow=0 return_oop=0}
                      ; - com.jme3.scene.Node::updateGeometricState@76 (line 271)
                      ; - com.jme3.app.SimpleApplication::update@131 (line 265)
  0x0000022c07e548e8: 74fa 64ff 

  0x0000022c07e548ec: ;   {other}
  0x0000022c07e548ec: 0f1f 8400 | 6454 0098 | bae4 ffff | ff48 8b6c | 2448 4489 | 5424 28c5 | fa10 4c24 | 30c5 fa11 
  0x0000022c07e5490c: 4c24 2c48 | 8944 2430 | 4c89 5c24 | 3844 894c | 2440 4889 | 4c24 5089 | 7c24 5c44 | 8944 2460 
  0x0000022c07e5492c: 897c 2464 | 4489 4424 

  0x0000022c07e54934: ;   {runtime_call UncommonTrapBlob}
  0x0000022c07e54934: 6866 90e8 

  0x0000022c07e54938: ; ImmutableOopMap {rbp=Oop [40]=NarrowOop [56]=Oop [64]=NarrowOop [80]=Oop [92]=NarrowOop [100]=NarrowOop }
                      ;*aaload {reexecute=0 rethrow=0 return_oop=0}
                      ; - java.util.ArrayDeque::elementAt@2 (line 259)
                      ; - java.util.ArrayDeque::pollFirst@12 (line 379)
                      ; - java.util.ArrayDeque::poll@1 (line 537)
                      ; - com.jme3.input.lwjgl.GlfwMouseInput::update@122 (line 298)
                      ; - com.jme3.input.InputManager::update@59 (line 907)
                      ; - com.jme3.app.LegacyApplication::update@91 (line 724)
                      ; - com.jme3.app.SimpleApplication::update@20 (line 246)
  0x0000022c07e54938: 24fa 64ff 

  0x0000022c07e5493c: ;   {other}
  0x0000022c07e5493c: 0f1f 8400 | b454 0099 | bae4 ffff | ff48 8b6c | 2448 4489 | 5424 28c5 | fa10 4c24 | 30c5 fa11 
  0x0000022c07e5495c: 4c24 2c48 | 8944 2430 | 4c89 5c24 | 3844 894c | 2440 4889 | 4c24 5089 | 7424 5c44 | 8944 2460 
  0x0000022c07e5497c: 8974 2464 | 4489 4424 

  0x0000022c07e54984: ;   {runtime_call UncommonTrapBlob}
  0x0000022c07e54984: 6866 90e8 

  0x0000022c07e54988: ; ImmutableOopMap {rbp=Oop [40]=NarrowOop [56]=Oop [64]=NarrowOop [80]=Oop [92]=NarrowOop [100]=NarrowOop }
                      ;*aaload {reexecute=0 rethrow=0 return_oop=0}
                      ; - java.util.ArrayDeque::elementAt@2 (line 259)
                      ; - java.util.ArrayDeque::pollFirst@12 (line 379)
                      ; - java.util.ArrayDeque::poll@1 (line 537)
                      ; - com.jme3.input.lwjgl.GlfwKeyInput::update@31 (line 161)
                      ; - com.jme3.input.InputManager::update@50 (line 906)
                      ; - com.jme3.app.LegacyApplication::update@91 (line 724)
                      ; - com.jme3.app.SimpleApplication::update@20 (line 246)
  0x0000022c07e54988: d4f9 64ff 

  0x0000022c07e5498c: ;   {other}
  0x0000022c07e5498c: 0f1f 8400 | 0455 009a | baf6 ffff | ff4c 8b4c | 2448 4c89 | 4c24 2844 | 8954 2434 | 4889 4424 
  0x0000022c07e549ac: 384c 895c | 2440 4889 | 5c24 48c5 | fa11 5424 | 50c5 fa11 

  0x0000022c07e549c0: ;   {runtime_call UncommonTrapBlob}
  0x0000022c07e549c0: 4424 54e8 

  0x0000022c07e549c4: ; ImmutableOopMap {rbp=Oop [40]=Oop [52]=NarrowOop [64]=Oop [72]=Oop }
                      ;*invokevirtual set {reexecute=0 rethrow=0 return_oop=0}
                      ; - com.jme3.input.InputManager::onMouseMotionEvent@14 (line 440)
                      ; - com.jme3.input.lwjgl.GlfwMouseInput::update@130 (line 298)
                      ; - com.jme3.input.InputManager::update@59 (line 907)
                      ; - com.jme3.app.LegacyApplication::update@91 (line 724)
                      ; - com.jme3.app.SimpleApplication::update@20 (line 246)
  0x0000022c07e549c4: 98f9 64ff 

  0x0000022c07e549c8: ;   {other}
  0x0000022c07e549c8: 0f1f 8400 | 4055 009b | bae4 ffff | ff48 8b6c | 2448 4489 | 5424 28c5 | fa10 4424 | 30c5 fa11 
  0x0000022c07e549e8: 4424 2c48 | 8944 2430 | 4c89 5c24 | 3844 894c | 2440 4889 | 4c24 5089 | 7424 5c44 | 8944 2460 
  0x0000022c07e54a08: 8974 2464 | 4489 4424 

  0x0000022c07e54a10: ;   {runtime_call UncommonTrapBlob}
  0x0000022c07e54a10: 6866 90e8 

  0x0000022c07e54a14: ; ImmutableOopMap {rbp=Oop [40]=NarrowOop [56]=Oop [64]=NarrowOop [80]=Oop [92]=NarrowOop [100]=NarrowOop }
                      ;*aaload {reexecute=0 rethrow=0 return_oop=0}
                      ; - java.util.ArrayDeque::elementAt@2 (line 259)
                      ; - java.util.ArrayDeque::pollFirst@12 (line 379)
                      ; - java.util.ArrayDeque::poll@1 (line 537)
                      ; - com.jme3.input.lwjgl.GlfwMouseInput::update@158 (line 302)
                      ; - com.jme3.input.InputManager::update@59 (line 907)
                      ; - com.jme3.app.LegacyApplication::update@91 (line 724)
                      ; - com.jme3.app.SimpleApplication::update@20 (line 246)
  0x0000022c07e54a14: 48f9 64ff 

  0x0000022c07e54a18: ;   {other}
  0x0000022c07e54a18: 0f1f 8400 | 9055 009c | bade ffff | ff44 8954 | 2428 c5fa | 104c 2430 | c5fa 114c | 242c 4889 
  0x0000022c07e54a38: 4424 304c | 895c 2438 | 4489 4c24 | 4044 8944 

  0x0000022c07e54a48: ;   {runtime_call UncommonTrapBlob}
  0x0000022c07e54a48: 2444 90e8 

  0x0000022c07e54a4c: ; ImmutableOopMap {[40]=NarrowOop [56]=Oop [64]=NarrowOop [68]=NarrowOop [72]=Oop }
                      ;*invokeinterface poll {reexecute=0 rethrow=0 return_oop=0}
                      ; - com.jme3.input.lwjgl.GlfwMouseInput::update@122 (line 298)
                      ; - com.jme3.input.InputManager::update@59 (line 907)
                      ; - com.jme3.app.LegacyApplication::update@91 (line 724)
                      ; - com.jme3.app.SimpleApplication::update@20 (line 246)
  0x0000022c07e54a4c: 10f9 64ff 

  0x0000022c07e54a50: ;   {other}
  0x0000022c07e54a50: 0f1f 8400 | c855 009d | bade ffff | ff44 8954 | 2428 c5fa | 104c 2430 | c5fa 114c | 242c 4889 
  0x0000022c07e54a70: 4424 304c | 895c 2438 | 4489 4c24 | 4089 4c24 

  0x0000022c07e54a80: ;   {runtime_call UncommonTrapBlob}
  0x0000022c07e54a80: 4466 90e8 

  0x0000022c07e54a84: ; ImmutableOopMap {[40]=NarrowOop [56]=Oop [64]=NarrowOop [68]=NarrowOop [72]=Oop }
                      ;*invokeinterface poll {reexecute=0 rethrow=0 return_oop=0}
                      ; - com.jme3.input.lwjgl.GlfwKeyInput::update@31 (line 161)
                      ; - com.jme3.input.InputManager::update@50 (line 906)
                      ; - com.jme3.app.LegacyApplication::update@91 (line 724)
                      ; - com.jme3.app.SimpleApplication::update@20 (line 246)
  0x0000022c07e54a84: d8f8 64ff 

  0x0000022c07e54a88: ;   {other}
  0x0000022c07e54a88: 0f1f 8400 | 0056 009e | bade ffff | ff48 8b6c | 2448 4489 | 5424 28c5 | fa10 4424 | 30c5 fa11 
  0x0000022c07e54aa8: 4424 2c48 | 8944 2430 | 4c89 5c24 | 3844 894c | 2440 4889 

  0x0000022c07e54abc: ;   {runtime_call UncommonTrapBlob}
  0x0000022c07e54abc: 5c24 48e8 

  0x0000022c07e54ac0: ; ImmutableOopMap {rbp=Oop [40]=NarrowOop [56]=Oop [64]=NarrowOop [72]=Oop }
                      ;*invokeinterface onMouseMotionEvent {reexecute=0 rethrow=0 return_oop=0}
                      ; - com.jme3.input.lwjgl.GlfwMouseInput::update@130 (line 298)
                      ; - com.jme3.input.InputManager::update@59 (line 907)
                      ; - com.jme3.app.LegacyApplication::update@91 (line 724)
                      ; - com.jme3.app.SimpleApplication::update@20 (line 246)
  0x0000022c07e54ac0: 9cf8 64ff 

  0x0000022c07e54ac4: ;   {other}
  0x0000022c07e54ac4: 0f1f 8400 | 3c56 009f | bade ffff | ff48 8b6c | 2448 4489 | 5424 28c5 | fa10 4424 | 30c5 fa11 
  0x0000022c07e54ae4: 4424 2c48 | 8944 2430 | 4c89 5c24 | 3844 894c | 2440 4c89 

  0x0000022c07e54af8: ;   {runtime_call UncommonTrapBlob}
  0x0000022c07e54af8: 4424 48e8 

  0x0000022c07e54afc: ; ImmutableOopMap {rbp=Oop [40]=NarrowOop [56]=Oop [64]=NarrowOop [72]=Oop }
                      ;*invokeinterface onKeyEvent {reexecute=0 rethrow=0 return_oop=0}
                      ; - com.jme3.input.lwjgl.GlfwKeyInput::update@39 (line 161)
                      ; - com.jme3.input.InputManager::update@50 (line 906)
                      ; - com.jme3.app.LegacyApplication::update@91 (line 724)
                      ; - com.jme3.app.SimpleApplication::update@20 (line 246)
  0x0000022c07e54afc: 60f8 64ff 

  0x0000022c07e54b00: ;   {other}
  0x0000022c07e54b00: 0f1f 8400 | 7856 00a0 | bade ffff | ff44 8954 | 2428 c5fa | 1044 2430 | c5fa 1144 | 242c 4889 
  0x0000022c07e54b20: 4424 304c | 895c 2438 | 4489 4c24 | 4089 4c24 

  0x0000022c07e54b30: ;   {runtime_call UncommonTrapBlob}
  0x0000022c07e54b30: 4466 90e8 

  0x0000022c07e54b34: ; ImmutableOopMap {[40]=NarrowOop [56]=Oop [64]=NarrowOop [68]=NarrowOop [72]=Oop }
                      ;*invokeinterface poll {reexecute=0 rethrow=0 return_oop=0}
                      ; - com.jme3.input.lwjgl.GlfwMouseInput::update@158 (line 302)
                      ; - com.jme3.input.InputManager::update@59 (line 907)
                      ; - com.jme3.app.LegacyApplication::update@91 (line 724)
                      ; - com.jme3.app.SimpleApplication::update@20 (line 246)
  0x0000022c07e54b34: 28f8 64ff 

  0x0000022c07e54b38: ;   {other}
  0x0000022c07e54b38: 0f1f 8400 | b056 00a1 | bade ffff | ff48 8b6c | 2448 4489 | 5424 28c5 | fa10 4c24 | 30c5 fa11 
  0x0000022c07e54b58: 4c24 2c48 | 8944 2430 | 4c89 5c24 | 3844 894c | 2440 4c89 

  0x0000022c07e54b6c: ;   {runtime_call UncommonTrapBlob}
  0x0000022c07e54b6c: 4424 48e8 

  0x0000022c07e54b70: ; ImmutableOopMap {rbp=Oop [40]=NarrowOop [56]=Oop [64]=NarrowOop [72]=Oop }
                      ;*invokeinterface onMouseButtonEvent {reexecute=0 rethrow=0 return_oop=0}
                      ; - com.jme3.input.lwjgl.GlfwMouseInput::update@166 (line 302)
                      ; - com.jme3.input.InputManager::update@59 (line 907)
                      ; - com.jme3.app.LegacyApplication::update@91 (line 724)
                      ; - com.jme3.app.SimpleApplication::update@20 (line 246)
  0x0000022c07e54b70: ecf7 64ff 

  0x0000022c07e54b74: ;   {other}
  0x0000022c07e54b74: 0f1f 8400 | ec56 00a2 | bade ffff | ff44 8b54 | 2434 4489 | 5424 28c5 | fa10 4c24 | 30c5 fa11 
  0x0000022c07e54b94: 4c24 2c4c | 8b54 2438 | 4c89 5424 | 304c 895c | 2438 894c 

  0x0000022c07e54ba8: ;   {runtime_call UncommonTrapBlob}
  0x0000022c07e54ba8: 2440 90e8 

  0x0000022c07e54bac: ; ImmutableOopMap {[40]=NarrowOop [56]=Oop [64]=NarrowOop [72]=Oop }
                      ;*invokeinterface isEmpty {reexecute=0 rethrow=0 return_oop=0}
                      ; - com.jme3.input.lwjgl.GlfwKeyInput::update@15 (line 160)
                      ; - com.jme3.input.InputManager::update@50 (line 906)
                      ; - com.jme3.app.LegacyApplication::update@91 (line 724)
                      ; - com.jme3.app.SimpleApplication::update@20 (line 246)
  0x0000022c07e54bac: b0f7 64ff 

  0x0000022c07e54bb0: ;   {other}
  0x0000022c07e54bb0: 0f1f 8400 | 2857 00a3 | bade ffff | ff44 8b44 | 2434 4489 | 4424 28c5 | fa10 4424 | 30c5 fa11 
  0x0000022c07e54bd0: 4424 2c4c | 8b54 2438 | 4c89 5424 | 304c 895c | 2438 894c 

  0x0000022c07e54be4: ;   {runtime_call UncommonTrapBlob}
  0x0000022c07e54be4: 2440 90e8 

  0x0000022c07e54be8: ; ImmutableOopMap {[40]=NarrowOop [56]=Oop [64]=NarrowOop [72]=Oop }
                      ;*invokeinterface isEmpty {reexecute=0 rethrow=0 return_oop=0}
                      ; - com.jme3.input.lwjgl.GlfwMouseInput::update@142 (line 301)
                      ; - com.jme3.input.InputManager::update@59 (line 907)
                      ; - com.jme3.app.LegacyApplication::update@91 (line 724)
                      ; - com.jme3.app.SimpleApplication::update@20 (line 246)
  0x0000022c07e54be8: 74f7 64ff 

  0x0000022c07e54bec: ;   {other}
  0x0000022c07e54bec: 0f1f 8400 | 6457 00a4 | bade ffff | ff44 8b54 | 2434 4489 | 5424 28c5 | fa10 4c24 | 30c5 fa11 
  0x0000022c07e54c0c: 4c24 2c4c | 8b54 2438 | 4c89 5424 | 304c 895c | 2438 4489 

  0x0000022c07e54c20: ;   {runtime_call UncommonTrapBlob}
  0x0000022c07e54c20: 4424 40e8 

  0x0000022c07e54c24: ; ImmutableOopMap {[40]=NarrowOop [56]=Oop [64]=NarrowOop [72]=Oop }
                      ;*invokeinterface isEmpty {reexecute=0 rethrow=0 return_oop=0}
                      ; - com.jme3.input.lwjgl.GlfwMouseInput::update@106 (line 297)
                      ; - com.jme3.input.InputManager::update@59 (line 907)
                      ; - com.jme3.app.LegacyApplication::update@91 (line 724)
                      ; - com.jme3.app.SimpleApplication::update@20 (line 246)
  0x0000022c07e54c24: 38f7 64ff 

  0x0000022c07e54c28: ;   {other}
  0x0000022c07e54c28: 0f1f 8400 | a057 00a5 | baf6 ffff | ffc5 fa10 | 4424 2cc5 | fa11 4424 

  0x0000022c07e54c40: ;   {runtime_call UncommonTrapBlob}
  0x0000022c07e54c40: 2466 90e8 

  0x0000022c07e54c44: ; ImmutableOopMap {rbp=Oop [56]=Oop }
                      ;*invokevirtual getArray {reexecute=0 rethrow=0 return_oop=0}
                      ; - com.jme3.scene.Node::updateLogicalState@17 (line 241)
                      ; - com.jme3.app.SimpleApplication::update@109 (line 261)
  0x0000022c07e54c44: 18f7 64ff 

  0x0000022c07e54c48: ;   {other}
  0x0000022c07e54c48: 0f1f 8400 | c057 00a6 | baf6 ffff | ffc5 fa10 | 4424 2cc5 | fa11 4424 

  0x0000022c07e54c60: ;   {runtime_call UncommonTrapBlob}
  0x0000022c07e54c60: 2466 90e8 

  0x0000022c07e54c64: ; ImmutableOopMap {rbp=Oop [56]=Oop }
                      ;*invokevirtual getArray {reexecute=0 rethrow=0 return_oop=0}
                      ; - com.jme3.scene.Node::updateLogicalState@17 (line 241)
                      ; - com.jme3.app.SimpleApplication::update@117 (line 262)
  0x0000022c07e54c64: f8f6 64ff 

  0x0000022c07e54c68: ;   {other}
  0x0000022c07e54c68: 0f1f 8400 | e057 00a7 | baf6 ffff | ff4c 8b54 | 2448 4c89 

  0x0000022c07e54c7c: ;   {runtime_call UncommonTrapBlob}
  0x0000022c07e54c7c: 5424 28e8 

  0x0000022c07e54c80: ; ImmutableOopMap {rbp=Oop [40]=Oop [52]=NarrowOop [64]=Oop [80]=Oop }
                      ;*invokevirtual add {reexecute=0 rethrow=0 return_oop=0}
                      ; - com.jme3.input.InputManager::onMouseMotionEvent@30 (line 442)
                      ; - com.jme3.input.lwjgl.GlfwMouseInput::update@130 (line 298)
                      ; - com.jme3.input.InputManager::update@59 (line 907)
                      ; - com.jme3.app.LegacyApplication::update@91 (line 724)
                      ; - com.jme3.app.SimpleApplication::update@20 (line 246)
  0x0000022c07e54c80: dcf6 64ff 

  0x0000022c07e54c84: ;   {other}
  0x0000022c07e54c84: 0f1f 8400 | fc57 00a8 | ba76 ffff | ffc5 fa10 | 4c24 2cc5 | f828 c1c5 | fa11 4424 | 244c 8b54 
  0x0000022c07e54ca4: 2438 4c89 | 5424 284c | 894c 2430 | 4489 4424 

  0x0000022c07e54cb4: ;   {runtime_call UncommonTrapBlob}
  0x0000022c07e54cb4: 3c66 90e8 

  0x0000022c07e54cb8: ; ImmutableOopMap {rbp=Oop [40]=Oop [48]=Oop }
                      ;*if_icmpge {reexecute=1 rethrow=0 return_oop=0}
                      ; - (reexecute) com.jme3.scene.Node::updateLogicalState@33 (line 241)
                      ; - com.jme3.app.SimpleApplication::update@109 (line 261)
  0x0000022c07e54cb8: a4f6 64ff 

  0x0000022c07e54cbc: ;   {other}
  0x0000022c07e54cbc: 0f1f 8400 | 3458 00a9 | ba76 ffff | ffc5 fa10 | 4c24 2cc5 | f828 c1c5 | fa11 4424 | 244c 8b54 
  0x0000022c07e54cdc: 2438 4c89 | 5424 284c | 894c 2430 | 4489 5c24 

  0x0000022c07e54cec: ;   {runtime_call UncommonTrapBlob}
  0x0000022c07e54cec: 3c66 90e8 

  0x0000022c07e54cf0: ; ImmutableOopMap {rbp=Oop [40]=Oop [48]=Oop }
                      ;*if_icmpge {reexecute=1 rethrow=0 return_oop=0}
                      ; - (reexecute) com.jme3.scene.Node::updateLogicalState@33 (line 241)
                      ; - com.jme3.app.SimpleApplication::update@117 (line 262)
  0x0000022c07e54cf0: 6cf6 64ff 

  0x0000022c07e54cf4: ;   {other}
  0x0000022c07e54cf4: 0f1f 8400 | 6c58 00aa | bade ffff | ffc5 fa10 | 4c24 30c5 | fa11 4c24 | 2889 7424 | 2c89 7c24 
  0x0000022c07e54d14: 3444 8954 | 243c 895c | 2444 895c 

  0x0000022c07e54d20: ;   {runtime_call UncommonTrapBlob}
  0x0000022c07e54d20: 2448 90e8 

  0x0000022c07e54d24: ; ImmutableOopMap {rbp=NarrowOop [32]=Oop [44]=NarrowOop [52]=NarrowOop [60]=NarrowOop [68]=NarrowOop [72]=NarrowOop }
                      ;*invokeinterface size {reexecute=0 rethrow=0 return_oop=0}
                      ; - com.jme3.util.SafeArrayList::getArray@41 (line 148)
                      ; - com.jme3.app.state.AppStateManager::getStates@11 (line 127)
                      ; - com.jme3.app.state.AppStateManager::render@1 (line 366)
                      ; - com.jme3.app.SimpleApplication::update@161 (line 269)
  0x0000022c07e54d24: 38f6 64ff 

  0x0000022c07e54d28: ;   {other}
  0x0000022c07e54d28: 0f1f 8400 | a058 00ab | bade ffff | ff48 8974 | 2420 c5fa | 104c 2430 | c5fa 114c | 2428 897c 
  0x0000022c07e54d48: 2430 4489 | 5c24 3889 | 4c24 4089 

  0x0000022c07e54d54: ;   {runtime_call UncommonTrapBlob}
  0x0000022c07e54d54: 4c24 44e8 

  0x0000022c07e54d58: ; ImmutableOopMap {rbp=NarrowOop [32]=Oop [48]=NarrowOop [56]=NarrowOop [64]=NarrowOop [68]=NarrowOop }
                      ;*invokeinterface size {reexecute=0 rethrow=0 return_oop=0}
                      ; - com.jme3.util.SafeArrayList::getArray@41 (line 148)
                      ; - com.jme3.app.state.AppStateManager::getStates@11 (line 127)
                      ; - com.jme3.app.state.AppStateManager::postRender@1 (line 378)
                      ; - com.jme3.app.SimpleApplication::update@212 (line 274)
  0x0000022c07e54d58: 04f6 64ff 

  0x0000022c07e54d5c: ;   {other}
  0x0000022c07e54d5c: 0f1f 8400 | d458 00ac | bade ffff | ffc5 fa10 | 4c24 30c5 | fa11 4c24 | 2844 8954 | 242c 894c 
  0x0000022c07e54d7c: 2434 894c 

  0x0000022c07e54d80: ;   {runtime_call UncommonTrapBlob}
  0x0000022c07e54d80: 2438 90e8 

  0x0000022c07e54d84: ; ImmutableOopMap {rbp=NarrowOop [32]=Oop [44]=NarrowOop [52]=NarrowOop [56]=NarrowOop }
                      ;*invokeinterface size {reexecute=0 rethrow=0 return_oop=0}
                      ; - com.jme3.util.SafeArrayList::getArray@41 (line 148)
                      ; - com.jme3.scene.Node::updateGeometricState@73 (line 271)
                      ; - com.jme3.app.SimpleApplication::update@124 (line 264)
  0x0000022c07e54d84: d8f5 64ff 

  0x0000022c07e54d88: ;   {other}
  0x0000022c07e54d88: 0f1f 8400 | 0059 00ad | bade ffff | ffc5 fa10 | 4424 30c5 | fa11 4424 | 2844 8954 | 242c 895c 
  0x0000022c07e54da8: 2434 895c 

  0x0000022c07e54dac: ;   {runtime_call UncommonTrapBlob}
  0x0000022c07e54dac: 2438 90e8 

  0x0000022c07e54db0: ; ImmutableOopMap {rbp=NarrowOop [32]=Oop [44]=NarrowOop [52]=NarrowOop [56]=NarrowOop }
                      ;*invokeinterface size {reexecute=0 rethrow=0 return_oop=0}
                      ; - com.jme3.util.SafeArrayList::getArray@41 (line 148)
                      ; - com.jme3.scene.Node::updateGeometricState@73 (line 271)
                      ; - com.jme3.app.SimpleApplication::update@131 (line 265)
  0x0000022c07e54db0: acf5 64ff 

  0x0000022c07e54db4: ;   {other}
  0x0000022c07e54db4: 0f1f 8400 | 2c59 00ae | bade ffff | ffc5 fa10 | 4c24 30c5 | f828 c1c5 | fa11 4424 | 2c44 894c 
  0x0000022c07e54dd4: 2454 4489 

  0x0000022c07e54dd8: ;   {runtime_call UncommonTrapBlob}
  0x0000022c07e54dd8: 4c24 58e8 

  0x0000022c07e54ddc: ; ImmutableOopMap {rbp=NarrowOop [32]=Oop [56]=Oop [84]=NarrowOop [88]=NarrowOop }
                      ;*invokeinterface size {reexecute=0 rethrow=0 return_oop=0}
                      ; - com.jme3.util.SafeArrayList::getArray@41 (line 148)
                      ; - com.jme3.scene.Spatial::runControlUpdate@15 (line 736)
                      ; - com.jme3.scene.Spatial::updateLogicalState@2 (line 880)
                      ; - com.jme3.scene.Node::updateLogicalState@2 (line 231)
                      ; - com.jme3.app.SimpleApplication::update@109 (line 261)
  0x0000022c07e54ddc: 80f5 64ff 

  0x0000022c07e54de0: ;   {other}
  0x0000022c07e54de0: 0f1f 8400 | 5859 00af | bade ffff | ffc5 fa10 | 4c24 30c5 | f828 c1c5 | fa11 4424 | 2c89 4c24 
  0x0000022c07e54e00: 5489 4c24 

  0x0000022c07e54e04: ;   {runtime_call UncommonTrapBlob}
  0x0000022c07e54e04: 5866 90e8 

  0x0000022c07e54e08: ; ImmutableOopMap {rbp=NarrowOop [32]=Oop [56]=Oop [84]=NarrowOop [88]=NarrowOop }
                      ;*invokeinterface size {reexecute=0 rethrow=0 return_oop=0}
                      ; - com.jme3.util.SafeArrayList::getArray@41 (line 148)
                      ; - com.jme3.scene.Spatial::runControlUpdate@15 (line 736)
                      ; - com.jme3.scene.Spatial::updateLogicalState@2 (line 880)
                      ; - com.jme3.scene.Node::updateLogicalState@2 (line 231)
                      ; - com.jme3.app.SimpleApplication::update@117 (line 262)
  0x0000022c07e54e08: 54f5 64ff 

  0x0000022c07e54e0c: ;   {other}
  0x0000022c07e54e0c: 0f1f 8400 | 8459 00b0 | 8beb 488b | cf49 8bd7 | 49ba e007 | 6957 f97f | 0000 41ff 

  0x0000022c07e54e28: ;   {other}
  0x0000022c07e54e28: d20f 1f84 | 0000 0000 | 008b dde9 | d3cb ffff | 498b d749 | bae0 0769 | 57f9 7f00 | 0041 ffd2 
  0x0000022c07e54e48: ;   {other}
  0x0000022c07e54e48: 0f1f 8400 | 0000 0000 | e91c ccff | ffba 45ff | ffff 4c8b | 5424 484c | 8954 2428 | 4c89 5424 
  0x0000022c07e54e68: 3089 5c24 | 3c48 8974 | 2440 4489 

  0x0000022c07e54e74: ;   {runtime_call UncommonTrapBlob}
  0x0000022c07e54e74: 6c24 48e8 

  0x0000022c07e54e78: ; ImmutableOopMap {[40]=Oop [48]=Oop [60]=NarrowOop [64]=Oop [72]=NarrowOop [80]=NarrowOop }
                      ;*ifeq {reexecute=1 rethrow=0 return_oop=0}
                      ; - (reexecute) java.util.concurrent.ConcurrentLinkedQueue::poll@24 (line 387)
                      ; - com.jme3.app.LegacyApplication::runQueuedTasks@4 (line 699)
                      ; - com.jme3.app.LegacyApplication::update@27 (line 715)
                      ; - com.jme3.app.SimpleApplication::update@20 (line 246)
  0x0000022c07e54e78: e4f4 64ff 

  0x0000022c07e54e7c: ;   {other}
  0x0000022c07e54e7c: 0f1f 8400 | f459 00b1 | ba45 ffff | ff48 8b6c | 2448 4889 | 4424 f88b | 4424 5089 | 4424 3048 
  0x0000022c07e54e9c: 8b44 24f8 | 4c89 7424 | 3844 896c | 2444 895c | 244c 8974 

  0x0000022c07e54eb0: ;   {runtime_call UncommonTrapBlob}
  0x0000022c07e54eb0: 2450 90e8 

  0x0000022c07e54eb4: ; ImmutableOopMap {rbp=Oop [48]=NarrowOop [56]=Oop [68]=NarrowOop [76]=NarrowOop [80]=NarrowOop }
                      ;*ifnull {reexecute=1 rethrow=0 return_oop=0}
                      ; - (reexecute) java.util.concurrent.ConcurrentLinkedQueue::poll@40 (line 391)
                      ; - com.jme3.app.LegacyApplication::runQueuedTasks@4 (line 699)
                      ; - com.jme3.app.LegacyApplication::update@27 (line 715)
                      ; - com.jme3.app.SimpleApplication::update@20 (line 246)
  0x0000022c07e54eb4: a8f4 64ff 

  0x0000022c07e54eb8: ;   {other}
  0x0000022c07e54eb8: 0f1f 8400 | 305a 00b2 | ba45 ffff | ff4c 8b54 | 2448 4c89 | 5424 284c | 8954 2430 | 4c89 7424 
  0x0000022c07e54ed8: 4044 896c | 244c 895c | 2454 8974 

  0x0000022c07e54ee4: ;   {runtime_call UncommonTrapBlob}
  0x0000022c07e54ee4: 2458 90e8 

  0x0000022c07e54ee8: ; ImmutableOopMap {[40]=Oop [48]=Oop [64]=Oop [76]=NarrowOop [80]=NarrowOop [84]=NarrowOop [88]=NarrowOop }
                      ;*ifeq {reexecute=1 rethrow=0 return_oop=0}
                      ; - (reexecute) java.util.concurrent.ConcurrentLinkedQueue::updateHead@14 (line 292)
                      ; - java.util.concurrent.ConcurrentLinkedQueue::poll@48 (line 391)
                      ; - com.jme3.app.LegacyApplication::runQueuedTasks@4 (line 699)
                      ; - com.jme3.app.LegacyApplication::update@27 (line 715)
                      ; - com.jme3.app.SimpleApplication::update@20 (line 246)
  0x0000022c07e54ee8: 74f4 64ff 

  0x0000022c07e54eec: ;   {other}
  0x0000022c07e54eec: 0f1f 8400 | 645a 00b3 | ba5c ffff | ff48 8b6c | 2448 4889 | 4424 f88b | 4424 5089 | 4424 3048 
  0x0000022c07e54f0c: 8b44 24f8 | 895c 2444 | 4889 7424 | 4889 5c24 

  0x0000022c07e54f1c: ;   {runtime_call UncommonTrapBlob}
  0x0000022c07e54f1c: 5066 90e8 

  0x0000022c07e54f20: ; ImmutableOopMap {rbp=Oop [48]=NarrowOop [68]=NarrowOop [72]=Oop [80]=NarrowOop }
                      ;*ifnonnull {reexecute=1 rethrow=0 return_oop=0}
                      ; - (reexecute) java.util.Objects::requireNonNull@1 (line 219)
                      ; - java.lang.invoke.VarHandleReferences$FieldInstanceReadWrite::setRelease@16 (line 172)
                      ; - java.lang.invoke.VarHandleGuards::guard_LL_V@45 (line 53)
                      ; - java.util.concurrent.ConcurrentLinkedQueue::updateHead@22 (line 293)
                      ; - java.util.concurrent.ConcurrentLinkedQueue::poll@66 (line 395)
                      ; - com.jme3.app.LegacyApplication::runQueuedTasks@4 (line 699)
                      ; - com.jme3.app.LegacyApplication::update@27 (line 715)
                      ; - com.jme3.app.SimpleApplication::update@20 (line 246)
  0x0000022c07e54f20: 3cf4 64ff 

  0x0000022c07e54f24: ;   {other}
  0x0000022c07e54f24: 0f1f 8400 | 9c5a 00b4 | 498b d749 | bae0 0769 | 57f9 7f00 | 0041 ffd2 

  0x0000022c07e54f3c: ;   {other}
  0x0000022c07e54f3c: 0f1f 8400 | 0000 0000 | e93e e0ff | ff49 8bd7 | 49ba e007 | 6957 f97f | 0000 41ff 

  0x0000022c07e54f58: ;   {other}
  0x0000022c07e54f58: d20f 1f84 | 0000 0000 | 00e9 8ce0 | ffff 498b | d749 bae0 | 0769 57f9 | 7f00 0041 

  0x0000022c07e54f74: ;   {other}
  0x0000022c07e54f74: ffd2 0f1f | 8400 0000 | 0000 e9da | e0ff ff41 | 8bfa 498b | d749 bae0 | 0769 57f9 | 7f00 0041 
  0x0000022c07e54f94: ;   {other}
  0x0000022c07e54f94: ffd2 0f1f | 8400 0000 | 0000 448b | d7e9 b1cc | ffff 418b | da49 8bd7 | 49ba e007 | 6957 f97f 
  0x0000022c07e54fb4: 0000 41ff 

  0x0000022c07e54fb8: ;   {other}
  0x0000022c07e54fb8: d20f 1f84 | 0000 0000 | 0044 8bd3 | e9db ccff | ff49 8bd7 | 49ba e007 | 6957 f97f | 0000 41ff 
  0x0000022c07e54fd8: ;   {other}
  0x0000022c07e54fd8: d20f 1f84 | 0000 0000 | 00e9 b1ce | ffff 498b | d749 bae0 | 0769 57f9 | 7f00 0041 

  0x0000022c07e54ff4: ;   {other}
  0x0000022c07e54ff4: ffd2 0f1f | 8400 0000 | 0000 e94b | ceff ff49 | 8bd7 49ba | e007 6957 | f97f 0000 

  0x0000022c07e55010: ;   {other}
  0x0000022c07e55010: 41ff d20f | 1f84 0000 | 0000 00e9 | 53d0 ffff | 498b d749 | bae0 0769 | 57f9 7f00 | 0041 ffd2 
  0x0000022c07e55030: ;   {other}
  0x0000022c07e55030: 0f1f 8400 | 0000 0000 | e9e9 cfff | ff49 8bd7 | 49ba e007 | 6957 f97f | 0000 41ff 

  0x0000022c07e5504c: ;   {other}
  0x0000022c07e5504c: d20f 1f84 | 0000 0000 | 00e9 9cd1 | ffff 498b | d749 bae0 | 0769 57f9 | 7f00 0041 

  0x0000022c07e55068: ;   {other}
  0x0000022c07e55068: ffd2 0f1f | 8400 0000 | 0000 e9cc | d1ff ff49 | 8bd7 49ba | e007 6957 | f97f 0000 

  0x0000022c07e55084: ;   {other}
  0x0000022c07e55084: 41ff d20f | 1f84 0000 | 0000 00e9 | 6bd3 ffff | 498b d749 | bae0 0769 | 57f9 7f00 | 0041 ffd2 
  0x0000022c07e550a4: ;   {other}
  0x0000022c07e550a4: 0f1f 8400 | 0000 0000 | e901 d3ff | ff49 8bd7 | 49ba e007 | 6957 f97f | 0000 41ff 

  0x0000022c07e550c0: ;   {other}
  0x0000022c07e550c0: d20f 1f84 | 0000 0000 | 00e9 09d5 | ffff 498b | d749 bae0 | 0769 57f9 | 7f00 0041 

  0x0000022c07e550dc: ;   {other}
  0x0000022c07e550dc: ffd2 0f1f | 8400 0000 | 0000 e99f | d4ff ffba | 45ff ffff | 4c8b 5424 | 484c 8954 | 2428 4c89 
  0x0000022c07e550fc: 5424 3089 | 5c24 3c48 | 8974 2448 

  0x0000022c07e55108: ;   {runtime_call UncommonTrapBlob}
  0x0000022c07e55108: 6666 90e8 

  0x0000022c07e5510c: ; ImmutableOopMap {rbp=NarrowOop [40]=Oop [48]=Oop [60]=NarrowOop [72]=Oop [80]=NarrowOop }
                      ;*if_acmpne {reexecute=1 rethrow=0 return_oop=0}
                      ; - (reexecute) java.util.concurrent.ConcurrentLinkedQueue::poll@73 (line 398)
                      ; - com.jme3.app.LegacyApplication::runQueuedTasks@4 (line 699)
                      ; - com.jme3.app.LegacyApplication::update@27 (line 715)
                      ; - com.jme3.app.SimpleApplication::update@20 (line 246)
  0x0000022c07e5510c: 50f2 64ff 

  0x0000022c07e55110: ;   {other}
  0x0000022c07e55110: 0f1f 8400 | 885c 00b5 | bae4 ffff | ff48 8b6c | 2448 4889 | 7c24 3048 | 897c 2438 | 4c8b 5424 
  0x0000022c07e55130: 584c 8954 | 2448 4489 | 7424 6c48 | 895c 2478 

  0x0000022c07e55140: ;   {runtime_call UncommonTrapBlob}
  0x0000022c07e55140: 6666 90e8 

  0x0000022c07e55144: ; ImmutableOopMap {rbp=Oop [48]=Oop [56]=Oop [72]=Oop [80]=NarrowOop [84]=NarrowOop [108]=NarrowOop [120]=Oop }
                      ;*aastore {reexecute=1 rethrow=0 return_oop=0}
                      ; - (reexecute) java.lang.ThreadLocal$ThreadLocalMap::set@94 (line 563)
                      ; - java.lang.ThreadLocal::set@13 (line 265)
                      ; - java.lang.ThreadLocal::set@5 (line 251)
                      ; - com.jme3.audio.AudioContext::setAudioRenderer@4 (line 44)
                      ; - com.jme3.app.LegacyApplication::update@4 (line 712)
                      ; - com.jme3.app.SimpleApplication::update@20 (line 246)
  0x0000022c07e55144: 18f2 64ff 

  0x0000022c07e55148: ;   {other}
  0x0000022c07e55148: 0f1f 8400 | c05c 00b6 | 488b cf49 | 8bd7 49ba | e007 6957 | f97f 0000 

  0x0000022c07e55160: ;   {other}
  0x0000022c07e55160: 41ff d20f | 1f84 0000 | 0000 00e9 | a5d9 ffff | 498b d749 | bae0 0769 | 57f9 7f00 | 0041 ffd2 
  0x0000022c07e55180: ;   {other}
  0x0000022c07e55180: 0f1f 8400 | 0000 0000 | e9f9 d9ff | ffba 45ff | ffff 4c8b | 5424 484c | 8954 2428 | 4c89 5424 
  0x0000022c07e551a0: 3048 8944 | 24f8 8b44 | 2450 8944 | 2438 488b | 4424 f889 | 5c24 4c48 | 8974 2450 

  0x0000022c07e551bc: ;   {runtime_call UncommonTrapBlob}
  0x0000022c07e551bc: 6666 90e8 

  0x0000022c07e551c0: ; ImmutableOopMap {[40]=Oop [48]=Oop [56]=NarrowOop [76]=NarrowOop [80]=Oop }
                      ;*ifeq {reexecute=1 rethrow=0 return_oop=0}
                      ; - (reexecute) java.util.concurrent.ConcurrentLinkedQueue::updateHead@14 (line 292)
                      ; - java.util.concurrent.ConcurrentLinkedQueue::poll@66 (line 395)
                      ; - com.jme3.app.LegacyApplication::runQueuedTasks@4 (line 699)
                      ; - com.jme3.app.LegacyApplication::update@27 (line 715)
                      ; - com.jme3.app.SimpleApplication::update@20 (line 246)
  0x0000022c07e551c0: 9cf1 64ff 

  0x0000022c07e551c4: ;   {other}
  0x0000022c07e551c4: 0f1f 8400 | 3c5d 00b7 | 498b d749 | bae0 0769 | 57f9 7f00 | 0041 ffd2 

  0x0000022c07e551dc: ;   {other}
  0x0000022c07e551dc: 0f1f 8400 | 0000 0000 | e943 e4ff | ff49 8bd7 | 49ba e007 | 6957 f97f | 0000 41ff 

  0x0000022c07e551f8: ;   {other}
  0x0000022c07e551f8: d20f 1f84 | 0000 0000 | 00e9 9bad | ffff 498b | d749 bae0 | 0769 57f9 | 7f00 0041 

  0x0000022c07e55214: ;   {other}
  0x0000022c07e55214: ffd2 0f1f | 8400 0000 | 0000 e9e8 | adff ff49 | 8bd7 49ba | e007 6957 | f97f 0000 

  0x0000022c07e55230: ;   {other}
  0x0000022c07e55230: 41ff d20f | 1f84 0000 | 0000 0044 | 8bd5 e9f6 | c8ff ff49 | 8bd7 49ba | e007 6957 | f97f 0000 
  0x0000022c07e55250: ;   {other}
  0x0000022c07e55250: 41ff d20f | 1f84 0000 | 0000 00e9 | d0ca ffff | 498b d749 | bae0 0769 | 57f9 7f00 | 0041 ffd2 
  0x0000022c07e55270: ;   {other}
  0x0000022c07e55270: 0f1f 8400 | 0000 0000 | e99b ccff | ff49 8bd7 | 49ba e007 | 6957 f97f | 0000 41ff 

  0x0000022c07e5528c: ;   {other}
  0x0000022c07e5528c: d20f 1f84 | 0000 0000 | 00e9 4ace | ffff 498b | d749 bae0 | 0769 57f9 | 7f00 0041 

  0x0000022c07e552a8: ;   {other}
  0x0000022c07e552a8: ffd2 0f1f | 8400 0000 | 0000 e9f5 | cfff ff49 | 8bd7 49ba | e007 6957 | f97f 0000 

  0x0000022c07e552c4: ;   {other}
  0x0000022c07e552c4: 41ff d20f | 1f84 0000 | 0000 00e9 | b0d1 ffff | bade ffff | ff4c 8b44 | 2448 4c89 | 4424 2844 
  0x0000022c07e552e4: 8954 2434 | 4889 4424 | 384c 895c | 2440 4489 

  0x0000022c07e552f4: ;   {runtime_call UncommonTrapBlob}
  0x0000022c07e552f4: 4c24 48e8 

  0x0000022c07e552f8: ; ImmutableOopMap {rbp=NarrowOop [40]=Oop [52]=NarrowOop [64]=Oop [72]=NarrowOop }
                      ;*checkcast {reexecute=0 rethrow=0 return_oop=0}
                      ; - com.jme3.input.lwjgl.GlfwKeyInput::update@36 (line 161)
                      ; - com.jme3.input.InputManager::update@50 (line 906)
                      ; - com.jme3.app.LegacyApplication::update@91 (line 724)
                      ; - com.jme3.app.SimpleApplication::update@20 (line 246)
  0x0000022c07e552f8: 64f0 64ff 

  0x0000022c07e552fc: ;   {other}
  0x0000022c07e552fc: 0f1f 8400 | 745e 00b8 | bade ffff | ff4c 8b44 | 2448 4c89 | 4424 2844 | 8954 2434 | 4889 4424 
  0x0000022c07e5531c: 384c 895c | 2440 4489 

  0x0000022c07e55324: ;   {runtime_call UncommonTrapBlob}
  0x0000022c07e55324: 4c24 48e8 

  0x0000022c07e55328: ; ImmutableOopMap {rbp=NarrowOop [40]=Oop [52]=NarrowOop [64]=Oop [72]=NarrowOop }
                      ;*checkcast {reexecute=0 rethrow=0 return_oop=0}
                      ; - com.jme3.input.lwjgl.GlfwMouseInput::update@127 (line 298)
                      ; - com.jme3.input.InputManager::update@59 (line 907)
                      ; - com.jme3.app.LegacyApplication::update@91 (line 724)
                      ; - com.jme3.app.SimpleApplication::update@20 (line 246)
  0x0000022c07e55328: 34f0 64ff 

  0x0000022c07e5532c: ;   {other}
  0x0000022c07e5532c: 0f1f 8400 | a45e 00b9 | bade ffff | ff4c 8b44 | 2448 4c89 | 4424 2844 | 8954 2434 | 4889 4424 
  0x0000022c07e5534c: 384c 895c | 2440 4489 

  0x0000022c07e55354: ;   {runtime_call UncommonTrapBlob}
  0x0000022c07e55354: 4c24 48e8 

  0x0000022c07e55358: ; ImmutableOopMap {rbp=NarrowOop [40]=Oop [52]=NarrowOop [64]=Oop [72]=NarrowOop }
                      ;*checkcast {reexecute=0 rethrow=0 return_oop=0}
                      ; - com.jme3.input.lwjgl.GlfwMouseInput::update@163 (line 302)
                      ; - com.jme3.input.InputManager::update@59 (line 907)
                      ; - com.jme3.app.LegacyApplication::update@91 (line 724)
                      ; - com.jme3.app.SimpleApplication::update@20 (line 246)
  0x0000022c07e55358: 04f0 64ff 

  0x0000022c07e5535c: ;   {other}
  0x0000022c07e5535c: 0f1f 8400 | d45e 00ba | bade ffff | ff48 8b6c | 2448 c5fa | 1044 2430 | c5fa 1144 | 242c 488b 
  0x0000022c07e5537c: 4424 3848 | 8944 2430 | 4489 5424 | 3848 8974 | 2440 894c | 243c 895c | 2448 4489 | 4424 4c44 
  0x0000022c07e5539c: 895c 2450 | 897c 2454 | 4489 4c24 

  0x0000022c07e553a8: ;   {runtime_call UncommonTrapBlob}
  0x0000022c07e553a8: 5866 90e8 

  0x0000022c07e553ac: ; ImmutableOopMap {rbp=Oop [56]=NarrowOop [64]=Oop [72]=NarrowOop [84]=NarrowOop [88]=NarrowOop }
                      ;*checkcast {reexecute=0 rethrow=0 return_oop=0}
                      ; - com.jme3.input.InputManager::invokeUpdateActions@36 (line 213)
                      ; - com.jme3.input.InputManager::update@106 (line 918)
                      ; - com.jme3.app.LegacyApplication::update@91 (line 724)
                      ; - com.jme3.app.SimpleApplication::update@20 (line 246)
  0x0000022c07e553ac: b0ef 64ff 

  0x0000022c07e553b0: ;   {other}
  0x0000022c07e553b0: 0f1f 8400 | 285f 00bb | bade ffff | ffc5 fa10 | 4424 2cc5 | fa11 4424 | 2448 8944 

  0x0000022c07e553cc: ;   {runtime_call UncommonTrapBlob}
  0x0000022c07e553cc: 2430 90e8 

  0x0000022c07e553d0: ; ImmutableOopMap {rbp=Oop [48]=Oop [56]=Oop }
                      ;*checkcast {reexecute=0 rethrow=0 return_oop=0}
                      ; - com.jme3.scene.Node::updateLogicalState@20 (line 241)
                      ; - com.jme3.app.SimpleApplication::update@109 (line 261)
  0x0000022c07e553d0: 8cef 64ff 

  0x0000022c07e553d4: ;   {other}
  0x0000022c07e553d4: 0f1f 8400 | 4c5f 00bc | bade ffff | ffc5 fa10 | 4424 2cc5 | fa11 4424 | 2448 8944 

  0x0000022c07e553f0: ;   {runtime_call UncommonTrapBlob}
  0x0000022c07e553f0: 2430 90e8 

  0x0000022c07e553f4: ; ImmutableOopMap {rbp=Oop [48]=Oop [56]=Oop }
                      ;*checkcast {reexecute=0 rethrow=0 return_oop=0}
                      ; - com.jme3.scene.Node::updateLogicalState@20 (line 241)
                      ; - com.jme3.app.SimpleApplication::update@117 (line 262)
  0x0000022c07e553f4: 68ef 64ff 

  0x0000022c07e553f8: ;   {other}
  0x0000022c07e553f8: 0f1f 8400 | 705f 00bd | bade ffff | ffc5 fa10 | 4424 30c5 | fa11 4424 | 2889 7424 | 2c89 7c24 
  0x0000022c07e55418: 3444 8954 

  0x0000022c07e5541c: ;   {runtime_call UncommonTrapBlob}
  0x0000022c07e5541c: 243c 90e8 

  0x0000022c07e55420: ; ImmutableOopMap {rbp=NarrowOop [32]=Oop [44]=NarrowOop [52]=NarrowOop [60]=NarrowOop }
                      ;*checkcast {reexecute=0 rethrow=0 return_oop=0}
                      ; - com.jme3.app.state.AppStateManager::getStates@14 (line 127)
                      ; - com.jme3.app.state.AppStateManager::render@1 (line 366)
                      ; - com.jme3.app.SimpleApplication::update@161 (line 269)
  0x0000022c07e55420: 3cef 64ff 

  0x0000022c07e55424: ;   {other}
  0x0000022c07e55424: 0f1f 8400 | 9c5f 00be | bade ffff | ffc5 fa10 | 4c24 30c5 | f828 c1c5 | fa11 4424 | 2c44 8944 
  0x0000022c07e55444: 2430 4489 

  0x0000022c07e55448: ;   {runtime_call UncommonTrapBlob}
  0x0000022c07e55448: 4c24 34e8 

  0x0000022c07e5544c: ; ImmutableOopMap {rbp=NarrowOop [32]=Oop [48]=NarrowOop }
                      ;*instanceof {reexecute=0 rethrow=0 return_oop=0}
                      ; - com.jme3.renderer.RenderManager::render@4 (line 1140)
                      ; - com.jme3.app.SimpleApplication::update@197 (line 272)
  0x0000022c07e5544c: 10ef 64ff 

  0x0000022c07e55450: ;   {other}
  0x0000022c07e55450: 0f1f 8400 | c85f 00bf | bade ffff | ff48 8974 | 2420 c5fa | 104c 2430 | c5fa 114c | 2428 897c 
  0x0000022c07e55470: 2430 4489 

  0x0000022c07e55474: ;   {runtime_call UncommonTrapBlob}
  0x0000022c07e55474: 5c24 38e8 

  0x0000022c07e55478: ; ImmutableOopMap {rbp=NarrowOop [32]=Oop [48]=NarrowOop [56]=NarrowOop }
                      ;*checkcast {reexecute=0 rethrow=0 return_oop=0}
                      ; - com.jme3.app.state.AppStateManager::getStates@14 (line 127)
                      ; - com.jme3.app.state.AppStateManager::postRender@1 (line 378)
                      ; - com.jme3.app.SimpleApplication::update@212 (line 274)
  0x0000022c07e55478: e4ee 64ff 

  0x0000022c07e5547c: ;   {other}
  0x0000022c07e5547c: 0f1f 8400 | f45f 00c0 | bade ffff | ffc5 fa10 | 4c24 30c5 | f828 c1c5 | fa11 4424 

  0x0000022c07e55498: ;   {runtime_call UncommonTrapBlob}
  0x0000022c07e55498: 2c66 90e8 

  0x0000022c07e5549c: ; ImmutableOopMap {rbp=NarrowOop [32]=Oop [56]=Oop }
                      ;*checkcast {reexecute=0 rethrow=0 return_oop=0}
                      ; - com.jme3.scene.Spatial::runControlUpdate@18 (line 736)
                      ; - com.jme3.scene.Spatial::updateLogicalState@2 (line 880)
                      ; - com.jme3.scene.Node::updateLogicalState@2 (line 231)
                      ; - com.jme3.app.SimpleApplication::update@117 (line 262)
  0x0000022c07e5549c: c0ee 64ff 

  0x0000022c07e554a0: ;   {other}
  0x0000022c07e554a0: 0f1f 8400 | 1860 00c1 | bade ffff | ffc5 fa10 | 4424 30c5 | fa11 4424 | 2c44 8954 | 2430 894c 
  0x0000022c07e554c0: ;   {runtime_call UncommonTrapBlob}
  0x0000022c07e554c0: 2438 90e8 

  0x0000022c07e554c4: ; ImmutableOopMap {rbp=NarrowOop [32]=Oop [48]=NarrowOop }
                      ;*checkcast {reexecute=0 rethrow=0 return_oop=0}
                      ; - com.jme3.renderer.RenderManager::render@128 (line 1156)
                      ; - com.jme3.app.SimpleApplication::update@197 (line 272)
  0x0000022c07e554c4: 98ee 64ff 

  0x0000022c07e554c8: ;   {other}
  0x0000022c07e554c8: 0f1f 8400 | 4060 00c2 | bade ffff | ffc5 fa10 | 4c24 30c5 | f828 c1c5 | fa11 4424 

  0x0000022c07e554e4: ;   {runtime_call UncommonTrapBlob}
  0x0000022c07e554e4: 2c66 90e8 

  0x0000022c07e554e8: ; ImmutableOopMap {rbp=NarrowOop [32]=Oop [56]=Oop }
                      ;*checkcast {reexecute=0 rethrow=0 return_oop=0}
                      ; - com.jme3.scene.Spatial::runControlUpdate@18 (line 736)
                      ; - com.jme3.scene.Spatial::updateLogicalState@2 (line 880)
                      ; - com.jme3.scene.Node::updateLogicalState@2 (line 231)
                      ; - com.jme3.app.SimpleApplication::update@109 (line 261)
  0x0000022c07e554e8: 74ee 64ff 

  0x0000022c07e554ec: ;   {other}
  0x0000022c07e554ec: 0f1f 8400 | 6460 00c3 | bade ffff | ff44 8954 

  0x0000022c07e554fc: ;   {runtime_call UncommonTrapBlob}
  0x0000022c07e554fc: 242c 90e8 

  0x0000022c07e55500: ; ImmutableOopMap {rbp=NarrowOop [32]=Oop [44]=NarrowOop }
                      ;*checkcast {reexecute=0 rethrow=0 return_oop=0}
                      ; - com.jme3.scene.Node::updateGeometricState@76 (line 271)
                      ; - com.jme3.app.SimpleApplication::update@124 (line 264)
  0x0000022c07e55500: 5cee 64ff 

  0x0000022c07e55504: ;   {other}
  0x0000022c07e55504: 0f1f 8400 | 7c60 00c4 | bade ffff | ff44 8954 

  0x0000022c07e55514: ;   {runtime_call UncommonTrapBlob}
  0x0000022c07e55514: 242c 90e8 

  0x0000022c07e55518: ; ImmutableOopMap {rbp=NarrowOop [32]=Oop [44]=NarrowOop }
                      ;*checkcast {reexecute=0 rethrow=0 return_oop=0}
                      ; - com.jme3.scene.Node::updateGeometricState@76 (line 271)
                      ; - com.jme3.app.SimpleApplication::update@131 (line 265)
  0x0000022c07e55518: 44ee 64ff 

  0x0000022c07e5551c: ;   {other}
  0x0000022c07e5551c: 0f1f 8400 | 9460 00c5 | bade ffff | ffc5 fa10 | 4c24 30c5 | f828 c1c5 | fa11 4424 | 2c44 8954 
  0x0000022c07e5553c: 2430 894c 

  0x0000022c07e55540: ;   {runtime_call UncommonTrapBlob}
  0x0000022c07e55540: 2438 90e8 

  0x0000022c07e55544: ; ImmutableOopMap {rbp=NarrowOop [32]=Oop [48]=NarrowOop }
                      ;*checkcast {reexecute=0 rethrow=0 return_oop=0}
                      ; - com.jme3.renderer.RenderManager::render@198 (line 1164)
                      ; - com.jme3.app.SimpleApplication::update@197 (line 272)
  0x0000022c07e55544: 18ee 64ff 

  0x0000022c07e55548: ;   {other}
  0x0000022c07e55548: 0f1f 8400 | c060 00c6 | ba9d ffff | ff48 8944 

  0x0000022c07e55558: ;   {runtime_call UncommonTrapBlob}
  0x0000022c07e55558: 2440 90e8 

  0x0000022c07e5555c: ; ImmutableOopMap {rbp=NarrowOop [32]=Oop [56]=Oop [64]=Oop }
                      ;*astore_3 {reexecute=0 rethrow=0 return_oop=0}
                      ; - com.jme3.audio.openal.ALAudioRenderer::update@17 (line 851)
                      ; - com.jme3.app.LegacyApplication::update@131 (line 729)
                      ; - com.jme3.app.SimpleApplication::update@20 (line 246)
  0x0000022c07e5555c: 00ee 64ff 

  0x0000022c07e55560: ;   {other}
  0x0000022c07e55560: 0f1f 8400 | d860 00c7 | baf6 ffff | ff48 8b6c | 2420 c5fa | 104c 2430 | c5f8 28c1 | c5fa 1144 
  0x0000022c07e55580: 2424 4489 | 5424 2844 | 8b5c 2434 | 4489 5c24 | 2c89 5c24 

  0x0000022c07e55594: ;   {runtime_call UncommonTrapBlob}
  0x0000022c07e55594: 3466 90e8 

  0x0000022c07e55598: ; ImmutableOopMap {rbp=Oop [40]=NarrowOop }
                      ;*invokevirtual get {reexecute=0 rethrow=0 return_oop=0}
                      ; - com.jme3.renderer.RenderManager::render@125 (line 1156)
                      ; - com.jme3.app.SimpleApplication::update@197 (line 272)
  0x0000022c07e55598: c4ed 64ff 

  0x0000022c07e5559c: ;   {other}
  0x0000022c07e5559c: 0f1f 8400 | 1461 00c8 | baf6 ffff | ff48 8b6c | 2420 c5fa | 1044 2430 | c5fa 1144 | 2424 4489 
  0x0000022c07e555bc: 5424 2844 | 8b54 2434 | 4489 5424 | 2c89 5c24 | 3089 7c24 | 3c89 4c24 | 4089 4c24 

  0x0000022c07e555d8: ;   {runtime_call UncommonTrapBlob}
  0x0000022c07e555d8: 4466 90e8 

  0x0000022c07e555dc: ; ImmutableOopMap {rbp=Oop [40]=NarrowOop [60]=NarrowOop }
                      ;*aaload {reexecute=0 rethrow=0 return_oop=0}
                      ; - java.util.ArrayList::elementData@5 (line 412)
                      ; - java.util.ArrayList::get@11 (line 429)
                      ; - com.jme3.renderer.RenderManager::render@125 (line 1156)
                      ; - com.jme3.app.SimpleApplication::update@197 (line 272)
  0x0000022c07e555dc: 80ed 64ff 

  0x0000022c07e555e0: ;   {other}
  0x0000022c07e555e0: 0f1f 8400 | 5861 00c9 | baf4 ffff | ff48 8b6c | 2420 c5fa | 104c 2430 | c5f8 28c1 | c5fa 1144 
  0x0000022c07e55600: 2424 4489 | 5424 2889 

  0x0000022c07e55608: ;   {runtime_call UncommonTrapBlob}
  0x0000022c07e55608: 4c24 30e8 

  0x0000022c07e5560c: ; ImmutableOopMap {rbp=Oop [40]=NarrowOop }
                      ;*checkcast {reexecute=0 rethrow=0 return_oop=0}
                      ; - com.jme3.renderer.RenderManager::render@128 (line 1156)
                      ; - com.jme3.app.SimpleApplication::update@197 (line 272)
  0x0000022c07e5560c: 50ed 64ff 

  0x0000022c07e55610: ;   {other}
  0x0000022c07e55610: 0f1f 8400 | 8861 00ca | baf6 ffff | ff48 8b6c | 2420 c5fa | 1044 2430 | c5fa 1144 | 2424 4489 
  0x0000022c07e55630: 5424 2844 | 8b54 2434 | 4489 5424 | 2c89 4c24 

  0x0000022c07e55640: ;   {runtime_call UncommonTrapBlob}
  0x0000022c07e55640: 3466 90e8 

  0x0000022c07e55644: ; ImmutableOopMap {rbp=Oop [40]=NarrowOop [56]=Oop }
                      ;*invokevirtual size {reexecute=0 rethrow=0 return_oop=0}
                      ; - com.jme3.renderer.RenderManager::render@114 (line 1155)
                      ; - com.jme3.app.SimpleApplication::update@197 (line 272)
  0x0000022c07e55644: 18ed 64ff 

  0x0000022c07e55648: ;   {other}
  0x0000022c07e55648: 0f1f 8400 | c061 00cb | baf6 ffff | ff89 5c24 

  0x0000022c07e55658: ;   {runtime_call UncommonTrapBlob}
  0x0000022c07e55658: 3466 90e8 

  0x0000022c07e5565c: ; ImmutableOopMap {[52]=NarrowOop [72]=Oop [80]=NarrowOop }
                      ;*getfield item {reexecute=1 rethrow=0 return_oop=0}
                      ; - (reexecute) java.util.concurrent.ConcurrentLinkedQueue::poll@8 (line 387)
                      ; - com.jme3.app.LegacyApplication::runQueuedTasks@4 (line 699)
                      ; - com.jme3.app.LegacyApplication::update@27 (line 715)
                      ; - com.jme3.app.SimpleApplication::update@20 (line 246)
  0x0000022c07e5565c: 00ed 64ff 

  0x0000022c07e55660: ;   {other}
  0x0000022c07e55660: 0f1f 8400 | d861 00cc | baf6 ffff | ff48 8b6c | 2448 448b | 5424 5044 | 8954 242c 

  0x0000022c07e5567c: ;   {runtime_call UncommonTrapBlob}
  0x0000022c07e5567c: 6666 90e8 

  0x0000022c07e55680: ; ImmutableOopMap {rbp=Oop [44]=NarrowOop [80]=NarrowOop }
                      ;*invokevirtual set {reexecute=0 rethrow=0 return_oop=0}
                      ; - com.jme3.audio.AudioContext::setAudioRenderer@4 (line 44)
                      ; - com.jme3.app.LegacyApplication::update@4 (line 712)
                      ; - com.jme3.app.SimpleApplication::update@20 (line 246)
  0x0000022c07e55680: dcec 64ff 

  0x0000022c07e55684: ;   {other}
  0x0000022c07e55684: 0f1f 8400 | fc61 00cd | baf6 ffff | ff48 8b6c | 2448 4889 | 7c24 3048 | 897c 2438 | 448b 5424 
  0x0000022c07e556a4: 5044 8954 | 2440 4c8b | 5424 584c | 8954 2448 

  0x0000022c07e556b4: ;   {runtime_call UncommonTrapBlob}
  0x0000022c07e556b4: 6666 90e8 

  0x0000022c07e556b8: ; ImmutableOopMap {rbp=Oop [48]=Oop [56]=Oop [64]=NarrowOop [72]=Oop [84]=NarrowOop }
                      ;*arraylength {reexecute=0 rethrow=0 return_oop=0}
                      ; - java.lang.ThreadLocal$ThreadLocalMap::set@6 (line 546)
                      ; - java.lang.ThreadLocal::set@13 (line 265)
                      ; - java.lang.ThreadLocal::set@5 (line 251)
                      ; - com.jme3.audio.AudioContext::setAudioRenderer@4 (line 44)
                      ; - com.jme3.app.LegacyApplication::update@4 (line 712)
                      ; - com.jme3.app.SimpleApplication::update@20 (line 246)
  0x0000022c07e556b8: a4ec 64ff 

  0x0000022c07e556bc: ;   {other}
  0x0000022c07e556bc: 0f1f 8400 | 3462 00ce | baf6 ffff 

  0x0000022c07e556c8: ;   {runtime_call UncommonTrapBlob}
  0x0000022c07e556c8: ff66 90e8 

  0x0000022c07e556cc: ; ImmutableOopMap {[72]=Oop }
                      ;*invokevirtual update {reexecute=0 rethrow=0 return_oop=0}
                      ; - com.jme3.app.LegacyApplication::update@51 (line 720)
                      ; - com.jme3.app.SimpleApplication::update@20 (line 246)
  0x0000022c07e556cc: 90ec 64ff 

  0x0000022c07e556d0: ;   {other}
  0x0000022c07e556d0: 0f1f 8400 | 4862 00cf | baf6 ffff | ffc5 fa11 

  0x0000022c07e556e0: ;   {runtime_call UncommonTrapBlob}
  0x0000022c07e556e0: 4c24 28e8 

  0x0000022c07e556e4: ; ImmutableOopMap {[72]=Oop }
                      ;*invokevirtual update {reexecute=0 rethrow=0 return_oop=0}
                      ; - com.jme3.app.LegacyApplication::update@91 (line 724)
                      ; - com.jme3.app.SimpleApplication::update@20 (line 246)
  0x0000022c07e556e4: 78ec 64ff 

  0x0000022c07e556e8: ;   {other}
  0x0000022c07e556e8: 0f1f 8400 | 6062 00d0 | baf6 ffff | ff44 8944 | 2428 c5fa | 114c 242c 

  0x0000022c07e55700: ;   {runtime_call UncommonTrapBlob}
  0x0000022c07e55700: 6666 90e8 

  0x0000022c07e55704: ; ImmutableOopMap {[40]=NarrowOop [72]=Oop }
                      ;*invokeinterface getInputTimeNanos {reexecute=0 rethrow=0 return_oop=0}
                      ; - com.jme3.input.InputManager::update@25 (line 901)
                      ; - com.jme3.app.LegacyApplication::update@91 (line 724)
                      ; - com.jme3.app.SimpleApplication::update@20 (line 246)
  0x0000022c07e55704: 58ec 64ff 

  0x0000022c07e55708: ;   {other}
  0x0000022c07e55708: 0f1f 8400 | 8062 00d1 | baf6 ffff | ff44 8954 | 2428 c5fa | 104c 2430 | c5fa 114c | 242c 4889 
  0x0000022c07e55728: ;   {runtime_call UncommonTrapBlob}
  0x0000022c07e55728: 4424 30e8 

  0x0000022c07e5572c: ; ImmutableOopMap {[40]=NarrowOop [72]=Oop }
                      ;*invokeinterface update {reexecute=0 rethrow=0 return_oop=0}
                      ; - com.jme3.input.InputManager::update@50 (line 906)
                      ; - com.jme3.app.LegacyApplication::update@91 (line 724)
                      ; - com.jme3.app.SimpleApplication::update@20 (line 246)
  0x0000022c07e5572c: 30ec 64ff 

  0x0000022c07e55730: ;   {other}
  0x0000022c07e55730: 0f1f 8400 | a862 00d2 | baf6 ffff | ff44 8954 | 2428 c5fa | 104c 2430 | c5fa 114c | 242c 4889 
  0x0000022c07e55750: 4424 304c | 895c 2438 

  0x0000022c07e55758: ;   {runtime_call UncommonTrapBlob}
  0x0000022c07e55758: 6666 90e8 

  0x0000022c07e5575c: ; ImmutableOopMap {[40]=NarrowOop [56]=Oop [72]=Oop }
                      ;*invokevirtual isRenderable {reexecute=0 rethrow=0 return_oop=0}
                      ; - com.jme3.input.lwjgl.GlfwKeyInput::update@4 (line 156)
                      ; - com.jme3.input.InputManager::update@50 (line 906)
                      ; - com.jme3.app.LegacyApplication::update@91 (line 724)
                      ; - com.jme3.app.SimpleApplication::update@20 (line 246)
  0x0000022c07e5575c: 00ec 64ff 

  0x0000022c07e55760: ;   {other}
  0x0000022c07e55760: 0f1f 8400 | d862 00d3 | baf6 ffff | ff44 8954 | 2434 4889 | 4424 384c | 895c 2440 

  0x0000022c07e5577c: ;   {runtime_call UncommonTrapBlob}
  0x0000022c07e5577c: 6666 90e8 

  0x0000022c07e55780: ; ImmutableOopMap {rbp=NarrowOop [52]=NarrowOop [64]=Oop [72]=Oop }
                      ;*invokevirtual get {reexecute=0 rethrow=0 return_oop=0}
                      ; - com.jme3.system.lwjgl.LwjglContext::isRenderable@4 (line 497)
                      ; - com.jme3.input.lwjgl.GlfwKeyInput::update@4 (line 156)
                      ; - com.jme3.input.InputManager::update@50 (line 906)
                      ; - com.jme3.app.LegacyApplication::update@91 (line 724)
                      ; - com.jme3.app.SimpleApplication::update@20 (line 246)
  0x0000022c07e55780: dceb 64ff 

  0x0000022c07e55784: ;   {other}
  0x0000022c07e55784: 0f1f 8400 | fc62 00d4 | baf6 ffff | ff44 8954 | 2428 c5fa | 1044 2430 | c5fa 1144 | 242c 4889 
  0x0000022c07e557a4: 4424 304c | 895c 2438 

  0x0000022c07e557ac: ;   {runtime_call UncommonTrapBlob}
  0x0000022c07e557ac: 6666 90e8 

  0x0000022c07e557b0: ; ImmutableOopMap {[40]=NarrowOop [56]=Oop [72]=Oop }
                      ;*invokeinterface isEmpty {reexecute=0 rethrow=0 return_oop=0}
                      ; - com.jme3.input.lwjgl.GlfwKeyInput::update@15 (line 160)
                      ; - com.jme3.input.InputManager::update@50 (line 906)
                      ; - com.jme3.app.LegacyApplication::update@91 (line 724)
                      ; - com.jme3.app.SimpleApplication::update@20 (line 246)
  0x0000022c07e557b0: aceb 64ff 

  0x0000022c07e557b4: ;   {other}
  0x0000022c07e557b4: 0f1f 8400 | 2c63 00d5 | baf6 ffff | ff44 8954 | 2428 c5fa | 104c 2430 | c5fa 114c | 242c 4889 
  0x0000022c07e557d4: ;   {runtime_call UncommonTrapBlob}
  0x0000022c07e557d4: 4424 30e8 

  0x0000022c07e557d8: ; ImmutableOopMap {[40]=NarrowOop [72]=Oop }
                      ;*invokeinterface update {reexecute=0 rethrow=0 return_oop=0}
                      ; - com.jme3.input.InputManager::update@59 (line 907)
                      ; - com.jme3.app.LegacyApplication::update@91 (line 724)
                      ; - com.jme3.app.SimpleApplication::update@20 (line 246)
  0x0000022c07e557d8: 84eb 64ff 

  0x0000022c07e557dc: ;   {other}
  0x0000022c07e557dc: 0f1f 8400 | 5463 00d6 | baf6 ffff | ff44 8954 | 2428 c5fa | 1044 2430 | c5fa 1144 | 242c 4889 
  0x0000022c07e557fc: 4424 304c | 895c 2438 

  0x0000022c07e55804: ;   {runtime_call UncommonTrapBlob}
  0x0000022c07e55804: 6666 90e8 

  0x0000022c07e55808: ; ImmutableOopMap {[40]=NarrowOop [56]=Oop [72]=Oop }
                      ;*invokeinterface isEmpty {reexecute=0 rethrow=0 return_oop=0}
                      ; - com.jme3.input.lwjgl.GlfwMouseInput::update@106 (line 297)
                      ; - com.jme3.input.InputManager::update@59 (line 907)
                      ; - com.jme3.app.LegacyApplication::update@91 (line 724)
                      ; - com.jme3.app.SimpleApplication::update@20 (line 246)
  0x0000022c07e55808: 54eb 64ff 

  0x0000022c07e5580c: ;   {other}
  0x0000022c07e5580c: 0f1f 8400 | 8463 00d7 | baf6 ffff | ff44 8954 | 2428 c5fa | 104c 2430 | c5fa 114c | 242c 4889 
  0x0000022c07e5582c: 4424 304c | 895c 2438 

  0x0000022c07e55834: ;   {runtime_call UncommonTrapBlob}
  0x0000022c07e55834: 6666 90e8 

  0x0000022c07e55838: ; ImmutableOopMap {[40]=NarrowOop [56]=Oop [72]=Oop }
                      ;*invokeinterface isEmpty {reexecute=0 rethrow=0 return_oop=0}
                      ; - com.jme3.input.lwjgl.GlfwMouseInput::update@142 (line 301)
                      ; - com.jme3.input.InputManager::update@59 (line 907)
                      ; - com.jme3.app.LegacyApplication::update@91 (line 724)
                      ; - com.jme3.app.SimpleApplication::update@20 (line 246)
  0x0000022c07e55838: 24eb 64ff 

  0x0000022c07e5583c: ;   {other}
  0x0000022c07e5583c: 0f1f 8400 | b463 00d8 | baf6 ffff | ffc5 fa10 | 4424 30c5 | fa11 4424 | 2c4c 8b5c | 2438 4c89 
  0x0000022c07e5585c: 5c24 3044 | 8954 2438 

  0x0000022c07e55864: ;   {runtime_call UncommonTrapBlob}
  0x0000022c07e55864: 6666 90e8 

  0x0000022c07e55868: ; ImmutableOopMap {[56]=NarrowOop [72]=Oop }
                      ;*invokevirtual iterator {reexecute=0 rethrow=0 return_oop=0}
                      ; - com.jme3.input.InputManager::invokeUpdateActions@4 (line 210)
                      ; - com.jme3.input.InputManager::update@106 (line 918)
                      ; - com.jme3.app.LegacyApplication::update@91 (line 724)
                      ; - com.jme3.app.SimpleApplication::update@20 (line 246)
  0x0000022c07e55868: f4ea 64ff 

  0x0000022c07e5586c: ;   {other}
  0x0000022c07e5586c: 0f1f 8400 | e463 00d9 | baf6 ffff | ffc5 fa10 | 4c24 30c5 | fa11 4c24 | 2c4c 8b5c | 2438 4c89 
  0x0000022c07e5588c: 5c24 3044 | 8954 2438 | 4489 4c24 

  0x0000022c07e55898: ;   {runtime_call UncommonTrapBlob}
  0x0000022c07e55898: 4066 90e8 

  0x0000022c07e5589c: ; ImmutableOopMap {[56]=NarrowOop [64]=NarrowOop [72]=Oop }
                      ;*aaload {reexecute=0 rethrow=0 return_oop=0}
                      ; - com.jme3.util.IntMap$IntMapIterator::beginUse@9 (line 249)
                      ; - com.jme3.util.IntMap::iterator@10 (line 224)
                      ; - com.jme3.input.InputManager::invokeUpdateActions@4 (line 210)
                      ; - com.jme3.input.InputManager::update@106 (line 918)
                      ; - com.jme3.app.LegacyApplication::update@91 (line 724)
                      ; - com.jme3.app.SimpleApplication::update@20 (line 246)
  0x0000022c07e5589c: c0ea 64ff 

  0x0000022c07e558a0: ;   {other}
  0x0000022c07e558a0: 0f1f 8400 | 1864 00da | baf6 ffff | ff48 8b6c | 2448 c5fa | 104c 2430 | c5fa 114c | 242c 488b 
  0x0000022c07e558c0: 5c24 3848 | 895c 2430 | 4489 5424 | 3844 8944 | 243c 4489 | 5c24 4089 | 4c24 4444 | 894c 2448 
  0x0000022c07e558e0: ;   {runtime_call UncommonTrapBlob}
  0x0000022c07e558e0: 6666 90e8 

  0x0000022c07e558e4: ; ImmutableOopMap {rbp=Oop [56]=NarrowOop [68]=NarrowOop [72]=NarrowOop }
                      ;*invokevirtual iterator {reexecute=0 rethrow=0 return_oop=0}
                      ; - com.jme3.input.InputManager::invokeUpdateActions@86 (line 221)
                      ; - com.jme3.input.InputManager::update@106 (line 918)
                      ; - com.jme3.app.LegacyApplication::update@91 (line 724)
                      ; - com.jme3.app.SimpleApplication::update@20 (line 246)
  0x0000022c07e558e4: 78ea 64ff 

  0x0000022c07e558e8: ;   {other}
  0x0000022c07e558e8: 0f1f 8400 | 6064 00db | baf6 ffff | ff48 8b6c | 2448 c5fa | 1044 2430 | c5fa 1144 | 242c 488b 
  0x0000022c07e55908: 5c24 3848 | 895c 2430 | 4489 5424 | 3889 7424 | 4044 8944 | 2444 4489 | 5c24 4889 | 4c24 4c44 
  0x0000022c07e55928: 894c 2450 

  0x0000022c07e5592c: ;   {runtime_call UncommonTrapBlob}
  0x0000022c07e5592c: 6666 90e8 

  0x0000022c07e55930: ; ImmutableOopMap {rbp=Oop [56]=NarrowOop [64]=NarrowOop [76]=NarrowOop [80]=NarrowOop }
                      ;*aaload {reexecute=0 rethrow=0 return_oop=0}
                      ; - com.jme3.util.IntMap$IntMapIterator::beginUse@9 (line 249)
                      ; - com.jme3.util.IntMap::iterator@10 (line 224)
                      ; - com.jme3.input.InputManager::invokeUpdateActions@86 (line 221)
                      ; - com.jme3.input.InputManager::update@106 (line 918)
                      ; - com.jme3.app.LegacyApplication::update@91 (line 724)
                      ; - com.jme3.app.SimpleApplication::update@20 (line 246)
  0x0000022c07e55930: 2cea 64ff 

  0x0000022c07e55934: ;   {other}
  0x0000022c07e55934: 0f1f 8400 | ac64 00dc | baf6 ffff | ff44 8954 

  0x0000022c07e55944: ;   {runtime_call UncommonTrapBlob}
  0x0000022c07e55944: 2428 90e8 

  0x0000022c07e55948: ; ImmutableOopMap {[40]=NarrowOop [72]=Oop }
                      ;*invokevirtual getTimePerFrame {reexecute=0 rethrow=0 return_oop=0}
                      ; - com.jme3.app.LegacyApplication::update@128 (line 729)
                      ; - com.jme3.app.SimpleApplication::update@20 (line 246)
  0x0000022c07e55948: 14ea 64ff 

  0x0000022c07e5594c: ;   {other}
  0x0000022c07e5594c: 0f1f 8400 | c464 00dd | baf6 ffff | ff49 8bea 

  0x0000022c07e5595c: ;   {runtime_call UncommonTrapBlob}
  0x0000022c07e5595c: 6666 90e8 

  0x0000022c07e55960: ; ImmutableOopMap {rbp=Oop }
                      ;*invokevirtual getTimePerFrame {reexecute=0 rethrow=0 return_oop=0}
                      ; - com.jme3.app.SimpleApplication::update@44 (line 251)
  0x0000022c07e55960: fce9 64ff 

  0x0000022c07e55964: ;   {other}
  0x0000022c07e55964: 0f1f 8400 | dc64 00de | baf6 ffff | ff49 8bea | c5fa 1044 | 2430 c5fa | 1144 2424 

  0x0000022c07e55980: ;   {runtime_call UncommonTrapBlob}
  0x0000022c07e55980: 6666 90e8 

  0x0000022c07e55984: ; ImmutableOopMap {rbp=Oop }
                      ;*invokevirtual updateLogicalState {reexecute=0 rethrow=0 return_oop=0}
                      ; - com.jme3.app.SimpleApplication::update@109 (line 261)
  0x0000022c07e55984: d8e9 64ff 

  0x0000022c07e55988: ;   {other}
  0x0000022c07e55988: 0f1f 8400 | 0065 00df | baf6 ffff | ff48 8b6c | 2420 c5fa | 1044 2430 | c5fa 1144 | 2424 c5fa 
  0x0000022c07e559a8: 1144 2428 

  0x0000022c07e559ac: ;   {runtime_call UncommonTrapBlob}
  0x0000022c07e559ac: 6666 90e8 

  0x0000022c07e559b0: ; ImmutableOopMap {rbp=Oop [56]=Oop }
                      ;*invokevirtual isEmpty {reexecute=0 rethrow=0 return_oop=0}
                      ; - com.jme3.scene.Spatial::runControlUpdate@4 (line 732)
                      ; - com.jme3.scene.Spatial::updateLogicalState@2 (line 880)
                      ; - com.jme3.scene.Node::updateLogicalState@2 (line 231)
                      ; - com.jme3.app.SimpleApplication::update@109 (line 261)
  0x0000022c07e559b0: ace9 64ff 

  0x0000022c07e559b4: ;   {other}
  0x0000022c07e559b4: 0f1f 8400 | 2c65 00e0 | baf6 ffff | ff48 8b6c | 2420 c5fa | 1044 2430 | c5fa 1144 

  0x0000022c07e559d0: ;   {runtime_call UncommonTrapBlob}
  0x0000022c07e559d0: 2424 90e8 

  0x0000022c07e559d4: ; ImmutableOopMap {rbp=Oop }
                      ;*invokevirtual updateLogicalState {reexecute=0 rethrow=0 return_oop=0}
                      ; - com.jme3.app.SimpleApplication::update@117 (line 262)
  0x0000022c07e559d4: 88e9 64ff 

  0x0000022c07e559d8: ;   {other}
  0x0000022c07e559d8: 0f1f 8400 | 5065 00e1 | baf6 ffff | ff48 8b6c | 2420 c5fa | 1044 2430 | c5fa 1144 | 2424 c5fa 
  0x0000022c07e559f8: 1144 2428 

  0x0000022c07e559fc: ;   {runtime_call UncommonTrapBlob}
  0x0000022c07e559fc: 6666 90e8 

  0x0000022c07e55a00: ; ImmutableOopMap {rbp=Oop [56]=Oop }
                      ;*invokevirtual isEmpty {reexecute=0 rethrow=0 return_oop=0}
                      ; - com.jme3.scene.Spatial::runControlUpdate@4 (line 732)
                      ; - com.jme3.scene.Spatial::updateLogicalState@2 (line 880)
                      ; - com.jme3.scene.Node::updateLogicalState@2 (line 231)
                      ; - com.jme3.app.SimpleApplication::update@117 (line 262)
  0x0000022c07e55a00: 5ce9 64ff 

  0x0000022c07e55a04: ;   {other}
  0x0000022c07e55a04: 0f1f 8400 | 7c65 00e2 | baf6 ffff | ff48 8b6c 

  0x0000022c07e55a14: ;   {runtime_call UncommonTrapBlob}
  0x0000022c07e55a14: 2420 90e8 

  0x0000022c07e55a18: ; ImmutableOopMap {rbp=Oop }
                      ;*invokevirtual updateGeometricState {reexecute=0 rethrow=0 return_oop=0}
                      ; - com.jme3.app.SimpleApplication::update@124 (line 264)
  0x0000022c07e55a18: 44e9 64ff 

  0x0000022c07e55a1c: ;   {other}
  0x0000022c07e55a1c: 0f1f 8400 | 9465 00e3 | baf6 ffff | ff48 8b6c 

  0x0000022c07e55a2c: ;   {runtime_call UncommonTrapBlob}
  0x0000022c07e55a2c: 2420 90e8 

  0x0000022c07e55a30: ; ImmutableOopMap {rbp=Oop }
                      ;*invokevirtual updateGeometricState {reexecute=0 rethrow=0 return_oop=0}
                      ; - com.jme3.app.SimpleApplication::update@131 (line 265)
  0x0000022c07e55a30: 2ce9 64ff 

  0x0000022c07e55a34: ;   {other}
  0x0000022c07e55a34: 0f1f 8400 | ac65 00e4 | baf6 ffff | ff48 8b6c | 2420 8974 

  0x0000022c07e55a48: ;   {runtime_call UncommonTrapBlob}
  0x0000022c07e55a48: 2424 90e8 

  0x0000022c07e55a4c: ; ImmutableOopMap {rbp=Oop [36]=NarrowOop }
                      ;*invokevirtual render {reexecute=0 rethrow=0 return_oop=0}
                      ; - com.jme3.app.SimpleApplication::update@161 (line 269)
  0x0000022c07e55a4c: 10e9 64ff 

  0x0000022c07e55a50: ;   {other}
  0x0000022c07e55a50: 0f1f 8400 | c865 00e5 | baf6 ffff | ff48 8b6c | 2420 c5fa | 1044 2430 | c5fa 1144 | 2420 8974 
  0x0000022c07e55a70: 2424 897c | 242c 4489 

  0x0000022c07e55a78: ;   {runtime_call UncommonTrapBlob}
  0x0000022c07e55a78: 5424 34e8 

  0x0000022c07e55a7c: ; ImmutableOopMap {rbp=Oop [36]=NarrowOop [44]=NarrowOop [52]=NarrowOop }
                      ;*invokevirtual getArray {reexecute=0 rethrow=0 return_oop=0}
                      ; - com.jme3.app.state.AppStateManager::getStates@11 (line 127)
                      ; - com.jme3.app.state.AppStateManager::render@1 (line 366)
                      ; - com.jme3.app.SimpleApplication::update@161 (line 269)
  0x0000022c07e55a7c: e0e8 64ff 

  0x0000022c07e55a80: ;   {other}
  0x0000022c07e55a80: 0f1f 8400 | f865 00e6 | baf6 ffff | ff48 8b6c | 2420 c5fa | 104c 2430 | c5f8 28c1 | c5fa 1144 
  0x0000022c07e55aa0: 2424 4489 

  0x0000022c07e55aa4: ;   {runtime_call UncommonTrapBlob}
  0x0000022c07e55aa4: 4424 28e8 

  0x0000022c07e55aa8: ; ImmutableOopMap {rbp=Oop [40]=NarrowOop }
                      ;*invokeinterface isRenderable {reexecute=0 rethrow=0 return_oop=0}
                      ; - com.jme3.app.SimpleApplication::update@192 (line 272)
  0x0000022c07e55aa8: b4e8 64ff 

  0x0000022c07e55aac: ;   {other}
  0x0000022c07e55aac: 0f1f 8400 | 2466 00e7 | baf6 ffff | ffc5 fa10 | 4c24 30c5 | f828 c1c5 | fa11 4424 | 2c44 8944 
  0x0000022c07e55acc: ;   {runtime_call UncommonTrapBlob}
  0x0000022c07e55acc: 2430 90e8 

  0x0000022c07e55ad0: ; ImmutableOopMap {rbp=Oop [32]=Oop [48]=NarrowOop }
                      ;*invokevirtual get {reexecute=0 rethrow=0 return_oop=0}
                      ; - com.jme3.system.lwjgl.LwjglContext::isRenderable@4 (line 497)
                      ; - com.jme3.app.SimpleApplication::update@192 (line 272)
  0x0000022c07e55ad0: 8ce8 64ff 

  0x0000022c07e55ad4: ;   {other}
  0x0000022c07e55ad4: 0f1f 8400 | 4c66 00e8 | baf6 ffff | ff48 8b6c | 2420 c5fa | 104c 2430 | c5f8 28c1 | c5fa 1144 
  0x0000022c07e55af4: 2424 4489 

  0x0000022c07e55af8: ;   {runtime_call UncommonTrapBlob}
  0x0000022c07e55af8: 4c24 28e8 

  0x0000022c07e55afc: ; ImmutableOopMap {rbp=Oop }
                      ;*invokevirtual render {reexecute=0 rethrow=0 return_oop=0}
                      ; - com.jme3.app.SimpleApplication::update@197 (line 272)
  0x0000022c07e55afc: 60e8 64ff 

  0x0000022c07e55b00: ;   {other}
  0x0000022c07e55b00: 0f1f 8400 | 7866 00e9 | baf4 ffff | ff48 8b6c | 2420 c5fa | 104c 2430 | c5f8 28c1 | c5fa 1144 
  0x0000022c07e55b20: 2424 4489 | 4424 2844 | 894c 242c 

  0x0000022c07e55b2c: ;   {runtime_call UncommonTrapBlob}
  0x0000022c07e55b2c: 6666 90e8 

  0x0000022c07e55b30: ; ImmutableOopMap {rbp=Oop [40]=NarrowOop }
                      ;*instanceof {reexecute=0 rethrow=0 return_oop=0}
                      ; - com.jme3.renderer.RenderManager::render@4 (line 1140)
                      ; - com.jme3.app.SimpleApplication::update@197 (line 272)
  0x0000022c07e55b30: 2ce8 64ff 

  0x0000022c07e55b34: ;   {other}
  0x0000022c07e55b34: 0f1f 8400 | ac66 00ea | baf6 ffff | ff48 8b6c | 2420 c5fa | 104c 2430 | c5f8 28c1 | c5fa 1144 
  0x0000022c07e55b54: 2424 4489 | 4424 2844 | 894c 242c 

  0x0000022c07e55b60: ;   {runtime_call UncommonTrapBlob}
  0x0000022c07e55b60: 6666 90e8 

  0x0000022c07e55b64: ; ImmutableOopMap {rbp=Oop [40]=NarrowOop }
                      ;*invokevirtual newFrame {reexecute=0 rethrow=0 return_oop=0}
                      ; - com.jme3.renderer.RenderManager::render@15 (line 1144)
                      ; - com.jme3.app.SimpleApplication::update@197 (line 272)
  0x0000022c07e55b64: f8e7 64ff 

  0x0000022c07e55b68: ;   {other}
  0x0000022c07e55b68: 0f1f 8400 | e066 00eb | baf6 ffff | ff48 8b6c | 2420 c5fa | 104c 2430 | c5f8 28c1 | c5fa 1144 
  0x0000022c07e55b88: 2424 448b | 5c24 3444 | 895c 242c | 4489 5424 

  0x0000022c07e55b98: ;   {runtime_call UncommonTrapBlob}
  0x0000022c07e55b98: 3466 90e8 

  0x0000022c07e55b9c: ; ImmutableOopMap {rbp=Oop [40]=NarrowOop [52]=NarrowOop }
                      ;*invokevirtual getTimePerFrame {reexecute=0 rethrow=0 return_oop=0}
                      ; - com.jme3.shader.UniformBindingManager::newFrame@19 (line 272)
                      ; - com.jme3.renderer.RenderManager::render@15 (line 1144)
                      ; - com.jme3.app.SimpleApplication::update@197 (line 272)
  0x0000022c07e55b9c: c0e7 64ff 

  0x0000022c07e55ba0: ;   {other}
  0x0000022c07e55ba0: 0f1f 8400 | 1867 00ec | baf6 ffff | ff48 8b6c | 2420 c5fa | 104c 2430 | c5f8 28c1 | c5fa 1144 
  0x0000022c07e55bc0: ;   {runtime_call UncommonTrapBlob}
  0x0000022c07e55bc0: 2424 90e8 

  0x0000022c07e55bc4: ; ImmutableOopMap {rbp=Oop [40]=NarrowOop }
                      ;*invokevirtual size {reexecute=0 rethrow=0 return_oop=0}
                      ; - com.jme3.renderer.RenderManager::render@44 (line 1147)
                      ; - com.jme3.app.SimpleApplication::update@197 (line 272)
  0x0000022c07e55bc4: 98e7 64ff 

  0x0000022c07e55bc8: ;   {other}
  0x0000022c07e55bc8: 0f1f 8400 | 4067 00ed | baf6 ffff | ff48 8b6c | 2420 c5fa | 104c 2430 | c5f8 28c1 | c5fa 1144 
  0x0000022c07e55be8: ;   {runtime_call UncommonTrapBlob}
  0x0000022c07e55be8: 2424 90e8 

  0x0000022c07e55bec: ; ImmutableOopMap {rbp=Oop [40]=NarrowOop }
                      ;*invokevirtual size {reexecute=0 rethrow=0 return_oop=0}
                      ; - com.jme3.renderer.RenderManager::render@114 (line 1155)
                      ; - com.jme3.app.SimpleApplication::update@197 (line 272)
  0x0000022c07e55bec: 70e7 64ff 

  0x0000022c07e55bf0: ;   {other}
  0x0000022c07e55bf0: 0f1f 8400 | 6867 00ee | baf6 ffff | ff48 8b6c | 2420 c5fa | 1044 2430 | c5fa 1144 | 2424 4489 
  0x0000022c07e55c10: ;   {runtime_call UncommonTrapBlob}
  0x0000022c07e55c10: 5424 28e8 

  0x0000022c07e55c14: ; ImmutableOopMap {rbp=Oop [40]=NarrowOop }
                      ;*invokevirtual size {reexecute=0 rethrow=0 return_oop=0}
                      ; - com.jme3.renderer.RenderManager::render@184 (line 1163)
                      ; - com.jme3.app.SimpleApplication::update@197 (line 272)
  0x0000022c07e55c14: 48e7 64ff 

  0x0000022c07e55c18: ;   {other}
  0x0000022c07e55c18: 0f1f 8400 | 9067 00ef | baf6 ffff | ff48 8b6c | 2420 c5fa | 104c 2430 | c5f8 28c1 | c5fa 1144 
  0x0000022c07e55c38: 2424 4489 | 5424 2844 | 8b5c 2434 | 4489 5c24 | 2c89 7c24 

  0x0000022c07e55c4c: ;   {runtime_call UncommonTrapBlob}
  0x0000022c07e55c4c: 3466 90e8 

  0x0000022c07e55c50: ; ImmutableOopMap {rbp=Oop [40]=NarrowOop }
                      ;*invokevirtual get {reexecute=0 rethrow=0 return_oop=0}
                      ; - com.jme3.renderer.RenderManager::render@195 (line 1164)
                      ; - com.jme3.app.SimpleApplication::update@197 (line 272)
  0x0000022c07e55c50: 0ce7 64ff 

  0x0000022c07e55c54: ;   {other}
  0x0000022c07e55c54: 0f1f 8400 | cc67 00f0 | baf6 ffff | ff48 8b6c | 2420 c5fa | 104c 2430 | c5f8 28c1 | c5fa 1144 
  0x0000022c07e55c74: 2424 4489 | 5424 2844 | 8b54 2434 | 4489 5424 | 2c89 7c24 | 3089 5c24 | 3c89 4c24 | 4089 4c24 
  0x0000022c07e55c94: ;   {runtime_call UncommonTrapBlob}
  0x0000022c07e55c94: 4466 90e8 

  0x0000022c07e55c98: ; ImmutableOopMap {rbp=Oop [40]=NarrowOop [60]=NarrowOop }
                      ;*aaload {reexecute=0 rethrow=0 return_oop=0}
                      ; - java.util.ArrayList::elementData@5 (line 412)
                      ; - java.util.ArrayList::get@11 (line 429)
                      ; - com.jme3.renderer.RenderManager::render@195 (line 1164)
                      ; - com.jme3.app.SimpleApplication::update@197 (line 272)
  0x0000022c07e55c98: c4e6 64ff 

  0x0000022c07e55c9c: ;   {other}
  0x0000022c07e55c9c: 0f1f 8400 | 1468 00f1 | baf4 ffff | ff48 8b6c | 2420 c5fa | 1044 2430 | c5fa 1144 | 2424 4489 
  0x0000022c07e55cbc: 5424 2889 

  0x0000022c07e55cc0: ;   {runtime_call UncommonTrapBlob}
  0x0000022c07e55cc0: 4c24 30e8 

  0x0000022c07e55cc4: ; ImmutableOopMap {rbp=Oop [40]=NarrowOop }
                      ;*checkcast {reexecute=0 rethrow=0 return_oop=0}
                      ; - com.jme3.renderer.RenderManager::render@198 (line 1164)
                      ; - com.jme3.app.SimpleApplication::update@197 (line 272)
  0x0000022c07e55cc4: 98e6 64ff 

  0x0000022c07e55cc8: ;   {other}
  0x0000022c07e55cc8: 0f1f 8400 | 4068 00f2 | baf6 ffff | ff48 8b6c 

  0x0000022c07e55cd8: ;   {runtime_call UncommonTrapBlob}
  0x0000022c07e55cd8: 2420 90e8 

  0x0000022c07e55cdc: ; ImmutableOopMap {rbp=Oop }
                      ;*invokevirtual postRender {reexecute=0 rethrow=0 return_oop=0}
                      ; - com.jme3.app.SimpleApplication::update@212 (line 274)
  0x0000022c07e55cdc: 80e6 64ff 

  0x0000022c07e55ce0: ;   {other}
  0x0000022c07e55ce0: 0f1f 8400 | 5868 00f3 | baf6 ffff | ff48 8bee | c5fa 104c | 2430 c5fa | 114c 2420 | 897c 2428 
  0x0000022c07e55d00: 4489 5c24 

  0x0000022c07e55d04: ;   {runtime_call UncommonTrapBlob}
  0x0000022c07e55d04: 3066 90e8 

  0x0000022c07e55d08: ; ImmutableOopMap {rbp=Oop [40]=NarrowOop [48]=NarrowOop }
                      ;*invokevirtual getArray {reexecute=0 rethrow=0 return_oop=0}
                      ; - com.jme3.app.state.AppStateManager::getStates@11 (line 127)
                      ; - com.jme3.app.state.AppStateManager::postRender@1 (line 378)
                      ; - com.jme3.app.SimpleApplication::update@212 (line 274)
  0x0000022c07e55d08: 54e6 64ff 

  0x0000022c07e55d0c: ;   {other}
  0x0000022c07e55d0c: 0f1f 8400 | 8468 00f4 | baf6 ffff | ff48 8b6c | 2420 c5fa | 104c 242c | c5f8 28c1 | c5fa 1144 
  0x0000022c07e55d2c: 2424 4489 | 5424 2844 | 8b5c 2434 | 4489 5c24 | 2c44 8944 

  0x0000022c07e55d40: ;   {runtime_call UncommonTrapBlob}
  0x0000022c07e55d40: 2434 90e8 

  0x0000022c07e55d44: ; ImmutableOopMap {rbp=Oop [40]=NarrowOop [56]=Oop }
                      ;*invokevirtual size {reexecute=0 rethrow=0 return_oop=0}
                      ; - com.jme3.renderer.RenderManager::render@184 (line 1163)
                      ; - com.jme3.app.SimpleApplication::update@197 (line 272)
  0x0000022c07e55d44: 18e6 64ff 

  0x0000022c07e55d48: ;   {other}
  0x0000022c07e55d48: 0f1f 8400 | c068 00f5 | baf6 ffff | ff48 8b6c | 2420 4489 

  0x0000022c07e55d5c: ;   {runtime_call UncommonTrapBlob}
  0x0000022c07e55d5c: 5424 24e8 

  0x0000022c07e55d60: ; ImmutableOopMap {rbp=Oop [36]=NarrowOop }
                      ;*invokevirtual isEmpty {reexecute=0 rethrow=0 return_oop=0}
                      ; - com.jme3.scene.Node::updateGeometricState@63 (line 265)
                      ; - com.jme3.app.SimpleApplication::update@124 (line 264)
  0x0000022c07e55d60: fce5 64ff 

  0x0000022c07e55d64: ;   {other}
  0x0000022c07e55d64: 0f1f 8400 | dc68 00f6 | baf6 ffff | ff48 8b6c | 2420 4489 

  0x0000022c07e55d78: ;   {runtime_call UncommonTrapBlob}
  0x0000022c07e55d78: 5424 24e8 

  0x0000022c07e55d7c: ; ImmutableOopMap {rbp=Oop [36]=NarrowOop }
                      ;*invokevirtual isEmpty {reexecute=0 rethrow=0 return_oop=0}
                      ; - com.jme3.scene.Node::updateGeometricState@63 (line 265)
                      ; - com.jme3.app.SimpleApplication::update@131 (line 265)
  0x0000022c07e55d7c: e0e5 64ff 

  0x0000022c07e55d80: ;   {other}
  0x0000022c07e55d80: 0f1f 8400 | f868 00f7 | baf6 ffff | ff48 8b6c | 2420 4489 | 5424 2844 | 8944 242c 

  0x0000022c07e55d9c: ;   {runtime_call UncommonTrapBlob}
  0x0000022c07e55d9c: 6666 90e8 

  0x0000022c07e55da0: ; ImmutableOopMap {rbp=Oop [40]=NarrowOop [44]=NarrowOop }
                      ;*invokevirtual set {reexecute=0 rethrow=0 return_oop=0}
                      ; - com.jme3.scene.Spatial::updateWorldTransforms@67 (line 651)
                      ; - com.jme3.scene.Node::updateGeometricState@31 (line 258)
                      ; - com.jme3.app.SimpleApplication::update@124 (line 264)
  0x0000022c07e55da0: bce5 64ff 

  0x0000022c07e55da4: ;   {other}
  0x0000022c07e55da4: 0f1f 8400 | 1c69 00f8 | baf6 ffff | ff48 8b6c | 2420 c5fa | 1044 2430 | c5fa 1144 | 2420 4489 
  0x0000022c07e55dc4: 5424 2889 | 4c24 2c44 | 894c 2430 

  0x0000022c07e55dd0: ;   {runtime_call UncommonTrapBlob}
  0x0000022c07e55dd0: 6666 90e8 

  0x0000022c07e55dd4: ; ImmutableOopMap {rbp=Oop [40]=NarrowOop [44]=NarrowOop [48]=NarrowOop }
                      ;*getfield translation {reexecute=1 rethrow=0 return_oop=0}
                      ; - (reexecute) com.jme3.math.Transform::set@5 (line 346)
                      ; - com.jme3.scene.Spatial::updateWorldTransforms@67 (line 651)
                      ; - com.jme3.scene.Node::updateGeometricState@31 (line 258)
                      ; - com.jme3.app.SimpleApplication::update@124 (line 264)
  0x0000022c07e55dd4: 88e5 64ff 

  0x0000022c07e55dd8: ;   {other}
  0x0000022c07e55dd8: 0f1f 8400 | 5069 00f9 | baf6 ffff | ff48 8b6c | 2420 c5fa | 1044 2430 | c5fa 1144 | 2420 4489 
  0x0000022c07e55df8: 5424 2889 | 4c24 2c44 | 8944 2430 | 4489 4c24 

  0x0000022c07e55e08: ;   {runtime_call UncommonTrapBlob}
  0x0000022c07e55e08: 3866 90e8 

  0x0000022c07e55e0c: ; ImmutableOopMap {rbp=Oop [40]=NarrowOop [44]=NarrowOop [48]=NarrowOop [56]=NarrowOop }
                      ;*getfield x {reexecute=1 rethrow=0 return_oop=0}
                      ; - (reexecute) com.jme3.math.Vector3f::set@2 (line 152)
                      ; - com.jme3.math.Transform::set@8 (line 346)
                      ; - com.jme3.scene.Spatial::updateWorldTransforms@67 (line 651)
                      ; - com.jme3.scene.Node::updateGeometricState@31 (line 258)
                      ; - com.jme3.app.SimpleApplication::update@124 (line 264)
  0x0000022c07e55e0c: 50e5 64ff 

  0x0000022c07e55e10: ;   {other}
  0x0000022c07e55e10: 0f1f 8400 | 8869 00fa | baf6 ffff | ff48 8b6c | 2420 c5fa | 1044 2430 | c5fa 1144 | 2420 4489 
  0x0000022c07e55e30: 5424 2889 | 4c24 2c44 | 8944 2430 | 8974 2438 

  0x0000022c07e55e40: ;   {runtime_call UncommonTrapBlob}
  0x0000022c07e55e40: 6666 90e8 

  0x0000022c07e55e44: ; ImmutableOopMap {rbp=Oop [40]=NarrowOop [44]=NarrowOop [48]=NarrowOop [56]=NarrowOop }
                      ;*getfield x {reexecute=1 rethrow=0 return_oop=0}
                      ; - (reexecute) com.jme3.math.Quaternion::set@2 (line 149)
                      ; - com.jme3.math.Transform::set@20 (line 347)
                      ; - com.jme3.scene.Spatial::updateWorldTransforms@67 (line 651)
                      ; - com.jme3.scene.Node::updateGeometricState@31 (line 258)
                      ; - com.jme3.app.SimpleApplication::update@124 (line 264)
  0x0000022c07e55e44: 18e5 64ff 

  0x0000022c07e55e48: ;   {other}
  0x0000022c07e55e48: 0f1f 8400 | c069 00fb | baf6 ffff | ff48 8b6c | 2420 c5fa | 1044 2430 | c5fa 1144 | 2420 4489 
  0x0000022c07e55e68: 5424 2889 | 4c24 2c44 | 8944 2430 | 895c 2438 

  0x0000022c07e55e78: ;   {runtime_call UncommonTrapBlob}
  0x0000022c07e55e78: 6666 90e8 

  0x0000022c07e55e7c: ; ImmutableOopMap {rbp=Oop [40]=NarrowOop [44]=NarrowOop [48]=NarrowOop [56]=NarrowOop }
                      ;*getfield x {reexecute=1 rethrow=0 return_oop=0}
                      ; - (reexecute) com.jme3.math.Vector3f::set@2 (line 152)
                      ; - com.jme3.math.Transform::set@32 (line 348)
                      ; - com.jme3.scene.Spatial::updateWorldTransforms@67 (line 651)
                      ; - com.jme3.scene.Node::updateGeometricState@31 (line 258)
                      ; - com.jme3.app.SimpleApplication::update@124 (line 264)
  0x0000022c07e55e7c: e0e4 64ff 

  0x0000022c07e55e80: ;   {other}
  0x0000022c07e55e80: 0f1f 8400 | f869 00fc | baf6 ffff | ff48 8b6c | 2420 c5fa | 104c 2430 | c5fa 114c | 2420 4489 
  0x0000022c07e55ea0: 5424 2889 | 4c24 2c89 

  0x0000022c07e55ea8: ;   {runtime_call UncommonTrapBlob}
  0x0000022c07e55ea8: 5c24 30e8 

  0x0000022c07e55eac: ; ImmutableOopMap {rbp=Oop [40]=NarrowOop [44]=NarrowOop [48]=NarrowOop }
                      ;*getfield scale {reexecute=1 rethrow=0 return_oop=0}
                      ; - (reexecute) com.jme3.math.Transform::combineWithParent@5 (line 198)
                      ; - com.jme3.scene.Spatial::updateWorldTransforms@82 (line 652)
                      ; - com.jme3.scene.Node::updateGeometricState@31 (line 258)
                      ; - com.jme3.app.SimpleApplication::update@124 (line 264)
  0x0000022c07e55eac: b0e4 64ff 

  0x0000022c07e55eb0: ;   {other}
  0x0000022c07e55eb0: 0f1f 8400 | 286a 00fd | baf6 ffff | ff48 8b6c | 2420 c5fa | 104c 2430 | c5fa 114c | 2420 4489 
  0x0000022c07e55ed0: 5424 2889 | 4c24 2c44 | 895c 2430 | 8974 2438 

  0x0000022c07e55ee0: ;   {runtime_call UncommonTrapBlob}
  0x0000022c07e55ee0: 6666 90e8 

  0x0000022c07e55ee4: ; ImmutableOopMap {rbp=Oop [40]=NarrowOop [44]=NarrowOop [48]=NarrowOop [56]=NarrowOop }
                      ;*invokevirtual mult {reexecute=0 rethrow=0 return_oop=0}
                      ; - com.jme3.math.Transform::combineWithParent@24 (line 200)
                      ; - com.jme3.scene.Spatial::updateWorldTransforms@82 (line 652)
                      ; - com.jme3.scene.Node::updateGeometricState@31 (line 258)
                      ; - com.jme3.app.SimpleApplication::update@124 (line 264)
  0x0000022c07e55ee4: 78e4 64ff 

  0x0000022c07e55ee8: ;   {other}
  0x0000022c07e55ee8: 0f1f 8400 | 606a 00fe | baf6 ffff | ff48 8b6c | 2420 4489 | 5424 2889 

  0x0000022c07e55f00: ;   {runtime_call UncommonTrapBlob}
  0x0000022c07e55f00: 4c24 2ce8 

  0x0000022c07e55f04: ; ImmutableOopMap {rbp=Oop [40]=NarrowOop [44]=NarrowOop }
                      ;*invokevirtual set {reexecute=0 rethrow=0 return_oop=0}
                      ; - com.jme3.scene.Spatial::updateWorldTransforms@67 (line 651)
                      ; - com.jme3.scene.Node::updateGeometricState@31 (line 258)
                      ; - com.jme3.app.SimpleApplication::update@131 (line 265)
  0x0000022c07e55f04: 58e4 64ff 

  0x0000022c07e55f08: ;   {other}
  0x0000022c07e55f08: 0f1f 8400 | 806a 00ff | baf6 ffff | ff48 8b6c | 2420 c5fa | 104c 2430 | c5fa 114c | 2420 4489 
  0x0000022c07e55f28: 5424 2844 | 895c 242c | 897c 2430 

  0x0000022c07e55f34: ;   {runtime_call UncommonTrapBlob}
  0x0000022c07e55f34: 6666 90e8 

  0x0000022c07e55f38: ; ImmutableOopMap {rbp=Oop [40]=NarrowOop [44]=NarrowOop [48]=NarrowOop }
                      ;*getfield translation {reexecute=1 rethrow=0 return_oop=0}
                      ; - (reexecute) com.jme3.math.Transform::set@5 (line 346)
                      ; - com.jme3.scene.Spatial::updateWorldTransforms@67 (line 651)
                      ; - com.jme3.scene.Node::updateGeometricState@31 (line 258)
                      ; - com.jme3.app.SimpleApplication::update@131 (line 265)
  0x0000022c07e55f38: 24e4 64ff 

  0x0000022c07e55f3c: ;   {other}
  0x0000022c07e55f3c: 0f1f 8400 | 0000 0000 | baf6 ffff | ff48 8b6c | 2420 c5fa | 104c 2430 | c5fa 114c | 2420 4489 
  0x0000022c07e55f5c: 5424 2844 | 895c 242c | 894c 2430 | 897c 2438 

  0x0000022c07e55f6c: ;   {runtime_call UncommonTrapBlob}
  0x0000022c07e55f6c: 6666 90e8 

  0x0000022c07e55f70: ; ImmutableOopMap {rbp=Oop [40]=NarrowOop [44]=NarrowOop [48]=NarrowOop [56]=NarrowOop }
                      ;*getfield x {reexecute=1 rethrow=0 return_oop=0}
                      ; - (reexecute) com.jme3.math.Vector3f::set@2 (line 152)
                      ; - com.jme3.math.Transform::set@8 (line 346)
                      ; - com.jme3.scene.Spatial::updateWorldTransforms@67 (line 651)
                      ; - com.jme3.scene.Node::updateGeometricState@31 (line 258)
                      ; - com.jme3.app.SimpleApplication::update@131 (line 265)
  0x0000022c07e55f70: ece3 64ff 

  0x0000022c07e55f74: ;   {other}
  0x0000022c07e55f74: 0f1f 8400 | 0000 0000 | baf6 ffff | ff48 8b6c | 2420 c5fa | 104c 2430 | c5fa 114c | 2420 4489 
  0x0000022c07e55f94: 5424 2844 | 895c 242c | 894c 2430 | 895c 2438 

  0x0000022c07e55fa4: ;   {runtime_call UncommonTrapBlob}
  0x0000022c07e55fa4: 6666 90e8 

  0x0000022c07e55fa8: ; ImmutableOopMap {rbp=Oop [40]=NarrowOop [44]=NarrowOop [48]=NarrowOop [56]=NarrowOop }
                      ;*getfield x {reexecute=1 rethrow=0 return_oop=0}
                      ; - (reexecute) com.jme3.math.Quaternion::set@2 (line 149)
                      ; - com.jme3.math.Transform::set@20 (line 347)
                      ; - com.jme3.scene.Spatial::updateWorldTransforms@67 (line 651)
                      ; - com.jme3.scene.Node::updateGeometricState@31 (line 258)
                      ; - com.jme3.app.SimpleApplication::update@131 (line 265)
  0x0000022c07e55fa8: b4e3 64ff 

  0x0000022c07e55fac: ;   {other}
  0x0000022c07e55fac: 0f1f 8400 | 0000 0000 | baf6 ffff | ff48 8b6c | 2420 c5fa | 104c 2430 | c5fa 114c | 2420 4489 
  0x0000022c07e55fcc: 5424 2844 | 895c 242c | 894c 2430 | 8974 2438 

  0x0000022c07e55fdc: ;   {runtime_call UncommonTrapBlob}
  0x0000022c07e55fdc: 6666 90e8 

  0x0000022c07e55fe0: ; ImmutableOopMap {rbp=Oop [40]=NarrowOop [44]=NarrowOop [48]=NarrowOop [56]=NarrowOop }
                      ;*getfield x {reexecute=1 rethrow=0 return_oop=0}
                      ; - (reexecute) com.jme3.math.Vector3f::set@2 (line 152)
                      ; - com.jme3.math.Transform::set@32 (line 348)
                      ; - com.jme3.scene.Spatial::updateWorldTransforms@67 (line 651)
                      ; - com.jme3.scene.Node::updateGeometricState@31 (line 258)
                      ; - com.jme3.app.SimpleApplication::update@131 (line 265)
  0x0000022c07e55fe0: 7ce3 64ff 

  0x0000022c07e55fe4: ;   {other}
  0x0000022c07e55fe4: 0f1f 8400 | 0000 0000 | baf6 ffff | ff48 8b6c | 2420 c5fa | 1044 2430 | c5fa 1144 | 2420 4489 
  0x0000022c07e56004: 5424 2844 | 895c 242c | 8974 2430 

  0x0000022c07e56010: ;   {runtime_call UncommonTrapBlob}
  0x0000022c07e56010: 6666 90e8 

  0x0000022c07e56014: ; ImmutableOopMap {rbp=Oop [40]=NarrowOop [44]=NarrowOop [48]=NarrowOop }
                      ;*getfield scale {reexecute=1 rethrow=0 return_oop=0}
                      ; - (reexecute) com.jme3.math.Transform::combineWithParent@5 (line 198)
                      ; - com.jme3.scene.Spatial::updateWorldTransforms@82 (line 652)
                      ; - com.jme3.scene.Node::updateGeometricState@31 (line 258)
                      ; - com.jme3.app.SimpleApplication::update@131 (line 265)
  0x0000022c07e56014: 48e3 64ff 

  0x0000022c07e56018: ;   {other}
  0x0000022c07e56018: 0f1f 8400 | 0000 0000 | baf6 ffff | ff48 8b6c | 2420 c5fa | 1044 2430 | c5fa 1144 | 2420 4489 
  0x0000022c07e56038: 5424 2844 | 895c 242c | 4489 4c24 | 3089 5c24 

  0x0000022c07e56048: ;   {runtime_call UncommonTrapBlob}
  0x0000022c07e56048: 3866 90e8 

  0x0000022c07e5604c: ; ImmutableOopMap {rbp=Oop [40]=NarrowOop [44]=NarrowOop [48]=NarrowOop [56]=NarrowOop }
                      ;*invokevirtual mult {reexecute=0 rethrow=0 return_oop=0}
                      ; - com.jme3.math.Transform::combineWithParent@24 (line 200)
                      ; - com.jme3.scene.Spatial::updateWorldTransforms@82 (line 652)
                      ; - com.jme3.scene.Node::updateGeometricState@31 (line 258)
                      ; - com.jme3.app.SimpleApplication::update@131 (line 265)
  0x0000022c07e5604c: 10e3 64ff 

  0x0000022c07e56050: ;   {other}
  0x0000022c07e56050: 0f1f 8400 | 0000 0000 | baf4 ffff | ff48 8b6c | 2448 c5fa | 104c 2430 | c5fa 114c | 242c 488b 
  0x0000022c07e56070: 5c24 3848 | 895c 2430 | 4489 5424 | 3848 8974 | 2440 894c | 243c 4489 | 4424 4844 | 895c 244c 
  0x0000022c07e56090: 897c 2450 | 4489 4c24 

  0x0000022c07e56098: ;   {runtime_call UncommonTrapBlob}
  0x0000022c07e56098: 5466 90e8 

  0x0000022c07e5609c: ; ImmutableOopMap {rbp=Oop [56]=NarrowOop [64]=Oop [80]=NarrowOop [84]=NarrowOop }
                      ;*checkcast {reexecute=0 rethrow=0 return_oop=0}
                      ; - com.jme3.input.InputManager::invokeUpdateActions@36 (line 213)
                      ; - com.jme3.input.InputManager::update@106 (line 918)
                      ; - com.jme3.app.LegacyApplication::update@91 (line 724)
                      ; - com.jme3.app.SimpleApplication::update@20 (line 246)
  0x0000022c07e5609c: c0e2 64ff 

  0x0000022c07e560a0: ;   {other}
  0x0000022c07e560a0: 0f1f 8400 | 0000 0000 | baf6 ffff | ff48 8b6c | 2448 c5fa | 1044 2430 | c5fa 1144 | 242c 4c8b 
  0x0000022c07e560c0: 4424 384c | 8944 2430 | 4489 5424 | 3889 7c24 | 4044 895c | 2444 894c | 2448 4489 

  0x0000022c07e560dc: ;   {runtime_call UncommonTrapBlob}
  0x0000022c07e560dc: 4c24 4ce8 

  0x0000022c07e560e0: ; ImmutableOopMap {rbp=Oop [56]=NarrowOop [72]=NarrowOop [76]=NarrowOop }
                      ;*aaload {reexecute=0 rethrow=0 return_oop=0}
                      ; - com.jme3.util.IntMap$IntMapIterator::next@78 (line 278)
                      ; - com.jme3.util.IntMap$IntMapIterator::next@1 (line 228)
                      ; - com.jme3.input.InputManager::invokeUpdateActions@18 (line 210)
                      ; - com.jme3.input.InputManager::update@106 (line 918)
                      ; - com.jme3.app.LegacyApplication::update@91 (line 724)
                      ; - com.jme3.app.SimpleApplication::update@20 (line 246)
  0x0000022c07e560e0: 7ce2 64ff 

  0x0000022c07e560e4: ;   {other}
  0x0000022c07e560e4: 0f1f 8400 | 0000 0000 | ba45 ffff | ff48 8b6c | 2448 4889 | 7c24 3044 | 8b54 2450 | 4489 5424 
  0x0000022c07e56104: 3844 8b5c | 2454 4489 

  0x0000022c07e5610c: ;   {runtime_call UncommonTrapBlob}
  0x0000022c07e5610c: 5c24 50e8 

  0x0000022c07e56110: ; ImmutableOopMap {rbp=Oop [48]=Oop [56]=NarrowOop [80]=NarrowOop [84]=NarrowOop [88]=Oop }
                      ;*ifnull {reexecute=1 rethrow=0 return_oop=0}
                      ; - (reexecute) java.lang.ThreadLocal::set@7 (line 264)
                      ; - java.lang.ThreadLocal::set@5 (line 251)
                      ; - com.jme3.audio.AudioContext::setAudioRenderer@4 (line 44)
                      ; - com.jme3.app.LegacyApplication::update@4 (line 712)
                      ; - com.jme3.app.SimpleApplication::update@20 (line 246)
  0x0000022c07e56110: 4ce2 64ff 

  0x0000022c07e56114: ;   {other}
  0x0000022c07e56114: 0f1f 8400 | 0000 0000 | ba45 ffff | ff44 8954 

  0x0000022c07e56124: ;   {runtime_call UncommonTrapBlob}
  0x0000022c07e56124: 2428 90e8 

  0x0000022c07e56128: ; ImmutableOopMap {[40]=NarrowOop [72]=Oop }
                      ;*ifnull {reexecute=1 rethrow=0 return_oop=0}
                      ; - (reexecute) com.jme3.app.LegacyApplication::update@98 (line 727)
                      ; - com.jme3.app.SimpleApplication::update@20 (line 246)
  0x0000022c07e56128: 34e2 64ff 

  0x0000022c07e5612c: ;   {other}
  0x0000022c07e5612c: 0f1f 8400 | 0000 0000 | ba45 ffff | ff48 8b6c | 2420 4489 | 5424 2844 | 894c 242c 

  0x0000022c07e56148: ;   {runtime_call UncommonTrapBlob}
  0x0000022c07e56148: 6666 90e8 

  0x0000022c07e5614c: ; ImmutableOopMap {rbp=Oop [40]=NarrowOop [44]=NarrowOop }
                      ;*ifnonnull {reexecute=1 rethrow=0 return_oop=0}
                      ; - (reexecute) com.jme3.scene.Spatial::updateWorldTransforms@4 (line 645)
                      ; - com.jme3.scene.Node::updateGeometricState@31 (line 258)
                      ; - com.jme3.app.SimpleApplication::update@124 (line 264)
  0x0000022c07e5614c: 10e2 64ff 

  0x0000022c07e56150: ;   {other}
  0x0000022c07e56150: 0f1f 8400 | 0000 0000 | ba45 ffff | ffc5 fa10 | 4424 30c5 | fa11 4424 | 2844 8954 | 2430 894c 
  0x0000022c07e56170: 2434 4489 | 5c24 3889 

  0x0000022c07e56178: ;   {runtime_call UncommonTrapBlob}
  0x0000022c07e56178: 5c24 3ce8 

  0x0000022c07e5617c: ; ImmutableOopMap {rbp=NarrowOop [32]=Oop [48]=NarrowOop [52]=NarrowOop [56]=NarrowOop [60]=NarrowOop }
                      ;*if_acmpne {reexecute=1 rethrow=0 return_oop=0}
                      ; - (reexecute) com.jme3.math.Vector3f::multLocal@2 (line 525)
                      ; - com.jme3.math.Transform::combineWithParent@8 (line 198)
                      ; - com.jme3.scene.Spatial::updateWorldTransforms@82 (line 652)
                      ; - com.jme3.scene.Node::updateGeometricState@31 (line 258)
                      ; - com.jme3.app.SimpleApplication::update@124 (line 264)
  0x0000022c07e5617c: e0e1 64ff 

  0x0000022c07e56180: ;   {other}
  0x0000022c07e56180: 0f1f 8400 | 0000 0000 | ba45 ffff | ffc5 fa10 | 4c24 30c5 | fa11 4c24 | 2844 895c | 2438 4889 
  0x0000022c07e561a0: ;   {runtime_call UncommonTrapBlob}
  0x0000022c07e561a0: 4424 40e8 

  0x0000022c07e561a4: ; ImmutableOopMap {rbp=NarrowOop [32]=Oop [44]=NarrowOop [52]=NarrowOop [56]=NarrowOop [64]=Oop }
                      ;*if_acmpne {reexecute=1 rethrow=0 return_oop=0}
                      ; - (reexecute) com.jme3.math.Vector3f::addLocal@2 (line 204)
                      ; - com.jme3.math.Transform::combineWithParent@55 (line 208)
                      ; - com.jme3.scene.Spatial::updateWorldTransforms@82 (line 652)
                      ; - com.jme3.scene.Node::updateGeometricState@31 (line 258)
                      ; - com.jme3.app.SimpleApplication::update@124 (line 264)
  0x0000022c07e561a4: b8e1 64ff 

  0x0000022c07e561a8: ;   {other}
  0x0000022c07e561a8: 0f1f 8400 | 0000 0000 | ba45 ffff | ff48 8b6c | 2420 4489 | 5424 2844 | 8944 242c 

  0x0000022c07e561c4: ;   {runtime_call UncommonTrapBlob}
  0x0000022c07e561c4: 6666 90e8 

  0x0000022c07e561c8: ; ImmutableOopMap {rbp=Oop [40]=NarrowOop [44]=NarrowOop }
                      ;*ifnonnull {reexecute=1 rethrow=0 return_oop=0}
                      ; - (reexecute) com.jme3.scene.Spatial::updateWorldTransforms@4 (line 645)
                      ; - com.jme3.scene.Node::updateGeometricState@31 (line 258)
                      ; - com.jme3.app.SimpleApplication::update@131 (line 265)
  0x0000022c07e561c8: 94e1 64ff 

  0x0000022c07e561cc: ;   {other}
  0x0000022c07e561cc: 0f1f 8400 | 0000 0000 | ba45 ffff | ffc5 fa10 | 4c24 30c5 | fa11 4c24 | 2844 8954 | 2430 4489 
  0x0000022c07e561ec: 5c24 3444 | 894c 2438 | 8974 243c 

  0x0000022c07e561f8: ;   {runtime_call UncommonTrapBlob}
  0x0000022c07e561f8: 6666 90e8 

  0x0000022c07e561fc: ; ImmutableOopMap {rbp=NarrowOop [32]=Oop [48]=NarrowOop [52]=NarrowOop [56]=NarrowOop [60]=NarrowOop }
                      ;*if_acmpne {reexecute=1 rethrow=0 return_oop=0}
                      ; - (reexecute) com.jme3.math.Vector3f::multLocal@2 (line 525)
                      ; - com.jme3.math.Transform::combineWithParent@8 (line 198)
                      ; - com.jme3.scene.Spatial::updateWorldTransforms@82 (line 652)
                      ; - com.jme3.scene.Node::updateGeometricState@31 (line 258)
                      ; - com.jme3.app.SimpleApplication::update@131 (line 265)
  0x0000022c07e561fc: 60e1 64ff 

  0x0000022c07e56200: ;   {other}
  0x0000022c07e56200: 0f1f 8400 | 0000 0000 | ba45 ffff | ffc5 fa10 | 4424 30c5 | fa11 4424 | 2844 8954 | 2438 4889 
  0x0000022c07e56220: ;   {runtime_call UncommonTrapBlob}
  0x0000022c07e56220: 4424 40e8 

  0x0000022c07e56224: ; ImmutableOopMap {rbp=NarrowOop [32]=Oop [44]=NarrowOop [52]=NarrowOop [56]=NarrowOop [64]=Oop }
                      ;*if_acmpne {reexecute=1 rethrow=0 return_oop=0}
                      ; - (reexecute) com.jme3.math.Vector3f::addLocal@2 (line 204)
                      ; - com.jme3.math.Transform::combineWithParent@55 (line 208)
                      ; - com.jme3.scene.Spatial::updateWorldTransforms@82 (line 652)
                      ; - com.jme3.scene.Node::updateGeometricState@31 (line 258)
                      ; - com.jme3.app.SimpleApplication::update@131 (line 265)
  0x0000022c07e56224: 38e1 64ff 

  0x0000022c07e56228: ;   {other}
  0x0000022c07e56228: 0f1f 8400 | 0000 0000 | 488b e8eb | 0848 8be8 | eb03 488b | e8ba 9dff | ffff c5fa | 1044 2430 
  0x0000022c07e56248: c5fa 1144 

  0x0000022c07e5624c: ;   {runtime_call UncommonTrapBlob}
  0x0000022c07e5624c: 2428 90e8 

  0x0000022c07e56250: ; ImmutableOopMap {rbp=Oop [32]=Oop [44]=NarrowOop [52]=NarrowOop [56]=NarrowOop }
                      ;*astore_2 {reexecute=0 rethrow=0 return_oop=0}
                      ; - com.jme3.app.state.AppStateManager::getStates@20 (line 128)
                      ; - com.jme3.app.state.AppStateManager::render@1 (line 366)
                      ; - com.jme3.app.SimpleApplication::update@161 (line 269)
  0x0000022c07e56250: 0ce1 64ff 

  0x0000022c07e56254: ;   {other}
  0x0000022c07e56254: 0f1f 8400 | 0000 0000 | 488b e8eb | 0848 8be8 | eb03 488b | e8ba 9dff | ffff c5fa | 1044 2430 
  0x0000022c07e56274: c5fa 1144 

  0x0000022c07e56278: ;   {runtime_call UncommonTrapBlob}
  0x0000022c07e56278: 2428 90e8 

  0x0000022c07e5627c: ; ImmutableOopMap {rbp=Oop [32]=Oop [44]=NarrowOop [52]=NarrowOop }
                      ;*astore_2 {reexecute=0 rethrow=0 return_oop=0}
                      ; - com.jme3.app.state.AppStateManager::getStates@20 (line 128)
                      ; - com.jme3.app.state.AppStateManager::postRender@1 (line 378)
                      ; - com.jme3.app.SimpleApplication::update@212 (line 274)
  0x0000022c07e5627c: e0e0 64ff 

  0x0000022c07e56280: ;   {other}
  0x0000022c07e56280: 0f1f 8400 | 0000 0000 | baf6 ffff | ff44 8954 | 2428 c5fa | 1044 2430 | c5fa 1144 | 242c 4889 
  0x0000022c07e562a0: 4424 304c | 895c 2438 | 4489 4c24 

  0x0000022c07e562ac: ;   {runtime_call UncommonTrapBlob}
  0x0000022c07e562ac: 4066 90e8 

  0x0000022c07e562b0: ; ImmutableOopMap {[40]=NarrowOop [56]=Oop [64]=NarrowOop [72]=Oop }
                      ;*invokeinterface poll {reexecute=0 rethrow=0 return_oop=0}
                      ; - com.jme3.input.lwjgl.GlfwMouseInput::update@122 (line 298)
                      ; - com.jme3.input.InputManager::update@59 (line 907)
                      ; - com.jme3.app.LegacyApplication::update@91 (line 724)
                      ; - com.jme3.app.SimpleApplication::update@20 (line 246)
  0x0000022c07e562b0: ace0 64ff 

  0x0000022c07e562b4: ;   {other}
  0x0000022c07e562b4: 0f1f 8400 | 0000 0000 | baf6 ffff | ff48 8b6c | 2448 4489 | 5424 28c5 | fa10 4424 | 30c5 fa11 
  0x0000022c07e562d4: 4424 2c48 | 8944 2430 | 4c89 5c24 | 3844 894c | 2440 4889 | 4c24 5089 | 7c24 4444 | 8944 245c 
  0x0000022c07e562f4: 4489 4424 

  0x0000022c07e562f8: ;   {runtime_call UncommonTrapBlob}
  0x0000022c07e562f8: 6066 90e8 

  0x0000022c07e562fc: ; ImmutableOopMap {rbp=Oop [40]=NarrowOop [56]=Oop [64]=NarrowOop [68]=NarrowOop [80]=Oop }
                      ;*aaload {reexecute=0 rethrow=0 return_oop=0}
                      ; - java.util.ArrayDeque::elementAt@2 (line 259)
                      ; - java.util.ArrayDeque::pollFirst@12 (line 379)
                      ; - java.util.ArrayDeque::poll@1 (line 537)
                      ; - com.jme3.input.lwjgl.GlfwMouseInput::update@122 (line 298)
                      ; - com.jme3.input.InputManager::update@59 (line 907)
                      ; - com.jme3.app.LegacyApplication::update@91 (line 724)
                      ; - com.jme3.app.SimpleApplication::update@20 (line 246)
  0x0000022c07e562fc: 60e0 64ff 

  0x0000022c07e56300: ;   {other}
  0x0000022c07e56300: 0f1f 8400 | 0000 0000 | baf6 ffff | ff44 8954 | 2428 c5fa | 1044 2430 | c5fa 1144 | 242c 4889 
  0x0000022c07e56320: 4424 304c | 895c 2438 | 4489 4c24 

  0x0000022c07e5632c: ;   {runtime_call UncommonTrapBlob}
  0x0000022c07e5632c: 4066 90e8 

  0x0000022c07e56330: ; ImmutableOopMap {[40]=NarrowOop [56]=Oop [64]=NarrowOop [72]=Oop }
                      ;*invokeinterface poll {reexecute=0 rethrow=0 return_oop=0}
                      ; - com.jme3.input.lwjgl.GlfwKeyInput::update@31 (line 161)
                      ; - com.jme3.input.InputManager::update@50 (line 906)
                      ; - com.jme3.app.LegacyApplication::update@91 (line 724)
                      ; - com.jme3.app.SimpleApplication::update@20 (line 246)
  0x0000022c07e56330: 2ce0 64ff 

  0x0000022c07e56334: ;   {other}
  0x0000022c07e56334: 0f1f 8400 | 0000 0000 | baf4 ffff | ff44 8954 | 2428 c5fa | 1044 2430 | c5fa 1144 | 242c 4889 
  0x0000022c07e56354: 4424 304c | 895c 2438 | 4489 4c24 

  0x0000022c07e56360: ;   {runtime_call UncommonTrapBlob}
  0x0000022c07e56360: 4066 90e8 

  0x0000022c07e56364: ; ImmutableOopMap {[40]=NarrowOop [56]=Oop [64]=NarrowOop [72]=Oop }
                      ;*checkcast {reexecute=0 rethrow=0 return_oop=0}
                      ; - com.jme3.input.lwjgl.GlfwMouseInput::update@127 (line 298)
                      ; - com.jme3.input.InputManager::update@59 (line 907)
                      ; - com.jme3.app.LegacyApplication::update@91 (line 724)
                      ; - com.jme3.app.SimpleApplication::update@20 (line 246)
  0x0000022c07e56364: f8df 64ff 

  0x0000022c07e56368: ;   {other}
  0x0000022c07e56368: 0f1f 8400 | 0000 0000 | baf6 ffff | ff48 8b6c | 2448 4489 | 5424 28c5 | fa10 4424 | 30c5 fa11 
  0x0000022c07e56388: 4424 2c48 | 8944 2430 | 4c89 5c24 | 3844 894c | 2440 4889 | 4c24 5089 | 7424 4444 | 8944 245c 
  0x0000022c07e563a8: 4489 4424 

  0x0000022c07e563ac: ;   {runtime_call UncommonTrapBlob}
  0x0000022c07e563ac: 6066 90e8 

  0x0000022c07e563b0: ; ImmutableOopMap {rbp=Oop [40]=NarrowOop [56]=Oop [64]=NarrowOop [68]=NarrowOop [80]=Oop }
                      ;*aaload {reexecute=0 rethrow=0 return_oop=0}
                      ; - java.util.ArrayDeque::elementAt@2 (line 259)
                      ; - java.util.ArrayDeque::pollFirst@12 (line 379)
                      ; - java.util.ArrayDeque::poll@1 (line 537)
                      ; - com.jme3.input.lwjgl.GlfwKeyInput::update@31 (line 161)
                      ; - com.jme3.input.InputManager::update@50 (line 906)
                      ; - com.jme3.app.LegacyApplication::update@91 (line 724)
                      ; - com.jme3.app.SimpleApplication::update@20 (line 246)
  0x0000022c07e563b0: acdf 64ff 

  0x0000022c07e563b4: ;   {other}
  0x0000022c07e563b4: 0f1f 8400 | 0000 0000 | baf6 ffff | ff44 8954 | 2428 c5fa | 104c 2430 | c5fa 114c | 242c 4889 
  0x0000022c07e563d4: 4424 304c | 895c 2438 | 4889 5c24 

  0x0000022c07e563e0: ;   {runtime_call UncommonTrapBlob}
  0x0000022c07e563e0: 4066 90e8 

  0x0000022c07e563e4: ; ImmutableOopMap {[40]=NarrowOop [56]=Oop [64]=Oop [72]=Oop }
                      ;*invokeinterface onMouseMotionEvent {reexecute=0 rethrow=0 return_oop=0}
                      ; - com.jme3.input.lwjgl.GlfwMouseInput::update@130 (line 298)
                      ; - com.jme3.input.InputManager::update@59 (line 907)
                      ; - com.jme3.app.LegacyApplication::update@91 (line 724)
                      ; - com.jme3.app.SimpleApplication::update@20 (line 246)
  0x0000022c07e563e4: 78df 64ff 

  0x0000022c07e563e8: ;   {other}
  0x0000022c07e563e8: 0f1f 8400 | 0000 0000 | baf4 ffff | ff44 8954 | 2428 c5fa | 1044 2430 | c5fa 1144 | 242c 4889 
  0x0000022c07e56408: 4424 304c | 895c 2438 | 4489 4c24 

  0x0000022c07e56414: ;   {runtime_call UncommonTrapBlob}
  0x0000022c07e56414: 4066 90e8 

  0x0000022c07e56418: ; ImmutableOopMap {[40]=NarrowOop [56]=Oop [64]=NarrowOop [72]=Oop }
                      ;*checkcast {reexecute=0 rethrow=0 return_oop=0}
                      ; - com.jme3.input.lwjgl.GlfwKeyInput::update@36 (line 161)
                      ; - com.jme3.input.InputManager::update@50 (line 906)
                      ; - com.jme3.app.LegacyApplication::update@91 (line 724)
                      ; - com.jme3.app.SimpleApplication::update@20 (line 246)
  0x0000022c07e56418: 44df 64ff 

  0x0000022c07e5641c: ;   {other}
  0x0000022c07e5641c: 0f1f 8400 | 0000 0000 | baf6 ffff | ff44 8954 | 2428 c5fa | 104c 2430 | c5fa 114c | 242c 4889 
  0x0000022c07e5643c: 4424 304c | 895c 2438 | 4c89 4424 

  0x0000022c07e56448: ;   {runtime_call UncommonTrapBlob}
  0x0000022c07e56448: 4066 90e8 

  0x0000022c07e5644c: ; ImmutableOopMap {[40]=NarrowOop [56]=Oop [64]=Oop [72]=Oop }
                      ;*invokeinterface onKeyEvent {reexecute=0 rethrow=0 return_oop=0}
                      ; - com.jme3.input.lwjgl.GlfwKeyInput::update@39 (line 161)
                      ; - com.jme3.input.InputManager::update@50 (line 906)
                      ; - com.jme3.app.LegacyApplication::update@91 (line 724)
                      ; - com.jme3.app.SimpleApplication::update@20 (line 246)
  0x0000022c07e5644c: 10df 64ff 

  0x0000022c07e56450: ;   {other}
  0x0000022c07e56450: 0f1f 8400 | 0000 0000 | baf6 ffff | ff44 8954 | 2428 c5fa | 104c 2430 | c5fa 114c | 242c 4889 
  0x0000022c07e56470: 4424 304c | 895c 2438 | 4489 4c24 

  0x0000022c07e5647c: ;   {runtime_call UncommonTrapBlob}
  0x0000022c07e5647c: 4066 90e8 

  0x0000022c07e56480: ; ImmutableOopMap {[40]=NarrowOop [56]=Oop [64]=NarrowOop [72]=Oop }
                      ;*invokeinterface poll {reexecute=0 rethrow=0 return_oop=0}
                      ; - com.jme3.input.lwjgl.GlfwMouseInput::update@158 (line 302)
                      ; - com.jme3.input.InputManager::update@59 (line 907)
                      ; - com.jme3.app.LegacyApplication::update@91 (line 724)
                      ; - com.jme3.app.SimpleApplication::update@20 (line 246)
  0x0000022c07e56480: dcde 64ff 

  0x0000022c07e56484: ;   {other}
  0x0000022c07e56484: 0f1f 8400 | 0000 0000 | baf6 ffff | ff48 8b6c | 2448 4489 | 5424 28c5 | fa10 4c24 | 30c5 fa11 
  0x0000022c07e564a4: 4c24 2c48 | 8944 2430 | 4c89 5c24 | 3844 894c | 2440 4889 | 4c24 5089 | 7424 4444 | 8944 245c 
  0x0000022c07e564c4: 4489 4424 

  0x0000022c07e564c8: ;   {runtime_call UncommonTrapBlob}
  0x0000022c07e564c8: 6066 90e8 

  0x0000022c07e564cc: ; ImmutableOopMap {rbp=Oop [40]=NarrowOop [56]=Oop [64]=NarrowOop [68]=NarrowOop [80]=Oop }
                      ;*aaload {reexecute=0 rethrow=0 return_oop=0}
                      ; - java.util.ArrayDeque::elementAt@2 (line 259)
                      ; - java.util.ArrayDeque::pollFirst@12 (line 379)
                      ; - java.util.ArrayDeque::poll@1 (line 537)
                      ; - com.jme3.input.lwjgl.GlfwMouseInput::update@158 (line 302)
                      ; - com.jme3.input.InputManager::update@59 (line 907)
                      ; - com.jme3.app.LegacyApplication::update@91 (line 724)
                      ; - com.jme3.app.SimpleApplication::update@20 (line 246)
  0x0000022c07e564cc: 90de 64ff 

  0x0000022c07e564d0: ;   {other}
  0x0000022c07e564d0: 0f1f 8400 | 0000 0000 | baf4 ffff | ff44 8954 | 2428 c5fa | 104c 2430 | c5fa 114c | 242c 4889 
  0x0000022c07e564f0: 4424 304c | 895c 2438 | 4489 4c24 

  0x0000022c07e564fc: ;   {runtime_call UncommonTrapBlob}
  0x0000022c07e564fc: 4066 90e8 

  0x0000022c07e56500: ; ImmutableOopMap {[40]=NarrowOop [56]=Oop [64]=NarrowOop [72]=Oop }
                      ;*checkcast {reexecute=0 rethrow=0 return_oop=0}
                      ; - com.jme3.input.lwjgl.GlfwMouseInput::update@163 (line 302)
                      ; - com.jme3.input.InputManager::update@59 (line 907)
                      ; - com.jme3.app.LegacyApplication::update@91 (line 724)
                      ; - com.jme3.app.SimpleApplication::update@20 (line 246)
  0x0000022c07e56500: 5cde 64ff 

  0x0000022c07e56504: ;   {other}
  0x0000022c07e56504: 0f1f 8400 | 0000 0000 | baf6 ffff | ff44 8954 | 2428 c5fa | 1044 2430 | c5fa 1144 | 242c 4889 
  0x0000022c07e56524: 4424 304c | 895c 2438 | 4c89 4424 

  0x0000022c07e56530: ;   {runtime_call UncommonTrapBlob}
  0x0000022c07e56530: 4066 90e8 

  0x0000022c07e56534: ; ImmutableOopMap {[40]=NarrowOop [56]=Oop [64]=Oop [72]=Oop }
                      ;*invokeinterface onMouseButtonEvent {reexecute=0 rethrow=0 return_oop=0}
                      ; - com.jme3.input.lwjgl.GlfwMouseInput::update@166 (line 302)
                      ; - com.jme3.input.InputManager::update@59 (line 907)
                      ; - com.jme3.app.LegacyApplication::update@91 (line 724)
                      ; - com.jme3.app.SimpleApplication::update@20 (line 246)
  0x0000022c07e56534: 28de 64ff 

  0x0000022c07e56538: ;   {other}
  0x0000022c07e56538: 0f1f 8400 | 0000 0000 | baf6 ffff | ff44 8b54 | 2434 4489 | 5424 28c5 | fa10 4c24 | 30c5 fa11 
  0x0000022c07e56558: 4c24 2c4c | 8b54 2438 | 4c89 5424 | 304c 895c 

  0x0000022c07e56568: ;   {runtime_call UncommonTrapBlob}
  0x0000022c07e56568: 2438 90e8 

  0x0000022c07e5656c: ; ImmutableOopMap {[40]=NarrowOop [56]=Oop [72]=Oop }
                      ;*invokeinterface isEmpty {reexecute=0 rethrow=0 return_oop=0}
                      ; - com.jme3.input.lwjgl.GlfwKeyInput::update@15 (line 160)
                      ; - com.jme3.input.InputManager::update@50 (line 906)
                      ; - com.jme3.app.LegacyApplication::update@91 (line 724)
                      ; - com.jme3.app.SimpleApplication::update@20 (line 246)
  0x0000022c07e5656c: f0dd 64ff 

  0x0000022c07e56570: ;   {other}
  0x0000022c07e56570: 0f1f 8400 | 0000 0000 | baf6 ffff | ff44 8b44 | 2434 4489 | 4424 28c5 | fa10 4424 | 30c5 fa11 
  0x0000022c07e56590: 4424 2c4c | 8b54 2438 | 4c89 5424 | 304c 895c 

  0x0000022c07e565a0: ;   {runtime_call UncommonTrapBlob}
  0x0000022c07e565a0: 2438 90e8 

  0x0000022c07e565a4: ; ImmutableOopMap {[40]=NarrowOop [56]=Oop [72]=Oop }
                      ;*invokeinterface isEmpty {reexecute=0 rethrow=0 return_oop=0}
                      ; - com.jme3.input.lwjgl.GlfwMouseInput::update@142 (line 301)
                      ; - com.jme3.input.InputManager::update@59 (line 907)
                      ; - com.jme3.app.LegacyApplication::update@91 (line 724)
                      ; - com.jme3.app.SimpleApplication::update@20 (line 246)
  0x0000022c07e565a4: b8dd 64ff 

  0x0000022c07e565a8: ;   {other}
  0x0000022c07e565a8: 0f1f 8400 | 0000 0000 | baf6 ffff | ff44 8b54 | 2434 4489 | 5424 28c5 | fa10 4c24 | 30c5 fa11 
  0x0000022c07e565c8: 4c24 2c4c | 8b54 2438 | 4c89 5424 

  0x0000022c07e565d4: ;   {runtime_call UncommonTrapBlob}
  0x0000022c07e565d4: 3066 90e8 

  0x0000022c07e565d8: ; ImmutableOopMap {[40]=NarrowOop [64]=Oop [72]=Oop }
                      ;*invokeinterface isEmpty {reexecute=0 rethrow=0 return_oop=0}
                      ; - com.jme3.input.lwjgl.GlfwMouseInput::update@106 (line 297)
                      ; - com.jme3.input.InputManager::update@59 (line 907)
                      ; - com.jme3.app.LegacyApplication::update@91 (line 724)
                      ; - com.jme3.app.SimpleApplication::update@20 (line 246)
  0x0000022c07e565d8: 84dd 64ff 

  0x0000022c07e565dc: ;   {other}
  0x0000022c07e565dc: 0f1f 8400 | 0000 0000 | baf4 ffff | ffc5 fa10 | 4424 2cc5 | fa11 4424 

  0x0000022c07e565f4: ;   {runtime_call UncommonTrapBlob}
  0x0000022c07e565f4: 2466 90e8 

  0x0000022c07e565f8: ; ImmutableOopMap {rbp=Oop [56]=Oop }
                      ;*checkcast {reexecute=0 rethrow=0 return_oop=0}
                      ; - com.jme3.scene.Node::updateLogicalState@20 (line 241)
                      ; - com.jme3.app.SimpleApplication::update@109 (line 261)
  0x0000022c07e565f8: 64dd 64ff 

  0x0000022c07e565fc: ;   {other}
  0x0000022c07e565fc: 0f1f 8400 | 0000 0000 | baf4 ffff | ffc5 fa10 | 4424 2cc5 | fa11 4424 

  0x0000022c07e56614: ;   {runtime_call UncommonTrapBlob}
  0x0000022c07e56614: 2466 90e8 

  0x0000022c07e56618: ; ImmutableOopMap {rbp=Oop [56]=Oop }
                      ;*checkcast {reexecute=0 rethrow=0 return_oop=0}
                      ; - com.jme3.scene.Node::updateLogicalState@20 (line 241)
                      ; - com.jme3.app.SimpleApplication::update@117 (line 262)
  0x0000022c07e56618: 44dd 64ff 

  0x0000022c07e5661c: ;   {other}
  0x0000022c07e5661c: 0f1f 8400 | 0000 0000 | eb6c eb4e | eb4c eb66 | eb3a eb3f | eb54 eb59 | eb5c eb30 | eb2e eb33 
  0x0000022c07e5663c: eb31 eb46 | eb44 eb49 | eb47 eb37 | eb1e eb1c | eb21 eb1f | eb2d eb2b | eb29 eb3a | eb2c eb31 
  0x0000022c07e5665c: 488b d0eb | 4248 8bd0 | eb3d eb00 | 488b d0eb | 36eb 0048 | 8bd0 eb2f | eb00 488b | d0eb 28eb 
  0x0000022c07e5667c: 02eb 0048 | 8bd0 eb1f | eb00 488b | d0eb 18eb | 0048 8bd0 | eb11 488b | d0eb 0ceb | 0048 8bd0 
  0x0000022c07e5669c: eb05 eb00 | 488b d048 | 81c4 c000 

  0x0000022c07e566a8: ;   {runtime_call _rethrow_Java}
  0x0000022c07e566a8: 0000 5de9 | b0a2 7bff 

  0x0000022c07e566b0: ;   {internal_word}
  0x0000022c07e566b0: 49ba af19 | e507 2c02 | 0000 4d89 | 9760 0400 

  0x0000022c07e566c0: ;   {runtime_call SafepointBlob}
  0x0000022c07e566c0: 00e9 1aed | 64ff 4183 | 8718 0600 | 0008 49ff | 8750 0500 | 00e9 1bb2 | ffff 4983 | ba9e 0000 
  0x0000022c07e566e0: 0000 74ea | 49c7 423e | 0000 0000 | f083 0424 | 0049 83ba | 9e00 0000 | 0075 0b48 | 33c0 f04d 
  0x0000022c07e56700: 0fb1 7a3e | 74c8 33c0 | e9e8 b1ff | ff41 8387 | 1806 0000 | 0849 ff87 | 5005 0000 | e92b acff 
  0x0000022c07e56720: ff49 83ba | 9e00 0000 | 0074 ea49 | c742 3e00 | 0000 00f0 | 8304 2400 | 4983 ba9e | 0000 0000 
  0x0000022c07e56740: 750b 4833 | c0f0 4d0f | b17a 3e74 | c833 c0e9 | f8ab ffff | 4183 8718 | 0600 0008 | 49ff 8750 
  0x0000022c07e56760: 0500 00e9 | d9a0 ffff | 4983 ba9e | 0000 0000 | 74ea 49c7 | 423e 0000 | 0000 f083 | 0424 0049 
  0x0000022c07e56780: 83ba 9e00 | 0000 0075 | 0b48 33c0 | f04d 0fb1 | 7a3e 74c8 | 33c0 e9a6 | a0ff ff48 | 83ec 08c5 
  0x0000022c07e567a0: fb11 0424 

  0x0000022c07e567a4: ;   {runtime_call StubRoutines (initial stubs)}
  0x0000022c07e567a4: e809 aa5f | ff58 e9cf 

  0x0000022c07e567ac: ;   {runtime_call StubRoutines (final stubs)}
  0x0000022c07e567ac: 9bff ffe8 | 8c0f 63ff | e9b5 95ff | fff4 f4f4 | f4f4 f4f4 
[Stub Code]
  0x0000022c07e567c0: ;   {no_reloc}
  0x0000022c07e567c0: 48bb 0000 | 0000 0000 

  0x0000022c07e567c8: ;   {runtime_call nmethod}
  0x0000022c07e567c8: 0000 e9fb 

  0x0000022c07e567cc: ;   {static_stub}
  0x0000022c07e567cc: ffff ff48 | bb00 0000 | 0000 0000 

  0x0000022c07e567d8: ;   {runtime_call nmethod}
  0x0000022c07e567d8: 00e9 fbff 

  0x0000022c07e567dc: ;   {static_stub}
  0x0000022c07e567dc: ffff 48bb | 0000 0000 | 0000 0000 

  0x0000022c07e567e8: ;   {runtime_call nmethod}
  0x0000022c07e567e8: e9fb ffff 

  0x0000022c07e567ec: ;   {static_stub}
  0x0000022c07e567ec: ff48 bb00 | 0000 0000 

  0x0000022c07e567f4: ;   {runtime_call nmethod}
  0x0000022c07e567f4: 0000 00e9 | fbff ffff 

  0x0000022c07e567fc: ;   {static_stub}
  0x0000022c07e567fc: 48bb 0000 | 0000 0000 

  0x0000022c07e56804: ;   {runtime_call nmethod}
  0x0000022c07e56804: 0000 e9fb 

  0x0000022c07e56808: ;   {static_stub}
  0x0000022c07e56808: ffff ff48 | bb00 0000 | 0000 0000 

  0x0000022c07e56814: ;   {runtime_call nmethod}
  0x0000022c07e56814: 00e9 fbff 

  0x0000022c07e56818: ;   {static_stub}
  0x0000022c07e56818: ffff 48bb | 0000 0000 | 0000 0000 

  0x0000022c07e56824: ;   {runtime_call nmethod}
  0x0000022c07e56824: e9fb ffff 

  0x0000022c07e56828: ;   {static_stub}
  0x0000022c07e56828: ff48 bb00 | 0000 0000 

  0x0000022c07e56830: ;   {runtime_call nmethod}
  0x0000022c07e56830: 0000 00e9 | fbff ffff 

  0x0000022c07e56838: ;   {static_stub}
  0x0000022c07e56838: 48bb 0000 | 0000 0000 

  0x0000022c07e56840: ;   {runtime_call nmethod}
  0x0000022c07e56840: 0000 e9fb 

  0x0000022c07e56844: ;   {static_stub}
  0x0000022c07e56844: ffff ff48 | bb00 0000 | 0000 0000 

  0x0000022c07e56850: ;   {runtime_call nmethod}
  0x0000022c07e56850: 00e9 fbff 

  0x0000022c07e56854: ;   {static_stub}
  0x0000022c07e56854: ffff 48bb | 0000 0000 | 0000 0000 

  0x0000022c07e56860: ;   {runtime_call nmethod}
  0x0000022c07e56860: e9fb ffff 

  0x0000022c07e56864: ;   {static_stub}
  0x0000022c07e56864: ff48 bb00 | 0000 0000 

  0x0000022c07e5686c: ;   {runtime_call nmethod}
  0x0000022c07e5686c: 0000 00e9 | fbff ffff 

  0x0000022c07e56874: ;   {static_stub}
  0x0000022c07e56874: 48bb 0000 | 0000 0000 

  0x0000022c07e5687c: ;   {runtime_call nmethod}
  0x0000022c07e5687c: 0000 e9fb 

  0x0000022c07e56880: ;   {static_stub}
  0x0000022c07e56880: ffff ff48 | bb08 da13 | 672c 0200 

  0x0000022c07e5688c: ;   {runtime_call I2C/C2I adapters}
  0x0000022c07e5688c: 00e9 a4d6 

  0x0000022c07e56890: ;   {static_stub}
  0x0000022c07e56890: 64ff 48bb | 0000 0000 | 0000 0000 

  0x0000022c07e5689c: ;   {runtime_call nmethod}
  0x0000022c07e5689c: e9fb ffff 

  0x0000022c07e568a0: ;   {static_stub}
  0x0000022c07e568a0: ff48 bb00 | 0000 0000 

  0x0000022c07e568a8: ;   {runtime_call nmethod}
  0x0000022c07e568a8: 0000 00e9 | fbff ffff 

  0x0000022c07e568b0: ;   {static_stub}
  0x0000022c07e568b0: 48bb 0000 | 0000 0000 

  0x0000022c07e568b8: ;   {runtime_call nmethod}
  0x0000022c07e568b8: 0000 e9fb 

  0x0000022c07e568bc: ;   {static_stub}
  0x0000022c07e568bc: ffff ff48 | bb00 0000 | 0000 0000 

  0x0000022c07e568c8: ;   {runtime_call nmethod}
  0x0000022c07e568c8: 00e9 fbff 

  0x0000022c07e568cc: ;   {static_stub}
  0x0000022c07e568cc: ffff 48bb | 0000 0000 | 0000 0000 

  0x0000022c07e568d8: ;   {runtime_call nmethod}
  0x0000022c07e568d8: e9fb ffff 

  0x0000022c07e568dc: ;   {static_stub}
  0x0000022c07e568dc: ff48 bb00 | 0000 0000 

  0x0000022c07e568e4: ;   {runtime_call nmethod}
  0x0000022c07e568e4: 0000 00e9 | fbff ffff 

  0x0000022c07e568ec: ;   {static_stub}
  0x0000022c07e568ec: 48bb 0000 | 0000 0000 

  0x0000022c07e568f4: ;   {runtime_call nmethod}
  0x0000022c07e568f4: 0000 e9fb 

  0x0000022c07e568f8: ;   {static_stub}
  0x0000022c07e568f8: ffff ff48 | bb00 0000 | 0000 0000 

  0x0000022c07e56904: ;   {runtime_call nmethod}
  0x0000022c07e56904: 00e9 fbff 

  0x0000022c07e56908: ;   {static_stub}
  0x0000022c07e56908: ffff 48bb | 0000 0000 | 0000 0000 

  0x0000022c07e56914: ;   {runtime_call nmethod}
  0x0000022c07e56914: e9fb ffff 

  0x0000022c07e56918: ;   {static_stub}
  0x0000022c07e56918: ff48 bb00 | 0000 0000 

  0x0000022c07e56920: ;   {runtime_call nmethod}
  0x0000022c07e56920: 0000 00e9 | fbff ffff 

  0x0000022c07e56928: ;   {static_stub}
  0x0000022c07e56928: 48bb 0000 | 0000 0000 

  0x0000022c07e56930: ;   {runtime_call nmethod}
  0x0000022c07e56930: 0000 e9fb 

  0x0000022c07e56934: ;   {static_stub}
  0x0000022c07e56934: ffff ff48 | bb00 0000 | 0000 0000 

  0x0000022c07e56940: ;   {runtime_call nmethod}
  0x0000022c07e56940: 00e9 fbff 

  0x0000022c07e56944: ;   {static_stub}
  0x0000022c07e56944: ffff 48bb | 0000 0000 | 0000 0000 

  0x0000022c07e56950: ;   {runtime_call nmethod}
  0x0000022c07e56950: e9fb ffff 

  0x0000022c07e56954: ;   {static_stub}
  0x0000022c07e56954: ff48 bb00 | 0000 0000 

  0x0000022c07e5695c: ;   {runtime_call nmethod}
  0x0000022c07e5695c: 0000 00e9 | fbff ffff 
[Exception Handler]
  0x0000022c07e56964: ;   {runtime_call ExceptionBlob}
  0x0000022c07e56964: e977 7972 | ffe8 0000 | 0000 4883 

  0x0000022c07e56970: ;   {runtime_call DeoptimizationBlob}
  0x0000022c07e56970: 2c24 05e9 | 08dd 64ff 
[/MachCode]


Compiled method (c1) 14252 4966   !   3       com.jme3.system.lwjgl.LwjglWindow::runLoop (220 bytes)
 total in heap  [0x0000022c006eff88,0x0000022c006f1ea0] = 7960
 relocation     [0x0000022c006f0060,0x0000022c006f02e0] = 640
 constants      [0x0000022c006f02e0,0x0000022c006f0300] = 32
 main code      [0x0000022c006f0300,0x0000022c006f1c80] = 6528
 stub code      [0x0000022c006f1c80,0x0000022c006f1d80] = 256
 oops           [0x0000022c006f1d80,0x0000022c006f1db8] = 56
 metadata       [0x0000022c006f1db8,0x0000022c006f1ea0] = 232
 immutable data [0x0000022c8ba2a800,0x0000022c8ba2b080] = 2176
 dependencies   [0x0000022c8ba2a800,0x0000022c8ba2a840] = 64
 nul chk table  [0x0000022c8ba2a840,0x0000022c8ba2a8b0] = 112
 handler table  [0x0000022c8ba2a8b0,0x0000022c8ba2a8e0] = 48
 scopes pcs     [0x0000022c8ba2a8e0,0x0000022c8ba2ac90] = 944
 scopes data    [0x0000022c8ba2ac90,0x0000022c8ba2b080] = 1008


[Constant Pool]
             Address          hex4                    hex8      
  0x0000022c006f02e0:   0x00000000      0x408f400000000000      
  0x0000022c006f02e4:   0x408f4000                              
  0x0000022c006f02e8:   0x00000000      0x412e848000000000      
  0x0000022c006f02ec:   0x412e8480                              
  0x0000022c006f02f0:   0xf4f4f4f4      0xf4f4f4f4f4f4f4f4      
  0x0000022c006f02f4:   0xf4f4f4f4                              
  0x0000022c006f02f8:   0xf4f4f4f4      0xf4f4f4f4f4f4f4f4      
  0x0000022c006f02fc:   0xf4f4f4f4                              

[MachCode]
[Instructions begin]
  0x0000022c006f0300: ;   {no_reloc}
  0x0000022c006f0300: 6666 660f | 1f84 0000 | 0000 0066 | 6666 9066 | 6690 448b | 5208 443b 

  0x0000022c006f0318: ;   {runtime_call ic_miss_stub}
  0x0000022c006f0318: 5008 0f85 | c0e1 da06 
[Verified Entry Point]
  0x0000022c006f0320: 8984 2400 | 80ff ff55 | 4881 ec40 | 0100 0090 | 4181 7f20 | 0500 0000 

  0x0000022c006f0338: ;   {runtime_call StubRoutines (final stubs)}
  0x0000022c006f0338: 7405 e801 | 74d9 0648 | 8994 24e0 

  0x0000022c006f0344: ;   {metadata(method data for {method} {0x0000022c66b16d48} 'runLoop' '()V' in 'com/jme3/system/lwjgl/LwjglWindow')}
  0x0000022c006f0344: 0000 0048 | be58 3561 | 672c 0200 | 008b becc | 0000 0083 | c702 89be | cc00 0000 | 81e7 fe07 
  0x0000022c006f0364: 0000 85ff | 0f84 ce15 | 0000 8b5a | 5448 c1e3 | 0348 899c | 2420 0100 | 0048 3b03 

  0x0000022c006f0380: ;   {metadata(method data for {method} {0x0000022c66b16d48} 'runLoop' '()V' in 'com/jme3/system/lwjgl/LwjglWindow')}
  0x0000022c006f0380: 488b f348 | bf58 3561 | 672c 0200 | 0048 8387 | 1801 0000 

  0x0000022c006f0394: ;   {metadata(method data for {method} {0x0000022c66235c60} 'getAndSet' '(Z)Z' in 'java/util/concurrent/atomic/AtomicBoolean')}
  0x0000022c006f0394: 0148 be58 | 3d87 662c | 0200 008b | becc 0000 | 0083 c702 | 89be cc00 | 0000 81e7 | feff 1f00 
  0x0000022c006f03b4: 85ff 0f84 | a615 0000 

  0x0000022c006f03bc: ;   {metadata(method data for {method} {0x0000022c66235c60} 'getAndSet' '(Z)Z' in 'java/util/concurrent/atomic/AtomicBoolean')}
  0x0000022c006f03bc: 48be 583d | 8766 2c02 | 0000 ff86 | 1801 0000 

  0x0000022c006f03cc: ;   {metadata(method data for {method} {0x0000022c66235c60} 'getAndSet' '(Z)Z' in 'java/util/concurrent/atomic/AtomicBoolean')}
  0x0000022c006f03cc: 48be 583d | 8766 2c02 | 0000 4883 | 8650 0100 

  0x0000022c006f03dc: ;   {metadata(method data for {method} {0x0000022c24263048} 'guard_LI_I' '(Ljava/lang/invoke/VarHandle;Ljava/lang/Object;ILjava/lang/invoke/VarHandle$AccessDescriptor;)I' in 'java/lang/invoke/VarHandleGuards')}
  0x0000022c006f03dc: 0001 48be | 0844 a466 | 2c02 0000 | 8bbe cc00 | 0000 83c7 | 0289 becc | 0000 0081 | e7fe ff1f 
  0x0000022c006f03fc: 0085 ff0f | 847e 1500 

  0x0000022c006f0404: ;   {oop(a 'java/lang/invoke/VarHandleInts$FieldInstanceReadWrite'{0x00000004048a8628})}
  0x0000022c006f0404: 0048 be28 | 868a 0404 

  0x0000022c006f040c: ;   {metadata(method data for {method} {0x0000022c24263048} 'guard_LI_I' '(Ljava/lang/invoke/VarHandle;Ljava/lang/Object;ILjava/lang/invoke/VarHandle$AccessDescriptor;)I' in 'java/lang/invoke/VarHandleGuards')}
  0x0000022c006f040c: 0000 0048 | bf08 44a4 | 662c 0200 | 008b 7608 | 49ba 0000 | 0024 2c02 | 0000 4903 | f248 3bb7 
  0x0000022c006f042c: 2001 0000 | 750d 4883 | 8728 0100 | 0001 e960 | 0000 0048 | 3bb7 3001 | 0000 750d | 4883 8738 
  0x0000022c006f044c: 0100 0001 | e94a 0000 | 0048 83bf | 2001 0000 | 0075 1748 | 89b7 2001 | 0000 48c7 | 8728 0100 
  0x0000022c006f046c: 0001 0000 | 00e9 2900 | 0000 4883 | bf30 0100 | 0000 7517 | 4889 b730 | 0100 0048 | c787 3801 
  0x0000022c006f048c: 0000 0100 | 0000 e908 | 0000 0048 | 8387 1801 

  0x0000022c006f049c: ;   {metadata(method data for {method} {0x0000022c241ce110} 'checkAccessModeThenIsDirect' '(Ljava/lang/invoke/VarHandle$AccessDescriptor;)Z' in 'java/lang/invoke/VarHandle')}
  0x0000022c006f049c: 0000 0148 | be58 39a4 | 662c 0200 | 008b becc | 0000 0083 | c702 89be | cc00 0000 | 81e7 feff 
  0x0000022c006f04bc: 1f00 85ff | 0f84 de14 

  0x0000022c006f04c4: ;   {metadata(method data for {method} {0x0000022c241ce110} 'checkAccessModeThenIsDirect' '(Ljava/lang/invoke/VarHandle$AccessDescriptor;)Z' in 'java/lang/invoke/VarHandle')}
  0x0000022c006f04c4: 0000 48be | 5839 a466 | 2c02 0000 | ff86 1801 

  0x0000022c006f04d4: ;   {metadata(method data for {method} {0x0000022c24263048} 'guard_LI_I' '(Ljava/lang/invoke/VarHandle;Ljava/lang/Object;ILjava/lang/invoke/VarHandle$AccessDescriptor;)I' in 'java/lang/invoke/VarHandleGuards')}
  0x0000022c006f04d4: 0000 48be | 0844 a466 | 2c02 0000 | ff86 7001 

  0x0000022c006f04e4: ;   {metadata(method data for {method} {0x0000022c24263048} 'guard_LI_I' '(Ljava/lang/invoke/VarHandle;Ljava/lang/Object;ILjava/lang/invoke/VarHandle$AccessDescriptor;)I' in 'java/lang/invoke/VarHandleGuards')}
  0x0000022c006f04e4: 0000 48be | 0844 a466 | 2c02 0000 | ff86 9001 

  0x0000022c006f04f4: ;   {oop(a 'java/lang/invoke/VarForm'{0x00000004048a8650})}
  0x0000022c006f04f4: 0000 48be | 5086 8a04 | 0400 0000 

  0x0000022c006f0500: ;   {metadata(method data for {method} {0x0000022c24263048} 'guard_LI_I' '(Ljava/lang/invoke/VarHandle;Ljava/lang/Object;ILjava/lang/invoke/VarHandle$AccessDescriptor;)I' in 'java/lang/invoke/VarHandleGuards')}
  0x0000022c006f0500: 48bf 0844 | a466 2c02 | 0000 4883 | 87a0 0100 

  0x0000022c006f0510: ;   {metadata(method data for {method} {0x0000022c242628d8} 'getMemberName' '(I)Ljava/lang/invoke/MemberName;' in 'java/lang/invoke/VarForm')}
  0x0000022c006f0510: 0001 48be | 583b a466 | 2c02 0000 | 8bbe cc00 | 0000 83c7 | 0289 becc | 0000 0081 | e7fe ff1f 
  0x0000022c006f0530: 0085 ff0f | 848c 1400 

  0x0000022c006f0538: ;   {metadata(method data for {method} {0x0000022c242628d8} 'getMemberName' '(I)Ljava/lang/invoke/MemberName;' in 'java/lang/invoke/VarForm')}
  0x0000022c006f0538: 0048 be58 | 3ba4 662c | 0200 00ff | 8618 0100 

  0x0000022c006f0548: ;   {metadata(method data for {method} {0x0000022c24263048} 'guard_LI_I' '(Ljava/lang/invoke/VarHandle;Ljava/lang/Object;ILjava/lang/invoke/VarHandle$AccessDescriptor;)I' in 'java/lang/invoke/VarHandleGuards')}
  0x0000022c006f0548: 0048 be08 | 44a4 662c | 0200 0048 | 8386 e001 

  0x0000022c006f0558: ;   {metadata(method data for {method} {0x0000022c66239148} 'getAndSet' '(Ljava/lang/invoke/VarHandle;Ljava/lang/Object;I)I' in 'java/lang/invoke/VarHandleInts$FieldInstanceReadWrite')}
  0x0000022c006f0558: 0000 0148 | bee0 9751 | 672c 0200 | 008b becc | 0000 0083 | c702 89be | cc00 0000 | 81e7 feff 
  0x0000022c006f0578: 1f00 85ff | 0f84 6414 

  0x0000022c006f0580: ;   {oop(a 'java/lang/Class'{0x00000004048a85a8} = 'java/util/concurrent/atomic/AtomicBoolean')}
  0x0000022c006f0580: 0000 48be | a885 8a04 | 0400 0000 

  0x0000022c006f058c: ;   {metadata(method data for {method} {0x0000022c66239148} 'getAndSet' '(Ljava/lang/invoke/VarHandle;Ljava/lang/Object;I)I' in 'java/lang/invoke/VarHandleInts$FieldInstanceReadWrite')}
  0x0000022c006f058c: 48bf e097 | 5167 2c02 | 0000 4883 | 8748 0100 

  0x0000022c006f059c: ;   {metadata(method data for {method} {0x0000022c24498490} 'cast' '(Ljava/lang/Object;)Ljava/lang/Object;' in 'java/lang/Class')}
  0x0000022c006f059c: 0001 48be | 3889 2266 | 2c02 0000 | 8bbe cc00 | 0000 83c7 | 0289 becc | 0000 0081 | e7fe ff1f 
  0x0000022c006f05bc: 0085 ff0f | 8442 1400 | 0048 85db 

  0x0000022c006f05c8: ;   {metadata(method data for {method} {0x0000022c24498490} 'cast' '(Ljava/lang/Object;)Ljava/lang/Object;' in 'java/lang/Class')}
  0x0000022c006f05c8: 48be 3889 | 2266 2c02 | 0000 bf18 | 0100 0074 | 05bf 2801 | 0000 488b | 043e 488d | 4001 4889 
  0x0000022c006f05e8: 043e 0f84 | 8200 0000 

  0x0000022c006f05f0: ;   {oop(a 'java/lang/Class'{0x00000004048a85a8} = 'java/util/concurrent/atomic/AtomicBoolean')}
  0x0000022c006f05f0: 48be a885 | 8a04 0400 

  0x0000022c006f05f8: ;   {metadata(method data for {method} {0x0000022c24498490} 'cast' '(Ljava/lang/Object;)Ljava/lang/Object;' in 'java/lang/Class')}
  0x0000022c006f05f8: 0000 48bf | 3889 2266 | 2c02 0000 | 4883 8738 | 0100 0001 | 4885 db0f | 8429 0000 

  0x0000022c006f0614: ;   {metadata('java/util/concurrent/atomic/AtomicBoolean')}
  0x0000022c006f0614: 0048 b930 | fe06 252c | 0200 008b | 4308 49ba | 0000 0024 | 2c02 0000 | 4903 c248 | 3b48 380f 
  0x0000022c006f0634: 8505 0000 | 00e9 0500 | 0000 4833 | f6eb 05be | 0100 0000 

  0x0000022c006f0648: ;   {metadata(method data for {method} {0x0000022c24498490} 'cast' '(Ljava/lang/Object;)Ljava/lang/Object;' in 'java/lang/Class')}
  0x0000022c006f0648: 85f6 48be | 3889 2266 | 2c02 0000 | bf78 0100 | 0074 05bf | 6801 0000 | 488b 043e | 488d 4001 
  0x0000022c006f0668: 4889 043e | 0f84 ea11 

  0x0000022c006f0670: ;   {metadata(method data for {method} {0x0000022c66239148} 'getAndSet' '(Ljava/lang/invoke/VarHandle;Ljava/lang/Object;I)I' in 'java/lang/invoke/VarHandleInts$FieldInstanceReadWrite')}
  0x0000022c006f0670: 0000 48be | e097 5167 | 2c02 0000 | 4883 8678 | 0100 0001 

  0x0000022c006f0684: ;   {metadata(method data for {method} {0x0000022c2444a3e0} 'requireNonNull' '(Ljava/lang/Object;)Ljava/lang/Object;' in 'java/util/Objects')}
  0x0000022c006f0684: 48be 4084 | 0166 2c02 | 0000 8bbe | cc00 0000 | 83c7 0289 | becc 0000 | 0081 e7fe | ff1f 0085 
  0x0000022c006f06a4: ff0f 847d | 1300 0048 

  0x0000022c006f06ac: ;   {metadata(method data for {method} {0x0000022c2444a3e0} 'requireNonNull' '(Ljava/lang/Object;)Ljava/lang/Object;' in 'java/util/Objects')}
  0x0000022c006f06ac: 85db 48be | 4084 0166 | 2c02 0000 | bf28 0100 | 0074 05bf | 1801 0000 | 488b 043e | 488d 4001 
  0x0000022c006f06cc: 4889 043e | 0f84 de10 | 0000 488d | 730c bf00 | 0000 0087 

  0x0000022c006f06e0: ;   {metadata(method data for {method} {0x0000022c66235c60} 'getAndSet' '(Z)Z' in 'java/util/concurrent/atomic/AtomicBoolean')}
  0x0000022c006f06e0: 3e85 ff48 | be58 3d87 | 662c 0200 | 00bf 9801 | 0000 7405 | bfa8 0100 | 0048 8b1c | 3e48 8d5b 
  0x0000022c006f0700: 0148 891c | 3e0f 841a 

  0x0000022c006f0708: ;   {metadata(method data for {method} {0x0000022c66235c60} 'getAndSet' '(Z)Z' in 'java/util/concurrent/atomic/AtomicBoolean')}
  0x0000022c006f0708: 0000 0048 | be58 3d87 | 662c 0200 | 00ff 86b8 | 0100 00be | 0100 0000 | e905 0000 | 00be 0000 
  0x0000022c006f0728: 0000 83e6 

  0x0000022c006f072c: ;   {metadata(method data for {method} {0x0000022c66b16d48} 'runLoop' '()V' in 'com/jme3/system/lwjgl/LwjglWindow')}
  0x0000022c006f072c: 0185 f648 | be58 3561 | 672c 0200 | 00bf 4801 | 0000 7405 | bf58 0100 | 0048 8b1c | 3e48 8d5b 
  0x0000022c006f074c: 0148 891c | 3e0f 8435 | 0000 0048 

  0x0000022c006f0758: ;   {metadata(method data for {method} {0x0000022c66b16d48} 'runLoop' '()V' in 'com/jme3/system/lwjgl/LwjglWindow')}
  0x0000022c006f0758: 8bf2 48bf | 5835 6167 | 2c02 0000 | 4883 8768 | 0100 0001 | 488b f248 | 8bd6 0f1f 

  0x0000022c006f0774: ;   {optimized virtual_call}
  0x0000022c006f0774: 4400 00e8 

  0x0000022c006f0778: ; ImmutableOopMap {[224]=Oop }
                      ;*invokespecial restartContext {reexecute=0 rethrow=0 return_oop=0}
                      ; - com.jme3.system.lwjgl.LwjglWindow::runLoop@12 (line 523)
  0x0000022c006f0778: 64e0 da06 

  0x0000022c006f077c: ;   {other}
  0x0000022c006f077c: 0f1f 8400 | f407 0000 | 488b 9424 | e000 0000 | 8b72 1048 | c1e6 0348 | 3b06 488b 

  0x0000022c006f0798: ;   {metadata(method data for {method} {0x0000022c66b16d48} 'runLoop' '()V' in 'com/jme3/system/lwjgl/LwjglWindow')}
  0x0000022c006f0798: fe48 bb58 | 3561 672c | 0200 0048 | 8383 7801 

  0x0000022c006f07a8: ;   {metadata(method data for {method} {0x0000022c662355e8} 'get' '()Z' in 'java/util/concurrent/atomic/AtomicBoolean')}
  0x0000022c006f07a8: 0000 0148 | bf08 ad50 | 672c 0200 | 008b 9fcc | 0000 0083 | c302 899f | cc00 0000 | 81e3 feff 
  0x0000022c006f07c8: 1f00 85db | 0f84 7c12 | 0000 8b76 

  0x0000022c006f07d4: ;   {metadata(method data for {method} {0x0000022c662355e8} 'get' '()Z' in 'java/util/concurrent/atomic/AtomicBoolean')}
  0x0000022c006f07d4: 0c85 f648 | be08 ad50 | 672c 0200 | 00bf 1801 | 0000 7405 | bf28 0100 | 0048 8b1c | 3e48 8d5b 
  0x0000022c006f07f4: 0148 891c | 3e0f 841a 

  0x0000022c006f07fc: ;   {metadata(method data for {method} {0x0000022c662355e8} 'get' '()Z' in 'java/util/concurrent/atomic/AtomicBoolean')}
  0x0000022c006f07fc: 0000 0048 | be08 ad50 | 672c 0200 | 00ff 8638 | 0100 00be | 0100 0000 | e905 0000 | 00be 0000 
  0x0000022c006f081c: 0000 83e6 

  0x0000022c006f0820: ;   {metadata(method data for {method} {0x0000022c66b16d48} 'runLoop' '()V' in 'com/jme3/system/lwjgl/LwjglWindow')}
  0x0000022c006f0820: 0185 f648 | be58 3561 | 672c 0200 | 00bf b801 | 0000 7405 | bfa8 0100 | 0048 8b1c | 3e48 8d5b 
  0x0000022c006f0840: 0148 891c | 3e0f 84bf | 0e00 008b | 7230 48c1 | e603 483b | 0648 8bfe 

  0x0000022c006f0858: ;   {metadata(method data for {method} {0x0000022c66b16d48} 'runLoop' '()V' in 'com/jme3/system/lwjgl/LwjglWindow')}
  0x0000022c006f0858: 48bb 5835 | 6167 2c02 | 0000 8b7f | 0849 ba00 | 0000 242c | 0200 0049 | 03fa 483b | bbe0 0100 
  0x0000022c006f0878: 0075 0d48 | 8383 e801 | 0000 01e9 | 6000 0000 | 483b bbf0 | 0100 0075 | 0d48 8383 | f801 0000 
  0x0000022c006f0898: 01e9 4a00 | 0000 4883 | bbe0 0100 | 0000 7517 | 4889 bbe0 | 0100 0048 | c783 e801 | 0000 0100 
  0x0000022c006f08b8: 0000 e929 | 0000 0048 | 83bb f001 | 0000 0075 | 1748 89bb | f001 0000 | 48c7 83f8 | 0100 0001 
  0x0000022c006f08d8: 0000 00e9 | 0800 0000 | 4883 83d8 | 0100 0001 | 488b d666 | 9048 b8c0 | 85b7 852c 

  0x0000022c006f08f4: ;   {virtual_call}
  0x0000022c006f08f4: 0200 00e8 

  0x0000022c006f08f8: ; ImmutableOopMap {[224]=Oop }
                      ;*invokeinterface update {reexecute=0 rethrow=0 return_oop=0}
                      ; - com.jme3.system.lwjgl.LwjglWindow::runLoop@37 (line 530)
  0x0000022c006f08f8: 46f4 7507 

  0x0000022c006f08fc: ;   {other}
  0x0000022c006f08fc: 0f1f 8400 | 7409 0001 | 488b 9424 | e000 0000 | 8b72 1448 | c1e6 0348 | 3b06 488b 

  0x0000022c006f0918: ;   {metadata(method data for {method} {0x0000022c66b16d48} 'runLoop' '()V' in 'com/jme3/system/lwjgl/LwjglWindow')}
  0x0000022c006f0918: fe48 bb58 | 3561 672c | 0200 0048 | 8383 0802 

  0x0000022c006f0928: ;   {metadata(method data for {method} {0x0000022c662355e8} 'get' '()Z' in 'java/util/concurrent/atomic/AtomicBoolean')}
  0x0000022c006f0928: 0000 0148 | bf08 ad50 | 672c 0200 | 008b 9fcc | 0000 0083 | c302 899f | cc00 0000 | 81e3 feff 
  0x0000022c006f0948: 1f00 85db | 0f84 2711 | 0000 8b76 

  0x0000022c006f0954: ;   {metadata(method data for {method} {0x0000022c662355e8} 'get' '()Z' in 'java/util/concurrent/atomic/AtomicBoolean')}
  0x0000022c006f0954: 0c85 f648 | be08 ad50 | 672c 0200 | 00bf 1801 | 0000 7405 | bf28 0100 | 0048 8b1c | 3e48 8d5b 
  0x0000022c006f0974: 0148 891c | 3e0f 841a 

  0x0000022c006f097c: ;   {metadata(method data for {method} {0x0000022c662355e8} 'get' '()Z' in 'java/util/concurrent/atomic/AtomicBoolean')}
  0x0000022c006f097c: 0000 0048 | be08 ad50 | 672c 0200 | 00ff 8638 | 0100 00be | 0100 0000 | e905 0000 | 00be 0000 
  0x0000022c006f099c: 0000 83e6 

  0x0000022c006f09a0: ;   {metadata(method data for {method} {0x0000022c66b16d48} 'runLoop' '()V' in 'com/jme3/system/lwjgl/LwjglWindow')}
  0x0000022c006f09a0: 0185 f648 | be58 3561 | 672c 0200 | 00bf 3802 | 0000 7405 | bf48 0200 | 0048 8b1c | 3e48 8d5b 
  0x0000022c006f09c0: 0148 891c | 3e0f 84c9 | 0100 000f | be72 4e85 

  0x0000022c006f09d0: ;   {metadata(method data for {method} {0x0000022c66b16d48} 'runLoop' '()V' in 'com/jme3/system/lwjgl/LwjglWindow')}
  0x0000022c006f09d0: f648 be58 | 3561 672c | 0200 00bf | 5802 0000 | 7405 bf68 | 0200 0048 | 8b1c 3e48 | 8d5b 0148 
  0x0000022c006f09f0: 891c 3e0f | 845b 0000 | 000f be72 

  0x0000022c006f09fc: ;   {metadata(method data for {method} {0x0000022c66b16d48} 'runLoop' '()V' in 'com/jme3/system/lwjgl/LwjglWindow')}
  0x0000022c006f09fc: 4d85 f648 | be58 3561 | 672c 0200 | 00bf 7802 | 0000 7405 | bf88 0200 | 0048 8b1c | 3e48 8d5b 
  0x0000022c006f0a1c: 0148 891c | 3e0f 842d | 0000 0048 

  0x0000022c006f0a28: ;   {metadata(method data for {method} {0x0000022c66b16d48} 'runLoop' '()V' in 'com/jme3/system/lwjgl/LwjglWindow')}
  0x0000022c006f0a28: 8b72 4048 | bf58 3561 | 672c 0200 | 0048 8387 | 9802 0000 | 0148 8bd6 | 0f1f 8000 

  0x0000022c006f0a44: ;   {static_call}
  0x0000022c006f0a44: 0000 00e8 

  0x0000022c006f0a48: ; ImmutableOopMap {[224]=Oop }
                      ;*invokestatic glfwSwapBuffers {reexecute=0 rethrow=0 return_oop=0}
                      ; - com.jme3.system.lwjgl.LwjglWindow::runLoop@70 (line 539)
  0x0000022c006f0a48: d4b6 7407 

  0x0000022c006f0a4c: ;   {other}
  0x0000022c006f0a4c: 0f1f 8400 | c40a 0002 

  0x0000022c006f0a54: ;   {metadata(method data for {method} {0x0000022c66b16d48} 'runLoop' '()V' in 'com/jme3/system/lwjgl/LwjglWindow')}
  0x0000022c006f0a54: 48b8 5835 | 6167 2c02 | 0000 ff80 | a802 0000 | 488b 9424 | e000 0000 | e923 0100 | 0048 8b94 
  0x0000022c006f0a74: 24e0 0000 | 0049 8b87 | 0005 0000 | 4d33 d24d | 8997 0005 | 0000 4d33 | d24d 8997 | 0805 0000 
  0x0000022c006f0a94: 8b72 3048 | c1e6 0348 | 85f6 0f84 | 2900 0000 

  0x0000022c006f0aa4: ;   {metadata('com/jme3/app/LegacyApplication')}
  0x0000022c006f0aa4: 48bb 0010 | 0025 2c02 | 0000 8b7e | 0849 ba00 | 0000 242c | 0200 0049 | 03fa 483b | 5f38 0f85 
  0x0000022c006f0ac4: d20f 0000 | e900 0000 | 004c 8bc6 

  0x0000022c006f0ad0: ; implicit exception: dispatches to 0x0000022c006f1a9f
  0x0000022c006f0ad0: 483b 064c 

  0x0000022c006f0ad4: ;   {metadata(method data for {method} {0x0000022c66b16d48} 'runLoop' '()V' in 'com/jme3/system/lwjgl/LwjglWindow')}
  0x0000022c006f0ad4: 8bc6 49b9 | 5835 6167 | 2c02 0000 | 458b 4008 | 49ba 0000 | 0024 2c02 | 0000 4d03 | c24d 3b81 
  0x0000022c006f0af4: c802 0000 | 750d 4983 | 81d0 0200 | 0001 e960 | 0000 004d | 3b81 d802 | 0000 750d | 4983 81e0 
  0x0000022c006f0b14: 0200 0001 | e94a 0000 | 0049 83b9 | c802 0000 | 0075 174d | 8981 c802 | 0000 49c7 | 81d0 0200 
  0x0000022c006f0b34: 0001 0000 | 00e9 2900 | 0000 4983 | b9d8 0200 | 0000 7517 | 4d89 81d8 | 0200 0049 | c781 e002 
  0x0000022c006f0b54: 0000 0100 | 0000 e908 | 0000 0049 | 8381 c002 

  0x0000022c006f0b64: ;   {oop("Error while swapping buffers"{0x000000041d044cb8})}
  0x0000022c006f0b64: 0000 0149 | b8b8 4c04 | 1d04 0000 | 004c 8bc8 | 488b d648 | 8984 24e8 

  0x0000022c006f0b7c: ;   {optimized virtual_call}
  0x0000022c006f0b7c: 0000 00e8 

  0x0000022c006f0b80: ; ImmutableOopMap {[224]=Oop [232]=Oop }
                      ;*invokeinterface handleError {reexecute=0 rethrow=0 return_oop=0}
                      ; - com.jme3.system.lwjgl.LwjglWindow::runLoop@84 (line 542)
  0x0000022c006f0b80: 5cdc da06 

  0x0000022c006f0b84: ;   {other}
  0x0000022c006f0b84: 0f1f 8400 | fc0b 0003 | 488b 9424 | e000 0000 | 8b72 2c48 | c1e6 0348 

  0x0000022c006f0b9c: ;   {metadata(method data for {method} {0x0000022c66b16d48} 'runLoop' '()V' in 'com/jme3/system/lwjgl/LwjglWindow')}
  0x0000022c006f0b9c: 85f6 48bf | 5835 6167 | 2c02 0000 | bbf0 0200 | 0074 05bb | 0003 0000 | 488b 041f | 488d 4001 
  0x0000022c006f0bbc: 4889 041f | 0f84 be00 | 0000 483b | 0648 8bfe 

  0x0000022c006f0bcc: ;   {metadata(method data for {method} {0x0000022c66b16d48} 'runLoop' '()V' in 'com/jme3/system/lwjgl/LwjglWindow')}
  0x0000022c006f0bcc: 48bb 5835 | 6167 2c02 | 0000 8b7f | 0849 ba00 | 0000 242c | 0200 0049 | 03fa 483b | bb18 0300 
  0x0000022c006f0bec: 0075 0d48 | 8383 2003 | 0000 01e9 | 6000 0000 | 483b bb28 | 0300 0075 | 0d48 8383 | 3003 0000 
  0x0000022c006f0c0c: 01e9 4a00 | 0000 4883 | bb18 0300 | 0000 7517 | 4889 bb18 | 0300 0048 | c783 2003 | 0000 0100 
  0x0000022c006f0c2c: 0000 e929 | 0000 0048 | 83bb 2803 | 0000 0075 | 1748 89bb | 2803 0000 | 48c7 8330 | 0300 0001 
  0x0000022c006f0c4c: 0000 00e9 | 0800 0000 | 4883 8310 | 0300 0001 | 488b d666 | 0f1f 4400 | 0048 b8e8 | 85b7 852c 
  0x0000022c006f0c6c: ;   {virtual_call}
  0x0000022c006f0c6c: 0200 00e8 

  0x0000022c006f0c70: ; ImmutableOopMap {[224]=Oop }
                      ;*invokeinterface postFrame {reexecute=0 rethrow=0 return_oop=0}
                      ; - com.jme3.system.lwjgl.LwjglWindow::runLoop@100 (line 549)
  0x0000022c006f0c70: 8ee6 7807 

  0x0000022c006f0c74: ;   {other}
  0x0000022c006f0c74: 0f1f 8400 | ec0c 0004 | 488b 9424 | e000 0000 | 440f be42 | 4d45 85c0 

  0x0000022c006f0c8c: ;   {metadata(method data for {method} {0x0000022c66b16d48} 'runLoop' '()V' in 'com/jme3/system/lwjgl/LwjglWindow')}
  0x0000022c006f0c8c: 49b8 5835 | 6167 2c02 | 0000 be40 | 0300 0074 | 05be 5003 | 0000 498b | 3c30 488d | 7f01 4989 
  0x0000022c006f0cac: 3c30 0f84 | 9e07 0000 | 8b72 484c 

  0x0000022c006f0cb8: ;   {metadata(method data for {method} {0x0000022c66b16d48} 'runLoop' '()V' in 'com/jme3/system/lwjgl/LwjglWindow')}
  0x0000022c006f0cb8: 8bc2 48bf | 5835 6167 | 2c02 0000 | 458b 4008 | 49ba 0000 | 0024 2c02 | 0000 4d03 | c24c 3b87 
  0x0000022c006f0cd8: 6803 0000 | 750d 4883 | 8770 0300 | 0001 e960 | 0000 004c | 3b87 7803 | 0000 750d | 4883 8780 
  0x0000022c006f0cf8: 0300 0001 | e94a 0000 | 0048 83bf | 6803 0000 | 0075 174c | 8987 6803 | 0000 48c7 | 8770 0300 
  0x0000022c006f0d18: 0001 0000 | 00e9 2900 | 0000 4883 | bf78 0300 | 0000 7517 | 4c89 8778 | 0300 0048 | c787 8003 
  0x0000022c006f0d38: 0000 0100 | 0000 e908 | 0000 0048 | 8387 6003 | 0000 018b | 7a18 48c1 | e703 483b | 074c 8bc7 
  0x0000022c006f0d58: ;   {metadata(method data for {method} {0x0000022c66b16d48} 'runLoop' '()V' in 'com/jme3/system/lwjgl/LwjglWindow')}
  0x0000022c006f0d58: 48bb 5835 | 6167 2c02 | 0000 4883 | 8390 0300 

  0x0000022c006f0d68: ;   {metadata(method data for {method} {0x0000022c66468118} 'getFrameRate' '()I' in 'com/jme3/system/AppSettings')}
  0x0000022c006f0d68: 0001 49b8 | f86d 6167 | 2c02 0000 | 418b 98cc | 0000 0083 | c302 4189 | 98cc 0000 | 0081 e3fe 
  0x0000022c006f0d88: ff1f 0085 | db0f 841b | 0d00 004c 

  0x0000022c006f0d94: ;   {metadata(method data for {method} {0x0000022c66468118} 'getFrameRate' '()I' in 'com/jme3/system/AppSettings')}
  0x0000022c006f0d94: 8bc7 48bb | f86d 6167 | 2c02 0000 | 4883 8318 | 0100 0001 

  0x0000022c006f0da8: ;   {metadata(method data for {method} {0x0000022c664662f0} 'getInteger' '(Ljava/lang/String;)I' in 'com/jme3/system/AppSettings')}
  0x0000022c006f0da8: 49b8 5813 | 6167 2c02 | 0000 418b | 98cc 0000 | 0083 c302 | 4189 98cc | 0000 0081 | e3fe ff1f 
  0x0000022c006f0dc8: 0085 db0f | 84fe 0c00 | 004c 8bc7 

  0x0000022c006f0dd4: ;   {metadata(method data for {method} {0x0000022c664662f0} 'getInteger' '(Ljava/lang/String;)I' in 'com/jme3/system/AppSettings')}
  0x0000022c006f0dd4: 48bb 5813 | 6167 2c02 | 0000 458b | 4008 49ba | 0000 0024 | 2c02 0000 | 4d03 c24c | 3b83 2001 
  0x0000022c006f0df4: 0000 750d | 4883 8328 | 0100 0001 | e960 0000 | 004c 3b83 | 3001 0000 | 750d 4883 | 8338 0100 
  0x0000022c006f0e14: 0001 e94a | 0000 0048 | 83bb 2001 | 0000 0075 | 174c 8983 | 2001 0000 | 48c7 8328 | 0100 0001 
  0x0000022c006f0e34: 0000 00e9 | 2900 0000 | 4883 bb30 | 0100 0000 | 7517 4c89 | 8330 0100 | 0048 c783 | 3801 0000 
  0x0000022c006f0e54: 0100 0000 | e908 0000 | 0048 8383 | 1801 0000 

  0x0000022c006f0e64: ;   {metadata(method data for {method} {0x0000022c241c7650} 'get' '(Ljava/lang/Object;)Ljava/lang/Object;' in 'java/util/HashMap')}
  0x0000022c006f0e64: 0149 b8b8 | a902 662c | 0200 0041 | 8b98 cc00 | 0000 83c3 | 0241 8998 | cc00 0000 | 81e3 feff 
  0x0000022c006f0e84: 1f00 85db | 0f84 620c | 0000 4c8b 

  0x0000022c006f0e90: ;   {metadata(method data for {method} {0x0000022c241c7650} 'get' '(Ljava/lang/Object;)Ljava/lang/Object;' in 'java/util/HashMap')}
  0x0000022c006f0e90: c748 bbb8 | a902 662c | 0200 0048 | 8383 1801 

  0x0000022c006f0ea0: ;   {oop("FrameRate"{0x000000040489c470})}
  0x0000022c006f0ea0: 0000 0149 | b870 c489 | 0404 0000 | 0048 8bd7 | 4889 bc24 | f800 0000 | 89b4 24f0 

  0x0000022c006f0ebc: ;   {optimized virtual_call}
  0x0000022c006f0ebc: 0000 00e8 

  0x0000022c006f0ec0: ; ImmutableOopMap {[224]=Oop [248]=Oop }
                      ;*invokevirtual getNode {reexecute=0 rethrow=0 return_oop=0}
                      ; - java.util.HashMap::get@2 (line 565)
                      ; - com.jme3.system.AppSettings::getInteger@2 (line 485)
                      ; - com.jme3.system.AppSettings::getFrameRate@3 (line 917)
                      ; - com.jme3.system.lwjgl.LwjglWindow::runLoop@120 (line 553)
  0x0000022c006f0ec0: ac2a 5007 

  0x0000022c006f0ec4: ;   {other}
  0x0000022c006f0ec4: 0f1f 8400 | 3c0f 0005 

  0x0000022c006f0ecc: ;   {metadata(method data for {method} {0x0000022c241c7650} 'get' '(Ljava/lang/Object;)Ljava/lang/Object;' in 'java/util/HashMap')}
  0x0000022c006f0ecc: 4885 c049 | b8b8 a902 | 662c 0200 | 00ba 4801 | 0000 7505 | ba58 0100 | 0049 8b34 | 1048 8d76 
  0x0000022c006f0eec: 0149 8934 | 100f 8520 

  0x0000022c006f0ef4: ;   {metadata(method data for {method} {0x0000022c241c7650} 'get' '(Ljava/lang/Object;)Ljava/lang/Object;' in 'java/util/HashMap')}
  0x0000022c006f0ef4: 0000 0049 | b8b8 a902 | 662c 0200 | 0041 ff80 | 6801 0000 

  0x0000022c006f0f08: ;   {oop(nullptr)}
  0x0000022c006f0f08: 49b8 0000 | 0000 0000 | 0000 e908 | 0000 0044 | 8b40 1449 | c1e0 034d 

  0x0000022c006f0f20: ;   {metadata(method data for {method} {0x0000022c664662f0} 'getInteger' '(Ljava/lang/String;)I' in 'com/jme3/system/AppSettings')}
  0x0000022c006f0f20: 85c0 48be | 5813 6167 | 2c02 0000 | 750c 808e | 4101 0000 | 01e9 b000 | 0000 418b | 7808 49ba 
  0x0000022c006f0f40: 0000 0024 | 2c02 0000 | 4903 fa48 | 3bbe 5001 | 0000 750d | 4883 8658 | 0100 0001 | e960 0000 
  0x0000022c006f0f60: 0048 3bbe | 6001 0000 | 750d 4883 | 8668 0100 | 0001 e94a | 0000 0048 | 83be 5001 | 0000 0075 
  0x0000022c006f0f80: 1748 89be | 5001 0000 | 48c7 8658 | 0100 0001 | 0000 00e9 | 2900 0000 | 4883 be60 | 0100 0000 
  0x0000022c006f0fa0: 7517 4889 | be60 0100 | 0048 c786 | 6801 0000 | 0100 0000 | e908 0000 | 0048 8386 | 4801 0000 
  0x0000022c006f0fc0: ;   {metadata('java/lang/Integer')}
  0x0000022c006f0fc0: 0148 bfe8 | 1018 242c | 0200 0041 | 8b50 0849 | ba00 0000 | 242c 0200 | 0049 03d2 | 483b fa0f 
  0x0000022c006f0fe0: 8531 0b00 | 00e9 0000 | 0000 4d85 

  0x0000022c006f0fec: ;   {metadata(method data for {method} {0x0000022c664662f0} 'getInteger' '(Ljava/lang/String;)I' in 'com/jme3/system/AppSettings')}
  0x0000022c006f0fec: c048 ba58 | 1361 672c | 0200 00be | 7801 0000 | 7505 be88 | 0100 0048 | 8b3c 3248 | 8d7f 0148 
  0x0000022c006f100c: 893c 320f | 850b 0000 | 0041 b800 | 0000 00e9 | 2400 0000 | 488b bc24 | f800 0000 

  0x0000022c006f1028: ; implicit exception: dispatches to 0x0000022c006f1b1f
  0x0000022c006f1028: 493b 0049 

  0x0000022c006f102c: ;   {metadata(method data for {method} {0x0000022c664662f0} 'getInteger' '(Ljava/lang/String;)I' in 'com/jme3/system/AppSettings')}
  0x0000022c006f102c: 8bd0 48be | 5813 6167 | 2c02 0000 | 4883 8698 | 0100 0001 | 458b 400c | 8bb4 24f0 | 0000 0041 
  0x0000022c006f104c: ;   {metadata(method data for {method} {0x0000022c66b16d48} 'runLoop' '()V' in 'com/jme3/system/lwjgl/LwjglWindow')}
  0x0000022c006f104c: 3bf0 49b8 | 5835 6167 | 2c02 0000 | bac0 0300 | 0074 05ba | d003 0000 | 498b 3410 | 488d 7601 
  0x0000022c006f106c: 4989 3410 | 488b 9424 | e000 0000 | 0f84 3e04 | 0000 4c8b 

  0x0000022c006f1080: ;   {metadata(method data for {method} {0x0000022c66b16d48} 'runLoop' '()V' in 'com/jme3/system/lwjgl/LwjglWindow')}
  0x0000022c006f1080: c248 be58 | 3561 672c | 0200 0045 | 8b40 0849 | ba00 0000 | 242c 0200 | 004d 03c2 | 4c3b 86e8 
  0x0000022c006f10a0: 0300 0075 | 0d48 8386 | f003 0000 | 01e9 6000 | 0000 4c3b | 86f8 0300 | 0075 0d48 | 8386 0004 
  0x0000022c006f10c0: 0000 01e9 | 4a00 0000 | 4883 bee8 | 0300 0000 | 7517 4c89 | 86e8 0300 | 0048 c786 | f003 0000 
  0x0000022c006f10e0: 0100 0000 | e929 0000 | 0048 83be | f803 0000 | 0075 174c | 8986 f803 | 0000 48c7 | 8600 0400 
  0x0000022c006f1100: 0001 0000 | 00e9 0800 | 0000 4883 | 86e0 0300 | 0001 8b72 | 1848 c1e6 | 0348 3b06 

  0x0000022c006f111c: ;   {metadata(method data for {method} {0x0000022c66b16d48} 'runLoop' '()V' in 'com/jme3/system/lwjgl/LwjglWindow')}
  0x0000022c006f111c: 4c8b c648 | bf58 3561 | 672c 0200 | 0048 8387 | 1004 0000 

  0x0000022c006f1130: ;   {metadata(method data for {method} {0x0000022c66468118} 'getFrameRate' '()I' in 'com/jme3/system/AppSettings')}
  0x0000022c006f1130: 0149 b8f8 | 6d61 672c | 0200 0041 | 8bb8 cc00 | 0000 83c7 | 0241 89b8 | cc00 0000 | 81e7 feff 
  0x0000022c006f1150: 1f00 85ff | 0f84 cf09 | 0000 4c8b 

  0x0000022c006f115c: ;   {metadata(method data for {method} {0x0000022c66468118} 'getFrameRate' '()I' in 'com/jme3/system/AppSettings')}
  0x0000022c006f115c: c648 bff8 | 6d61 672c | 0200 0048 | 8387 1801 

  0x0000022c006f116c: ;   {metadata(method data for {method} {0x0000022c664662f0} 'getInteger' '(Ljava/lang/String;)I' in 'com/jme3/system/AppSettings')}
  0x0000022c006f116c: 0000 0149 | b858 1361 | 672c 0200 | 0041 8bb8 | cc00 0000 | 83c7 0241 | 89b8 cc00 | 0000 81e7 
  0x0000022c006f118c: feff 1f00 | 85ff 0f84 | b209 0000 

  0x0000022c006f1198: ;   {metadata(method data for {method} {0x0000022c664662f0} 'getInteger' '(Ljava/lang/String;)I' in 'com/jme3/system/AppSettings')}
  0x0000022c006f1198: 4c8b c648 | bf58 1361 | 672c 0200 | 0045 8b40 | 0849 ba00 | 0000 242c | 0200 004d | 03c2 4c3b 
  0x0000022c006f11b8: 8720 0100 | 0075 0d48 | 8387 2801 | 0000 01e9 | 6000 0000 | 4c3b 8730 | 0100 0075 | 0d48 8387 
  0x0000022c006f11d8: 3801 0000 | 01e9 4a00 | 0000 4883 | bf20 0100 | 0000 7517 | 4c89 8720 | 0100 0048 | c787 2801 
  0x0000022c006f11f8: 0000 0100 | 0000 e929 | 0000 0048 | 83bf 3001 | 0000 0075 | 174c 8987 | 3001 0000 | 48c7 8738 
  0x0000022c006f1218: 0100 0001 | 0000 00e9 | 0800 0000 | 4883 8718 | 0100 0001 

  0x0000022c006f122c: ;   {metadata(method data for {method} {0x0000022c241c7650} 'get' '(Ljava/lang/Object;)Ljava/lang/Object;' in 'java/util/HashMap')}
  0x0000022c006f122c: 49b8 b8a9 | 0266 2c02 | 0000 418b | b8cc 0000 | 0083 c702 | 4189 b8cc | 0000 0081 | e7fe ff1f 
  0x0000022c006f124c: 0085 ff0f | 8416 0900 | 004c 8bc6 

  0x0000022c006f1258: ;   {metadata(method data for {method} {0x0000022c241c7650} 'get' '(Ljava/lang/Object;)Ljava/lang/Object;' in 'java/util/HashMap')}
  0x0000022c006f1258: 48bf b8a9 | 0266 2c02 | 0000 4883 | 8718 0100 

  0x0000022c006f1268: ;   {oop("FrameRate"{0x000000040489c470})}
  0x0000022c006f1268: 0001 49b8 | 70c4 8904 | 0400 0000 | 488b d648 | 89b4 2400 

  0x0000022c006f127c: ;   {optimized virtual_call}
  0x0000022c006f127c: 0100 00e8 

  0x0000022c006f1280: ; ImmutableOopMap {[224]=Oop [256]=Oop }
                      ;*invokevirtual getNode {reexecute=0 rethrow=0 return_oop=0}
                      ; - java.util.HashMap::get@2 (line 565)
                      ; - com.jme3.system.AppSettings::getInteger@2 (line 485)
                      ; - com.jme3.system.AppSettings::getFrameRate@3 (line 917)
                      ; - com.jme3.system.lwjgl.LwjglWindow::runLoop@131 (line 554)
  0x0000022c006f1280: 5cd5 da06 

  0x0000022c006f1284: ;   {other}
  0x0000022c006f1284: 0f1f 8400 | fc12 0006 

  0x0000022c006f128c: ;   {metadata(method data for {method} {0x0000022c241c7650} 'get' '(Ljava/lang/Object;)Ljava/lang/Object;' in 'java/util/HashMap')}
  0x0000022c006f128c: 4885 c049 | b8b8 a902 | 662c 0200 | 00ba 4801 | 0000 7505 | ba58 0100 | 0049 8b34 | 1048 8d76 
  0x0000022c006f12ac: 0149 8934 | 100f 8520 

  0x0000022c006f12b4: ;   {metadata(method data for {method} {0x0000022c241c7650} 'get' '(Ljava/lang/Object;)Ljava/lang/Object;' in 'java/util/HashMap')}
  0x0000022c006f12b4: 0000 0049 | b8b8 a902 | 662c 0200 | 0041 ff80 | 6801 0000 

  0x0000022c006f12c8: ;   {oop(nullptr)}
  0x0000022c006f12c8: 49b8 0000 | 0000 0000 | 0000 e908 | 0000 0044 | 8b40 1449 | c1e0 034d 

  0x0000022c006f12e0: ;   {metadata(method data for {method} {0x0000022c664662f0} 'getInteger' '(Ljava/lang/String;)I' in 'com/jme3/system/AppSettings')}
  0x0000022c006f12e0: 85c0 48be | 5813 6167 | 2c02 0000 | 750c 808e | 4101 0000 | 01e9 b000 | 0000 418b | 7808 49ba 
  0x0000022c006f1300: 0000 0024 | 2c02 0000 | 4903 fa48 | 3bbe 5001 | 0000 750d | 4883 8658 | 0100 0001 | e960 0000 
  0x0000022c006f1320: 0048 3bbe | 6001 0000 | 750d 4883 | 8668 0100 | 0001 e94a | 0000 0048 | 83be 5001 | 0000 0075 
  0x0000022c006f1340: 1748 89be | 5001 0000 | 48c7 8658 | 0100 0001 | 0000 00e9 | 2900 0000 | 4883 be60 | 0100 0000 
  0x0000022c006f1360: 7517 4889 | be60 0100 | 0048 c786 | 6801 0000 | 0100 0000 | e908 0000 | 0048 8386 | 4801 0000 
  0x0000022c006f1380: ;   {metadata('java/lang/Integer')}
  0x0000022c006f1380: 0148 bfe8 | 1018 242c | 0200 0041 | 8b50 0849 | ba00 0000 | 242c 0200 | 0049 03d2 | 483b fa0f 
  0x0000022c006f13a0: 85ec 0700 | 00e9 0000 | 0000 4d85 

  0x0000022c006f13ac: ;   {metadata(method data for {method} {0x0000022c664662f0} 'getInteger' '(Ljava/lang/String;)I' in 'com/jme3/system/AppSettings')}
  0x0000022c006f13ac: c048 ba58 | 1361 672c | 0200 00be | 7801 0000 | 7505 be88 | 0100 0048 | 8b3c 3248 | 8d7f 0148 
  0x0000022c006f13cc: 893c 320f | 850b 0000 | 0041 b800 | 0000 00e9 | 2400 0000 | 488b b424 | 0001 0000 

  0x0000022c006f13e8: ; implicit exception: dispatches to 0x0000022c006f1b9a
  0x0000022c006f13e8: 493b 0049 

  0x0000022c006f13ec: ;   {metadata(method data for {method} {0x0000022c664662f0} 'getInteger' '(Ljava/lang/String;)I' in 'com/jme3/system/AppSettings')}
  0x0000022c006f13ec: 8bd0 48be | 5813 6167 | 2c02 0000 | 4883 8698 | 0100 0001 | 458b 400c | 488b 9424 | e000 0000 
  0x0000022c006f140c: ;   {metadata(method data for {method} {0x0000022c66b16d48} 'runLoop' '()V' in 'com/jme3/system/lwjgl/LwjglWindow')}
  0x0000022c006f140c: 48be 5835 | 6167 2c02 | 0000 4883 | 8640 0400 | 0001 488b | 9424 e000 

  0x0000022c006f1424: ;   {optimized virtual_call}
  0x0000022c006f1424: 0000 90e8 

  0x0000022c006f1428: ; ImmutableOopMap {[224]=Oop }
                      ;*invokespecial setFrameRateLimit {reexecute=0 rethrow=0 return_oop=0}
                      ; - com.jme3.system.lwjgl.LwjglWindow::runLoop@134 (line 554)
  0x0000022c006f1428: b4d3 da06 

  0x0000022c006f142c: ;   {other}
  0x0000022c006f142c: 0f1f 8400 | a414 0007 

  0x0000022c006f1434: ;   {metadata(method data for {method} {0x0000022c66b16d48} 'runLoop' '()V' in 'com/jme3/system/lwjgl/LwjglWindow')}
  0x0000022c006f1434: 49b8 5835 | 6167 2c02 | 0000 41ff | 8050 0400 | 0048 8b94 | 24e0 0000 | 00e9 6a00 | 0000 448b 
  0x0000022c006f1454: 4248 4183 

  0x0000022c006f1458: ;   {metadata(method data for {method} {0x0000022c66b16d48} 'runLoop' '()V' in 'com/jme3/system/lwjgl/LwjglWindow')}
  0x0000022c006f1458: f814 49b8 | 5835 6167 | 2c02 0000 | be68 0400 | 0074 05be | 7804 0000 | 498b 3c30 | 488d 7f01 
  0x0000022c006f1478: 4989 3c30 | 0f84 3a00 | 0000 4c8b 

  0x0000022c006f1484: ;   {metadata(method data for {method} {0x0000022c66b16d48} 'runLoop' '()V' in 'com/jme3/system/lwjgl/LwjglWindow')}
  0x0000022c006f1484: c248 be58 | 3561 672c | 0200 0048 | 8386 8804 | 0000 0141 | b814 0000 | 0048 8bf2 | 488b d60f 
  0x0000022c006f14a4: ;   {optimized virtual_call}
  0x0000022c006f14a4: 1f40 00e8 

  0x0000022c006f14a8: ; ImmutableOopMap {[224]=Oop }
                      ;*invokespecial setFrameRateLimit {reexecute=0 rethrow=0 return_oop=0}
                      ; - com.jme3.system.lwjgl.LwjglWindow::runLoop@152 (line 557)
  0x0000022c006f14a8: 34d3 da06 

  0x0000022c006f14ac: ;   {other}
  0x0000022c006f14ac: 0f1f 8400 | 2415 0008 | 488b 9424 | e000 0000 | 448b 4248 

  0x0000022c006f14c0: ;   {metadata(method data for {method} {0x0000022c66b16d48} 'runLoop' '()V' in 'com/jme3/system/lwjgl/LwjglWindow')}
  0x0000022c006f14c0: 4585 c049 | b858 3561 | 672c 0200 | 00be 9804 | 0000 7e05 | bea8 0400 | 0049 8b3c | 3048 8d7f 
  0x0000022c006f14e0: 0149 893c | 300f 8e69 | 0100 00c5 | fb10 4238 | 448b 4228 | 49c1 e003 

  0x0000022c006f14f8: ; implicit exception: dispatches to 0x0000022c006f1b9f
  0x0000022c006f14f8: 493b 0049 

  0x0000022c006f14fc: ;   {metadata(method data for {method} {0x0000022c66b16d48} 'runLoop' '()V' in 'com/jme3/system/lwjgl/LwjglWindow')}
  0x0000022c006f14fc: 8bf0 48bf | 5835 6167 | 2c02 0000 

  0x0000022c006f1508: ;   {metadata('com/jme3/system/NanoTimer')}
  0x0000022c006f1508: 49ba 0004 | 0025 2c02 | 0000 4c89 | 97c0 0400 | 0048 8387 | c804 0000 | 01c4 c17a | 1048 0cc5 
  0x0000022c006f1528: ;   {section_word}
  0x0000022c006f1528: f25a c9c5 | f35e 0dad | edff ffc5 | fb5c c1c4 | e1fb 2cf0 

  0x0000022c006f153c: ;   {external_word}
  0x0000022c006f153c: 483b 353d | fdd5 0675 | 0f48 83ec | 08c5 fb11 

  0x0000022c006f154c: ;   {runtime_call StubRoutines (initial stubs)}
  0x0000022c006f154c: 0424 e85f | fcd5 065e | c4e1 f32a | cec5 f928 | d0c5 eb5c 

  0x0000022c006f1560: ;   {section_word}
  0x0000022c006f1560: d1c5 eb59 | 157f edff | ffc5 fb2c | fa81 ff00 | 0000 8075 | 0f48 83ec | 08c5 fb11 

  0x0000022c006f157c: ;   {runtime_call StubRoutines (initial stubs)}
  0x0000022c006f157c: 1424 e8d4 | fbd5 065f | 4c8b c6bb | 0000 0000 

  0x0000022c006f158c: ;   {metadata(method data for {method} {0x0000022c66b16d48} 'runLoop' '()V' in 'com/jme3/system/lwjgl/LwjglWindow')}
  0x0000022c006f158c: 4c3b c349 | b858 3561 | 672c 0200 | 00bb e804 | 0000 7c05 | bbf8 0400 | 0049 8b04 | 1848 8d40 
  0x0000022c006f15ac: 0149 8904 | 180f 8c9d | 0000 0085 

  0x0000022c006f15b8: ;   {metadata(method data for {method} {0x0000022c66b16d48} 'runLoop' '()V' in 'com/jme3/system/lwjgl/LwjglWindow')}
  0x0000022c006f15b8: ff49 b858 | 3561 672c | 0200 00bb | 0805 0000 | 7c05 bb18 | 0500 0049 | 8b04 1848 | 8d40 0149 
  0x0000022c006f15d8: 8904 180f | 8c73 0000 | 00c5 fb11 | 8424 3001 

  0x0000022c006f15e8: ;   {metadata(method data for {method} {0x0000022c66b16d48} 'runLoop' '()V' in 'com/jme3/system/lwjgl/LwjglWindow')}
  0x0000022c006f15e8: 0000 49b8 | 5835 6167 | 2c02 0000 | 4983 8028 | 0500 0001 | 488b d64c | 8bc7 4889 | b424 0801 
  0x0000022c006f1608: 0000 89bc | 24f4 0000 | 0066 0f1f 

  0x0000022c006f1614: ;   {static_call}
  0x0000022c006f1614: 4400 00e8 

  0x0000022c006f1618: ; ImmutableOopMap {[224]=Oop }
                      ;*invokestatic sleep {reexecute=0 rethrow=0 return_oop=0}
                      ; - com.jme3.system.lwjgl.LwjglWindow::runLoop@208 (line 570)
  0x0000022c006f1618: c4d7 da06 

  0x0000022c006f161c: ;   {other}
  0x0000022c006f161c: 0f1f 8400 | 9416 0009 

  0x0000022c006f1624: ;   {metadata(method data for {method} {0x0000022c66b16d48} 'runLoop' '()V' in 'com/jme3/system/lwjgl/LwjglWindow')}
  0x0000022c006f1624: 48b8 5835 | 6167 2c02 | 0000 ff80 | 3805 0000 | e91b 0000 | 0049 8b87 | 0005 0000 | 4d33 d24d 
  0x0000022c006f1644: 8997 0005 | 0000 4d33 | d24d 8997 | 0805 0000 

  0x0000022c006f1654: ;   {metadata(method data for {method} {0x0000022c66b16d48} 'runLoop' '()V' in 'com/jme3/system/lwjgl/LwjglWindow')}
  0x0000022c006f1654: 48ba 5835 | 6167 2c02 | 0000 4883 | 8250 0500 

  0x0000022c006f1664: ;   {metadata(method data for {method} {0x0000022c66c33d70} 'glfwPollEvents' '()V' in 'org/lwjgl/glfw/GLFW')}
  0x0000022c006f1664: 0001 48ba | 8072 6167 | 2c02 0000 | 8bb2 cc00 | 0000 83c6 | 0289 b2cc | 0000 0081 | e6fe ff1f 
  0x0000022c006f1684: 0085 f60f | 8417 0500 

  0x0000022c006f168c: ;   {metadata(method data for {method} {0x0000022c66c33d70} 'glfwPollEvents' '()V' in 'org/lwjgl/glfw/GLFW')}
  0x0000022c006f168c: 0048 ba80 | 7261 672c | 0200 0048 | 8382 1801 

  0x0000022c006f169c: ;   {metadata(method data for {method} {0x0000022c66c464a8} 'check' '()V' in 'org/lwjgl/glfw/EventLoop$OnScreen')}
  0x0000022c006f169c: 0000 0148 | bad8 7e4e | 672c 0200 | 008b b2cc | 0000 0083 | c602 89b2 | cc00 0000 | 81e6 feff 
  0x0000022c006f16bc: 1f00 85f6 | 0f84 ff04 

  0x0000022c006f16c4: ;   {metadata(method data for {method} {0x0000022c66c33d70} 'glfwPollEvents' '()V' in 'org/lwjgl/glfw/GLFW')}
  0x0000022c006f16c4: 0000 48ba | 8072 6167 | 2c02 0000 | 4883 8228 | 0100 0001 | 48ba a068 | ddce fa7f | 0000 0f1f 
  0x0000022c006f16e4: ;   {static_call}
  0x0000022c006f16e4: 4400 00e8 

  0x0000022c006f16e8: ; ImmutableOopMap {[224]=Oop }
                      ;*invokestatic invokeV {reexecute=0 rethrow=0 return_oop=0}
                      ; - org.lwjgl.glfw.GLFW::glfwPollEvents@8 (line 3094)
                      ; - com.jme3.system.lwjgl.LwjglWindow::runLoop@216 (line 576)
  0x0000022c006f16e8: c4c8 6507 

  0x0000022c006f16ec: ;   {other}
  0x0000022c006f16ec: 0f1f 8400 | 6417 000a | 4881 c440 | 0100 005d 

  0x0000022c006f16fc: ;   {poll_return}
  0x0000022c006f16fc: 493b a748 | 0400 000f | 87dd 0400 | 00c3 660f | 1f44 0000 

  0x0000022c006f1710: ;   {no_reloc}
  0x0000022c006f1710: e9f6 0400 | 0000 0000 | 0000 498b | 87b8 0100 | 0048 8d78 | 2849 3bbf | c801 0000 | 0f87 e304 
  0x0000022c006f1730: 0000 4989 | bfb8 0100 | 0048 c700 | 0100 0000 | 488b ca49 | ba00 0000 | 242c 0200 | 0049 2bca 
  0x0000022c006f1750: 8948 0848 | 33c9 8948 | 0c48 33c9 | 4889 4810 | 4889 4818 | 4889 4820 

  0x0000022c006f1768: ;   {metadata(method data for {method} {0x0000022c66b16d48} 'runLoop' '()V' in 'com/jme3/system/lwjgl/LwjglWindow')}
  0x0000022c006f1768: 488b d048 | be58 3561 | 672c 0200 | 0048 8386 | c801 0000 | 0148 8bd0 | 4889 8424 | 1001 0000 
  0x0000022c006f1788: 0f1f 8000 

  0x0000022c006f178c: ;   {optimized virtual_call}
  0x0000022c006f178c: 0000 00e8 

  0x0000022c006f1790: ; ImmutableOopMap {[224]=Oop [272]=Oop }
                      ;*invokespecial <init> {reexecute=0 rethrow=0 return_oop=0}
                      ; - com.jme3.system.lwjgl.LwjglWindow::runLoop@29 (line 527)
  0x0000022c006f1790: 4cd0 da06 

  0x0000022c006f1794: ;   {other}
  0x0000022c006f1794: 0f1f 8400 | 0c18 000b | 488b 8424 

  0x0000022c006f17a0: ; ImmutableOopMap {rax=Oop [224]=Oop }
                      ;*athrow {reexecute=1 rethrow=0 return_oop=0}
                      ; - (reexecute) com.jme3.system.lwjgl.LwjglWindow::runLoop@32 (line 527)
  0x0000022c006f17a0: 1001 0000 

  0x0000022c006f17a4: ;   {section_word}
  0x0000022c006f17a4: 48ba a417 | 6f00 2c02 

  0x0000022c006f17ac: ;   {runtime_call handle_exception Runtime1 stub}
  0x0000022c006f17ac: 0000 e8ad | 55e8 0690 | 0f1f 4000 

  0x0000022c006f17b8: ;   {no_reloc}
  0x0000022c006f17b8: e974 0400 | 0000 0000 | 0000 498b | 87b8 0100 | 0048 8d78 | 3049 3bbf | c801 0000 | 0f87 6104 
  0x0000022c006f17d8: 0000 4989 | bfb8 0100 | 0048 c700 | 0100 0000 | 488b ca49 | ba00 0000 | 242c 0200 | 0049 2bca 
  0x0000022c006f17f8: 8948 0848 | 33c9 8948 | 0c48 33c9 | 4889 4810 | 4889 4818 | 4889 4820 | 4889 4828 

  0x0000022c006f1814: ;   {metadata(method data for {method} {0x0000022c2444a3e0} 'requireNonNull' '(Ljava/lang/Object;)Ljava/lang/Object;' in 'java/util/Objects')}
  0x0000022c006f1814: 488b d048 | be40 8401 | 662c 0200 | 0048 8386 | 3801 0000 | 0148 8bd0 | 4889 8424 | 1801 0000 
  0x0000022c006f1834: ;   {optimized virtual_call}
  0x0000022c006f1834: 6666 90e8 

  0x0000022c006f1838: ; ImmutableOopMap {[224]=Oop [280]=Oop [288]=Oop }
                      ;*invokespecial <init> {reexecute=0 rethrow=0 return_oop=0}
                      ; - java.util.Objects::requireNonNull@8 (line 220)
                      ; - java.lang.invoke.VarHandleInts$FieldInstanceReadWrite::getAndSet@16 (line 250)
                      ; - java.lang.invoke.VarHandleGuards::guard_LI_I@45 (line 163)
                      ; - java.util.concurrent.atomic.AtomicBoolean::getAndSet@13 (line 175)
                      ; - com.jme3.system.lwjgl.LwjglWindow::runLoop@5 (line 522)
  0x0000022c006f1838: a4cf da06 

  0x0000022c006f183c: ;   {other}
  0x0000022c006f183c: 0f1f 8400 | b418 000d | 488b 8424 

  0x0000022c006f1848: ; ImmutableOopMap {rax=Oop [224]=Oop [288]=Oop }
                      ;*athrow {reexecute=1 rethrow=0 return_oop=0}
                      ; - (reexecute) java.util.Objects::requireNonNull@11 (line 220)
                      ; - java.lang.invoke.VarHandleInts$FieldInstanceReadWrite::getAndSet@16 (line 250)
                      ; - java.lang.invoke.VarHandleGuards::guard_LI_I@45 (line 163)
                      ; - java.util.concurrent.atomic.AtomicBoolean::getAndSet@13 (line 175)
                      ; - com.jme3.system.lwjgl.LwjglWindow::runLoop@5 (line 522)
  0x0000022c006f1848: 1801 0000 

  0x0000022c006f184c: ;   {section_word}
  0x0000022c006f184c: 48ba 4c18 | 6f00 2c02 

  0x0000022c006f1854: ;   {runtime_call handle_exception Runtime1 stub}
  0x0000022c006f1854: 0000 e805 | 55e8 0690 

  0x0000022c006f185c: ;   {metadata('java/lang/ClassCastException')}
  0x0000022c006f185c: 48ba 280f | 1b24 2c02 | 0000 498b | 87b8 0100 | 0048 8d78 | 2849 3bbf | c801 0000 | 0f87 ca03 
  0x0000022c006f187c: 0000 4989 | bfb8 0100 | 0048 c700 | 0100 0000 | 488b ca49 | ba00 0000 | 242c 0200 | 0049 2bca 
  0x0000022c006f189c: 8948 0848 | 33c9 8948 | 0c48 33c9 | 4889 4810 | 4889 4818 | 4889 4820 

  0x0000022c006f18b4: ;   {oop(a 'java/lang/Class'{0x00000004048a85a8} = 'java/util/concurrent/atomic/AtomicBoolean')}
  0x0000022c006f18b4: 48ba a885 | 8a04 0400 | 0000 4c8b 

  0x0000022c006f18c0: ;   {metadata(method data for {method} {0x0000022c24498490} 'cast' '(Ljava/lang/Object;)Ljava/lang/Object;' in 'java/lang/Class')}
  0x0000022c006f18c0: c248 be38 | 8922 662c | 0200 0048 | 8386 8801 | 0000 014c | 8bc3 4889 | 8424 2801 

  0x0000022c006f18dc: ;   {optimized virtual_call}
  0x0000022c006f18dc: 0000 90e8 

  0x0000022c006f18e0: ; ImmutableOopMap {[224]=Oop [288]=Oop [296]=Oop }
                      ;*invokevirtual cannotCastMsg {reexecute=0 rethrow=0 return_oop=0}
                      ; - java.lang.Class::cast@18 (line 4139)
                      ; - java.lang.invoke.VarHandleInts$FieldInstanceReadWrite::getAndSet@13 (line 250)
                      ; - java.lang.invoke.VarHandleGuards::guard_LI_I@45 (line 163)
                      ; - java.util.concurrent.atomic.AtomicBoolean::getAndSet@13 (line 175)
                      ; - com.jme3.system.lwjgl.LwjglWindow::runLoop@5 (line 522)
  0x0000022c006f18e0: fcce da06 

  0x0000022c006f18e4: ;   {other}
  0x0000022c006f18e4: 0f1f 8400 | 5c19 000f | 4c8b 8424 | 2801 0000 

  0x0000022c006f18f4: ;   {metadata(method data for {method} {0x0000022c24498490} 'cast' '(Ljava/lang/Object;)Ljava/lang/Object;' in 'java/lang/Class')}
  0x0000022c006f18f4: 48ba 3889 | 2266 2c02 | 0000 4883 | 82b8 0100 | 0001 4c8b | c048 8b94 | 2428 0100 | 0066 0f1f 
  0x0000022c006f1914: ;   {optimized virtual_call}
  0x0000022c006f1914: 4400 00e8 

  0x0000022c006f1918: ; ImmutableOopMap {[224]=Oop [288]=Oop [296]=Oop }
                      ;*invokespecial <init> {reexecute=0 rethrow=0 return_oop=0}
                      ; - java.lang.Class::cast@21 (line 4139)
                      ; - java.lang.invoke.VarHandleInts$FieldInstanceReadWrite::getAndSet@13 (line 250)
                      ; - java.lang.invoke.VarHandleGuards::guard_LI_I@45 (line 163)
                      ; - java.util.concurrent.atomic.AtomicBoolean::getAndSet@13 (line 175)
                      ; - com.jme3.system.lwjgl.LwjglWindow::runLoop@5 (line 522)
  0x0000022c006f1918: c4ce da06 

  0x0000022c006f191c: ;   {other}
  0x0000022c006f191c: 0f1f 8400 | 9419 0010 | 488b 8424 

  0x0000022c006f1928: ; ImmutableOopMap {rax=Oop [224]=Oop [288]=Oop }
                      ;*athrow {reexecute=1 rethrow=0 return_oop=0}
                      ; - (reexecute) java.lang.Class::cast@24 (line 4139)
                      ; - java.lang.invoke.VarHandleInts$FieldInstanceReadWrite::getAndSet@13 (line 250)
                      ; - java.lang.invoke.VarHandleGuards::guard_LI_I@45 (line 163)
                      ; - java.util.concurrent.atomic.AtomicBoolean::getAndSet@13 (line 175)
                      ; - com.jme3.system.lwjgl.LwjglWindow::runLoop@5 (line 522)
  0x0000022c006f1928: 2801 0000 

  0x0000022c006f192c: ;   {section_word}
  0x0000022c006f192c: 48ba 2c19 | 6f00 2c02 

  0x0000022c006f1934: ;   {runtime_call handle_exception Runtime1 stub}
  0x0000022c006f1934: 0000 e825 | 54e8 0690 

  0x0000022c006f193c: ;   {metadata({method} {0x0000022c66b16d48} 'runLoop' '()V' in 'com/jme3/system/lwjgl/LwjglWindow')}
  0x0000022c006f193c: 49ba 406d | b166 2c02 | 0000 4c89 | 5424 0848 | c704 24ff 

  0x0000022c006f1950: ;   {runtime_call counter_overflow Runtime1 stub}
  0x0000022c006f1950: ffff ffe8 

  0x0000022c006f1954: ; ImmutableOopMap {rdx=Oop [224]=Oop }
                      ;*synchronization entry
                      ; - com.jme3.system.lwjgl.LwjglWindow::runLoop@-1 (line 522)
  0x0000022c006f1954: 0894 e806 | e911 eaff 

  0x0000022c006f195c: ;   {runtime_call throw_null_pointer_exception Runtime1 stub}
  0x0000022c006f195c: ffe8 7e34 

  0x0000022c006f1960: ; ImmutableOopMap {rdx=Oop rbx=Oop [224]=Oop [288]=Oop }
                      ;*invokevirtual getAndSet {reexecute=0 rethrow=0 return_oop=0}
                      ; - com.jme3.system.lwjgl.LwjglWindow::runLoop@5 (line 522)
                      ;   {metadata({method} {0x0000022c66235c60} 'getAndSet' '(Z)Z' in 'java/util/concurrent/atomic/AtomicBoolean')}
  0x0000022c006f1960: e806 49ba | 585c 2366 | 2c02 0000 | 4c89 5424 | 0848 c704 | 24ff ffff 

  0x0000022c006f1978: ;   {runtime_call counter_overflow Runtime1 stub}
  0x0000022c006f1978: ffe8 e293 

  0x0000022c006f197c: ; ImmutableOopMap {rdx=Oop rbx=Oop [224]=Oop [288]=Oop }
                      ;*synchronization entry
                      ; - java.util.concurrent.atomic.AtomicBoolean::getAndSet@-1 (line 175)
                      ; - com.jme3.system.lwjgl.LwjglWindow::runLoop@5 (line 522)
  0x0000022c006f197c: e806 e939 

  0x0000022c006f1980: ;   {metadata({method} {0x0000022c24263048} 'guard_LI_I' '(Ljava/lang/invoke/VarHandle;Ljava/lang/Object;ILjava/lang/invoke/VarHandle$AccessDescriptor;)I' in 'java/lang/invoke/VarHandleGuards')}
  0x0000022c006f1980: eaff ff49 | ba40 3026 | 242c 0200 | 004c 8954 | 2408 48c7 | 0424 ffff 

  0x0000022c006f1998: ;   {runtime_call counter_overflow Runtime1 stub}
  0x0000022c006f1998: ffff e8c1 

  0x0000022c006f199c: ; ImmutableOopMap {rdx=Oop rbx=Oop [224]=Oop [288]=Oop }
                      ;*synchronization entry
                      ; - java.lang.invoke.VarHandleGuards::guard_LI_I@-1 (line 161)
                      ; - java.util.concurrent.atomic.AtomicBoolean::getAndSet@13 (line 175)
                      ; - com.jme3.system.lwjgl.LwjglWindow::runLoop@5 (line 522)
  0x0000022c006f199c: 93e8 06e9 | 61ea ffff 

  0x0000022c006f19a4: ;   {metadata({method} {0x0000022c241ce110} 'checkAccessModeThenIsDirect' '(Ljava/lang/invoke/VarHandle$AccessDescriptor;)Z' in 'java/lang/invoke/VarHandle')}
  0x0000022c006f19a4: 49ba 08e1 | 1c24 2c02 | 0000 4c89 | 5424 0848 | c704 24ff 

  0x0000022c006f19b8: ;   {runtime_call counter_overflow Runtime1 stub}
  0x0000022c006f19b8: ffff ffe8 

  0x0000022c006f19bc: ; ImmutableOopMap {rdx=Oop rbx=Oop [224]=Oop [288]=Oop }
                      ;*synchronization entry
                      ; - java.lang.invoke.VarHandle::checkAccessModeThenIsDirect@-1 (line 2100)
                      ; - java.lang.invoke.VarHandleGuards::guard_LI_I@2 (line 161)
                      ; - java.util.concurrent.atomic.AtomicBoolean::getAndSet@13 (line 175)
                      ; - com.jme3.system.lwjgl.LwjglWindow::runLoop@5 (line 522)
  0x0000022c006f19bc: a093 e806 | e901 ebff 

  0x0000022c006f19c4: ;   {metadata({method} {0x0000022c242628d8} 'getMemberName' '(I)Ljava/lang/invoke/MemberName;' in 'java/lang/invoke/VarForm')}
  0x0000022c006f19c4: ff49 bad0 | 2826 242c | 0200 004c | 8954 2408 | 48c7 0424 | ffff ffff 

  0x0000022c006f19dc: ;   {runtime_call counter_overflow Runtime1 stub}
  0x0000022c006f19dc: e87f 93e8 

  0x0000022c006f19e0: ; ImmutableOopMap {rdx=Oop rbx=Oop [224]=Oop [288]=Oop }
                      ;*synchronization entry
                      ; - java.lang.invoke.VarForm::getMemberName@-1 (line 116)
                      ; - java.lang.invoke.VarHandleGuards::guard_LI_I@42 (line 163)
                      ; - java.util.concurrent.atomic.AtomicBoolean::getAndSet@13 (line 175)
                      ; - com.jme3.system.lwjgl.LwjglWindow::runLoop@5 (line 522)
  0x0000022c006f19e0: 06e9 53eb 

  0x0000022c006f19e4: ;   {metadata({method} {0x0000022c66239148} 'getAndSet' '(Ljava/lang/invoke/VarHandle;Ljava/lang/Object;I)I' in 'java/lang/invoke/VarHandleInts$FieldInstanceReadWrite')}
  0x0000022c006f19e4: ffff 49ba | 4091 2366 | 2c02 0000 | 4c89 5424 | 0848 c704 | 24ff ffff 

  0x0000022c006f19fc: ;   {runtime_call counter_overflow Runtime1 stub}
  0x0000022c006f19fc: ffe8 5e93 

  0x0000022c006f1a00: ; ImmutableOopMap {rdx=Oop rbx=Oop [224]=Oop [288]=Oop }
                      ;*synchronization entry
                      ; - java.lang.invoke.VarHandleInts$FieldInstanceReadWrite::getAndSet@-1 (line 249)
                      ; - java.lang.invoke.VarHandleGuards::guard_LI_I@45 (line 163)
                      ; - java.util.concurrent.atomic.AtomicBoolean::getAndSet@13 (line 175)
                      ; - com.jme3.system.lwjgl.LwjglWindow::runLoop@5 (line 522)
  0x0000022c006f1a00: e806 e97b 

  0x0000022c006f1a04: ;   {metadata({method} {0x0000022c24498490} 'cast' '(Ljava/lang/Object;)Ljava/lang/Object;' in 'java/lang/Class')}
  0x0000022c006f1a04: ebff ff49 | ba88 8449 | 242c 0200 | 004c 8954 | 2408 48c7 | 0424 ffff 

  0x0000022c006f1a1c: ;   {runtime_call counter_overflow Runtime1 stub}
  0x0000022c006f1a1c: ffff e83d 

  0x0000022c006f1a20: ; ImmutableOopMap {rdx=Oop rbx=Oop [224]=Oop [288]=Oop }
                      ;*synchronization entry
                      ; - java.lang.Class::cast@-1 (line 4138)
                      ; - java.lang.invoke.VarHandleInts$FieldInstanceReadWrite::getAndSet@13 (line 250)
                      ; - java.lang.invoke.VarHandleGuards::guard_LI_I@45 (line 163)
                      ; - java.util.concurrent.atomic.AtomicBoolean::getAndSet@13 (line 175)
                      ; - com.jme3.system.lwjgl.LwjglWindow::runLoop@5 (line 522)
  0x0000022c006f1a20: 93e8 06e9 | 9deb ffff 

  0x0000022c006f1a28: ;   {metadata({method} {0x0000022c2444a3e0} 'requireNonNull' '(Ljava/lang/Object;)Ljava/lang/Object;' in 'java/util/Objects')}
  0x0000022c006f1a28: 49ba d8a3 | 4424 2c02 | 0000 4c89 | 5424 0848 | c704 24ff 

  0x0000022c006f1a3c: ;   {runtime_call counter_overflow Runtime1 stub}
  0x0000022c006f1a3c: ffff ffe8 

  0x0000022c006f1a40: ; ImmutableOopMap {rdx=Oop rbx=Oop [224]=Oop [288]=Oop }
                      ;*synchronization entry
                      ; - java.util.Objects::requireNonNull@-1 (line 219)
                      ; - java.lang.invoke.VarHandleInts$FieldInstanceReadWrite::getAndSet@16 (line 250)
                      ; - java.lang.invoke.VarHandleGuards::guard_LI_I@45 (line 163)
                      ; - java.util.concurrent.atomic.AtomicBoolean::getAndSet@13 (line 175)
                      ; - com.jme3.system.lwjgl.LwjglWindow::runLoop@5 (line 522)
  0x0000022c006f1a40: 1c93 e806 | e962 ecff 

  0x0000022c006f1a48: ;   {runtime_call throw_null_pointer_exception Runtime1 stub}
  0x0000022c006f1a48: ffe8 9233 

  0x0000022c006f1a4c: ; ImmutableOopMap {rdx=Oop rsi=Oop [224]=Oop }
                      ;*invokevirtual get {reexecute=0 rethrow=0 return_oop=0}
                      ; - com.jme3.system.lwjgl.LwjglWindow::runLoop@19 (line 526)
                      ;   {metadata({method} {0x0000022c662355e8} 'get' '()Z' in 'java/util/concurrent/atomic/AtomicBoolean')}
  0x0000022c006f1a4c: e806 49ba | e055 2366 | 2c02 0000 | 4c89 5424 | 0848 c704 | 24ff ffff 

  0x0000022c006f1a64: ;   {runtime_call counter_overflow Runtime1 stub}
  0x0000022c006f1a64: ffe8 f692 

  0x0000022c006f1a68: ; ImmutableOopMap {rdx=Oop rsi=Oop [224]=Oop }
                      ;*synchronization entry
                      ; - java.util.concurrent.atomic.AtomicBoolean::get@-1 (line 88)
                      ; - com.jme3.system.lwjgl.LwjglWindow::runLoop@19 (line 526)
  0x0000022c006f1a68: e806 e963 

  0x0000022c006f1a6c: ;   {runtime_call throw_null_pointer_exception Runtime1 stub}
  0x0000022c006f1a6c: edff ffe8 

  0x0000022c006f1a70: ; ImmutableOopMap {rdx=Oop rsi=Oop [224]=Oop }
                      ;*invokeinterface update {reexecute=0 rethrow=0 return_oop=0}
                      ; - com.jme3.system.lwjgl.LwjglWindow::runLoop@37 (line 530)
  0x0000022c006f1a70: 6c33 e806 

  0x0000022c006f1a74: ;   {runtime_call throw_null_pointer_exception Runtime1 stub}
  0x0000022c006f1a74: e867 33e8 

  0x0000022c006f1a78: ; ImmutableOopMap {rdx=Oop rsi=Oop [224]=Oop }
                      ;*invokevirtual get {reexecute=0 rethrow=0 return_oop=0}
                      ; - com.jme3.system.lwjgl.LwjglWindow::runLoop@46 (line 535)
                      ;   {metadata({method} {0x0000022c662355e8} 'get' '()Z' in 'java/util/concurrent/atomic/AtomicBoolean')}
  0x0000022c006f1a78: 0649 bae0 | 5523 662c | 0200 004c | 8954 2408 | 48c7 0424 | ffff ffff 

  0x0000022c006f1a90: ;   {runtime_call counter_overflow Runtime1 stub}
  0x0000022c006f1a90: e8cb 92e8 

  0x0000022c006f1a94: ; ImmutableOopMap {rdx=Oop rsi=Oop [224]=Oop }
                      ;*synchronization entry
                      ; - java.util.concurrent.atomic.AtomicBoolean::get@-1 (line 88)
                      ; - com.jme3.system.lwjgl.LwjglWindow::runLoop@46 (line 535)
  0x0000022c006f1a94: 06e9 b8ee 

  0x0000022c006f1a98: ;   {runtime_call throw_incompatible_class_change_error Runtime1 stub}
  0x0000022c006f1a98: ffff e8c1 

  0x0000022c006f1a9c: ; ImmutableOopMap {rdx=Oop rax=Oop rsi=Oop [224]=Oop }
                      ;*invokeinterface handleError {reexecute=0 rethrow=0 return_oop=0}
                      ; - com.jme3.system.lwjgl.LwjglWindow::runLoop@84 (line 542)
                      ;   {runtime_call throw_null_pointer_exception Runtime1 stub}
  0x0000022c006f1a9c: 68e8 06e8 

  0x0000022c006f1aa0: ; ImmutableOopMap {rdx=Oop rax=Oop rsi=Oop [224]=Oop }
                      ;*invokeinterface handleError {reexecute=0 rethrow=0 return_oop=0}
                      ; - com.jme3.system.lwjgl.LwjglWindow::runLoop@84 (line 542)
  0x0000022c006f1aa0: 3c33 e806 

  0x0000022c006f1aa4: ;   {runtime_call throw_null_pointer_exception Runtime1 stub}
  0x0000022c006f1aa4: e837 33e8 

  0x0000022c006f1aa8: ; ImmutableOopMap {rsi=Oop [224]=Oop }
                      ;*invokeinterface postFrame {reexecute=0 rethrow=0 return_oop=0}
                      ; - com.jme3.system.lwjgl.LwjglWindow::runLoop@100 (line 549)
                      ;   {runtime_call throw_null_pointer_exception Runtime1 stub}
  0x0000022c006f1aa8: 06e8 3233 

  0x0000022c006f1aac: ; ImmutableOopMap {rdx=Oop rdi=Oop [224]=Oop }
                      ;*invokevirtual getFrameRate {reexecute=0 rethrow=0 return_oop=0}
                      ; - com.jme3.system.lwjgl.LwjglWindow::runLoop@120 (line 553)
                      ;   {metadata({method} {0x0000022c66468118} 'getFrameRate' '()I' in 'com/jme3/system/AppSettings')}
  0x0000022c006f1aac: e806 49ba | 1081 4666 | 2c02 0000 | 4c89 5424 | 0848 c704 | 24ff ffff 

  0x0000022c006f1ac4: ;   {runtime_call counter_overflow Runtime1 stub}
  0x0000022c006f1ac4: ffe8 9692 

  0x0000022c006f1ac8: ; ImmutableOopMap {rdx=Oop rdi=Oop [224]=Oop }
                      ;*synchronization entry
                      ; - com.jme3.system.AppSettings::getFrameRate@-1 (line 917)
                      ; - com.jme3.system.lwjgl.LwjglWindow::runLoop@120 (line 553)
  0x0000022c006f1ac8: e806 e9c4 

  0x0000022c006f1acc: ;   {metadata({method} {0x0000022c664662f0} 'getInteger' '(Ljava/lang/String;)I' in 'com/jme3/system/AppSettings')}
  0x0000022c006f1acc: f2ff ff49 | bae8 6246 | 662c 0200 | 004c 8954 | 2408 48c7 | 0424 ffff 

  0x0000022c006f1ae4: ;   {runtime_call counter_overflow Runtime1 stub}
  0x0000022c006f1ae4: ffff e875 

  0x0000022c006f1ae8: ; ImmutableOopMap {rdx=Oop rdi=Oop [224]=Oop }
                      ;*synchronization entry
                      ; - com.jme3.system.AppSettings::getInteger@-1 (line 485)
                      ; - com.jme3.system.AppSettings::getFrameRate@3 (line 917)
                      ; - com.jme3.system.lwjgl.LwjglWindow::runLoop@120 (line 553)
  0x0000022c006f1ae8: 92e8 06e9 | e1f2 ffff 

  0x0000022c006f1af0: ;   {metadata({method} {0x0000022c241c7650} 'get' '(Ljava/lang/Object;)Ljava/lang/Object;' in 'java/util/HashMap')}
  0x0000022c006f1af0: 49ba 4876 | 1c24 2c02 | 0000 4c89 | 5424 0848 | c704 24ff 

  0x0000022c006f1b04: ;   {runtime_call counter_overflow Runtime1 stub}
  0x0000022c006f1b04: ffff ffe8 

  0x0000022c006f1b08: ; ImmutableOopMap {rdx=Oop rdi=Oop [224]=Oop }
                      ;*synchronization entry
                      ; - java.util.HashMap::get@-1 (line 565)
                      ; - com.jme3.system.AppSettings::getInteger@2 (line 485)
                      ; - com.jme3.system.AppSettings::getFrameRate@3 (line 917)
                      ; - com.jme3.system.lwjgl.LwjglWindow::runLoop@120 (line 553)
  0x0000022c006f1b08: 5492 e806 | e97d f3ff 

  0x0000022c006f1b10: ;   {runtime_call throw_null_pointer_exception Runtime1 stub}
  0x0000022c006f1b10: ffe8 ca32 

  0x0000022c006f1b14: ; ImmutableOopMap {rax=Oop [224]=Oop [248]=Oop }
                      ;*getfield value {reexecute=1 rethrow=0 return_oop=0}
                      ; - (reexecute) java.util.HashMap::get@15 (line 565)
                      ; - com.jme3.system.AppSettings::getInteger@2 (line 485)
                      ; - com.jme3.system.AppSettings::getFrameRate@3 (line 917)
                      ; - com.jme3.system.lwjgl.LwjglWindow::runLoop@120 (line 553)
  0x0000022c006f1b14: e806 4c89 

  0x0000022c006f1b18: ;   {runtime_call throw_class_cast_exception Runtime1 stub}
  0x0000022c006f1b18: 0424 e841 

  0x0000022c006f1b1c: ; ImmutableOopMap {[224]=Oop [248]=Oop }
                      ;*checkcast {reexecute=0 rethrow=0 return_oop=0}
                      ; - com.jme3.system.AppSettings::getInteger@5 (line 485)
                      ; - com.jme3.system.AppSettings::getFrameRate@3 (line 917)
                      ; - com.jme3.system.lwjgl.LwjglWindow::runLoop@120 (line 553)
                      ;   {runtime_call throw_null_pointer_exception Runtime1 stub}
  0x0000022c006f1b1c: 65e8 06e8 

  0x0000022c006f1b20: ; ImmutableOopMap {rdi=Oop r8=Oop [224]=Oop }
                      ;*invokevirtual intValue {reexecute=0 rethrow=0 return_oop=0}
                      ; - com.jme3.system.AppSettings::getInteger@16 (line 490)
                      ; - com.jme3.system.AppSettings::getFrameRate@3 (line 917)
                      ; - com.jme3.system.lwjgl.LwjglWindow::runLoop@120 (line 553)
  0x0000022c006f1b20: bc32 e806 

  0x0000022c006f1b24: ;   {runtime_call throw_null_pointer_exception Runtime1 stub}
  0x0000022c006f1b24: e8b7 32e8 

  0x0000022c006f1b28: ; ImmutableOopMap {rdx=Oop rsi=Oop [224]=Oop }
                      ;*invokevirtual getFrameRate {reexecute=0 rethrow=0 return_oop=0}
                      ; - com.jme3.system.lwjgl.LwjglWindow::runLoop@131 (line 554)
                      ;   {metadata({method} {0x0000022c66468118} 'getFrameRate' '()I' in 'com/jme3/system/AppSettings')}
  0x0000022c006f1b28: 0649 ba10 | 8146 662c | 0200 004c | 8954 2408 | 48c7 0424 | ffff ffff 

  0x0000022c006f1b40: ;   {runtime_call counter_overflow Runtime1 stub}
  0x0000022c006f1b40: e81b 92e8 

  0x0000022c006f1b44: ; ImmutableOopMap {rdx=Oop rsi=Oop [224]=Oop }
                      ;*synchronization entry
                      ; - com.jme3.system.AppSettings::getFrameRate@-1 (line 917)
                      ; - com.jme3.system.lwjgl.LwjglWindow::runLoop@131 (line 554)
  0x0000022c006f1b44: 06e9 10f6 

  0x0000022c006f1b48: ;   {metadata({method} {0x0000022c664662f0} 'getInteger' '(Ljava/lang/String;)I' in 'com/jme3/system/AppSettings')}
  0x0000022c006f1b48: ffff 49ba | e862 4666 | 2c02 0000 | 4c89 5424 | 0848 c704 | 24ff ffff 

  0x0000022c006f1b60: ;   {runtime_call counter_overflow Runtime1 stub}
  0x0000022c006f1b60: ffe8 fa91 

  0x0000022c006f1b64: ; ImmutableOopMap {rdx=Oop rsi=Oop [224]=Oop }
                      ;*synchronization entry
                      ; - com.jme3.system.AppSettings::getInteger@-1 (line 485)
                      ; - com.jme3.system.AppSettings::getFrameRate@3 (line 917)
                      ; - com.jme3.system.lwjgl.LwjglWindow::runLoop@131 (line 554)
  0x0000022c006f1b64: e806 e92d 

  0x0000022c006f1b68: ;   {metadata({method} {0x0000022c241c7650} 'get' '(Ljava/lang/Object;)Ljava/lang/Object;' in 'java/util/HashMap')}
  0x0000022c006f1b68: f6ff ff49 | ba48 761c | 242c 0200 | 004c 8954 | 2408 48c7 | 0424 ffff 

  0x0000022c006f1b80: ;   {runtime_call counter_overflow Runtime1 stub}
  0x0000022c006f1b80: ffff e8d9 

  0x0000022c006f1b84: ; ImmutableOopMap {rdx=Oop rsi=Oop [224]=Oop }
                      ;*synchronization entry
                      ; - java.util.HashMap::get@-1 (line 565)
                      ; - com.jme3.system.AppSettings::getInteger@2 (line 485)
                      ; - com.jme3.system.AppSettings::getFrameRate@3 (line 917)
                      ; - com.jme3.system.lwjgl.LwjglWindow::runLoop@131 (line 554)
  0x0000022c006f1b84: 91e8 06e9 | c9f6 ffff 

  0x0000022c006f1b8c: ;   {runtime_call throw_null_pointer_exception Runtime1 stub}
  0x0000022c006f1b8c: e84f 32e8 

  0x0000022c006f1b90: ; ImmutableOopMap {rax=Oop [224]=Oop [256]=Oop }
                      ;*getfield value {reexecute=1 rethrow=0 return_oop=0}
                      ; - (reexecute) java.util.HashMap::get@15 (line 565)
                      ; - com.jme3.system.AppSettings::getInteger@2 (line 485)
                      ; - com.jme3.system.AppSettings::getFrameRate@3 (line 917)
                      ; - com.jme3.system.lwjgl.LwjglWindow::runLoop@131 (line 554)
  0x0000022c006f1b90: 064c 8904 

  0x0000022c006f1b94: ;   {runtime_call throw_class_cast_exception Runtime1 stub}
  0x0000022c006f1b94: 24e8 c664 

  0x0000022c006f1b98: ; ImmutableOopMap {[224]=Oop [256]=Oop }
                      ;*checkcast {reexecute=0 rethrow=0 return_oop=0}
                      ; - com.jme3.system.AppSettings::getInteger@5 (line 485)
                      ; - com.jme3.system.AppSettings::getFrameRate@3 (line 917)
                      ; - com.jme3.system.lwjgl.LwjglWindow::runLoop@131 (line 554)
                      ;   {runtime_call throw_null_pointer_exception Runtime1 stub}
  0x0000022c006f1b98: e806 e841 

  0x0000022c006f1b9c: ; ImmutableOopMap {rsi=Oop r8=Oop [224]=Oop }
                      ;*invokevirtual intValue {reexecute=0 rethrow=0 return_oop=0}
                      ; - com.jme3.system.AppSettings::getInteger@16 (line 490)
                      ; - com.jme3.system.AppSettings::getFrameRate@3 (line 917)
                      ; - com.jme3.system.lwjgl.LwjglWindow::runLoop@131 (line 554)
                      ;   {runtime_call throw_null_pointer_exception Runtime1 stub}
  0x0000022c006f1b9c: 32e8 06e8 

  0x0000022c006f1ba0: ; ImmutableOopMap {rdx=Oop r8=Oop [224]=Oop }
                      ;*invokevirtual getTimePerFrame {reexecute=0 rethrow=0 return_oop=0}
                      ; - com.jme3.system.lwjgl.LwjglWindow::runLoop@170 (line 564)
  0x0000022c006f1ba0: 3c32 e806 

  0x0000022c006f1ba4: ;   {metadata({method} {0x0000022c66c33d70} 'glfwPollEvents' '()V' in 'org/lwjgl/glfw/GLFW')}
  0x0000022c006f1ba4: 49ba 683d | c366 2c02 | 0000 4c89 | 5424 0848 | c704 24ff 

  0x0000022c006f1bb8: ;   {runtime_call counter_overflow Runtime1 stub}
  0x0000022c006f1bb8: ffff ffe8 

  0x0000022c006f1bbc: ; ImmutableOopMap {[224]=Oop }
                      ;*synchronization entry
                      ; - org.lwjgl.glfw.GLFW::glfwPollEvents@-1 (line 3092)
                      ; - com.jme3.system.lwjgl.LwjglWindow::runLoop@216 (line 576)
  0x0000022c006f1bbc: a091 e806 | e9c8 faff 

  0x0000022c006f1bc4: ;   {metadata({method} {0x0000022c66c464a8} 'check' '()V' in 'org/lwjgl/glfw/EventLoop$OnScreen')}
  0x0000022c006f1bc4: ff49 baa0 | 64c4 662c | 0200 004c | 8954 2408 | 48c7 0424 | ffff ffff 

  0x0000022c006f1bdc: ;   {runtime_call counter_overflow Runtime1 stub}
  0x0000022c006f1bdc: e87f 91e8 

  0x0000022c006f1be0: ; ImmutableOopMap {[224]=Oop }
                      ;*synchronization entry
                      ; - org.lwjgl.glfw.EventLoop$OnScreen::check@-1 (line 74)
                      ; - org.lwjgl.glfw.GLFW::glfwPollEvents@4 (line 3093)
                      ; - com.jme3.system.lwjgl.LwjglWindow::runLoop@216 (line 576)
  0x0000022c006f1be0: 06e9 e0fa 

  0x0000022c006f1be4: ;   {internal_word}
  0x0000022c006f1be4: ffff 49ba | fc16 6f00 | 2c02 0000 | 4d89 9760 

  0x0000022c006f1bf4: ;   {runtime_call SafepointBlob}
  0x0000022c006f1bf4: 0400 00e9 | e437 db06 

  0x0000022c006f1bfc: ;   {metadata(nullptr)}
  0x0000022c006f1bfc: 48ba 0000 | 0000 0000 | 0000 b800 

  0x0000022c006f1c08: ;   {runtime_call load_klass_patching Runtime1 stub}
  0x0000022c006f1c08: 0f05 0ae8 

  0x0000022c006f1c0c: ; ImmutableOopMap {[224]=Oop }
                      ;*new {reexecute=1 rethrow=0 return_oop=0}
                      ; - (reexecute) com.jme3.system.lwjgl.LwjglWindow::runLoop@25 (line 527)
  0x0000022c006f1c0c: d080 e806 | e9fb faff | ff48 8bd2 

  0x0000022c006f1c18: ;   {runtime_call fast_new_instance Runtime1 stub}
  0x0000022c006f1c18: e8c3 3ae8 

  0x0000022c006f1c1c: ; ImmutableOopMap {[224]=Oop }
                      ;*new {reexecute=0 rethrow=0 return_oop=0}
                      ; - com.jme3.system.lwjgl.LwjglWindow::runLoop@25 (line 527)
  0x0000022c006f1c1c: 06e9 46fb 

  0x0000022c006f1c20: ;   {metadata(nullptr)}
  0x0000022c006f1c20: ffff 48ba | 0000 0000 | 0000 0000 | b800 0f05 

  0x0000022c006f1c30: ;   {runtime_call load_klass_patching Runtime1 stub}
  0x0000022c006f1c30: 0ae8 aa80 

  0x0000022c006f1c34: ; ImmutableOopMap {[224]=Oop [288]=Oop }
                      ;*new {reexecute=1 rethrow=0 return_oop=0}
                      ; - (reexecute) java.util.Objects::requireNonNull@4 (line 220)
                      ; - java.lang.invoke.VarHandleInts$FieldInstanceReadWrite::getAndSet@16 (line 250)
                      ; - java.lang.invoke.VarHandleGuards::guard_LI_I@45 (line 163)
                      ; - java.util.concurrent.atomic.AtomicBoolean::getAndSet@13 (line 175)
                      ; - com.jme3.system.lwjgl.LwjglWindow::runLoop@5 (line 522)
  0x0000022c006f1c34: e806 e97d | fbff ff48 

  0x0000022c006f1c3c: ;   {runtime_call fast_new_instance Runtime1 stub}
  0x0000022c006f1c3c: 8bd2 e89d 

  0x0000022c006f1c40: ; ImmutableOopMap {[224]=Oop [288]=Oop }
                      ;*new {reexecute=0 rethrow=0 return_oop=0}
                      ; - java.util.Objects::requireNonNull@4 (line 220)
                      ; - java.lang.invoke.VarHandleInts$FieldInstanceReadWrite::getAndSet@16 (line 250)
                      ; - java.lang.invoke.VarHandleGuards::guard_LI_I@45 (line 163)
                      ; - java.util.concurrent.atomic.AtomicBoolean::getAndSet@13 (line 175)
                      ; - com.jme3.system.lwjgl.LwjglWindow::runLoop@5 (line 522)
  0x0000022c006f1c40: 3ae8 06e9 | ccfb ffff 

  0x0000022c006f1c48: ;   {runtime_call fast_new_instance Runtime1 stub}
  0x0000022c006f1c48: 488b d2e8 

  0x0000022c006f1c4c: ; ImmutableOopMap {rbx=Oop [224]=Oop [288]=Oop }
                      ;*new {reexecute=0 rethrow=0 return_oop=0}
                      ; - java.lang.Class::cast@12 (line 4139)
                      ; - java.lang.invoke.VarHandleInts$FieldInstanceReadWrite::getAndSet@13 (line 250)
                      ; - java.lang.invoke.VarHandleGuards::guard_LI_I@45 (line 163)
                      ; - java.util.concurrent.atomic.AtomicBoolean::getAndSet@13 (line 175)
                      ; - com.jme3.system.lwjgl.LwjglWindow::runLoop@5 (line 522)
  0x0000022c006f1c4c: 903a e806 | e95f fcff | ff49 8b87 | 0005 0000 | 49c7 8700 | 0500 0000 | 0000 0049 | c787 0805 
  0x0000022c006f1c6c: 0000 0000 | 0000 4881 | c440 0100 

  0x0000022c006f1c78: ;   {runtime_call unwind_exception Runtime1 stub}
  0x0000022c006f1c78: 005d e961 | 22e8 06f4 
[Stub Code]
  0x0000022c006f1c80: ;   {no_reloc}
  0x0000022c006f1c80: 0f1f 4400 

  0x0000022c006f1c84: ;   {static_stub}
  0x0000022c006f1c84: 0048 bb00 | 0000 0000 

  0x0000022c006f1c8c: ;   {runtime_call nmethod}
  0x0000022c006f1c8c: 0000 00e9 | fbff ffff 

  0x0000022c006f1c94: ;   {static_stub}
  0x0000022c006f1c94: 9048 bb00 | 0000 0000 

  0x0000022c006f1c9c: ;   {runtime_call nmethod}
  0x0000022c006f1c9c: 0000 00e9 | fbff ffff 

  0x0000022c006f1ca4: ;   {static_stub}
  0x0000022c006f1ca4: 9048 bb00 | 0000 0000 

  0x0000022c006f1cac: ;   {runtime_call nmethod}
  0x0000022c006f1cac: 0000 00e9 | fbff ffff 

  0x0000022c006f1cb4: ;   {static_stub}
  0x0000022c006f1cb4: 48bb 0000 | 0000 0000 

  0x0000022c006f1cbc: ;   {runtime_call nmethod}
  0x0000022c006f1cbc: 0000 e9fb 

  0x0000022c006f1cc0: ;   {static_stub}
  0x0000022c006f1cc0: ffff ff48 | bb00 0000 | 0000 0000 

  0x0000022c006f1ccc: ;   {runtime_call nmethod}
  0x0000022c006f1ccc: 00e9 fbff 

  0x0000022c006f1cd0: ;   {static_stub}
  0x0000022c006f1cd0: ffff 48bb | 0000 0000 | 0000 0000 

  0x0000022c006f1cdc: ;   {runtime_call nmethod}
  0x0000022c006f1cdc: e9fb ffff 

  0x0000022c006f1ce0: ;   {static_stub}
  0x0000022c006f1ce0: ff48 bb00 | 0000 0000 

  0x0000022c006f1ce8: ;   {runtime_call nmethod}
  0x0000022c006f1ce8: 0000 00e9 | fbff ffff 

  0x0000022c006f1cf0: ;   {static_stub}
  0x0000022c006f1cf0: 48bb 0000 | 0000 0000 

  0x0000022c006f1cf8: ;   {runtime_call nmethod}
  0x0000022c006f1cf8: 0000 e9fb 

  0x0000022c006f1cfc: ;   {static_stub}
  0x0000022c006f1cfc: ffff ff48 | bb00 0000 | 0000 0000 

  0x0000022c006f1d08: ;   {runtime_call nmethod}
  0x0000022c006f1d08: 00e9 fbff 

  0x0000022c006f1d0c: ;   {static_stub}
  0x0000022c006f1d0c: ffff 48bb | 0000 0000 | 0000 0000 

  0x0000022c006f1d18: ;   {runtime_call nmethod}
  0x0000022c006f1d18: e9fb ffff 

  0x0000022c006f1d1c: ;   {static_stub}
  0x0000022c006f1d1c: ff48 bb00 | 0000 0000 

  0x0000022c006f1d24: ;   {runtime_call nmethod}
  0x0000022c006f1d24: 0000 00e9 | fbff ffff 

  0x0000022c006f1d2c: ;   {static_stub}
  0x0000022c006f1d2c: 48bb 0000 | 0000 0000 

  0x0000022c006f1d34: ;   {runtime_call nmethod}
  0x0000022c006f1d34: 0000 e9fb 

  0x0000022c006f1d38: ;   {static_stub}
  0x0000022c006f1d38: ffff ff48 | bb00 0000 | 0000 0000 

  0x0000022c006f1d44: ;   {runtime_call nmethod}
  0x0000022c006f1d44: 00e9 fbff 

  0x0000022c006f1d48: ;   {runtime_call handle_exception_from_callee Runtime1 stub}
  0x0000022c006f1d48: ffff e811 

  0x0000022c006f1d4c: ;   {external_word}
  0x0000022c006f1d4c: 58e8 0648 | b940 d5d3 | 57f9 7f00 | 0048 83e4 

  0x0000022c006f1d5c: ;   {runtime_call}
  0x0000022c006f1d5c: f048 b870 | 4a9a 57f9 | 7f00 00ff 

  0x0000022c006f1d68: ;   {section_word}
  0x0000022c006f1d68: d0f4 49ba | 6a1d 6f00 | 2c02 0000 

  0x0000022c006f1d74: ;   {runtime_call DeoptimizationBlob}
  0x0000022c006f1d74: 4152 e905 | 29db 06f4 | f4f4 f4f4 
[/MachCode]


---------------  P R O C E S S  ---------------

Threads class SMR info:
_java_thread_list=0x0000022c86089df0, length=19, elements={
0x0000022c71b0e560, 0x0000022c7d7863e0, 0x0000022c650e72c0, 0x0000022c650e8e90,
0x0000022c650e98f0, 0x0000022c650eab60, 0x0000022c6511ae10, 0x0000022c6511dfb0,
0x0000022c6511ea60, 0x0000022c652db7c0, 0x0000022c652e0c90, 0x0000022c652e32a0,
0x0000022c652ebd70, 0x0000022c65365f50, 0x0000022c65e289b0, 0x0000022c6b2b4ff0,
0x0000022c6b2b2200, 0x0000022c6b2b5d10, 0x0000022c8ba86130
}

Java Threads: ( => current thread )
=>0x0000022c71b0e560 JavaThread "main"                              [_thread_in_native, id=1968, stack(0x0000005557900000,0x0000005557a00000) (1024K)]
  0x0000022c7d7863e0 JavaThread "Reference Handler"          daemon [_thread_blocked, id=31480, stack(0x0000005558100000,0x0000005558200000) (1024K)]
  0x0000022c650e72c0 JavaThread "Finalizer"                  daemon [_thread_blocked, id=48408, stack(0x0000005558200000,0x0000005558300000) (1024K)]
  0x0000022c650e8e90 JavaThread "Signal Dispatcher"          daemon [_thread_blocked, id=5464, stack(0x0000005558300000,0x0000005558400000) (1024K)]
  0x0000022c650e98f0 JavaThread "Attach Listener"            daemon [_thread_blocked, id=42768, stack(0x0000005558400000,0x0000005558500000) (1024K)]
  0x0000022c650eab60 JavaThread "Service Thread"             daemon [_thread_blocked, id=41392, stack(0x0000005558500000,0x0000005558600000) (1024K)]
  0x0000022c6511ae10 JavaThread "Monitor Deflation Thread"   daemon [_thread_blocked, id=59484, stack(0x0000005558600000,0x0000005558700000) (1024K)]
  0x0000022c6511dfb0 JavaThread "C2 CompilerThread0"         daemon [_thread_blocked, id=1536, stack(0x0000005558700000,0x0000005558800000) (1024K)]
  0x0000022c6511ea60 JavaThread "C1 CompilerThread0"         daemon [_thread_blocked, id=55736, stack(0x0000005558800000,0x0000005558900000) (1024K)]
  0x0000022c652db7c0 JavaThread "JDWP Transport Listener: dt_socket" daemon [_thread_blocked, id=56496, stack(0x0000005558a00000,0x0000005558b00000) (1024K)]
  0x0000022c652e0c90 JavaThread "JDWP Event Helper Thread"   daemon [_thread_blocked, id=40232, stack(0x0000005558b00000,0x0000005558c00000) (1024K)]
  0x0000022c652e32a0 JavaThread "JDWP Command Reader"        daemon [_thread_in_native, id=53968, stack(0x0000005558c00000,0x0000005558d00000) (1024K)]
  0x0000022c652ebd70 JavaThread "Notification Thread"        daemon [_thread_blocked, id=12484, stack(0x0000005558d00000,0x0000005558e00000) (1024K)]
  0x0000022c65365f50 JavaThread "Common-Cleaner"             daemon [_thread_blocked, id=27544, stack(0x0000005558e00000,0x0000005558f00000) (1024K)]
  0x0000022c65e289b0 JavaThread "Java2D Disposer"            daemon [_thread_blocked, id=5336, stack(0x0000005559100000,0x0000005559200000) (1024K)]
  0x0000022c6b2b4ff0 JavaThread "TimerQueue"                 daemon [_thread_blocked, id=1644, stack(0x0000005559e50000,0x0000005559f50000) (1024K)]
  0x0000022c6b2b2200 JavaThread "Thread to free LWJGL byte buffers" daemon [_thread_blocked, id=59540, stack(0x000000555b900000,0x000000555ba00000) (1024K)]
  0x0000022c6b2b5d10 JavaThread "jME3 Audio Decoder"         daemon [_thread_blocked, id=56696, stack(0x000000555b700000,0x000000555b800000) (1024K)]
  0x0000022c8ba86130 JavaThread "AWT-Shutdown"                      [_thread_blocked, id=5476, stack(0x0000005558900000,0x0000005558a00000) (1024K)]
Total: 19

Other Threads:
  0x0000022c7d772a00 VMThread "VM Thread"                           [id=38244, stack(0x0000005558000000,0x0000005558100000) (1024K)]
  0x0000022c73eef4b0 WorkerThread "GC Thread#0"                     [id=39288, stack(0x0000005557a00000,0x0000005557b00000) (1024K)]
  0x0000022c6fc00a00 WorkerThread "GC Thread#1"                     [id=32880, stack(0x000000555a100000,0x000000555a200000) (1024K)]
  0x0000022c6b99f3b0 WorkerThread "GC Thread#2"                     [id=26992, stack(0x000000555a200000,0x000000555a300000) (1024K)]
  0x0000022c6b99fb70 WorkerThread "GC Thread#3"                     [id=22264, stack(0x000000555a300000,0x000000555a400000) (1024K)]
  0x0000022c6b9a0330 WorkerThread "GC Thread#4"                     [id=49020, stack(0x000000555a400000,0x000000555a500000) (1024K)]
  0x0000022c702251b0 WorkerThread "GC Thread#5"                     [id=32780, stack(0x000000555a500000,0x000000555a600000) (1024K)]
  0x0000022c70225910 WorkerThread "GC Thread#6"                     [id=35824, stack(0x000000555a600000,0x000000555a700000) (1024K)]
  0x0000022c70226420 WorkerThread "GC Thread#7"                     [id=36632, stack(0x000000555a700000,0x000000555a800000) (1024K)]
  0x0000022c702267d0 WorkerThread "GC Thread#8"                     [id=56528, stack(0x000000555a800000,0x000000555a900000) (1024K)]
  0x0000022c70226b80 WorkerThread "GC Thread#9"                     [id=5756, stack(0x000000555a900000,0x000000555aa00000) (1024K)]
  0x0000022c70225560 WorkerThread "GC Thread#10"                    [id=10184, stack(0x000000555aa00000,0x000000555ab00000) (1024K)]
  0x0000022c70225cc0 WorkerThread "GC Thread#11"                    [id=39068, stack(0x000000555ab00000,0x000000555ac00000) (1024K)]
  0x0000022c70226070 WorkerThread "GC Thread#12"                    [id=57948, stack(0x000000555ac00000,0x000000555ad00000) (1024K)]
  0x0000022c6fd44370 WorkerThread "GC Thread#13"                    [id=30472, stack(0x0000005559a50000,0x0000005559b50000) (1024K)]
  0x0000022c6fd45990 WorkerThread "GC Thread#14"                    [id=37844, stack(0x0000005559c50000,0x0000005559d50000) (1024K)]
  0x0000022c6fd45230 WorkerThread "GC Thread#15"                    [id=8860, stack(0x000000555b000000,0x000000555b100000) (1024K)]
  0x0000022c6fd455e0 WorkerThread "GC Thread#16"                    [id=29072, stack(0x000000555b100000,0x000000555b200000) (1024K)]
  0x0000022c6fd43fc0 WorkerThread "GC Thread#17"                    [id=29060, stack(0x000000555b400000,0x000000555b500000) (1024K)]
  0x0000022c6fd44ad0 WorkerThread "GC Thread#18"                    [id=47568, stack(0x000000555b500000,0x000000555b600000) (1024K)]
  0x0000022c6fd44e80 WorkerThread "GC Thread#19"                    [id=59328, stack(0x000000555b600000,0x000000555b700000) (1024K)]
  0x0000022c7d6107b0 ConcurrentGCThread "G1 Main Marker"            terminated
  0x0000022c73f040c0 WorkerThread "G1 Conc#0"                       [id=37876, stack(0x0000005557c00000,0x0000005557d00000) (1024K)]
  0x0000022c83249490 WorkerThread "G1 Conc#1"                       [id=55232, stack(0x000000555c000000,0x000000555c100000) (1024K)]
  0x0000022c83249840 WorkerThread "G1 Conc#2"                       [id=56592, stack(0x000000555c100000,0x000000555c200000) (1024K)]
  0x0000022c83249fa0 WorkerThread "G1 Conc#3"                       [id=42448, stack(0x000000555c200000,0x000000555c300000) (1024K)]
  0x0000022c832490e0 WorkerThread "G1 Conc#4"                       [id=25032, stack(0x000000555c300000,0x000000555c400000) (1024K)]
  0x0000022c7d7046c0 ConcurrentGCThread "G1 Refine#0"               terminated
  0x0000022c71a4b810 ConcurrentGCThread "G1 Service"                terminated
Total: 29

Threads with active compile tasks:
Total: 0

VM state: not at safepoint (normal execution)

VM Mutex/Monitor currently owned by a thread: None

Heap address: 0x0000000404000000, size: 16320 MB, Compressed Oops mode: Zero based, Oop shift amount: 3

CDS archive(s) mapped at: [0x0000022c24000000-0x0000022c24d70000-0x0000022c24d70000), size 14090240, SharedBaseAddress: 0x0000022c24000000, ArchiveRelocationMode: 1.
Compressed class space mapped at: 0x0000022c25000000-0x0000022c65000000, reserved size: 1073741824
Narrow klass base: 0x0000022c24000000, Narrow klass shift: 0, Narrow klass range: 0x41000000

GC Precious Log:
 CardTable entry size: 512
 Card Set container configuration: InlinePtr #cards 4 size 8 Array Of Cards #cards 64 size 144 Howl #buckets 8 coarsen threshold 14745 Howl Bitmap #cards 2048 size 272 coarsen threshold 1843 Card regions per heap region 1 cards per card region 16384
 CPUs: 28 total, 28 available
 Memory: 65277M
 Large Page Support: Disabled
 NUMA Support: Disabled
 Compressed Oops: Enabled (Zero based)
 Heap Region Size: 8M
 Heap Min Capacity: 8M
 Heap Initial Capacity: 1G
 Heap Max Capacity: 16320M
 Pre-touch: Disabled
 Parallel Workers: 20
 Concurrent Workers: 5
 Concurrent Refinement Workers: 20
 Periodic GC: Disabled

Heap:
 garbage-first heap   total reserved 16711680K, committed 557056K, used 134547K [0x0000000404000000, 0x0000000800000000)
  region size 8192K, 16 young (131072K), 2 survivors (16384K)
 Metaspace       used 23957K, committed 24192K, reserved 1114112K
  class space    used 2198K, committed 2304K, reserved 1048576K

Heap Regions: E=young(eden), S=young(survivor), O=old, HS=humongous(starts), HC=humongous(continues), CS=collection set, F=free, TAMS=top-at-mark-start, PB=parsable bottom
|   0|0x0000000404000000, 0x0000000404000000, 0x0000000404800000|  0%| F|  |TAMS 0x0000000404000000| PB 0x0000000404000000| Untracked |  0
|   1|0x0000000404800000, 0x0000000405000000, 0x0000000405000000|100%| O|  |TAMS 0x0000000404800000| PB 0x0000000404800000| Untracked |  0
|   2|0x0000000405000000, 0x0000000405000000, 0x0000000405800000|  0%| F|  |TAMS 0x0000000405000000| PB 0x0000000405000000| Untracked |  0
|   3|0x0000000405800000, 0x0000000405800000, 0x0000000406000000|  0%| F|  |TAMS 0x0000000405800000| PB 0x0000000405800000| Untracked |  0
|   4|0x0000000406000000, 0x0000000406000000, 0x0000000406800000|  0%| F|  |TAMS 0x0000000406000000| PB 0x0000000406000000| Untracked |  0
|   5|0x0000000406800000, 0x0000000406800000, 0x0000000407000000|  0%| F|  |TAMS 0x0000000406800000| PB 0x0000000406800000| Untracked |  0
|   6|0x0000000407000000, 0x0000000407000000, 0x0000000407800000|  0%| F|  |TAMS 0x0000000407000000| PB 0x0000000407000000| Untracked |  0
|   7|0x0000000407800000, 0x0000000407800000, 0x0000000408000000|  0%| F|  |TAMS 0x0000000407800000| PB 0x0000000407800000| Untracked |  0
|   8|0x0000000408000000, 0x0000000408000000, 0x0000000408800000|  0%| F|  |TAMS 0x0000000408000000| PB 0x0000000408000000| Untracked |  0
|   9|0x0000000408800000, 0x0000000408800000, 0x0000000409000000|  0%| F|  |TAMS 0x0000000408800000| PB 0x0000000408800000| Untracked |  0
|  10|0x0000000409000000, 0x0000000409000000, 0x0000000409800000|  0%| F|  |TAMS 0x0000000409000000| PB 0x0000000409000000| Untracked |  0
|  11|0x0000000409800000, 0x0000000409800000, 0x000000040a000000|  0%| F|  |TAMS 0x0000000409800000| PB 0x0000000409800000| Untracked |  0
|  12|0x000000040a000000, 0x000000040a000000, 0x000000040a800000|  0%| F|  |TAMS 0x000000040a000000| PB 0x000000040a000000| Untracked |  0
|  13|0x000000040a800000, 0x000000040a800000, 0x000000040b000000|  0%| F|  |TAMS 0x000000040a800000| PB 0x000000040a800000| Untracked |  0
|  14|0x000000040b000000, 0x000000040b000000, 0x000000040b800000|  0%| F|  |TAMS 0x000000040b000000| PB 0x000000040b000000| Untracked |  0
|  15|0x000000040b800000, 0x000000040b800000, 0x000000040c000000|  0%| F|  |TAMS 0x000000040b800000| PB 0x000000040b800000| Untracked |  0
|  16|0x000000040c000000, 0x000000040c000000, 0x000000040c800000|  0%| F|  |TAMS 0x000000040c000000| PB 0x000000040c000000| Untracked |  0
|  17|0x000000040c800000, 0x000000040c800000, 0x000000040d000000|  0%| F|  |TAMS 0x000000040c800000| PB 0x000000040c800000| Untracked |  0
|  18|0x000000040d000000, 0x000000040d000000, 0x000000040d800000|  0%| F|  |TAMS 0x000000040d000000| PB 0x000000040d000000| Untracked |  0
|  19|0x000000040d800000, 0x000000040d800000, 0x000000040e000000|  0%| F|  |TAMS 0x000000040d800000| PB 0x000000040d800000| Untracked |  0
|  20|0x000000040e000000, 0x000000040e000000, 0x000000040e800000|  0%| F|  |TAMS 0x000000040e000000| PB 0x000000040e000000| Untracked |  0
|  21|0x000000040e800000, 0x000000040e800000, 0x000000040f000000|  0%| F|  |TAMS 0x000000040e800000| PB 0x000000040e800000| Untracked |  0
|  22|0x000000040f000000, 0x000000040f000000, 0x000000040f800000|  0%| F|  |TAMS 0x000000040f000000| PB 0x000000040f000000| Untracked |  0
|  23|0x000000040f800000, 0x000000040f800000, 0x0000000410000000|  0%| F|  |TAMS 0x000000040f800000| PB 0x000000040f800000| Untracked |  0
|  24|0x0000000410000000, 0x0000000410000000, 0x0000000410800000|  0%| F|  |TAMS 0x0000000410000000| PB 0x0000000410000000| Untracked |  0
|  25|0x0000000410800000, 0x0000000410800000, 0x0000000411000000|  0%| F|  |TAMS 0x0000000410800000| PB 0x0000000410800000| Untracked |  0
|  26|0x0000000411000000, 0x0000000411000000, 0x0000000411800000|  0%| F|  |TAMS 0x0000000411000000| PB 0x0000000411000000| Untracked |  0
|  27|0x0000000411800000, 0x0000000411800000, 0x0000000412000000|  0%| F|  |TAMS 0x0000000411800000| PB 0x0000000411800000| Untracked |  0
|  28|0x0000000412000000, 0x0000000412000000, 0x0000000412800000|  0%| F|  |TAMS 0x0000000412000000| PB 0x0000000412000000| Untracked |  0
|  29|0x0000000412800000, 0x0000000412800000, 0x0000000413000000|  0%| F|  |TAMS 0x0000000412800000| PB 0x0000000412800000| Untracked |  0
|  30|0x0000000413000000, 0x0000000413000000, 0x0000000413800000|  0%| F|  |TAMS 0x0000000413000000| PB 0x0000000413000000| Untracked |  0
|  31|0x0000000413800000, 0x0000000413800000, 0x0000000414000000|  0%| F|  |TAMS 0x0000000413800000| PB 0x0000000413800000| Untracked |  0
|  32|0x0000000414000000, 0x0000000414000000, 0x0000000414800000|  0%| F|  |TAMS 0x0000000414000000| PB 0x0000000414000000| Untracked |  0
|  33|0x0000000414800000, 0x0000000414800000, 0x0000000415000000|  0%| F|  |TAMS 0x0000000414800000| PB 0x0000000414800000| Untracked |  0
|  34|0x0000000415000000, 0x0000000415000000, 0x0000000415800000|  0%| F|  |TAMS 0x0000000415000000| PB 0x0000000415000000| Untracked |  0
|  35|0x0000000415800000, 0x0000000415800000, 0x0000000416000000|  0%| F|  |TAMS 0x0000000415800000| PB 0x0000000415800000| Untracked |  0
|  36|0x0000000416000000, 0x0000000416000000, 0x0000000416800000|  0%| F|  |TAMS 0x0000000416000000| PB 0x0000000416000000| Untracked |  0
|  37|0x0000000416800000, 0x0000000416800000, 0x0000000417000000|  0%| F|  |TAMS 0x0000000416800000| PB 0x0000000416800000| Untracked |  0
|  38|0x0000000417000000, 0x0000000417000000, 0x0000000417800000|  0%| F|  |TAMS 0x0000000417000000| PB 0x0000000417000000| Untracked |  0
|  39|0x0000000417800000, 0x0000000417800000, 0x0000000418000000|  0%| F|  |TAMS 0x0000000417800000| PB 0x0000000417800000| Untracked |  0
|  40|0x0000000418000000, 0x0000000418000000, 0x0000000418800000|  0%| F|  |TAMS 0x0000000418000000| PB 0x0000000418000000| Untracked |  0
|  41|0x0000000418800000, 0x0000000418800000, 0x0000000419000000|  0%| F|  |TAMS 0x0000000418800000| PB 0x0000000418800000| Untracked |  0
|  42|0x0000000419000000, 0x0000000419000000, 0x0000000419800000|  0%| F|  |TAMS 0x0000000419000000| PB 0x0000000419000000| Untracked |  0
|  43|0x0000000419800000, 0x0000000419800000, 0x000000041a000000|  0%| F|  |TAMS 0x0000000419800000| PB 0x0000000419800000| Untracked |  0
|  44|0x000000041a000000, 0x000000041a000000, 0x000000041a800000|  0%| F|  |TAMS 0x000000041a000000| PB 0x000000041a000000| Untracked |  0
|  45|0x000000041a800000, 0x000000041a800000, 0x000000041b000000|  0%| F|  |TAMS 0x000000041a800000| PB 0x000000041a800000| Untracked |  0
|  46|0x000000041b000000, 0x000000041b000000, 0x000000041b800000|  0%| F|  |TAMS 0x000000041b000000| PB 0x000000041b000000| Untracked |  0
|  47|0x000000041b800000, 0x000000041b800000, 0x000000041c000000|  0%| F|  |TAMS 0x000000041b800000| PB 0x000000041b800000| Untracked |  0
|  48|0x000000041c000000, 0x000000041c000000, 0x000000041c800000|  0%| F|  |TAMS 0x000000041c000000| PB 0x000000041c000000| Untracked |  0
|  49|0x000000041c800000, 0x000000041c864e40, 0x000000041d000000|  4%| S|CS|TAMS 0x000000041c800000| PB 0x000000041c800000| Complete |  0
|  50|0x000000041d000000, 0x000000041d800000, 0x000000041d800000|100%| S|CS|TAMS 0x000000041d000000| PB 0x000000041d000000| Complete |  0
|  51|0x000000041d800000, 0x000000041d800000, 0x000000041e000000|  0%| F|  |TAMS 0x000000041d800000| PB 0x000000041d800000| Untracked |  0
|  52|0x000000041e000000, 0x000000041e2efa40, 0x000000041e800000| 36%| E|  |TAMS 0x000000041e000000| PB 0x000000041e000000| Complete |  0
|  53|0x000000041e800000, 0x000000041f000000, 0x000000041f000000|100%| E|CS|TAMS 0x000000041e800000| PB 0x000000041e800000| Complete |  0
|  54|0x000000041f000000, 0x000000041f800000, 0x000000041f800000|100%| E|CS|TAMS 0x000000041f000000| PB 0x000000041f000000| Complete |  0
|  55|0x000000041f800000, 0x0000000420000000, 0x0000000420000000|100%| E|CS|TAMS 0x000000041f800000| PB 0x000000041f800000| Complete |  0
|  56|0x0000000420000000, 0x0000000420800000, 0x0000000420800000|100%| E|CS|TAMS 0x0000000420000000| PB 0x0000000420000000| Complete |  0
|  57|0x0000000420800000, 0x0000000421000000, 0x0000000421000000|100%| E|CS|TAMS 0x0000000420800000| PB 0x0000000420800000| Complete |  0
|  58|0x0000000421000000, 0x0000000421800000, 0x0000000421800000|100%| E|CS|TAMS 0x0000000421000000| PB 0x0000000421000000| Complete |  0
|  59|0x0000000421800000, 0x0000000422000000, 0x0000000422000000|100%| E|CS|TAMS 0x0000000421800000| PB 0x0000000421800000| Complete |  0
|  60|0x0000000422000000, 0x0000000422800000, 0x0000000422800000|100%| E|CS|TAMS 0x0000000422000000| PB 0x0000000422000000| Complete |  0
|  61|0x0000000422800000, 0x0000000423000000, 0x0000000423000000|100%| E|CS|TAMS 0x0000000422800000| PB 0x0000000422800000| Complete |  0
|  62|0x0000000423000000, 0x0000000423800000, 0x0000000423800000|100%| E|CS|TAMS 0x0000000423000000| PB 0x0000000423000000| Complete |  0
|  63|0x0000000423800000, 0x0000000424000000, 0x0000000424000000|100%| E|CS|TAMS 0x0000000423800000| PB 0x0000000423800000| Complete |  0
|  64|0x0000000424000000, 0x0000000424800000, 0x0000000424800000|100%| E|CS|TAMS 0x0000000424000000| PB 0x0000000424000000| Complete |  0
|  65|0x0000000424800000, 0x0000000425000000, 0x0000000425000000|100%| E|CS|TAMS 0x0000000424800000| PB 0x0000000424800000| Complete |  0
|2038|0x00000007ff000000, 0x00000007ff300010, 0x00000007ff800000| 37%| O|  |TAMS 0x00000007ff000000| PB 0x00000007ff000000| Untracked |  0
|2039|0x00000007ff800000, 0x0000000800000000, 0x0000000800000000|100%| O|  |TAMS 0x00000007ff800000| PB 0x00000007ff800000| Untracked |  0

Card table byte_map: [0x0000022c0f000000,0x0000022c10fe0000] _byte_map_base: 0x0000022c0cfe0000

Marking Bits: (CMBitMap*) 0x0000022c7d60f950
 Bits: [0x0000022c10fe0000, 0x0000022c20ee0000)

Polling page: 0x0000022c71df0000

Metaspace:

Usage:
  Non-class:     21.25 MB used.
      Class:      2.15 MB used.
       Both:     23.40 MB used.

Virtual space:
  Non-class space:       64.00 MB reserved,      21.38 MB ( 33%) committed,  1 nodes.
      Class space:        1.00 GB reserved,       2.25 MB ( <1%) committed,  1 nodes.
             Both:        1.06 GB reserved,      23.62 MB (  2%) committed. 

Chunk freelists:
   Non-Class:  9.78 MB
       Class:  13.75 MB
        Both:  23.54 MB

MaxMetaspaceSize: unlimited
CompressedClassSpaceSize: 1.00 GB
Initial GC threshold: 21.00 MB
Current GC threshold: 35.62 MB
CDS: on
 - commit_granule_bytes: 65536.
 - commit_granule_words: 8192.
 - virtual_space_node_default_size: 8388608.
 - enlarge_chunks_in_place: 1.
 - use_allocation_guard: 0.


Internal statistics:

num_allocs_failed_limit: 6.
num_arena_births: 238.
num_arena_deaths: 0.
num_vsnodes_births: 2.
num_vsnodes_deaths: 0.
num_space_committed: 377.
num_space_uncommitted: 0.
num_chunks_returned_to_freelist: 6.
num_chunks_taken_from_freelist: 649.
num_chunk_merges: 0.
num_chunk_splits: 451.
num_chunks_enlarged: 334.
num_inconsistent_stats: 0.

CodeHeap 'non-profiled nmethods': size=119232Kb used=3007Kb max_used=3007Kb free=116224Kb
 bounds [0x0000022c07b90000, 0x0000022c07e80000, 0x0000022c0f000000]
CodeHeap 'profiled nmethods': size=119104Kb used=7128Kb max_used=7128Kb free=111975Kb
 bounds [0x0000022c00000000, 0x0000022c00700000, 0x0000022c07450000]
CodeHeap 'non-nmethods': size=7424Kb used=2429Kb max_used=4195Kb free=4994Kb
 bounds [0x0000022c07450000, 0x0000022c07870000, 0x0000022c07b90000]
CodeCache: size=245760Kb, used=12564Kb, max_used=14330Kb, free=233193Kb
 total_blobs=6088, nmethods=4765, adapters=1228, full_count=0
Compilation: enabled, stopped_count=0, restarted_count=0

Compilation events (20 events):
Event: 12.378 Thread 0x0000022c6511dfb0 4967       4       com.jme3.renderer.opengl.GLRenderer::postFrame (24 bytes)
Event: 12.380 Thread 0x0000022c6511dfb0 nmethod 4967 0x0000022c07e7f188 code [0x0000022c07e7f300, 0x0000022c07e7f6f8]
Event: 12.781 Thread 0x0000022c6511dfb0 4968       4       java.util.concurrent.TimeUnit::toNanos (45 bytes)
Event: 12.782 Thread 0x0000022c6511dfb0 nmethod 4968 0x0000022c07e7f808 code [0x0000022c07e7f900, 0x0000022c07e7fa48]
Event: 12.956 Thread 0x0000022c6511dfb0 4969       4       java.lang.Thread::sleep (29 bytes)
Event: 12.957 Thread 0x0000022c6511dfb0 nmethod 4969 0x0000022c07e7fb08 code [0x0000022c07e7fc20, 0x0000022c07e7fdf8]
Event: 14.000 Thread 0x0000022c6511ea60 4970       3       jdk.internal.logger.DefaultLoggerFinder::isSystem (18 bytes)
Event: 14.000 Thread 0x0000022c6511ea60 nmethod 4970 0x0000022c006f1f08 code [0x0000022c006f20e0, 0x0000022c006f2a58]
Event: 14.000 Thread 0x0000022c6511ea60 4971       3       jdk.internal.logger.DefaultLoggerFinder$1::<init> (10 bytes)
Event: 14.000 Thread 0x0000022c6511ea60 nmethod 4971 0x0000022c006f2b08 code [0x0000022c006f2c20, 0x0000022c006f2df0]
Event: 14.000 Thread 0x0000022c6511ea60 4972       3       jdk.internal.logger.DefaultLoggerFinder$1::run (5 bytes)
Event: 14.000 Thread 0x0000022c6511ea60 nmethod 4972 0x0000022c006f2e88 code [0x0000022c006f3020, 0x0000022c006f36a0]
Event: 14.000 Thread 0x0000022c6511ea60 4974   !   3       java.util.logging.LogManager$LoggerContext::findLogger (113 bytes)
Event: 14.001 Thread 0x0000022c6511ea60 nmethod 4974 0x0000022c006f3708 code [0x0000022c006f3920, 0x0000022c006f4928]
Event: 14.001 Thread 0x0000022c6511ea60 4975       3       java.util.logging.LogManager::checkPermission (16 bytes)
Event: 14.001 Thread 0x0000022c6511ea60 nmethod 4975 0x0000022c006f4988 code [0x0000022c006f4ac0, 0x0000022c006f4cb0]
Event: 14.001 Thread 0x0000022c6511ea60 4976       3       java.util.logging.Logger::updateEffectiveLevel (126 bytes)
Event: 14.001 Thread 0x0000022c6511ea60 nmethod 4976 0x0000022c006f4d08 code [0x0000022c006f4ec0, 0x0000022c006f5948]
Event: 14.001 Thread 0x0000022c6511ea60 4973       3       jdk.internal.logger.DefaultLoggerFinder$1::run (14 bytes)
Event: 14.001 Thread 0x0000022c6511ea60 nmethod 4973 0x0000022c006f5a08 code [0x0000022c006f5ba0, 0x0000022c006f61a8]

GC Heap History (20 events):
Event: 1.823 GC heap before
{Heap before GC invocations=0 (full 0):
 garbage-first heap   total reserved 16711680K, committed 1048576K, used 32768K [0x0000000404000000, 0x0000000800000000)
  region size 8192K, 5 young (40960K), 0 survivors (0K)
 Metaspace       used 12026K, committed 12224K, reserved 1114112K
  class space    used 1367K, committed 1472K, reserved 1048576K
}
Event: 1.836 GC heap after
{Heap after GC invocations=1 (full 1):
 garbage-first heap   total reserved 16711680K, committed 139264K, used 6685K [0x0000000404000000, 0x0000000800000000)
  region size 8192K, 0 young (0K), 0 survivors (0K)
 Metaspace       used 12026K, committed 12224K, reserved 1114112K
  class space    used 1367K, committed 1472K, reserved 1048576K
}
Event: 1.836 GC heap before
{Heap before GC invocations=1 (full 1):
 garbage-first heap   total reserved 16711680K, committed 139264K, used 6685K [0x0000000404000000, 0x0000000800000000)
  region size 8192K, 0 young (0K), 0 survivors (0K)
 Metaspace       used 12026K, committed 12224K, reserved 1114112K
  class space    used 1367K, committed 1472K, reserved 1048576K
}
Event: 1.852 GC heap after
{Heap after GC invocations=2 (full 2):
 garbage-first heap   total reserved 16711680K, committed 32768K, used 6685K [0x0000000404000000, 0x0000000800000000)
  region size 8192K, 0 young (0K), 0 survivors (0K)
 Metaspace       used 12026K, committed 12224K, reserved 1114112K
  class space    used 1367K, committed 1472K, reserved 1048576K
}
Event: 2.167 GC heap before
{Heap before GC invocations=2 (full 2):
 garbage-first heap   total reserved 16711680K, committed 32768K, used 14877K [0x0000000404000000, 0x0000000800000000)
  region size 8192K, 1 young (8192K), 0 survivors (0K)
 Metaspace       used 13849K, committed 14080K, reserved 1114112K
  class space    used 1511K, committed 1600K, reserved 1048576K
}
Event: 2.168 GC heap after
{Heap after GC invocations=3 (full 2):
 garbage-first heap   total reserved 16711680K, committed 32768K, used 8172K [0x0000000404000000, 0x0000000800000000)
  region size 8192K, 1 young (8192K), 1 survivors (8192K)
 Metaspace       used 13849K, committed 14080K, reserved 1114112K
  class space    used 1511K, committed 1600K, reserved 1048576K
}
Event: 2.493 GC heap before
{Heap before GC invocations=3 (full 2):
 garbage-first heap   total reserved 16711680K, committed 32768K, used 16364K [0x0000000404000000, 0x0000000800000000)
  region size 8192K, 2 young (16384K), 1 survivors (8192K)
 Metaspace       used 16958K, committed 17152K, reserved 1114112K
  class space    used 1624K, committed 1728K, reserved 1048576K
}
Event: 2.494 GC heap after
{Heap after GC invocations=4 (full 2):
 garbage-first heap   total reserved 16711680K, committed 32768K, used 8581K [0x0000000404000000, 0x0000000800000000)
  region size 8192K, 1 young (8192K), 1 survivors (8192K)
 Metaspace       used 16958K, committed 17152K, reserved 1114112K
  class space    used 1624K, committed 1728K, reserved 1048576K
}
Event: 2.564 GC heap before
{Heap before GC invocations=4 (full 2):
 garbage-first heap   total reserved 16711680K, committed 32768K, used 16773K [0x0000000404000000, 0x0000000800000000)
  region size 8192K, 2 young (16384K), 1 survivors (8192K)
 Metaspace       used 19031K, committed 19328K, reserved 1114112K
  class space    used 1789K, committed 1920K, reserved 1048576K
}
Event: 2.565 GC heap after
{Heap after GC invocations=5 (full 2):
 garbage-first heap   total reserved 16711680K, committed 32768K, used 9410K [0x0000000404000000, 0x0000000800000000)
  region size 8192K, 1 young (8192K), 1 survivors (8192K)
 Metaspace       used 19031K, committed 19328K, reserved 1114112K
  class space    used 1789K, committed 1920K, reserved 1048576K
}
Event: 2.786 GC heap before
{Heap before GC invocations=5 (full 2):
 garbage-first heap   total reserved 16711680K, committed 32768K, used 9410K [0x0000000404000000, 0x0000000800000000)
  region size 8192K, 2 young (16384K), 1 survivors (8192K)
 Metaspace       used 21327K, committed 21504K, reserved 1114112K
  class space    used 2015K, committed 2112K, reserved 1048576K
}
Event: 2.787 GC heap after
{Heap after GC invocations=6 (full 2):
 garbage-first heap   total reserved 16711680K, committed 32768K, used 9785K [0x0000000404000000, 0x0000000800000000)
  region size 8192K, 1 young (8192K), 1 survivors (8192K)
 Metaspace       used 21327K, committed 21504K, reserved 1114112K
  class space    used 2015K, committed 2112K, reserved 1048576K
}
Event: 2.823 GC heap before
{Heap before GC invocations=7 (full 2):
 garbage-first heap   total reserved 16711680K, committed 32768K, used 17977K [0x0000000404000000, 0x0000000800000000)
  region size 8192K, 2 young (16384K), 1 survivors (8192K)
 Metaspace       used 22040K, committed 22336K, reserved 1114112K
  class space    used 2095K, committed 2240K, reserved 1048576K
}
Event: 2.824 GC heap after
{Heap after GC invocations=8 (full 2):
 garbage-first heap   total reserved 16711680K, committed 32768K, used 10427K [0x0000000404000000, 0x0000000800000000)
  region size 8192K, 1 young (8192K), 1 survivors (8192K)
 Metaspace       used 22040K, committed 22336K, reserved 1114112K
  class space    used 2095K, committed 2240K, reserved 1048576K
}
Event: 2.870 GC heap before
{Heap before GC invocations=8 (full 2):
 garbage-first heap   total reserved 16711680K, committed 32768K, used 18619K [0x0000000404000000, 0x0000000800000000)
  region size 8192K, 2 young (16384K), 1 survivors (8192K)
 Metaspace       used 22258K, committed 22528K, reserved 1114112K
  class space    used 2097K, committed 2240K, reserved 1048576K
}
Event: 2.877 GC heap after
{Heap after GC invocations=9 (full 2):
 garbage-first heap   total reserved 16711680K, committed 40960K, used 10507K [0x0000000404000000, 0x0000000800000000)
  region size 8192K, 1 young (8192K), 1 survivors (8192K)
 Metaspace       used 22258K, committed 22528K, reserved 1114112K
  class space    used 2097K, committed 2240K, reserved 1048576K
}
Event: 2.950 GC heap before
{Heap before GC invocations=9 (full 2):
 garbage-first heap   total reserved 16711680K, committed 40960K, used 18699K [0x0000000404000000, 0x0000000800000000)
  region size 8192K, 3 young (24576K), 1 survivors (8192K)
 Metaspace       used 22677K, committed 22912K, reserved 1114112K
  class space    used 2134K, committed 2240K, reserved 1048576K
}
Event: 2.959 GC heap after
{Heap after GC invocations=10 (full 2):
 garbage-first heap   total reserved 16711680K, committed 557056K, used 27648K [0x0000000404000000, 0x0000000800000000)
  region size 8192K, 1 young (8192K), 1 survivors (8192K)
 Metaspace       used 22677K, committed 22912K, reserved 1114112K
  class space    used 2134K, committed 2240K, reserved 1048576K
}
Event: 7.918 GC heap before
{Heap before GC invocations=10 (full 2):
 garbage-first heap   total reserved 16711680K, committed 557056K, used 158720K [0x0000000404000000, 0x0000000800000000)
  region size 8192K, 16 young (131072K), 1 survivors (8192K)
 Metaspace       used 23946K, committed 24192K, reserved 1114112K
  class space    used 2198K, committed 2304K, reserved 1048576K
}
Event: 7.929 GC heap after
{Heap after GC invocations=11 (full 2):
 garbage-first heap   total reserved 16711680K, committed 557056K, used 28051K [0x0000000404000000, 0x0000000800000000)
  region size 8192K, 2 young (16384K), 2 survivors (16384K)
 Metaspace       used 23946K, committed 24192K, reserved 1114112K
  class space    used 2198K, committed 2304K, reserved 1048576K
}

Dll operation events (14 events):
Event: 0.005 Loaded shared library E:\Program Files\jdk23\bin\java.dll
Event: 0.050 Loaded shared library E:\Program Files\jdk23\bin\jsvml.dll
Event: 0.111 Loaded shared library E:\Program Files\jdk23\bin\net.dll
Event: 0.112 Loaded shared library E:\Program Files\jdk23\bin\nio.dll
Event: 0.114 Loaded shared library E:\Program Files\jdk23\bin\zip.dll
Event: 0.135 Loaded shared library E:\Program Files\jdk23\bin\jimage.dll
Event: 0.179 Loaded shared library E:\Program Files\jdk23\bin\awt.dll
Event: 0.383 Loaded shared library E:\Program Files\jdk23\bin\prefs.dll
Event: 0.442 Loaded shared library E:\Program Files\jdk23\bin\freetype.dll
Event: 0.443 Loaded shared library E:\Program Files\jdk23\bin\fontmanager.dll
Event: 1.873 Loaded shared library E:\CSProject2024\bulletjme.dll
Event: 1.897 Loaded shared library C:\Users\Tsawke\AppData\Local\Temp\lwjglTsawke\3.2.3-build-13\lwjgl.dll
Event: 2.273 Loaded shared library C:\Users\Tsawke\AppData\Local\Temp\lwjglTsawke\3.2.3-build-13\lwjgl_opengl.dll
Event: 2.800 Loaded shared library E:\Program Files\jdk23\bin\javajpeg.dll

Deoptimization events (20 events):
Event: 10.254 Thread 0x0000022c71b0e560 Uncommon trap: trap_request=0xffffff45 fr.pc=0x0000022c07df7704 relative=0x0000000000001fe4
Event: 10.254 Thread 0x0000022c71b0e560 Uncommon trap: reason=unstable_if action=reinterpret pc=0x0000022c07df7704 method=jdk.internal.math.FloatToDecimal.toDecimal(III)I @ 325 c2
Event: 10.254 Thread 0x0000022c71b0e560 DEOPT PACKING pc=0x0000022c07df7704 sp=0x00000055579fed90
Event: 10.254 Thread 0x0000022c71b0e560 DEOPT UNPACKING pc=0x0000022c074a4402 sp=0x00000055579fed00 mode 2
Event: 10.420 Thread 0x0000022c71b0e560 Uncommon trap: trap_request=0xffffff45 fr.pc=0x0000022c07e75088 relative=0x00000000000006c8
Event: 10.420 Thread 0x0000022c71b0e560 Uncommon trap: reason=unstable_if action=reinterpret pc=0x0000022c07e75088 method=com.jme3.math.Matrix4f.equals(Ljava/lang/Object;)Z @ 164 c2
Event: 10.420 Thread 0x0000022c71b0e560 DEOPT PACKING pc=0x0000022c07e75088 sp=0x00000055579febf0
Event: 10.420 Thread 0x0000022c71b0e560 DEOPT UNPACKING pc=0x0000022c074a4402 sp=0x00000055579feb88 mode 2
Event: 12.045 Thread 0x0000022c71b0e560 Uncommon trap: trap_request=0xffffff45 fr.pc=0x0000022c07e5d38c relative=0x0000000000004c4c
Event: 12.045 Thread 0x0000022c71b0e560 Uncommon trap: reason=unstable_if action=reinterpret pc=0x0000022c07e5d38c method=com.jme3.input.InputManager.update(F)V @ 10 c2
Event: 12.045 Thread 0x0000022c71b0e560 DEOPT PACKING pc=0x0000022c07e5d38c sp=0x00000055579ff060
Event: 12.045 Thread 0x0000022c71b0e560 DEOPT UNPACKING pc=0x0000022c074a4402 sp=0x00000055579fef38 mode 2
Event: 12.045 Thread 0x0000022c71b0e560 Uncommon trap: trap_request=0xffffff45 fr.pc=0x0000022c07e43cc8 relative=0x0000000000000348
Event: 12.045 Thread 0x0000022c71b0e560 Uncommon trap: reason=unstable_if action=reinterpret pc=0x0000022c07e43cc8 method=com.jme3.input.InputManager.computeAnalogValue(J)F @ 4 c2
Event: 12.045 Thread 0x0000022c71b0e560 DEOPT PACKING pc=0x0000022c07e43cc8 sp=0x00000055579fef00
Event: 12.045 Thread 0x0000022c71b0e560 DEOPT UNPACKING pc=0x0000022c074a4402 sp=0x00000055579fee28 mode 2
Event: 14.000 Thread 0x0000022c71b0e560 Uncommon trap: trap_request=0xffffff45 fr.pc=0x0000022c07e712cc relative=0x0000000000002d2c
Event: 14.000 Thread 0x0000022c71b0e560 Uncommon trap: reason=unstable_if action=reinterpret pc=0x0000022c07e712cc method=com.csproject.jMEMain.simpleUpdate(F)V @ 573 c2
Event: 14.000 Thread 0x0000022c71b0e560 DEOPT PACKING pc=0x0000022c07e712cc sp=0x00000055579fedd0
Event: 14.000 Thread 0x0000022c71b0e560 DEOPT UNPACKING pc=0x0000022c074a4402 sp=0x00000055579fee48 mode 2

Classes loaded (20 events):
Event: 2.928 Loading class java/util/stream/IntPipeline$Head
Event: 2.928 Loading class java/util/stream/IntPipeline
Event: 2.928 Loading class java/util/stream/IntPipeline done
Event: 2.928 Loading class java/util/stream/IntPipeline$Head done
Event: 2.933 Loading class java/lang/Byte$ByteCache
Event: 2.933 Loading class java/lang/Byte$ByteCache done
Event: 3.041 Loading class java/io/ObjectOutput
Event: 3.041 Loading class java/io/ObjectOutput done
Event: 3.041 Loading class java/io/ObjectInput
Event: 3.041 Loading class java/io/ObjectInput done
Event: 3.057 Loading class java/nio/DirectFloatBufferRU
Event: 3.057 Loading class java/nio/DirectFloatBufferRU done
Event: 3.067 Loading class java/util/concurrent/ConcurrentLinkedQueue$Itr
Event: 3.067 Loading class java/util/concurrent/ConcurrentLinkedQueue$Itr done
Event: 3.069 Loading class java/util/JumboEnumSet$EnumSetIterator
Event: 3.069 Loading class java/util/JumboEnumSet$EnumSetIterator done
Event: 3.128 Loading class sun/awt/AppContext$PostShutdownEventRunnable
Event: 3.128 Loading class sun/awt/AppContext$PostShutdownEventRunnable done
Event: 3.128 Loading class sun/awt/AWTAutoShutdown$1
Event: 3.128 Loading class sun/awt/AWTAutoShutdown$1 done

Classes unloaded (0 events):
No events

Classes redefined (0 events):
No events

Internal exceptions (20 events):
Event: 1.914 Thread 0x0000022c71b0e560 Exception <a 'sun/nio/fs/WindowsException'{0x0000000405f72e58}> (0x0000000405f72e58) 
thrown [s\open\src\hotspot\share\prims\jni.cpp, line 520]
Event: 1.914 Thread 0x0000022c71b0e560 Exception <a 'sun/nio/fs/WindowsException'{0x0000000405f731d8}> (0x0000000405f731d8) 
thrown [s\open\src\hotspot\share\prims\jni.cpp, line 520]
Event: 2.271 Thread 0x0000022c71b0e560 Exception <a 'java/lang/NoSuchMethodError'{0x000000040583a398}: 'void java.lang.System.load(java.lang.String, java.lang.Class)'> (0x000000040583a398) 
thrown [s\open\src\hotspot\share\interpreter\linkResolver.cpp, line 796]
Event: 2.271 Thread 0x0000022c71b0e560 Exception <a 'java/lang/NoSuchMethodError'{0x000000040583cea0}: 'void java.lang.System.loadLibrary(java.lang.String, java.lang.Class)'> (0x000000040583cea0) 
thrown [s\open\src\hotspot\share\interpreter\linkResolver.cpp, line 796]
Event: 2.273 Thread 0x0000022c71b0e560 Exception <a 'sun/nio/fs/WindowsException'{0x0000000405846ae0}> (0x0000000405846ae0) 
thrown [s\open\src\hotspot\share\prims\jni.cpp, line 520]
Event: 2.273 Thread 0x0000022c71b0e560 Exception <a 'sun/nio/fs/WindowsException'{0x000000040584e5f0}> (0x000000040584e5f0) 
thrown [s\open\src\hotspot\share\prims\jni.cpp, line 520]
Event: 2.274 Thread 0x0000022c71b0e560 Exception <a 'sun/nio/fs/WindowsException'{0x00000004058587d0}> (0x00000004058587d0) 
thrown [s\open\src\hotspot\share\prims\jni.cpp, line 520]
Event: 2.274 Thread 0x0000022c71b0e560 Exception <a 'sun/nio/fs/WindowsException'{0x0000000405858ac0}> (0x0000000405858ac0) 
thrown [s\open\src\hotspot\share\prims\jni.cpp, line 520]
Event: 2.495 Thread 0x0000022c71b0e560 Exception <a 'java/lang/NoSuchMethodError'{0x000000040583d0e0}: 'long java.lang.invoke.DelegatingMethodHandle$Holder.reinvoke_L(java.lang.Object, java.lang.Object)'> (0x000000040583d0e0) 
thrown [s\open\src\hotspot\share\interpreter\linkResolver.cpp, line 796]
Event: 2.495 Thread 0x0000022c71b0e560 Exception <a 'java/lang/NoSuchMethodError'{0x0000000405843ba8}: 'long java.lang.invoke.Invokers$Holder.invokeExact_MT(java.lang.Object, java.lang.Object, java.lang.Object)'> (0x0000000405843ba8) 
thrown [s\open\src\hotspot\share\interpreter\linkResolver.cpp, line 796]
Event: 2.572 Thread 0x0000022c71b0e560 Exception <a 'sun/nio/fs/WindowsException'{0x000000040585fad0}> (0x000000040585fad0) 
thrown [s\open\src\hotspot\share\prims\jni.cpp, line 520]
Event: 2.572 Thread 0x0000022c71b0e560 Exception <a 'sun/nio/fs/WindowsException'{0x000000040585fe60}> (0x000000040585fe60) 
thrown [s\open\src\hotspot\share\prims\jni.cpp, line 520]
Event: 2.929 Thread 0x0000022c71b0e560 Exception <a 'java/lang/NoSuchMethodError'{0x0000000405c46ec8}: 'java.lang.Object java.lang.invoke.DirectMethodHandle$Holder.newInvokeSpecial(java.lang.Object, java.lang.Object, java.lang.Object, java.lang.Object, java.lang.Object, java.lang.Object)'> (0x0000000405c46ec8) 
thrown [s\open\src\hotspot\share\interpreter\linkResolver.cpp, line 796]
Event: 3.062 Thread 0x0000022c71b0e560 Exception <a 'java/lang/NoSuchMethodError'{0x0000000423d8b798}: 'void java.lang.invoke.DirectMethodHandle$Holder.invokeSpecial(java.lang.Object, java.lang.Object, int)'> (0x0000000423d8b798) 
thrown [s\open\src\hotspot\share\interpreter\linkResolver.cpp, line 796]
Event: 3.597 Thread 0x0000022c71b0e560 Implicit null exception at 0x0000022c07d9c613 to 0x0000022c07d9d378
Event: 3.597 Thread 0x0000022c71b0e560 Implicit null exception at 0x0000022c07d9c613 to 0x0000022c07d9d378
Event: 3.597 Thread 0x0000022c71b0e560 Implicit null exception at 0x0000022c07d9c613 to 0x0000022c07d9d378
Event: 3.598 Thread 0x0000022c71b0e560 Implicit null exception at 0x0000022c07d9c613 to 0x0000022c07d9d378
Event: 3.600 Thread 0x0000022c71b0e560 Implicit null exception at 0x0000022c07d9d8eb to 0x0000022c07d9ee84
Event: 3.724 Thread 0x0000022c71b0e560 Implicit null exception at 0x0000022c07d6ccf7 to 0x0000022c07d76d4c

VM Operations (20 events):
Event: 2.790 Executing VM operation: CollectForMetadataAllocation (Metadata GC Threshold)
Event: 2.791 Executing VM operation: CollectForMetadataAllocation (Metadata GC Threshold) done
Event: 2.792 Executing VM operation: G1PauseRemark
Event: 2.793 Executing VM operation: G1PauseRemark done
Event: 2.794 Executing VM operation: G1PauseCleanup
Event: 2.794 Executing VM operation: G1PauseCleanup done
Event: 2.823 Executing VM operation: G1CollectForAllocation (G1 Evacuation Pause)
Event: 2.824 Executing VM operation: G1CollectForAllocation (G1 Evacuation Pause) done
Event: 2.832 Executing VM operation: HandshakeAllThreads (Deoptimize)
Event: 2.832 Executing VM operation: HandshakeAllThreads (Deoptimize) done
Event: 2.870 Executing VM operation: G1CollectForAllocation (G1 Evacuation Pause)
Event: 2.877 Executing VM operation: G1CollectForAllocation (G1 Evacuation Pause) done
Event: 2.950 Executing VM operation: G1CollectForAllocation (G1 Evacuation Pause)
Event: 2.959 Executing VM operation: G1CollectForAllocation (G1 Evacuation Pause) done
Event: 3.057 Executing VM operation: HandshakeAllThreads (Deoptimize)
Event: 3.057 Executing VM operation: HandshakeAllThreads (Deoptimize) done
Event: 3.057 Executing VM operation: HandshakeAllThreads (Deoptimize)
Event: 3.057 Executing VM operation: HandshakeAllThreads (Deoptimize) done
Event: 7.918 Executing VM operation: G1CollectForAllocation (G1 Evacuation Pause)
Event: 7.929 Executing VM operation: G1CollectForAllocation (G1 Evacuation Pause) done

Memory protections (0 events):
No events

Nmethod flushes (20 events):
Event: 1.841 Thread 0x0000022c7d772a00 flushing  nmethod 0x0000022c0021a108
Event: 1.841 Thread 0x0000022c7d772a00 flushing  nmethod 0x0000022c0022b788
Event: 1.841 Thread 0x0000022c7d772a00 flushing  nmethod 0x0000022c0022c008
Event: 1.841 Thread 0x0000022c7d772a00 flushing  nmethod 0x0000022c0022c308
Event: 1.841 Thread 0x0000022c7d772a00 flushing  nmethod 0x0000022c00231488
Event: 1.841 Thread 0x0000022c7d772a00 flushing  nmethod 0x0000022c00237f88
Event: 1.841 Thread 0x0000022c7d772a00 flushing  nmethod 0x0000022c00251c88
Event: 1.841 Thread 0x0000022c7d772a00 flushing  nmethod 0x0000022c00251f88
Event: 1.841 Thread 0x0000022c7d772a00 flushing  nmethod 0x0000022c00258c08
Event: 1.841 Thread 0x0000022c7d772a00 flushing  nmethod 0x0000022c00259e08
Event: 1.841 Thread 0x0000022c7d772a00 flushing  nmethod 0x0000022c0025de88
Event: 1.841 Thread 0x0000022c7d772a00 flushing  nmethod 0x0000022c0025e788
Event: 1.841 Thread 0x0000022c7d772a00 flushing  nmethod 0x0000022c002ab008
Event: 1.841 Thread 0x0000022c7d772a00 flushing  nmethod 0x0000022c0031bf08
Event: 2.793 Thread 0x0000022c7d772a00 flushing  nmethod 0x0000022c07be5188
Event: 2.793 Thread 0x0000022c7d772a00 flushing  nmethod 0x0000022c001d9588
Event: 2.793 Thread 0x0000022c7d772a00 flushing  nmethod 0x0000022c00333a08
Event: 2.793 Thread 0x0000022c7d772a00 flushing  nmethod 0x0000022c0001ea88
Event: 2.793 Thread 0x0000022c7d772a00 flushing  nmethod 0x0000022c00190e88
Event: 2.793 Thread 0x0000022c7d772a00 flushing  nmethod 0x0000022c07be1b88

Events (20 events):
Event: 4.902 Thread 0x0000022c83422dc0 Thread exited: 0x0000022c83422dc0
Event: 4.935 Thread 0x0000022c82e2a9d0 Thread exited: 0x0000022c82e2a9d0
Event: 4.935 Thread 0x0000022c830447f0 Thread exited: 0x0000022c830447f0
Event: 5.564 Thread 0x0000022c6b2b0e50 Thread exited: 0x0000022c6b2b0e50
Event: 5.652 Thread 0x0000022c6b470400 Thread exited: 0x0000022c6b470400
Event: 6.241 Thread 0x0000022c651ddac0 Thread exited: 0x0000022c651ddac0
Event: 6.483 Thread 0x0000022c6511dfb0 Thread added: 0x0000022c83473d00
Event: 6.483 Thread 0x0000022c6511dfb0 Thread added: 0x0000022c83475170
Event: 7.268 Thread 0x0000022c83475170 Thread exited: 0x0000022c83475170
Event: 7.268 Thread 0x0000022c83473d00 Thread exited: 0x0000022c83473d00
Event: 14.000 Thread 0x0000022c71b0e560 Thread added: 0x0000022c8ba867c0
Event: 14.000 Thread 0x0000022c71b0e560 Thread added: 0x0000022c8ba88f20
Event: 14.000 Thread 0x0000022c71b0e560 Thread added: 0x0000022c8ba8bd10
Event: 14.000 Thread 0x0000022c8ba8bd10 Thread exited: 0x0000022c8ba8bd10
Event: 14.000 Thread 0x0000022c6b2b6a30 Thread exited: 0x0000022c6b2b6a30
Event: 14.000 Thread 0x0000022c8ba867c0 Thread exited: 0x0000022c8ba867c0
Event: 14.001 Thread 0x0000022c65e27c90 Thread added: 0x0000022c8ba86130
Event: 14.013 Thread 0x0000022c65e27c90 Thread exited: 0x0000022c65e27c90
Event: 14.101 Thread 0x0000022c8ba88f20 Thread exited: 0x0000022c8ba88f20
Event: 14.101 Thread 0x0000022c71b0e560 Before exit entered


Dynamic libraries:
0x00007ff7cbad0000 - 0x00007ff7cbae0000 	E:\Program Files\jdk23\bin\java.exe
0x00007ffb15530000 - 0x00007ffb15747000 	C:\Windows\SYSTEM32\ntdll.dll
0x00007ffb14830000 - 0x00007ffb148f4000 	C:\Windows\System32\KERNEL32.DLL
0x00007ffb12a00000 - 0x00007ffb12db9000 	C:\Windows\System32\KERNELBASE.dll
0x00007ffb12e80000 - 0x00007ffb12f91000 	C:\Windows\System32\ucrtbase.dll
0x00007ff955fa0000 - 0x00007ff955fb7000 	E:\Program Files\jdk23\bin\jli.dll
0x00007ff957350000 - 0x00007ff95736b000 	E:\Program Files\jdk23\bin\VCRUNTIME140.dll
0x00007ffb15220000 - 0x00007ffb153ce000 	C:\Windows\System32\USER32.dll
0x00007ffb12860000 - 0x00007ffb12886000 	C:\Windows\System32\win32u.dll
0x00007ffb05b80000 - 0x00007ffb05e12000 	C:\Windows\WinSxS\amd64_microsoft.windows.common-controls_6595b64144ccf1df_6.0.22621.4391_none_2715d37f73803e96\COMCTL32.dll
0x00007ffb153f0000 - 0x00007ffb15419000 	C:\Windows\System32\GDI32.dll
0x00007ffb14aa0000 - 0x00007ffb14b47000 	C:\Windows\System32\msvcrt.dll
0x00007ffb13040000 - 0x00007ffb1315b000 	C:\Windows\System32\gdi32full.dll
0x00007ffb12fa0000 - 0x00007ffb1303a000 	C:\Windows\System32\msvcp_win.dll
0x00007ffb13d00000 - 0x00007ffb13d31000 	C:\Windows\System32\IMM32.DLL
0x00007ffac7cb0000 - 0x00007ffac7cbc000 	E:\Program Files\jdk23\bin\vcruntime140_1.dll
0x00007ff956f80000 - 0x00007ff95700e000 	E:\Program Files\jdk23\bin\msvcp140.dll
0x00007ff957370000 - 0x00007ff9580bf000 	E:\Program Files\jdk23\bin\server\jvm.dll
0x00007ffb14b50000 - 0x00007ffb14c02000 	C:\Windows\System32\ADVAPI32.dll
0x00007ffb13d40000 - 0x00007ffb13de7000 	C:\Windows\System32\sechost.dll
0x00007ffb12830000 - 0x00007ffb12858000 	C:\Windows\System32\bcrypt.dll
0x00007ffb14980000 - 0x00007ffb14a94000 	C:\Windows\System32\RPCRT4.dll
0x00007ffb14900000 - 0x00007ffb14971000 	C:\Windows\System32\WS2_32.dll
0x00007ffb116c0000 - 0x00007ffb1170d000 	C:\Windows\SYSTEM32\POWRPROF.dll
0x00007ffb0b7e0000 - 0x00007ffb0b814000 	C:\Windows\SYSTEM32\WINMM.dll
0x00007ffb0a1c0000 - 0x00007ffb0a1ca000 	C:\Windows\SYSTEM32\VERSION.dll
0x00007ffb116a0000 - 0x00007ffb116b3000 	C:\Windows\SYSTEM32\UMPDC.dll
0x00007ffb11960000 - 0x00007ffb11978000 	C:\Windows\SYSTEM32\kernel.appcore.dll
0x00007ffac7890000 - 0x00007ffac789a000 	E:\Program Files\jdk23\bin\jimage.dll
0x00007ffb0fbd0000 - 0x00007ffb0fe02000 	C:\Windows\SYSTEM32\DBGHELP.DLL
0x00007ffb14090000 - 0x00007ffb1441f000 	C:\Windows\System32\combase.dll
0x00007ffb13df0000 - 0x00007ffb13ec7000 	C:\Windows\System32\OLEAUT32.dll
0x00007ffad49f0000 - 0x00007ffad4a22000 	C:\Windows\SYSTEM32\dbgcore.DLL
0x00007ffb131d0000 - 0x00007ffb1324b000 	C:\Windows\System32\bcryptPrimitives.dll
0x00007ffad3390000 - 0x00007ffad33cc000 	E:\Program Files\jdk23\bin\jdwp.dll
0x00007ff9572f0000 - 0x00007ff95730e000 	E:\Program Files\jdk23\bin\java.dll
0x00007ffb13ee0000 - 0x00007ffb14085000 	C:\Windows\System32\ole32.dll
0x00007ffb13480000 - 0x00007ffb13cf6000 	C:\Windows\System32\SHELL32.dll
0x00007ffb10780000 - 0x00007ffb11083000 	C:\Windows\SYSTEM32\windows.storage.dll
0x00007ffb10640000 - 0x00007ffb1077f000 	C:\Windows\SYSTEM32\wintypes.dll
0x00007ffb144b0000 - 0x00007ffb145a9000 	C:\Windows\System32\SHCORE.dll
0x00007ffb13420000 - 0x00007ffb1347e000 	C:\Windows\System32\shlwapi.dll
0x00007ffb12760000 - 0x00007ffb1278b000 	C:\Windows\SYSTEM32\profapi.dll
0x00007ff9571e0000 - 0x00007ff9572b7000 	E:\Program Files\jdk23\bin\jsvml.dll
0x00007ffaefef0000 - 0x00007ffaefefc000 	E:\Program Files\jdk23\bin\dt_socket.dll
0x00007ffb11360000 - 0x00007ffb1138d000 	C:\Windows\SYSTEM32\IPHLPAPI.DLL
0x00007ffb11de0000 - 0x00007ffb11e49000 	C:\Windows\system32\mswsock.dll
0x00007ffb113d0000 - 0x00007ffb114d2000 	C:\Windows\SYSTEM32\DNSAPI.dll
0x00007ffb14820000 - 0x00007ffb14829000 	C:\Windows\System32\NSI.dll
0x00007ffb0a0e0000 - 0x00007ffb0a0ea000 	C:\Windows\System32\rasadhlp.dll
0x00007ffb0aad0000 - 0x00007ffb0ab53000 	C:\Windows\System32\fwpuclnt.dll
0x00007ffac70c0000 - 0x00007ffac70d0000 	E:\Program Files\jdk23\bin\net.dll
0x00007ff9571c0000 - 0x00007ff9571d6000 	E:\Program Files\jdk23\bin\nio.dll
0x00007ff9571a0000 - 0x00007ff9571b7000 	E:\Program Files\jdk23\bin\zip.dll
0x00007ff957010000 - 0x00007ff95719e000 	E:\Program Files\jdk23\bin\awt.dll
0x00007ffb0dfd0000 - 0x00007ffb0e067000 	C:\Windows\SYSTEM32\apphelp.dll
0x00007ffb0f7f0000 - 0x00007ffb0f8a1000 	C:\Windows\system32\uxtheme.dll
0x00007ffb150c0000 - 0x00007ffb15220000 	C:\Windows\System32\MSCTF.dll
0x00007ffb0fa40000 - 0x00007ffb0fa6b000 	C:\Windows\system32\DWMAPI.DLL
0x00007ffabf7b0000 - 0x00007ffabf8b0000 	C:\Windows\system32\opengl32.dll
0x00007ffabf780000 - 0x00007ffabf7ad000 	C:\Windows\SYSTEM32\GLU32.dll
0x00007ffb0fab0000 - 0x00007ffb0fae7000 	C:\Windows\SYSTEM32\dxcore.dll
0x00007ffb12090000 - 0x00007ffb120a2000 	C:\Windows\SYSTEM32\msasn1.dll
0x00007ffb082f0000 - 0x00007ffb08322000 	C:\Windows\SYSTEM32\cryptnet.dll
0x00007ffb12890000 - 0x00007ffb129f6000 	C:\Windows\System32\CRYPT32.dll
0x00007ffb12050000 - 0x00007ffb1205c000 	C:\Windows\SYSTEM32\cryptbase.dll
0x00007ffb12100000 - 0x00007ffb12149000 	C:\Windows\SYSTEM32\wldp.dll
0x00007ffb077e0000 - 0x00007ffb07942000 	C:\Windows\SYSTEM32\drvstore.dll
0x00007ffb124f0000 - 0x00007ffb1251c000 	C:\Windows\SYSTEM32\devobj.dll
0x00007ffb12520000 - 0x00007ffb1256e000 	C:\Windows\SYSTEM32\cfgmgr32.dll
0x00007ffb13160000 - 0x00007ffb131cc000 	C:\Windows\System32\wintrust.dll
0x00007ffb150a0000 - 0x00007ffb150bf000 	C:\Windows\System32\imagehlp.dll
0x00007ffb12030000 - 0x00007ffb1204b000 	C:\Windows\SYSTEM32\CRYPTSP.dll
0x00007ffb118c0000 - 0x00007ffb118f5000 	C:\Windows\system32\rsaenh.dll
0x00007ffb00a80000 - 0x00007ffb03790000 	C:\Windows\System32\DriverStore\FileRepository\nv_dispi.inf_amd64_adf5a840df867035\nvgpucomp64.dll
0x00007ffb05760000 - 0x00007ffb05a5b000 	C:\Windows\system32\nvspcap64.dll
0x00007ffb11a70000 - 0x00007ffb11aa4000 	C:\Windows\SYSTEM32\ntmarta.dll
0x00007ffb11e70000 - 0x00007ffb11e96000 	C:\Windows\SYSTEM32\gpapi.dll
0x00007ffb054c0000 - 0x00007ffb05615000 	C:\Windows\System32\DriverStore\FileRepository\nv_dispi.inf_amd64_adf5a840df867035\nvppex.dll
0x00007ffaed490000 - 0x00007ffaed499000 	E:\Program Files\jdk23\bin\prefs.dll
0x00007ff955ef0000 - 0x00007ff955f77000 	E:\Program Files\jdk23\bin\freetype.dll
0x00007ff955b30000 - 0x00007ff955c07000 	E:\Program Files\jdk23\bin\fontmanager.dll
0x00007ffaefb50000 - 0x00007ffaefc95000 	C:\Windows\SYSTEM32\textinputframework.dll
0x00007ffb0da30000 - 0x00007ffb0db63000 	C:\Windows\SYSTEM32\CoreMessaging.dll
0x00007ffb09bf0000 - 0x00007ffb09f5d000 	C:\Windows\SYSTEM32\CoreUIComponents.dll
0x00007ffa914a0000 - 0x00007ffa916fd000 	E:\CSProject2024\bulletjme.dll
0x00007ffad2870000 - 0x00007ffad28d4000 	C:\Users\Tsawke\AppData\Local\Temp\lwjglTsawke\3.2.3-build-13\lwjgl.dll
0x00007ffa44630000 - 0x00007ffa44883000 	C:\Users\Tsawke\AppData\Local\Temp\lwjglTsawke\3.2.3-build-13\jemalloc.dll
0x00007ffacedd0000 - 0x00007ffacee32000 	C:\Users\Tsawke\AppData\Local\Temp\lwjglTsawke\3.2.3-build-13\glfw.dll
0x00007ffa80090000 - 0x00007ffa800d6000 	C:\Windows\SYSTEM32\dinput8.dll
0x00007ffaed380000 - 0x00007ffaed391000 	C:\Windows\SYSTEM32\xinput1_4.dll
0x00007ffaed9c0000 - 0x00007ffaedbd3000 	C:\Windows\SYSTEM32\inputhost.dll
0x00007ffb11090000 - 0x00007ffb1109e000 	C:\Windows\SYSTEM32\HID.DLL
0x00007ffb14c20000 - 0x00007ffb15094000 	C:\Windows\System32\SETUPAPI.DLL
0x00007ffb145b0000 - 0x00007ffb14660000 	C:\Windows\System32\clbcatq.dll
0x00007ffb0e480000 - 0x00007ffb0e5c4000 	C:\Windows\System32\AppXDeploymentClient.dll
0x00007ffa5be40000 - 0x00007ffa5e478000 	C:\Windows\System32\DriverStore\FileRepository\nv_dispi.inf_amd64_adf5a840df867035\nvoglv64.dll
0x00007ffb11710000 - 0x00007ffb11724000 	C:\Windows\SYSTEM32\WTSAPI32.dll
0x00007ffb112e0000 - 0x00007ffb11346000 	C:\Windows\SYSTEM32\WINSTA.dll
0x00007ffac7eb0000 - 0x00007ffac7f09000 	C:\Users\Tsawke\AppData\Local\Temp\lwjglTsawke\3.2.3-build-13\lwjgl_opengl.dll
0x00007ffac7ac0000 - 0x00007ffac7bcb000 	C:\Users\Tsawke\AppData\Local\Temp\lwjglTsawke\3.2.3-build-13\OpenAL.dll
0x00007ffb03d30000 - 0x00007ffb03dce000 	C:\Windows\System32\MMDevApi.dll
0x00007ffb04680000 - 0x00007ffb0486d000 	C:\Windows\SYSTEM32\AUDIOSES.DLL
0x00007ffb10320000 - 0x00007ffb10335000 	C:\Windows\SYSTEM32\resourcepolicyclient.dll
0x00007ffaec680000 - 0x00007ffaec6ae000 	E:\Program Files\jdk23\bin\javajpeg.dll

dbghelp: loaded successfully - version: 4.0.5 - missing functions: none
symbol engine: initialized successfully - sym options: 0x614 - pdb path: .;E:\Program Files\jdk23\bin;C:\Windows\SYSTEM32;C:\Windows\WinSxS\amd64_microsoft.windows.common-controls_6595b64144ccf1df_6.0.22621.4391_none_2715d37f73803e96;E:\Program Files\jdk23\bin\server;C:\Windows\System32\DriverStore\FileRepository\nv_dispi.inf_amd64_adf5a840df867035;E:\CSProject2024;C:\Users\Tsawke\AppData\Local\Temp\lwjglTsawke\3.2.3-build-13

VM Arguments:
jvm_args: -agentlib:jdwp=transport=dt_socket,server=n,suspend=y,address=localhost:5946 -XX:+ShowCodeDetailsInExceptionMessages 
java_command: com.csproject.jMEMain
java_class_path (initial): E:\CSProject2024\csproject\target\classes;C:\Users\Tsawke\.m2\repository\com\formdev\flatlaf\3.5.2\flatlaf-3.5.2.jar;C:\Users\Tsawke\.m2\repository\org\apache\commons\commons-lang3\3.12.0\commons-lang3-3.12.0.jar;C:\Users\Tsawke\.m2\repository\com\h2database\h2\1.4.200\h2-1.4.200.jar;C:\Users\Tsawke\.m2\repository\junit\junit\4.12\junit-4.12.jar;C:\Users\Tsawke\.m2\repository\org\hamcrest\hamcrest-core\1.3\hamcrest-core-1.3.jar;C:\Users\Tsawke\.m2\repository\org\junit\jupiter\junit-jupiter\5.9.3\junit-jupiter-5.9.3.jar;C:\Users\Tsawke\.m2\repository\org\junit\jupiter\junit-jupiter-api\5.9.3\junit-jupiter-api-5.9.3.jar;C:\Users\Tsawke\.m2\repository\org\opentest4j\opentest4j\1.2.0\opentest4j-1.2.0.jar;C:\Users\Tsawke\.m2\repository\org\junit\platform\junit-platform-commons\1.9.3\junit-platform-commons-1.9.3.jar;C:\Users\Tsawke\.m2\repository\org\apiguardian\apiguardian-api\1.1.2\apiguardian-api-1.1.2.jar;C:\Users\Tsawke\.m2\repository\org\junit\jupiter\junit-jupiter-params\5.9.3\junit-jupiter-params-5.9.3.jar;C:\Users\Tsawke\.m2\repository\org\junit\jupiter\junit-jupiter-engine\5.9.3\junit-jupiter-engine-5.9.3.jar;C:\Users\Tsawke\.m2\repository\org\junit\platform\junit-platform-engine\1.9.3\junit-platform-engine-1.9.3.jar;C:\Users\Tsawke\.m2\repository\commons-codec\commons-codec\1.15\commons-codec-1.15.jar;C:\Users\Tsawke\.m2\repository\org\jmonkeyengine\jme3-core\3.3.0-stable\jme3-core-3.3.0-stable.jar;C:\Users\Tsawke\.m2\repository\org\jmonkeyengine\jme3-desktop\3.3.0-stable\jme3-desktop-3.3.0-stable.jar;C:\Users\Tsawke\.m2\repository\org\jmonkeyengine\jme3-lwjgl3\3.3.0-stable\jme3-lwjgl3-3.3.0-stable.jar;C:\Users\Tsawke\.m2\repository\org\lwjgl\lwjgl\3.2.3\lwjgl-3.2.3.jar;C:\Users\Tsawke\.m2\repository\org\lwjgl\lwjgl-glfw\3.2.3\lwjgl-glfw-3.2.3.jar;C:\Users\Tsawke\.m2\repository\org\lwjgl\lwjgl-jemalloc\3.2.3\lwjgl-jemalloc-3.2.3.jar;C:\Users\Tsawke\.m2\repository\org\lwjgl\lwjgl-openal\3.2.3\lwjgl-openal-3.2.3.jar;C:\Users\Tsawke\.m2\repository\org\lwjgl\lwjgl-opencl\3.2.3\lwjgl-opencl-3.2.3.jar;C:\Users\Tsawke\.m2\repository\org\lwjgl\lwjgl-opengl\3.2.3\lwjgl-opengl-3.2.3.jar;C:\Users\Tsawke\.m2\repository\org\lwjgl\lwjgl\3.2.3\lwjgl-3.2.3-natives-windows.jar;C:\Users\Tsawke\.m2\repository\org\lwjgl\lwjgl\3.2.3\lwjgl-3.2.3-natives-linux.jar;C:\Users\Tsawke\.m2\repository\org\lwjgl\lwjgl\3.2.3\lwjgl-3.2.3-natives-macos.jar;C:\Users\Tsawke\.m2\repository\org\lwjgl\lwjgl-glfw\3.2.3\lwjgl-glfw-3.2.3-natives-windows.jar;C:\Users\Tsawke\.m2\repository\org\lwjgl\lwjgl-glfw\3.2.3\lwjgl-glfw-3.2.3-natives-linux.jar;C:\Users\Tsawke\.m2\repository\org\lwjgl\lwjgl-glfw\3.2.3\lwjgl-glfw-3.2.3-natives-macos.jar;C:\Users\Tsawke\.m2\repository\org\lwjgl\lwjgl-jemalloc\3.2.3\lwjgl-jemalloc-3.2.3-natives-windows.jar;C:\Users\Tsawke\.m2\repository\org\lwjgl\lwjgl-jemalloc\3.2.3\lwjgl-jemalloc-3.2.3-natives-linux.jar;C:\Users\Tsawke\.m2\repository\org\lwjgl\lwjgl-jemalloc\3.2.3\lwjgl-jemalloc-3.2.3-natives-macos.jar;C:\Users\Tsawke\.m2\repository\org\lwjgl\lwjgl-opengl\3.2.3\lwjgl-opengl-3.2.3-natives-windows.jar;C:\Users\Tsawke\.m2\repository\org\lwjgl\lwjgl-opengl\3.2.3\lwjgl-opengl-3.2.3-natives-linux.jar;C:\Users\Tsawke\.m2\repository\org\lwjgl\lwjgl-opengl\3.2.3\lwjgl-opengl-3.2.3-natives-macos.jar;C:\Users\Tsawke\.m2\repository\org\lwjgl\lwjgl-openal\3.2.3\lwjgl-openal-3.2.3-natives-windows.jar;C:\Users\Tsawke\.m2\repository\org\lwjgl\lwjgl-openal\3.2.3\lwjgl-openal-3.2.3-natives-linux.jar;C:\Users\Tsawke\.m2\repository\org\lwjgl\lwjgl-openal\3.2.3\lwjgl-openal-3.2.3-natives-macos.jar;C:\Users\Tsawke\.m2\repository\org\jmonkeyengine\jme3-effects\3.3.0-stable\jme3-effects-3.3.0-stable.jar;C:\Users\Tsawke\.m2\repository\org\jmonkeyengine\jme3-blender\3.3.0-stable\jme3-blender-3.3.0-stable.jar;C:\Users\Tsawke\.m2\repository\org\ejml\core\0.27\core-0.27.jar;C:\Users\Tsawke\.m2\repository\org\ejml\dense64\0.27\dense64-0.27.jar;C:\Users\Tsawke\.m2\repository\org\ejml\simple\0.27\simple-0.27.jar;C:\Users\Tsawke\.m2\repository\org\ejml\denseC64\0.27\denseC64-0.27.jar;C:\Users\Tsawke\.m2\repository\org\jmonkeyengine\jme3-plugins\3.3.0-stable\jme3-plugins-3.3.0-stable.jar;C:\Users\Tsawke\.m2\repository\com\google\code\gson\gson\2.8.1\gson-2.8.1.jar;C:\Users\Tsawke\.m2\repository\org\jmonkeyengine\jme3-jogg\3.3.0-stable\jme3-jogg-3.3.0-stable.jar;C:\Users\Tsawke\.m2\repository\de\jarnbjo\j-ogg-all\1.0.0\j-ogg-all-1.0.0.jar;C:\Users\Tsawke\.m2\repository\org\jmonkeyengine\jme3-niftygui\3.3.0-stable\jme3-niftygui-3.3.0-stable.jar;C:\Users\Tsawke\.m2\repository\com\github\nifty-gui\nifty\1.4.3\nifty-1.4.3.jar;C:\Users\Tsawke\.m2\repository\xpp3\xpp3\1.1.4c\xpp3-1.1.4c.jar;C:\Users\Tsawke\.m2\repository\com\google\code\findbugs\jsr305\2.0.2\jsr305-2.0.2.jar;C:\Users\Tsawke\.m2\repository\com\github\nifty-gui\nifty-default-controls\1.4.3\nifty-default-controls-1.4.3.jar;C:\Users\Tsawke\.m2\repository\com\github\nifty-gui\nifty-style-black\1.4.3\nifty-style-black-1.4.3.jar;C:\Users\Tsawke\.m2\repository\org\jmonkeyengine\jme3-terrain\3.3.0-stable\jme3-terrain-3.3.0-stable.jar;C:\Users\Tsawke\.m2\repository\org\jmonkeyengine\jme3-networking\3.3.0-stable\jme3-networking-3.3.0-stable.jar;C:\Users\Tsawke\.m2\repository\org\jmonkeyengine\jme3-bullet\3.3.0-stable\jme3-bullet-3.3.0-stable.jar;C:\Users\Tsawke\.m2\repository\org\jmonkeyengine\jme3-bullet-native\3.3.0-stable\jme3-bullet-native-3.3.0-stable.jar;C:\Users\Tsawke\.m2\repository\org\jmonkeyengine\jme3-bullet-native-android\3.3.0-stable\jme3-bullet-native-android-3.3.0-stable.jar;C:\Users\Tsawke\.m2\repository\org\jmonkeyengine\jme3-jogl\3.3.0-stable\jme3-jogl-3.3.0-stable.jar;C:\Users\Tsawke\.m2\repository\org\jogamp\gluegen\gluegen-rt-main\2.3.2\gluegen-rt-main-2.3.2.jar;C:\Users\Tsawke\.m2\repository\org\jogamp\gluegen\gluegen-rt\2.3.2\gluegen-rt-2.3.2.jar;C:\Users\Tsawke\.m2\repository\org\jogamp\gluegen\gluegen-rt\2.3.2\gluegen-rt-2.3.2-natives-android-aarch64.jar;C:\Users\Tsawke\.m2\repository\org\jogamp\gluegen\gluegen-rt\2.3.2\gluegen-rt-2.3.2-natives-android-armv6.jar;C:\Users\Tsawke\.m2\repository\org\jogamp\gluegen\gluegen-rt\2.3.2\gluegen-rt-2.3.2-natives-linux-amd64.jar;C:\Users\Tsawke\.m2\repository\org\jogamp\gluegen\gluegen-rt\2.3.2\gluegen-rt-2.3.2-natives-linux-armv6.jar;C:\Users\Tsawke\.m2\repository\org\jogamp\gluegen\gluegen-rt\2.3.2\gluegen-rt-2.3.2-natives-linux-armv6hf.jar;C:\Users\Tsawke\.m2\repository\org\jogamp\gluegen\gluegen-rt\2.3.2\gluegen-rt-2.3.2-natives-linux-i586.jar;C:\Users\Tsawke\.m2\repository\org\jogamp\gluegen\gluegen-rt\2.3.2\gluegen-rt-2.3.2-natives-macosx-universal.jar;C:\Users\Tsawke\.m2\repository\org\jogamp\gluegen\gluegen-rt\2.3.2\gluegen-rt-2.3.2-natives-solaris-amd64.jar;C:\Users\Tsawke\.m2\repository\org\jogamp\gluegen\gluegen-rt\2.3.2\gluegen-rt-2.3.2-natives-solaris-i586.jar;C:\Users\Tsawke\.m2\repository\org\jogamp\gluegen\gluegen-rt\2.3.2\gluegen-rt-2.3.2-natives-windows-amd64.jar;C:\Users\Tsawke\.m2\repository\org\jogamp\gluegen\gluegen-rt\2.3.2\gluegen-rt-2.3.2-natives-windows-i586.jar;C:\Users\Tsawke\.m2\repository\org\jogamp\jogl\jogl-all-main\2.3.2\jogl-all-main-2.3.2.jar;C:\Users\Tsawke\.m2\repository\org\jogamp\jogl\jogl-all\2.3.2\jogl-all-2.3.2.jar;C:\Users\Tsawke\.m2\repository\org\jogamp\jogl\jogl-all\2.3.2\jogl-all-2.3.2-natives-android-aarch64.jar;C:\Users\Tsawke\.m2\repository\org\jogamp\jogl\jogl-all\2.3.2\jogl-all-2.3.2-natives-android-armv6.jar;C:\Users\Tsawke\.m2\repository\org\jogamp\jogl\jogl-all\2.3.2\jogl-all-2.3.2-natives-linux-amd64.jar;C:\Users\Tsawke\.m2\repository\org\jogamp\jogl\jogl-all\2.3.2\jogl-all-2.3.2-natives-linux-armv6.jar;C:\Users\Tsawke\.m2\repository\org\jogamp\jogl\jogl-all\2.3.2\jogl-all-2.3.2-natives-linux-armv6hf.jar;C:\Users\Tsawke\.m2\repository\org\jogamp\jogl\jogl-all\2.3.2\jogl-all-2.3.2-natives-linux-i586.jar;C:\Users\Tsawke\.m2\repository\org\jogamp\jogl\jogl-all\2.3.2\jogl-all-2.3.2-natives-macosx-universal.jar;C:\Users\Tsawke\.m2\repository\org\jogamp\jogl\jogl-all\2.3.2\jogl-all-2.3.2-natives-solaris-amd64.jar;C:\Users\Tsawke\.m2\repository\org\jogamp\jogl\jogl-all\2.3.2\jogl-all-2.3.2-natives-solaris-i586.jar;C:\Users\Tsawke\.m2\repository\org\jogamp\jogl\jogl-all\2.3.2\jogl-all-2.3.2-natives-windows-amd64.jar;C:\Users\Tsawke\.m2\repository\org\jogamp\jogl\jogl-all\2.3.2\jogl-all-2.3.2-natives-windows-i586.jar;C:\Users\Tsawke\.m2\repository\org\jogamp\joal\joal-main\2.3.2\joal-main-2.3.2.jar;C:\Users\Tsawke\.m2\repository\org\jogamp\joal\joal\2.3.2\joal-2.3.2.jar;C:\Users\Tsawke\.m2\repository\org\jogamp\joal\joal\2.3.2\joal-2.3.2-natives-android-aarch64.jar;C:\Users\Tsawke\.m2\repository\org\jogamp\joal\joal\2.3.2\joal-2.3.2-natives-android-armv6.jar;C:\Users\Tsawke\.m2\repository\org\jogamp\joal\joal\2.3.2\joal-2.3.2-natives-linux-amd64.jar;C:\Users\Tsawke\.m2\repository\org\jogamp\joal\joal\2.3.2\joal-2.3.2-natives-linux-armv6.jar;C:\Users\Tsawke\.m2\repository\org\jogamp\joal\joal\2.3.2\joal-2.3.2-natives-linux-armv6hf.jar;C:\Users\Tsawke\.m2\repository\org\jogamp\joal\joal\2.3.2\joal-2.3.2-natives-linux-i586.jar;C:\Users\Tsawke\.m2\repository\org\jogamp\joal\joal\2.3.2\joal-2.3.2-natives-macosx-universal.jar;C:\Users\Tsawke\.m2\repository\org\jogamp\joal\joal\2.3.2\joal-2.3.2-natives-solaris-amd64.jar;C:\Users\Tsawke\.m2\repository\org\jogamp\joal\joal\2.3.2\joal-2.3.2-natives-solaris-i586.jar;C:\Users\Tsawke\.m2\repository\org\jogamp\joal\joal\2.3.2\joal-2.3.2-natives-windows-amd64.jar;C:\Users\Tsawke\.m2\repository\org\jogamp\joal\joal\2.3.2\joal-2.3.2-natives-windows-i586.jar;C:\Users\Tsawke\.m2\repository\org\jogamp\jocl\jocl-main\2.3.2\jocl-main-2.3.2.jar;C:\Users\Tsawke\.m2\repository\org\jogamp\jocl\jocl\2.3.2\jocl-2.3.2.jar;C:\Users\Tsawke\.m2\repository\org\jogamp\jocl\jocl\2.3.2\jocl-2.3.2-natives-android-aarch64.jar;C:\Users\Tsawke\.m2\repository\org\jogamp\jocl\jocl\2.3.2\jocl-2.3.2-natives-android-armv6.jar;C:\Users\Tsawke\.m2\repository\org\jogamp\jocl\jocl\2.3.2\jocl-2.3.2-natives-linux-amd64.jar;C:\Users\Tsawke\.m2\repository\org\jogamp\jocl\jocl\2.3.2\jocl-2.3.2-natives-linux-armv6.jar;C:\Users\Tsawke\.m2\repository\org\jogamp\jocl\jocl\2.3.2\jocl-2.3.2-natives-linux-armv6hf.jar;C:\Users\Tsawke\.m2\repository\org\jogamp\jocl\jocl\2.3.2\jocl-2.3.2-natives-linux-i586.jar;C:\Users\Tsawke\.m2\repository\org\jogamp\jocl\jocl\2.3.2\jocl-2.3.2-natives-macosx-universal.jar;C:\Users\Tsawke\.m2\repository\org\jogamp\jocl\jocl\2.3.2\jocl-2.3.2-natives-solaris-amd64.jar;C:\Users\Tsawke\.m2\repository\org\jogamp\jocl\jocl\2.3.2\jocl-2.3.2-natives-solaris-i586.jar;C:\Users\Tsawke\.m2\repository\org\jogamp\jocl\jocl\2.3.2\jocl-2.3.2-natives-windows-amd64.jar;C:\Users\Tsawke\.m2\repository\org\jogamp\jocl\jocl\2.3.2\jocl-2.3.2-natives-windows-i586.jar;C:\Users\Tsawke\.m2\repository\org\jmonkeyengine\jme3-android\3.3.0-stable\jme3-android-3.3.0-stable.jar;C:\Users\Tsawke\.m2\repository\org\jmonkeyengine\jme3-android-native\3.3.0-stable\jme3-android-native-3.3.0-stable.jar;C:\Users\Tsawke\.m2\repository\org\jmonkeyengine\jme3-ios\3.3.0-stable\jme3-ios-3.3.0-stable.jar;C:\Users\Tsawke\.m2\repository\org\jmonkeyengine\jme3-vr\3.3.0-stable\jme3-vr-3.3.0-stable.jar;C:\Users\Tsawke\.m2\repository\net\java\dev\jna\jna\4.3.0\jna-4.3.0.jar;C:\Users\Tsawke\.m2\repository\com\nativelibs4java\jnaerator-runtime\0.12\jnaerator-runtime-0.12.jar;C:\Users\Tsawke\.m2\repository\com\nativelibs4java\ochafik-util\0.12\ochafik-util-0.12.jar;C:\Users\Tsawke\.m2\repository\org\lwjgl\lwjgl-ovr\3.2.3\lwjgl-ovr-3.2.3.jar;C:\Users\Tsawke\.m2\repository\org\lwjgl\lwjgl-openvr\3.2.3\lwjgl-openvr-3.2.3.jar;C:\Users\Tsawke\.m2\repository\org\lwjgl\lwjgl-openvr\3.2.3\lwjgl-openvr-3.2.3-natives-linux.jar;C:\Users\Tsawke\.m2\repository\org\lwjgl\lwjgl-openvr\3.2.3\lwjgl-openvr-3.2.3-natives-macos.jar;C:\Users\Tsawke\.m2\repository\org\lwjgl\lwjgl-ovr\3.2.3\lwjgl-ovr-3.2.3-natives-windows.jar;C:\Users\Tsawke\.m2\repository\org\lwjgl\lwjgl-openvr\3.2.3\lwjgl-openvr-3.2.3-natives-windows.jar
Launcher Type: SUN_STANDARD

[Global flags]
     intx CICompilerCount                          = 12                                        {product} {ergonomic}
     uint ConcGCThreads                            = 5                                         {product} {ergonomic}
     uint G1ConcRefinementThreads                  = 20                                        {product} {ergonomic}
   size_t G1HeapRegionSize                         = 8388608                                   {product} {ergonomic}
   size_t InitialHeapSize                          = 1073741824                                {product} {ergonomic}
   size_t MarkStackSize                            = 4194304                                   {product} {ergonomic}
   size_t MarkStackSizeMax                         = 536870912                                 {product} {ergonomic}
   size_t MaxHeapSize                              = 17112760320                               {product} {ergonomic}
   size_t MaxNewSize                               = 10267656192                               {product} {ergonomic}
   size_t MinHeapDeltaBytes                        = 8388608                                   {product} {ergonomic}
   size_t MinHeapSize                              = 8388608                                   {product} {ergonomic}
    uintx NonNMethodCodeHeapSize                   = 7602176                                {pd product} {ergonomic}
    uintx NonProfiledCodeHeapSize                  = 122093568                              {pd product} {ergonomic}
    uintx ProfiledCodeHeapSize                     = 121962496                              {pd product} {ergonomic}
    uintx ReservedCodeCacheSize                    = 251658240                              {pd product} {ergonomic}
     bool SegmentedCodeCache                       = true                                      {product} {ergonomic}
     bool ShowCodeDetailsInExceptionMessages       = true                                   {manageable} {command line}
   size_t SoftMaxHeapSize                          = 17112760320                            {manageable} {ergonomic}
     bool UseCompressedOops                        = true                           {product lp64_product} {ergonomic}
     bool UseG1GC                                  = true                                      {product} {ergonomic}
     bool UseLargePagesIndividualAllocation        = false                                  {pd product} {ergonomic}

Logging:
Log output configuration:
 #0: stdout all=warning uptime,level,tags foldmultilines=false
 #1: stderr all=off uptime,level,tags foldmultilines=false

Environment Variables:
JAVA_HOME=E:\Program Files\jdk23
CLASSPATH=.;E:\Program Files\jdk23\lib\dt.jar;E:\Program Files\jdk23\lib\tools.jar
PATH=C:\Program Files\Common Files\Oracle\Java\javapath;E:\Program Files\Python313\Scripts\;E:\Program Files\Python313\;C:\Program Files (x86)\Common Files\Intel\Shared Libraries\redist\intel64\compiler;E:\Program Files\python312\Scripts\;E:\Program Files\python312\;C:\Windows\system32;C:\Windows;C:\Windows\System32\Wbem;C:\Windows\System32\WindowsPowerShell\v1.0\;C:\Windows\System32\OpenSSH\;C:\Program Files (x86)\NVIDIA Corporation\PhysX\Common;C:\Program Files\dotnet\;E:\Program Files\Bandzip\Bandizip;%Python_HOME%;C:\Pro;ramData\chocolatey\bin;E:\Program Files\nodejs;E:\Program Files\nodejs\node_global;E:\Program Files\nodejs\node_cache;E:\Program Files\nodejs\;E:\Program Files\Git\cmd;E:\Program Files\微信web开发者工具\dll;C:\Program Files (x86)\Microsoft SQL Server\160\Tools\Binn\;C:\Program Files\Microsoft SQL Server\160\Tools\Binn\;C:\Program Files\Microsoft SQL Server\Client SDK\ODBC\170\Tools\Binn\;C:\Program Files\Microsoft SQL Server\160\DTS\Binn\;C:\Program Files (x86)\Windows Kits\8.1\Windows Performance Toolkit\;E:\Program Files\jdk23\bin;E:\Program Files\jdk23\jre\bin;E:\Program Files\apache-maven-3.9.9\bin;C:\Program Files\Common Files\Autodesk Shared\;C:\Program Files\NVIDIA Corporation\NVIDIA app\NvDLISR;C:\Users\Tsawke\AppData\Local\Microsoft\WindowsApps;C:\Users\Tsawke\AppData\Local\Programs\Microsoft VS Code\bin;E:\Program Files\nodejs\node_global;;E:\Program Files\IntelliJ IDEA 2024.1\bin;
USERNAME=Tsawke
LANG=en_US.UTF-8
OS=Windows_NT
PROCESSOR_IDENTIFIER=Intel64 Family 6 Model 183 Stepping 1, GenuineIntel
TMP=C:\Users\Tsawke\AppData\Local\Temp
TEMP=C:\Users\Tsawke\AppData\Local\Temp




Periodic native trim disabled

---------------  S Y S T E M  ---------------

OS:
 Windows 11 , 64 bit Build 22621 (10.0.22621.4391)
OS uptime: 1 days 4:43 hours

CPU: total 28 (initial active 28) (14 cores per cpu, 2 threads per core) family 6 model 183 stepping 1 microcode 0x123, cx8, cmov, fxsr, ht, mmx, 3dnowpref, sse, sse2, sse3, ssse3, sse4.1, sse4.2, popcnt, lzcnt, tsc, tscinvbit, avx, avx2, aes, erms, clmul, bmi1, bmi2, adx, sha, fma, vzeroupper, clflush, clflushopt, clwb, serialize, rdtscp, rdpid, fsrm, gfni, f16c, pku, cet_ibt, cet_ss
Processor Information for the first 28 processors :
  Max Mhz: 3400, Current Mhz: 3400, Mhz Limit: 3400

Memory: 4k page, system-wide physical 65277M (45171M free)
TotalPageFile size 69373M (AvailPageFile size 36812M)
current process WorkingSet (physical memory assigned to process): 392M, peak: 442M
current process commit charge ("private bytes"): 941M, peak: 1274M

vm_info: Java HotSpot(TM) 64-Bit Server VM (23.0.1+11-39) for windows-amd64 JRE (23.0.1+11-39), built on 2024-09-30T07:20:43Z with MS VC++ 17.6 (VS2022)

END.
