#
# A fatal error has been detected by the Java Runtime Environment:
#
#  EXCEPTION_ACCESS_VIOLATION (0xc0000005) at pc=0x0000000000000000, pid=26372, tid=38308
#
# JRE version: Java(TM) SE Runtime Environment (23.0.1+11) (build 23.0.1+11-39)
# Java VM: Java HotSpot(TM) 64-Bit Server VM (23.0.1+11-39, mixed mode, sharing, tiered, compressed oops, compressed class ptrs, g1 gc, windows-amd64)
# Problematic frame:
# C  [jdwp.dll+0x161f3]
#
# No core dump will be written. Minidumps are not enabled by default on client versions of Windows
#
# If you would like to submit a bug report, please visit:
#   https://bugreport.java.com/bugreport/crash.jsp
# The crash happened outside the Java Virtual Machine in native code.
# See problematic frame for where to report the bug.
#

---------------  S U M M A R Y ------------

Command Line: -agentlib:jdwp=transport=dt_socket,server=n,suspend=y,address=localhost:6485 -XX:+ShowCodeDetailsInExceptionMessages com.csproject.jMEMain

Host: Intel(R) Core(TM) i7-14700K, 28 cores, 63G,  Windows 11 , 64 bit Build 22621 (10.0.22621.4391)
Time: Fri Dec  6 02:14:06 2024  Windows 11 , 64 bit Build 22621 (10.0.22621.4391) elapsed time: 26.817816 seconds (0d 0h 0m 26s)

---------------  T H R E A D  ---------------

Current thread (0x0000020eaaa8e580):  JavaThread "main"             [_thread_in_native, id=38308, stack(0x0000003a17700000,0x0000003a17800000) (1024K)]

Stack: [0x0000003a17700000,0x0000003a17800000],  sp=0x0000003a177fe990,  free space=1018k
Native frames: (J=compiled Java code, j=interpreted, Vv=VM code, C=native code)

Java frames: (J=compiled Java code, j=interpreted, Vv=VM code)
j  java.lang.Shutdown.halt0(I)V+0 java.base@23.0.1
j  java.lang.Shutdown.halt(I)V+7 java.base@23.0.1
j  java.lang.Shutdown.exit(I)V+16 java.base@23.0.1
j  java.lang.Runtime.exit(I)V+14 java.base@23.0.1
j  java.lang.System.exit(I)V+4 java.base@23.0.1
j  com.csproject.jMEMain.simpleUpdate(F)V+467
J 4864 c2 com.jme3.system.lwjgl.LwjglWindow.runLoop()V (220 bytes) @ 0x0000020ebd2d0004 [0x0000020ebd2cf460+0x0000000000000ba4]
J 4929% c1 com.jme3.system.lwjgl.LwjglWindow.run()V (95 bytes) @ 0x0000020eb5b400bc [0x0000020eb5b3fd80+0x000000000000033c]
j  com.jme3.system.lwjgl.LwjglWindow.create(Z)V+27
j  com.jme3.app.LegacyApplication.start(Lcom/jme3/system/JmeContext$Type;Z)V+92
j  com.jme3.app.LegacyApplication.start()V+5
j  com.jme3.app.SimpleApplication.start()V+51
j  com.csproject.jMEMain.main([Ljava/lang/String;)V+9
v  ~StubRoutines::call_stub 0x0000020ebc8b0fcd

siginfo: EXCEPTION_ACCESS_VIOLATION (0xc0000005), data execution prevention violation at address 0x0000000000000000


Registers:
RAX=0x0000020f2ef40000, RBX=0x0000020ec5761900, RCX=0x0000020eaaa8e940, RDX=0x0000020ec5761900
RSP=0x0000003a177fe988, RBP=0x00007ffad28d0428, RSI=0x0000003a177fea30, RDI=0x0000020eaaa8e940
R8 =0x0000000000010002, R9 =0x0000000000000000, R10=0x00007ff957350000, R11=0x0000003a177fe958
R12=0x0000000000000006, R13=0x0000020eacd45c40, R14=0x0000000000000000, R15=0x0000000000000000
RIP=0x0000000000000000, EFLAGS=0x0000000000010202


Register to memory mapping:

RAX=0x0000020f2ef40000 points into unknown readable memory: 0x0000000000000000 | 00 00 00 00 00 00 00 00
RBX=0x0000020ec5761900 points into unknown readable memory: 0x0000000404801d00 | 00 1d 80 04 04 00 00 00
RCX=0x0000020eaaa8e940 points into unknown readable memory: 0x0000020f2ef40000 | 00 00 f4 2e 0f 02 00 00
RDX=0x0000020ec5761900 points into unknown readable memory: 0x0000000404801d00 | 00 1d 80 04 04 00 00 00
RSP=0x0000003a177fe988 is pointing into the stack for thread: 0x0000020eaaa8e580
RBP=0x00007ffad28d0428 jdwp.dll
RSI=0x0000003a177fea30 is pointing into the stack for thread: 0x0000020eaaa8e580
RDI=0x0000020eaaa8e940 points into unknown readable memory: 0x0000020f2ef40000 | 00 00 f4 2e 0f 02 00 00
R8 =0x0000000000010002 is an unknown value
R9 =0x0 is null
R10=0x00007ff957350000 VCRUNTIME140.dll
R11=0x0000003a177fe958 is pointing into the stack for thread: 0x0000020eaaa8e580
R12=0x0000000000000006 is an unknown value
R13=0x0000020eacd45c40 points into unknown readable memory: 0x00007ff957f5e8d0 | d0 e8 f5 57 f9 7f 00 00
R14=0x0 is null
R15=0x0 is null

Top of Stack: (sp=0x0000003a177fe988)
0x0000003a177fe988:   00007ffad28b61f3 0000020ec5761900
0x0000003a177fe998:   0000003a177fea30 0000000000000000
0x0000003a177fe9a8:   0000000000000000 0000020edd489290
0x0000003a177fe9b8:   0000020eaaa8e580 0000000000000003
0x0000003a177fe9c8:   0000000000000002 0000020eaaa8eb58
0x0000003a177fe9d8:   00007ffad28b455d 0000020ec5761900
0x0000003a177fe9e8:   00007ffad28d0428 0000020eaaa8e580
0x0000003a177fe9f8:   0000020eaaa8e940 0000000000000000
0x0000003a177fea08:   0000003a177fea10 0000000000000000
0x0000003a177fea18:   00007ffb15583810 0000d4e0416ed184
0x0000003a177fea28:   00000000000095a4 0000000000000006
0x0000003a177fea38:   0000020ec5761900 0000000000000000
0x0000003a177fea48:   0000000000000000 0000000000000000
0x0000003a177fea58:   0000000000000000 0000000000000000
0x0000003a177fea68:   0000000000000000 0000000000000000
0x0000003a177fea78:   0000000000000000 0000000000000000
0x0000003a177fea88:   0000020eaaa8eb58 0000020eaa9b1860
0x0000003a177fea98:   00007ff957910a71 0000000000000000
0x0000003a177feaa8:   0000020f1e2460c0 0000020eaaa8e580
0x0000003a177feab8:   0000020eaaa8e280 0000000000000000
0x0000003a177feac8:   00007ffb12a6f137 0000020eacd0e740
0x0000003a177fead8:   0000020eacd48930 0000020eacd48940
0x0000003a177feae8:   0000020eacd48d18 00000000000003d8
0x0000003a177feaf8:   0000020eaaa8e580 0000020eaaa8e580
0x0000003a177feb08:   0000020eacd0e280 0000020eaa9dbe00
0x0000003a177feb18:   0000020eaa9dbe10 0000020eaa9dbee8
0x0000003a177feb28:   00000000000000d8 0000003a177ff670
0x0000003a177feb38:   00007ff957fe2210 0000000000000020
0x0000003a177feb48:   0000020eaa9cdb60 0000020eaaa8e580
0x0000003a177feb58:   0000003a177feb90 00007ff957fe1200
0x0000003a177feb68:   00007ff957fe2210 0000000000000020
0x0000003a177feb78:   0000020ec55f0010 0000020eaaa8e580 

Instructions: (pc=0x00007ffad28b61f3)
0x00007ffad28b60f3:   2c 41 b8 61 02 00 00 48 8d 0d 97 6e 01 00 48 8b
0x00007ffad28b6103:   d3 e8 7f 50 00 00 41 8b cc e8 33 a0 ff ff 48 8b
0x00007ffad28b6113:   d0 48 8d 0d 55 a4 01 00 e8 10 51 00 00 4c 8b 4e
0x00007ffad28b6123:   28 48 8d 0d 5d a4 01 00 4c 8b 46 20 48 8b 56 08
0x00007ffad28b6133:   e8 0c 0e 01 00 48 8b 05 b1 0f 02 00 f6 80 10 02
0x00007ffad28b6143:   00 00 02 74 28 41 b8 6a 02 00 00 48 8d 0d 6f 62
0x00007ffad28b6153:   01 00 48 8b d3 e8 2b 50 00 00 48 8d 15 54 63 01
0x00007ffad28b6163:   00 48 8d 0d 6d 62 01 00 e8 c0 50 00 00 48 8b 07
0x00007ffad28b6173:   48 8b cf ff 50 78 48 8b 0d 70 0f 02 00 4c 8b f8
0x00007ffad28b6183:   f6 81 10 02 00 00 02 74 28 41 b8 6b 02 00 00 48
0x00007ffad28b6193:   8d 0d 2b 62 01 00 48 8b d3 e8 e7 4f 00 00 48 8d
0x00007ffad28b61a3:   15 48 63 01 00 48 8d 0d 29 62 01 00 e8 7c 50 00
0x00007ffad28b61b3:   00 48 8b 07 48 8b cf ff 90 88 00 00 00 83 3d e5
0x00007ffad28b61c3:   0a 02 00 00 76 0c e8 ce 5b ff ff 83 25 d7 0a 02
0x00007ffad28b61d3:   00 00 48 8b 5e 08 48 85 db 74 4b 48 8b 05 0b 0f
0x00007ffad28b61e3:   02 00 80 78 13 00 74 0b 48 8b cb e8 b5 07 01 00
0x00007ffad28b61f3:   88 46 10 4d 8b c7 48 8b d6 41 8a ce e8 c8 a0 00
0x00007ffad28b6203:   00 48 8b e8 48 85 c0 75 25 48 8b cb e8 c0 44 00
0x00007ffad28b6213:   00 84 c0 0f 84 ea 00 00 00 48 8b d3 41 8a ce e8
0x00007ffad28b6223:   ad 13 00 00 eb e3 e8 0e 0e 00 00 48 8b e8 4c 8b
0x00007ffad28b6233:   cd 44 88 74 24 20 45 8b c4 48 8b d6 48 8b cf e8
0x00007ffad28b6243:   e1 00 00 00 83 3e 14 75 0b 48 8b 05 9d 0e 02 00
0x00007ffad28b6253:   c6 40 10 01 48 85 db 75 08 48 8b cd e8 0c 53 ff
0x00007ffad28b6263:   ff 48 8b 05 85 0e 02 00 4d 85 ff 74 43 f6 80 10
0x00007ffad28b6273:   02 00 00 02 74 2c 41 b8 b3 02 00 00 48 8d 15 a2
0x00007ffad28b6283:   a1 01 00 48 8d 0d 37 61 01 00 e8 f6 4e 00 00 48
0x00007ffad28b6293:   8d 15 e7 7c 01 00 48 8d 0d 38 61 01 00 e8 8b 4f
0x00007ffad28b62a3:   00 00 48 8b 07 49 8b d7 48 8b cf ff 50 68 eb 41
0x00007ffad28b62b3:   f6 80 10 02 00 00 02 74 2c 41 b8 b5 02 00 00 48
0x00007ffad28b62c3:   8d 15 5f a1 01 00 48 8d 0d f4 60 01 00 e8 b3 4e
0x00007ffad28b62d3:   00 00 48 8d 15 14 62 01 00 48 8d 0d f5 60 01 00
0x00007ffad28b62e3:   e8 48 4f 00 00 48 8b 07 48 8b cf ff 90 88 00 00 


Stack slot to memory mapping:

stack at sp + 0 slots: 0x0000020ec5761900 points into unknown readable memory: 0x0000000404801d00 | 00 1d 80 04 04 00 00 00
stack at sp + 1 slots: 0x0000003a177fea30 is pointing into the stack for thread: 0x0000020eaaa8e580
stack at sp + 2 slots: 0x0 is null
stack at sp + 3 slots: 0x0 is null
stack at sp + 4 slots: {method} {0x0000020edd489298} 'initLevel' '(I)V' in 'jdk/internal/misc/VM'
stack at sp + 5 slots: 0x0000020eaaa8e580 is a thread
stack at sp + 6 slots: 0x0000000000000003 is an unknown value
stack at sp + 7 slots: 0x0000000000000002 is an unknown value

Lock stack of current Java thread (top to bottom):
LockStack[1]: java.lang.Shutdown$Lock 
{0x0000000404e41560} - klass: 'java/lang/Shutdown$Lock'
 - ---- fields (total size 2 words):
LockStack[0]: java.lang.Class 
{0x0000000404e2ce00} - klass: 'java/lang/Class'
 - ---- fields (total size 17 words):
 - private volatile transient 'classRedefinedCount' 'I' @12  0 (0x00000000)
 - injected 'klass' 'J' @16  2262862219280 (0x0000020edd194810)
 - injected 'array_klass' 'J' @24  0 (0x0000000000000000)
 - injected 'oop_size' 'I' @32  17 (0x00000011)
 - injected 'static_oop_field_count' 'I' @36  3 (0x00000003)
 - private volatile transient 'cachedConstructor' 'Ljava/lang/reflect/Constructor;' @40  null (0x00000000)
 - private transient 'name' 'Ljava/lang/String;' @44  null (0x00000000)
 - private transient 'module' 'Ljava/lang/Module;' @48  a 'java/lang/Module'{0x0000000404804a48} (0x80900949)
 - private final 'classLoader' 'Ljava/lang/ClassLoader;' @52  null (0x00000000)
 - private transient 'classData' 'Ljava/lang/Object;' @56  null (0x00000000)
 - private transient 'packageName' 'Ljava/lang/String;' @60  null (0x00000000)
 - private final 'componentType' 'Ljava/lang/Class;' @64  null (0x00000000)
 - private volatile transient 'reflectionData' 'Ljava/lang/ref/SoftReference;' @68  null (0x00000000)
 - private volatile transient 'genericInfo' 'Lsun/reflect/generics/repository/ClassRepository;' @72  null (0x00000000)
 - private volatile transient 'enumConstants' '[Ljava/lang/Object;' @76  null (0x00000000)
 - private volatile transient 'enumConstantDirectory' 'Ljava/util/Map;' @80  null (0x00000000)
 - private volatile transient 'annotationData' 'Ljava/lang/Class$AnnotationData;' @84  null (0x00000000)
 - private volatile transient 'annotationType' 'Lsun/reflect/annotation/AnnotationType;' @88  null (0x00000000)
 - transient 'classValueMap' 'Ljava/lang/ClassValue$ClassValueMap;' @92  null (0x00000000)
 - injected 'protection_domain' 'Ljava/lang/Object;' @96  null (0x00000000)
 - injected 'signers_name' 'Ljava/lang/Object;' @100  null (0x00000000)
 - injected 'source_file' 'Ljava/lang/Object;' @104  null (0x00000000)
 - signature: Ljava/lang/Shutdown;
 - ---- static fields (3):
 - private static final 'MAX_SYSTEM_HOOKS' 'I' @124  10 (0x0000000a)
 - private static final 'hooks' '[Ljava/lang/Runnable;' @112  a 'java/lang/Runnable'[10] {0x0000000404db9310} (0x809b7262)
 - private static 'currentRunningHook' 'I' @128  9 (0x00000009)
 - private static 'lock' 'Ljava/lang/Object;' @116  a 'java/lang/Shutdown$Lock'{0x0000000404e41550} (0x809c82aa)
 - private static 'haltLock' 'Ljava/lang/Object;' @120  a 'java/lang/Shutdown$Lock'{0x0000000404e41560} (0x809c82ac)


Compiled method (c2) 26885 4864   !   4       com.jme3.system.lwjgl.LwjglWindow::runLoop (220 bytes)
 total in heap  [0x0000020ebd2ceb88,0x0000020ebd2d6420] = 30872
 relocation     [0x0000020ebd2cec60,0x0000020ebd2cf428] = 1992
 constants      [0x0000020ebd2cf440,0x0000020ebd2cf460] = 32
 main code      [0x0000020ebd2cf460,0x0000020ebd2d5c38] = 26584
 stub code      [0x0000020ebd2d5c38,0x0000020ebd2d5e40] = 520
 oops           [0x0000020ebd2d5e40,0x0000020ebd2d5e98] = 88
 metadata       [0x0000020ebd2d5e98,0x0000020ebd2d6420] = 1416
 immutable data [0x0000020f35ed65e0,0x0000020f35eda090] = 15024
 dependencies   [0x0000020f35ed65e0,0x0000020f35ed6798] = 440
 nul chk table  [0x0000020f35ed6798,0x0000020f35ed6a20] = 648
 handler table  [0x0000020f35ed6a20,0x0000020f35ed6f30] = 1296
 scopes pcs     [0x0000020f35ed6f30,0x0000020f35ed8110] = 4576
 scopes data    [0x0000020f35ed8110,0x0000020f35eda090] = 8064


[Constant Pool]
             Address          hex4                    hex8      
  0x0000020ebd2cf440:   0x00000000      0x3089705f00000000      
  0x0000020ebd2cf444:   0x3089705f                              
  0x0000020ebd2cf448:   0x3f800000      0x3c75c28f3f800000      
  0x0000020ebd2cf44c:   0x3c75c28f                              
  0x0000020ebd2cf450:   0x00000000      0x41cdcd6500000000      
  0x0000020ebd2cf454:   0x41cdcd65                              
  0x0000020ebd2cf458:   0xf4f4f4f4      0xf4f4f4f4f4f4f4f4      
  0x0000020ebd2cf45c:   0xf4f4f4f4                              

[MachCode]
[Instructions begin]
  0x0000020ebd2cf460: ;   {no_reloc}
  0x0000020ebd2cf460: 6690 448b | 5208 443b 

  0x0000020ebd2cf468: ;   {runtime_call ic_miss_stub}
  0x0000020ebd2cf468: 5008 0f85 | 70f0 62ff 
[Verified Entry Point]
  0x0000020ebd2cf470: 8984 2400 | 80ff ff55 | 4881 ecd0 | 0000 0090 | 4181 7f20 | 0500 0000 | 0f85 9967 | 0000 4889 
  0x0000020ebd2cf490: 5424 4844 | 8b5a 5445 | 85db 0f84 | e438 0000 | 4d8b 9788 | 0300 004d | 8b12 4c89 | 5424 5845 
  0x0000020ebd2cf4b0: 33c0 4787 | 44dc 0c45 | 85c0 0f85 | 5043 0000 | 448b 5a10 

  0x0000020ebd2cf4c4: ; implicit exception: dispatches to 0x0000020ebd2d4bf4
  0x0000020ebd2cf4c4: 478b 54dc | 0c45 85d2 | 0f84 5e43 | 0000 8b6a | 3045 8b54 

  0x0000020ebd2cf4d8: ;   {metadata('com/csproject/jMEMain')}
  0x0000020ebd2cf4d8: ec08 4181 | faa8 1900 | 010f 85a9 | 3a00 004d | 8d14 ec4c | 8954 2450 | 418b 6a5c | 85ed 0f85 
  0x0000020ebd2cf4f8: ac3a 0000 | 458b 5a18 | 4489 5c24 

  0x0000020ebd2cf504: ;   {oop(a 'java/lang/Class'{0x0000000414800308} = 'com/jme3/audio/AudioContext')}
  0x0000020ebd2cf504: 6049 ba08 | 0380 1404 | 0000 0045 | 8b42 7047 | 8b54 c408 

  0x0000020ebd2cf518: ;   {metadata('java/lang/ThreadLocal')}
  0x0000020ebd2cf518: 4181 faf0 | 8523 000f | 859b 3a00 | 004c 8b54 | 2458 458b | 524c 4489 | 5424 644b | 8d1c c447 
  0x0000020ebd2cf538: 8b54 d414 

  0x0000020ebd2cf53c: ; implicit exception: dispatches to 0x0000020ebd2d4c58
  0x0000020ebd2cf53c: 478b 5cd4 | 0c45 8d43 | ff44 2343 | 0c45 85db | 0f86 9e3a | 0000 4f8d | 0cd4 4c89 | 4c24 2043 
  0x0000020ebd2cf55c: 8b4c 8110 | 8b7c 2460 | 48c1 e703 | 448b 4c24 | 644f 8d2c | cc85 c90f | 84b7 2700 | 0049 8d2c 
  0x0000020ebd2cf57c: cc44 8984 | 24a8 0000 | 0048 be00 | 0073 c50e | 0200 0044 | 895c 246c | eb2e 6666 | 0f1f 8400 
  0x0000020ebd2cf59c: 0000 0000 | 4b8d 2cd4 | 8984 24a8 | 0000 0048 | 8b5c 2438 | 448b 5424 | 6848 8b7c | 2428 4c8b 
  0x0000020ebd2cf5bc: 6c24 3048 | 8b74 2440 | 448b 5d0c | 49c1 e303 | 4c3b db0f | 84c5 0200 | 0044 3b65 | 0c0f 840f 
  0x0000020ebd2cf5dc: 0300 0048 | 8974 2440 | 4c89 6c24 | 3048 897c | 2428 4489 | 5424 6848 | 895c 2438 | 8b94 24a8 
  0x0000020ebd2cf5fc: 0000 0044 | 8b44 246c 

  0x0000020ebd2cf604: ;   {static_call}
  0x0000020ebd2cf604: c5f8 77e8 

  0x0000020ebd2cf608: ; ImmutableOopMap {rbp=Oop [32]=Oop [40]=Oop [48]=Oop [56]=Oop [72]=Oop [80]=Oop [88]=Oop [96]=NarrowOop [100]=NarrowOop [104]=NarrowOop }
                      ;*invokestatic nextIndex {reexecute=0 rethrow=0 return_oop=0}
                      ; - java.lang.ThreadLocal$ThreadLocalMap::set@70 (line 551)
                      ; - java.lang.ThreadLocal::set@13 (line 265)
                      ; - java.lang.ThreadLocal::set@5 (line 251)
                      ; - com.jme3.audio.AudioContext::setAudioRenderer@4 (line 44)
                      ; - com.jme3.app.LegacyApplication::update@4 (line 712)
                      ; - com.jme3.app.SimpleApplication::update@20 (line 246)
                      ; - com.jme3.system.lwjgl.LwjglWindow::runLoop@37 (line 530)
  0x0000020ebd2cf608: d4f7 62ff 

  0x0000020ebd2cf60c: ;   {other}
  0x0000020ebd2cf60c: 0f1f 8400 | 840a 0000 | 3b44 246c | 0f83 9334 | 0000 4c8b | 5424 2045 | 8b54 8210 | 4d8b 9f50 
  0x0000020ebd2cf62c: ; ImmutableOopMap {r10=NarrowOop [32]=Oop [40]=Oop [48]=Oop [56]=Oop [72]=Oop [80]=Oop [88]=Oop [96]=NarrowOop [100]=NarrowOop [104]=NarrowOop }
                      ;*goto {reexecute=1 rethrow=0 return_oop=0}
                      ; - (reexecute) java.lang.ThreadLocal$ThreadLocalMap::set@79 (line 551)
                      ; - java.lang.ThreadLocal::set@13 (line 265)
                      ; - java.lang.ThreadLocal::set@5 (line 251)
                      ; - com.jme3.audio.AudioContext::setAudioRenderer@4 (line 44)
                      ; - com.jme3.app.LegacyApplication::update@4 (line 712)
                      ; - com.jme3.app.SimpleApplication::update@20 (line 246)
                      ; - com.jme3.system.lwjgl.LwjglWindow::runLoop@37 (line 530)
                      ;   {poll}
  0x0000020ebd2cf62c: 0400 0041 | 8503 4585 | d20f 8565 | ffff ff89 | 8424 a800 | 0000 488b | 5c24 3844 | 8b54 2468 
  0x0000020ebd2cf64c: 4889 4424 | f88b 4424 | 6c89 8424 | 8c00 0000 | 488b 4424 | f848 8b7c | 2428 4c8b | 6c24 3048 
  0x0000020ebd2cf66c: 8b74 2440 | 498b afb8 | 0100 004c | 8bdd 4983 | c320 4d3b | 9fc8 0100 | 000f 83f9 | 3400 004d 
  0x0000020ebd2cf68c: 899f b801 | 0000 410f | 0d8b c000 | 0000 48c7 | 4500 0100 

  0x0000020ebd2cf6a0: ;   {metadata('java/lang/ThreadLocal$ThreadLocalMap$Entry')}
  0x0000020ebd2cf6a0: 0000 c745 | 0868 d92f | 0044 8965 | 0c4c 8965 | 104c 8965 | 184c 8bc3 | 49c1 e803 | 4489 450c 
  0x0000020ebd2cf6c0: 4180 7f38 | 000f 857a 

  0x0000020ebd2cf6c8: ;   {oop(a 'java/lang/ref/ReferenceQueue$Null'{0x0000000404802280})}
  0x0000020ebd2cf6c8: 3100 00c7 | 4510 5004 | 9080 4c8b 

  0x0000020ebd2cf6d4: ;   {oop(a 'java/lang/ref/ReferenceQueue$Null'{0x0000000404802280})}
  0x0000020ebd2cf6d4: dd49 b880 | 2280 0404 | 0000 004d | 33c3 49c1 | e817 4d85 | c074 1a49 | c1eb 0948 | b900 0073 
  0x0000020ebd2cf6f4: c50e 0200 | 0049 03cb | 8039 020f | 85ad 3100 | 00f0 8344 | 24c0 0041 | 807f 3800 | 0f85 f830 
  0x0000020ebd2cf714: 0000 448b | 5c24 6044 | 895d 1c4c | 8bdf 4c8b | cd4d 33d9 | 49c1 eb17 | 4d85 db74 | 2444 8b44 
  0x0000020ebd2cf734: 2460 4585 | c074 1a49 | c1e9 0948 | b900 0073 | c50e 0200 | 0049 03c9 | 8039 020f | 854b 3200 
  0x0000020ebd2cf754: 0044 8b84 | 24a8 0000 | 0044 3b84 | 248c 0000 | 000f 8331 | 4d00 004c | 8b54 2420 | 4f8d 7482 
  0x0000020ebd2cf774: 1041 807f | 3800 0f85 | fc30 0000 | 4d8b d64c | 8bdd 49c1 | eb03 4589 | 1e4c 8bdd | 4d33 da49 
  0x0000020ebd2cf794: c1eb 174d | 85db 741a | 49c1 ea09 | 48b9 0000 | 73c5 0e02 | 0000 4903 | ca80 3902 | 0f85 9931 
  0x0000020ebd2cf7b4: 0000 4889 | 4424 f88b | 8424 a800 | 0000 8984 | 2488 0000 | 0048 8b44 | 24f8 4889 | b424 8000 
  0x0000020ebd2cf7d4: ;   {no_reloc}
  0x0000020ebd2cf7d4: 0000 4c89 | 6c24 7848 | 897c 2470 | 48ff 7424 | 2048 8f44 | 2468 4889 | 5c24 2048 | ff74 2450 
  0x0000020ebd2cf7f4: 488f 4424 | 4048 ff74 | 2458 488f | 4424 3848 | ff74 2448 | 488f 4424 | 3044 8b54 | 2464 478b 
  0x0000020ebd2cf814: 54d4 0c41 | ffc2 448b | 5c24 6447 | 8954 dc0c | 4489 5424 | 288b 6c24 | 6449 8bd5 | 448b 8424 
  0x0000020ebd2cf834: a800 0000 | 458b ca48 | 897c 2458 

  0x0000020ebd2cf840: ;   {optimized virtual_call}
  0x0000020ebd2cf840: c5f8 77e8 

  0x0000020ebd2cf844: ; ImmutableOopMap {rbp=NarrowOop [32]=Oop [48]=Oop [56]=Oop [64]=Oop [88]=Oop [104]=Oop [112]=Oop [120]=Oop }
                      ;*invokevirtual cleanSomeSlots {reexecute=0 rethrow=0 return_oop=0}
                      ; - java.lang.ThreadLocal$ThreadLocalMap::set@113 (line 565)
                      ; - java.lang.ThreadLocal::set@13 (line 265)
                      ; - java.lang.ThreadLocal::set@5 (line 251)
                      ; - com.jme3.audio.AudioContext::setAudioRenderer@4 (line 44)
                      ; - com.jme3.app.LegacyApplication::update@4 (line 712)
                      ; - com.jme3.app.SimpleApplication::update@20 (line 246)
                      ; - com.jme3.system.lwjgl.LwjglWindow::runLoop@37 (line 530)
  0x0000020ebd2cf844: 98ef 62ff 

  0x0000020ebd2cf848: ;   {other}
  0x0000020ebd2cf848: 0f1f 8400 | c00c 0002 | 85c0 0f84 | f724 0000 | 48ff 7424 | 3048 8f44 | 2448 48ff | 7424 4048 
  0x0000020ebd2cf868: 8f44 2450 | 488b b424 | 8000 0000 | e9e4 0000 | 000f 1f80 | 0000 0000 | 4c8b 5424 | 30e9 d708 
  0x0000020ebd2cf888: 0000 660f | 1f44 0000 | 4c8b 5c24 | 30e9 f507 | 0000 4180 | 7f38 000f | 8527 2800 | 0044 8b5c 
  0x0000020ebd2cf8a8: 2460 4489 | 5d1c 4c8b | d74c 8bdd | 4d33 d349 | c1ea 174d | 85d2 0f84 | 9900 0000 | 448b 5424 
  0x0000020ebd2cf8c8: 6045 85d2 | 0f84 8b00 | 0000 49c1 | eb09 48b9 | 0000 73c5 | 0e02 0000 | 4903 cb80 | 3902 0f85 
  0x0000020ebd2cf8e8: 1728 0000 | eb6f 4889 | 7424 7049 | 8bd5 4c8b | cf48 ff74 | 2420 488f | 4424 6048 | 8944 24f8 
  0x0000020ebd2cf908: 8b44 246c | 8944 243c | 488b 4424 | f848 895c | 2428 4889 | 5c24 304c | 8bc3 4889 | 6c24 408b 
  0x0000020ebd2cf928: bc24 a800 | 0000 488b | 6c24 504c | 894c 2478 | 4c89 8c24 | 8000 0000 | 4c89 ac24 

  0x0000020ebd2cf944: ;   {no_reloc}
  0x0000020ebd2cf944: 9000 0000 

  0x0000020ebd2cf948: ;   {optimized virtual_call}
  0x0000020ebd2cf948: c5f8 77e8 

  0x0000020ebd2cf94c: ; ImmutableOopMap {rbp=Oop [40]=Oop [48]=Oop [64]=Oop [72]=Oop [80]=Oop [88]=Oop [96]=Oop [120]=Oop [128]=Oop [144]=Oop }
                      ;*invokevirtual replaceStaleEntry {reexecute=0 rethrow=0 return_oop=0}
                      ; - java.lang.ThreadLocal$ThreadLocalMap::set@61 (line 558)
                      ; - java.lang.ThreadLocal::set@13 (line 265)
                      ; - java.lang.ThreadLocal::set@5 (line 251)
                      ; - com.jme3.audio.AudioContext::setAudioRenderer@4 (line 44)
                      ; - com.jme3.app.LegacyApplication::update@4 (line 712)
                      ; - com.jme3.app.SimpleApplication::update@20 (line 246)
                      ; - com.jme3.system.lwjgl.LwjglWindow::runLoop@37 (line 530)
  0x0000020ebd2cf94c: 90ee 62ff 

  0x0000020ebd2cf950: ;   {other}
  0x0000020ebd2cf950: 0f1f 8400 | c80d 0003 | 488b 7424 | 704c 8b54 | 2450 418b | 6a5c 85ed | 0f85 d236 | 0000 458b 
  0x0000020ebd2cf970: 6a60 4585 | ed0f 8425 | 3400 004f | 8d0c ec4f | 8d54 ec0c | 4c89 5424 | 2041 8b3a | 8bdf 33d2 
  0x0000020ebd2cf990: ; implicit exception: dispatches to 0x0000020ebd2d4bd4
  0x0000020ebd2cf990: 418b 6cfc | 0c4d 8d14 | fc48 8bcb | 48c1 e103 | 85ed 0f85 | 5826 0000 | 458b 44fc | 1045 33f6 
  0x0000020ebd2cf9b0: 4585 c00f | 859b 2700 | 003b df0f | 85ff 1e00 | 004c 8b54 | 2450 c4c1 | 7a10 420c 

  0x0000020ebd2cf9cc: ;   {section_word}
  0x0000020ebd2cf9cc: c5f8 2e05 | 6cfa ffff | 7a06 0f84 | 743e 0000 | 410f b66a | 1185 ed0f | 859f 3e00 | 0045 8b6a 
  0x0000020ebd2cf9ec: 344b 8b5c | ec10 c5f8 | 7749 ba70 | b6a4 57f9 | 7f00 0041 

  0x0000020ebd2cfa00: ;   {other}
  0x0000020ebd2cfa00: ffd2 0f1f | 8400 0000 | 0000 4c8b | 5424 5041 | 0fb6 6a10 | 482b c34b | 2b44 ec18 | c5f1 efc9 
  0x0000020ebd2cfa20: c4e1 f22a 

  0x0000020ebd2cfa24: ;   {section_word}
  0x0000020ebd2cfa24: c8c5 f259 | 0517 faff | ffc5 fa11 | 4424 20c4 | 817a 1144 

  0x0000020ebd2cfa38: ;   {section_word}
  0x0000020ebd2cfa38: ec0c c5fa | 1005 06fa | ffff c5fa | 5e44 2420 | c481 7a11 | 44ec 20c5 | f877 49ba | 70b6 a457 
  0x0000020ebd2cfa58: f97f 0000 

  0x0000020ebd2cfa5c: ;   {other}
  0x0000020ebd2cfa5c: 41ff d20f | 1f84 0000 | 0000 0048 | 2bc3 4b89 | 44ec 1885 | ed0f 8429 | 3e00 004c | 8b54 2450 
  0x0000020ebd2cfa7c: 418b 6a5c | 85ed 0f85 | d035 0000 | 458b 4a54 | c5fa 1054 | 2420 c481 | 7a11 54cc 

  0x0000020ebd2cfa98: ;   {section_word}
  0x0000020ebd2cfa98: 0cc5 fa10 | 05ab f9ff | ffc5 f82e | c20f 8639 | 3c00 0043 | c644 cc36 | 0143 8b6c | cc38 458b 
  0x0000020ebd2cfab8: ;   {metadata('com/jme3/input/lwjgl/GlfwKeyInput')}
  0x0000020ebd2cfab8: 54ec 0841 | 81fa 0089 | 1c01 0f85 | a835 0000 | c5fa 1154 | 2438 4889 | 7424 2048 | c1e5 034f 
  0x0000020ebd2cfad8: 8d14 cc4c | 8954 2430 | 4489 4c24 | 2848 ba20 | 3acd c7fa | 7f00 0090 

  0x0000020ebd2cfaf0: ;   {static_call}
  0x0000020ebd2cfaf0: c5f8 77e8 

  0x0000020ebd2cfaf4: ; ImmutableOopMap {rbp=Oop [40]=NarrowOop [48]=Oop [72]=Oop [80]=Oop }
                      ;*invokestatic invokeD {reexecute=0 rethrow=0 return_oop=0}
                      ; - org.lwjgl.glfw.GLFW::glfwGetTime@5 (line 4439)
                      ; - com.jme3.input.lwjgl.GlfwKeyInput::getInputTimeNanos@0 (line 187)
                      ; - com.jme3.input.InputManager::update@25 (line 901)
                      ; - com.jme3.app.LegacyApplication::update@91 (line 724)
                      ; - com.jme3.app.SimpleApplication::update@20 (line 246)
                      ; - com.jme3.system.lwjgl.LwjglWindow::runLoop@37 (line 530)
  0x0000020ebd2cfaf4: b801 ecff 

  0x0000020ebd2cfaf8: ;   {other}
  0x0000020ebd2cfaf8: 0f1f 8400 | 700f 0004 

  0x0000020ebd2cfb00: ;   {section_word}
  0x0000020ebd2cfb00: c5fb 5905 | 48f9 ffff | 448b 5424 | 2847 8b44 | d438 43c6 | 44d4 3401 | c4e1 fb2c 

  0x0000020ebd2cfb1c: ;   {external_word}
  0x0000020ebd2cfb1c: c048 3b05 | 5c17 5eff | 0f84 e960 | 0000 4c8b | d84f 2b5c | d418 4f89 | 5cd4 2047 | 8b5c c408 
  0x0000020ebd2cfb3c: ;   {metadata('com/jme3/input/lwjgl/GlfwKeyInput')}
  0x0000020ebd2cfb3c: 4181 fb00 | 891c 010f | 8547 3500 | 004f 8d1c | c441 8b6b | 1445 8b4c | ec14 478b | 44cc 0c45 
  0x0000020ebd2cfb5c: 85c0 0f84 | 543d 0000 | 458b 4b10 

  0x0000020ebd2cfb68: ; implicit exception: dispatches to 0x0000020ebd2d4d84
  0x0000020ebd2cfb68: 478b 44cc 

  0x0000020ebd2cfb6c: ;   {metadata('java/util/ArrayDeque')}
  0x0000020ebd2cfb6c: 0841 81f8 | 78cc 2e00 | 0f85 4635 | 0000 4f8d | 04cc 418b | 580c 458b | 4010 413b | d80f 852c 
  0x0000020ebd2cfb8c: 1e00 0043 | 8b6c d43c 

  0x0000020ebd2cfb94: ; implicit exception: dispatches to 0x0000020ebd2d4db4
  0x0000020ebd2cfb94: 458b 5cec 

  0x0000020ebd2cfb98: ;   {metadata('com/jme3/input/lwjgl/GlfwMouseInput')}
  0x0000020ebd2cfb98: 0841 81fb | b861 1c01 | 0f85 5635 | 0000 4d8d | 1cec 418b | 6b54 85ed | 0f85 3a3d | 0000 418b 
  0x0000020ebd2cfbb8: 4b34 458b 

  0x0000020ebd2cfbbc: ;   {metadata('java/util/ArrayDeque')}
  0x0000020ebd2cfbbc: 44cc 0841 | 81f8 78cc | 2e00 0f85 | 5035 0000 | 4d8d 04cc | 418b 580c | 458b 4010 | 413b d80f 
  0x0000020ebd2cfbdc: 85cc 1e00 | 0045 8b4b | 3843 8b4c 

  0x0000020ebd2cfbe8: ;   {metadata('java/util/ArrayDeque')}
  0x0000020ebd2cfbe8: cc08 81f9 | 78cc 2e00 | 0f85 6235 | 0000 4f8d | 04cc 418b | 480c 418b | 5810 3bcb | 0f85 0520 
  0x0000020ebd2cfc08: 0000 438b | 6cd4 4085 | ed0f 8509 | 3d00 0043 | 8b6c d444 | 85ed 0f85 | 7035 0000 | 4889 4424 
  0x0000020ebd2cfc28: 4047 8864 | d434 4489 | 5424 2848 | 8b54 2430 

  0x0000020ebd2cfc38: ;   {optimized virtual_call}
  0x0000020ebd2cfc38: c5f8 77e8 

  0x0000020ebd2cfc3c: ; ImmutableOopMap {[40]=NarrowOop [48]=Oop [72]=Oop [80]=Oop }
                      ;*invokespecial processQueue {reexecute=0 rethrow=0 return_oop=0}
                      ; - com.jme3.input.InputManager::update@102 (line 917)
                      ; - com.jme3.app.LegacyApplication::update@91 (line 724)
                      ; - com.jme3.app.SimpleApplication::update@20 (line 246)
                      ; - com.jme3.system.lwjgl.LwjglWindow::runLoop@37 (line 530)
  0x0000020ebd2cfc3c: 9067 ffff 

  0x0000020ebd2cfc40: ;   {other}
  0x0000020ebd2cfc40: 0f1f 8400 | b810 0005 | 448b 5424 | 2847 8b4c | d458 438b | 6ccc 2045 | 8b44 ec0c | 4585 c00f 
  0x0000020ebd2cfc60: 864f 3500 | 0041 8b5c | ec10 438b | 74cc 1085 | f60f 8e55 | 0100 004b | 8d14 cc45 | 33db 33ff 
  0x0000020ebd2cfc80: 443b de0f | 8d4b 3f00 | 0085 db74 | 0e41 8b4c | dc14 48c1 | e303 448b | c7eb 3343 | 8b4c cc20 
  0x0000020ebd2cfca0: 448d 4701 

  0x0000020ebd2cfca4: ; implicit exception: dispatches to 0x0000020ebd2d55b8
  0x0000020ebd2cfca4: 418b 6ccc | 0c44 3bc5 | 0f83 6a3e | 0000 498d | 04cc 4863 | df8b 7498 | 1485 f60f | 843a 2000 
  0x0000020ebd2cfcc4: 0041 8b4c | f414 498d | 1cf4 8b73 | 0c8b 7b10 | 41ff c341 | 8b6c fc08 

  0x0000020ebd2cfcdc: ;   {metadata('java/lang/Long')}
  0x0000020ebd2cfcdc: 81fd c004 | 1900 0f85 | 6c4b 0000 | 4b8b 44d4 | 184b 8b6c | d410 48c1 | e703 4c8b | 6f10 493b 
  0x0000020ebd2cfcfc: ed0f 8cf4 | 1f00 0048 | 2bc5 4885 | c00f 8e9c | 0000 0043 | 0fb6 6cd4 | 3685 ed0f | 840f 3f00 
  0x0000020ebd2cfd1c: 004c 89ac | 2480 0000 | 0048 8944 | 2478 8974 | 2470 4889 | 5c24 6889 | 4c24 6444 | 8944 2460 
  0x0000020ebd2cfd3c: 4489 5c24 | 3c48 8954 | 2458 4489 | 4c24 2c44 | 8954 2428 | 488b 5424 | 3044 8bc6 

  0x0000020ebd2cfd58: ;   {section_word}
  0x0000020ebd2cfd58: c5fa 1005 | e8f6 ffff | 4533 c948 | 8bea 6690 

  0x0000020ebd2cfd68: ;   {optimized virtual_call}
  0x0000020ebd2cfd68: c5f8 77e8 

  0x0000020ebd2cfd6c: ; ImmutableOopMap {rbp=Oop [40]=NarrowOop [44]=NarrowOop [48]=Oop [72]=Oop [80]=Oop [88]=Oop [100]=NarrowOop [104]=Oop }
                      ;*invokespecial invokeAnalogs {reexecute=0 rethrow=0 return_oop=0}
                      ; - com.jme3.input.InputManager::invokeUpdateActions@76 (line 217)
                      ; - com.jme3.input.InputManager::update@106 (line 918)
                      ; - com.jme3.app.LegacyApplication::update@91 (line 724)
                      ; - com.jme3.app.SimpleApplication::update@20 (line 246)
                      ; - com.jme3.system.lwjgl.LwjglWindow::runLoop@37 (line 530)
  0x0000020ebd2cfd6c: e09f feff 

  0x0000020ebd2cfd70: ;   {other}
  0x0000020ebd2cfd70: 0f1f 8400 | e811 0006 | 448b 5424 | 2844 8b4c | 242c 488b | 5424 5844 | 8b5c 243c | 448b 4424 
  0x0000020ebd2cfd90: 608b 4c24 | 6448 8b5c | 2468 8b74 | 2470 488b | 4424 784c | 8bac 2480 | 0000 0049 | 8bbf 5004 
  0x0000020ebd2cfdb0: ; ImmutableOopMap {r10=NarrowOop r9=NarrowOop rcx=NarrowOop rbx=Oop rdx=Oop [48]=Oop [72]=Oop [80]=Oop }
                      ;*goto {reexecute=1 rethrow=0 return_oop=0}
                      ; - (reexecute) com.jme3.input.InputManager::invokeUpdateActions@79 (line 219)
                      ; - com.jme3.input.InputManager::update@106 (line 918)
                      ; - com.jme3.app.LegacyApplication::update@91 (line 724)
                      ; - com.jme3.app.SimpleApplication::update@20 (line 246)
                      ; - com.jme3.system.lwjgl.LwjglWindow::runLoop@37 (line 530)
                      ;   {poll}
  0x0000020ebd2cfdb0: 0000 8507 | 438b 74cc | 1044 3bde | 7d0a 8bd9 | 418b f8e9 | b8fe ffff | 8bd9 eb06 | 4533 db45 
  0x0000020ebd2cfdd0: 33c0 438b | 7cd4 5c41 | 8b6c fc20 

  0x0000020ebd2cfddc: ; implicit exception: dispatches to 0x0000020ebd2d4f00
  0x0000020ebd2cfddc: 418b 54ec | 0c85 d20f | 86ff 3300 | 0045 8b4c | fc10 4585 | c90f 8fc1 | 2f00 004f | 8b5c d418 
  0x0000020ebd2cfdfc: 4f89 5cd4 | 104c 8b5c | 2440 4f89 | 5cd4 184c | 8b5c 2450 | 458b 5318 

  0x0000020ebd2cfe14: ; implicit exception: dispatches to 0x0000020ebd2d5584
  0x0000020ebd2cfe14: 478b 44d4 | 0841 8b6b | 5c85 ed0f | 850b 3400 | 0045 8b4b | 34c4 817a | 104c cc0c 

  0x0000020ebd2cfe30: ;   {metadata('com/jme3/audio/openal/ALAudioRenderer')}
  0x0000020ebd2cfe30: 4181 f8c0 | b91c 010f | 850b 3400 | 004f 8d04 | d441 8b68 | 4885 ed0f | 84b3 2f00 | 004d 8d0c 
  0x0000020ebd2cfe50: ec48 8d9c | 24c0 0000 | 004d 8b11 | 418b 9f18 | 0600 0041 | f6c2 020f | 8537 0000 | 0081 fb67 
  0x0000020ebd2cfe70: 0600 000f | 8f4b 0000 | 004d 3b4c | 1ff8 7416 | 498b c248 | 83c8 0149 | 83e2 fef0 | 4d0f b111 
  0x0000020ebd2cfe90: 0f85 2e00 | 0000 4d89 | 0c1f 4183 | 8718 0600 | 0008 eb17 | 4833 c0f0 | 4d0f b17a | 3e74 0c4c 
  0x0000020ebd2cfeb0: 3bf8 7510 | 49ff 8286 | 0000 0049 | ff87 5005 | 0000 33c0 | 0f85 9e33 | 0000 4c89 | 4c24 304c 
  0x0000020ebd2cfed0: 8944 2440 | c5fa 114c | 2438 4c89 | 5c24 2849 | 8bd0 c5f8 | 28c1 6690 

  0x0000020ebd2cfee8: ;   {optimized virtual_call}
  0x0000020ebd2cfee8: c5f8 77e8 

  0x0000020ebd2cfeec: ; ImmutableOopMap {rbp=NarrowOop [40]=Oop [48]=Oop [64]=Oop [72]=Oop }
                      ;*invokevirtual updateInRenderThread {reexecute=0 rethrow=0 return_oop=0}
                      ; - com.jme3.audio.openal.ALAudioRenderer::update@9 (line 850)
                      ; - com.jme3.app.LegacyApplication::update@131 (line 729)
                      ; - com.jme3.app.SimpleApplication::update@20 (line 246)
                      ; - com.jme3.system.lwjgl.LwjglWindow::runLoop@37 (line 530)
  0x0000020ebd2cfeec: c073 f4ff 

  0x0000020ebd2cfef0: ;   {other}
  0x0000020ebd2cfef0: 0f1f 8400 | 6813 0008 | 4c8b 5c24 | 3048 8d84 | 24c0 0000 | 0049 ff8f | 5005 0000 | 418b 8718 
  0x0000020ebd2cff10: 0600 004d | 8b13 4d3b | 5c07 f80f | 852e 0000 | 0041 83af | 1806 0000 | 084d 3b5c | 07f0 0f84 
  0x0000020ebd2cff30: 4d00 0000 | 498b c248 | 83e0 fc49 | 83ca 01f0 | 4d0f b113 | 0f85 825c | 0000 e932 | 0000 0049 
  0x0000020ebd2cff50: 83ba 8600 | 0000 0075 | 1e49 8b82 | 9600 0000 | 490b 828e | 0000 000f | 8573 5c00 | 0049 c742 
  0x0000020ebd2cff70: 3e00 0000 | 00eb 0a49 | ff8a 8600 | 0000 4533 | d20f 8527 | 3300 004c | 8b54 2428 | c4c1 7a10 
  0x0000020ebd2cff90: ;   {section_word}
  0x0000020ebd2cff90: 420c c5f8 | 2e05 a6f4 | ffff 7a06 | 0f84 9e39 | 0000 410f | b66a 1185 | ed0f 85c9 | 3900 0045 
  0x0000020ebd2cffb0: 8b5a 34c4 | 817a 5944 | dc0c 418b | 6a5c 85ed | 0f85 1333 | 0000 458b | 5a58 4585 | db0f 844d 
  0x0000020ebd2cffd0: 2e00 00c5 | fa11 4424 | 384b 8d14 | dc66 6690 

  0x0000020ebd2cffe0: ;   {optimized virtual_call}
  0x0000020ebd2cffe0: c5f8 77e8 

  0x0000020ebd2cffe4: ; ImmutableOopMap {[40]=Oop [72]=Oop }
                      ;*invokevirtual update {reexecute=0 rethrow=0 return_oop=0}
                      ; - com.jme3.app.SimpleApplication::update@77 (line 255)
                      ; - com.jme3.system.lwjgl.LwjglWindow::runLoop@37 (line 530)
  0x0000020ebd2cffe4: e898 faff 

  0x0000020ebd2cffe8: ;   {other}
  0x0000020ebd2cffe8: 0f1f 8400 | 6014 0009 | 488b 5424 | 28c5 fa10 | 4424 3890 

  0x0000020ebd2cfffc: ;   {optimized virtual_call}
  0x0000020ebd2cfffc: c5f8 77e8 

  0x0000020ebd2d0000: ; ImmutableOopMap {[40]=Oop [72]=Oop }
                      ;*invokevirtual simpleUpdate {reexecute=0 rethrow=0 return_oop=0}
                      ; - com.jme3.app.SimpleApplication::update@82 (line 258)
                      ; - com.jme3.system.lwjgl.LwjglWindow::runLoop@37 (line 530)
  0x0000020ebd2d0000: 4c1e 0200 

  0x0000020ebd2d0004: ;   {other}
  0x0000020ebd2d0004: 0f1f 8400 | 7c14 000a | 4c8b 5424 | 2841 8b6a | 5c85 ed0f | 85d7 3200 | 0041 8b6a | 6445 8b5c 
  0x0000020ebd2d0024: ;   {metadata('com/jme3/scene/Node')}
  0x0000020ebd2d0024: ec08 4181 | fb08 3200 | 010f 85d9 | 3200 004d | 8d14 ec4c | 8954 2440 | 458b 4a4c 

  0x0000020ebd2d0040: ; implicit exception: dispatches to 0x0000020ebd2d4fb4
  0x0000020ebd2d0040: 478b 54cc | 0c45 85d2 | 0f84 8d00 | 0000 438b | 6ccc 1885 | ed0f 84cb | 1200 0045 | 8b5c ec08 
  0x0000020ebd2d0060: ;   {metadata('com/jme3/scene/control/Control'[])}
  0x0000020ebd2d0060: 4181 fbb8 | 2621 010f | 853f 4900 | 004d 8d1c | ec45 8b53 | 0c45 85d2 | 7661 458d | 42ff 453b 
  0x0000020ebd2d0080: c20f 83fd | 3900 0045 | 33c0 4489 | 5424 6c43 | 8b6c 8310 | 4489 4424 | 3c4c 895c | 2430 488b 
  0x0000020ebd2d00a0: d548 c1e2 | 03c5 fa10 | 4424 3866 | 6690 c5f8 | 7748 b870 | 492b 360f 

  0x0000020ebd2d00b8: ;   {virtual_call}
  0x0000020ebd2d00b8: 0200 00e8 

  0x0000020ebd2d00bc: ; ImmutableOopMap {rbp=NarrowOop [40]=Oop [48]=Oop [64]=Oop [72]=Oop }
                      ;*invokeinterface update {reexecute=0 rethrow=0 return_oop=0}
                      ; - com.jme3.scene.Spatial::runControlUpdate@43 (line 737)
                      ; - com.jme3.scene.Spatial::updateLogicalState@2 (line 880)
                      ; - com.jme3.scene.Node::updateLogicalState@2 (line 231)
                      ; - com.jme3.app.SimpleApplication::update@109 (line 261)
                      ; - com.jme3.system.lwjgl.LwjglWindow::runLoop@37 (line 530)
  0x0000020ebd2d00bc: 20ea 62ff 

  0x0000020ebd2d00c0: ;   {other}
  0x0000020ebd2d00c0: 0f1f 8400 | 3815 000b | 448b 4424 | 3c41 ffc0 | 443b 4424 | 6c0f 8cb5 | f7ff ff4c | 8b54 2440 
  0x0000020ebd2d00e0: 453b 6258 | 0f84 3e16 | 0000 4c8b | 5424 2841 | 8b6a 6845 | 8b5c ec08 

  0x0000020ebd2d00f8: ;   {metadata('com/jme3/scene/Node')}
  0x0000020ebd2d00f8: 4181 fb08 | 3200 010f | 852b 3200 | 004d 8d14 | ec4c 8954 | 2440 418b | 4a4c 458b | 54cc 0c45 
  0x0000020ebd2d0118: 85d2 0f84 | 8b00 0000 | 418b 6ccc | 1885 ed0f | 84fb 1300 | 0045 8b5c 

  0x0000020ebd2d0130: ;   {metadata('com/jme3/scene/control/Control'[])}
  0x0000020ebd2d0130: ec08 4181 | fbb8 2621 | 010f 8599 | 4800 004d | 8d14 ec45 | 8b5a 0c45 | 85db 765f | 458d 43ff 
  0x0000020ebd2d0150: 453b c30f | 8377 3900 | 0045 33c0 | 4489 5c24 | 6c43 8b6c | 8210 4489 | 4424 3c4c | 8954 2430 
  0x0000020ebd2d0170: 488b d548 | c1e2 03c5 | fa10 4424 | 3890 c5f8 | 7748 b898 | 492b 360f 

  0x0000020ebd2d0188: ;   {virtual_call}
  0x0000020ebd2d0188: 0200 00e8 

  0x0000020ebd2d018c: ; ImmutableOopMap {rbp=NarrowOop [40]=Oop [48]=Oop [64]=Oop [72]=Oop }
                      ;*invokeinterface update {reexecute=0 rethrow=0 return_oop=0}
                      ; - com.jme3.scene.Spatial::runControlUpdate@43 (line 737)
                      ; - com.jme3.scene.Spatial::updateLogicalState@2 (line 880)
                      ; - com.jme3.scene.Node::updateLogicalState@2 (line 231)
                      ; - com.jme3.app.SimpleApplication::update@117 (line 262)
                      ; - com.jme3.system.lwjgl.LwjglWindow::runLoop@37 (line 530)
  0x0000020ebd2d018c: 50e9 62ff 

  0x0000020ebd2d0190: ;   {other}
  0x0000020ebd2d0190: 0f1f 8400 | 0816 000c | 448b 4424 | 3c41 ffc0 | 443b 4424 | 6c0f 8cd5 | f6ff ff4c | 8b54 2440 
  0x0000020ebd2d01b0: 453b 6258 | 0f84 ed15 | 0000 4c8b | 5424 2845 | 8b5a 6445 | 85db 0f84 | 742c 0000 | 4b8d 14dc 
  0x0000020ebd2d01d0: ;   {optimized virtual_call}
  0x0000020ebd2d01d0: c5f8 77e8 

  0x0000020ebd2d01d4: ; ImmutableOopMap {[40]=Oop [72]=Oop }
                      ;*invokevirtual updateGeometricState {reexecute=0 rethrow=0 return_oop=0}
                      ; - com.jme3.app.SimpleApplication::update@124 (line 264)
                      ; - com.jme3.system.lwjgl.LwjglWindow::runLoop@37 (line 530)
  0x0000020ebd2d01d4: 98d9 edff 

  0x0000020ebd2d01d8: ;   {other}
  0x0000020ebd2d01d8: 0f1f 8400 | 5016 000d | 4c8b 5c24 | 2845 8b53 | 6845 85d2 | 0f84 6a2c | 0000 498b | eb4b 8d14 
  0x0000020ebd2d01f8: d466 6690 

  0x0000020ebd2d01fc: ;   {optimized virtual_call}
  0x0000020ebd2d01fc: c5f8 77e8 

  0x0000020ebd2d0200: ; ImmutableOopMap {rbp=Oop [40]=Oop [72]=Oop }
                      ;*invokevirtual updateGeometricState {reexecute=0 rethrow=0 return_oop=0}
                      ; - com.jme3.app.SimpleApplication::update@131 (line 265)
                      ; - com.jme3.system.lwjgl.LwjglWindow::runLoop@37 (line 530)
  0x0000020ebd2d0200: 6cd9 edff 

  0x0000020ebd2d0204: ;   {other}
  0x0000020ebd2d0204: 0f1f 8400 | 7c16 000e | 488b f58b | 6e5c 85ed | 0f85 3a31 | 0000 448b | 7620 8b7e | 5845 8b54 
  0x0000020ebd2d0224: fc10 4585 | d20f 8449 | 2c00 004f | 8d0c d44d | 8d2c fc48 | 8d9c 24c0 | 0000 004d | 8b19 418b 
  0x0000020ebd2d0244: 9f18 0600 | 0041 f6c3 | 020f 8537 | 0000 0081 | fb67 0600 | 000f 8f4b | 0000 004d | 3b4c 1ff8 
  0x0000020ebd2d0264: 7416 498b | c348 83c8 | 0149 83e3 | fef0 4d0f | b119 0f85 | 2e00 0000 | 4d89 0c1f | 4183 8718 
  0x0000020ebd2d0284: 0600 0008 | eb17 4833 | c0f0 4d0f | b17b 3e74 | 0c4c 3bf8 | 7510 49ff | 8386 0000 | 0049 ff87 
  0x0000020ebd2d02a4: 5005 0000 | 33c0 0f85 | bc30 0000 | 458b 5cfc | 1043 8b6c | dc18 85ed | 0f84 4e0c | 0000 458b 
  0x0000020ebd2d02c4: ;   {metadata('com/jme3/app/state/AppState'[])}
  0x0000020ebd2d02c4: 44ec 0841 | 81f8 683d | 0001 0f85 | 4046 0000 | 488d 8424 | c000 0000 | 49ff 8f50 | 0500 0041 
  0x0000020ebd2d02e4: 8b87 1806 | 0000 4d8b | 114d 3b4c | 07f8 0f85 | 2e00 0000 | 4183 af18 | 0600 0008 | 4d3b 4c07 
  0x0000020ebd2d0304: f00f 844d | 0000 0049 | 8bc2 4883 | e0fc 4983 | ca01 f04d | 0fb1 110f | 8564 5800 | 00e9 3200 
  0x0000020ebd2d0324: 0000 4983 | ba86 0000 | 0000 751e | 498b 8296 | 0000 0049 | 0b82 8e00 | 0000 0f85 | 5558 0000 
  0x0000020ebd2d0344: 49c7 423e | 0000 0000 | eb0a 49ff | 8a86 0000 | 0045 33d2 | 0f85 6630 | 0000 4d8d | 1cec 458b 
  0x0000020ebd2d0364: 530c 4585 | d20f 86c9 | 0000 0045 | 8d42 ff45 | 3bc2 0f83 | 7032 0000 | 4d8b ce49 | c1e1 0345 
  0x0000020ebd2d0384: 33c0 4889 | 7424 2844 | 8974 243c | 897c 2460 | 4c89 6c24 | 3044 8954 | 2454 4c89 | 4c24 68eb 
  0x0000020ebd2d03a4: 2066 6666 | 0f1f 8400 | 0000 0000 | 8b5c 2434 | 418b f3e9 | aa02 0000 | 0f1f 4000 | 4c8b 5c24 
  0x0000020ebd2d03c4: ;   {no_reloc}
  0x0000020ebd2d03c4: 4043 8b6c | 8310 4489 | 4424 504c | 895c 2440 | 488b d548 | c1e2 0366 | 6690 c5f8 | 7748 b8c0 
  0x0000020ebd2d03e4: 492b 360f 

  0x0000020ebd2d03e8: ;   {virtual_call}
  0x0000020ebd2d03e8: 0200 00e8 

  0x0000020ebd2d03ec: ; ImmutableOopMap {rbp=NarrowOop [40]=Oop [48]=Oop [60]=NarrowOop [64]=Oop [72]=Oop [96]=NarrowOop [104]=Oop }
                      ;*invokeinterface isEnabled {reexecute=0 rethrow=0 return_oop=0}
                      ; - com.jme3.app.state.AppStateManager::render@29 (line 368)
                      ; - com.jme3.app.SimpleApplication::update@161 (line 269)
                      ; - com.jme3.system.lwjgl.LwjglWindow::runLoop@37 (line 530)
  0x0000020ebd2d03ec: 8068 9eff 

  0x0000020ebd2d03f0: ;   {other}
  0x0000020ebd2d03f0: 0f1f 8400 | 6818 000f | 85c0 0f84 | e026 0000 | 498d 14ec | 4c8b 4424 | 6890 c5f8 | 7748 b8e8 
  0x0000020ebd2d0410: 492b 360f 

  0x0000020ebd2d0414: ;   {virtual_call}
  0x0000020ebd2d0414: 0200 00e8 

  0x0000020ebd2d0418: ; ImmutableOopMap {rbp=NarrowOop [40]=Oop [48]=Oop [60]=NarrowOop [64]=Oop [72]=Oop [96]=NarrowOop [104]=Oop }
                      ;*invokeinterface render {reexecute=0 rethrow=0 return_oop=0}
                      ; - com.jme3.app.state.AppStateManager::render@40 (line 369)
                      ; - com.jme3.app.SimpleApplication::update@161 (line 269)
                      ; - com.jme3.system.lwjgl.LwjglWindow::runLoop@37 (line 530)
  0x0000020ebd2d0418: 1469 9eff 

  0x0000020ebd2d041c: ;   {other}
  0x0000020ebd2d041c: 0f1f 8400 | 9418 0010 | 448b 4424 | 5041 ffc0 | 443b 4424 | 547c 8d48 | 8b74 2428 | 8b6e 5c85 
  0x0000020ebd2d043c: ed0f 85ac | 2f00 0044 | 8b5e 208b | 6e2c 458b 

  0x0000020ebd2d044c: ;   {metadata('com/jme3/system/lwjgl/LwjglDisplay')}
  0x0000020ebd2d044c: 54ec 0841 | 81fa 98fb | 0101 0f85 | b02f 0000 | 48c1 e503 | 448b 4514 

  0x0000020ebd2d0464: ; implicit exception: dispatches to 0x0000020ebd2d50e0
  0x0000020ebd2d0464: 438b 5cc4 | 0c45 33c9 | 85db 410f | 95c1 438b | 6cdc 2445 | 8b54 ec08 

  0x0000020ebd2d047c: ;   {metadata('com/jme3/renderer/opengl/GLRenderer')}
  0x0000020ebd2d047c: 4181 fa38 | 6e1a 010f | 85bf 4400 | 0047 8b44 | dc28 438b | 7cc4 2485 | ff0f 8401 | 2a00 0044 
  0x0000020ebd2d049c: 8944 2440 | 4489 4c24 | 3c89 5c24 | 3444 895c | 2430 4889 | 7424 28c5 | f877 49ba | 70b6 a457 
  0x0000020ebd2d04bc: f97f 0000 

  0x0000020ebd2d04c0: ;   {other}
  0x0000020ebd2d04c0: 41ff d20f | 1f84 0000 | 0000 0049 | 2b44 fc10 | 4d8b 9fb8 | 0100 004d | 8bd3 4983 | c210 448b 
  0x0000020ebd2d04e0: 4c24 304f | 8d04 cc4c | 8944 2450 | 448b 4424 | 404b 8d2c | c4c5 f1ef | c9c4 e1f2 

  0x0000020ebd2d04fc: ;   {section_word}
  0x0000020ebd2d04fc: 2ac8 c5f2 | 5905 3eef | ffff c5fa | 1144 2444 | 4d3b 97c8 | 0100 000f | 838b 1c00 | 004d 8997 
  0x0000020ebd2d051c: b801 0000 | 410f 0d8a | c000 0000 | 498b db48 | c703 0100 

  0x0000020ebd2d0530: ;   {metadata('java/lang/Float')}
  0x0000020ebd2d0530: 0000 c743 | 0830 c818 | 0044 8963 | 0cc5 fa10 | 4c24 44c5 | fa11 4b0c | 4180 7f38 | 000f 8531 
  0x0000020ebd2d0550: 1900 0044 | 8b54 2440 | 4c8b dd4c | 8bcb 49c1 | e903 4789 | 4cd4 284c | 8bc3 4d33 | c349 c1e8 
  0x0000020ebd2d0570: 174d 85c0 | 741a 49c1 | eb09 48b9 | 0000 73c5 | 0e02 0000 | 4903 cb80 | 3902 0f85 | 6919 0000 
  0x0000020ebd2d0590: 478b 44d4 | 24c4 817a | 104c c40c | 4d8b 8fb8 | 0100 004d | 8bd9 4983 | c310 4d3b | 9fc8 0100 
  0x0000020ebd2d05b0: 000f 8311 | 1c00 004d | 899f b801 | 0000 410f | 0d8b c000 | 0000 49c7 | 0101 0000 

  0x0000020ebd2d05cc: ;   {metadata('java/lang/Float')}
  0x0000020ebd2d05cc: 0041 c741 | 0830 c818 | 0045 8961 | 0cc4 c17a | 1149 0c41 | 807f 3800 | 0f85 d718 | 0000 4c8b 
  0x0000020ebd2d05ec: dd4d 8bc1 | 49c1 e803 | 4789 44d4 | 2c4d 8bd1 | 4d33 d349 | c1ea 174d | 85d2 741a | 49c1 eb09 
  0x0000020ebd2d060c: 48b9 0000 | 73c5 0e02 | 0000 4903 | cb80 3902 | 0f85 2e19 | 0000 448b | 5424 3043 | 8b6c d454 
  0x0000020ebd2d062c: 85ed 0f85 | 082e 0000 | 478b 44d4 | 2c43 8b6c | c410 85ed | 0f8f 4a33 | 0000 438b | 4cd4 3041 
  0x0000020ebd2d064c: 8b6c cc10 | 85ed 0f8e | bf00 0000 | 8b5c 2434 | 85db 0f84 | fc2f 0000 | 33f6 418b | 6ccc 1085 
  0x0000020ebd2d066c: ed0f 8cbd | 2600 003b | f50f 8321 | 2600 0045 | 8b5c cc14 | 448b c647 | 8b4c dc0c | 453b c10f 
  0x0000020ebd2d068c: 8347 2600 | 0049 c1e3 | 0343 8b6c | 8310 458b 

  0x0000020ebd2d069c: ;   {metadata('com/jme3/renderer/ViewPort')}
  0x0000020ebd2d069c: 5cec 0841 | 81fb 8046 | 1c01 0f85 | 5843 0000 | 4d8d 1cec | 418b 6b24 | 85ed 0f85 | a82d 0000 
  0x0000020ebd2d06bc: 4c89 5c24 | 4044 8944 | 2430 895c | 2434 418b | ea48 8b54 | 2450 4d8b | c3c5 fa10 | 4424 3890 
  0x0000020ebd2d06dc: ;   {optimized virtual_call}
  0x0000020ebd2d06dc: c5f8 77e8 

  0x0000020ebd2d06e0: ; ImmutableOopMap {rbp=NarrowOop [40]=Oop [64]=Oop [72]=Oop [80]=Oop }
                      ;*invokevirtual renderViewPort {reexecute=0 rethrow=0 return_oop=0}
                      ; - com.jme3.renderer.RenderManager::render@149 (line 1158)
                      ; - com.jme3.app.SimpleApplication::update@197 (line 272)
                      ; - com.jme3.system.lwjgl.LwjglWindow::runLoop@37 (line 530)
  0x0000020ebd2d06e0: 6c1d faff 

  0x0000020ebd2d06e4: ;   {other}
  0x0000020ebd2d06e4: 0f1f 8400 | 5c1b 0011 | 448b d543 | 8b4c d430 | 448b 5c24 | 3041 ffc3 

  0x0000020ebd2d06fc: ; implicit exception: dispatches to 0x0000020ebd2d4b90
  0x0000020ebd2d06fc: 458b 44cc | 1045 3bd8 | 0f8c a6fc | ffff 438b | 6cd4 5485 | ed0f 8575 | 2f00 0043 | 8b5c d434 
  0x0000020ebd2d071c: ; implicit exception: dispatches to 0x0000020ebd2d5248
  0x0000020ebd2d071c: 418b 6cdc | 1085 ed0f | 8ebd 0000 | 0044 8b44 | 2434 4585 | c00f 8481 | 2f00 0045 | 33db 660f 
  0x0000020ebd2d073c: 1f44 0000 

  0x0000020ebd2d0740: ; implicit exception: dispatches to 0x0000020ebd2d5278
  0x0000020ebd2d0740: 418b 6cdc | 1085 ed0f | 8c53 2d00 | 0044 3bdd | 0f83 8227 | 0000 458b | 44dc 1445 | 8bcb 438b 
  0x0000020ebd2d0760: 4cc4 0c44 | 3bc9 0f83 | ac27 0000 | 4f8d 1cc4 | 438b 6c8b | 1045 8b44 

  0x0000020ebd2d0778: ;   {metadata('com/jme3/renderer/ViewPort')}
  0x0000020ebd2d0778: ec08 4181 | f880 461c | 010f 85ad | 4200 004d | 8d1c ec41 | 8b6b 2485 | ed0f 85e5 | 2f00 004c 
  0x0000020ebd2d0798: 895c 2440 | 4489 4c24 | 3041 8bea | 488b 5424 | 504d 8bc3 | c5fa 1044 | 2438 c5fa | 1144 2434 
  0x0000020ebd2d07b8: ;   {optimized virtual_call}
  0x0000020ebd2d07b8: c5f8 77e8 

  0x0000020ebd2d07bc: ; ImmutableOopMap {rbp=NarrowOop [40]=Oop [64]=Oop [72]=Oop [80]=Oop }
                      ;*invokevirtual renderViewPort {reexecute=0 rethrow=0 return_oop=0}
                      ; - com.jme3.renderer.RenderManager::render@219 (line 1166)
                      ; - com.jme3.app.SimpleApplication::update@197 (line 272)
                      ; - com.jme3.system.lwjgl.LwjglWindow::runLoop@37 (line 530)
  0x0000020ebd2d07bc: 901c faff 

  0x0000020ebd2d07c0: ;   {other}
  0x0000020ebd2d07c0: 0f1f 8400 | 381c 0012 | 448b d543 | 8b5c d434 | 448b 5c24 | 3041 ffc3 

  0x0000020ebd2d07d8: ; implicit exception: dispatches to 0x0000020ebd2d5398
  0x0000020ebd2d07d8: 458b 44dc | 1045 3bd8 | 0f8c 5aff | ffff 488b | 7c24 288b | 7758 458b | 5cf4 1045 | 85db 0f84 
  0x0000020ebd2d07f8: 7427 0000 | 4d8d 2cf4 | 4f8d 0cdc | 488d 9c24 | c000 0000 | 4d8b 1141 | 8b9f 1806 | 0000 41f6 
  0x0000020ebd2d0818: c202 0f85 | 3700 0000 | 81fb 6706 | 0000 0f8f | 4b00 0000 | 4d3b 4c1f | f874 1649 | 8bc2 4883 
  0x0000020ebd2d0838: c801 4983 | e2fe f04d | 0fb1 110f | 852e 0000 | 004d 890c | 1f41 8387 | 1806 0000 | 08eb 1748 
  0x0000020ebd2d0858: 33c0 f04d | 0fb1 7a3e | 740c 4c3b | f875 1049 | ff82 8600 | 0000 49ff | 8750 0500 | 0033 c00f 
  0x0000020ebd2d0878: 8567 2c00 | 0045 8b54 | f410 438b | 6cd4 1885 | ed0f 8499 | 0800 0045 | 8b54 ec08 

  0x0000020ebd2d0894: ;   {metadata('com/jme3/app/state/AppState'[])}
  0x0000020ebd2d0894: 4181 fa68 | 3d00 010f | 85db 4000 | 0048 8d84 | 24c0 0000 | 0049 ff8f | 5005 0000 | 418b 8718 
  0x0000020ebd2d08b4: 0600 004d | 8b11 4d3b | 4c07 f80f | 852e 0000 | 0041 83af | 1806 0000 | 084d 3b4c | 07f0 0f84 
  0x0000020ebd2d08d4: 4d00 0000 | 498b c248 | 83e0 fc49 | 83ca 01f0 | 4d0f b111 | 0f85 5052 | 0000 e932 | 0000 0049 
  0x0000020ebd2d08f4: 83ba 8600 | 0000 0075 | 1e49 8b82 | 9600 0000 | 490b 828e | 0000 000f | 8541 5200 | 0049 c742 
  0x0000020ebd2d0914: 3e00 0000 | 00eb 0a49 | ff8a 8600 | 0000 4533 | d20f 8508 | 2c00 004d | 8d14 ec45 | 8b5a 0c45 
  0x0000020ebd2d0934: 85db 0f86 | 9c00 0000 | 458d 4bff | 453b cb0f | 83e3 2c00 | 0045 33c0 | 4889 7c24 | 2889 7424 
  0x0000020ebd2d0954: 584c 896c | 2420 4489 | 5c24 54eb | 054c 8b54 | 2430 438b | 6c82 1044 | 8944 2450 | 4c89 5424 
  0x0000020ebd2d0974: 4048 8bd5 | 48c1 e203 | 4c89 5424 | 3090 c5f8 | 7748 b810 | 4a2b 360f 

  0x0000020ebd2d098c: ;   {virtual_call}
  0x0000020ebd2d098c: 0200 00e8 

  0x0000020ebd2d0990: ; ImmutableOopMap {rbp=NarrowOop [32]=Oop [40]=Oop [48]=Oop [64]=Oop [72]=Oop [88]=NarrowOop }
                      ;*invokeinterface isEnabled {reexecute=0 rethrow=0 return_oop=0}
                      ; - com.jme3.app.state.AppStateManager::postRender@27 (line 380)
                      ; - com.jme3.app.SimpleApplication::update@212 (line 274)
                      ; - com.jme3.system.lwjgl.LwjglWindow::runLoop@37 (line 530)
  0x0000020ebd2d0990: dc62 9eff 

  0x0000020ebd2d0994: ;   {other}
  0x0000020ebd2d0994: 0f1f 8400 | 0c1e 0013 | 85c0 0f84 | 9c21 0000 | 498d 14ec | 6690 c5f8 | 7748 b838 | 4a2b 360f 
  0x0000020ebd2d09b4: ;   {virtual_call}
  0x0000020ebd2d09b4: 0200 00e8 

  0x0000020ebd2d09b8: ; ImmutableOopMap {rbp=NarrowOop [32]=Oop [40]=Oop [48]=Oop [72]=Oop [88]=NarrowOop }
                      ;*invokeinterface postRender {reexecute=0 rethrow=0 return_oop=0}
                      ; - com.jme3.app.state.AppStateManager::postRender@37 (line 381)
                      ; - com.jme3.app.SimpleApplication::update@212 (line 274)
                      ; - com.jme3.system.lwjgl.LwjglWindow::runLoop@37 (line 530)
  0x0000020ebd2d09b8: 74d8 92ff 

  0x0000020ebd2d09bc: ;   {other}
  0x0000020ebd2d09bc: 0f1f 8400 | 341e 0014 | 448b 4424 | 5041 ffc0 | 443b 4424 | 547c 8e48 | 8b7c 2428 | 8b6f 5c85 
  0x0000020ebd2d09dc: ed0f 857b | 2b00 004c | 8b54 2448 | 458b 5214 

  0x0000020ebd2d09ec: ; implicit exception: dispatches to 0x0000020ebd2d53d8
  0x0000020ebd2d09ec: 478b 5cd4 | 0c45 85db | 0f84 be2f | 0000 4c8b | 5424 4841 | 0fb6 6a4e | 85ed 0f84 | cc2f 0000 
  0x0000020ebd2d0a0c: 410f b66a | 4d85 ed0f | 84d7 2f00 | 004d 8b5a | 404d 85db | 0f84 e22f | 0000 49b8 | 501b cdc7 
  0x0000020ebd2d0a2c: fa7f 0000 | 498b d349 | 8beb 6690 

  0x0000020ebd2d0a38: ;   {static_call}
  0x0000020ebd2d0a38: c5f8 77e8 

  0x0000020ebd2d0a3c: ; ImmutableOopMap {[72]=Oop }
                      ;*invokestatic invokePV {reexecute=0 rethrow=0 return_oop=0}
                      ; - org.lwjgl.glfw.GLFW::glfwSwapBuffers@17 (line 4565)
                      ; - com.jme3.system.lwjgl.LwjglWindow::runLoop@70 (line 539)
  0x0000020ebd2d0a3c: f0a9 ebff 

  0x0000020ebd2d0a40: ;   {other}
  0x0000020ebd2d0a40: 0f1f 8400 | b81e 0015 | 4c8b 5424 | 4841 8b6a | 2c45 8b54 

  0x0000020ebd2d0a54: ;   {metadata('com/jme3/renderer/opengl/GLRenderer')}
  0x0000020ebd2d0a54: ec08 4181 | fa38 6e1a | 010f 8515 | 2b00 004d | 8d14 ec41 | 8b5a 4c45 | 8b44 dc14 

  0x0000020ebd2d0a70: ; implicit exception: dispatches to 0x0000020ebd2d540c
  0x0000020ebd2d0a70: 478b 5cc4 | 0c47 8b4c | c410 453b | d90f 850d | 2b00 0041 | 8b6c dc0c 

  0x0000020ebd2d0a88: ; implicit exception: dispatches to 0x0000020ebd2d542c
  0x0000020ebd2d0a88: 458b 44ec 

  0x0000020ebd2d0a8c: ;   {metadata('java/lang/ref/ReferenceQueue')}
  0x0000020ebd2d0a8c: 0841 81f8 | 107e 1900 | 0f85 162b | 0000 4d8d | 1cec 453b | 630c 0f85 | 1d13 0000 

  0x0000020ebd2d0aa8: ;   {oop(a 'com/jme3/opencl/OpenCLObjectManager'{0x0000000414800380})}
  0x0000020ebd2d0aa8: 49bb 8003 | 8014 0400 | 0000 418b | 6b10 458b | 44ec 0c47 | 8b5c c414 | 4585 db0f | 85f3 2c00 
  0x0000020ebd2d0ac8: ;   {oop(a 'java/util/logging/Logger'{0x0000000414800398})}
  0x0000020ebd2d0ac8: 0049 bb98 | 0380 1404 | 0000 0045 | 8b5b 1047 | 8b44 dc0c 

  0x0000020ebd2d0adc: ;   {oop(a 'java/util/logging/Level'{0x00000004049c0500})}
  0x0000020ebd2d0adc: 49bb 0005 | 9c04 0400 | 0000 458b | 5b0c 453b | d80f 8d87 | 1600 0041 | 8b6a 6445 | 8b44 ec08 
  0x0000020ebd2d0afc: ;   {metadata('com/jme3/renderer/lwjgl/LwjglGL')}
  0x0000020ebd2d0afc: 4181 f860 | 5f1a 010f | 85c7 2a00 | 004c 8b54 | 2448 410f | b66a 4d85 | ed0f 841d | 2f00 0045 
  0x0000020ebd2d0b1c: 8b5a 4845 | 8b4a 1847 | 8b44 cc24 

  0x0000020ebd2d0b28: ; implicit exception: dispatches to 0x0000020ebd2d3b74
  0x0000020ebd2d0b28: 438b 4cc4 | 0c85 c90f | 86ab 2c00 

  0x0000020ebd2d0b34: ;   {oop("FrameRate"{0x000000040494c5d8})}
  0x0000020ebd2d0b34: 0049 bad8 | c594 0404 | 0000 0041 | 8b5a 0c85 | db0f 85f0 | 0100 0041 | 0fb6 5a11 | 85db 0f85 
  0x0000020ebd2d0b54: 6612 0000 | ba09 0000 

  0x0000020ebd2d0b5c: ;   {oop([B{0x000000040494c5f0})}
  0x0000020ebd2d0b5c: 0048 bff0 | c594 0404 | 0000 0048 | 83c7 1033 | db83 fa20 | 0f8c 5f01 | 0000 4533 | d2c4 411d 
  0x0000020ebd2d0b7c: efe4 c5fd | efc0 c5e5 | efdb c5ed 

  0x0000020ebd2d0b88: ;   {external_word}
  0x0000020ebd2d0b88: efd2 48be | e00d de57 | f97f 0000 | 8b2e c579 | 6edd c442 | 7d58 db8b | f283 e6e0 | 0faf ddc4 
  0x0000020ebd2d0ba8: a17a 7e0c | 17c4 a17a | 7e74 1708 | c4a1 7a7e | 6c17 10c4 | a17a 7e64 | 1718 c442 | 1d40 e3c4 
  0x0000020ebd2d0bc8: e27d 31c9 | c51d fee1 | c4c2 7d40 | c3c4 e27d | 31f6 c5fd | fec6 c4c2 | 6540 dbc4 | e27d 31ed 
  0x0000020ebd2d0be8: c5e5 fedd | c4c2 6d40 | d3c4 e27d | 31e4 c5ed | fed4 4183 | c220 443b | d67c a148 | 8d3c 372b 
  0x0000020ebd2d0c08: ;   {external_word}
  0x0000020ebd2d0c08: d648 bee4 | 0dde 57f9 | 7f00 00c5 | 7e6f 16c4 | 421d 40e2 

  0x0000020ebd2d0c1c: ;   {external_word}
  0x0000020ebd2d0c1c: 48be 040e | de57 f97f | 0000 c57e | 6f0e c4c2 

  0x0000020ebd2d0c2c: ;   {external_word}
  0x0000020ebd2d0c2c: 7d40 c148 | be24 0ede | 57f9 7f00 | 00c5 7e6f | 06c4 c265 

  0x0000020ebd2d0c40: ;   {external_word}
  0x0000020ebd2d0c40: 40d8 48be | 440e de57 | f97f 0000 | c5fe 6f3e | c4e2 6d40 | d7c4 c21d | 02cc c4e3 | 7d39 ce01 
  0x0000020ebd2d0c60: c5f1 fece | c4e2 7102 | c9c5 f96e | f3c5 f1fe | cec5 f97e | cbc4 e27d | 02e8 c4e3 | 7d39 ec01 
  0x0000020ebd2d0c80: c5d1 feec | c4e2 5102 | edc5 f96e | e3c5 d1fe | ecc5 f97e | ebc4 e265 | 02cb c4e3 | 7d39 ce01 
  0x0000020ebd2d0ca0: c5f1 fece | c4e2 7102 | c9c5 f96e | f3c5 f1fe | cec5 f97e | cbc4 e26d | 02ea c4e3 | 7d39 ec01 
  0x0000020ebd2d0cc0: c5d1 feec | c4e2 5102 | edc5 f96e | e3c5 d1fe | ecc5 f97e | eb41 ba01 | 0000 0044 | 3bd2 0f8d 
  0x0000020ebd2d0ce0: 2700 0000 | bdc1 0300 | 000f afdd | 420f b674 | 17ff 8bee | c1e5 052b | ee03 dd42 | 0fb6 2c17 
  0x0000020ebd2d0d00: 03dd 4183 | c202 443b | d27c d97f | 0f8b f3c1 | e305 2bde | 420f b66c | 17ff 03dd | 85db 0f84 
  0x0000020ebd2d0d20: 7416 0000 

  0x0000020ebd2d0d24: ;   {oop("FrameRate"{0x000000040494c5d8})}
  0x0000020ebd2d0d24: 49ba d8c5 | 9404 0400 | 0000 4189 | 5a0c 8bf3 | c1ee 1033 | f3eb 078b | f3c1 ee10 | 33f3 8d51 
  0x0000020ebd2d0d44: ff23 d64b | 8d3c c444 | 8b6c 9710 

  0x0000020ebd2d0d50: ; implicit exception: dispatches to 0x0000020ebd2d3b74
  0x0000020ebd2d0d50: 478b 54ec | 0c4b 8d14 | ec4b 8d04 | cc44 3bd6 | 0f84 2f01 | 0000 438b | 6cec 1885 | ed0f 8401 
  0x0000020ebd2d0d70: 2e00 0047 | 8b54 ec08 

  0x0000020ebd2d0d78: ;   {metadata('java/util/HashMap$TreeNode')}
  0x0000020ebd2d0d78: 4181 fa10 | b729 000f | 840f 2e00 | 0049 8d1c | ec44 8b53 | 0c44 3bd6 | 741d 498b | af50 0400 
  0x0000020ebd2d0d98: 0044 8b53 

  0x0000020ebd2d0d9c: ; ImmutableOopMap {r10=NarrowOop r8=NarrowOop r9=NarrowOop rdi=Oop rdx=Oop rax=Oop r13=NarrowOop [72]=Oop }
                      ;*ifnonnull {reexecute=1 rethrow=0 return_oop=0}
                      ; - (reexecute) java.util.HashMap::getNode@145 (line 588)
                      ; - java.util.HashMap::get@2 (line 565)
                      ; - com.jme3.system.AppSettings::getInteger@2 (line 485)
                      ; - com.jme3.system.AppSettings::getFrameRate@3 (line 917)
                      ; - com.jme3.system.lwjgl.LwjglWindow::runLoop@120 (line 553)
                      ;   {poll}
  0x0000020ebd2d0d9c: 1885 4500 | 4585 d20f | 84cb 2d00 | 004b 8d1c | d4eb da8b 

  0x0000020ebd2d0db0: ;   {oop("FrameRate"{0x000000040494c5d8})}
  0x0000020ebd2d0db0: 6b10 81fd | bb98 9280 | 746d 4889 | 5c24 5848 | 8954 2440 | 4489 6c24 | 3c48 897c | 2420 8974 
  0x0000020ebd2d0dd0: 2438 894c | 2434 4489 | 4424 3044 | 894c 242c | 4489 5c24 | 284c 8bc5 | 49c1 e003 

  0x0000020ebd2d0dec: ;   {oop("FrameRate"{0x000000040494c5d8})}
  0x0000020ebd2d0dec: 48ba d8c5 | 9404 0400 | 0000 4889 | 4424 6048 | 8944 2468 

  0x0000020ebd2d0e00: ;   {optimized virtual_call}
  0x0000020ebd2d0e00: c5f8 77e8 

  0x0000020ebd2d0e04: ; ImmutableOopMap {rbp=NarrowOop [32]=Oop [44]=NarrowOop [48]=NarrowOop [60]=NarrowOop [64]=Oop [72]=Oop [88]=Oop [96]=Oop [104]=Oop }
                      ;*invokevirtual equals {reexecute=0 rethrow=0 return_oop=0}
                      ; - java.util.HashMap::getNode@128 (line 586)
                      ; - java.util.HashMap::get@2 (line 565)
                      ; - com.jme3.system.AppSettings::getInteger@2 (line 485)
                      ; - com.jme3.system.AppSettings::getFrameRate@3 (line 917)
                      ; - com.jme3.system.lwjgl.LwjglWindow::runLoop@120 (line 553)
  0x0000020ebd2d0e04: d8d9 62ff 

  0x0000020ebd2d0e08: ;   {other}
  0x0000020ebd2d0e08: 0f1f 8400 | 8022 0017 | 85c0 0f84 | bc2e 0000 | 448b 5c24 | 2844 8b4c | 242c 488b | 5c24 5848 
  0x0000020ebd2d0e28: 8bd3 8b6a | 1445 8b54 

  0x0000020ebd2d0e30: ;   {metadata('java/lang/Integer')}
  0x0000020ebd2d0e30: ec08 4181 | fae8 1018 | 000f 8521 | 3c00 004d | 8d14 ec41 | 8b6a 0c44 | 3bdd 0f85 | 002c 0000 
  0x0000020ebd2d0e50: 4c8b 5424 | 4841 8b6a | 4885 ed0f | 8f0b 2c00 | 0048 baa0 | 68cd c7fa | 7f00 0090 

  0x0000020ebd2d0e6c: ;   {static_call}
  0x0000020ebd2d0e6c: c5f8 77e8 

  0x0000020ebd2d0e70: ; ImmutableOopMap {[72]=Oop }
                      ;*invokestatic invokeV {reexecute=0 rethrow=0 return_oop=0}
                      ; - org.lwjgl.glfw.GLFW::glfwPollEvents@8 (line 3094)
                      ; - com.jme3.system.lwjgl.LwjglWindow::runLoop@216 (line 576)
  0x0000020ebd2d0e70: bc02 ecff 

  0x0000020ebd2d0e74: ;   {other}
  0x0000020ebd2d0e74: 0f1f 8400 | ec22 0018 | c5f8 7748 | 81c4 d000 

  0x0000020ebd2d0e84: ;   {poll_return}
  0x0000020ebd2d0e84: 0000 5d49 | 3ba7 4804 | 0000 0f87 | 944c 0000 | c343 8b6c 

  0x0000020ebd2d0e98: ;   {oop("FrameRate"{0x000000040494c5d8})}
  0x0000020ebd2d0e98: ec10 81fd | bb98 9280 | 7488 4889 | 5424 4044 | 896c 243c | 4889 7c24 | 2089 7424 | 3889 4c24 
  0x0000020ebd2d0eb8: 3444 8944 | 2430 4489 | 4c24 2c44 | 895c 2428 | 4c8b c549 

  0x0000020ebd2d0ecc: ;   {oop("FrameRate"{0x000000040494c5d8})}
  0x0000020ebd2d0ecc: c1e0 0348 | bad8 c594 | 0404 0000 | 0048 8944 | 2458 4889 | 4424 6090 

  0x0000020ebd2d0ee4: ;   {optimized virtual_call}
  0x0000020ebd2d0ee4: c5f8 77e8 

  0x0000020ebd2d0ee8: ; ImmutableOopMap {rbp=NarrowOop [32]=Oop [44]=NarrowOop [48]=NarrowOop [60]=NarrowOop [64]=Oop [72]=Oop [88]=Oop [96]=Oop }
                      ;*invokevirtual equals {reexecute=0 rethrow=0 return_oop=0}
                      ; - java.util.HashMap::getNode@63 (line 579)
                      ; - java.util.HashMap::get@2 (line 565)
                      ; - com.jme3.system.AppSettings::getInteger@2 (line 485)
                      ; - com.jme3.system.AppSettings::getFrameRate@3 (line 917)
                      ; - com.jme3.system.lwjgl.LwjglWindow::runLoop@120 (line 553)
  0x0000020ebd2d0ee8: f4d8 62ff 

  0x0000020ebd2d0eec: ;   {other}
  0x0000020ebd2d0eec: 0f1f 8400 | 6423 0019 | 85c0 0f84 | b42d 0000 | 448b 5c24 | 2844 8b4c | 242c 488b | 5424 40e9 
  0x0000020ebd2d0f0c: 1aff ffff | 438b 6cdc | 1443 8b4c | dc10 4b8d | 1cdc 4c8b | c149 c1e0 | 0385 ed0f | 85ed 0000 
  0x0000020ebd2d0f2c: 0048 895c | 2460 418b | eb4c 896c | 2458 4c89 | 4c24 5044 | 8954 2440 | 897c 243c | 4489 7424 
  0x0000020ebd2d0f4c: 3448 8974 | 2428 488b | d345 33c9 

  0x0000020ebd2d0f58: ;   {optimized virtual_call}
  0x0000020ebd2d0f58: c5f8 77e8 

  0x0000020ebd2d0f5c: ; ImmutableOopMap {rbp=NarrowOop [40]=Oop [52]=NarrowOop [60]=NarrowOop [64]=NarrowOop [72]=Oop [80]=Oop [88]=Oop [96]=Oop }
                      ;*invokevirtual createArray {reexecute=0 rethrow=0 return_oop=1}
                      ; - com.jme3.util.SafeArrayList::createArray@6 (line 129)
                      ; - com.jme3.util.SafeArrayList::getArray@22 (line 143)
                      ; - com.jme3.app.state.AppStateManager::getStates@11 (line 127)
                      ; - com.jme3.app.state.AppStateManager::render@1 (line 366)
                      ; - com.jme3.app.SimpleApplication::update@161 (line 269)
                      ; - com.jme3.system.lwjgl.LwjglWindow::runLoop@37 (line 530)
  0x0000020ebd2d0f5c: 80d8 62ff 

  0x0000020ebd2d0f60: ;   {other}
  0x0000020ebd2d0f60: 0f1f 8400 | d823 001a | 488b d841 | 807f 3800 | 0f85 2318 | 0000 448b | dd4c 8bcb | 4d8b c149 
  0x0000020ebd2d0f80: c1e8 0347 | 8944 dc18 | 4c8b 5424 | 604d 8bc1 | 4d33 c249 | c1e8 174d | 85c0 0f84 | 5901 0000 
  0x0000020ebd2d0fa0: 4d85 c90f | 8450 0100 | 0049 c1ea | 0948 b900 | 0073 c50e | 0200 0049 | 03ca 8039 | 020f 8436 
  0x0000020ebd2d0fc0: 0100 004d | 8b57 484d | 8b47 40f0 | 8344 24c0 | 0080 3900 | 0f84 1f01 | 0000 4488 | 214d 85c0 
  0x0000020ebd2d0fe0: 7526 418b | fb49 8bd7 | c5f8 7749 | bac0 0769 | 57f9 7f00 | 0041 ffd2 

  0x0000020ebd2d0ff8: ;   {other}
  0x0000020ebd2d0ff8: 0f1f 8400 | 0000 0000 | 448b dfe9 | f100 0000 | 4b89 4c02 | f849 83c0 | f84d 8947 | 40e9 df00 
  0x0000020ebd2d1018: 0000 418b 

  0x0000020ebd2d101c: ;   {metadata('java/util/ArrayList')}
  0x0000020ebd2d101c: 54ec 0881 | fa28 a01e | 000f 851d | 2e00 0048 | 895c 2460 | 4489 5c24 | 304c 896c | 2458 4c89 
  0x0000020ebd2d103c: 4c24 5044 | 8954 2440 | 897c 243c | 4489 7424 | 3448 8974 | 2428 4d8d | 14ec 4d8b | ca45 8b59 
  0x0000020ebd2d105c: 1049 8be9 | 488b d345 | 8bcb 4489 | 4c24 4490 

  0x0000020ebd2d106c: ;   {optimized virtual_call}
  0x0000020ebd2d106c: c5f8 77e8 

  0x0000020ebd2d1070: ; ImmutableOopMap {rbp=Oop [40]=Oop [48]=NarrowOop [52]=NarrowOop [60]=NarrowOop [64]=NarrowOop [72]=Oop [80]=Oop [88]=Oop [96]=Oop }
                      ;*invokevirtual createArray {reexecute=0 rethrow=0 return_oop=1}
                      ; - com.jme3.util.SafeArrayList::createArray@6 (line 129)
                      ; - com.jme3.util.SafeArrayList::getArray@46 (line 148)
                      ; - com.jme3.app.state.AppStateManager::getStates@11 (line 127)
                      ; - com.jme3.app.state.AppStateManager::render@1 (line 366)
                      ; - com.jme3.app.SimpleApplication::update@161 (line 269)
                      ; - com.jme3.system.lwjgl.LwjglWindow::runLoop@37 (line 530)
  0x0000020ebd2d1070: 6cd7 62ff 

  0x0000020ebd2d1074: ;   {other}
  0x0000020ebd2d1074: 0f1f 8400 | ec24 001b | 488b d54c | 8bc0 6690 

  0x0000020ebd2d1084: ;   {optimized virtual_call}
  0x0000020ebd2d1084: c5f8 77e8 

  0x0000020ebd2d1088: ; ImmutableOopMap {[40]=Oop [48]=NarrowOop [52]=NarrowOop [60]=NarrowOop [64]=NarrowOop [72]=Oop [80]=Oop [88]=Oop [96]=Oop }
                      ;*invokeinterface toArray {reexecute=0 rethrow=0 return_oop=1}
                      ; - com.jme3.util.SafeArrayList::getArray@49 (line 148)
                      ; - com.jme3.app.state.AppStateManager::getStates@11 (line 127)
                      ; - com.jme3.app.state.AppStateManager::render@1 (line 366)
                      ; - com.jme3.app.SimpleApplication::update@161 (line 269)
                      ; - com.jme3.system.lwjgl.LwjglWindow::runLoop@37 (line 530)
  0x0000020ebd2d1088: 54d7 62ff 

  0x0000020ebd2d108c: ;   {other}
  0x0000020ebd2d108c: 0f1f 8400 | 0425 001c | 488b d841 | 807f 3800 | 0f85 9911 | 0000 448b | 5c24 304c | 8bcb 4d8b 
  0x0000020ebd2d10ac: c149 c1e8 | 0347 8944 | dc18 4c8b | 5424 604d | 8bc1 4d33 | c249 c1e8 | 174d 85c0 | 741f 4d85 
  0x0000020ebd2d10cc: c974 1a49 | c1ea 0948 | b900 0073 | c50e 0200 | 0049 03ca | 8039 020f | 8503 1200 | 0041 807f 
  0x0000020ebd2d10ec: 3800 0f85 | 0f11 0000 | 4789 64dc | 1443 8b6c | dc18 85ed | 0f84 f22b | 0000 488b | 7424 2844 
  0x0000020ebd2d110c: 8b74 2434 | 8b7c 243c | 448b 5424 | 404c 8b4c | 2450 4c8b | 6c24 58e9 | 9af1 ffff | 438b 6cd4 
  0x0000020ebd2d112c: 1447 8b44 | d410 4b8d | 0cd4 49c1 | e003 85ed | 0f85 e100 | 0000 4889 | 4c24 5841 | 8bea 4c89 
  0x0000020ebd2d114c: 4c24 504c | 896c 2440 | 4489 5c24 | 3c89 7424 | 3448 897c | 2428 488b | d145 33c9 

  0x0000020ebd2d1168: ;   {optimized virtual_call}
  0x0000020ebd2d1168: c5f8 77e8 

  0x0000020ebd2d116c: ; ImmutableOopMap {rbp=NarrowOop [40]=Oop [52]=NarrowOop [60]=NarrowOop [64]=Oop [72]=Oop [80]=Oop [88]=Oop }
                      ;*invokevirtual createArray {reexecute=0 rethrow=0 return_oop=1}
                      ; - com.jme3.util.SafeArrayList::createArray@6 (line 129)
                      ; - com.jme3.util.SafeArrayList::getArray@22 (line 143)
                      ; - com.jme3.app.state.AppStateManager::getStates@11 (line 127)
                      ; - com.jme3.app.state.AppStateManager::postRender@1 (line 378)
                      ; - com.jme3.app.SimpleApplication::update@212 (line 274)
                      ; - com.jme3.system.lwjgl.LwjglWindow::runLoop@37 (line 530)
  0x0000020ebd2d116c: 70d6 62ff 

  0x0000020ebd2d1170: ;   {other}
  0x0000020ebd2d1170: 0f1f 8400 | e825 001d | 488b f841 | 807f 3800 | 0f85 4e16 | 0000 8bdd | 4c8b c74d | 8bd0 49c1 
  0x0000020ebd2d1190: ea03 4589 | 54dc 184c | 8b54 2458 | 4d8b d84d | 33da 49c1 | eb17 4d85 | db0f 844d | 0100 004d 
  0x0000020ebd2d11b0: 85c0 0f84 | 4401 0000 | 49c1 ea09 | 4c8b 4424 | 204d 03c2 | 4180 3802 | 0f84 2e01 | 0000 4d8b 
  0x0000020ebd2d11d0: 5748 4d8b | 5f40 f083 | 4424 c000 | 4180 3800 | 0f84 1601 | 0000 4588 | 204d 85db | 7523 498b 
  0x0000020ebd2d11f0: c849 8bd7 | c5f8 7749 | bac0 0769 | 57f9 7f00 | 0041 ffd2 

  0x0000020ebd2d1204: ;   {other}
  0x0000020ebd2d1204: 0f1f 8400 | 0000 0000 | e9eb 0000 | 004f 8944 | 1af8 4983 | c3f8 4d89 | 5f40 e9d9 | 0000 0041 
  0x0000020ebd2d1224: 8b5c ec08 

  0x0000020ebd2d1228: ;   {metadata('java/util/ArrayList')}
  0x0000020ebd2d1228: 81fb 28a0 | 1e00 0f85 | 5c2c 0000 | 4889 4c24 | 5844 8954 | 2430 4c89 | 4c24 504c | 896c 2440 
  0x0000020ebd2d1248: 4489 5c24 | 3c89 7424 | 3448 897c | 2428 4d8d | 14ec 4d8b | da45 8b53 | 1049 8beb | 488b d145 
  0x0000020ebd2d1268: 8bca 4489 | 9424 8000 | 0000 6690 

  0x0000020ebd2d1274: ;   {optimized virtual_call}
  0x0000020ebd2d1274: c5f8 77e8 

  0x0000020ebd2d1278: ; ImmutableOopMap {rbp=Oop [40]=Oop [48]=NarrowOop [52]=NarrowOop [60]=NarrowOop [64]=Oop [72]=Oop [80]=Oop [88]=Oop }
                      ;*invokevirtual createArray {reexecute=0 rethrow=0 return_oop=1}
                      ; - com.jme3.util.SafeArrayList::createArray@6 (line 129)
                      ; - com.jme3.util.SafeArrayList::getArray@46 (line 148)
                      ; - com.jme3.app.state.AppStateManager::getStates@11 (line 127)
                      ; - com.jme3.app.state.AppStateManager::postRender@1 (line 378)
                      ; - com.jme3.app.SimpleApplication::update@212 (line 274)
                      ; - com.jme3.system.lwjgl.LwjglWindow::runLoop@37 (line 530)
  0x0000020ebd2d1278: 64d5 62ff 

  0x0000020ebd2d127c: ;   {other}
  0x0000020ebd2d127c: 0f1f 8400 | f426 001e | 488b d54c | 8bc0 6690 

  0x0000020ebd2d128c: ;   {optimized virtual_call}
  0x0000020ebd2d128c: c5f8 77e8 

  0x0000020ebd2d1290: ; ImmutableOopMap {[40]=Oop [48]=NarrowOop [52]=NarrowOop [60]=NarrowOop [64]=Oop [72]=Oop [80]=Oop [88]=Oop }
                      ;*invokeinterface toArray {reexecute=0 rethrow=0 return_oop=1}
                      ; - com.jme3.util.SafeArrayList::getArray@49 (line 148)
                      ; - com.jme3.app.state.AppStateManager::getStates@11 (line 127)
                      ; - com.jme3.app.state.AppStateManager::postRender@1 (line 378)
                      ; - com.jme3.app.SimpleApplication::update@212 (line 274)
                      ; - com.jme3.system.lwjgl.LwjglWindow::runLoop@37 (line 530)
  0x0000020ebd2d1290: 4cd5 62ff 

  0x0000020ebd2d1294: ;   {other}
  0x0000020ebd2d1294: 0f1f 8400 | 0c27 001f | 488b f841 | 807f 3800 | 0f85 ce0f | 0000 8b5c | 2430 4c8b | c74d 8bd0 
  0x0000020ebd2d12b4: 49c1 ea03 | 4589 54dc | 184c 8b54 | 2458 4d8b | d84d 33da | 49c1 eb17 | 4d85 db74 | 1b4d 85c0 
  0x0000020ebd2d12d4: 7416 49c1 | ea09 4c8b | 4424 204d | 03c2 4180 | 3802 0f85 | 5710 0000 | 4180 7f38 | 000f 85bd 
  0x0000020ebd2d12f4: 0f00 0045 | 8964 dc14 | 418b 6cdc | 1885 ed0f | 842f 2a00 | 0048 8b7c | 2428 8b74 | 2434 448b 
  0x0000020ebd2d1314: 5c24 3c4c | 8b6c 2440 | 4c8b 4c24 | 50e9 69f5 | ffff 438b | 6ccc 1447 | 8b5c cc10 | 4f8d 14cc 
  0x0000020ebd2d1334: 4d8b c349 | c1e0 0385 | ed0f 85cc | 0000 004c | 8954 2430 | 418b e949 | 8bd2 4533 | c966 6690 
  0x0000020ebd2d1354: ;   {optimized virtual_call}
  0x0000020ebd2d1354: c5f8 77e8 

  0x0000020ebd2d1358: ; ImmutableOopMap {rbp=NarrowOop [40]=Oop [48]=Oop [64]=Oop [72]=Oop }
                      ;*invokevirtual createArray {reexecute=0 rethrow=0 return_oop=1}
                      ; - com.jme3.util.SafeArrayList::createArray@6 (line 129)
                      ; - com.jme3.util.SafeArrayList::getArray@22 (line 143)
                      ; - com.jme3.scene.Spatial::runControlUpdate@15 (line 736)
                      ; - com.jme3.scene.Spatial::updateLogicalState@2 (line 880)
                      ; - com.jme3.scene.Node::updateLogicalState@2 (line 231)
                      ; - com.jme3.app.SimpleApplication::update@109 (line 261)
                      ; - com.jme3.system.lwjgl.LwjglWindow::runLoop@37 (line 530)
  0x0000020ebd2d1358: 84d4 62ff 

  0x0000020ebd2d135c: ;   {other}
  0x0000020ebd2d135c: 0f1f 8400 | d427 0020 | 488b f841 | 807f 3800 | 0f85 cb16 | 0000 8bdd | 4c8b c74d | 8bd8 49c1 
  0x0000020ebd2d137c: eb03 4589 | 5cdc 184c | 8b54 2430 | 4d8b d84d | 33da 49c1 | eb17 4d85 | db0f 8449 | 0100 004d 
  0x0000020ebd2d139c: 85c0 0f84 | 4001 0000 | 49c1 ea09 | 48b9 0000 | 73c5 0e02 | 0000 4903 | ca80 3902 | 0f84 2601 
  0x0000020ebd2d13bc: 0000 4d8b | 5748 4d8b | 5f40 f083 | 4424 c000 | 8039 000f | 840f 0100 | 0044 8821 | 4d85 db75 
  0x0000020ebd2d13dc: 2049 8bd7 | c5f8 7749 | bac0 0769 | 57f9 7f00 | 0041 ffd2 

  0x0000020ebd2d13f0: ;   {other}
  0x0000020ebd2d13f0: 0f1f 8400 | 0000 0000 | e9e7 0000 | 004b 894c | 1af8 4983 | c3f8 4d89 | 5f40 e9d5 | 0000 0045 
  0x0000020ebd2d1410: 8b5c ec08 

  0x0000020ebd2d1414: ;   {metadata('java/util/ArrayList')}
  0x0000020ebd2d1414: 4181 fb28 | a01e 000f | 85b3 2a00 | 004c 8954 | 2450 4489 | 4c24 304d | 8d14 ec45 | 8b4a 1049 
  0x0000020ebd2d1434: 8bea 488b | 5424 5048 | 8944 24f8 | 8b44 2438 | 8944 2434 | 488b 4424 | f844 898c | 2480 0000 
  0x0000020ebd2d1454: 0066 6690 

  0x0000020ebd2d1458: ;   {optimized virtual_call}
  0x0000020ebd2d1458: c5f8 77e8 

  0x0000020ebd2d145c: ; ImmutableOopMap {rbp=Oop [40]=Oop [48]=NarrowOop [64]=Oop [72]=Oop [80]=Oop }
                      ;*invokevirtual createArray {reexecute=0 rethrow=0 return_oop=1}
                      ; - com.jme3.util.SafeArrayList::createArray@6 (line 129)
                      ; - com.jme3.util.SafeArrayList::getArray@46 (line 148)
                      ; - com.jme3.scene.Spatial::runControlUpdate@15 (line 736)
                      ; - com.jme3.scene.Spatial::updateLogicalState@2 (line 880)
                      ; - com.jme3.scene.Node::updateLogicalState@2 (line 231)
                      ; - com.jme3.app.SimpleApplication::update@109 (line 261)
                      ; - com.jme3.system.lwjgl.LwjglWindow::runLoop@37 (line 530)
  0x0000020ebd2d145c: 80d3 62ff 

  0x0000020ebd2d1460: ;   {other}
  0x0000020ebd2d1460: 0f1f 8400 | d828 0021 | 488b d54c | 8bc0 6690 

  0x0000020ebd2d1470: ;   {optimized virtual_call}
  0x0000020ebd2d1470: c5f8 77e8 

  0x0000020ebd2d1474: ; ImmutableOopMap {[40]=Oop [48]=NarrowOop [64]=Oop [72]=Oop [80]=Oop }
                      ;*invokeinterface toArray {reexecute=0 rethrow=0 return_oop=1}
                      ; - com.jme3.util.SafeArrayList::getArray@49 (line 148)
                      ; - com.jme3.scene.Spatial::runControlUpdate@15 (line 736)
                      ; - com.jme3.scene.Spatial::updateLogicalState@2 (line 880)
                      ; - com.jme3.scene.Node::updateLogicalState@2 (line 231)
                      ; - com.jme3.app.SimpleApplication::update@109 (line 261)
                      ; - com.jme3.system.lwjgl.LwjglWindow::runLoop@37 (line 530)
  0x0000020ebd2d1474: 68d3 62ff 

  0x0000020ebd2d1478: ;   {other}
  0x0000020ebd2d1478: 0f1f 8400 | f028 0022 | 488b f841 | 807f 3800 | 0f85 9e0f | 0000 8b5c | 2430 4c8b | c74d 8bd0 
  0x0000020ebd2d1498: 49c1 ea03 | 4589 54dc | 184c 8b54 | 2450 4d8b | d84d 33da | 49c1 eb17 | 4d85 db74 | 1f4d 85c0 
  0x0000020ebd2d14b8: 741a 49c1 | ea09 48b9 | 0000 73c5 | 0e02 0000 | 4903 ca80 | 3902 0f85 | 0810 0000 | 4180 7f38 
  0x0000020ebd2d14d8: 000f 8515 | 0f00 0045 | 8964 dc14 | 418b 6cdc | 1885 ed0f | 856a ebff | ffba f4ff | ffff 488b 
  0x0000020ebd2d14f8: 6c24 484c | 8b54 2428 | 4c89 5424 | 20c5 fa10 | 4424 38c5 | fa11 4424 | 2cc5 fa11 | 4424 3090 
  0x0000020ebd2d1518: ;   {runtime_call UncommonTrapBlob}
  0x0000020ebd2d1518: c5f8 77e8 

  0x0000020ebd2d151c: ; ImmutableOopMap {rbp=Oop [32]=Oop [64]=Oop }
                      ;*checkcast {reexecute=0 rethrow=0 return_oop=0}
                      ; - com.jme3.scene.Spatial::runControlUpdate@18 (line 736)
                      ; - com.jme3.scene.Spatial::updateLogicalState@2 (line 880)
                      ; - com.jme3.scene.Node::updateLogicalState@2 (line 231)
                      ; - com.jme3.app.SimpleApplication::update@109 (line 261)
                      ; - com.jme3.system.lwjgl.LwjglWindow::runLoop@37 (line 530)
  0x0000020ebd2d151c: 402e 63ff 

  0x0000020ebd2d1520: ;   {other}
  0x0000020ebd2d1520: 0f1f 8400 | 9829 0023 | 418b 6ccc | 1445 8b5c | cc10 4d8d | 14cc 4d8b | c349 c1e0 | 0385 ed0f 
  0x0000020ebd2d1540: 85ca 0000 | 004c 8954 | 2430 8be9 | 498b d245 | 33c9 6690 

  0x0000020ebd2d1554: ;   {optimized virtual_call}
  0x0000020ebd2d1554: c5f8 77e8 

  0x0000020ebd2d1558: ; ImmutableOopMap {rbp=NarrowOop [40]=Oop [48]=Oop [64]=Oop [72]=Oop }
                      ;*invokevirtual createArray {reexecute=0 rethrow=0 return_oop=1}
                      ; - com.jme3.util.SafeArrayList::createArray@6 (line 129)
                      ; - com.jme3.util.SafeArrayList::getArray@22 (line 143)
                      ; - com.jme3.scene.Spatial::runControlUpdate@15 (line 736)
                      ; - com.jme3.scene.Spatial::updateLogicalState@2 (line 880)
                      ; - com.jme3.scene.Node::updateLogicalState@2 (line 231)
                      ; - com.jme3.app.SimpleApplication::update@117 (line 262)
                      ; - com.jme3.system.lwjgl.LwjglWindow::runLoop@37 (line 530)
  0x0000020ebd2d1558: 84d2 62ff 

  0x0000020ebd2d155c: ;   {other}
  0x0000020ebd2d155c: 0f1f 8400 | d429 0024 | 488b d841 | 807f 3800 | 0f85 0515 | 0000 8bfd | 4c8b c34d | 8bd8 49c1 
  0x0000020ebd2d157c: eb03 4589 | 5cfc 184c | 8b54 2430 | 4d8b d84d | 33da 49c1 | eb17 4d85 | db0f 8449 | 0100 004d 
  0x0000020ebd2d159c: 85c0 0f84 | 4001 0000 | 49c1 ea09 | 48b9 0000 | 73c5 0e02 | 0000 4903 | ca80 3902 | 0f84 2601 
  0x0000020ebd2d15bc: 0000 4d8b | 5748 4d8b | 5f40 f083 | 4424 c000 | 8039 000f | 840f 0100 | 0044 8821 | 4d85 db75 
  0x0000020ebd2d15dc: 2049 8bd7 | c5f8 7749 | bac0 0769 | 57f9 7f00 | 0041 ffd2 

  0x0000020ebd2d15f0: ;   {other}
  0x0000020ebd2d15f0: 0f1f 8400 | 0000 0000 | e9e7 0000 | 004b 894c | 1af8 4983 | c3f8 4d89 | 5f40 e9d5 | 0000 0045 
  0x0000020ebd2d1610: 8b5c ec08 

  0x0000020ebd2d1614: ;   {metadata('java/util/ArrayList')}
  0x0000020ebd2d1614: 4181 fb28 | a01e 000f | 85eb 2800 | 004c 8954 | 2450 894c | 2430 4d8d | 14ec 458b | 5a10 498b 
  0x0000020ebd2d1634: ea48 8b54 | 2450 458b | cb48 8944 | 24f8 8b44 | 2438 8944 | 2434 488b | 4424 f844 | 899c 2480 
  0x0000020ebd2d1654: 0000 0090 

  0x0000020ebd2d1658: ;   {optimized virtual_call}
  0x0000020ebd2d1658: c5f8 77e8 

  0x0000020ebd2d165c: ; ImmutableOopMap {rbp=Oop [40]=Oop [48]=NarrowOop [64]=Oop [72]=Oop [80]=Oop }
                      ;*invokevirtual createArray {reexecute=0 rethrow=0 return_oop=1}
                      ; - com.jme3.util.SafeArrayList::createArray@6 (line 129)
                      ; - com.jme3.util.SafeArrayList::getArray@46 (line 148)
                      ; - com.jme3.scene.Spatial::runControlUpdate@15 (line 736)
                      ; - com.jme3.scene.Spatial::updateLogicalState@2 (line 880)
                      ; - com.jme3.scene.Node::updateLogicalState@2 (line 231)
                      ; - com.jme3.app.SimpleApplication::update@117 (line 262)
                      ; - com.jme3.system.lwjgl.LwjglWindow::runLoop@37 (line 530)
  0x0000020ebd2d165c: 80d1 62ff 

  0x0000020ebd2d1660: ;   {other}
  0x0000020ebd2d1660: 0f1f 8400 | d82a 0025 | 488b d54c | 8bc0 6690 

  0x0000020ebd2d1670: ;   {optimized virtual_call}
  0x0000020ebd2d1670: c5f8 77e8 

  0x0000020ebd2d1674: ; ImmutableOopMap {[40]=Oop [48]=NarrowOop [64]=Oop [72]=Oop [80]=Oop }
                      ;*invokeinterface toArray {reexecute=0 rethrow=0 return_oop=1}
                      ; - com.jme3.util.SafeArrayList::getArray@49 (line 148)
                      ; - com.jme3.scene.Spatial::runControlUpdate@15 (line 736)
                      ; - com.jme3.scene.Spatial::updateLogicalState@2 (line 880)
                      ; - com.jme3.scene.Node::updateLogicalState@2 (line 231)
                      ; - com.jme3.app.SimpleApplication::update@117 (line 262)
                      ; - com.jme3.system.lwjgl.LwjglWindow::runLoop@37 (line 530)
  0x0000020ebd2d1674: 68d1 62ff 

  0x0000020ebd2d1678: ;   {other}
  0x0000020ebd2d1678: 0f1f 8400 | f02a 0026 | 488b d841 | 807f 3800 | 0f85 120e | 0000 8b7c | 2430 4c8b | c34d 8bd0 
  0x0000020ebd2d1698: 49c1 ea03 | 4589 54fc | 184c 8b54 | 2450 4d8b | d84d 33da | 49c1 eb17 | 4d85 db74 | 1f4d 85c0 
  0x0000020ebd2d16b8: 741a 49c1 | ea09 48b9 | 0000 73c5 | 0e02 0000 | 4903 ca80 | 3902 0f85 | 590e 0000 | 4180 7f38 
  0x0000020ebd2d16d8: 000f 8589 | 0d00 0045 | 8964 fc14 | 418b 6cfc | 1885 ed0f | 853c eaff | ffba f4ff | ffff 488b 
  0x0000020ebd2d16f8: 6c24 484c | 8b54 2428 | 4c89 5424 | 20c5 fa10 | 4424 38c5 | fa11 4424 | 2cc5 fa11 | 4424 3090 
  0x0000020ebd2d1718: ;   {runtime_call UncommonTrapBlob}
  0x0000020ebd2d1718: c5f8 77e8 

  0x0000020ebd2d171c: ; ImmutableOopMap {rbp=Oop [32]=Oop [64]=Oop }
                      ;*checkcast {reexecute=0 rethrow=0 return_oop=0}
                      ; - com.jme3.scene.Spatial::runControlUpdate@18 (line 736)
                      ; - com.jme3.scene.Spatial::updateLogicalState@2 (line 880)
                      ; - com.jme3.scene.Node::updateLogicalState@2 (line 231)
                      ; - com.jme3.app.SimpleApplication::update@117 (line 262)
                      ; - com.jme3.system.lwjgl.LwjglWindow::runLoop@37 (line 530)
  0x0000020ebd2d171c: 402c 63ff 

  0x0000020ebd2d1720: ;   {other}
  0x0000020ebd2d1720: 0f1f 8400 | 982b 0027 | 498b d248 | 8944 24f8 | 8b44 2438 | 8944 2430 | 488b 4424 | f866 6690 
  0x0000020ebd2d1740: ;   {optimized virtual_call}
  0x0000020ebd2d1740: c5f8 77e8 

  0x0000020ebd2d1744: ; ImmutableOopMap {[40]=Oop [64]=Oop [72]=Oop }
                      ;*invokespecial getUpdateList {reexecute=0 rethrow=0 return_oop=1}
                      ; - com.jme3.scene.Node::updateLogicalState@14 (line 241)
                      ; - com.jme3.app.SimpleApplication::update@109 (line 261)
                      ; - com.jme3.system.lwjgl.LwjglWindow::runLoop@37 (line 530)
  0x0000020ebd2d1744: c838 f8ff 

  0x0000020ebd2d1748: ;   {other}
  0x0000020ebd2d1748: 0f1f 8400 | c02b 0028 | 4885 c00f | 8417 2600 | 0048 8bd0 

  0x0000020ebd2d175c: ;   {optimized virtual_call}
  0x0000020ebd2d175c: c5f8 77e8 

  0x0000020ebd2d1760: ; ImmutableOopMap {[40]=Oop [64]=Oop [72]=Oop }
                      ;*invokevirtual getArray {reexecute=0 rethrow=0 return_oop=1}
                      ; - com.jme3.scene.Node::updateLogicalState@17 (line 241)
                      ; - com.jme3.app.SimpleApplication::update@109 (line 261)
                      ; - com.jme3.system.lwjgl.LwjglWindow::runLoop@37 (line 530)
  0x0000020ebd2d1760: ec75 e8ff 

  0x0000020ebd2d1764: ;   {other}
  0x0000020ebd2d1764: 0f1f 8400 | dc2b 0029 

  0x0000020ebd2d176c: ; implicit exception: dispatches to 0x0000020ebd2d566c
  0x0000020ebd2d176c: 448b 5008 

  0x0000020ebd2d1770: ;   {metadata('com/jme3/scene/Spatial'[])}
  0x0000020ebd2d1770: 4181 fa20 | 2c1c 010f | 8537 3100 | 004c 8bd0 | 458b 5a0c | 4585 db0f | 865d e9ff | ff45 8d43 
  0x0000020ebd2d1790: ff45 3bc3 | 0f83 2e26 | 0000 4533 | c944 895c | 2454 e97e | 0000 0049 | 8bd2 4889 | 4424 f88b 
  0x0000020ebd2d17b0: 4424 3889 | 4424 3048 | 8b44 24f8 

  0x0000020ebd2d17bc: ;   {optimized virtual_call}
  0x0000020ebd2d17bc: c5f8 77e8 

  0x0000020ebd2d17c0: ; ImmutableOopMap {[40]=Oop [64]=Oop [72]=Oop }
                      ;*invokespecial getUpdateList {reexecute=0 rethrow=0 return_oop=1}
                      ; - com.jme3.scene.Node::updateLogicalState@14 (line 241)
                      ; - com.jme3.app.SimpleApplication::update@117 (line 262)
                      ; - com.jme3.system.lwjgl.LwjglWindow::runLoop@37 (line 530)
  0x0000020ebd2d17c0: 4c38 f8ff 

  0x0000020ebd2d17c4: ;   {other}
  0x0000020ebd2d17c4: 0f1f 8400 | 3c2c 002a | 4885 c00f | 84c7 2500 | 0048 8bd0 

  0x0000020ebd2d17d8: ;   {optimized virtual_call}
  0x0000020ebd2d17d8: c5f8 77e8 

  0x0000020ebd2d17dc: ; ImmutableOopMap {[40]=Oop [64]=Oop [72]=Oop }
                      ;*invokevirtual getArray {reexecute=0 rethrow=0 return_oop=1}
                      ; - com.jme3.scene.Node::updateLogicalState@17 (line 241)
                      ; - com.jme3.app.SimpleApplication::update@117 (line 262)
                      ; - com.jme3.system.lwjgl.LwjglWindow::runLoop@37 (line 530)
  0x0000020ebd2d17dc: 7075 e8ff 

  0x0000020ebd2d17e0: ;   {other}
  0x0000020ebd2d17e0: 0f1f 8400 | 582c 002b 

  0x0000020ebd2d17e8: ; implicit exception: dispatches to 0x0000020ebd2d5698
  0x0000020ebd2d17e8: 448b 5008 

  0x0000020ebd2d17ec: ;   {metadata('com/jme3/scene/Spatial'[])}
  0x0000020ebd2d17ec: 4181 fa20 | 2c1c 010f | 85eb 3000 | 004c 8bd0 | 458b 5a0c | 4585 db0f | 86b1 e9ff | ff45 8d43 
  0x0000020ebd2d180c: ff45 3bc3 | 0f83 f225 | 0000 4533 | c944 895c | 2454 eb55 | 4c8b 5424 | 3043 8b6c | 8a10 4489 
  0x0000020ebd2d182c: 4c24 3c4c | 8954 2430 | 488b d548 | c1e2 03c5 | fa10 4424 | 3890 c5f8 | 7748 b860 | 4a2b 360f 
  0x0000020ebd2d184c: ;   {virtual_call}
  0x0000020ebd2d184c: 0200 00e8 

  0x0000020ebd2d1850: ; ImmutableOopMap {rbp=NarrowOop [40]=Oop [48]=Oop [64]=Oop [72]=Oop }
                      ;*invokevirtual updateLogicalState {reexecute=0 rethrow=0 return_oop=0}
                      ; - com.jme3.scene.Node::updateLogicalState@45 (line 242)
                      ; - com.jme3.app.SimpleApplication::update@109 (line 261)
                      ; - com.jme3.system.lwjgl.LwjglWindow::runLoop@37 (line 530)
  0x0000020ebd2d1850: 8c53 9eff 

  0x0000020ebd2d1854: ;   {other}
  0x0000020ebd2d1854: 0f1f 8400 | cc2c 002c | 448b 4c24 | 3c41 ffc1 | 443b 4c24 | 547c b5e9 | 7ae8 ffff | 4c8b 5424 
  0x0000020ebd2d1874: 3043 8b6c | 8a10 4489 | 4c24 3c4c | 8954 2430 | 488b d548 | c1e2 03c5 | fa10 4424 | 3890 c5f8 
  0x0000020ebd2d1894: 7748 b888 | 4a2b 360f 

  0x0000020ebd2d189c: ;   {virtual_call}
  0x0000020ebd2d189c: 0200 00e8 

  0x0000020ebd2d18a0: ; ImmutableOopMap {rbp=NarrowOop [40]=Oop [48]=Oop [64]=Oop [72]=Oop }
                      ;*invokevirtual updateLogicalState {reexecute=0 rethrow=0 return_oop=0}
                      ; - com.jme3.scene.Node::updateLogicalState@45 (line 242)
                      ; - com.jme3.app.SimpleApplication::update@117 (line 262)
                      ; - com.jme3.system.lwjgl.LwjglWindow::runLoop@37 (line 530)
  0x0000020ebd2d18a0: 3c53 9eff 

  0x0000020ebd2d18a4: ;   {other}
  0x0000020ebd2d18a4: 0f1f 8400 | 1c2d 002d | 448b 4c24 | 3c41 ffc1 | 443b 4c24 | 547c b5e9 | fae8 ffff | 4180 7f38 
  0x0000020ebd2d18c4: 000f 85bd | 0c00 008b | c34c 8b5c | 2420 f041 | 0fb1 3b40 | 0f94 c540 | 0fb6 ed85 | ed74 264d 
  0x0000020ebd2d18e4: 33d3 49c1 | ea17 4d85 | d274 1a49 | c1eb 0948 | b900 0073 | c50e 0200 | 0049 03cb | 8039 020f 
  0x0000020ebd2d1904: 85e1 0c00 | 0085 ed0f | 8409 2c00 | 0085 db0f | 8427 2600 | 0049 8d3c | dc49 8d6c | dc10 4180 
  0x0000020ebd2d1924: 7f38 000f | 8586 0c00 | 0089 5d00 | 4c8b d74c | 8bdd 4d33 | d349 c1ea | 174d 85d2 | 0f84 7be0 
  0x0000020ebd2d1944: ffff 49c1 | eb09 48b9 | 0000 73c5 | 0e02 0000 | 4903 cb80 | 3902 0f84 | 61e0 ffff | 4d8b 5740 
  0x0000020ebd2d1964: 4d8b 5f48 | f083 4424 | c000 8039 | 000f 844a | e0ff ff44 | 8821 4d85 | d275 2049 | 8bd7 c5f8 
  0x0000020ebd2d1984: 7749 bac0 | 0769 57f9 | 7f00 0041 

  0x0000020ebd2d1990: ;   {other}
  0x0000020ebd2d1990: ffd2 0f1f | 8400 0000 | 0000 e922 | e0ff ff4b | 894c 13f8 | 4983 c2f8 | 4d89 5740 | e910 e0ff 
  0x0000020ebd2d19b0: ff44 8b54 | 243c 488b | 4424 4045 | 8b43 2043 | 8b4c cc08 

  0x0000020ebd2d19c4: ;   {metadata('java/util/ArrayDeque')}
  0x0000020ebd2d19c4: 81f9 78cc | 2e00 0f85 | 5427 0000 | 4b8d 0ccc | 8b79 1444 | 8b49 0c41 | 8b5c fc0c | 443b cb0f 
  0x0000020ebd2d19e4: 83f7 2500 | 0049 8d34 | fc42 8b6c | 8e10 418b | 7cec 0841 | 807f 3800 | 0f85 c10c | 0000 418d 
  0x0000020ebd2d1a04: 5101 3bd3 | 0f8d a203 | 0000 8951 | 0c46 8964 

  0x0000020ebd2d1a14: ;   {metadata('com/jme3/input/event/KeyInputEvent')}
  0x0000020ebd2d1a14: 8e10 81ff | 38af 2101 | 0f85 722d | 0000 4d8d | 0cec 438b 

  0x0000020ebd2d1a28: ;   {metadata('com/jme3/input/InputManager')}
  0x0000020ebd2d1a28: 4cc4 0881 | f990 a31c | 010f 8579 | 2700 0049 | 8beb 4889 | 4424 4044 | 8954 243c | 4b8d 14c4 
  0x0000020ebd2d1a48: 4d8b c190 

  0x0000020ebd2d1a4c: ;   {optimized virtual_call}
  0x0000020ebd2d1a4c: c5f8 77e8 

  0x0000020ebd2d1a50: ; ImmutableOopMap {rbp=Oop [48]=Oop [60]=NarrowOop [72]=Oop [80]=Oop }
                      ;*invokeinterface onKeyEvent {reexecute=0 rethrow=0 return_oop=0}
                      ; - com.jme3.input.lwjgl.GlfwKeyInput::update@39 (line 161)
                      ; - com.jme3.input.InputManager::update@50 (line 906)
                      ; - com.jme3.app.LegacyApplication::update@91 (line 724)
                      ; - com.jme3.app.SimpleApplication::update@20 (line 246)
                      ; - com.jme3.system.lwjgl.LwjglWindow::runLoop@37 (line 530)
  0x0000020ebd2d1a50: 4c0f 87f8 

  0x0000020ebd2d1a54: ;   {other}
  0x0000020ebd2d1a54: 0f1f 8400 | cc2e 002e | 4d8b 9750 

  0x0000020ebd2d1a60: ; ImmutableOopMap {rbp=Oop [48]=Oop [60]=NarrowOop [72]=Oop [80]=Oop }
                      ;*goto {reexecute=1 rethrow=0 return_oop=0}
                      ; - (reexecute) com.jme3.input.lwjgl.GlfwKeyInput::update@44 (line 161)
                      ; - com.jme3.input.InputManager::update@50 (line 906)
                      ; - com.jme3.app.LegacyApplication::update@91 (line 724)
                      ; - com.jme3.app.SimpleApplication::update@20 (line 246)
                      ; - com.jme3.system.lwjgl.LwjglWindow::runLoop@37 (line 530)
                      ;   {poll}
  0x0000020ebd2d1a60: 0400 0041 | 8502 4c8b | dd45 8b4b | 1047 8b54 

  0x0000020ebd2d1a70: ;   {metadata('java/util/ArrayDeque')}
  0x0000020ebd2d1a70: cc08 4181 | fa78 cc2e | 000f 8509 | 2800 004f | 8d14 cc41 | 8b4a 0c45 | 8b52 1041 | 3bca 0f85 
  0x0000020ebd2d1a90: 1dff ffff | 448b 5424 | 3c48 8b44 | 2440 e9ec | e0ff ff44 | 8b54 243c | 488b 4424 | 4045 8b43 
  0x0000020ebd2d1ab0: 4045 8b4c 

  0x0000020ebd2d1ab4: ;   {metadata('java/util/ArrayDeque')}
  0x0000020ebd2d1ab4: cc08 4181 | f978 cc2e | 000f 8521 | 2600 0048 | c1e1 038b | 7114 448b | 490c 418b | 7cf4 0c44 
  0x0000020ebd2d1ad4: 3bcf 0f83 | a824 0000 | 498d 1cf4 | 428b 6c8b | 1041 8b74 | ec08 4180 | 7f38 000f | 8563 0b00 
  0x0000020ebd2d1af4: 0041 8d51 | 013b d70f | 8da8 0200 | 0089 510c | 4689 648b 

  0x0000020ebd2d1b08: ;   {metadata('com/jme3/input/event/MouseMotionEvent')}
  0x0000020ebd2d1b08: 1081 fe50 | a91c 010f | 85bf 2c00 | 004d 8d0c | ec49 8bc9 

  0x0000020ebd2d1b1c: ; implicit exception: dispatches to 0x0000020ebd2d57d0
  0x0000020ebd2d1b1c: 478b 4cc4 

  0x0000020ebd2d1b20: ;   {metadata('com/jme3/input/InputManager')}
  0x0000020ebd2d1b20: 0841 81f9 | 90a3 1c01 | 0f85 3626 | 0000 8b59 | 188b 511c | 4b8d 2cc4 | 448b 4d48 | c5f9 efc0 
  0x0000020ebd2d1b40: c5fa 2ac2 | c5e9 efd2 | c5ea 2ad3 | 4585 c90f | 84e7 2400 | 00c4 c179 | 7ec0 4889 | 4c24 604c 
  0x0000020ebd2d1b60: 895c 2458 | 4889 4424 | 4044 8954 | 243c 4b8d | 14cc c5f8 | 28c2 c4c1 | 796e c890 

  0x0000020ebd2d1b7c: ;   {optimized virtual_call}
  0x0000020ebd2d1b7c: c5f8 77e8 

  0x0000020ebd2d1b80: ; ImmutableOopMap {rbp=Oop [48]=Oop [60]=NarrowOop [72]=Oop [80]=Oop [88]=Oop [96]=Oop }
                      ;*invokevirtual set {reexecute=0 rethrow=0 return_oop=1}
                      ; - com.jme3.input.InputManager::onMouseMotionEvent@14 (line 440)
                      ; - com.jme3.input.lwjgl.GlfwMouseInput::update@130 (line 298)
                      ; - com.jme3.input.InputManager::update@59 (line 907)
                      ; - com.jme3.app.LegacyApplication::update@91 (line 724)
                      ; - com.jme3.app.SimpleApplication::update@20 (line 246)
                      ; - com.jme3.system.lwjgl.LwjglWindow::runLoop@37 (line 530)
  0x0000020ebd2d1b80: 0c65 0100 

  0x0000020ebd2d1b84: ;   {other}
  0x0000020ebd2d1b84: 0f1f 8400 | fc2f 0030 | 440f b65d | 3445 85db | 7426 448b | 5d64 4585 | db0f 84ad | 2700 004b 
  0x0000020ebd2d1ba4: 8d14 dc4c | 8b44 2460 

  0x0000020ebd2d1bac: ;   {optimized virtual_call}
  0x0000020ebd2d1bac: c5f8 77e8 

  0x0000020ebd2d1bb0: ; ImmutableOopMap {rbp=Oop [48]=Oop [60]=NarrowOop [72]=Oop [80]=Oop [88]=Oop [96]=Oop }
                      ;*invokevirtual add {reexecute=0 rethrow=0 return_oop=0}
                      ; - com.jme3.input.InputManager::onMouseMotionEvent@30 (line 442)
                      ; - com.jme3.input.lwjgl.GlfwMouseInput::update@130 (line 298)
                      ; - com.jme3.input.InputManager::update@59 (line 907)
                      ; - com.jme3.app.LegacyApplication::update@91 (line 724)
                      ; - com.jme3.app.SimpleApplication::update@20 (line 246)
                      ; - com.jme3.system.lwjgl.LwjglWindow::runLoop@37 (line 530)
  0x0000020ebd2d1bb0: 7c34 d7ff 

  0x0000020ebd2d1bb4: ;   {other}
  0x0000020ebd2d1bb4: 0f1f 8400 | 2c30 0031 | 4d8b 9750 

  0x0000020ebd2d1bc0: ; ImmutableOopMap {[48]=Oop [60]=NarrowOop [72]=Oop [80]=Oop [88]=Oop }
                      ;*goto {reexecute=1 rethrow=0 return_oop=0}
                      ; - (reexecute) com.jme3.input.lwjgl.GlfwMouseInput::update@135 (line 298)
                      ; - com.jme3.input.InputManager::update@59 (line 907)
                      ; - com.jme3.app.LegacyApplication::update@91 (line 724)
                      ; - com.jme3.app.SimpleApplication::update@20 (line 246)
                      ; - com.jme3.system.lwjgl.LwjglWindow::runLoop@37 (line 530)
                      ;   {poll}
  0x0000020ebd2d1bc0: 0400 0041 | 8502 4c8b | 5c24 5841 | 8b4b 3445 | 8b44 cc08 

  0x0000020ebd2d1bd4: ;   {metadata('java/util/ArrayDeque')}
  0x0000020ebd2d1bd4: 4181 f878 | cc2e 000f | 852f 2700 | 004d 8d14 | cc45 8b42 | 0c45 8b4a | 1045 3bc1 | 0f85 adfe 
  0x0000020ebd2d1bf4: ffff 448b | 5424 3c48 | 8b44 2440 | e9dc dfff | ff44 8b54 | 243c 488b | 4424 4045 | 8b43 4043 
  0x0000020ebd2d1c14: 8b5c cc08 

  0x0000020ebd2d1c18: ;   {metadata('java/util/ArrayDeque')}
  0x0000020ebd2d1c18: 81fb 78cc | 2e00 0f85 | d825 0000 | 4b8d 0ccc | 8b59 1444 | 8b49 0c41 | 8b7c dc0c | 443b cf0f 
  0x0000020ebd2d1c38: 834b 2400 | 0048 c1e3 | 0342 8b6c | 8b10 418b | 74ec 0841 | 807f 3800 | 0f85 d80a | 0000 418d 
  0x0000020ebd2d1c58: 5101 3bd7 | 0f8d 5501 | 0000 8951 | 0c46 8964 

  0x0000020ebd2d1c68: ;   {metadata('com/jme3/input/event/MouseButtonEvent')}
  0x0000020ebd2d1c68: 8b10 81fe | e8ac 2101 | 0f85 9e2b | 0000 4d8d | 0cec 438b 

  0x0000020ebd2d1c7c: ;   {metadata('com/jme3/input/InputManager')}
  0x0000020ebd2d1c7c: 5cc4 0881 | fb90 a31c | 010f 85b1 | 2500 0049 | 8beb 4889 | 4424 4044 | 8954 243c | 4b8d 14c4 
  0x0000020ebd2d1c9c: 4d8b c190 

  0x0000020ebd2d1ca0: ;   {optimized virtual_call}
  0x0000020ebd2d1ca0: c5f8 77e8 

  0x0000020ebd2d1ca4: ; ImmutableOopMap {rbp=Oop [48]=Oop [60]=NarrowOop [72]=Oop [80]=Oop }
                      ;*invokeinterface onMouseButtonEvent {reexecute=0 rethrow=0 return_oop=0}
                      ; - com.jme3.input.lwjgl.GlfwMouseInput::update@166 (line 302)
                      ; - com.jme3.input.InputManager::update@59 (line 907)
                      ; - com.jme3.app.LegacyApplication::update@91 (line 724)
                      ; - com.jme3.app.SimpleApplication::update@20 (line 246)
                      ; - com.jme3.system.lwjgl.LwjglWindow::runLoop@37 (line 530)
  0x0000020ebd2d1ca4: 38cb 62ff 

  0x0000020ebd2d1ca8: ;   {other}
  0x0000020ebd2d1ca8: 0f1f 8400 | 2031 0033 | 4d8b 9750 

  0x0000020ebd2d1cb4: ; ImmutableOopMap {rbp=Oop [48]=Oop [60]=NarrowOop [72]=Oop [80]=Oop }
                      ;*goto {reexecute=1 rethrow=0 return_oop=0}
                      ; - (reexecute) com.jme3.input.lwjgl.GlfwMouseInput::update@171 (line 302)
                      ; - com.jme3.input.InputManager::update@59 (line 907)
                      ; - com.jme3.app.LegacyApplication::update@91 (line 724)
                      ; - com.jme3.app.SimpleApplication::update@20 (line 246)
                      ; - com.jme3.system.lwjgl.LwjglWindow::runLoop@37 (line 530)
                      ;   {poll}
  0x0000020ebd2d1cb4: 0400 0041 | 8502 4c8b | dd45 8b4b | 3847 8b44 

  0x0000020ebd2d1cc4: ;   {metadata('java/util/ArrayDeque')}
  0x0000020ebd2d1cc4: cc08 4181 | f878 cc2e | 000f 85f9 | 2500 004f | 8d14 cc45 | 8b42 0c41 | 8b4a 1044 | 3bc1 0f85 
  0x0000020ebd2d1ce4: 1dff ffff | 448b 5424 | 3c48 8b44 | 2440 e913 | dfff ff49 | 8bed e904 | e0ff ff83 | c702 3bfd 
  0x0000020ebd2d1d04: 0f8d a102 | 0000 3bfd | 0f83 9902 | 0000 8b74 | b810 4d8b | b750 0400 

  0x0000020ebd2d1d1c: ; ImmutableOopMap {r10=NarrowOop r9=NarrowOop rcx=NarrowOop rdx=Oop rsi=NarrowOop rax=Oop [48]=Oop [72]=Oop [80]=Oop }
                      ;*ifnull {reexecute=1 rethrow=0 return_oop=0}
                      ; - (reexecute) com.jme3.util.IntMap$IntMapIterator::next@86 (line 279)
                      ; - com.jme3.util.IntMap$IntMapIterator::next@1 (line 228)
                      ; - com.jme3.input.InputManager::invokeUpdateActions@18 (line 210)
                      ; - com.jme3.input.InputManager::update@106 (line 918)
                      ; - com.jme3.app.LegacyApplication::update@91 (line 724)
                      ; - com.jme3.app.SimpleApplication::update@20 (line 246)
                      ; - com.jme3.system.lwjgl.LwjglWindow::runLoop@37 (line 530)
                      ;   {poll}
  0x0000020ebd2d1d1c: 0041 8506 | 85f6 0f84 | 7902 0000 | 448b c7e9 | 95df ffff | 4489 8424 | a800 0000 | 48be 0000 
  0x0000020ebd2d1d3c: 73c5 0e02 | 0000 4489 | 9c24 8c00 | 0000 e921 | d9ff ff45 | 8b5c ec10 | 448b 4424 | 2845 3bc3 
  0x0000020ebd2d1d5c: 0f8c f6da | ffff 488b | 6c24 2048 | 8b54 2478 | 48ff 7424 | 5848 8f44 | 2450 4889 | 4424 f88b 
  0x0000020ebd2d1d7c: 8424 8800 | 0000 8944 | 2464 488b | 4424 f844 | 8984 2488 | 0000 0090 

  0x0000020ebd2d1d94: ;   {optimized virtual_call}
  0x0000020ebd2d1d94: c5f8 77e8 

  0x0000020ebd2d1d98: ; ImmutableOopMap {rbp=Oop [48]=Oop [56]=Oop [64]=Oop [80]=Oop [104]=Oop [120]=Oop }
                      ;*invokevirtual rehash {reexecute=0 rethrow=0 return_oop=0}
                      ; - java.lang.ThreadLocal$ThreadLocalMap::set@129 (line 566)
                      ; - java.lang.ThreadLocal::set@13 (line 265)
                      ; - java.lang.ThreadLocal::set@5 (line 251)
                      ; - com.jme3.audio.AudioContext::setAudioRenderer@4 (line 44)
                      ; - com.jme3.app.LegacyApplication::update@4 (line 712)
                      ; - com.jme3.app.SimpleApplication::update@20 (line 246)
                      ; - com.jme3.system.lwjgl.LwjglWindow::runLoop@37 (line 530)
  0x0000020ebd2d1d98: 44ca 62ff 

  0x0000020ebd2d1d9c: ;   {other}
  0x0000020ebd2d1d9c: 0f1f 8400 | 1432 0036 | e9af daff | ff33 d2e9 | 51fd ffff | 33d2 e957 | fcff ff33 | d2e9 a4fe 
  0x0000020ebd2d1dbc: ffff 33f6 | e97d efff | ff45 8b4b | 1845 85c9 | 0f84 6929 | 0000 4c89 | 5c24 384c | 8954 2428 
  0x0000020ebd2d1ddc: 48ff 7424 | 4848 8f44 | 2420 4b8d | 14cc 498d | 2cdc 895c | 2430 6690 

  0x0000020ebd2d1df4: ;   {optimized virtual_call}
  0x0000020ebd2d1df4: c5f8 77e8 

  0x0000020ebd2d1df8: ; ImmutableOopMap {rbp=Oop [32]=Oop [40]=Oop [48]=NarrowOop [56]=Oop [72]=Oop }
                      ;*invokevirtual lock {reexecute=0 rethrow=0 return_oop=0}
                      ; - java.lang.ref.ReferenceQueue::poll@13 (line 191)
                      ; - com.jme3.util.NativeObjectManager::deleteUnused@54 (line 183)
                      ; - com.jme3.renderer.opengl.GLRenderer::postFrame@5 (line 1117)
                      ; - com.jme3.system.lwjgl.LwjglWindow::runLoop@100 (line 549)
  0x0000020ebd2d1df8: e4c9 62ff 

  0x0000020ebd2d1dfc: ;   {other}
  0x0000020ebd2d1dfc: 0f1f 8400 | 7432 0037 | 488b 5424 | 3866 6690 

  0x0000020ebd2d1e0c: ;   {optimized virtual_call}
  0x0000020ebd2d1e0c: c5f8 77e8 

  0x0000020ebd2d1e10: ; ImmutableOopMap {rbp=Oop [32]=Oop [40]=Oop [48]=NarrowOop [56]=Oop [72]=Oop }
                      ;*invokevirtual poll0 {reexecute=0 rethrow=0 return_oop=1}
                      ; - java.lang.ref.ReferenceQueue::poll@17 (line 193)
                      ; - com.jme3.util.NativeObjectManager::deleteUnused@54 (line 183)
                      ; - com.jme3.renderer.opengl.GLRenderer::postFrame@5 (line 1117)
                      ; - com.jme3.system.lwjgl.LwjglWindow::runLoop@100 (line 549)
  0x0000020ebd2d1e10: ccc9 62ff 

  0x0000020ebd2d1e14: ;   {other}
  0x0000020ebd2d1e14: 0f1f 8400 | 8c32 0038 | 4889 4424 | 404c 8b54 | 2438 458b | 4218 4585 | c00f 842d | 2900 004b 
  0x0000020ebd2d1e34: 8d14 c44c | 8954 2448 

  0x0000020ebd2d1e3c: ;   {optimized virtual_call}
  0x0000020ebd2d1e3c: c5f8 77e8 

  0x0000020ebd2d1e40: ; ImmutableOopMap {rbp=Oop [32]=Oop [40]=Oop [48]=NarrowOop [64]=Oop [72]=Oop }
                      ;*invokevirtual unlock {reexecute=0 rethrow=0 return_oop=0}
                      ; - java.lang.ref.ReferenceQueue::poll@25 (line 195)
                      ; - com.jme3.util.NativeObjectManager::deleteUnused@54 (line 183)
                      ; - com.jme3.renderer.opengl.GLRenderer::postFrame@5 (line 1117)
                      ; - com.jme3.system.lwjgl.LwjglWindow::runLoop@100 (line 549)
  0x0000020ebd2d1e40: 9cc9 62ff 

  0x0000020ebd2d1e44: ;   {other}
  0x0000020ebd2d1e44: 0f1f 8400 | bc32 0039 | 4c8b 5424 | 404d 85d2 | 0f84 160f | 0000 458b 

  0x0000020ebd2d1e5c: ;   {metadata('com/jme3/util/NativeObjectManager$NativeObjectRef')}
  0x0000020ebd2d1e5c: 5a08 4181 | fba0 d221 | 010f 850d | 2900 0049 | 8bea ba54 | ffff ff90 

  0x0000020ebd2d1e74: ;   {runtime_call UncommonTrapBlob}
  0x0000020ebd2d1e74: c5f8 77e8 

  0x0000020ebd2d1e78: ; ImmutableOopMap {rbp=Oop [32]=Oop [40]=Oop [48]=NarrowOop }
                      ;*ifnonnull {reexecute=1 rethrow=0 return_oop=0}
                      ; - (reexecute) com.jme3.util.NativeObjectManager::deleteUnused@62 (line 184)
                      ; - com.jme3.renderer.opengl.GLRenderer::postFrame@5 (line 1117)
                      ; - com.jme3.system.lwjgl.LwjglWindow::runLoop@100 (line 549)
  0x0000020ebd2d1e78: e424 63ff 

  0x0000020ebd2d1e7c: ;   {other}
  0x0000020ebd2d1e7c: 0f1f 8400 | f432 003a | 448b 5424 | 4047 8b5c | d428 4585 | db0f 84c1 | e6ff ff4d | 8b47 2849 
  0x0000020ebd2d1e9c: 8bcb 48c1 | e103 4d85 | c00f 8479 | 1800 004d | 8b5f 304b | 894c 03f8 | 4983 c0f8 | 4d89 4728 
  0x0000020ebd2d1ebc: e997 e6ff | ff47 8b44 | d42c 4585 | c00f 841b | e7ff ff4d | 8b5f 2849 | 8bc8 48c1 | e103 4d85 
  0x0000020ebd2d1edc: db0f 846d | 1800 004d | 8b47 304b | 894c 18f8 | 4983 c3f8 | 4d89 5f28 | e9f1 e6ff | ff4d 8b5f 
  0x0000020ebd2d1efc: 404d 8b47 | 48f0 8344 | 24c0 0080 | 3900 0f84 | 80e6 ffff | 4488 214d | 85db 7526 | 418b fa49 
  0x0000020ebd2d1f1c: 8bd7 c5f8 | 7749 bac0 | 0769 57f9 | 7f00 0041 

  0x0000020ebd2d1f2c: ;   {other}
  0x0000020ebd2d1f2c: ffd2 0f1f | 8400 0000 | 0000 448b | d7e9 52e6 | ffff 4b89 | 4c18 f849 | 83c3 f84d | 895f 40e9 
  0x0000020ebd2d1f4c: 40e6 ffff | 4d8b 5740 | 4d8b 5f48 | f083 4424 | c000 8039 | 000f 84bb | e6ff ff44 | 8821 4d85 
  0x0000020ebd2d1f6c: d275 2049 | 8bd7 c5f8 | 7749 bac0 | 0769 57f9 | 7f00 0041 

  0x0000020ebd2d1f80: ;   {other}
  0x0000020ebd2d1f80: ffd2 0f1f | 8400 0000 | 0000 e993 | e6ff ff4b | 894c 13f8 | 4983 c2f8 | 4d89 5740 | e981 e6ff 
  0x0000020ebd2d1fa0: ffff c73b | fd0f 8c5f | fdff ffba | e4ff ffff | 488b 6c24 | 4848 ff74 | 2450 488f | 4424 28c5 
  0x0000020ebd2d1fc0: fa10 4c24 | 38c5 fa11 | 4c24 344c | 8b44 2440 | 4c89 4424 | 3844 8954 | 2440 894c | 2444 897c 
  0x0000020ebd2d1fe0: 244c 4489 | 5c24 5089 | 7424 5444 | 894c 2458 

  0x0000020ebd2d1ff0: ;   {runtime_call UncommonTrapBlob}
  0x0000020ebd2d1ff0: c5f8 77e8 

  0x0000020ebd2d1ff4: ; ImmutableOopMap {rbp=Oop [40]=Oop [64]=NarrowOop [68]=NarrowOop [84]=NarrowOop [88]=NarrowOop }
                      ;*aaload {reexecute=0 rethrow=0 return_oop=0}
                      ; - com.jme3.util.IntMap$IntMapIterator::next@78 (line 278)
                      ; - com.jme3.util.IntMap$IntMapIterator::next@1 (line 228)
                      ; - com.jme3.input.InputManager::invokeUpdateActions@18 (line 210)
                      ; - com.jme3.input.InputManager::update@106 (line 918)
                      ; - com.jme3.app.LegacyApplication::update@91 (line 724)
                      ; - com.jme3.app.SimpleApplication::update@20 (line 246)
                      ; - com.jme3.system.lwjgl.LwjglWindow::runLoop@37 (line 530)
  0x0000020ebd2d1ff4: 6823 63ff 

  0x0000020ebd2d1ff8: ;   {other}
  0x0000020ebd2d1ff8: 0f1f 8400 | 7034 003b | 4889 4c24 | 784c 8954 | 2470 895c | 2468 4889 | 5424 6089 | 7c24 3c48 
  0x0000020ebd2d2018: ff74 2420 | 488f 4424 | 584c 894c | 2440 4489 | 6c24 3848 | 8974 2430 | 48ff 7424 | 5048 8f44 
  0x0000020ebd2d2038: 2428 48ff | 7424 4848 | 8f44 2420 | 4d8d 14ec | 4c89 5424 | 4848 8b54 | 2470 4d8b | c24c 8b4c 
  0x0000020ebd2d2058: 2460 6690 

  0x0000020ebd2d205c: ;   {optimized virtual_call}
  0x0000020ebd2d205c: c5f8 77e8 

  0x0000020ebd2d2060: ; ImmutableOopMap {rbp=NarrowOop [32]=Oop [40]=Oop [56]=NarrowOop [60]=NarrowOop [64]=Oop [88]=Derived_oop_[64] [72]=Oop [80]=Oop [104]=NarrowOop [112]=Oop [120]=Oop }
                      ;*invokevirtual casItem {reexecute=0 rethrow=0 return_oop=0}
                      ; - java.util.concurrent.ConcurrentLinkedQueue::poll@21 (line 387)
                      ; - com.jme3.app.LegacyApplication::runQueuedTasks@4 (line 699)
                      ; - com.jme3.app.LegacyApplication::update@27 (line 715)
                      ; - com.jme3.app.SimpleApplication::update@20 (line 246)
                      ; - com.jme3.system.lwjgl.LwjglWindow::runLoop@37 (line 530)
  0x0000020ebd2d2060: 7cc7 62ff 

  0x0000020ebd2d2064: ;   {other}
  0x0000020ebd2d2064: 0f1f 8400 | dc34 003c | 8b7c 243c | 458b 44fc | 1085 c00f | 8431 0300 | 0044 8b5c | 2468 413b 
  0x0000020ebd2d2084: fb74 2d45 | 85c0 0f84 | ee04 0000 | 4f8d 0cc4 | 4c89 4c24 | 6048 8b54 | 2440 4c8b | 4424 7890 
  0x0000020ebd2d20a4: ;   {optimized virtual_call}
  0x0000020ebd2d20a4: c5f8 77e8 

  0x0000020ebd2d20a8: ; ImmutableOopMap {rbp=NarrowOop [32]=Oop [40]=Oop [64]=Oop [72]=Oop [96]=Oop [112]=Oop [120]=Oop }
                      ;*invokevirtual updateHead {reexecute=0 rethrow=0 return_oop=0}
                      ; - java.util.concurrent.ConcurrentLinkedQueue::poll@48 (line 391)
                      ; - com.jme3.app.LegacyApplication::runQueuedTasks@4 (line 699)
                      ; - com.jme3.app.LegacyApplication::update@27 (line 715)
                      ; - com.jme3.app.SimpleApplication::update@20 (line 246)
                      ; - com.jme3.system.lwjgl.LwjglWindow::runLoop@37 (line 530)
  0x0000020ebd2d20a8: 34c7 62ff 

  0x0000020ebd2d20ac: ;   {other}
  0x0000020ebd2d20ac: 0f1f 8400 | 2435 003d | baec ffff | ff66 6690 

  0x0000020ebd2d20bc: ;   {runtime_call UncommonTrapBlob}
  0x0000020ebd2d20bc: c5f8 77e8 

  0x0000020ebd2d20c0: ; ImmutableOopMap {rbp=NarrowOop [32]=Oop [40]=Oop }
                      ;*checkcast {reexecute=0 rethrow=0 return_oop=0}
                      ; - com.jme3.app.LegacyApplication::runQueuedTasks@7 (line 699)
                      ; - com.jme3.app.LegacyApplication::update@27 (line 715)
                      ; - com.jme3.app.SimpleApplication::update@20 (line 246)
                      ; - com.jme3.system.lwjgl.LwjglWindow::runLoop@37 (line 530)
  0x0000020ebd2d20c0: 9c22 63ff 

  0x0000020ebd2d20c4: ;   {other}
  0x0000020ebd2d20c4: 0f1f 8400 | 3c35 003e | 448b 5d1c | 4585 db0f | 84cc d7ff | ff4d 8b57 | 2849 8bcb | 48c1 e103 
  0x0000020ebd2d20e4: 4d85 d20f | 84a3 1b00 | 004d 8b5f | 304b 894c | 13f8 4983 | c2f8 4d89 | 5728 e9a2 | d7ff ff4d 
  0x0000020ebd2d2104: 8b57 404d | 8b5f 48f0 | 8344 24c0 | 0080 3900 | 0f84 43d8 | ffff 4488 | 214d 85d2 | 7520 498b 
  0x0000020ebd2d2124: d7c5 f877 | 49ba c007 | 6957 f97f | 0000 41ff 

  0x0000020ebd2d2134: ;   {other}
  0x0000020ebd2d2134: d20f 1f84 | 0000 0000 | 00e9 1bd8 | ffff 4b89 | 4c13 f849 | 83c2 f84d | 8957 40e9 | 09d8 ffff 
  0x0000020ebd2d2154: 498b ea4b | 8d04 c441 | 3bf8 0f84 | d704 0000 | 498b af50 

  0x0000020ebd2d2168: ; ImmutableOopMap {r9=Oop [32]=Derived_oop_r9 rcx=Oop rbx=NarrowOop rax=Oop r13=NarrowOop r14=Oop [72]=Oop [80]=Oop }
                      ;*goto {reexecute=1 rethrow=0 return_oop=0}
                      ; - (reexecute) java.util.concurrent.ConcurrentLinkedQueue::poll@81 (line 385)
                      ; - com.jme3.app.LegacyApplication::runQueuedTasks@4 (line 699)
                      ; - com.jme3.app.LegacyApplication::update@27 (line 715)
                      ; - com.jme3.app.SimpleApplication::update@20 (line 246)
                      ; - com.jme3.system.lwjgl.LwjglWindow::runLoop@37 (line 530)
                      ;   {poll}
  0x0000020ebd2d2168: 0400 0085 | 4500 488b | f848 c1ef | 03e9 16d8 | ffff 4181 | f8ff ffff | 7f0f 846c | e9ff ffba 
  0x0000020ebd2d2188: 45ff ffff | 4c89 5424 | 2066 6690 

  0x0000020ebd2d2194: ;   {runtime_call UncommonTrapBlob}
  0x0000020ebd2d2194: c5f8 77e8 

  0x0000020ebd2d2198: ; ImmutableOopMap {[32]=Oop [72]=Oop }
                      ;*ifne {reexecute=1 rethrow=0 return_oop=0}
                      ; - (reexecute) java.util.logging.Logger::log@5 (line 1029)
                      ; - com.jme3.opencl.OpenCLObjectManager::deleteUnusedObjects@18 (line 84)
                      ; - com.jme3.renderer.opengl.GLRenderer::postFrame@11 (line 1118)
                      ; - com.jme3.system.lwjgl.LwjglWindow::runLoop@100 (line 549)
  0x0000020ebd2d2198: c421 63ff 

  0x0000020ebd2d219c: ;   {other}
  0x0000020ebd2d219c: 0f1f 8400 | 1436 0040 

  0x0000020ebd2d21a4: ;   {metadata('java/lang/Float')}
  0x0000020ebd2d21a4: 48ba 30c8 | 18dd 0e02 | 0000 6690 

  0x0000020ebd2d21b0: ;   {runtime_call _new_instance_Java}
  0x0000020ebd2d21b0: c5f8 77e8 

  0x0000020ebd2d21b4: ; ImmutableOopMap {rbp=Oop [40]=Oop [48]=NarrowOop [64]=NarrowOop [72]=Oop [80]=Oop }
                      ;*new {reexecute=0 rethrow=0 return_oop=1}
                      ; - java.lang.Float::valueOf@0 (line 551)
                      ; - com.jme3.shader.UniformBindingManager::newFrame@8 (line 271)
                      ; - com.jme3.renderer.RenderManager::render@15 (line 1144)
                      ; - com.jme3.app.SimpleApplication::update@197 (line 272)
                      ; - com.jme3.system.lwjgl.LwjglWindow::runLoop@37 (line 530)
  0x0000020ebd2d21b4: 28be 70ff 

  0x0000020ebd2d21b8: ;   {other}
  0x0000020ebd2d21b8: 0f1f 8400 | 3036 0041 | 488b d8e9 | 75e3 ffff | c5fa 114c | 2444 4489 

  0x0000020ebd2d21d0: ;   {metadata('java/lang/Float')}
  0x0000020ebd2d21d0: 5424 4048 | ba30 c818 | dd0e 0200 | 0066 6690 

  0x0000020ebd2d21e0: ;   {runtime_call _new_instance_Java}
  0x0000020ebd2d21e0: c5f8 77e8 

  0x0000020ebd2d21e4: ; ImmutableOopMap {rbp=Oop [40]=Oop [48]=NarrowOop [64]=NarrowOop [72]=Oop [80]=Oop }
                      ;*new {reexecute=0 rethrow=0 return_oop=1}
                      ; - java.lang.Float::valueOf@0 (line 551)
                      ; - com.jme3.shader.UniformBindingManager::newFrame@22 (line 272)
                      ; - com.jme3.renderer.RenderManager::render@15 (line 1144)
                      ; - com.jme3.app.SimpleApplication::update@197 (line 272)
                      ; - com.jme3.system.lwjgl.LwjglWindow::runLoop@37 (line 530)
  0x0000020ebd2d21e4: f8bd 70ff 

  0x0000020ebd2d21e8: ;   {other}
  0x0000020ebd2d21e8: 0f1f 8400 | 6036 0042 | 448b 5424 | 40c5 fa10 | 4c24 444c | 8bc8 e9d6 | e3ff ff47 | 8b54 dc14 
  0x0000020ebd2d2208: 4585 d20f | 84e3 eeff | ff4d 8b47 | 2849 8bca | 48c1 e103 | 4d85 c00f | 8491 2100 | 004d 8b57 
  0x0000020ebd2d2228: 304b 894c | 02f8 4983 | c0f8 4d89 | 4728 e9b9 | eeff ff44 | 8b5c 2430 | 478b 54dc | 1845 85d2 
  0x0000020ebd2d2248: 0f84 59ee | ffff 4d8b | 4728 498b | ca48 c1e1 | 034d 85c0 | 0f84 2e21 | 0000 4d8b | 5730 4b89 
  0x0000020ebd2d2268: 4c02 f849 | 83c0 f84d | 8947 28e9 | 2fee ffff | 8b5c 2430 | 458b 54dc | 1845 85d2 | 0f84 24f0 
  0x0000020ebd2d2288: ffff 4d8b | 5f28 498b | ca48 c1e1 | 034d 85db | 0f84 5e21 | 0000 4d8b | 5730 4b89 | 4c1a f849 
  0x0000020ebd2d22a8: 83c3 f84d | 895f 28e9 | faef ffff | 458b 5cdc | 1445 85db | 0f84 35f0 | ffff 4d8b | 5728 498b 
  0x0000020ebd2d22c8: cb48 c1e1 | 034d 85d2 | 0f84 0621 | 0000 4d8b | 5f30 4b89 | 4c13 f849 | 83c2 f84d 

  0x0000020ebd2d22e4: ;   {no_reloc}
  0x0000020ebd2d22e4: 8957 28e9 | 0bf0 ffff | 4d8b 5748 | 4d8b 4740 | f083 4424 | c000 8039 | 000f 84e6 | edff ff44 
  0x0000020ebd2d2304: 8821 4d85 | c075 2641 | 8bdb 498b | d7c5 f877 | 49ba c007 | 6957 f97f | 0000 41ff 

  0x0000020ebd2d2320: ;   {other}
  0x0000020ebd2d2320: d20f 1f84 | 0000 0000 | 0044 8bdb | e9b8 edff | ff4b 894c | 02f8 4983 | c0f8 4d89 | 4740 e9a6 
  0x0000020ebd2d2340: edff ff4d | 8b57 484d | 8b5f 40f0 | 8344 24c0 | 0041 8038 | 000f 8491 | efff ff45 | 8820 4d85 
  0x0000020ebd2d2360: db75 2349 | 8bc8 498b | d7c5 f877 | 49ba c007 | 6957 f97f | 0000 41ff 

  0x0000020ebd2d2378: ;   {other}
  0x0000020ebd2d2378: d20f 1f84 | 0000 0000 | 00e9 66ef | ffff 4f89 | 441a f849 | 83c3 f84d | 895f 40e9 | 54ef ffff 
  0x0000020ebd2d2398: ;   {oop("FrameRate"{0x000000040494c5d8})}
  0x0000020ebd2d2398: 49ba d8c5 | 9404 0400 | 0000 41c6 | 4211 0133 | f6e9 94e9 | ffff 4c8b | 5424 4848 | ff74 2420 
  0x0000020ebd2d23b8: 488f 4424 | 4848 8b74 | 2430 448b | 6c24 384c | 8b4c 2440 | 48ff 7424 | 5848 8f44 | 2420 488b 
  0x0000020ebd2d23d8: 5424 608b | 5c24 684c | 8b5c 2470 | 488b 4c24 | 784d 8bf2 | 4d8b d3e9 | bcd5 ffff | 458b 54dc 
  0x0000020ebd2d23f8: 1445 85d2 | 0f84 ddf0 | ffff 4d8b | 5f28 498b | ca48 c1e1 | 034d 85db | 0f84 2620 | 0000 4d8b 
  0x0000020ebd2d2418: 5730 4b89 | 4c1a f849 | 83c3 f84d | 895f 28e9 | b3f0 ffff | 8b5c 2430 | 458b 5cdc | 1845 85db 
  0x0000020ebd2d2438: 0f84 54f0 | ffff 4d8b | 5728 498b | cb48 c1e1 | 034d 85d2 | 0f84 ca1f | 0000 4d8b | 5f30 4b89 
  0x0000020ebd2d2458: 4c13 f849 | 83c2 f84d | 8957 28e9 | 2af0 ffff | 458b 54fc | 1445 85d2 | 0f84 69f2 | ffff 4d8b 
  0x0000020ebd2d2478: 5f28 498b | ca48 c1e1 | 034d 85db | 0f84 f21f | 0000 4d8b | 5730 4b89 | 4c1a f849 

  0x0000020ebd2d2494: ;   {no_reloc}
  0x0000020ebd2d2494: 83c3 f84d | 895f 28e9 | 3ff2 ffff | 8b7c 2430 | 458b 5cfc | 1845 85db | 0f84 e0f1 | ffff 4d8b 
  0x0000020ebd2d24b4: 5728 498b | cb48 c1e1 | 034d 85d2 | 0f84 961f | 0000 4d8b | 5f30 4b89 | 4c13 f849 | 83c2 f84d 
  0x0000020ebd2d24d4: 8957 28e9 | b6f1 ffff | 4d8b 5748 | 4d8b 5f40 | f083 4424 | c000 8039 | 000f 84e1 | efff ff44 
  0x0000020ebd2d24f4: 8821 4d85 | db75 2049 | 8bd7 c5f8 | 7749 bac0 | 0769 57f9 | 7f00 0041 

  0x0000020ebd2d250c: ;   {other}
  0x0000020ebd2d250c: ffd2 0f1f | 8400 0000 | 0000 e9b9 | efff ff4b | 894c 1af8 | 4983 c3f8 | 4d89 5f40 | e9a7 efff 
  0x0000020ebd2d252c: ff4d 8b57 | 484d 8b5f | 40f0 8344 | 24c0 0080 | 3900 0f84 | 90f1 ffff | 4488 214d | 85db 7520 
  0x0000020ebd2d254c: 498b d7c5 | f877 49ba | c007 6957 | f97f 0000 

  0x0000020ebd2d255c: ;   {other}
  0x0000020ebd2d255c: 41ff d20f | 1f84 0000 | 0000 00e9 | 68f1 ffff | 4b89 4c1a | f849 83c3 | f84d 895f | 40e9 56f1 
  0x0000020ebd2d257c: ffff 4c8b | 4c24 70e9 | 11fb ffff | 85db 0f84 | 3bf3 ffff | 4d8b 5f28 | 4d85 db0f | 8437 1f00 
  0x0000020ebd2d259c: 004d 8b47 | 304b 894c | 18f8 4983 | c3f8 4d89 | 5f28 e918 | f3ff ff44 | 8b5d 0045 | 85db 0f84 
  0x0000020ebd2d25bc: 6df3 ffff | 4d8b 5728 | 498b cb48 | c1e1 034d | 85d2 0f84 | 261f 0000 | 4d8b 5f30 | 4b89 4c13 
  0x0000020ebd2d25dc: f849 83c2 | f84d 8957 | 28e9 43f3 | ffff 4d8b | 5740 4d8b | 5f48 f083 | 4424 c000 | 8039 000f 
  0x0000020ebd2d25fc: 8408 f3ff | ff44 8821 | 4d85 d275 | 2049 8bd7 | c5f8 7749 | bac0 0769 | 57f9 7f00 | 0041 ffd2 
  0x0000020ebd2d261c: ;   {other}
  0x0000020ebd2d261c: 0f1f 8400 | 0000 0000 | e9e0 f2ff | ff4b 894c | 13f8 4983 | c2f8 4d89 | 5740 e9ce | f2ff ff49 
  0x0000020ebd2d263c: 8bbf 5004 

  0x0000020ebd2d2640: ; ImmutableOopMap {r9=Oop [32]=Derived_oop_r9 rcx=Oop rax=Oop rbp=Oop r13=NarrowOop r14=Oop [72]=Oop [80]=Oop }
                      ;*goto {reexecute=1 rethrow=0 return_oop=0}
                      ; - (reexecute) java.util.concurrent.ConcurrentLinkedQueue::poll@76 (line 399)
                      ; - com.jme3.app.LegacyApplication::runQueuedTasks@4 (line 699)
                      ; - com.jme3.app.LegacyApplication::update@27 (line 715)
                      ; - com.jme3.app.SimpleApplication::update@20 (line 246)
                      ; - com.jme3.system.lwjgl.LwjglWindow::runLoop@37 (line 530)
                      ;   {poll}
  0x0000020ebd2d2640: 0000 8507 | 4c8b 5424 | 2041 8b1a | 488b c348 | c1e0 03e9 | 16fb ffff | 428b 548b | 1085 d20f 
  0x0000020ebd2d2660: 8490 f4ff | ff44 894c | 2458 4889 | 4c24 4044 | 8944 243c | 4c89 5c24 | 284c 8be8 | 458b f24d 
  0x0000020ebd2d2680: 8b57 2848 | 8bca 48c1 | e103 4d85 | d20f 84cd | 1e00 004d | 8b5f 304b | 894c 13f8 | 4983 c2f8 
  0x0000020ebd2d26a0: 4d89 5728 | 458b d649 | 8bc5 4c8b | 5c24 2844 | 8b44 243c | 488b 4c24 | 4044 8b4c | 2458 e932 
  0x0000020ebd2d26c0: f4ff ff42 | 8b54 8e10 | 85d2 0f84 | 32f3 ffff | 4489 4c24 | 5848 894c | 2440 4489 | 4424 3c4c 
  0x0000020ebd2d26e0: 895c 2428 | 4c8b f045 | 8bea 4d8b | 5728 488b | ca48 c1e1 | 034d 85d2 | 0f84 821e | 0000 4d8b 
  0x0000020ebd2d2700: 5f30 4b89 | 4c13 f849 | 83c2 f84d | 8957 2845 | 8bd5 498b | c64c 8b5c | 2428 448b | 4424 3c48 
  0x0000020ebd2d2720: 8b4c 2440 | 448b 4c24 | 58e9 d4f2 | ffff 428b | 548b 1085 | d20f 841b | f5ff ff44 | 894c 2458 
  0x0000020ebd2d2740: ;   {no_reloc}
  0x0000020ebd2d2740: 4889 4c24 | 4044 8944 | 243c 4c89 | 5c24 284c | 8bf0 458b | ea4d 8b57 | 2848 8bca | 48c1 e103 
  0x0000020ebd2d2760: 4d85 d20f | 8437 1e00 | 004d 8b5f | 304b 894c | 13f8 4983 | c2f8 4d89 | 5728 458b | d549 8bc6 
  0x0000020ebd2d2780: 4c8b 5c24 | 2844 8b44 | 243c 488b | 4c24 4044 | 8b4c 2458 | e9bd f4ff | ff44 8bdd | 478b 44dc 
  0x0000020ebd2d27a0: 1845 85c0 | 0f84 cfe7 | ffff 4d8b | 5728 498b | c848 c1e1 | 034d 85d2 | 0f84 021e | 0000 4d8b 
  0x0000020ebd2d27c0: 4730 4b89 | 4c10 f849 | 83c2 f84d | 8957 28e9 | a5e7 ffff | 8bdd 458b | 54dc 1845 | 85d2 0f84 
  0x0000020ebd2d27e0: a4e9 ffff | 4d8b 5f28 | 498b ca48 | c1e1 034d | 85db 0f84 | eb1d 0000 | 4d8b 5730 | 4b89 4c1a 
  0x0000020ebd2d2800: f849 83c3 | f84d 895f | 28e9 7ae9 | ffff 448b | 451c 4585 | c00f 84fb | ceff ff4d | 8b5f 2849 
  0x0000020ebd2d2820: 8bc8 48c1 | e103 4d85 | db0f 8440 | 1e00 004d | 8b47 304b | 894c 18f8 | 4983 c3f8 | 4d89 5f28 
  0x0000020ebd2d2840: ;   {no_reloc}
  0x0000020ebd2d2840: e9d1 ceff | ff44 8b5d | 1045 85db | 0f84 79ce | ffff 4d8b | 4728 498b | cb48 c1e1 | 034d 85c0 
  0x0000020ebd2d2860: 0f84 9d1d | 0000 4d8b | 5f30 4b89 | 4c03 f849 | 83c0 f84d | 8947 28e9 | 4fce ffff | 458b 1645 
  0x0000020ebd2d2880: 85d2 0f84 | f8ce ffff | 4d8b 5f28 | 498b ca48 | c1e1 034d | 85db 0f84 | 3f1e 0000 | 4d8b 5730 
  0x0000020ebd2d28a0: 4b89 4c1a | f849 83c3 | f84d 895f | 28e9 cece | ffff 4d8b | 5f40 4d8b | 4748 f083 | 4424 c000 
  0x0000020ebd2d28c0: 8039 000f | 843c ceff | ff44 8821 | 4d85 db75 | 6c48 896c | 2468 4889 | 7424 404c | 896c 2438 
  0x0000020ebd2d28e0: 4889 7c24 | 3048 ff74 | 2420 488f | 4424 2844 | 8954 2420 | 4c8b eb49 | 8bd7 c5f8 | 7749 bac0 
  0x0000020ebd2d2900: 0769 57f9 | 7f00 0041 

  0x0000020ebd2d2908: ;   {other}
  0x0000020ebd2d2908: ffd2 0f1f | 8400 0000 | 0000 498b | dd44 8b54 | 2420 48ff | 7424 2848 | 8f44 2420 | 488b 7c24 
  0x0000020ebd2d2928: 304c 8b6c | 2438 488b | 7424 4048 | 8b6c 2468 | e9c8 cdff | ff4b 894c | 18f8 4983 | c3f8 4d89 
  0x0000020ebd2d2948: 5f40 e9b6 | cdff ff4d | 8b57 404d | 8b5f 48f0 | 8344 24c0 | 0080 3900 | 0f84 50ce | ffff 4488 
  0x0000020ebd2d2968: 214d 85d2 | 7520 498b | d7c5 f877 | 49ba c007 | 6957 f97f | 0000 41ff 

  0x0000020ebd2d2980: ;   {other}
  0x0000020ebd2d2980: d20f 1f84 | 0000 0000 | 00e9 28ce | ffff 4b89 | 4c13 f849 | 83c2 f84d | 8957 40e9 | 16ce ffff 
  0x0000020ebd2d29a0: 4d8b 5f40 | 4d8b 4748 | f083 4424 | c000 8039 | 000f 849e | cdff ff44 | 8821 4d85 | db75 6c48 
  0x0000020ebd2d29c0: 896c 2468 | 4889 7424 | 404c 896c | 2438 4889 | 7c24 3048 | ff74 2420 | 488f 4424 | 2844 8954 
  0x0000020ebd2d29e0: 2420 4c8b | eb49 8bd7 | c5f8 7749 | bac0 0769 | 57f9 7f00 | 0041 ffd2 

  0x0000020ebd2d29f8: ;   {other}
  0x0000020ebd2d29f8: 0f1f 8400 | 0000 0000 | 498b dd44 | 8b54 2420 | 48ff 7424 | 2848 8f44 | 2420 488b | 7c24 304c 
  0x0000020ebd2d2a18: 8b6c 2438 | 488b 7424 | 4048 8b6c | 2468 e92a | cdff ff4b | 894c 18f8 | 4983 c3f8 | 4d89 5f40 
  0x0000020ebd2d2a38: e918 cdff | ff8b dd45 | 8b54 dc18 | 4585 d20f | 8427 e9ff | ff4d 8b5f | 2849 8bca | 48c1 e103 
  0x0000020ebd2d2a58: 4d85 db0f | 849a 1c00 | 004d 8b57 | 304b 894c | 1af8 4983 | c3f8 4d89 | 5f28 e9fd | e8ff ff8b 
  0x0000020ebd2d2a78: fd45 8b54 | fc18 4585 | d20f 84ed | eaff ff4d | 8b5f 2849 | 8bca 48c1 | e103 4d85 | db0f 8480 
  0x0000020ebd2d2a98: 1c00 004d | 8b57 304b | 894c 1af8 | 4983 c3f8 | 4d89 5f28 | e9c3 eaff | ffba e4ff | ffff 48ff 
  0x0000020ebd2d2ab8: 7424 4848 | 8f44 2420 | 48ff 7424 | 5048 8f44 | 2428 8944 | 2454 6690 

  0x0000020ebd2d2ad0: ;   {runtime_call UncommonTrapBlob}
  0x0000020ebd2d2ad0: c5f8 77e8 

  0x0000020ebd2d2ad4: ; ImmutableOopMap {rbp=Oop [32]=Oop [40]=Oop [56]=Oop [88]=Oop [96]=NarrowOop [100]=NarrowOop [104]=NarrowOop }
                      ;*aaload {reexecute=0 rethrow=0 return_oop=0}
                      ; - java.lang.ThreadLocal$ThreadLocalMap::set@76 (line 551)
                      ; - java.lang.ThreadLocal::set@13 (line 265)
                      ; - java.lang.ThreadLocal::set@5 (line 251)
                      ; - com.jme3.audio.AudioContext::setAudioRenderer@4 (line 44)
                      ; - com.jme3.app.LegacyApplication::update@4 (line 712)
                      ; - com.jme3.app.SimpleApplication::update@20 (line 246)
                      ; - com.jme3.system.lwjgl.LwjglWindow::runLoop@37 (line 530)
  0x0000020ebd2d2ad4: 8818 63ff 

  0x0000020ebd2d2ad8: ;   {other}
  0x0000020ebd2d2ad8: 0f1f 8400 | 503f 0044 | ba45 ffff | ff48 ff74 | 2448 488f | 4424 20c5 | fa10 4c24 | 38c5 fa11 
  0x0000020ebd2d2af8: 4c24 3044 | 8b5c 243c | 4489 5c24 | 3448 8944 | 24f8 8b44 | 2454 8944 | 2448 488b | 4424 f848 
  0x0000020ebd2d2b18: 8944 24f8 | 8b44 2450 | 8944 244c | 488b 4424 | f889 4424 | 5066 6690 

  0x0000020ebd2d2b30: ;   {runtime_call UncommonTrapBlob}
  0x0000020ebd2d2b30: c5f8 77e8 

  0x0000020ebd2d2b34: ; ImmutableOopMap {rbp=NarrowOop [32]=Oop [40]=Oop [52]=NarrowOop [64]=Oop [96]=NarrowOop }
                      ;*ifeq {reexecute=1 rethrow=0 return_oop=0}
                      ; - (reexecute) com.jme3.app.state.AppStateManager::render@34 (line 368)
                      ; - com.jme3.app.SimpleApplication::update@161 (line 269)
                      ; - com.jme3.system.lwjgl.LwjglWindow::runLoop@37 (line 530)
  0x0000020ebd2d2b34: 2818 63ff 

  0x0000020ebd2d2b38: ;   {other}
  0x0000020ebd2d2b38: 0f1f 8400 | b03f 0045 | ba45 ffff | ff48 ff74 | 2448 488f | 4424 20c5 | fa10 4c24 | 38c5 fa11 
  0x0000020ebd2d2b58: 4c24 3048 | 8944 24f8 | 8b44 2450 | 8944 2448 | 488b 4424 | f889 4424 | 4c66 6690 

  0x0000020ebd2d2b74: ;   {runtime_call UncommonTrapBlob}
  0x0000020ebd2d2b74: c5f8 77e8 

  0x0000020ebd2d2b78: ; ImmutableOopMap {rbp=NarrowOop [32]=Oop [40]=Oop [64]=Oop [88]=NarrowOop }
                      ;*ifeq {reexecute=1 rethrow=0 return_oop=0}
                      ; - (reexecute) com.jme3.app.state.AppStateManager::postRender@32 (line 380)
                      ; - com.jme3.app.SimpleApplication::update@212 (line 274)
                      ; - com.jme3.system.lwjgl.LwjglWindow::runLoop@37 (line 530)
  0x0000020ebd2d2b78: e417 63ff 

  0x0000020ebd2d2b7c: ;   {other}
  0x0000020ebd2d2b7c: 0f1f 8400 | f43f 0046 | 4889 b424 | 8000 0000 | 4c89 6c24 | 7848 897c | 2470 48ff | 7424 2048 
  0x0000020ebd2d2b9c: 8f44 2468 | 4889 4424 | f88b 8424 | 8c00 0000 | 8944 2444 | 488b 4424 | f844 8954 | 2440 4889 
  0x0000020ebd2d2bbc: 5c24 3848 | 8944 24f8 | 8b44 2464 | 8944 2434 | 488b 4424 | f848 8944 | 24f8 8b44 | 2460 8944 
  0x0000020ebd2d2bdc: 2430 488b | 4424 f848 | ff74 2450 | 488f 4424 | 2848 ff74 | 2458 488f | 4424 2048 | 8b6c 2448 
  0x0000020ebd2d2bfc: ;   {metadata('java/lang/ThreadLocal$ThreadLocalMap$Entry')}
  0x0000020ebd2d2bfc: 48ba 68d9 | 2fdd 0e02 | 0000 4889 | 7c24 5890 

  0x0000020ebd2d2c0c: ;   {runtime_call _new_instance_Java}
  0x0000020ebd2d2c0c: c5f8 77e8 

  0x0000020ebd2d2c10: ; ImmutableOopMap {rbp=Oop [32]=Oop [40]=Oop [48]=NarrowOop [52]=NarrowOop [56]=Oop [64]=NarrowOop [88]=Oop [104]=Oop [112]=Oop [120]=Oop }
                      ;*new {reexecute=0 rethrow=0 return_oop=1}
                      ; - java.lang.ThreadLocal$ThreadLocalMap::set@85 (line 563)
                      ; - java.lang.ThreadLocal::set@13 (line 265)
                      ; - java.lang.ThreadLocal::set@5 (line 251)
                      ; - com.jme3.audio.AudioContext::setAudioRenderer@4 (line 44)
                      ; - com.jme3.app.LegacyApplication::update@4 (line 712)
                      ; - com.jme3.app.SimpleApplication::update@20 (line 246)
                      ; - com.jme3.system.lwjgl.LwjglWindow::runLoop@37 (line 530)
  0x0000020ebd2d2c10: ccb3 70ff 

  0x0000020ebd2d2c14: ;   {other}
  0x0000020ebd2d2c14: 0f1f 8400 | 8c40 0047 | 4889 6c24 | 4848 ff74 | 2420 488f | 4424 5848 | ff74 2428 | 488f 4424 
  0x0000020ebd2d2c34: 5048 8944 | 24f8 8b44 | 2430 8944 | 2460 488b | 4424 f848 | 8944 24f8 | 8b44 2434 | 8944 2464 
  0x0000020ebd2d2c54: 488b 4424 | f848 8b5c | 2438 448b | 5424 4048 | 8944 24f8 | 8b44 2444 | 8984 248c | 0000 0048 
  0x0000020ebd2d2c74: 8b44 24f8 | 48ff 7424 | 6848 8f44 | 2420 488b | 7c24 704c | 8b6c 2478 | 488b b424 | 8000 0000 
  0x0000020ebd2d2c94: 488b e8e9 | 19ca ffff | bae4 ffff | ff48 ff74 | 2448 488f | 4424 20c5 | fa10 4424 | 38c5 fa11 
  0x0000020ebd2d2cb4: 4424 3444 | 8954 2438 | 894c 2444 | 8974 2448 | 8974 244c 

  0x0000020ebd2d2cc8: ;   {runtime_call UncommonTrapBlob}
  0x0000020ebd2d2cc8: c5f8 77e8 

  0x0000020ebd2d2ccc: ; ImmutableOopMap {[32]=Oop [40]=Oop [56]=NarrowOop [68]=NarrowOop }
                      ;*invokestatic checkIndex {reexecute=0 rethrow=0 return_oop=0}
                      ; - java.util.Objects::checkIndex@3 (line 365)
                      ; - java.util.ArrayList::get@5 (line 428)
                      ; - com.jme3.renderer.RenderManager::render@125 (line 1156)
                      ; - com.jme3.app.SimpleApplication::update@197 (line 272)
                      ; - com.jme3.system.lwjgl.LwjglWindow::runLoop@37 (line 530)
  0x0000020ebd2d2ccc: 9016 63ff 

  0x0000020ebd2d2cd0: ;   {other}
  0x0000020ebd2d2cd0: 0f1f 8400 | 4841 0048 | bae4 ffff | ff48 8b6c | 2448 4c8b | 4c24 284c | 894c 2420 | c5fa 1044 
  0x0000020ebd2d2cf0: 2438 c5fa | 1144 242c | 4489 5424 | 3044 8b54 | 243c 4489 | 5424 3489 | 7424 3889 | 4c24 4444 
  0x0000020ebd2d2d10: 8944 2448 | 4489 5c24 | 4c44 8944 | 2450 6690 

  0x0000020ebd2d2d20: ;   {runtime_call UncommonTrapBlob}
  0x0000020ebd2d2d20: c5f8 77e8 

  0x0000020ebd2d2d24: ; ImmutableOopMap {rbp=Oop [32]=Oop [48]=NarrowOop [68]=NarrowOop [76]=NarrowOop }
                      ;*aaload {reexecute=0 rethrow=0 return_oop=0}
                      ; - java.util.ArrayList::elementData@5 (line 412)
                      ; - java.util.ArrayList::get@11 (line 429)
                      ; - com.jme3.renderer.RenderManager::render@125 (line 1156)
                      ; - com.jme3.app.SimpleApplication::update@197 (line 272)
                      ; - com.jme3.system.lwjgl.LwjglWindow::runLoop@37 (line 530)
  0x0000020ebd2d2d24: 3816 63ff 

  0x0000020ebd2d2d28: ;   {other}
  0x0000020ebd2d2d28: 0f1f 8400 | a041 0049 | bacc ffff | ff48 ff74 | 2448 488f | 4424 20c5 | fa10 4c24 | 38c5 f828 
  0x0000020ebd2d2d48: c1c5 fa11 | 4424 3444 | 8954 2438 | 894c 2444 | 8974 2448 | 8974 244c 

  0x0000020ebd2d2d60: ;   {runtime_call UncommonTrapBlob}
  0x0000020ebd2d2d60: c5f8 77e8 

  0x0000020ebd2d2d64: ; ImmutableOopMap {[32]=Oop [40]=Oop [56]=NarrowOop [68]=NarrowOop }
                      ;*invokestatic checkIndex {reexecute=0 rethrow=0 return_oop=0}
                      ; - java.util.Objects::checkIndex@3 (line 365)
                      ; - java.util.ArrayList::get@5 (line 428)
                      ; - com.jme3.renderer.RenderManager::render@125 (line 1156)
                      ; - com.jme3.app.SimpleApplication::update@197 (line 272)
                      ; - com.jme3.system.lwjgl.LwjglWindow::runLoop@37 (line 530)
  0x0000020ebd2d2d64: f815 63ff 

  0x0000020ebd2d2d68: ;   {other}
  0x0000020ebd2d2d68: 0f1f 8400 | e041 004a | 48ff 7424 | 2048 8f44 | 2448 4c8b | 5424 28e9 | 24dd ffff | baf6 ffff 
  0x0000020ebd2d2d88: ff48 8b6c | 2448 6690 

  0x0000020ebd2d2d90: ;   {runtime_call UncommonTrapBlob}
  0x0000020ebd2d2d90: c5f8 77e8 

  0x0000020ebd2d2d94: ; ImmutableOopMap {rbp=Oop }
                      ;*invokevirtual getAndSet {reexecute=0 rethrow=0 return_oop=0}
                      ; - com.jme3.system.lwjgl.LwjglWindow::runLoop@5 (line 522)
  0x0000020ebd2d2d94: c815 63ff 

  0x0000020ebd2d2d98: ;   {other}
  0x0000020ebd2d2d98: 0f1f 8400 | 1042 004b | baf6 ffff | ff66 6690 

  0x0000020ebd2d2da8: ;   {runtime_call UncommonTrapBlob}
  0x0000020ebd2d2da8: c5f8 77e8 

  0x0000020ebd2d2dac: ; ImmutableOopMap {[72]=Oop [80]=Oop }
                      ;*invokevirtual poll {reexecute=0 rethrow=0 return_oop=0}
                      ; - com.jme3.app.LegacyApplication::runQueuedTasks@4 (line 699)
                      ; - com.jme3.app.LegacyApplication::update@27 (line 715)
                      ; - com.jme3.app.SimpleApplication::update@20 (line 246)
                      ; - com.jme3.system.lwjgl.LwjglWindow::runLoop@37 (line 530)
  0x0000020ebd2d2dac: b015 63ff 

  0x0000020ebd2d2db0: ;   {other}
  0x0000020ebd2d2db0: 0f1f 8400 | 2842 004c | 458b 44ec | 1033 ed45 | 85c9 400f | 9fc5 ba45 | ffff ff48 | ff74 2448 
  0x0000020ebd2d2dd0: 488f 4424 | 204c 8b5c | 2450 4c89 | 5c24 3044 | 8954 2448 | 4489 4424 | 4c89 7c24 | 5066 6690 
  0x0000020ebd2d2df0: ;   {runtime_call UncommonTrapBlob}
  0x0000020ebd2d2df0: c5f8 77e8 

  0x0000020ebd2d2df4: ; ImmutableOopMap {[32]=Oop [48]=Oop [72]=NarrowOop [76]=NarrowOop [80]=NarrowOop }
                      ;*ifeq {reexecute=1 rethrow=0 return_oop=0}
                      ; - (reexecute) com.jme3.input.InputManager::invokeUpdateActions@96 (line 221)
                      ; - com.jme3.input.InputManager::update@106 (line 918)
                      ; - com.jme3.app.LegacyApplication::update@91 (line 724)
                      ; - com.jme3.app.SimpleApplication::update@20 (line 246)
                      ; - com.jme3.system.lwjgl.LwjglWindow::runLoop@37 (line 530)
  0x0000020ebd2d2df4: 6815 63ff 

  0x0000020ebd2d2df8: ;   {other}
  0x0000020ebd2d2df8: 0f1f 8400 | 7042 004d | baf6 ffff | ff4c 8944 | 2430 c5fa | 114c 2438 

  0x0000020ebd2d2e10: ;   {runtime_call UncommonTrapBlob}
  0x0000020ebd2d2e10: c5f8 77e8 

  0x0000020ebd2d2e14: ; ImmutableOopMap {[48]=Oop [72]=Oop [80]=Oop }
                      ;*monitorenter {reexecute=0 rethrow=0 return_oop=0}
                      ; - com.jme3.audio.openal.ALAudioRenderer::update@6 (line 849)
                      ; - com.jme3.app.LegacyApplication::update@131 (line 729)
                      ; - com.jme3.app.SimpleApplication::update@20 (line 246)
                      ; - com.jme3.system.lwjgl.LwjglWindow::runLoop@37 (line 530)
  0x0000020ebd2d2e14: 4815 63ff 

  0x0000020ebd2d2e18: ;   {other}
  0x0000020ebd2d2e18: 0f1f 8400 | 9042 004e | baf6 ffff | ff4c 8954 | 2420 c5fa | 1144 242c 

  0x0000020ebd2d2e30: ;   {runtime_call UncommonTrapBlob}
  0x0000020ebd2d2e30: c5f8 77e8 

  0x0000020ebd2d2e34: ; ImmutableOopMap {[32]=Oop [72]=Oop }
                      ;*invokevirtual update {reexecute=0 rethrow=0 return_oop=0}
                      ; - com.jme3.app.SimpleApplication::update@77 (line 255)
                      ; - com.jme3.system.lwjgl.LwjglWindow::runLoop@37 (line 530)
  0x0000020ebd2d2e34: 2815 63ff 

  0x0000020ebd2d2e38: ;   {other}
  0x0000020ebd2d2e38: 0f1f 8400 | b042 004f | baf6 ffff | ff4c 8954 | 2420 6690 

  0x0000020ebd2d2e4c: ;   {runtime_call UncommonTrapBlob}
  0x0000020ebd2d2e4c: c5f8 77e8 

  0x0000020ebd2d2e50: ; ImmutableOopMap {[32]=Oop [72]=Oop }
                      ;*invokevirtual updateGeometricState {reexecute=0 rethrow=0 return_oop=0}
                      ; - com.jme3.app.SimpleApplication::update@124 (line 264)
                      ; - com.jme3.system.lwjgl.LwjglWindow::runLoop@37 (line 530)
  0x0000020ebd2d2e50: 0c15 63ff 

  0x0000020ebd2d2e54: ;   {other}
  0x0000020ebd2d2e54: 0f1f 8400 | cc42 0050 | baf6 ffff | ff4c 895c | 2420 6690 

  0x0000020ebd2d2e68: ;   {runtime_call UncommonTrapBlob}
  0x0000020ebd2d2e68: c5f8 77e8 

  0x0000020ebd2d2e6c: ; ImmutableOopMap {[32]=Oop [72]=Oop }
                      ;*invokevirtual updateGeometricState {reexecute=0 rethrow=0 return_oop=0}
                      ; - com.jme3.app.SimpleApplication::update@131 (line 265)
                      ; - com.jme3.system.lwjgl.LwjglWindow::runLoop@37 (line 530)
  0x0000020ebd2d2e6c: f014 63ff 

  0x0000020ebd2d2e70: ;   {other}
  0x0000020ebd2d2e70: 0f1f 8400 | e842 0051 | baf6 ffff | ff48 8974 | 2420 4489 | 7424 2c89 | 7c24 3490 

  0x0000020ebd2d2e8c: ;   {runtime_call UncommonTrapBlob}
  0x0000020ebd2d2e8c: c5f8 77e8 

  0x0000020ebd2d2e90: ; ImmutableOopMap {[32]=Oop [44]=NarrowOop [52]=NarrowOop [72]=Oop }
                      ;*monitorenter {reexecute=0 rethrow=0 return_oop=0}
                      ; - com.jme3.app.state.AppStateManager::getStates@6 (line 126)
                      ; - com.jme3.app.state.AppStateManager::render@1 (line 366)
                      ; - com.jme3.app.SimpleApplication::update@161 (line 269)
                      ; - com.jme3.system.lwjgl.LwjglWindow::runLoop@37 (line 530)
  0x0000020ebd2d2e90: cc14 63ff 

  0x0000020ebd2d2e94: ;   {other}
  0x0000020ebd2d2e94: 0f1f 8400 | 0c43 0052 | baf6 ffff | ff48 8974 | 2420 c5fa | 104c 2438 | c5f8 28c1 | c5fa 1144 
  0x0000020ebd2d2eb4: 242c 4489 | 5c24 3044 | 894c 2434 | 4489 4424 | 3c66 6690 

  0x0000020ebd2d2ec8: ;   {runtime_call UncommonTrapBlob}
  0x0000020ebd2d2ec8: c5f8 77e8 

  0x0000020ebd2d2ecc: ; ImmutableOopMap {[32]=Oop [48]=NarrowOop [60]=NarrowOop [72]=Oop }
                      ;*invokevirtual getTimeInSeconds {reexecute=0 rethrow=0 return_oop=0}
                      ; - com.jme3.shader.UniformBindingManager::newFrame@5 (line 271)
                      ; - com.jme3.renderer.RenderManager::render@15 (line 1144)
                      ; - com.jme3.app.SimpleApplication::update@197 (line 272)
                      ; - com.jme3.system.lwjgl.LwjglWindow::runLoop@37 (line 530)
  0x0000020ebd2d2ecc: 9014 63ff 

  0x0000020ebd2d2ed0: ;   {other}
  0x0000020ebd2d2ed0: 0f1f 8400 | 4843 0053 | bae4 ffff | ff48 ff74 | 2448 488f | 4424 20c5 | fa10 4424 | 38c5 fa11 
  0x0000020ebd2d2ef0: 4424 3444 | 8954 2438 | 895c 2444 | 4489 5c24 | 4844 895c | 244c 6690 

  0x0000020ebd2d2f08: ;   {runtime_call UncommonTrapBlob}
  0x0000020ebd2d2f08: c5f8 77e8 

  0x0000020ebd2d2f0c: ; ImmutableOopMap {[32]=Oop [40]=Oop [56]=NarrowOop [68]=NarrowOop }
                      ;*invokestatic checkIndex {reexecute=0 rethrow=0 return_oop=0}
                      ; - java.util.Objects::checkIndex@3 (line 365)
                      ; - java.util.ArrayList::get@5 (line 428)
                      ; - com.jme3.renderer.RenderManager::render@195 (line 1164)
                      ; - com.jme3.app.SimpleApplication::update@197 (line 272)
                      ; - com.jme3.system.lwjgl.LwjglWindow::runLoop@37 (line 530)
  0x0000020ebd2d2f0c: 5014 63ff 

  0x0000020ebd2d2f10: ;   {other}
  0x0000020ebd2d2f10: 0f1f 8400 | 8843 0054 | bae4 ffff | ff48 8b6c | 2448 488b | 4c24 2848 | 894c 2420 | c5fa 1044 
  0x0000020ebd2d2f30: 2438 c5fa | 1144 242c | 4489 5424 | 3044 8b54 | 243c 4489 | 5424 3444 | 895c 2438 | 895c 2444 
  0x0000020ebd2d2f50: 4489 4c24 | 4844 8944 | 244c 4489 | 4c24 5090 

  0x0000020ebd2d2f60: ;   {runtime_call UncommonTrapBlob}
  0x0000020ebd2d2f60: c5f8 77e8 

  0x0000020ebd2d2f64: ; ImmutableOopMap {rbp=Oop [32]=Oop [48]=NarrowOop [68]=NarrowOop [76]=NarrowOop }
                      ;*aaload {reexecute=0 rethrow=0 return_oop=0}
                      ; - java.util.ArrayList::elementData@5 (line 412)
                      ; - java.util.ArrayList::get@11 (line 429)
                      ; - com.jme3.renderer.RenderManager::render@195 (line 1164)
                      ; - com.jme3.app.SimpleApplication::update@197 (line 272)
                      ; - com.jme3.system.lwjgl.LwjglWindow::runLoop@37 (line 530)
  0x0000020ebd2d2f64: f813 63ff 

  0x0000020ebd2d2f68: ;   {other}
  0x0000020ebd2d2f68: 0f1f 8400 | e043 0055 | baf6 ffff | ff48 897c | 2420 8974 | 2430 6690 

  0x0000020ebd2d2f80: ;   {runtime_call UncommonTrapBlob}
  0x0000020ebd2d2f80: c5f8 77e8 

  0x0000020ebd2d2f84: ; ImmutableOopMap {[32]=Oop [48]=NarrowOop [72]=Oop }
                      ;*monitorenter {reexecute=0 rethrow=0 return_oop=0}
                      ; - com.jme3.app.state.AppStateManager::getStates@6 (line 126)
                      ; - com.jme3.app.state.AppStateManager::postRender@1 (line 378)
                      ; - com.jme3.app.SimpleApplication::update@212 (line 274)
                      ; - com.jme3.system.lwjgl.LwjglWindow::runLoop@37 (line 530)
  0x0000020ebd2d2f84: d813 63ff 

  0x0000020ebd2d2f88: ;   {other}
  0x0000020ebd2d2f88: 0f1f 8400 | 0044 0056 | bade ffff | ff66 6690 

  0x0000020ebd2d2f98: ;   {runtime_call UncommonTrapBlob}
  0x0000020ebd2d2f98: c5f8 77e8 

  0x0000020ebd2d2f9c: ; ImmutableOopMap {rbp=NarrowOop [72]=Oop }
                      ;*invokeinterface update {reexecute=0 rethrow=0 return_oop=0}
                      ; - com.jme3.system.lwjgl.LwjglWindow::runLoop@37 (line 530)
  0x0000020ebd2d2f9c: c013 63ff 

  0x0000020ebd2d2fa0: ;   {other}
  0x0000020ebd2d2fa0: 0f1f 8400 | 1844 0057 | baec ffff | ff66 6690 

  0x0000020ebd2d2fb0: ;   {runtime_call UncommonTrapBlob}
  0x0000020ebd2d2fb0: c5f8 77e8 

  0x0000020ebd2d2fb4: ; ImmutableOopMap {rbp=NarrowOop [72]=Oop [80]=Oop }
                      ;*ifnull {reexecute=1 rethrow=0 return_oop=0}
                      ; - (reexecute) com.jme3.app.SimpleApplication::update@4 (line 244)
                      ; - com.jme3.system.lwjgl.LwjglWindow::runLoop@37 (line 530)
  0x0000020ebd2d2fb4: a813 63ff 

  0x0000020ebd2d2fb8: ;   {other}
  0x0000020ebd2d2fb8: 0f1f 8400 | 3044 0058 | bade ffff | ff48 8b6c | 2448 48ff | 7424 5048 | 8f44 2420 | 4489 4424 
  0x0000020ebd2d2fd8: 3444 895c | 2438 6690 

  0x0000020ebd2d2fe0: ;   {runtime_call UncommonTrapBlob}
  0x0000020ebd2d2fe0: c5f8 77e8 

  0x0000020ebd2d2fe4: ; ImmutableOopMap {rbp=Oop [32]=Oop [52]=NarrowOop [56]=NarrowOop [96]=NarrowOop }
                      ;*invokevirtual set {reexecute=0 rethrow=0 return_oop=0}
                      ; - com.jme3.audio.AudioContext::setAudioRenderer@4 (line 44)
                      ; - com.jme3.app.LegacyApplication::update@4 (line 712)
                      ; - com.jme3.app.SimpleApplication::update@20 (line 246)
                      ; - com.jme3.system.lwjgl.LwjglWindow::runLoop@37 (line 530)
  0x0000020ebd2d2fe4: 7813 63ff 

  0x0000020ebd2d2fe8: ;   {other}
  0x0000020ebd2d2fe8: 0f1f 8400 | 6044 0059 | bae4 ffff | ff48 8b6c | 2448 48ff | 7424 5048 | 8f44 2420 | 4889 5c24 
  0x0000020ebd2d3008: 3848 895c | 2440 4489 | 4424 4c48 | 8944 24f8 | 8b44 2460 | 8944 2450 | 488b 4424 | f844 895c 
  0x0000020ebd2d3028: 2474 4489 | 5424 7890 

  0x0000020ebd2d3030: ;   {runtime_call UncommonTrapBlob}
  0x0000020ebd2d3030: c5f8 77e8 

  0x0000020ebd2d3034: ; ImmutableOopMap {rbp=Oop [32]=Oop [56]=Oop [64]=Oop [80]=NarrowOop [88]=Oop [100]=NarrowOop [120]=NarrowOop }
                      ;*aaload {reexecute=0 rethrow=0 return_oop=0}
                      ; - java.lang.ThreadLocal$ThreadLocalMap::set@23 (line 549)
                      ; - java.lang.ThreadLocal::set@13 (line 265)
                      ; - java.lang.ThreadLocal::set@5 (line 251)
                      ; - com.jme3.audio.AudioContext::setAudioRenderer@4 (line 44)
                      ; - com.jme3.app.LegacyApplication::update@4 (line 712)
                      ; - com.jme3.app.SimpleApplication::update@20 (line 246)
                      ; - com.jme3.system.lwjgl.LwjglWindow::runLoop@37 (line 530)
  0x0000020ebd2d3034: 2813 63ff 

  0x0000020ebd2d3038: ;   {other}
  0x0000020ebd2d3038: 0f1f 8400 | b044 005a | baec ffff | ff66 6690 

  0x0000020ebd2d3048: ;   {runtime_call UncommonTrapBlob}
  0x0000020ebd2d3048: c5f8 77e8 

  0x0000020ebd2d304c: ; ImmutableOopMap {rbp=NarrowOop [72]=Oop [80]=Oop }
                      ;*ifnull {reexecute=1 rethrow=0 return_oop=0}
                      ; - (reexecute) com.jme3.app.LegacyApplication::update@11 (line 714)
                      ; - com.jme3.app.SimpleApplication::update@20 (line 246)
                      ; - com.jme3.system.lwjgl.LwjglWindow::runLoop@37 (line 530)
  0x0000020ebd2d304c: 1013 63ff 

  0x0000020ebd2d3050: ;   {other}
  0x0000020ebd2d3050: 0f1f 8400 | c844 005b | baec ffff | ff66 6690 

  0x0000020ebd2d3060: ;   {runtime_call UncommonTrapBlob}
  0x0000020ebd2d3060: c5f8 77e8 

  0x0000020ebd2d3064: ; ImmutableOopMap {rbp=NarrowOop [72]=Oop [80]=Oop }
                      ;*ifnull {reexecute=1 rethrow=0 return_oop=0}
                      ; - (reexecute) com.jme3.app.LegacyApplication::update@65 (line 723)
                      ; - com.jme3.app.SimpleApplication::update@20 (line 246)
                      ; - com.jme3.system.lwjgl.LwjglWindow::runLoop@37 (line 530)
  0x0000020ebd2d3064: f812 63ff 

  0x0000020ebd2d3068: ;   {other}
  0x0000020ebd2d3068: 0f1f 8400 | e044 005c | bade ffff | ff44 894c | 2438 c5fa | 1154 243c 

  0x0000020ebd2d3080: ;   {runtime_call UncommonTrapBlob}
  0x0000020ebd2d3080: c5f8 77e8 

  0x0000020ebd2d3084: ; ImmutableOopMap {rbp=NarrowOop [56]=NarrowOop [72]=Oop [80]=Oop }
                      ;*invokeinterface getInputTimeNanos {reexecute=0 rethrow=0 return_oop=0}
                      ; - com.jme3.input.InputManager::update@25 (line 901)
                      ; - com.jme3.app.LegacyApplication::update@91 (line 724)
                      ; - com.jme3.app.SimpleApplication::update@20 (line 246)
                      ; - com.jme3.system.lwjgl.LwjglWindow::runLoop@37 (line 530)
  0x0000020ebd2d3084: d812 63ff 

  0x0000020ebd2d3088: ;   {other}
  0x0000020ebd2d3088: 0f1f 8400 | 0045 005d | bade ffff | ff44 8954 | 2430 c5fa | 104c 2438 | c5fa 114c | 2434 4889 
  0x0000020ebd2d30a8: 4424 3844 | 8944 2440 

  0x0000020ebd2d30b0: ;   {runtime_call UncommonTrapBlob}
  0x0000020ebd2d30b0: c5f8 77e8 

  0x0000020ebd2d30b4: ; ImmutableOopMap {[48]=NarrowOop [64]=NarrowOop [72]=Oop [80]=Oop }
                      ;*invokeinterface update {reexecute=0 rethrow=0 return_oop=0}
                      ; - com.jme3.input.InputManager::update@50 (line 906)
                      ; - com.jme3.app.LegacyApplication::update@91 (line 724)
                      ; - com.jme3.app.SimpleApplication::update@20 (line 246)
                      ; - com.jme3.system.lwjgl.LwjglWindow::runLoop@37 (line 530)
  0x0000020ebd2d30b4: a812 63ff 

  0x0000020ebd2d30b8: ;   {other}
  0x0000020ebd2d30b8: 0f1f 8400 | 3045 005e | bade ffff | ff48 8b6c | 2448 4489 | 5424 30c5 | fa10 4424 | 38c5 fa11 
  0x0000020ebd2d30d8: 4424 3448 | 8944 2438 | 4c89 5c24 | 4044 894c | 2448 6690 

  0x0000020ebd2d30ec: ;   {runtime_call UncommonTrapBlob}
  0x0000020ebd2d30ec: c5f8 77e8 

  0x0000020ebd2d30f0: ; ImmutableOopMap {rbp=Oop [48]=NarrowOop [64]=Oop [72]=NarrowOop [80]=Oop }
                      ;*invokeinterface isEmpty {reexecute=0 rethrow=0 return_oop=0}
                      ; - com.jme3.input.lwjgl.GlfwKeyInput::update@15 (line 160)
                      ; - com.jme3.input.InputManager::update@50 (line 906)
                      ; - com.jme3.app.LegacyApplication::update@91 (line 724)
                      ; - com.jme3.app.SimpleApplication::update@20 (line 246)
                      ; - com.jme3.system.lwjgl.LwjglWindow::runLoop@37 (line 530)
  0x0000020ebd2d30f0: 6c12 63ff 

  0x0000020ebd2d30f4: ;   {other}
  0x0000020ebd2d30f4: 0f1f 8400 | 6c45 005f | bade ffff | ff44 8954 | 243c 4889 | 4424 4090 

  0x0000020ebd2d310c: ;   {runtime_call UncommonTrapBlob}
  0x0000020ebd2d310c: c5f8 77e8 

  0x0000020ebd2d3110: ; ImmutableOopMap {rbp=NarrowOop [60]=NarrowOop [72]=Oop [80]=Oop }
                      ;*invokeinterface update {reexecute=0 rethrow=0 return_oop=0}
                      ; - com.jme3.input.InputManager::update@59 (line 907)
                      ; - com.jme3.app.LegacyApplication::update@91 (line 724)
                      ; - com.jme3.app.SimpleApplication::update@20 (line 246)
                      ; - com.jme3.system.lwjgl.LwjglWindow::runLoop@37 (line 530)
  0x0000020ebd2d3110: 4c12 63ff 

  0x0000020ebd2d3114: ;   {other}
  0x0000020ebd2d3114: 0f1f 8400 | 8c45 0060 | bade ffff | ff48 8b6c | 2448 4489 | 5424 30c5 | fa10 4424 | 38c5 fa11 
  0x0000020ebd2d3134: 4424 3448 | 8944 2438 | 4c89 5c24 | 4089 4c24 | 4866 6690 

  0x0000020ebd2d3148: ;   {runtime_call UncommonTrapBlob}
  0x0000020ebd2d3148: c5f8 77e8 

  0x0000020ebd2d314c: ; ImmutableOopMap {rbp=Oop [48]=NarrowOop [64]=Oop [72]=NarrowOop [80]=Oop }
                      ;*invokeinterface isEmpty {reexecute=0 rethrow=0 return_oop=0}
                      ; - com.jme3.input.lwjgl.GlfwMouseInput::update@106 (line 297)
                      ; - com.jme3.input.InputManager::update@59 (line 907)
                      ; - com.jme3.app.LegacyApplication::update@91 (line 724)
                      ; - com.jme3.app.SimpleApplication::update@20 (line 246)
                      ; - com.jme3.system.lwjgl.LwjglWindow::runLoop@37 (line 530)
  0x0000020ebd2d314c: 1012 63ff 

  0x0000020ebd2d3150: ;   {other}
  0x0000020ebd2d3150: 0f1f 8400 | c845 0061 | bade ffff | ff48 8b6c | 2448 4489 | 5424 30c5 | fa10 4c24 | 38c5 fa11 
  0x0000020ebd2d3170: 4c24 3448 | 8944 2438 | 4c89 5c24 | 4044 894c | 2448 6690 

  0x0000020ebd2d3184: ;   {runtime_call UncommonTrapBlob}
  0x0000020ebd2d3184: c5f8 77e8 

  0x0000020ebd2d3188: ; ImmutableOopMap {rbp=Oop [48]=NarrowOop [64]=Oop [72]=NarrowOop [80]=Oop }
                      ;*invokeinterface isEmpty {reexecute=0 rethrow=0 return_oop=0}
                      ; - com.jme3.input.lwjgl.GlfwMouseInput::update@142 (line 301)
                      ; - com.jme3.input.InputManager::update@59 (line 907)
                      ; - com.jme3.app.LegacyApplication::update@91 (line 724)
                      ; - com.jme3.app.SimpleApplication::update@20 (line 246)
                      ; - com.jme3.system.lwjgl.LwjglWindow::runLoop@37 (line 530)
  0x0000020ebd2d3188: d411 63ff 

  0x0000020ebd2d318c: ;   {other}
  0x0000020ebd2d318c: 0f1f 8400 | 0446 0062 | baec ffff | ff44 8954 | 243c 4889 | 4424 4090 

  0x0000020ebd2d31a4: ;   {runtime_call UncommonTrapBlob}
  0x0000020ebd2d31a4: c5f8 77e8 

  0x0000020ebd2d31a8: ; ImmutableOopMap {rbp=NarrowOop [60]=NarrowOop [72]=Oop [80]=Oop }
                      ;*ifnull {reexecute=1 rethrow=0 return_oop=0}
                      ; - (reexecute) com.jme3.input.InputManager::update@84 (line 911)
                      ; - com.jme3.app.LegacyApplication::update@91 (line 724)
                      ; - com.jme3.app.SimpleApplication::update@20 (line 246)
                      ; - com.jme3.system.lwjgl.LwjglWindow::runLoop@37 (line 530)
  0x0000020ebd2d31a8: b411 63ff 

  0x0000020ebd2d31ac: ;   {other}
  0x0000020ebd2d31ac: 0f1f 8400 | 2446 0063 | bae4 ffff | ff48 ff74 | 2448 488f | 4424 204c | 8b5c 2450 | 4c89 5c24 
  0x0000020ebd2d31cc: 3044 8954 | 2448 4489 | 4c24 5090 

  0x0000020ebd2d31d8: ;   {runtime_call UncommonTrapBlob}
  0x0000020ebd2d31d8: c5f8 77e8 

  0x0000020ebd2d31dc: ; ImmutableOopMap {rbp=NarrowOop [32]=Oop [48]=Oop [72]=NarrowOop [80]=NarrowOop }
                      ;*aaload {reexecute=0 rethrow=0 return_oop=0}
                      ; - com.jme3.util.IntMap$IntMapIterator::beginUse@9 (line 249)
                      ; - com.jme3.util.IntMap::iterator@10 (line 224)
                      ; - com.jme3.input.InputManager::invokeUpdateActions@4 (line 210)
                      ; - com.jme3.input.InputManager::update@106 (line 918)
                      ; - com.jme3.app.LegacyApplication::update@91 (line 724)
                      ; - com.jme3.app.SimpleApplication::update@20 (line 246)
                      ; - com.jme3.system.lwjgl.LwjglWindow::runLoop@37 (line 530)
  0x0000020ebd2d31dc: 8011 63ff 

  0x0000020ebd2d31e0: ;   {other}
  0x0000020ebd2d31e0: 0f1f 8400 | 5846 0064 | bae4 ffff | ff48 ff74 | 2448 488f | 4424 2048 | 8b4c 2450 | 4889 4c24 
  0x0000020ebd2d3200: 3044 8954 | 2448 897c | 2450 4489 | 4424 5444 | 895c 2458 | 895c 245c | 4489 4c24 | 6066 6690 
  0x0000020ebd2d3220: ;   {runtime_call UncommonTrapBlob}
  0x0000020ebd2d3220: c5f8 77e8 

  0x0000020ebd2d3224: ; ImmutableOopMap {rbp=NarrowOop [32]=Oop [48]=Oop [72]=NarrowOop [80]=NarrowOop [92]=NarrowOop [96]=NarrowOop }
                      ;*aaload {reexecute=0 rethrow=0 return_oop=0}
                      ; - com.jme3.util.IntMap$IntMapIterator::beginUse@9 (line 249)
                      ; - com.jme3.util.IntMap::iterator@10 (line 224)
                      ; - com.jme3.input.InputManager::invokeUpdateActions@86 (line 221)
                      ; - com.jme3.input.InputManager::update@106 (line 918)
                      ; - com.jme3.app.LegacyApplication::update@91 (line 724)
                      ; - com.jme3.app.SimpleApplication::update@20 (line 246)
                      ; - com.jme3.system.lwjgl.LwjglWindow::runLoop@37 (line 530)
  0x0000020ebd2d3224: 3811 63ff 

  0x0000020ebd2d3228: ;   {other}
  0x0000020ebd2d3228: 0f1f 8400 | a046 0065 | baec ffff | ff66 6690 

  0x0000020ebd2d3238: ;   {runtime_call UncommonTrapBlob}
  0x0000020ebd2d3238: c5f8 77e8 

  0x0000020ebd2d323c: ; ImmutableOopMap {rbp=NarrowOop [72]=Oop [80]=Oop }
                      ;*ifnull {reexecute=1 rethrow=0 return_oop=0}
                      ; - (reexecute) com.jme3.app.LegacyApplication::update@105 (line 728)
                      ; - com.jme3.app.SimpleApplication::update@20 (line 246)
                      ; - com.jme3.system.lwjgl.LwjglWindow::runLoop@37 (line 530)
  0x0000020ebd2d323c: 2011 63ff 

  0x0000020ebd2d3240: ;   {other}
  0x0000020ebd2d3240: 0f1f 8400 | b846 0066 | bade ffff | ff44 8954 | 2430 c5fa | 114c 2434 

  0x0000020ebd2d3258: ;   {runtime_call UncommonTrapBlob}
  0x0000020ebd2d3258: c5f8 77e8 

  0x0000020ebd2d325c: ; ImmutableOopMap {[48]=NarrowOop [72]=Oop [80]=Oop }
                      ;*invokeinterface update {reexecute=0 rethrow=0 return_oop=0}
                      ; - com.jme3.app.LegacyApplication::update@131 (line 729)
                      ; - com.jme3.app.SimpleApplication::update@20 (line 246)
                      ; - com.jme3.system.lwjgl.LwjglWindow::runLoop@37 (line 530)
  0x0000020ebd2d325c: 0011 63ff 

  0x0000020ebd2d3260: ;   {other}
  0x0000020ebd2d3260: 0f1f 8400 | d846 0067 | 4c89 4c24 | 404c 8944 | 2438 c5fa | 114c 2430 | 498b d14c | 8d84 24c0 
  0x0000020ebd2d3280: 0000 0090 

  0x0000020ebd2d3284: ;   {runtime_call _complete_monitor_locking_Java}
  0x0000020ebd2d3284: c5f8 77e8 

  0x0000020ebd2d3288: ; ImmutableOopMap {rbp=NarrowOop [56]=Oop [64]=Oop [72]=Oop [80]=Oop }
                      ;*monitorenter {reexecute=0 rethrow=0 return_oop=0}
                      ; - com.jme3.audio.openal.ALAudioRenderer::update@6 (line 849)
                      ; - com.jme3.app.LegacyApplication::update@131 (line 729)
                      ; - com.jme3.app.SimpleApplication::update@20 (line 246)
                      ; - com.jme3.system.lwjgl.LwjglWindow::runLoop@37 (line 530)
  0x0000020ebd2d3288: d4c4 70ff 

  0x0000020ebd2d328c: ;   {other}
  0x0000020ebd2d328c: 0f1f 8400 | 0447 0068 | 4c8b 5c24 | 50c5 fa10 | 4c24 304c | 8b44 2438 | 4c8b 4c24 | 40e9 1ccc 
  0x0000020ebd2d32ac: ffff 498b | cb48 8d94 | 24c0 0000 | 004d 8bc7 | c5f8 7749 | ba30 dcab | 57f9 7f00 | 0041 ffd2 
  0x0000020ebd2d32cc: ;   {other}
  0x0000020ebd2d32cc: 0f1f 8400 | 0000 0000 | e9ae ccff | ffba ecff | ffff c5fa | 1144 2430 

  0x0000020ebd2d32e4: ;   {runtime_call UncommonTrapBlob}
  0x0000020ebd2d32e4: c5f8 77e8 

  0x0000020ebd2d32e8: ; ImmutableOopMap {rbp=NarrowOop [40]=Oop [72]=Oop }
                      ;*ifnull {reexecute=1 rethrow=0 return_oop=0}
                      ; - (reexecute) com.jme3.app.SimpleApplication::update@57 (line 254)
                      ; - com.jme3.system.lwjgl.LwjglWindow::runLoop@37 (line 530)
  0x0000020ebd2d32e8: 7410 63ff 

  0x0000020ebd2d32ec: ;   {other}
  0x0000020ebd2d32ec: 0f1f 8400 | 6447 0069 | baec ffff | ff66 6690 

  0x0000020ebd2d32fc: ;   {runtime_call UncommonTrapBlob}
  0x0000020ebd2d32fc: c5f8 77e8 

  0x0000020ebd2d3300: ; ImmutableOopMap {rbp=NarrowOop [40]=Oop [72]=Oop }
                      ;*ifnull {reexecute=1 rethrow=0 return_oop=0}
                      ; - (reexecute) com.jme3.app.SimpleApplication::update@89 (line 260)
                      ; - com.jme3.system.lwjgl.LwjglWindow::runLoop@37 (line 530)
  0x0000020ebd2d3300: 5c10 63ff 

  0x0000020ebd2d3304: ;   {other}
  0x0000020ebd2d3304: 0f1f 8400 | 7c47 006a | bade ffff | ffc5 fa10 | 4424 38c5 | fa11 4424 | 3466 6690 

  0x0000020ebd2d3320: ;   {runtime_call UncommonTrapBlob}
  0x0000020ebd2d3320: c5f8 77e8 

  0x0000020ebd2d3324: ; ImmutableOopMap {rbp=NarrowOop [40]=Oop [72]=Oop }
                      ;*invokevirtual updateLogicalState {reexecute=0 rethrow=0 return_oop=0}
                      ; - com.jme3.app.SimpleApplication::update@109 (line 261)
                      ; - com.jme3.system.lwjgl.LwjglWindow::runLoop@37 (line 530)
  0x0000020ebd2d3324: 3810 63ff 

  0x0000020ebd2d3328: ;   {other}
  0x0000020ebd2d3328: 0f1f 8400 | a047 006b | bade ffff | ffc5 fa10 | 4424 38c5 | fa11 4424 | 3466 6690 

  0x0000020ebd2d3344: ;   {runtime_call UncommonTrapBlob}
  0x0000020ebd2d3344: c5f8 77e8 

  0x0000020ebd2d3348: ; ImmutableOopMap {rbp=NarrowOop [40]=Oop [72]=Oop }
                      ;*invokevirtual updateLogicalState {reexecute=0 rethrow=0 return_oop=0}
                      ; - com.jme3.app.SimpleApplication::update@117 (line 262)
                      ; - com.jme3.system.lwjgl.LwjglWindow::runLoop@37 (line 530)
  0x0000020ebd2d3348: 1410 63ff 

  0x0000020ebd2d334c: ;   {other}
  0x0000020ebd2d334c: 0f1f 8400 | c447 006c | baec ffff | ff66 6690 

  0x0000020ebd2d335c: ;   {runtime_call UncommonTrapBlob}
  0x0000020ebd2d335c: c5f8 77e8 

  0x0000020ebd2d3360: ; ImmutableOopMap {rbp=NarrowOop [40]=Oop [72]=Oop }
                      ;*ifnull {reexecute=1 rethrow=0 return_oop=0}
                      ; - (reexecute) com.jme3.app.SimpleApplication::update@138 (line 268)
                      ; - com.jme3.system.lwjgl.LwjglWindow::runLoop@37 (line 530)
  0x0000020ebd2d3360: fc0f 63ff 

  0x0000020ebd2d3364: ;   {other}
  0x0000020ebd2d3364: 0f1f 8400 | dc47 006d | 4c89 6c24 | 504c 894c | 2440 4489 | 5424 3089 | 7c24 2c44 | 8974 2428 
  0x0000020ebd2d3384: 488b ee49 | 8bd1 4c8d | 8424 c000 | 0000 6690 

  0x0000020ebd2d3394: ;   {runtime_call _complete_monitor_locking_Java}
  0x0000020ebd2d3394: c5f8 77e8 

  0x0000020ebd2d3398: ; ImmutableOopMap {rbp=Oop [40]=NarrowOop [44]=NarrowOop [48]=NarrowOop [64]=Oop [72]=Oop [80]=Oop }
                      ;*monitorenter {reexecute=0 rethrow=0 return_oop=0}
                      ; - com.jme3.app.state.AppStateManager::getStates@6 (line 126)
                      ; - com.jme3.app.state.AppStateManager::render@1 (line 366)
                      ; - com.jme3.app.SimpleApplication::update@161 (line 269)
                      ; - com.jme3.system.lwjgl.LwjglWindow::runLoop@37 (line 530)
  0x0000020ebd2d3398: c4c3 70ff 

  0x0000020ebd2d339c: ;   {other}
  0x0000020ebd2d339c: 0f1f 8400 | 1448 006e | 488b f544 | 8b74 2428 | 8b7c 242c | 448b 5424 | 304c 8b4c | 2440 4c8b 
  0x0000020ebd2d33bc: 6c24 50e9 | ecce ffff | 498b c948 | 8d94 24c0 | 0000 004d | 8bc7 c5f8 | 7749 ba30 | dcab 57f9 
  0x0000020ebd2d33dc: 7f00 0041 

  0x0000020ebd2d33e0: ;   {other}
  0x0000020ebd2d33e0: ffd2 0f1f | 8400 0000 | 0000 e96f | cfff ffba | ecff ffff | 4889 7424 | 2866 6690 

  0x0000020ebd2d33fc: ;   {runtime_call UncommonTrapBlob}
  0x0000020ebd2d33fc: c5f8 77e8 

  0x0000020ebd2d3400: ; ImmutableOopMap {rbp=NarrowOop [40]=Oop [72]=Oop }
                      ;*ifnull {reexecute=1 rethrow=0 return_oop=0}
                      ; - (reexecute) com.jme3.app.SimpleApplication::update@168 (line 271)
                      ; - com.jme3.system.lwjgl.LwjglWindow::runLoop@37 (line 530)
  0x0000020ebd2d3400: 5c0f 63ff 

  0x0000020ebd2d3404: ;   {other}
  0x0000020ebd2d3404: 0f1f 8400 | 7c48 006f | bade ffff | ff48 8974 | 2428 c5fa | 104c 2438 | c5f8 28c1 | c5fa 1144 
  0x0000020ebd2d3424: 2434 4489 | 5c24 3890 

  0x0000020ebd2d342c: ;   {runtime_call UncommonTrapBlob}
  0x0000020ebd2d342c: c5f8 77e8 

  0x0000020ebd2d3430: ; ImmutableOopMap {rbp=NarrowOop [40]=Oop [56]=NarrowOop [72]=Oop }
                      ;*invokeinterface isRenderable {reexecute=0 rethrow=0 return_oop=0}
                      ; - com.jme3.app.SimpleApplication::update@192 (line 272)
                      ; - com.jme3.system.lwjgl.LwjglWindow::runLoop@37 (line 530)
  0x0000020ebd2d3430: 2c0f 63ff 

  0x0000020ebd2d3434: ;   {other}
  0x0000020ebd2d3434: 0f1f 8400 | ac48 0070 | baec ffff | ffc5 fa10 | 4424 38c5 | fa11 4424 | 3444 8954 | 2438 6690 
  0x0000020ebd2d3454: ;   {runtime_call UncommonTrapBlob}
  0x0000020ebd2d3454: c5f8 77e8 

  0x0000020ebd2d3458: ; ImmutableOopMap {rbp=NarrowOop [40]=Oop [56]=NarrowOop [72]=Oop }
                      ;*ifnull {reexecute=1 rethrow=0 return_oop=0}
                      ; - (reexecute) com.jme3.renderer.RenderManager::render@22 (line 1146)
                      ; - com.jme3.app.SimpleApplication::update@197 (line 272)
                      ; - com.jme3.system.lwjgl.LwjglWindow::runLoop@37 (line 530)
  0x0000020ebd2d3458: 040f 63ff 

  0x0000020ebd2d345c: ;   {other}
  0x0000020ebd2d345c: 0f1f 8400 | d448 0071 | ba45 ffff | ff48 ff74 | 2448 488f | 4424 20c5 | fa10 4424 | 38c5 fa11 
  0x0000020ebd2d347c: 4424 3444 | 8954 2438 | 4489 4424 | 404c 895c | 2448 6690 

  0x0000020ebd2d3490: ;   {runtime_call UncommonTrapBlob}
  0x0000020ebd2d3490: c5f8 77e8 

  0x0000020ebd2d3494: ; ImmutableOopMap {rbp=NarrowOop [32]=Oop [40]=Oop [56]=NarrowOop [72]=Oop }
                      ;*ifnonnull {reexecute=1 rethrow=0 return_oop=0}
                      ; - (reexecute) com.jme3.renderer.RenderManager::render@138 (line 1157)
                      ; - com.jme3.app.SimpleApplication::update@197 (line 272)
                      ; - com.jme3.system.lwjgl.LwjglWindow::runLoop@37 (line 530)
  0x0000020ebd2d3494: c80e 63ff 

  0x0000020ebd2d3498: ;   {other}
  0x0000020ebd2d3498: 0f1f 8400 | 1049 0072 | bacc ffff | ff48 ff74 | 2448 488f | 4424 20c5 | fa10 4c24 | 38c5 f828 
  0x0000020ebd2d34b8: c1c5 fa11 | 4424 3444 | 8954 2438 | 895c 2444 | 4489 5c24 | 4844 895c | 244c 6690 

  0x0000020ebd2d34d4: ;   {runtime_call UncommonTrapBlob}
  0x0000020ebd2d34d4: c5f8 77e8 

  0x0000020ebd2d34d8: ; ImmutableOopMap {[32]=Oop [40]=Oop [56]=NarrowOop [68]=NarrowOop }
                      ;*invokestatic checkIndex {reexecute=0 rethrow=0 return_oop=0}
                      ; - java.util.Objects::checkIndex@3 (line 365)
                      ; - java.util.ArrayList::get@5 (line 428)
                      ; - com.jme3.renderer.RenderManager::render@195 (line 1164)
                      ; - com.jme3.app.SimpleApplication::update@197 (line 272)
                      ; - com.jme3.system.lwjgl.LwjglWindow::runLoop@37 (line 530)
  0x0000020ebd2d34d8: 840e 63ff 

  0x0000020ebd2d34dc: ;   {other}
  0x0000020ebd2d34dc: 0f1f 8400 | 5449 0073 | 4c89 4c24 | 404c 896c | 2430 4489 | 5c24 2c89 | 7424 2848 | 8bef 498b 
  0x0000020ebd2d34fc: d14c 8d84 | 24c0 0000 | 0066 6690 

  0x0000020ebd2d3508: ;   {runtime_call _complete_monitor_locking_Java}
  0x0000020ebd2d3508: c5f8 77e8 

  0x0000020ebd2d350c: ; ImmutableOopMap {rbp=Oop [40]=NarrowOop [44]=NarrowOop [48]=Oop [64]=Oop [72]=Oop }
                      ;*monitorenter {reexecute=0 rethrow=0 return_oop=0}
                      ; - com.jme3.app.state.AppStateManager::getStates@6 (line 126)
                      ; - com.jme3.app.state.AppStateManager::postRender@1 (line 378)
                      ; - com.jme3.app.SimpleApplication::update@212 (line 274)
                      ; - com.jme3.system.lwjgl.LwjglWindow::runLoop@37 (line 530)
  0x0000020ebd2d350c: 50c2 70ff 

  0x0000020ebd2d3510: ;   {other}
  0x0000020ebd2d3510: 0f1f 8400 | 8849 0074 | 488b fd8b | 7424 2844 | 8b5c 242c | 4c8b 6c24 | 304c 8b4c | 2440 e94a 
  0x0000020ebd2d3530: d3ff ff49 | 8bc9 488d | 9424 c000 | 0000 4d8b | c7c5 f877 | 49ba 30dc | ab57 f97f | 0000 41ff 
  0x0000020ebd2d3550: ;   {other}
  0x0000020ebd2d3550: d20f 1f84 | 0000 0000 | 00e9 cdd3 | ffff baec | ffff ff48 | 897c 2428 

  0x0000020ebd2d3568: ;   {runtime_call UncommonTrapBlob}
  0x0000020ebd2d3568: c5f8 77e8 

  0x0000020ebd2d356c: ; ImmutableOopMap {rbp=NarrowOop [40]=Oop [72]=Oop }
                      ;*ifnull {reexecute=1 rethrow=0 return_oop=0}
                      ; - (reexecute) com.jme3.app.SimpleApplication::update@219 (line 276)
                      ; - com.jme3.system.lwjgl.LwjglWindow::runLoop@37 (line 530)
  0x0000020ebd2d356c: f00d 63ff 

  0x0000020ebd2d3570: ;   {other}
  0x0000020ebd2d3570: 0f1f 8400 | e849 0075 | bade ffff | ff66 6690 

  0x0000020ebd2d3580: ;   {runtime_call UncommonTrapBlob}
  0x0000020ebd2d3580: c5f8 77e8 

  0x0000020ebd2d3584: ; ImmutableOopMap {rbp=NarrowOop [72]=Oop }
                      ;*invokeinterface postFrame {reexecute=0 rethrow=0 return_oop=0}
                      ; - com.jme3.system.lwjgl.LwjglWindow::runLoop@100 (line 549)
  0x0000020ebd2d3584: d80d 63ff 

  0x0000020ebd2d3588: ;   {other}
  0x0000020ebd2d3588: 0f1f 8400 | 004a 0076 | ba45 ffff | ff89 5c24 | 284c 8954 | 2430 6690 

  0x0000020ebd2d35a0: ;   {runtime_call UncommonTrapBlob}
  0x0000020ebd2d35a0: c5f8 77e8 

  0x0000020ebd2d35a4: ; ImmutableOopMap {[40]=NarrowOop [48]=Oop [72]=Oop }
                      ;*ifne {reexecute=1 rethrow=0 return_oop=0}
                      ; - (reexecute) com.jme3.util.NativeObjectManager::deleteUnused@15 (line 175)
                      ; - com.jme3.renderer.opengl.GLRenderer::postFrame@5 (line 1117)
                      ; - com.jme3.system.lwjgl.LwjglWindow::runLoop@100 (line 549)
  0x0000020ebd2d35a4: b80d 63ff 

  0x0000020ebd2d35a8: ;   {other}
  0x0000020ebd2d35a8: 0f1f 8400 | 204a 0077 | bade ffff | ff89 5c24 | 304c 8954 | 2438 6690 

  0x0000020ebd2d35c0: ;   {runtime_call UncommonTrapBlob}
  0x0000020ebd2d35c0: c5f8 77e8 

  0x0000020ebd2d35c4: ; ImmutableOopMap {rbp=NarrowOop [48]=NarrowOop [56]=Oop [72]=Oop }
                      ;*invokevirtual poll {reexecute=0 rethrow=0 return_oop=0}
                      ; - com.jme3.util.NativeObjectManager::deleteUnused@54 (line 183)
                      ; - com.jme3.renderer.opengl.GLRenderer::postFrame@5 (line 1117)
                      ; - com.jme3.system.lwjgl.LwjglWindow::runLoop@100 (line 549)
  0x0000020ebd2d35c4: 980d 63ff 

  0x0000020ebd2d35c8: ;   {other}
  0x0000020ebd2d35c8: 0f1f 8400 | 404a 0078 | bade ffff | ff4c 8954 | 2428 6690 

  0x0000020ebd2d35dc: ;   {runtime_call UncommonTrapBlob}
  0x0000020ebd2d35dc: c5f8 77e8 

  0x0000020ebd2d35e0: ; ImmutableOopMap {rbp=NarrowOop [40]=Oop [72]=Oop }
                      ;*invokeinterface resetStats {reexecute=0 rethrow=0 return_oop=0}
                      ; - com.jme3.renderer.opengl.GLRenderer::postFrame@18 (line 1119)
                      ; - com.jme3.system.lwjgl.LwjglWindow::runLoop@100 (line 549)
  0x0000020ebd2d35e0: 7c0d 63ff 

  0x0000020ebd2d35e4: ;   {other}
  0x0000020ebd2d35e4: 0f1f 8400 | 5c4a 0079 | ba76 ffff | ff48 8b6c | 2448 4889 | 7424 20c5 | fa10 4424 | 38c5 fa11 
  0x0000020ebd2d3604: 4424 2844 | 8974 242c | 4c89 5c24 | 3844 8954 | 2444 897c | 2448 6690 

  0x0000020ebd2d361c: ;   {runtime_call UncommonTrapBlob}
  0x0000020ebd2d361c: c5f8 77e8 

  0x0000020ebd2d3620: ; ImmutableOopMap {rbp=Oop [32]=Oop [44]=NarrowOop [56]=Oop [72]=NarrowOop }
                      ;*if_icmpge {reexecute=1 rethrow=0 return_oop=0}
                      ; - (reexecute) com.jme3.app.state.AppStateManager::render@18 (line 367)
                      ; - com.jme3.app.SimpleApplication::update@161 (line 269)
                      ; - com.jme3.system.lwjgl.LwjglWindow::runLoop@37 (line 530)
  0x0000020ebd2d3620: 3c0d 63ff 

  0x0000020ebd2d3624: ;   {other}
  0x0000020ebd2d3624: 0f1f 8400 | 9c4a 007a | ba76 ffff | ff48 897c | 2420 c5fa | 1044 2438 | c5fa 1144 | 2428 4c89 
  0x0000020ebd2d3644: 5424 3844 | 895c 2440 | 8974 2444 

  0x0000020ebd2d3650: ;   {runtime_call UncommonTrapBlob}
  0x0000020ebd2d3650: c5f8 77e8 

  0x0000020ebd2d3654: ; ImmutableOopMap {[32]=Oop [56]=Oop [68]=NarrowOop [72]=Oop }
                      ;*if_icmpge {reexecute=1 rethrow=0 return_oop=0}
                      ; - (reexecute) com.jme3.app.state.AppStateManager::postRender@16 (line 379)
                      ; - com.jme3.app.SimpleApplication::update@212 (line 274)
                      ; - com.jme3.system.lwjgl.LwjglWindow::runLoop@37 (line 530)
  0x0000020ebd2d3654: 080d 63ff 

  0x0000020ebd2d3658: ;   {other}
  0x0000020ebd2d3658: 0f1f 8400 | d04a 007b | ba76 ffff | ffc5 fa10 | 4c24 38c5 | f828 c1c5 | fa11 4424 | 3444 8954 
  0x0000020ebd2d3678: 2438 6690 

  0x0000020ebd2d367c: ;   {runtime_call UncommonTrapBlob}
  0x0000020ebd2d367c: c5f8 77e8 

  0x0000020ebd2d3680: ; ImmutableOopMap {[40]=Oop [56]=NarrowOop [72]=Oop }
                      ;*if_icmpge {reexecute=1 rethrow=0 return_oop=0}
                      ; - (reexecute) com.jme3.renderer.RenderManager::render@117 (line 1155)
                      ; - com.jme3.app.SimpleApplication::update@197 (line 272)
                      ; - com.jme3.system.lwjgl.LwjglWindow::runLoop@37 (line 530)
  0x0000020ebd2d3680: dc0c 63ff 

  0x0000020ebd2d3684: ;   {other}
  0x0000020ebd2d3684: 0f1f 8400 | fc4a 007c | baec ffff | ffc5 fa10 | 4424 38c5 | fa11 4424 | 3444 8954 | 2438 4489 
  0x0000020ebd2d36a4: 5c24 4090 

  0x0000020ebd2d36a8: ;   {runtime_call UncommonTrapBlob}
  0x0000020ebd2d36a8: c5f8 77e8 

  0x0000020ebd2d36ac: ; ImmutableOopMap {rbp=NarrowOop [40]=Oop [56]=NarrowOop [72]=Oop }
                      ;*ifnull {reexecute=1 rethrow=0 return_oop=0}
                      ; - (reexecute) com.jme3.renderer.RenderManager::render@162 (line 1162)
                      ; - com.jme3.app.SimpleApplication::update@197 (line 272)
                      ; - com.jme3.system.lwjgl.LwjglWindow::runLoop@37 (line 530)
  0x0000020ebd2d36ac: b00c 63ff 

  0x0000020ebd2d36b0: ;   {other}
  0x0000020ebd2d36b0: 0f1f 8400 | 284b 007d | ba76 ffff | ffc5 fa10 | 4c24 38c5 | f828 c1c5 | fa11 4424 | 3444 8954 
  0x0000020ebd2d36d0: 2438 6690 

  0x0000020ebd2d36d4: ;   {runtime_call UncommonTrapBlob}
  0x0000020ebd2d36d4: c5f8 77e8 

  0x0000020ebd2d36d8: ; ImmutableOopMap {[40]=Oop [56]=NarrowOop [72]=Oop }
                      ;*if_icmpge {reexecute=1 rethrow=0 return_oop=0}
                      ; - (reexecute) com.jme3.renderer.RenderManager::render@187 (line 1163)
                      ; - com.jme3.app.SimpleApplication::update@197 (line 272)
                      ; - com.jme3.system.lwjgl.LwjglWindow::runLoop@37 (line 530)
  0x0000020ebd2d36d8: 840c 63ff 

  0x0000020ebd2d36dc: ;   {other}
  0x0000020ebd2d36dc: 0f1f 8400 | 544b 007e | c5f8 2ec2 | bdff ffff | ff0f 8a0e | 0000 000f | 8208 0000 | 0040 0f95 
  0x0000020ebd2d36fc: c540 0fb6 | edf7 ddba | 45ff ffff | c5fa 1154 | 243c 4489 | 4c24 4090 

  0x0000020ebd2d3714: ;   {runtime_call UncommonTrapBlob}
  0x0000020ebd2d3714: c5f8 77e8 

  0x0000020ebd2d3718: ; ImmutableOopMap {[64]=NarrowOop [72]=Oop [80]=Oop }
                      ;*ifge {reexecute=1 rethrow=0 return_oop=0}
                      ; - (reexecute) com.jme3.input.InputManager::update@10 (line 899)
                      ; - com.jme3.app.LegacyApplication::update@91 (line 724)
                      ; - com.jme3.app.SimpleApplication::update@20 (line 246)
                      ; - com.jme3.system.lwjgl.LwjglWindow::runLoop@37 (line 530)
  0x0000020ebd2d3718: 440c 63ff 

  0x0000020ebd2d371c: ;   {other}
  0x0000020ebd2d371c: 0f1f 8400 | 944b 007f | 488b fb41 | 8bda 498b | d7c5 f877 | 49ba e007 | 6957 f97f | 0000 41ff 
  0x0000020ebd2d373c: ;   {other}
  0x0000020ebd2d373c: d20f 1f84 | 0000 0000 | 0044 8bd3 | 488b dfe9 | 08ce ffff | 498b f941 | 8bda 498b | d7c5 f877 
  0x0000020ebd2d375c: 49ba e007 | 6957 f97f | 0000 41ff 

  0x0000020ebd2d3768: ;   {other}
  0x0000020ebd2d3768: d20f 1f84 | 0000 0000 | 0044 8bd3 | 4c8b cfe9 | 6ece ffff | ba45 ffff | ff48 ff74 | 2448 488f 
  0x0000020ebd2d3788: 4424 20c5 | fa10 4c24 | 38c5 f828 | c1c5 fa11 | 4424 3444 | 8954 2438 | 4489 4c24 | 404c 895c 
  0x0000020ebd2d37a8: 2448 6690 

  0x0000020ebd2d37ac: ;   {runtime_call UncommonTrapBlob}
  0x0000020ebd2d37ac: c5f8 77e8 

  0x0000020ebd2d37b0: ; ImmutableOopMap {rbp=NarrowOop [32]=Oop [40]=Oop [56]=NarrowOop [72]=Oop }
                      ;*ifnonnull {reexecute=1 rethrow=0 return_oop=0}
                      ; - (reexecute) com.jme3.renderer.RenderManager::render@208 (line 1165)
                      ; - com.jme3.app.SimpleApplication::update@197 (line 272)
                      ; - com.jme3.system.lwjgl.LwjglWindow::runLoop@37 (line 530)
  0x0000020ebd2d37b0: ac0b 63ff 

  0x0000020ebd2d37b4: ;   {other}
  0x0000020ebd2d37b4: 0f1f 8400 | 2c4c 0080 | 33ed 4585 | db40 0f94 | c5ba 45ff | ffff 4c89 | 5424 2890 

  0x0000020ebd2d37d0: ;   {runtime_call UncommonTrapBlob}
  0x0000020ebd2d37d0: c5f8 77e8 

  0x0000020ebd2d37d4: ; ImmutableOopMap {[40]=Oop [72]=Oop }
                      ;*ifeq {reexecute=1 rethrow=0 return_oop=0}
                      ; - (reexecute) com.jme3.opencl.OpenCLObjectManager::deleteUnusedObjects@7 (line 83)
                      ; - com.jme3.renderer.opengl.GLRenderer::postFrame@11 (line 1118)
                      ; - com.jme3.system.lwjgl.LwjglWindow::runLoop@100 (line 549)
  0x0000020ebd2d37d4: 880b 63ff 

  0x0000020ebd2d37d8: ;   {other}
  0x0000020ebd2d37d8: 0f1f 8400 | 504c 0081 | ba45 ffff | ff44 895c | 2420 4489 | 4c24 2844 | 894c 242c | 4489 4424 
  0x0000020ebd2d37f8: 3489 4c24 | 3c66 6690 

  0x0000020ebd2d3800: ;   {runtime_call UncommonTrapBlob}
  0x0000020ebd2d3800: c5f8 77e8 

  0x0000020ebd2d3804: ; ImmutableOopMap {[40]=NarrowOop [44]=NarrowOop [52]=NarrowOop [72]=Oop }
                      ;*ifle {reexecute=1 rethrow=0 return_oop=0}
                      ; - (reexecute) java.util.HashMap::getNode@14 (line 576)
                      ; - java.util.HashMap::get@2 (line 565)
                      ; - com.jme3.system.AppSettings::getInteger@2 (line 485)
                      ; - com.jme3.system.AppSettings::getFrameRate@3 (line 917)
                      ; - com.jme3.system.lwjgl.LwjglWindow::runLoop@120 (line 553)
  0x0000020ebd2d3804: 580b 63ff 

  0x0000020ebd2d3808: ;   {other}
  0x0000020ebd2d3808: 0f1f 8400 | 804c 0082 | 33ed 4585 | c040 0f95 | c5ba 45ff | ffff 6690 

  0x0000020ebd2d3820: ;   {runtime_call UncommonTrapBlob}
  0x0000020ebd2d3820: c5f8 77e8 

  0x0000020ebd2d3824: ; ImmutableOopMap {[72]=Oop }
                      ;*ifeq {reexecute=1 rethrow=0 return_oop=0}
                      ; - (reexecute) com.jme3.system.lwjgl.LwjglWindow::runLoop@8 (line 522)
  0x0000020ebd2d3824: 380b 63ff 

  0x0000020ebd2d3828: ;   {other}
  0x0000020ebd2d3828: 0f1f 8400 | a04c 0083 | 33ed 4585 | d240 0f95 | c5ba 45ff | ffff 6690 

  0x0000020ebd2d3840: ;   {runtime_call UncommonTrapBlob}
  0x0000020ebd2d3840: c5f8 77e8 

  0x0000020ebd2d3844: ; ImmutableOopMap {[72]=Oop }
                      ;*ifne {reexecute=1 rethrow=0 return_oop=0}
                      ; - (reexecute) com.jme3.system.lwjgl.LwjglWindow::runLoop@22 (line 526)
  0x0000020ebd2d3844: 180b 63ff 

  0x0000020ebd2d3848: ;   {other}
  0x0000020ebd2d3848: 0f1f 8400 | c04c 0084 

  0x0000020ebd2d3850: ;   {section_word}
  0x0000020ebd2d3850: c5f8 2e05 | e8bb ffff | bdff ffff | ff0f 8a0e | 0000 000f | 8208 0000 | 0040 0f95 | c540 0fb6 
  0x0000020ebd2d3870: edba 45ff | ffff 6690 

  0x0000020ebd2d3878: ;   {runtime_call UncommonTrapBlob}
  0x0000020ebd2d3878: c5f8 77e8 

  0x0000020ebd2d387c: ; ImmutableOopMap {[72]=Oop [80]=Oop }
                      ;*ifeq {reexecute=1 rethrow=0 return_oop=0}
                      ; - (reexecute) com.jme3.app.LegacyApplication::update@36 (line 717)
                      ; - com.jme3.app.SimpleApplication::update@20 (line 246)
                      ; - com.jme3.system.lwjgl.LwjglWindow::runLoop@37 (line 530)
  0x0000020ebd2d387c: e00a 63ff 

  0x0000020ebd2d3880: ;   {other}
  0x0000020ebd2d3880: 0f1f 8400 | f84c 0085 | ba45 ffff | ff66 6690 

  0x0000020ebd2d3890: ;   {runtime_call UncommonTrapBlob}
  0x0000020ebd2d3890: c5f8 77e8 

  0x0000020ebd2d3894: ; ImmutableOopMap {[72]=Oop [80]=Oop }
                      ;*ifeq {reexecute=1 rethrow=0 return_oop=0}
                      ; - (reexecute) com.jme3.app.LegacyApplication::update@43 (line 717)
                      ; - com.jme3.app.SimpleApplication::update@20 (line 246)
                      ; - com.jme3.system.lwjgl.LwjglWindow::runLoop@37 (line 530)
  0x0000020ebd2d3894: c80a 63ff 

  0x0000020ebd2d3898: ;   {other}
  0x0000020ebd2d3898: 0f1f 8400 | 104d 0086 | ba45 ffff | ff66 6690 

  0x0000020ebd2d38a8: ;   {runtime_call UncommonTrapBlob}
  0x0000020ebd2d38a8: c5f8 77e8 

  0x0000020ebd2d38ac: ; ImmutableOopMap {[72]=Oop [80]=Oop }
                      ;*ifeq {reexecute=1 rethrow=0 return_oop=0}
                      ; - (reexecute) com.jme3.app.LegacyApplication::update@58 (line 722)
                      ; - com.jme3.app.SimpleApplication::update@20 (line 246)
                      ; - com.jme3.system.lwjgl.LwjglWindow::runLoop@37 (line 530)
  0x0000020ebd2d38ac: b00a 63ff 

  0x0000020ebd2d38b0: ;   {other}
  0x0000020ebd2d38b0: 0f1f 8400 | 284d 0087 | 33ed 4585 | c040 0f95 | c5ba 45ff | ffff 48ff | 7424 4848 | 8f44 2420 
  0x0000020ebd2d38d0: 4489 5424 | 3c48 8944 | 2440 4c89 | 5c24 4890 

  0x0000020ebd2d38e0: ;   {runtime_call UncommonTrapBlob}
  0x0000020ebd2d38e0: c5f8 77e8 

  0x0000020ebd2d38e4: ; ImmutableOopMap {[32]=Oop [60]=NarrowOop [72]=Oop [80]=Oop }
                      ;*ifne {reexecute=1 rethrow=0 return_oop=0}
                      ; - (reexecute) com.jme3.input.lwjgl.GlfwKeyInput::update@7 (line 156)
                      ; - com.jme3.input.InputManager::update@50 (line 906)
                      ; - com.jme3.app.LegacyApplication::update@91 (line 724)
                      ; - com.jme3.app.SimpleApplication::update@20 (line 246)
                      ; - com.jme3.system.lwjgl.LwjglWindow::runLoop@37 (line 530)
  0x0000020ebd2d38e4: 780a 63ff 

  0x0000020ebd2d38e8: ;   {other}
  0x0000020ebd2d38e8: 0f1f 8400 | 604d 0088 | ba45 ffff | ff48 ff74 | 2448 488f | 4424 2044 | 8954 243c | 4889 4424 
  0x0000020ebd2d3908: 404c 895c | 2448 6690 

  0x0000020ebd2d3910: ;   {runtime_call UncommonTrapBlob}
  0x0000020ebd2d3910: c5f8 77e8 

  0x0000020ebd2d3914: ; ImmutableOopMap {rbp=NarrowOop [32]=Oop [60]=NarrowOop [72]=Oop [80]=Oop }
                      ;*ifnull {reexecute=1 rethrow=0 return_oop=0}
                      ; - (reexecute) com.jme3.input.lwjgl.GlfwMouseInput::update@4 (line 286)
                      ; - com.jme3.input.InputManager::update@59 (line 907)
                      ; - com.jme3.app.LegacyApplication::update@91 (line 724)
                      ; - com.jme3.app.SimpleApplication::update@20 (line 246)
                      ; - com.jme3.system.lwjgl.LwjglWindow::runLoop@37 (line 530)
  0x0000020ebd2d3914: 480a 63ff 

  0x0000020ebd2d3918: ;   {other}
  0x0000020ebd2d3918: 0f1f 8400 | 904d 0089 | ba45 ffff | ff44 8954 | 243c 4889 | 4424 4090 

  0x0000020ebd2d3930: ;   {runtime_call UncommonTrapBlob}
  0x0000020ebd2d3930: c5f8 77e8 

  0x0000020ebd2d3934: ; ImmutableOopMap {rbp=NarrowOop [60]=NarrowOop [72]=Oop [80]=Oop }
                      ;*ifnull {reexecute=1 rethrow=0 return_oop=0}
                      ; - (reexecute) com.jme3.input.InputManager::update@68 (line 908)
                      ; - com.jme3.app.LegacyApplication::update@91 (line 724)
                      ; - com.jme3.app.SimpleApplication::update@20 (line 246)
                      ; - com.jme3.system.lwjgl.LwjglWindow::runLoop@37 (line 530)
  0x0000020ebd2d3934: 280a 63ff 

  0x0000020ebd2d3938: ;   {other}
  0x0000020ebd2d3938: 0f1f 8400 | b04d 008a 

  0x0000020ebd2d3940: ;   {section_word}
  0x0000020ebd2d3940: c5f8 2e05 | f8ba ffff | bdff ffff | ff0f 8a0e | 0000 000f | 8208 0000 | 0040 0f95 | c540 0fb6 
  0x0000020ebd2d3960: edba 45ff | ffff 6690 

  0x0000020ebd2d3968: ;   {runtime_call UncommonTrapBlob}
  0x0000020ebd2d3968: c5f8 77e8 

  0x0000020ebd2d396c: ; ImmutableOopMap {[40]=Oop [72]=Oop }
                      ;*ifeq {reexecute=1 rethrow=0 return_oop=0}
                      ; - (reexecute) com.jme3.app.SimpleApplication::update@29 (line 247)
                      ; - com.jme3.system.lwjgl.LwjglWindow::runLoop@37 (line 530)
  0x0000020ebd2d396c: f009 63ff 

  0x0000020ebd2d3970: ;   {other}
  0x0000020ebd2d3970: 0f1f 8400 | e84d 008b | ba45 ffff | ff66 6690 

  0x0000020ebd2d3980: ;   {runtime_call UncommonTrapBlob}
  0x0000020ebd2d3980: c5f8 77e8 

  0x0000020ebd2d3984: ; ImmutableOopMap {[40]=Oop [72]=Oop }
                      ;*ifeq {reexecute=1 rethrow=0 return_oop=0}
                      ; - (reexecute) com.jme3.app.SimpleApplication::update@36 (line 247)
                      ; - com.jme3.system.lwjgl.LwjglWindow::runLoop@37 (line 530)
  0x0000020ebd2d3984: d809 63ff 

  0x0000020ebd2d3988: ;   {other}
  0x0000020ebd2d3988: 0f1f 8400 | 004e 008c | ba45 ffff | ffc5 fa10 | 4424 38c5 | fa11 4424 | 3444 8954 | 2438 6690 
  0x0000020ebd2d39a8: ;   {runtime_call UncommonTrapBlob}
  0x0000020ebd2d39a8: c5f8 77e8 

  0x0000020ebd2d39ac: ; ImmutableOopMap {[40]=Oop [56]=NarrowOop [72]=Oop }
                      ;*if_icmpge {reexecute=1 rethrow=0 return_oop=0}
                      ; - (reexecute) com.jme3.renderer.RenderManager::render@47 (line 1147)
                      ; - com.jme3.app.SimpleApplication::update@197 (line 272)
                      ; - com.jme3.system.lwjgl.LwjglWindow::runLoop@37 (line 530)
  0x0000020ebd2d39ac: b009 63ff 

  0x0000020ebd2d39b0: ;   {other}
  0x0000020ebd2d39b0: 0f1f 8400 | 284e 008d | 33ed 4585 | db40 0f95 | c5ba 45ff | ffff 6690 

  0x0000020ebd2d39c8: ;   {runtime_call UncommonTrapBlob}
  0x0000020ebd2d39c8: c5f8 77e8 

  0x0000020ebd2d39cc: ; ImmutableOopMap {[72]=Oop }
                      ;*ifeq {reexecute=1 rethrow=0 return_oop=0}
                      ; - (reexecute) com.jme3.system.lwjgl.LwjglWindow::runLoop@49 (line 535)
  0x0000020ebd2d39cc: 9009 63ff 

  0x0000020ebd2d39d0: ;   {other}
  0x0000020ebd2d39d0: 0f1f 8400 | 484e 008e | ba45 ffff | ff66 6690 

  0x0000020ebd2d39e0: ;   {runtime_call UncommonTrapBlob}
  0x0000020ebd2d39e0: c5f8 77e8 

  0x0000020ebd2d39e4: ; ImmutableOopMap {[72]=Oop }
                      ;*ifeq {reexecute=1 rethrow=0 return_oop=0}
                      ; - (reexecute) com.jme3.system.lwjgl.LwjglWindow::runLoop@56 (line 538)
  0x0000020ebd2d39e4: 7809 63ff 

  0x0000020ebd2d39e8: ;   {other}
  0x0000020ebd2d39e8: 0f1f 8400 | 604e 008f | ba45 ffff | ff66 6690 

  0x0000020ebd2d39f8: ;   {runtime_call UncommonTrapBlob}
  0x0000020ebd2d39f8: c5f8 77e8 

  0x0000020ebd2d39fc: ; ImmutableOopMap {[72]=Oop }
                      ;*ifeq {reexecute=1 rethrow=0 return_oop=0}
                      ; - (reexecute) com.jme3.system.lwjgl.LwjglWindow::runLoop@63 (line 538)
  0x0000020ebd2d39fc: 6009 63ff 

  0x0000020ebd2d3a00: ;   {other}
  0x0000020ebd2d3a00: 0f1f 8400 | 784e 0090 | 4533 d24d | 3bda bdff | ffff ff7c | 0840 0f95 | c540 0fb6 | edba 45ff 
  0x0000020ebd2d3a20: ffff 4c89 | 5c24 3090 

  0x0000020ebd2d3a28: ;   {runtime_call UncommonTrapBlob}
  0x0000020ebd2d3a28: c5f8 77e8 

  0x0000020ebd2d3a2c: ; ImmutableOopMap {[72]=Oop }
                      ;*ifne {reexecute=1 rethrow=0 return_oop=0}
                      ; - (reexecute) org.lwjgl.system.Checks::check@3 (line 99)
                      ; - org.lwjgl.glfw.GLFW::glfwSwapBuffers@11 (line 4563)
                      ; - com.jme3.system.lwjgl.LwjglWindow::runLoop@70 (line 539)
  0x0000020ebd2d3a2c: 3009 63ff 

  0x0000020ebd2d3a30: ;   {other}
  0x0000020ebd2d3a30: 0f1f 8400 | a84e 0091 | ba45 ffff | ff66 6690 

  0x0000020ebd2d3a40: ;   {runtime_call UncommonTrapBlob}
  0x0000020ebd2d3a40: c5f8 77e8 

  0x0000020ebd2d3a44: ; ImmutableOopMap {[72]=Oop }
                      ;*ifeq {reexecute=1 rethrow=0 return_oop=0}
                      ; - (reexecute) com.jme3.system.lwjgl.LwjglWindow::runLoop@109 (line 552)
  0x0000020ebd2d3a44: 1809 63ff 

  0x0000020ebd2d3a48: ;   {other}
  0x0000020ebd2d3a48: 0f1f 8400 | c04e 0092 | ba45 ffff | ff44 895c | 2428 6690 

  0x0000020ebd2d3a5c: ;   {runtime_call UncommonTrapBlob}
  0x0000020ebd2d3a5c: c5f8 77e8 

  0x0000020ebd2d3a60: ; ImmutableOopMap {[72]=Oop }
                      ;*if_icmpeq {reexecute=1 rethrow=0 return_oop=0}
                      ; - (reexecute) com.jme3.system.lwjgl.LwjglWindow::runLoop@123 (line 553)
  0x0000020ebd2d3a60: fc08 63ff 

  0x0000020ebd2d3a64: ;   {other}
  0x0000020ebd2d3a64: 0f1f 8400 | dc4e 0093 | ba45 ffff | ff66 6690 

  0x0000020ebd2d3a74: ;   {runtime_call UncommonTrapBlob}
  0x0000020ebd2d3a74: c5f8 77e8 

  0x0000020ebd2d3a78: ; ImmutableOopMap {[72]=Oop }
                      ;*ifle {reexecute=1 rethrow=0 return_oop=0}
                      ; - (reexecute) com.jme3.system.lwjgl.LwjglWindow::runLoop@159 (line 563)
  0x0000020ebd2d3a78: e408 63ff 

  0x0000020ebd2d3a7c: ;   {other}
  0x0000020ebd2d3a7c: 0f1f 8400 | f44e 0094 | ba76 ffff | ff48 8b6c | 2448 48ff | 7424 2848 | 8f44 2420 | c5fa 1044 
  0x0000020ebd2d3a9c: 2438 c5fa | 1144 242c | c5fa 1144 | 2430 48ff | 7424 4048 | 8f44 2438 | 4c89 5c24 | 5044 8954 
  0x0000020ebd2d3abc: 245c 6690 

  0x0000020ebd2d3ac0: ;   {runtime_call UncommonTrapBlob}
  0x0000020ebd2d3ac0: c5f8 77e8 

  0x0000020ebd2d3ac4: ; ImmutableOopMap {rbp=Oop [32]=Oop [56]=Oop [80]=Oop }
                      ;*if_icmpge {reexecute=1 rethrow=0 return_oop=0}
                      ; - (reexecute) com.jme3.scene.Spatial::runControlUpdate@31 (line 736)
                      ; - com.jme3.scene.Spatial::updateLogicalState@2 (line 880)
                      ; - com.jme3.scene.Node::updateLogicalState@2 (line 231)
                      ; - com.jme3.app.SimpleApplication::update@109 (line 261)
                      ; - com.jme3.system.lwjgl.LwjglWindow::runLoop@37 (line 530)
  0x0000020ebd2d3ac4: 9808 63ff 

  0x0000020ebd2d3ac8: ;   {other}
  0x0000020ebd2d3ac8: 0f1f 8400 | 404f 0095 | ba76 ffff | ff48 8b6c | 2448 48ff | 7424 2848 | 8f44 2420 | c5fa 1044 
  0x0000020ebd2d3ae8: 2438 c5fa | 1144 242c | c5fa 1144 | 2430 48ff | 7424 4048 | 8f44 2438 | 4c89 5424 | 5044 895c 
  0x0000020ebd2d3b08: 245c 6690 

  0x0000020ebd2d3b0c: ;   {runtime_call UncommonTrapBlob}
  0x0000020ebd2d3b0c: c5f8 77e8 

  0x0000020ebd2d3b10: ; ImmutableOopMap {rbp=Oop [32]=Oop [56]=Oop [80]=Oop }
                      ;*if_icmpge {reexecute=1 rethrow=0 return_oop=0}
                      ; - (reexecute) com.jme3.scene.Spatial::runControlUpdate@31 (line 736)
                      ; - com.jme3.scene.Spatial::updateLogicalState@2 (line 880)
                      ; - com.jme3.scene.Node::updateLogicalState@2 (line 231)
                      ; - com.jme3.app.SimpleApplication::update@117 (line 262)
                      ; - com.jme3.system.lwjgl.LwjglWindow::runLoop@37 (line 530)
  0x0000020ebd2d3b10: 4c08 63ff 

  0x0000020ebd2d3b14: ;   {other}
  0x0000020ebd2d3b14: 0f1f 8400 | 8c4f 0096 | bae4 ffff | ff48 8b6c | 2448 48ff | 7424 5048 | 8f44 2428 | c5fa 1044 
  0x0000020ebd2d3b34: 2438 c5fa | 1144 2434 | 488b 7c24 | 4048 897c | 2438 4489 | 5424 4089 | 4c24 4444 | 8944 244c 
  0x0000020ebd2d3b54: 4489 5c24 | 5089 5c24 | 5444 894c | 2458 6690 

  0x0000020ebd2d3b64: ;   {runtime_call UncommonTrapBlob}
  0x0000020ebd2d3b64: c5f8 77e8 

  0x0000020ebd2d3b68: ; ImmutableOopMap {rbp=Oop [40]=Oop [64]=NarrowOop [68]=NarrowOop [84]=NarrowOop [88]=NarrowOop }
                      ;*aaload {reexecute=0 rethrow=0 return_oop=0}
                      ; - com.jme3.util.IntMap$IntMapIterator::next@78 (line 278)
                      ; - com.jme3.util.IntMap$IntMapIterator::next@1 (line 228)
                      ; - com.jme3.input.InputManager::invokeUpdateActions@18 (line 210)
                      ; - com.jme3.input.InputManager::update@106 (line 918)
                      ; - com.jme3.app.LegacyApplication::update@91 (line 724)
                      ; - com.jme3.app.SimpleApplication::update@20 (line 246)
                      ; - com.jme3.system.lwjgl.LwjglWindow::runLoop@37 (line 530)
  0x0000020ebd2d3b68: f407 63ff 

  0x0000020ebd2d3b6c: ;   {other}
  0x0000020ebd2d3b6c: 0f1f 8400 | e44f 0097 | baf4 ffff | ff44 895c | 2420 4489 | 4c24 2890 

  0x0000020ebd2d3b84: ;   {runtime_call UncommonTrapBlob}
  0x0000020ebd2d3b84: c5f8 77e8 

  0x0000020ebd2d3b88: ; ImmutableOopMap {[40]=NarrowOop [72]=Oop }
                      ;*checkcast {reexecute=0 rethrow=0 return_oop=0}
                      ; - com.jme3.system.AppSettings::getInteger@5 (line 485)
                      ; - com.jme3.system.AppSettings::getFrameRate@3 (line 917)
                      ; - com.jme3.system.lwjgl.LwjglWindow::runLoop@120 (line 553)
  0x0000020ebd2d3b88: d407 63ff 

  0x0000020ebd2d3b8c: ;   {other}
  0x0000020ebd2d3b8c: 0f1f 8400 | 0450 0098 | ba45 ffff | ff48 ff74 | 2448 488f | 4424 2044 | 895c 2428 | 4489 4c24 
  0x0000020ebd2d3bac: 3044 894c | 2434 4489 | 4424 3c44 | 896c 2440 | 894c 2444 | 8974 2448 

  0x0000020ebd2d3bc4: ;   {runtime_call UncommonTrapBlob}
  0x0000020ebd2d3bc4: c5f8 77e8 

  0x0000020ebd2d3bc8: ; ImmutableOopMap {rbp=NarrowOop [32]=Oop [48]=NarrowOop [52]=NarrowOop [60]=NarrowOop [64]=NarrowOop }
                      ;*ifeq {reexecute=1 rethrow=0 return_oop=0}
                      ; - (reexecute) java.util.HashMap::getNode@85 (line 582)
                      ; - java.util.HashMap::get@2 (line 565)
                      ; - com.jme3.system.AppSettings::getInteger@2 (line 485)
                      ; - com.jme3.system.AppSettings::getFrameRate@3 (line 917)
                      ; - com.jme3.system.lwjgl.LwjglWindow::runLoop@120 (line 553)
  0x0000020ebd2d3bc8: 9407 63ff 

  0x0000020ebd2d3bcc: ;   {other}
  0x0000020ebd2d3bcc: 0f1f 8400 | 4450 0099 | ba45 ffff | ff48 8b6c | 2448 48ff | 7424 5048 | 8f44 2428 | c5fa 104c 
  0x0000020ebd2d3bec: 2438 c5fa | 114c 2434 | 4c8b 4424 | 404c 8944 | 2438 4489 | 5424 4089 | 7424 4889 | 7c24 4c44 
  0x0000020ebd2d3c0c: 895c 2450 | 895c 2454 | 4489 4c24 | 5866 6690 

  0x0000020ebd2d3c1c: ;   {runtime_call UncommonTrapBlob}
  0x0000020ebd2d3c1c: c5f8 77e8 

  0x0000020ebd2d3c20: ; ImmutableOopMap {rbp=Oop [40]=Oop [64]=NarrowOop [84]=NarrowOop [88]=NarrowOop }
                      ;*if_icmplt {reexecute=1 rethrow=0 return_oop=0}
                      ; - (reexecute) com.jme3.util.IntMap$IntMapIterator::next@11 (line 259)
                      ; - com.jme3.util.IntMap$IntMapIterator::next@1 (line 228)
                      ; - com.jme3.input.InputManager::invokeUpdateActions@18 (line 210)
                      ; - com.jme3.input.InputManager::update@106 (line 918)
                      ; - com.jme3.app.LegacyApplication::update@91 (line 724)
                      ; - com.jme3.app.SimpleApplication::update@20 (line 246)
                      ; - com.jme3.system.lwjgl.LwjglWindow::runLoop@37 (line 530)
  0x0000020ebd2d3c20: 3c07 63ff 

  0x0000020ebd2d3c24: ;   {other}
  0x0000020ebd2d3c24: 0f1f 8400 | 9c50 009a | ba45 ffff | ff48 ff74 | 2448 488f | 4424 2048 | 8b7c 2450 | 4889 7c24 
  0x0000020ebd2d3c44: 3044 8954 | 2448 4889 | 5c24 504c | 896c 2458 | 4489 5424 | 6889 7424 | 6c48 8944 | 2478 4489 
  0x0000020ebd2d3c64: 4424 7444 | 899c 2480 | 0000 0089 | 8c24 8400 | 0000 4489 | 8c24 8800 | 0000 6690 

  0x0000020ebd2d3c80: ;   {runtime_call UncommonTrapBlob}
  0x0000020ebd2d3c80: c5f8 77e8 

  0x0000020ebd2d3c84: ; ImmutableOopMap {[32]=Oop [48]=Oop [72]=NarrowOop [80]=Oop [104]=NarrowOop [132]=NarrowOop [136]=NarrowOop }
                      ;*ifne {reexecute=1 rethrow=0 return_oop=0}
                      ; - (reexecute) com.jme3.input.InputManager::computeAnalogValue@4 (line 178)
                      ; - com.jme3.input.InputManager::invokeUpdateActions@72 (line 217)
                      ; - com.jme3.input.InputManager::update@106 (line 918)
                      ; - com.jme3.app.LegacyApplication::update@91 (line 724)
                      ; - com.jme3.app.SimpleApplication::update@20 (line 246)
                      ; - com.jme3.system.lwjgl.LwjglWindow::runLoop@37 (line 530)
  0x0000020ebd2d3c84: d806 63ff 

  0x0000020ebd2d3c88: ;   {other}
  0x0000020ebd2d3c88: 0f1f 8400 | 0051 009b | 498b d7c5 | f877 49ba | e007 6957 | f97f 0000 

  0x0000020ebd2d3ca0: ;   {other}
  0x0000020ebd2d3ca0: 41ff d20f | 1f84 0000 | 0000 00e9 | f5bb ffff | ba45 ffff | ff48 ff74 | 2448 488f | 4424 2089 
  0x0000020ebd2d3cc0: 4424 4c90 

  0x0000020ebd2d3cc4: ;   {runtime_call UncommonTrapBlob}
  0x0000020ebd2d3cc4: c5f8 77e8 

  0x0000020ebd2d3cc8: ; ImmutableOopMap {rbp=NarrowOop [32]=Oop [44]=NarrowOop [48]=NarrowOop [60]=NarrowOop }
                      ;*ifeq {reexecute=1 rethrow=0 return_oop=0}
                      ; - (reexecute) java.util.HashMap::getNode@66 (line 579)
                      ; - java.util.HashMap::get@2 (line 565)
                      ; - com.jme3.system.AppSettings::getInteger@2 (line 485)
                      ; - com.jme3.system.AppSettings::getFrameRate@3 (line 917)
                      ; - com.jme3.system.lwjgl.LwjglWindow::runLoop@120 (line 553)
  0x0000020ebd2d3cc8: 9406 63ff 

  0x0000020ebd2d3ccc: ;   {other}
  0x0000020ebd2d3ccc: 0f1f 8400 | 4451 009c | ba45 ffff | ff48 ff74 | 2448 488f | 4424 2089 | 4424 4c90 

  0x0000020ebd2d3ce8: ;   {runtime_call UncommonTrapBlob}
  0x0000020ebd2d3ce8: c5f8 77e8 

  0x0000020ebd2d3cec: ; ImmutableOopMap {rbp=NarrowOop [32]=Oop [44]=NarrowOop [48]=NarrowOop [60]=NarrowOop [88]=Oop }
                      ;*ifeq {reexecute=1 rethrow=0 return_oop=0}
                      ; - (reexecute) java.util.HashMap::getNode@131 (line 586)
                      ; - java.util.HashMap::get@2 (line 565)
                      ; - com.jme3.system.AppSettings::getInteger@2 (line 485)
                      ; - com.jme3.system.AppSettings::getFrameRate@3 (line 917)
                      ; - com.jme3.system.lwjgl.LwjglWindow::runLoop@120 (line 553)
  0x0000020ebd2d3cec: 7006 63ff 

  0x0000020ebd2d3cf0: ;   {other}
  0x0000020ebd2d3cf0: 0f1f 8400 | 6851 009d | baf4 ffff | ff4c 8b54 | 2428 4c89 | 5424 20c5 | fa10 4424 | 38c5 fa11 
  0x0000020ebd2d3d10: 4424 2844 | 8b5c 2434 | 4489 5c24 | 2c44 8b54 | 243c 4489 | 5424 3490 

  0x0000020ebd2d3d28: ;   {runtime_call UncommonTrapBlob}
  0x0000020ebd2d3d28: c5f8 77e8 

  0x0000020ebd2d3d2c: ; ImmutableOopMap {[32]=Oop [44]=NarrowOop [52]=NarrowOop [64]=NarrowOop [72]=Oop }
                      ;*checkcast {reexecute=0 rethrow=0 return_oop=0}
                      ; - com.jme3.app.state.AppStateManager::getStates@14 (line 127)
                      ; - com.jme3.app.state.AppStateManager::render@1 (line 366)
                      ; - com.jme3.app.SimpleApplication::update@161 (line 269)
                      ; - com.jme3.system.lwjgl.LwjglWindow::runLoop@37 (line 530)
  0x0000020ebd2d3d2c: 3006 63ff 

  0x0000020ebd2d3d30: ;   {other}
  0x0000020ebd2d3d30: 0f1f 8400 | a851 009e | baf4 ffff | ff4c 8b54 | 2428 4c89 | 5424 20c5 | fa10 4c24 | 38c5 fa11 
  0x0000020ebd2d3d50: 4c24 2844 | 8b54 2434 | 4489 5424 | 3066 6690 

  0x0000020ebd2d3d60: ;   {runtime_call UncommonTrapBlob}
  0x0000020ebd2d3d60: c5f8 77e8 

  0x0000020ebd2d3d64: ; ImmutableOopMap {[32]=Oop [48]=NarrowOop [60]=NarrowOop [72]=Oop }
                      ;*checkcast {reexecute=0 rethrow=0 return_oop=0}
                      ; - com.jme3.app.state.AppStateManager::getStates@14 (line 127)
                      ; - com.jme3.app.state.AppStateManager::postRender@1 (line 378)
                      ; - com.jme3.app.SimpleApplication::update@212 (line 274)
                      ; - com.jme3.system.lwjgl.LwjglWindow::runLoop@37 (line 530)
  0x0000020ebd2d3d64: f805 63ff 

  0x0000020ebd2d3d68: ;   {other}
  0x0000020ebd2d3d68: 0f1f 8400 | e051 009f | baf6 ffff | ff48 ff74 | 2428 488f | 4424 20c5 | fa10 4424 | 30c5 fa11 
  0x0000020ebd2d3d88: 4424 2c90 

  0x0000020ebd2d3d8c: ;   {runtime_call UncommonTrapBlob}
  0x0000020ebd2d3d8c: c5f8 77e8 

  0x0000020ebd2d3d90: ; ImmutableOopMap {[32]=Oop [64]=Oop [72]=Oop }
                      ;*invokevirtual getArray {reexecute=0 rethrow=0 return_oop=0}
                      ; - com.jme3.scene.Node::updateLogicalState@17 (line 241)
                      ; - com.jme3.app.SimpleApplication::update@109 (line 261)
                      ; - com.jme3.system.lwjgl.LwjglWindow::runLoop@37 (line 530)
  0x0000020ebd2d3d90: cc05 63ff 

  0x0000020ebd2d3d94: ;   {other}
  0x0000020ebd2d3d94: 0f1f 8400 | 0c52 00a0 | baf6 ffff | ff48 ff74 | 2428 488f | 4424 20c5 | fa10 4424 | 30c5 fa11 
  0x0000020ebd2d3db4: 4424 2c90 

  0x0000020ebd2d3db8: ;   {runtime_call UncommonTrapBlob}
  0x0000020ebd2d3db8: c5f8 77e8 

  0x0000020ebd2d3dbc: ; ImmutableOopMap {[32]=Oop [64]=Oop [72]=Oop }
                      ;*invokevirtual getArray {reexecute=0 rethrow=0 return_oop=0}
                      ; - com.jme3.scene.Node::updateLogicalState@17 (line 241)
                      ; - com.jme3.app.SimpleApplication::update@117 (line 262)
                      ; - com.jme3.system.lwjgl.LwjglWindow::runLoop@37 (line 530)
  0x0000020ebd2d3dbc: a005 63ff 

  0x0000020ebd2d3dc0: ;   {other}
  0x0000020ebd2d3dc0: 0f1f 8400 | 3852 00a1 | ba76 ffff | ff48 ff74 | 2428 488f | 4424 20c5 | fa10 4424 | 30c5 fa11 
  0x0000020ebd2d3de0: 4424 2c48 | ff74 2440 | 488f 4424 | 304c 8954 | 2438 4489 | 5c24 4490 

  0x0000020ebd2d3df8: ;   {runtime_call UncommonTrapBlob}
  0x0000020ebd2d3df8: c5f8 77e8 

  0x0000020ebd2d3dfc: ; ImmutableOopMap {[32]=Oop [48]=Oop [56]=Oop [72]=Oop }
                      ;*if_icmpge {reexecute=1 rethrow=0 return_oop=0}
                      ; - (reexecute) com.jme3.scene.Node::updateLogicalState@33 (line 241)
                      ; - com.jme3.app.SimpleApplication::update@109 (line 261)
                      ; - com.jme3.system.lwjgl.LwjglWindow::runLoop@37 (line 530)
  0x0000020ebd2d3dfc: 6005 63ff 

  0x0000020ebd2d3e00: ;   {other}
  0x0000020ebd2d3e00: 0f1f 8400 | 7852 00a2 | ba76 ffff | ff48 ff74 | 2428 488f | 4424 20c5 | fa10 4424 | 30c5 fa11 
  0x0000020ebd2d3e20: 4424 2c48 | ff74 2440 | 488f 4424 | 304c 8954 | 2438 4489 | 5c24 4490 

  0x0000020ebd2d3e38: ;   {runtime_call UncommonTrapBlob}
  0x0000020ebd2d3e38: c5f8 77e8 

  0x0000020ebd2d3e3c: ; ImmutableOopMap {[32]=Oop [48]=Oop [56]=Oop [72]=Oop }
                      ;*if_icmpge {reexecute=1 rethrow=0 return_oop=0}
                      ; - (reexecute) com.jme3.scene.Node::updateLogicalState@33 (line 241)
                      ; - com.jme3.app.SimpleApplication::update@117 (line 262)
                      ; - com.jme3.system.lwjgl.LwjglWindow::runLoop@37 (line 530)
  0x0000020ebd2d3e3c: 2005 63ff 

  0x0000020ebd2d3e40: ;   {other}
  0x0000020ebd2d3e40: 0f1f 8400 | b852 00a3 | bade ffff | ff48 ff74 | 2448 488f | 4424 2048 | 8974 2428 | c5fa 1044 
  0x0000020ebd2d3e60: 2438 c5fa | 1144 2430 | 4489 7424 | 3489 7c24 | 3c44 8954 | 2444 4489 | 5c24 4c44 | 895c 2450 
  0x0000020ebd2d3e80: ;   {runtime_call UncommonTrapBlob}
  0x0000020ebd2d3e80: c5f8 77e8 

  0x0000020ebd2d3e84: ; ImmutableOopMap {rbp=NarrowOop [32]=Oop [40]=Oop [52]=NarrowOop [60]=NarrowOop [68]=NarrowOop [76]=NarrowOop [80]=NarrowOop }
                      ;*invokeinterface size {reexecute=0 rethrow=0 return_oop=0}
                      ; - com.jme3.util.SafeArrayList::getArray@41 (line 148)
                      ; - com.jme3.app.state.AppStateManager::getStates@11 (line 127)
                      ; - com.jme3.app.state.AppStateManager::render@1 (line 366)
                      ; - com.jme3.app.SimpleApplication::update@161 (line 269)
                      ; - com.jme3.system.lwjgl.LwjglWindow::runLoop@37 (line 530)
  0x0000020ebd2d3e84: d804 63ff 

  0x0000020ebd2d3e88: ;   {other}
  0x0000020ebd2d3e88: 0f1f 8400 | 0053 00a4 | bade ffff | ff48 ff74 | 2448 488f | 4424 2048 | 897c 2428 | c5fa 1044 
  0x0000020ebd2d3ea8: 2438 c5fa | 1144 2430 | 8974 2438 | 4489 5c24 | 4044 8954 | 2448 4489 | 5424 4c90 

  0x0000020ebd2d3ec4: ;   {runtime_call UncommonTrapBlob}
  0x0000020ebd2d3ec4: c5f8 77e8 

  0x0000020ebd2d3ec8: ; ImmutableOopMap {rbp=NarrowOop [32]=Oop [40]=Oop [56]=NarrowOop [64]=NarrowOop [72]=NarrowOop [76]=NarrowOop }
                      ;*invokeinterface size {reexecute=0 rethrow=0 return_oop=0}
                      ; - com.jme3.util.SafeArrayList::getArray@41 (line 148)
                      ; - com.jme3.app.state.AppStateManager::getStates@11 (line 127)
                      ; - com.jme3.app.state.AppStateManager::postRender@1 (line 378)
                      ; - com.jme3.app.SimpleApplication::update@212 (line 274)
                      ; - com.jme3.system.lwjgl.LwjglWindow::runLoop@37 (line 530)
  0x0000020ebd2d3ec8: 9404 63ff 

  0x0000020ebd2d3ecc: ;   {other}
  0x0000020ebd2d3ecc: 0f1f 8400 | 4453 00a5 | bade ffff | ff48 ff74 | 2448 488f | 4424 20c5 | fa10 4424 | 38c5 fa11 
  0x0000020ebd2d3eec: 4424 3444 | 894c 245c | 4489 4c24 | 6066 6690 

  0x0000020ebd2d3efc: ;   {runtime_call UncommonTrapBlob}
  0x0000020ebd2d3efc: c5f8 77e8 

  0x0000020ebd2d3f00: ; ImmutableOopMap {rbp=NarrowOop [32]=Oop [40]=Oop [64]=Oop [92]=NarrowOop [96]=NarrowOop }
                      ;*invokeinterface size {reexecute=0 rethrow=0 return_oop=0}
                      ; - com.jme3.util.SafeArrayList::getArray@41 (line 148)
                      ; - com.jme3.scene.Spatial::runControlUpdate@15 (line 736)
                      ; - com.jme3.scene.Spatial::updateLogicalState@2 (line 880)
                      ; - com.jme3.scene.Node::updateLogicalState@2 (line 231)
                      ; - com.jme3.app.SimpleApplication::update@109 (line 261)
                      ; - com.jme3.system.lwjgl.LwjglWindow::runLoop@37 (line 530)
  0x0000020ebd2d3f00: 5c04 63ff 

  0x0000020ebd2d3f04: ;   {other}
  0x0000020ebd2d3f04: 0f1f 8400 | 7c53 00a6 | bade ffff | ff48 ff74 | 2448 488f | 4424 20c5 | fa10 4424 | 38c5 fa11 
  0x0000020ebd2d3f24: 4424 3489 | 4c24 5c89 | 4c24 6090 

  0x0000020ebd2d3f30: ;   {runtime_call UncommonTrapBlob}
  0x0000020ebd2d3f30: c5f8 77e8 

  0x0000020ebd2d3f34: ; ImmutableOopMap {rbp=NarrowOop [32]=Oop [40]=Oop [64]=Oop [92]=NarrowOop [96]=NarrowOop }
                      ;*invokeinterface size {reexecute=0 rethrow=0 return_oop=0}
                      ; - com.jme3.util.SafeArrayList::getArray@41 (line 148)
                      ; - com.jme3.scene.Spatial::runControlUpdate@15 (line 736)
                      ; - com.jme3.scene.Spatial::updateLogicalState@2 (line 880)
                      ; - com.jme3.scene.Node::updateLogicalState@2 (line 231)
                      ; - com.jme3.app.SimpleApplication::update@117 (line 262)
                      ; - com.jme3.system.lwjgl.LwjglWindow::runLoop@37 (line 530)
  0x0000020ebd2d3f34: 2804 63ff 

  0x0000020ebd2d3f38: ;   {other}
  0x0000020ebd2d3f38: 0f1f 8400 | b053 00a7 | ba5c ffff | ff48 8b6c | 2448 48ff | 7424 5048 | 8f44 2428 | 48ff 7424 
  0x0000020ebd2d3f58: 5048 8f44 | 2430 4c89 | 7424 4844 | 896c 2444 | 895c 2450 | 897c 2454 | 895c 2458 

  0x0000020ebd2d3f74: ;   {runtime_call UncommonTrapBlob}
  0x0000020ebd2d3f74: c5f8 77e8 

  0x0000020ebd2d3f78: ; ImmutableOopMap {rbp=Oop [40]=Oop [48]=Oop [68]=NarrowOop [72]=Oop [80]=NarrowOop [84]=NarrowOop [88]=NarrowOop }
                      ;*ifnonnull {reexecute=1 rethrow=0 return_oop=0}
                      ; - (reexecute) java.util.Objects::requireNonNull@1 (line 219)
                      ; - java.lang.invoke.VarHandleReferences$FieldInstanceReadWrite::setRelease@16 (line 172)
                      ; - java.lang.invoke.VarHandleGuards::guard_LL_V@45 (line 53)
                      ; - java.util.concurrent.ConcurrentLinkedQueue::updateHead@22 (line 293)
                      ; - java.util.concurrent.ConcurrentLinkedQueue::poll@66 (line 395)
                      ; - com.jme3.app.LegacyApplication::runQueuedTasks@4 (line 699)
                      ; - com.jme3.app.LegacyApplication::update@27 (line 715)
                      ; - com.jme3.app.SimpleApplication::update@20 (line 246)
                      ; - com.jme3.system.lwjgl.LwjglWindow::runLoop@37 (line 530)
  0x0000020ebd2d3f78: e403 63ff 

  0x0000020ebd2d3f7c: ;   {other}
  0x0000020ebd2d3f7c: 0f1f 8400 | f453 00a8 | bae4 ffff | ff48 8b6c | 2448 48ff | 7424 5048 | 8f44 2428 | 4489 5424 
  0x0000020ebd2d3f9c: 30c5 fa10 | 4424 38c5 | fa11 4424 | 3448 8944 | 2438 4c89 | 5c24 4044 | 8944 2448 | 4889 4c24 
  0x0000020ebd2d3fbc: 5889 7424 | 6444 894c | 2468 8974 | 246c 4489 | 4c24 7090 

  0x0000020ebd2d3fd0: ;   {runtime_call UncommonTrapBlob}
  0x0000020ebd2d3fd0: c5f8 77e8 

  0x0000020ebd2d3fd4: ; ImmutableOopMap {rbp=Oop [40]=Oop [48]=NarrowOop [64]=Oop [72]=NarrowOop [88]=Oop [100]=NarrowOop [108]=NarrowOop }
                      ;*aaload {reexecute=0 rethrow=0 return_oop=0}
                      ; - java.util.ArrayDeque::elementAt@2 (line 259)
                      ; - java.util.ArrayDeque::pollFirst@12 (line 379)
                      ; - java.util.ArrayDeque::poll@1 (line 537)
                      ; - com.jme3.input.lwjgl.GlfwMouseInput::update@122 (line 298)
                      ; - com.jme3.input.InputManager::update@59 (line 907)
                      ; - com.jme3.app.LegacyApplication::update@91 (line 724)
                      ; - com.jme3.app.SimpleApplication::update@20 (line 246)
                      ; - com.jme3.system.lwjgl.LwjglWindow::runLoop@37 (line 530)
  0x0000020ebd2d3fd4: 8803 63ff 

  0x0000020ebd2d3fd8: ;   {other}
  0x0000020ebd2d3fd8: 0f1f 8400 | 5054 00a9 | bae4 ffff | ff48 8b6c | 2448 48ff | 7424 5048 | 8f44 2428 | 4489 5424 
  0x0000020ebd2d3ff8: 30c5 fa10 | 4424 38c5 | fa11 4424 | 3448 8944 | 2438 4c89 | 5c24 4044 | 8944 2448 | 4889 4c24 
  0x0000020ebd2d4018: 5889 7c24 | 6444 894c | 2468 897c | 246c 4489 | 4c24 7090 

  0x0000020ebd2d402c: ;   {runtime_call UncommonTrapBlob}
  0x0000020ebd2d402c: c5f8 77e8 

  0x0000020ebd2d4030: ; ImmutableOopMap {rbp=Oop [40]=Oop [48]=NarrowOop [64]=Oop [72]=NarrowOop [88]=Oop [100]=NarrowOop [108]=NarrowOop }
                      ;*aaload {reexecute=0 rethrow=0 return_oop=0}
                      ; - java.util.ArrayDeque::elementAt@2 (line 259)
                      ; - java.util.ArrayDeque::pollFirst@12 (line 379)
                      ; - java.util.ArrayDeque::poll@1 (line 537)
                      ; - com.jme3.input.lwjgl.GlfwKeyInput::update@31 (line 161)
                      ; - com.jme3.input.InputManager::update@50 (line 906)
                      ; - com.jme3.app.LegacyApplication::update@91 (line 724)
                      ; - com.jme3.app.SimpleApplication::update@20 (line 246)
                      ; - com.jme3.system.lwjgl.LwjglWindow::runLoop@37 (line 530)
  0x0000020ebd2d4030: 2c03 63ff 

  0x0000020ebd2d4034: ;   {other}
  0x0000020ebd2d4034: 0f1f 8400 | ac54 00aa | baf6 ffff | ff48 ff74 | 2448 488f | 4424 204c | 8b4c 2450 | 4c89 4c24 
  0x0000020ebd2d4054: 3044 8954 | 243c 4889 | 4424 404c | 895c 2448 | 4889 4c24 | 50c5 fa11 | 5424 58c5 | fa11 4424 
  0x0000020ebd2d4074: 5c66 6690 

  0x0000020ebd2d4078: ;   {runtime_call UncommonTrapBlob}
  0x0000020ebd2d4078: c5f8 77e8 

  0x0000020ebd2d407c: ; ImmutableOopMap {rbp=Oop [32]=Oop [48]=Oop [60]=NarrowOop [72]=Oop [80]=Oop }
                      ;*invokevirtual set {reexecute=0 rethrow=0 return_oop=0}
                      ; - com.jme3.input.InputManager::onMouseMotionEvent@14 (line 440)
                      ; - com.jme3.input.lwjgl.GlfwMouseInput::update@130 (line 298)
                      ; - com.jme3.input.InputManager::update@59 (line 907)
                      ; - com.jme3.app.LegacyApplication::update@91 (line 724)
                      ; - com.jme3.app.SimpleApplication::update@20 (line 246)
                      ; - com.jme3.system.lwjgl.LwjglWindow::runLoop@37 (line 530)
  0x0000020ebd2d407c: e002 63ff 

  0x0000020ebd2d4080: ;   {other}
  0x0000020ebd2d4080: 0f1f 8400 | f854 00ab | bae4 ffff | ff48 8b6c | 2448 48ff | 7424 5048 | 8f44 2428 | 4489 5424 
  0x0000020ebd2d40a0: 30c5 fa10 | 4c24 38c5 | fa11 4c24 | 3448 8944 | 2438 4c89 | 5c24 4044 | 8944 2448 | 4889 4c24 
  0x0000020ebd2d40c0: 5889 5c24 | 6444 894c | 2468 895c | 246c 4489 | 4c24 7090 

  0x0000020ebd2d40d4: ;   {runtime_call UncommonTrapBlob}
  0x0000020ebd2d40d4: c5f8 77e8 

  0x0000020ebd2d40d8: ; ImmutableOopMap {rbp=Oop [40]=Oop [48]=NarrowOop [64]=Oop [72]=NarrowOop [88]=Oop [100]=NarrowOop [108]=NarrowOop }
                      ;*aaload {reexecute=0 rethrow=0 return_oop=0}
                      ; - java.util.ArrayDeque::elementAt@2 (line 259)
                      ; - java.util.ArrayDeque::pollFirst@12 (line 379)
                      ; - java.util.ArrayDeque::poll@1 (line 537)
                      ; - com.jme3.input.lwjgl.GlfwMouseInput::update@158 (line 302)
                      ; - com.jme3.input.InputManager::update@59 (line 907)
                      ; - com.jme3.app.LegacyApplication::update@91 (line 724)
                      ; - com.jme3.app.SimpleApplication::update@20 (line 246)
                      ; - com.jme3.system.lwjgl.LwjglWindow::runLoop@37 (line 530)
  0x0000020ebd2d40d8: 8402 63ff 

  0x0000020ebd2d40dc: ;   {other}
  0x0000020ebd2d40dc: 0f1f 8400 | 5455 00ac | bade ffff | ff48 8b6c | 2448 4489 | 5424 30c5 | fa10 4424 | 38c5 fa11 
  0x0000020ebd2d40fc: 4424 3448 | 8944 2438 | 4c89 5c24 | 4044 8944 | 2448 894c | 244c 6690 

  0x0000020ebd2d4114: ;   {runtime_call UncommonTrapBlob}
  0x0000020ebd2d4114: c5f8 77e8 

  0x0000020ebd2d4118: ; ImmutableOopMap {rbp=Oop [48]=NarrowOop [64]=Oop [72]=NarrowOop [76]=NarrowOop [80]=Oop }
                      ;*invokeinterface poll {reexecute=0 rethrow=0 return_oop=0}
                      ; - com.jme3.input.lwjgl.GlfwMouseInput::update@122 (line 298)
                      ; - com.jme3.input.InputManager::update@59 (line 907)
                      ; - com.jme3.app.LegacyApplication::update@91 (line 724)
                      ; - com.jme3.app.SimpleApplication::update@20 (line 246)
                      ; - com.jme3.system.lwjgl.LwjglWindow::runLoop@37 (line 530)
  0x0000020ebd2d4118: 4402 63ff 

  0x0000020ebd2d411c: ;   {other}
  0x0000020ebd2d411c: 0f1f 8400 | 9455 00ad | bade ffff | ff48 8b6c | 2448 4489 | 5424 30c5 | fa10 4424 | 38c5 fa11 
  0x0000020ebd2d413c: 4424 3448 | 8944 2438 | 4c89 5c24 | 4044 8944 | 2448 4489 | 4c24 4c90 

  0x0000020ebd2d4154: ;   {runtime_call UncommonTrapBlob}
  0x0000020ebd2d4154: c5f8 77e8 

  0x0000020ebd2d4158: ; ImmutableOopMap {rbp=Oop [48]=NarrowOop [64]=Oop [72]=NarrowOop [76]=NarrowOop [80]=Oop }
                      ;*invokeinterface poll {reexecute=0 rethrow=0 return_oop=0}
                      ; - com.jme3.input.lwjgl.GlfwKeyInput::update@31 (line 161)
                      ; - com.jme3.input.InputManager::update@50 (line 906)
                      ; - com.jme3.app.LegacyApplication::update@91 (line 724)
                      ; - com.jme3.app.SimpleApplication::update@20 (line 246)
                      ; - com.jme3.system.lwjgl.LwjglWindow::runLoop@37 (line 530)
  0x0000020ebd2d4158: 0402 63ff 

  0x0000020ebd2d415c: ;   {other}
  0x0000020ebd2d415c: 0f1f 8400 | d455 00ae | bade ffff | ff48 8b6c | 2448 48ff | 7424 5048 | 8f44 2428 | 4489 5424 
  0x0000020ebd2d417c: 30c5 fa10 | 4c24 38c5 | fa11 4c24 | 3448 8944 | 2438 4c89 | 5c24 4044 | 8944 2448 | 4889 4c24 
  0x0000020ebd2d419c: 5066 6690 

  0x0000020ebd2d41a0: ;   {runtime_call UncommonTrapBlob}
  0x0000020ebd2d41a0: c5f8 77e8 

  0x0000020ebd2d41a4: ; ImmutableOopMap {rbp=Oop [40]=Oop [48]=NarrowOop [64]=Oop [72]=NarrowOop [80]=Oop }
                      ;*invokeinterface onMouseMotionEvent {reexecute=0 rethrow=0 return_oop=0}
                      ; - com.jme3.input.lwjgl.GlfwMouseInput::update@130 (line 298)
                      ; - com.jme3.input.InputManager::update@59 (line 907)
                      ; - com.jme3.app.LegacyApplication::update@91 (line 724)
                      ; - com.jme3.app.SimpleApplication::update@20 (line 246)
                      ; - com.jme3.system.lwjgl.LwjglWindow::runLoop@37 (line 530)
  0x0000020ebd2d41a4: b801 63ff 

  0x0000020ebd2d41a8: ;   {other}
  0x0000020ebd2d41a8: 0f1f 8400 | 2056 00af | bade ffff | ff48 8b6c | 2448 48ff | 7424 5048 | 8f44 2428 | 4489 5424 
  0x0000020ebd2d41c8: 30c5 fa10 | 4c24 38c5 | fa11 4c24 | 3448 8944 | 2438 4c89 | 5c24 4044 | 8944 2448 | 4c89 4c24 
  0x0000020ebd2d41e8: 5066 6690 

  0x0000020ebd2d41ec: ;   {runtime_call UncommonTrapBlob}
  0x0000020ebd2d41ec: c5f8 77e8 

  0x0000020ebd2d41f0: ; ImmutableOopMap {rbp=Oop [40]=Oop [48]=NarrowOop [64]=Oop [72]=NarrowOop [80]=Oop }
                      ;*invokeinterface onKeyEvent {reexecute=0 rethrow=0 return_oop=0}
                      ; - com.jme3.input.lwjgl.GlfwKeyInput::update@39 (line 161)
                      ; - com.jme3.input.InputManager::update@50 (line 906)
                      ; - com.jme3.app.LegacyApplication::update@91 (line 724)
                      ; - com.jme3.app.SimpleApplication::update@20 (line 246)
                      ; - com.jme3.system.lwjgl.LwjglWindow::runLoop@37 (line 530)
  0x0000020ebd2d41f0: 6c01 63ff 

  0x0000020ebd2d41f4: ;   {other}
  0x0000020ebd2d41f4: 0f1f 8400 | 6c56 00b0 | bade ffff | ff48 8b6c | 2448 4489 | 5424 30c5 | fa10 4c24 | 38c5 fa11 
  0x0000020ebd2d4214: 4c24 3448 | 8944 2438 | 4c89 5c24 | 4044 8944 | 2448 4489 | 4c24 4c90 

  0x0000020ebd2d422c: ;   {runtime_call UncommonTrapBlob}
  0x0000020ebd2d422c: c5f8 77e8 

  0x0000020ebd2d4230: ; ImmutableOopMap {rbp=Oop [48]=NarrowOop [64]=Oop [72]=NarrowOop [76]=NarrowOop [80]=Oop }
                      ;*invokeinterface poll {reexecute=0 rethrow=0 return_oop=0}
                      ; - com.jme3.input.lwjgl.GlfwMouseInput::update@158 (line 302)
                      ; - com.jme3.input.InputManager::update@59 (line 907)
                      ; - com.jme3.app.LegacyApplication::update@91 (line 724)
                      ; - com.jme3.app.SimpleApplication::update@20 (line 246)
                      ; - com.jme3.system.lwjgl.LwjglWindow::runLoop@37 (line 530)
  0x0000020ebd2d4230: 2c01 63ff 

  0x0000020ebd2d4234: ;   {other}
  0x0000020ebd2d4234: 0f1f 8400 | ac56 00b1 | bade ffff | ff48 8b6c | 2448 48ff | 7424 5048 | 8f44 2428 | 4489 5424 
  0x0000020ebd2d4254: 30c5 fa10 | 4424 38c5 | fa11 4424 | 3448 8944 | 2438 4c89 | 5c24 4044 | 8944 2448 | 4c89 4c24 
  0x0000020ebd2d4274: 5066 6690 

  0x0000020ebd2d4278: ;   {runtime_call UncommonTrapBlob}
  0x0000020ebd2d4278: c5f8 77e8 

  0x0000020ebd2d427c: ; ImmutableOopMap {rbp=Oop [40]=Oop [48]=NarrowOop [64]=Oop [72]=NarrowOop [80]=Oop }
                      ;*invokeinterface onMouseButtonEvent {reexecute=0 rethrow=0 return_oop=0}
                      ; - com.jme3.input.lwjgl.GlfwMouseInput::update@166 (line 302)
                      ; - com.jme3.input.InputManager::update@59 (line 907)
                      ; - com.jme3.app.LegacyApplication::update@91 (line 724)
                      ; - com.jme3.app.SimpleApplication::update@20 (line 246)
                      ; - com.jme3.system.lwjgl.LwjglWindow::runLoop@37 (line 530)
  0x0000020ebd2d427c: e000 63ff 

  0x0000020ebd2d4280: ;   {other}
  0x0000020ebd2d4280: 0f1f 8400 | f856 00b2 | bade ffff | ff48 8b6c | 2448 448b | 4424 3c44 | 8944 2430 | c5fa 1044 
  0x0000020ebd2d42a0: 2438 c5fa | 1144 2434 | 4c8b 5424 | 404c 8954 | 2438 4c89 | 5c24 4044 | 894c 2448 

  0x0000020ebd2d42bc: ;   {runtime_call UncommonTrapBlob}
  0x0000020ebd2d42bc: c5f8 77e8 

  0x0000020ebd2d42c0: ; ImmutableOopMap {rbp=Oop [48]=NarrowOop [64]=Oop [72]=NarrowOop [80]=Oop }
                      ;*invokeinterface isEmpty {reexecute=0 rethrow=0 return_oop=0}
                      ; - com.jme3.input.lwjgl.GlfwKeyInput::update@15 (line 160)
                      ; - com.jme3.input.InputManager::update@50 (line 906)
                      ; - com.jme3.app.LegacyApplication::update@91 (line 724)
                      ; - com.jme3.app.SimpleApplication::update@20 (line 246)
                      ; - com.jme3.system.lwjgl.LwjglWindow::runLoop@37 (line 530)
  0x0000020ebd2d42c0: 9c00 63ff 

  0x0000020ebd2d42c4: ;   {other}
  0x0000020ebd2d42c4: 0f1f 8400 | 3c57 00b3 | bade ffff | ff48 8b6c | 2448 448b | 5424 3c44 | 8954 2430 | c5fa 104c 
  0x0000020ebd2d42e4: 2438 c5fa | 114c 2434 | 4c8b 5424 | 404c 8954 | 2438 4c89 | 5c24 4044 | 894c 2448 

  0x0000020ebd2d4300: ;   {runtime_call UncommonTrapBlob}
  0x0000020ebd2d4300: c5f8 77e8 

  0x0000020ebd2d4304: ; ImmutableOopMap {rbp=Oop [48]=NarrowOop [64]=Oop [72]=NarrowOop [80]=Oop }
                      ;*invokeinterface isEmpty {reexecute=0 rethrow=0 return_oop=0}
                      ; - com.jme3.input.lwjgl.GlfwMouseInput::update@142 (line 301)
                      ; - com.jme3.input.InputManager::update@59 (line 907)
                      ; - com.jme3.app.LegacyApplication::update@91 (line 724)
                      ; - com.jme3.app.SimpleApplication::update@20 (line 246)
                      ; - com.jme3.system.lwjgl.LwjglWindow::runLoop@37 (line 530)
  0x0000020ebd2d4304: 5800 63ff 

  0x0000020ebd2d4308: ;   {other}
  0x0000020ebd2d4308: 0f1f 8400 | 8057 00b4 | bade ffff | ff48 8b6c | 2448 448b | 4424 3c44 | 8944 2430 | c5fa 1044 
  0x0000020ebd2d4328: 2438 c5fa | 1144 2434 | 4c8b 5424 | 404c 8954 | 2438 894c | 2448 6690 

  0x0000020ebd2d4340: ;   {runtime_call UncommonTrapBlob}
  0x0000020ebd2d4340: c5f8 77e8 

  0x0000020ebd2d4344: ; ImmutableOopMap {rbp=Oop [48]=NarrowOop [72]=NarrowOop [80]=Oop [88]=Oop }
                      ;*invokeinterface isEmpty {reexecute=0 rethrow=0 return_oop=0}
                      ; - com.jme3.input.lwjgl.GlfwMouseInput::update@106 (line 297)
                      ; - com.jme3.input.InputManager::update@59 (line 907)
                      ; - com.jme3.app.LegacyApplication::update@91 (line 724)
                      ; - com.jme3.app.SimpleApplication::update@20 (line 246)
                      ; - com.jme3.system.lwjgl.LwjglWindow::runLoop@37 (line 530)
  0x0000020ebd2d4344: 1800 63ff 

  0x0000020ebd2d4348: ;   {other}
  0x0000020ebd2d4348: 0f1f 8400 | c057 00b5 | baf6 ffff | ff48 ff74 | 2448 488f | 4424 204c | 8b54 2450 | 4c89 5424 
  0x0000020ebd2d4368: 304c 8b54 | 2458 4c89 | 5424 484c | 8b54 2460 | 4c89 5424 | 5866 6690 

  0x0000020ebd2d4380: ;   {runtime_call UncommonTrapBlob}
  0x0000020ebd2d4380: c5f8 77e8 

  0x0000020ebd2d4384: ; ImmutableOopMap {rbp=Oop [32]=Oop [48]=Oop [60]=NarrowOop [72]=Oop [88]=Oop [96]=Oop }
                      ;*invokevirtual add {reexecute=0 rethrow=0 return_oop=0}
                      ; - com.jme3.input.InputManager::onMouseMotionEvent@30 (line 442)
                      ; - com.jme3.input.lwjgl.GlfwMouseInput::update@130 (line 298)
                      ; - com.jme3.input.InputManager::update@59 (line 907)
                      ; - com.jme3.app.LegacyApplication::update@91 (line 724)
                      ; - com.jme3.app.SimpleApplication::update@20 (line 246)
                      ; - com.jme3.system.lwjgl.LwjglWindow::runLoop@37 (line 530)
  0x0000020ebd2d4384: d8ff 62ff 

  0x0000020ebd2d4388: ;   {other}
  0x0000020ebd2d4388: 0f1f 8400 | 0058 00b6 | 418b f349 | 8bd7 c5f8 | 7749 bae0 | 0769 57f9 | 7f00 0041 

  0x0000020ebd2d43a4: ;   {other}
  0x0000020ebd2d43a4: ffd2 0f1f | 8400 0000 | 0000 448b | dee9 f1cc | ffff 418b | fb49 8bd7 | c5f8 7749 | bae0 0769 
  0x0000020ebd2d43c4: 57f9 7f00 | 0041 ffd2 

  0x0000020ebd2d43cc: ;   {other}
  0x0000020ebd2d43cc: 0f1f 8400 | 0000 0000 | 448b dfe9 | 18cd ffff | 498b d7c5 | f877 49ba | e007 6957 | f97f 0000 
  0x0000020ebd2d43ec: ;   {other}
  0x0000020ebd2d43ec: 41ff d20f | 1f84 0000 | 0000 00e9 | fbce ffff | 498b d7c5 | f877 49ba | e007 6957 | f97f 0000 
  0x0000020ebd2d440c: ;   {other}
  0x0000020ebd2d440c: 41ff d20f | 1f84 0000 | 0000 00e9 | 92ce ffff | 498b d7c5 | f877 49ba | e007 6957 | f97f 0000 
  0x0000020ebd2d442c: ;   {other}
  0x0000020ebd2d442c: 41ff d20f | 1f84 0000 | 0000 00e9 | 56d0 ffff | 498b d7c5 | f877 49ba | e007 6957 | f97f 0000 
  0x0000020ebd2d444c: ;   {other}
  0x0000020ebd2d444c: 41ff d20f | 1f84 0000 | 0000 00e9 | 83d0 ffff | 498b d7c5 | f877 49ba | e007 6957 | f97f 0000 
  0x0000020ebd2d446c: ;   {other}
  0x0000020ebd2d446c: 41ff d20f | 1f84 0000 | 0000 00e9 | 16d2 ffff | 498b d7c5 | f877 49ba | e007 6957 | f97f 0000 
  0x0000020ebd2d448c: ;   {other}
  0x0000020ebd2d448c: 41ff d20f | 1f84 0000 | 0000 00e9 | 43d2 ffff | bae4 ffff | ff48 ff74 | 2448 488f | 4424 2048 
  0x0000020ebd2d44ac: ff74 2450 | 488f 4424 | 3048 895c | 2440 4889 | 5c24 4844 | 8954 247c 

  0x0000020ebd2d44c4: ;   {runtime_call UncommonTrapBlob}
  0x0000020ebd2d44c4: c5f8 77e8 

  0x0000020ebd2d44c8: ; ImmutableOopMap {rbp=Oop [32]=Oop [48]=Oop [64]=Oop [72]=Oop [88]=Oop [96]=NarrowOop [100]=NarrowOop [124]=NarrowOop }
                      ;*aastore {reexecute=1 rethrow=0 return_oop=0}
                      ; - (reexecute) java.lang.ThreadLocal$ThreadLocalMap::set@94 (line 563)
                      ; - java.lang.ThreadLocal::set@13 (line 265)
                      ; - java.lang.ThreadLocal::set@5 (line 251)
                      ; - com.jme3.audio.AudioContext::setAudioRenderer@4 (line 44)
                      ; - com.jme3.app.LegacyApplication::update@4 (line 712)
                      ; - com.jme3.app.SimpleApplication::update@20 (line 246)
                      ; - com.jme3.system.lwjgl.LwjglWindow::runLoop@37 (line 530)
  0x0000020ebd2d44c8: 94fe 62ff 

  0x0000020ebd2d44cc: ;   {other}
  0x0000020ebd2d44cc: 0f1f 8400 | 4459 00b7 | 498b ea49 | 8bd7 c5f8 | 7749 bae0 | 0769 57f9 | 7f00 0041 

  0x0000020ebd2d44e8: ;   {other}
  0x0000020ebd2d44e8: ffd2 0f1f | 8400 0000 | 0000 4c8b | d5e9 d1d3 | ffff 498b | d7c5 f877 | 49ba e007 | 6957 f97f 
  0x0000020ebd2d4508: 0000 41ff 

  0x0000020ebd2d450c: ;   {other}
  0x0000020ebd2d450c: d20f 1f84 | 0000 0000 | 00e9 13d4 | ffff ba45 | ffff ff48 | ff74 2448 | 488f 4424 | 2048 ff74 
  0x0000020ebd2d452c: 2450 488f | 4424 3048 | ff74 2450 | 488f 4424 | 384c 8974 | 2450 4489 | 6c24 4c89 | 5c24 5889 
  0x0000020ebd2d454c: 7c24 5c90 

  0x0000020ebd2d4550: ;   {runtime_call UncommonTrapBlob}
  0x0000020ebd2d4550: c5f8 77e8 

  0x0000020ebd2d4554: ; ImmutableOopMap {[32]=Oop [48]=Oop [56]=Oop [76]=NarrowOop [80]=Oop [88]=NarrowOop [92]=NarrowOop }
                      ;*ifeq {reexecute=1 rethrow=0 return_oop=0}
                      ; - (reexecute) java.util.concurrent.ConcurrentLinkedQueue::updateHead@14 (line 292)
                      ; - java.util.concurrent.ConcurrentLinkedQueue::poll@66 (line 395)
                      ; - com.jme3.app.LegacyApplication::runQueuedTasks@4 (line 699)
                      ; - com.jme3.app.LegacyApplication::update@27 (line 715)
                      ; - com.jme3.app.SimpleApplication::update@20 (line 246)
                      ; - com.jme3.system.lwjgl.LwjglWindow::runLoop@37 (line 530)
  0x0000020ebd2d4554: 08fe 62ff 

  0x0000020ebd2d4558: ;   {other}
  0x0000020ebd2d4558: 0f1f 8400 | d059 00b8 | 498b d7c5 | f877 49ba | e007 6957 | f97f 0000 

  0x0000020ebd2d4570: ;   {other}
  0x0000020ebd2d4570: 41ff d20f | 1f84 0000 | 0000 00e9 | 24e1 ffff | 498b d7c5 | f877 49ba | e007 6957 | f97f 0000 
  0x0000020ebd2d4590: ;   {other}
  0x0000020ebd2d4590: 41ff d20f | 1f84 0000 | 0000 00e9 | 6fe1 ffff | 498b d7c5 | f877 49ba | e007 6957 | f97f 0000 
  0x0000020ebd2d45b0: ;   {other}
  0x0000020ebd2d45b0: 41ff d20f | 1f84 0000 | 0000 00e9 | bae1 ffff | 498b d7c5 | f877 49ba | e007 6957 | f97f 0000 
  0x0000020ebd2d45d0: ;   {other}
  0x0000020ebd2d45d0: 41ff d20f | 1f84 0000 | 0000 0044 | 8bdd e996 | c9ff ff49 | 8bd7 c5f8 | 7749 bae0 | 0769 57f9 
  0x0000020ebd2d45f0: 7f00 0041 

  0x0000020ebd2d45f4: ;   {other}
  0x0000020ebd2d45f4: ffd2 0f1f | 8400 0000 | 0000 e985 | cbff ff48 | 896c 2468 | 4889 7424 | 404c 896c | 2438 4889 
  0x0000020ebd2d4614: 7c24 3048 | ff74 2420 | 488f 4424 | 2844 8954 | 2420 4c8b | eb49 8bd7 | c5f8 7749 | bae0 0769 
  0x0000020ebd2d4634: 57f9 7f00 | 0041 ffd2 

  0x0000020ebd2d463c: ;   {other}
  0x0000020ebd2d463c: 0f1f 8400 | 0000 0000 | 498b dd44 | 8b54 2420 | 48ff 7424 | 2848 8f44 | 2420 488b | 7c24 304c 
  0x0000020ebd2d465c: 8b6c 2438 | 488b 7424 | 4048 8b6c | 2468 e95c | b0ff ff48 | 896c 2468 | 4889 7424 | 404c 896c 
  0x0000020ebd2d467c: 2438 4889 | 7c24 3048 | ff74 2420 | 488f 4424 | 2844 8954 | 2420 4c8b | eb49 8bd7 | c5f8 7749 
  0x0000020ebd2d469c: bae0 0769 | 57f9 7f00 | 0041 ffd2 

  0x0000020ebd2d46a8: ;   {other}
  0x0000020ebd2d46a8: 0f1f 8400 | 0000 0000 | 498b dd44 | 8b54 2420 | 48ff 7424 | 2848 8f44 | 2420 488b | 7c24 304c 
  0x0000020ebd2d46c8: 8b6c 2438 | 488b 7424 | 4048 8b6c | 2468 e93b | b0ff ff49 | 8bd7 c5f8 | 7749 bae0 | 0769 57f9 
  0x0000020ebd2d46e8: 7f00 0041 

  0x0000020ebd2d46ec: ;   {other}
  0x0000020ebd2d46ec: ffd2 0f1f | 8400 0000 | 0000 e985 | b0ff ff49 | 8bd7 c5f8 | 7749 bae0 | 0769 57f9 | 7f00 0041 
  0x0000020ebd2d470c: ;   {other}
  0x0000020ebd2d470c: ffd2 0f1f | 8400 0000 | 0000 e959 | ccff ff49 | 8bd7 c5f8 | 7749 bae0 | 0769 57f9 | 7f00 0041 
  0x0000020ebd2d472c: ;   {other}
  0x0000020ebd2d472c: ffd2 0f1f | 8400 0000 | 0000 e939 | ceff ffba | f6ff ffff | 895c 2428 | 4c89 5424 | 304c 895c 
  0x0000020ebd2d474c: 2438 6690 

  0x0000020ebd2d4750: ;   {runtime_call UncommonTrapBlob}
  0x0000020ebd2d4750: c5f8 77e8 

  0x0000020ebd2d4754: ; ImmutableOopMap {[40]=NarrowOop [48]=Oop [56]=Oop [72]=Oop }
                      ;*invokevirtual lock {reexecute=0 rethrow=0 return_oop=0}
                      ; - java.lang.ref.ReferenceQueue::poll@13 (line 191)
                      ; - com.jme3.util.NativeObjectManager::deleteUnused@54 (line 183)
                      ; - com.jme3.renderer.opengl.GLRenderer::postFrame@5 (line 1117)
                      ; - com.jme3.system.lwjgl.LwjglWindow::runLoop@100 (line 549)
  0x0000020ebd2d4754: 08fc 62ff 

  0x0000020ebd2d4758: ;   {other}
  0x0000020ebd2d4758: 0f1f 8400 | d05b 00b9 | baf6 ffff | ff66 6690 

  0x0000020ebd2d4768: ;   {runtime_call UncommonTrapBlob}
  0x0000020ebd2d4768: c5f8 77e8 

  0x0000020ebd2d476c: ; ImmutableOopMap {[40]=Oop [48]=NarrowOop [56]=Oop [64]=Oop [72]=Oop }
                      ;*invokevirtual unlock {reexecute=0 rethrow=0 return_oop=0}
                      ; - java.lang.ref.ReferenceQueue::poll@25 (line 195)
                      ; - com.jme3.util.NativeObjectManager::deleteUnused@54 (line 183)
                      ; - com.jme3.renderer.opengl.GLRenderer::postFrame@5 (line 1117)
                      ; - com.jme3.system.lwjgl.LwjglWindow::runLoop@100 (line 549)
  0x0000020ebd2d476c: f0fb 62ff 

  0x0000020ebd2d4770: ;   {other}
  0x0000020ebd2d4770: 0f1f 8400 | e85b 00ba | bade ffff | ff48 8b6c | 2420 6690 

  0x0000020ebd2d4784: ;   {runtime_call UncommonTrapBlob}
  0x0000020ebd2d4784: c5f8 77e8 

  0x0000020ebd2d4788: ; ImmutableOopMap {rbp=Oop [40]=Oop [48]=NarrowOop [64]=Oop }
                      ;*checkcast {reexecute=0 rethrow=0 return_oop=0}
                      ; - com.jme3.util.NativeObjectManager::deleteUnused@57 (line 183)
                      ; - com.jme3.renderer.opengl.GLRenderer::postFrame@5 (line 1117)
                      ; - com.jme3.system.lwjgl.LwjglWindow::runLoop@100 (line 549)
  0x0000020ebd2d4788: d4fb 62ff 

  0x0000020ebd2d478c: ;   {other}
  0x0000020ebd2d478c: 0f1f 8400 | 045c 00bb | bade ffff | ff48 ff74 | 2448 488f | 4424 204c | 8b4c 2450 | 4c89 4c24 
  0x0000020ebd2d47ac: 3044 8954 | 243c 4889 | 4424 404c | 895c 2448 | 4489 4424 | 5066 6690 

  0x0000020ebd2d47c4: ;   {runtime_call UncommonTrapBlob}
  0x0000020ebd2d47c4: c5f8 77e8 

  0x0000020ebd2d47c8: ; ImmutableOopMap {rbp=NarrowOop [32]=Oop [48]=Oop [60]=NarrowOop [72]=Oop [80]=NarrowOop }
                      ;*checkcast {reexecute=0 rethrow=0 return_oop=0}
                      ; - com.jme3.input.lwjgl.GlfwKeyInput::update@36 (line 161)
                      ; - com.jme3.input.InputManager::update@50 (line 906)
                      ; - com.jme3.app.LegacyApplication::update@91 (line 724)
                      ; - com.jme3.app.SimpleApplication::update@20 (line 246)
                      ; - com.jme3.system.lwjgl.LwjglWindow::runLoop@37 (line 530)
  0x0000020ebd2d47c8: 94fb 62ff 

  0x0000020ebd2d47cc: ;   {other}
  0x0000020ebd2d47cc: 0f1f 8400 | 445c 00bc | bade ffff | ff48 ff74 | 2448 488f | 4424 204c | 8b4c 2450 | 4c89 4c24 
  0x0000020ebd2d47ec: 3044 8954 | 243c 4889 | 4424 404c | 895c 2448 | 4489 4424 | 5066 6690 

  0x0000020ebd2d4804: ;   {runtime_call UncommonTrapBlob}
  0x0000020ebd2d4804: c5f8 77e8 

  0x0000020ebd2d4808: ; ImmutableOopMap {rbp=NarrowOop [32]=Oop [48]=Oop [60]=NarrowOop [72]=Oop [80]=NarrowOop }
                      ;*checkcast {reexecute=0 rethrow=0 return_oop=0}
                      ; - com.jme3.input.lwjgl.GlfwMouseInput::update@127 (line 298)
                      ; - com.jme3.input.InputManager::update@59 (line 907)
                      ; - com.jme3.app.LegacyApplication::update@91 (line 724)
                      ; - com.jme3.app.SimpleApplication::update@20 (line 246)
                      ; - com.jme3.system.lwjgl.LwjglWindow::runLoop@37 (line 530)
  0x0000020ebd2d4808: 54fb 62ff 

  0x0000020ebd2d480c: ;   {other}
  0x0000020ebd2d480c: 0f1f 8400 | 845c 00bd | bade ffff | ff48 ff74 | 2448 488f | 4424 204c | 8b4c 2450 | 4c89 4c24 
  0x0000020ebd2d482c: 3044 8954 | 243c 4889 | 4424 404c | 895c 2448 | 4489 4424 | 5066 6690 

  0x0000020ebd2d4844: ;   {runtime_call UncommonTrapBlob}
  0x0000020ebd2d4844: c5f8 77e8 

  0x0000020ebd2d4848: ; ImmutableOopMap {rbp=NarrowOop [32]=Oop [48]=Oop [60]=NarrowOop [72]=Oop [80]=NarrowOop }
                      ;*checkcast {reexecute=0 rethrow=0 return_oop=0}
                      ; - com.jme3.input.lwjgl.GlfwMouseInput::update@163 (line 302)
                      ; - com.jme3.input.InputManager::update@59 (line 907)
                      ; - com.jme3.app.LegacyApplication::update@91 (line 724)
                      ; - com.jme3.app.SimpleApplication::update@20 (line 246)
                      ; - com.jme3.system.lwjgl.LwjglWindow::runLoop@37 (line 530)
  0x0000020ebd2d4848: 14fb 62ff 

  0x0000020ebd2d484c: ;   {other}
  0x0000020ebd2d484c: 0f1f 8400 | c45c 00be | bade ffff | ff48 8b6c | 2448 48ff | 7424 5048 | 8f44 2428 | c5fa 104c 
  0x0000020ebd2d486c: 2438 c5fa | 114c 2434 | 488b 4424 | 4048 8944 | 2438 4489 | 5424 4048 | 895c 2448 | 8974 2444 
  0x0000020ebd2d488c: 897c 2450 | 4489 4424 | 5444 895c | 2458 894c | 245c 4489 | 4c24 6090 

  0x0000020ebd2d48a4: ;   {runtime_call UncommonTrapBlob}
  0x0000020ebd2d48a4: c5f8 77e8 

  0x0000020ebd2d48a8: ; ImmutableOopMap {rbp=Oop [40]=Oop [64]=NarrowOop [72]=Oop [80]=NarrowOop [92]=NarrowOop [96]=NarrowOop }
                      ;*checkcast {reexecute=0 rethrow=0 return_oop=0}
                      ; - com.jme3.input.InputManager::invokeUpdateActions@36 (line 213)
                      ; - com.jme3.input.InputManager::update@106 (line 918)
                      ; - com.jme3.app.LegacyApplication::update@91 (line 724)
                      ; - com.jme3.app.SimpleApplication::update@20 (line 246)
                      ; - com.jme3.system.lwjgl.LwjglWindow::runLoop@37 (line 530)
  0x0000020ebd2d48a8: b4fa 62ff 

  0x0000020ebd2d48ac: ;   {other}
  0x0000020ebd2d48ac: 0f1f 8400 | 245d 00bf | bade ffff | ff48 ff74 | 2428 488f | 4424 20c5 | fa10 4424 | 30c5 fa11 
  0x0000020ebd2d48cc: 4424 2c48 | 8944 2438 

  0x0000020ebd2d48d4: ;   {runtime_call UncommonTrapBlob}
  0x0000020ebd2d48d4: c5f8 77e8 

  0x0000020ebd2d48d8: ; ImmutableOopMap {[32]=Oop [56]=Oop [64]=Oop [72]=Oop }
                      ;*checkcast {reexecute=0 rethrow=0 return_oop=0}
                      ; - com.jme3.scene.Node::updateLogicalState@20 (line 241)
                      ; - com.jme3.app.SimpleApplication::update@109 (line 261)
                      ; - com.jme3.system.lwjgl.LwjglWindow::runLoop@37 (line 530)
  0x0000020ebd2d48d8: 84fa 62ff 

  0x0000020ebd2d48dc: ;   {other}
  0x0000020ebd2d48dc: 0f1f 8400 | 545d 00c0 | bade ffff | ff48 ff74 | 2428 488f | 4424 20c5 | fa10 4424 | 30c5 fa11 
  0x0000020ebd2d48fc: 4424 2c48 | 8944 2438 

  0x0000020ebd2d4904: ;   {runtime_call UncommonTrapBlob}
  0x0000020ebd2d4904: c5f8 77e8 

  0x0000020ebd2d4908: ; ImmutableOopMap {[32]=Oop [56]=Oop [64]=Oop [72]=Oop }
                      ;*checkcast {reexecute=0 rethrow=0 return_oop=0}
                      ; - com.jme3.scene.Node::updateLogicalState@20 (line 241)
                      ; - com.jme3.app.SimpleApplication::update@117 (line 262)
                      ; - com.jme3.system.lwjgl.LwjglWindow::runLoop@37 (line 530)
  0x0000020ebd2d4908: 54fa 62ff 

  0x0000020ebd2d490c: ;   {other}
  0x0000020ebd2d490c: 0f1f 8400 | 845d 00c1 | bade ffff | ff48 8974 | 2428 c5fa | 1044 2438 | c5fa 1144 | 2430 4489 
  0x0000020ebd2d492c: 7424 3489 | 7c24 3c44 | 8954 2444 

  0x0000020ebd2d4938: ;   {runtime_call UncommonTrapBlob}
  0x0000020ebd2d4938: c5f8 77e8 

  0x0000020ebd2d493c: ; ImmutableOopMap {rbp=NarrowOop [40]=Oop [52]=NarrowOop [60]=NarrowOop [68]=NarrowOop [72]=Oop }
                      ;*checkcast {reexecute=0 rethrow=0 return_oop=0}
                      ; - com.jme3.app.state.AppStateManager::getStates@14 (line 127)
                      ; - com.jme3.app.state.AppStateManager::render@1 (line 366)
                      ; - com.jme3.app.SimpleApplication::update@161 (line 269)
                      ; - com.jme3.system.lwjgl.LwjglWindow::runLoop@37 (line 530)
  0x0000020ebd2d493c: 20fa 62ff 

  0x0000020ebd2d4940: ;   {other}
  0x0000020ebd2d4940: 0f1f 8400 | b85d 00c2 | bade ffff | ff48 8974 | 2428 c5fa | 104c 2438 | c5f8 28c1 | c5fa 1144 
  0x0000020ebd2d4960: 2434 4489 | 5c24 3844 | 894c 243c 

  0x0000020ebd2d496c: ;   {runtime_call UncommonTrapBlob}
  0x0000020ebd2d496c: c5f8 77e8 

  0x0000020ebd2d4970: ; ImmutableOopMap {rbp=NarrowOop [40]=Oop [56]=NarrowOop [72]=Oop }
                      ;*instanceof {reexecute=0 rethrow=0 return_oop=0}
                      ; - com.jme3.renderer.RenderManager::render@4 (line 1140)
                      ; - com.jme3.app.SimpleApplication::update@197 (line 272)
                      ; - com.jme3.system.lwjgl.LwjglWindow::runLoop@37 (line 530)
  0x0000020ebd2d4970: ecf9 62ff 

  0x0000020ebd2d4974: ;   {other}
  0x0000020ebd2d4974: 0f1f 8400 | ec5d 00c3 | bade ffff | ff48 897c | 2428 c5fa | 104c 2438 | c5fa 114c | 2430 8974 
  0x0000020ebd2d4994: 2438 4489 | 5c24 4090 

  0x0000020ebd2d499c: ;   {runtime_call UncommonTrapBlob}
  0x0000020ebd2d499c: c5f8 77e8 

  0x0000020ebd2d49a0: ; ImmutableOopMap {rbp=NarrowOop [40]=Oop [56]=NarrowOop [64]=NarrowOop [72]=Oop }
                      ;*checkcast {reexecute=0 rethrow=0 return_oop=0}
                      ; - com.jme3.app.state.AppStateManager::getStates@14 (line 127)
                      ; - com.jme3.app.state.AppStateManager::postRender@1 (line 378)
                      ; - com.jme3.app.SimpleApplication::update@212 (line 274)
                      ; - com.jme3.system.lwjgl.LwjglWindow::runLoop@37 (line 530)
  0x0000020ebd2d49a0: bcf9 62ff 

  0x0000020ebd2d49a4: ;   {other}
  0x0000020ebd2d49a4: 0f1f 8400 | 1c5e 00c4 | bade ffff | ff48 ff74 | 2448 488f | 4424 20c5 | fa10 4424 | 38c5 fa11 
  0x0000020ebd2d49c4: 4424 3490 

  0x0000020ebd2d49c8: ;   {runtime_call UncommonTrapBlob}
  0x0000020ebd2d49c8: c5f8 77e8 

  0x0000020ebd2d49cc: ; ImmutableOopMap {rbp=NarrowOop [32]=Oop [40]=Oop [64]=Oop }
                      ;*checkcast {reexecute=0 rethrow=0 return_oop=0}
                      ; - com.jme3.scene.Spatial::runControlUpdate@18 (line 736)
                      ; - com.jme3.scene.Spatial::updateLogicalState@2 (line 880)
                      ; - com.jme3.scene.Node::updateLogicalState@2 (line 231)
                      ; - com.jme3.app.SimpleApplication::update@109 (line 261)
                      ; - com.jme3.system.lwjgl.LwjglWindow::runLoop@37 (line 530)
  0x0000020ebd2d49cc: 90f9 62ff 

  0x0000020ebd2d49d0: ;   {other}
  0x0000020ebd2d49d0: 0f1f 8400 | 485e 00c5 | bade ffff | ff48 ff74 | 2448 488f | 4424 20c5 | fa10 4424 | 38c5 fa11 
  0x0000020ebd2d49f0: 4424 3490 

  0x0000020ebd2d49f4: ;   {runtime_call UncommonTrapBlob}
  0x0000020ebd2d49f4: c5f8 77e8 

  0x0000020ebd2d49f8: ; ImmutableOopMap {rbp=NarrowOop [32]=Oop [40]=Oop [64]=Oop }
                      ;*checkcast {reexecute=0 rethrow=0 return_oop=0}
                      ; - com.jme3.scene.Spatial::runControlUpdate@18 (line 736)
                      ; - com.jme3.scene.Spatial::updateLogicalState@2 (line 880)
                      ; - com.jme3.scene.Node::updateLogicalState@2 (line 231)
                      ; - com.jme3.app.SimpleApplication::update@117 (line 262)
                      ; - com.jme3.system.lwjgl.LwjglWindow::runLoop@37 (line 530)
  0x0000020ebd2d49f8: 64f9 62ff 

  0x0000020ebd2d49fc: ;   {other}
  0x0000020ebd2d49fc: 0f1f 8400 | 745e 00c6 | bade ffff | ffc5 fa10 | 4c24 38c5 | f828 c1c5 | fa11 4424 | 3444 8954 
  0x0000020ebd2d4a1c: 2438 4489 | 4424 4090 

  0x0000020ebd2d4a24: ;   {runtime_call UncommonTrapBlob}
  0x0000020ebd2d4a24: c5f8 77e8 

  0x0000020ebd2d4a28: ; ImmutableOopMap {rbp=NarrowOop [40]=Oop [56]=NarrowOop [72]=Oop }
                      ;*checkcast {reexecute=0 rethrow=0 return_oop=0}
                      ; - com.jme3.renderer.RenderManager::render@128 (line 1156)
                      ; - com.jme3.app.SimpleApplication::update@197 (line 272)
                      ; - com.jme3.system.lwjgl.LwjglWindow::runLoop@37 (line 530)
  0x0000020ebd2d4a28: 34f9 62ff 

  0x0000020ebd2d4a2c: ;   {other}
  0x0000020ebd2d4a2c: 0f1f 8400 | a45e 00c7 | bade ffff | ffc5 fa10 | 4424 38c5 | fa11 4424 | 3444 8954 | 2438 4489 
  0x0000020ebd2d4a4c: 4c24 4090 

  0x0000020ebd2d4a50: ;   {runtime_call UncommonTrapBlob}
  0x0000020ebd2d4a50: c5f8 77e8 

  0x0000020ebd2d4a54: ; ImmutableOopMap {rbp=NarrowOop [40]=Oop [56]=NarrowOop [72]=Oop }
                      ;*checkcast {reexecute=0 rethrow=0 return_oop=0}
                      ; - com.jme3.renderer.RenderManager::render@198 (line 1164)
                      ; - com.jme3.app.SimpleApplication::update@197 (line 272)
                      ; - com.jme3.system.lwjgl.LwjglWindow::runLoop@37 (line 530)
  0x0000020ebd2d4a54: 08f9 62ff 

  0x0000020ebd2d4a58: ;   {other}
  0x0000020ebd2d4a58: 0f1f 8400 | d05e 00c8 | bade ffff | ff44 895c | 2428 4489 | 4c24 3090 

  0x0000020ebd2d4a70: ;   {runtime_call UncommonTrapBlob}
  0x0000020ebd2d4a70: c5f8 77e8 

  0x0000020ebd2d4a74: ; ImmutableOopMap {rbp=NarrowOop [48]=NarrowOop [72]=Oop }
                      ;*checkcast {reexecute=0 rethrow=0 return_oop=0}
                      ; - com.jme3.system.AppSettings::getInteger@5 (line 485)
                      ; - com.jme3.system.AppSettings::getFrameRate@3 (line 917)
                      ; - com.jme3.system.lwjgl.LwjglWindow::runLoop@120 (line 553)
  0x0000020ebd2d4a74: e8f8 62ff 

  0x0000020ebd2d4a78: ;   {other}
  0x0000020ebd2d4a78: 0f1f 8400 | f05e 00c9 | ba9d ffff | ff48 ff74 | 2448 488f | 4424 2048 | 8944 2448 

  0x0000020ebd2d4a94: ;   {runtime_call UncommonTrapBlob}
  0x0000020ebd2d4a94: c5f8 77e8 

  0x0000020ebd2d4a98: ; ImmutableOopMap {rbp=NarrowOop [32]=Oop [40]=Oop [64]=Oop [72]=Oop }
                      ;*astore_3 {reexecute=0 rethrow=0 return_oop=0}
                      ; - com.jme3.audio.openal.ALAudioRenderer::update@17 (line 851)
                      ; - com.jme3.app.LegacyApplication::update@131 (line 729)
                      ; - com.jme3.app.SimpleApplication::update@20 (line 246)
                      ; - com.jme3.system.lwjgl.LwjglWindow::runLoop@37 (line 530)
  0x0000020ebd2d4a98: c4f8 62ff 

  0x0000020ebd2d4a9c: ;   {other}
  0x0000020ebd2d4a9c: 0f1f 8400 | 145f 00ca | ba9d ffff | ff48 8944 | 2420 6690 

  0x0000020ebd2d4ab0: ;   {runtime_call UncommonTrapBlob}
  0x0000020ebd2d4ab0: c5f8 77e8 

  0x0000020ebd2d4ab4: ; ImmutableOopMap {[32]=Oop [72]=Oop }
                      ;*astore_1 {reexecute=0 rethrow=0 return_oop=0}
                      ; - com.jme3.system.lwjgl.LwjglWindow::runLoop@76 (line 541)
  0x0000020ebd2d4ab4: a8f8 62ff 

  0x0000020ebd2d4ab8: ;   {other}
  0x0000020ebd2d4ab8: 0f1f 8400 | 305f 00cb | baf6 ffff | ff4c 8b5c | 2428 4c89 | 5c24 20c5 | fa10 4424 | 38c5 fa11 
  0x0000020ebd2d4ad8: 4424 2c44 | 8954 2430 | 448b 5424 | 3c44 8954 | 2434 8974 | 243c 6690 

  0x0000020ebd2d4af0: ;   {runtime_call UncommonTrapBlob}
  0x0000020ebd2d4af0: c5f8 77e8 

  0x0000020ebd2d4af4: ; ImmutableOopMap {[32]=Oop [48]=NarrowOop [72]=Oop }
                      ;*invokevirtual get {reexecute=0 rethrow=0 return_oop=0}
                      ; - com.jme3.renderer.RenderManager::render@125 (line 1156)
                      ; - com.jme3.app.SimpleApplication::update@197 (line 272)
                      ; - com.jme3.system.lwjgl.LwjglWindow::runLoop@37 (line 530)
  0x0000020ebd2d4af4: 68f8 62ff 

  0x0000020ebd2d4af8: ;   {other}
  0x0000020ebd2d4af8: 0f1f 8400 | 705f 00cc | baf6 ffff | ff48 8b6c | 2448 4c8b | 5c24 284c | 895c 2420 | c5fa 104c 
  0x0000020ebd2d4b18: 2438 c5f8 | 28c1 c5fa | 1144 242c | 4489 5424 | 3044 8b5c | 243c 4489 | 5c24 3489 | 7424 3889 
  0x0000020ebd2d4b38: 4c24 4444 | 8944 2448 | 4489 4424 | 4c66 6690 

  0x0000020ebd2d4b48: ;   {runtime_call UncommonTrapBlob}
  0x0000020ebd2d4b48: c5f8 77e8 

  0x0000020ebd2d4b4c: ; ImmutableOopMap {rbp=Oop [32]=Oop [48]=NarrowOop [68]=NarrowOop }
                      ;*aaload {reexecute=0 rethrow=0 return_oop=0}
                      ; - java.util.ArrayList::elementData@5 (line 412)
                      ; - java.util.ArrayList::get@11 (line 429)
                      ; - com.jme3.renderer.RenderManager::render@125 (line 1156)
                      ; - com.jme3.app.SimpleApplication::update@197 (line 272)
                      ; - com.jme3.system.lwjgl.LwjglWindow::runLoop@37 (line 530)
  0x0000020ebd2d4b4c: 10f8 62ff 

  0x0000020ebd2d4b50: ;   {other}
  0x0000020ebd2d4b50: 0f1f 8400 | c85f 00cd | baf4 ffff | ff4c 8b5c | 2428 4c89 | 5c24 20c5 | fa10 4424 | 38c5 fa11 
  0x0000020ebd2d4b70: 4424 2c44 | 8954 2430 | 4489 4424 | 3866 6690 

  0x0000020ebd2d4b80: ;   {runtime_call UncommonTrapBlob}
  0x0000020ebd2d4b80: c5f8 77e8 

  0x0000020ebd2d4b84: ; ImmutableOopMap {[32]=Oop [48]=NarrowOop [72]=Oop }
                      ;*checkcast {reexecute=0 rethrow=0 return_oop=0}
                      ; - com.jme3.renderer.RenderManager::render@128 (line 1156)
                      ; - com.jme3.app.SimpleApplication::update@197 (line 272)
                      ; - com.jme3.system.lwjgl.LwjglWindow::runLoop@37 (line 530)
  0x0000020ebd2d4b84: d8f7 62ff 

  0x0000020ebd2d4b88: ;   {other}
  0x0000020ebd2d4b88: 0f1f 8400 | 0060 00ce | baf6 ffff | ff4c 8b44 | 2428 4c89 | 4424 20c5 | fa10 4c24 | 38c5 f828 
  0x0000020ebd2d4ba8: c1c5 fa11 | 4424 2c44 | 8954 2430 | 448b 4424 | 3c44 8944 | 2434 4489 | 5c24 3c90 

  0x0000020ebd2d4bc4: ;   {runtime_call UncommonTrapBlob}
  0x0000020ebd2d4bc4: c5f8 77e8 

  0x0000020ebd2d4bc8: ; ImmutableOopMap {[32]=Oop [48]=NarrowOop [64]=Oop [72]=Oop }
                      ;*invokevirtual size {reexecute=0 rethrow=0 return_oop=0}
                      ; - com.jme3.renderer.RenderManager::render@114 (line 1155)
                      ; - com.jme3.app.SimpleApplication::update@197 (line 272)
                      ; - com.jme3.system.lwjgl.LwjglWindow::runLoop@37 (line 530)
  0x0000020ebd2d4bc8: 94f7 62ff 

  0x0000020ebd2d4bcc: ;   {other}
  0x0000020ebd2d4bcc: 0f1f 8400 | 4460 00cf | baf6 ffff | ff44 896c | 2438 895c | 243c 6690 

  0x0000020ebd2d4be4: ;   {runtime_call UncommonTrapBlob}
  0x0000020ebd2d4be4: c5f8 77e8 

  0x0000020ebd2d4be8: ; ImmutableOopMap {[56]=NarrowOop [60]=NarrowOop [72]=Oop [80]=Oop }
                      ;*getfield item {reexecute=1 rethrow=0 return_oop=0}
                      ; - (reexecute) java.util.concurrent.ConcurrentLinkedQueue::poll@8 (line 387)
                      ; - com.jme3.app.LegacyApplication::runQueuedTasks@4 (line 699)
                      ; - com.jme3.app.LegacyApplication::update@27 (line 715)
                      ; - com.jme3.app.SimpleApplication::update@20 (line 246)
                      ; - com.jme3.system.lwjgl.LwjglWindow::runLoop@37 (line 530)
  0x0000020ebd2d4be8: 74f7 62ff 

  0x0000020ebd2d4bec: ;   {other}
  0x0000020ebd2d4bec: 0f1f 8400 | 6460 00d0 | baf6 ffff | ff48 8b6c | 2448 6690 

  0x0000020ebd2d4c00: ;   {runtime_call UncommonTrapBlob}
  0x0000020ebd2d4c00: c5f8 77e8 

  0x0000020ebd2d4c04: ; ImmutableOopMap {rbp=Oop }
                      ;*invokevirtual get {reexecute=0 rethrow=0 return_oop=0}
                      ; - com.jme3.system.lwjgl.LwjglWindow::runLoop@19 (line 526)
  0x0000020ebd2d4c04: 58f7 62ff 

  0x0000020ebd2d4c08: ;   {other}
  0x0000020ebd2d4c08: 0f1f 8400 | 8060 00d1 | baf6 ffff | ff48 8b6c | 2448 6690 

  0x0000020ebd2d4c1c: ;   {runtime_call UncommonTrapBlob}
  0x0000020ebd2d4c1c: c5f8 77e8 

  0x0000020ebd2d4c20: ; ImmutableOopMap {rbp=Oop }
                      ;*invokeinterface update {reexecute=0 rethrow=0 return_oop=0}
                      ; - com.jme3.system.lwjgl.LwjglWindow::runLoop@37 (line 530)
  0x0000020ebd2d4c20: 3cf7 62ff 

  0x0000020ebd2d4c24: ;   {other}
  0x0000020ebd2d4c24: 0f1f 8400 | 9c60 00d2 | baf6 ffff | ff48 8b6c | 2448 48ff | 7424 5048 | 8f44 2420 | 4489 5c24 
  0x0000020ebd2d4c44: 3466 6690 

  0x0000020ebd2d4c48: ;   {runtime_call UncommonTrapBlob}
  0x0000020ebd2d4c48: c5f8 77e8 

  0x0000020ebd2d4c4c: ; ImmutableOopMap {rbp=Oop [32]=Oop [52]=NarrowOop [96]=NarrowOop }
                      ;*invokevirtual set {reexecute=0 rethrow=0 return_oop=0}
                      ; - com.jme3.audio.AudioContext::setAudioRenderer@4 (line 44)
                      ; - com.jme3.app.LegacyApplication::update@4 (line 712)
                      ; - com.jme3.app.SimpleApplication::update@20 (line 246)
                      ; - com.jme3.system.lwjgl.LwjglWindow::runLoop@37 (line 530)
  0x0000020ebd2d4c4c: 10f7 62ff 

  0x0000020ebd2d4c50: ;   {other}
  0x0000020ebd2d4c50: 0f1f 8400 | c860 00d3 | baf6 ffff | ff48 8b6c | 2448 48ff | 7424 5048 | 8f44 2420 | 4889 5c24 
  0x0000020ebd2d4c70: 3848 895c | 2440 4889 | 4424 f88b | 4424 6089 | 4424 4848 | 8b44 24f8 | 48ff 7424 | 5848 8f44 
  0x0000020ebd2d4c90: 2450 6690 

  0x0000020ebd2d4c94: ;   {runtime_call UncommonTrapBlob}
  0x0000020ebd2d4c94: c5f8 77e8 

  0x0000020ebd2d4c98: ; ImmutableOopMap {rbp=Oop [32]=Oop [56]=Oop [64]=Oop [72]=NarrowOop [80]=Oop [100]=NarrowOop }
                      ;*arraylength {reexecute=0 rethrow=0 return_oop=0}
                      ; - java.lang.ThreadLocal$ThreadLocalMap::set@6 (line 546)
                      ; - java.lang.ThreadLocal::set@13 (line 265)
                      ; - java.lang.ThreadLocal::set@5 (line 251)
                      ; - com.jme3.audio.AudioContext::setAudioRenderer@4 (line 44)
                      ; - com.jme3.app.LegacyApplication::update@4 (line 712)
                      ; - com.jme3.app.SimpleApplication::update@20 (line 246)
                      ; - com.jme3.system.lwjgl.LwjglWindow::runLoop@37 (line 530)
  0x0000020ebd2d4c98: c4f6 62ff 

  0x0000020ebd2d4c9c: ;   {other}
  0x0000020ebd2d4c9c: 0f1f 8400 | 1461 00d4 | baf6 ffff | ff66 6690 

  0x0000020ebd2d4cac: ;   {runtime_call UncommonTrapBlob}
  0x0000020ebd2d4cac: c5f8 77e8 

  0x0000020ebd2d4cb0: ; ImmutableOopMap {[72]=Oop [80]=Oop }
                      ;*invokevirtual update {reexecute=0 rethrow=0 return_oop=0}
                      ; - com.jme3.app.LegacyApplication::update@51 (line 720)
                      ; - com.jme3.app.SimpleApplication::update@20 (line 246)
                      ; - com.jme3.system.lwjgl.LwjglWindow::runLoop@37 (line 530)
  0x0000020ebd2d4cb0: acf6 62ff 

  0x0000020ebd2d4cb4: ;   {other}
  0x0000020ebd2d4cb4: 0f1f 8400 | 2c61 00d5 | baf6 ffff | ffc5 fa11 | 5424 3090 

  0x0000020ebd2d4cc8: ;   {runtime_call UncommonTrapBlob}
  0x0000020ebd2d4cc8: c5f8 77e8 

  0x0000020ebd2d4ccc: ; ImmutableOopMap {[72]=Oop [80]=Oop }
                      ;*invokevirtual update {reexecute=0 rethrow=0 return_oop=0}
                      ; - com.jme3.app.LegacyApplication::update@91 (line 724)
                      ; - com.jme3.app.SimpleApplication::update@20 (line 246)
                      ; - com.jme3.system.lwjgl.LwjglWindow::runLoop@37 (line 530)
  0x0000020ebd2d4ccc: 90f6 62ff 

  0x0000020ebd2d4cd0: ;   {other}
  0x0000020ebd2d4cd0: 0f1f 8400 | 4861 00d6 | baf6 ffff | ff44 894c | 2430 c5fa | 1154 2434 

  0x0000020ebd2d4ce8: ;   {runtime_call UncommonTrapBlob}
  0x0000020ebd2d4ce8: c5f8 77e8 

  0x0000020ebd2d4cec: ; ImmutableOopMap {[48]=NarrowOop [72]=Oop [80]=Oop }
                      ;*invokeinterface getInputTimeNanos {reexecute=0 rethrow=0 return_oop=0}
                      ; - com.jme3.input.InputManager::update@25 (line 901)
                      ; - com.jme3.app.LegacyApplication::update@91 (line 724)
                      ; - com.jme3.app.SimpleApplication::update@20 (line 246)
                      ; - com.jme3.system.lwjgl.LwjglWindow::runLoop@37 (line 530)
  0x0000020ebd2d4cec: 70f6 62ff 

  0x0000020ebd2d4cf0: ;   {other}
  0x0000020ebd2d4cf0: 0f1f 8400 | 6861 00d7 | baf6 ffff | ff44 8954 | 2430 c5fa | 1044 2438 | c5fa 1144 | 2434 4889 
  0x0000020ebd2d4d10: 4424 3890 

  0x0000020ebd2d4d14: ;   {runtime_call UncommonTrapBlob}
  0x0000020ebd2d4d14: c5f8 77e8 

  0x0000020ebd2d4d18: ; ImmutableOopMap {[48]=NarrowOop [72]=Oop [80]=Oop }
                      ;*invokeinterface update {reexecute=0 rethrow=0 return_oop=0}
                      ; - com.jme3.input.InputManager::update@50 (line 906)
                      ; - com.jme3.app.LegacyApplication::update@91 (line 724)
                      ; - com.jme3.app.SimpleApplication::update@20 (line 246)
                      ; - com.jme3.system.lwjgl.LwjglWindow::runLoop@37 (line 530)
  0x0000020ebd2d4d18: 44f6 62ff 

  0x0000020ebd2d4d1c: ;   {other}
  0x0000020ebd2d4d1c: 0f1f 8400 | 9461 00d8 | baf6 ffff | ff44 8954 | 2430 c5fa | 1044 2438 | c5fa 1144 | 2434 4889 
  0x0000020ebd2d4d3c: 4424 384c | 895c 2440 

  0x0000020ebd2d4d44: ;   {runtime_call UncommonTrapBlob}
  0x0000020ebd2d4d44: c5f8 77e8 

  0x0000020ebd2d4d48: ; ImmutableOopMap {[48]=NarrowOop [64]=Oop [72]=Oop [80]=Oop }
                      ;*invokevirtual isRenderable {reexecute=0 rethrow=0 return_oop=0}
                      ; - com.jme3.input.lwjgl.GlfwKeyInput::update@4 (line 156)
                      ; - com.jme3.input.InputManager::update@50 (line 906)
                      ; - com.jme3.app.LegacyApplication::update@91 (line 724)
                      ; - com.jme3.app.SimpleApplication::update@20 (line 246)
                      ; - com.jme3.system.lwjgl.LwjglWindow::runLoop@37 (line 530)
  0x0000020ebd2d4d48: 14f6 62ff 

  0x0000020ebd2d4d4c: ;   {other}
  0x0000020ebd2d4d4c: 0f1f 8400 | c461 00d9 | baf6 ffff | ff48 ff74 | 2448 488f | 4424 2044 | 8954 243c | 4889 4424 
  0x0000020ebd2d4d6c: 404c 895c | 2448 6690 

  0x0000020ebd2d4d74: ;   {runtime_call UncommonTrapBlob}
  0x0000020ebd2d4d74: c5f8 77e8 

  0x0000020ebd2d4d78: ; ImmutableOopMap {rbp=NarrowOop [32]=Oop [60]=NarrowOop [72]=Oop [80]=Oop }
                      ;*invokevirtual get {reexecute=0 rethrow=0 return_oop=0}
                      ; - com.jme3.system.lwjgl.LwjglContext::isRenderable@4 (line 497)
                      ; - com.jme3.input.lwjgl.GlfwKeyInput::update@4 (line 156)
                      ; - com.jme3.input.InputManager::update@50 (line 906)
                      ; - com.jme3.app.LegacyApplication::update@91 (line 724)
                      ; - com.jme3.app.SimpleApplication::update@20 (line 246)
                      ; - com.jme3.system.lwjgl.LwjglWindow::runLoop@37 (line 530)
  0x0000020ebd2d4d78: e4f5 62ff 

  0x0000020ebd2d4d7c: ;   {other}
  0x0000020ebd2d4d7c: 0f1f 8400 | f461 00da | baf6 ffff | ff44 8954 | 2430 c5fa | 104c 2438 | c5fa 114c | 2434 4889 
  0x0000020ebd2d4d9c: 4424 384c | 895c 2440 

  0x0000020ebd2d4da4: ;   {runtime_call UncommonTrapBlob}
  0x0000020ebd2d4da4: c5f8 77e8 

  0x0000020ebd2d4da8: ; ImmutableOopMap {[48]=NarrowOop [64]=Oop [72]=Oop [80]=Oop }
                      ;*invokeinterface isEmpty {reexecute=0 rethrow=0 return_oop=0}
                      ; - com.jme3.input.lwjgl.GlfwKeyInput::update@15 (line 160)
                      ; - com.jme3.input.InputManager::update@50 (line 906)
                      ; - com.jme3.app.LegacyApplication::update@91 (line 724)
                      ; - com.jme3.app.SimpleApplication::update@20 (line 246)
                      ; - com.jme3.system.lwjgl.LwjglWindow::runLoop@37 (line 530)
  0x0000020ebd2d4da8: b4f5 62ff 

  0x0000020ebd2d4dac: ;   {other}
  0x0000020ebd2d4dac: 0f1f 8400 | 2462 00db | baf6 ffff | ff44 8954 | 2430 c5fa | 1044 2438 | c5fa 1144 | 2434 4889 
  0x0000020ebd2d4dcc: 4424 3890 

  0x0000020ebd2d4dd0: ;   {runtime_call UncommonTrapBlob}
  0x0000020ebd2d4dd0: c5f8 77e8 

  0x0000020ebd2d4dd4: ; ImmutableOopMap {[48]=NarrowOop [72]=Oop [80]=Oop }
                      ;*invokeinterface update {reexecute=0 rethrow=0 return_oop=0}
                      ; - com.jme3.input.InputManager::update@59 (line 907)
                      ; - com.jme3.app.LegacyApplication::update@91 (line 724)
                      ; - com.jme3.app.SimpleApplication::update@20 (line 246)
                      ; - com.jme3.system.lwjgl.LwjglWindow::runLoop@37 (line 530)
  0x0000020ebd2d4dd4: 88f5 62ff 

  0x0000020ebd2d4dd8: ;   {other}
  0x0000020ebd2d4dd8: 0f1f 8400 | 5062 00dc | baf6 ffff | ff44 8954 | 2430 c5fa | 104c 2438 | c5fa 114c | 2434 4889 
  0x0000020ebd2d4df8: 4424 384c | 895c 2440 

  0x0000020ebd2d4e00: ;   {runtime_call UncommonTrapBlob}
  0x0000020ebd2d4e00: c5f8 77e8 

  0x0000020ebd2d4e04: ; ImmutableOopMap {[48]=NarrowOop [64]=Oop [72]=Oop [80]=Oop }
                      ;*invokeinterface isEmpty {reexecute=0 rethrow=0 return_oop=0}
                      ; - com.jme3.input.lwjgl.GlfwMouseInput::update@106 (line 297)
                      ; - com.jme3.input.InputManager::update@59 (line 907)
                      ; - com.jme3.app.LegacyApplication::update@91 (line 724)
                      ; - com.jme3.app.SimpleApplication::update@20 (line 246)
                      ; - com.jme3.system.lwjgl.LwjglWindow::runLoop@37 (line 530)
  0x0000020ebd2d4e04: 58f5 62ff 

  0x0000020ebd2d4e08: ;   {other}
  0x0000020ebd2d4e08: 0f1f 8400 | 8062 00dd | baf6 ffff | ff44 8954 | 2430 c5fa | 1044 2438 | c5fa 1144 | 2434 4889 
  0x0000020ebd2d4e28: 4424 384c | 895c 2440 

  0x0000020ebd2d4e30: ;   {runtime_call UncommonTrapBlob}
  0x0000020ebd2d4e30: c5f8 77e8 

  0x0000020ebd2d4e34: ; ImmutableOopMap {[48]=NarrowOop [64]=Oop [72]=Oop [80]=Oop }
                      ;*invokeinterface isEmpty {reexecute=0 rethrow=0 return_oop=0}
                      ; - com.jme3.input.lwjgl.GlfwMouseInput::update@142 (line 301)
                      ; - com.jme3.input.InputManager::update@59 (line 907)
                      ; - com.jme3.app.LegacyApplication::update@91 (line 724)
                      ; - com.jme3.app.SimpleApplication::update@20 (line 246)
                      ; - com.jme3.system.lwjgl.LwjglWindow::runLoop@37 (line 530)
  0x0000020ebd2d4e34: 28f5 62ff 

  0x0000020ebd2d4e38: ;   {other}
  0x0000020ebd2d4e38: 0f1f 8400 | b062 00de | baf6 ffff | ffc5 fa10 | 4c24 38c5 | fa11 4c24 | 344c 8b5c | 2440 4c89 
  0x0000020ebd2d4e58: 5c24 3844 | 8954 2440 

  0x0000020ebd2d4e60: ;   {runtime_call UncommonTrapBlob}
  0x0000020ebd2d4e60: c5f8 77e8 

  0x0000020ebd2d4e64: ; ImmutableOopMap {[64]=NarrowOop [72]=Oop [80]=Oop }
                      ;*invokevirtual iterator {reexecute=0 rethrow=0 return_oop=0}
                      ; - com.jme3.input.InputManager::invokeUpdateActions@4 (line 210)
                      ; - com.jme3.input.InputManager::update@106 (line 918)
                      ; - com.jme3.app.LegacyApplication::update@91 (line 724)
                      ; - com.jme3.app.SimpleApplication::update@20 (line 246)
                      ; - com.jme3.system.lwjgl.LwjglWindow::runLoop@37 (line 530)
  0x0000020ebd2d4e64: f8f4 62ff 

  0x0000020ebd2d4e68: ;   {other}
  0x0000020ebd2d4e68: 0f1f 8400 | e062 00df | baf6 ffff | ff48 8b6c | 2448 c5fa | 1044 2438 | c5fa 1144 | 2434 4c8b 
  0x0000020ebd2d4e88: 5c24 404c | 895c 2438 | 4489 5424 | 4044 894c | 2448 6690 

  0x0000020ebd2d4e9c: ;   {runtime_call UncommonTrapBlob}
  0x0000020ebd2d4e9c: c5f8 77e8 

  0x0000020ebd2d4ea0: ; ImmutableOopMap {rbp=Oop [64]=NarrowOop [72]=NarrowOop [80]=Oop }
                      ;*aaload {reexecute=0 rethrow=0 return_oop=0}
                      ; - com.jme3.util.IntMap$IntMapIterator::beginUse@9 (line 249)
                      ; - com.jme3.util.IntMap::iterator@10 (line 224)
                      ; - com.jme3.input.InputManager::invokeUpdateActions@4 (line 210)
                      ; - com.jme3.input.InputManager::update@106 (line 918)
                      ; - com.jme3.app.LegacyApplication::update@91 (line 724)
                      ; - com.jme3.app.SimpleApplication::update@20 (line 246)
                      ; - com.jme3.system.lwjgl.LwjglWindow::runLoop@37 (line 530)
  0x0000020ebd2d4ea0: bcf4 62ff 

  0x0000020ebd2d4ea4: ;   {other}
  0x0000020ebd2d4ea4: 0f1f 8400 | 1c63 00e0 | baf6 ffff | ff48 8b6c | 2448 48ff | 7424 5048 | 8f44 2428 | c5fa 1044 
  0x0000020ebd2d4ec4: 2438 c5fa | 1144 2434 | 488b 4c24 | 4048 894c | 2438 4489 | 5424 4044 | 8944 2444 | 4489 5c24 
  0x0000020ebd2d4ee4: 4889 5c24 | 4c44 894c | 2450 6690 

  0x0000020ebd2d4ef0: ;   {runtime_call UncommonTrapBlob}
  0x0000020ebd2d4ef0: c5f8 77e8 

  0x0000020ebd2d4ef4: ; ImmutableOopMap {rbp=Oop [40]=Oop [64]=NarrowOop [76]=NarrowOop [80]=NarrowOop }
                      ;*invokevirtual iterator {reexecute=0 rethrow=0 return_oop=0}
                      ; - com.jme3.input.InputManager::invokeUpdateActions@86 (line 221)
                      ; - com.jme3.input.InputManager::update@106 (line 918)
                      ; - com.jme3.app.LegacyApplication::update@91 (line 724)
                      ; - com.jme3.app.SimpleApplication::update@20 (line 246)
                      ; - com.jme3.system.lwjgl.LwjglWindow::runLoop@37 (line 530)
  0x0000020ebd2d4ef4: 68f4 62ff 

  0x0000020ebd2d4ef8: ;   {other}
  0x0000020ebd2d4ef8: 0f1f 8400 | 7063 00e1 | baf6 ffff | ff48 8b6c | 2448 48ff | 7424 5048 | 8f44 2428 | c5fa 104c 
  0x0000020ebd2d4f18: 2438 c5fa | 114c 2434 | 488b 4c24 | 4048 894c | 2438 4489 | 5424 4089 | 7c24 4844 | 8944 244c 
  0x0000020ebd2d4f38: 4489 5c24 | 5089 5c24 | 5444 894c | 2458 6690 

  0x0000020ebd2d4f48: ;   {runtime_call UncommonTrapBlob}
  0x0000020ebd2d4f48: c5f8 77e8 

  0x0000020ebd2d4f4c: ; ImmutableOopMap {rbp=Oop [40]=Oop [64]=NarrowOop [72]=NarrowOop [84]=NarrowOop [88]=NarrowOop }
                      ;*aaload {reexecute=0 rethrow=0 return_oop=0}
                      ; - com.jme3.util.IntMap$IntMapIterator::beginUse@9 (line 249)
                      ; - com.jme3.util.IntMap::iterator@10 (line 224)
                      ; - com.jme3.input.InputManager::invokeUpdateActions@86 (line 221)
                      ; - com.jme3.input.InputManager::update@106 (line 918)
                      ; - com.jme3.app.LegacyApplication::update@91 (line 724)
                      ; - com.jme3.app.SimpleApplication::update@20 (line 246)
                      ; - com.jme3.system.lwjgl.LwjglWindow::runLoop@37 (line 530)
  0x0000020ebd2d4f4c: 10f4 62ff 

  0x0000020ebd2d4f50: ;   {other}
  0x0000020ebd2d4f50: 0f1f 8400 | c863 00e2 | baf6 ffff | ff44 8954 | 2430 6690 

  0x0000020ebd2d4f64: ;   {runtime_call UncommonTrapBlob}
  0x0000020ebd2d4f64: c5f8 77e8 

  0x0000020ebd2d4f68: ; ImmutableOopMap {[48]=NarrowOop [72]=Oop [80]=Oop }
                      ;*invokevirtual getTimePerFrame {reexecute=0 rethrow=0 return_oop=0}
                      ; - com.jme3.app.LegacyApplication::update@128 (line 729)
                      ; - com.jme3.app.SimpleApplication::update@20 (line 246)
                      ; - com.jme3.system.lwjgl.LwjglWindow::runLoop@37 (line 530)
  0x0000020ebd2d4f68: f4f3 62ff 

  0x0000020ebd2d4f6c: ;   {other}
  0x0000020ebd2d4f6c: 0f1f 8400 | e463 00e3 | baf6 ffff | ff66 6690 

  0x0000020ebd2d4f7c: ;   {runtime_call UncommonTrapBlob}
  0x0000020ebd2d4f7c: c5f8 77e8 

  0x0000020ebd2d4f80: ; ImmutableOopMap {[40]=Oop [72]=Oop }
                      ;*invokevirtual getTimePerFrame {reexecute=0 rethrow=0 return_oop=0}
                      ; - com.jme3.app.SimpleApplication::update@44 (line 251)
                      ; - com.jme3.system.lwjgl.LwjglWindow::runLoop@37 (line 530)
  0x0000020ebd2d4f80: dcf3 62ff 

  0x0000020ebd2d4f84: ;   {other}
  0x0000020ebd2d4f84: 0f1f 8400 | fc63 00e4 | baf6 ffff | ff4c 8954 | 2420 c5fa | 1044 2438 | c5fa 1144 | 242c 6690 
  0x0000020ebd2d4fa4: ;   {runtime_call UncommonTrapBlob}
  0x0000020ebd2d4fa4: c5f8 77e8 

  0x0000020ebd2d4fa8: ; ImmutableOopMap {[32]=Oop [72]=Oop }
                      ;*invokevirtual updateLogicalState {reexecute=0 rethrow=0 return_oop=0}
                      ; - com.jme3.app.SimpleApplication::update@109 (line 261)
                      ; - com.jme3.system.lwjgl.LwjglWindow::runLoop@37 (line 530)
  0x0000020ebd2d4fa8: b4f3 62ff 

  0x0000020ebd2d4fac: ;   {other}
  0x0000020ebd2d4fac: 0f1f 8400 | 2464 00e5 | baf6 ffff | ff48 8b6c | 2448 48ff | 7424 2848 | 8f44 2420 | c5fa 1044 
  0x0000020ebd2d4fcc: 2438 c5fa | 1144 242c | c5fa 1144 | 2430 48ff | 7424 4048 | 8f44 2438 

  0x0000020ebd2d4fe4: ;   {runtime_call UncommonTrapBlob}
  0x0000020ebd2d4fe4: c5f8 77e8 

  0x0000020ebd2d4fe8: ; ImmutableOopMap {rbp=Oop [32]=Oop [56]=Oop }
                      ;*invokevirtual isEmpty {reexecute=0 rethrow=0 return_oop=0}
                      ; - com.jme3.scene.Spatial::runControlUpdate@4 (line 732)
                      ; - com.jme3.scene.Spatial::updateLogicalState@2 (line 880)
                      ; - com.jme3.scene.Node::updateLogicalState@2 (line 231)
                      ; - com.jme3.app.SimpleApplication::update@109 (line 261)
                      ; - com.jme3.system.lwjgl.LwjglWindow::runLoop@37 (line 530)
  0x0000020ebd2d4fe8: 74f3 62ff 

  0x0000020ebd2d4fec: ;   {other}
  0x0000020ebd2d4fec: 0f1f 8400 | 6464 00e6 | baf6 ffff | ff4c 8954 | 2420 c5fa | 1044 2438 | c5fa 1144 | 242c 6690 
  0x0000020ebd2d500c: ;   {runtime_call UncommonTrapBlob}
  0x0000020ebd2d500c: c5f8 77e8 

  0x0000020ebd2d5010: ; ImmutableOopMap {[32]=Oop [72]=Oop }
                      ;*invokevirtual updateLogicalState {reexecute=0 rethrow=0 return_oop=0}
                      ; - com.jme3.app.SimpleApplication::update@117 (line 262)
                      ; - com.jme3.system.lwjgl.LwjglWindow::runLoop@37 (line 530)
  0x0000020ebd2d5010: 4cf3 62ff 

  0x0000020ebd2d5014: ;   {other}
  0x0000020ebd2d5014: 0f1f 8400 | 8c64 00e7 | baf6 ffff | ff48 8b6c | 2448 48ff | 7424 2848 | 8f44 2420 | c5fa 1044 
  0x0000020ebd2d5034: 2438 c5fa | 1144 242c | c5fa 1144 | 2430 48ff | 7424 4048 | 8f44 2438 

  0x0000020ebd2d504c: ;   {runtime_call UncommonTrapBlob}
  0x0000020ebd2d504c: c5f8 77e8 

  0x0000020ebd2d5050: ; ImmutableOopMap {rbp=Oop [32]=Oop [56]=Oop }
                      ;*invokevirtual isEmpty {reexecute=0 rethrow=0 return_oop=0}
                      ; - com.jme3.scene.Spatial::runControlUpdate@4 (line 732)
                      ; - com.jme3.scene.Spatial::updateLogicalState@2 (line 880)
                      ; - com.jme3.scene.Node::updateLogicalState@2 (line 231)
                      ; - com.jme3.app.SimpleApplication::update@117 (line 262)
                      ; - com.jme3.system.lwjgl.LwjglWindow::runLoop@37 (line 530)
  0x0000020ebd2d5050: 0cf3 62ff 

  0x0000020ebd2d5054: ;   {other}
  0x0000020ebd2d5054: 0f1f 8400 | cc64 00e8 | baf6 ffff | ff48 8974 | 2420 4489 | 7424 2c90 

  0x0000020ebd2d506c: ;   {runtime_call UncommonTrapBlob}
  0x0000020ebd2d506c: c5f8 77e8 

  0x0000020ebd2d5070: ; ImmutableOopMap {[32]=Oop [44]=NarrowOop [72]=Oop }
                      ;*invokevirtual render {reexecute=0 rethrow=0 return_oop=0}
                      ; - com.jme3.app.SimpleApplication::update@161 (line 269)
                      ; - com.jme3.system.lwjgl.LwjglWindow::runLoop@37 (line 530)
  0x0000020ebd2d5070: ecf2 62ff 

  0x0000020ebd2d5074: ;   {other}
  0x0000020ebd2d5074: 0f1f 8400 | ec64 00e9 | baf6 ffff | ff48 8974 | 2420 c5fa | 1044 2438 | c5fa 1144 | 2428 4489 
  0x0000020ebd2d5094: 7424 2c89 | 7c24 3444 | 8954 243c 

  0x0000020ebd2d50a0: ;   {runtime_call UncommonTrapBlob}
  0x0000020ebd2d50a0: c5f8 77e8 

  0x0000020ebd2d50a4: ; ImmutableOopMap {[32]=Oop [44]=NarrowOop [52]=NarrowOop [60]=NarrowOop [72]=Oop }
                      ;*invokevirtual getArray {reexecute=0 rethrow=0 return_oop=0}
                      ; - com.jme3.app.state.AppStateManager::getStates@11 (line 127)
                      ; - com.jme3.app.state.AppStateManager::render@1 (line 366)
                      ; - com.jme3.app.SimpleApplication::update@161 (line 269)
                      ; - com.jme3.system.lwjgl.LwjglWindow::runLoop@37 (line 530)
  0x0000020ebd2d50a4: b8f2 62ff 

  0x0000020ebd2d50a8: ;   {other}
  0x0000020ebd2d50a8: 0f1f 8400 | 2065 00ea | baf6 ffff | ff48 8974 | 2420 c5fa | 104c 2438 | c5f8 28c1 | c5fa 1144 
  0x0000020ebd2d50c8: 242c 4489 | 5c24 3090 

  0x0000020ebd2d50d0: ;   {runtime_call UncommonTrapBlob}
  0x0000020ebd2d50d0: c5f8 77e8 

  0x0000020ebd2d50d4: ; ImmutableOopMap {[32]=Oop [48]=NarrowOop [72]=Oop }
                      ;*invokeinterface isRenderable {reexecute=0 rethrow=0 return_oop=0}
                      ; - com.jme3.app.SimpleApplication::update@192 (line 272)
                      ; - com.jme3.system.lwjgl.LwjglWindow::runLoop@37 (line 530)
  0x0000020ebd2d50d4: 88f2 62ff 

  0x0000020ebd2d50d8: ;   {other}
  0x0000020ebd2d50d8: 0f1f 8400 | 5065 00eb | baf6 ffff | ff48 8974 | 2428 c5fa | 104c 2438 | c5f8 28c1 | c5fa 1144 
  0x0000020ebd2d50f8: 2434 4489 | 5c24 3890 

  0x0000020ebd2d5100: ;   {runtime_call UncommonTrapBlob}
  0x0000020ebd2d5100: c5f8 77e8 

  0x0000020ebd2d5104: ; ImmutableOopMap {rbp=Oop [40]=Oop [56]=NarrowOop [72]=Oop }
                      ;*invokevirtual get {reexecute=0 rethrow=0 return_oop=0}
                      ; - com.jme3.system.lwjgl.LwjglContext::isRenderable@4 (line 497)
                      ; - com.jme3.app.SimpleApplication::update@192 (line 272)
                      ; - com.jme3.system.lwjgl.LwjglWindow::runLoop@37 (line 530)
  0x0000020ebd2d5104: 58f2 62ff 

  0x0000020ebd2d5108: ;   {other}
  0x0000020ebd2d5108: 0f1f 8400 | 8065 00ec | baf6 ffff | ff48 8974 | 2420 c5fa | 104c 2438 | c5f8 28c1 | c5fa 1144 
  0x0000020ebd2d5128: 242c 4489 | 4c24 3090 

  0x0000020ebd2d5130: ;   {runtime_call UncommonTrapBlob}
  0x0000020ebd2d5130: c5f8 77e8 

  0x0000020ebd2d5134: ; ImmutableOopMap {[32]=Oop [72]=Oop }
                      ;*invokevirtual render {reexecute=0 rethrow=0 return_oop=0}
                      ; - com.jme3.app.SimpleApplication::update@197 (line 272)
                      ; - com.jme3.system.lwjgl.LwjglWindow::runLoop@37 (line 530)
  0x0000020ebd2d5134: 28f2 62ff 

  0x0000020ebd2d5138: ;   {other}
  0x0000020ebd2d5138: 0f1f 8400 | b065 00ed | baf4 ffff | ff48 8974 | 2420 c5fa | 104c 2438 | c5f8 28c1 | c5fa 1144 
  0x0000020ebd2d5158: 242c 4489 | 5c24 3044 | 894c 2434 

  0x0000020ebd2d5164: ;   {runtime_call UncommonTrapBlob}
  0x0000020ebd2d5164: c5f8 77e8 

  0x0000020ebd2d5168: ; ImmutableOopMap {[32]=Oop [48]=NarrowOop [72]=Oop }
                      ;*instanceof {reexecute=0 rethrow=0 return_oop=0}
                      ; - com.jme3.renderer.RenderManager::render@4 (line 1140)
                      ; - com.jme3.app.SimpleApplication::update@197 (line 272)
                      ; - com.jme3.system.lwjgl.LwjglWindow::runLoop@37 (line 530)
  0x0000020ebd2d5168: f4f1 62ff 

  0x0000020ebd2d516c: ;   {other}
  0x0000020ebd2d516c: 0f1f 8400 | e465 00ee | baf6 ffff | ff48 8974 | 2420 c5fa | 104c 2438 | c5f8 28c1 | c5fa 1144 
  0x0000020ebd2d518c: 242c 4489 | 5c24 3044 | 894c 2434 

  0x0000020ebd2d5198: ;   {runtime_call UncommonTrapBlob}
  0x0000020ebd2d5198: c5f8 77e8 

  0x0000020ebd2d519c: ; ImmutableOopMap {[32]=Oop [48]=NarrowOop [72]=Oop }
                      ;*invokevirtual newFrame {reexecute=0 rethrow=0 return_oop=0}
                      ; - com.jme3.renderer.RenderManager::render@15 (line 1144)
                      ; - com.jme3.app.SimpleApplication::update@197 (line 272)
                      ; - com.jme3.system.lwjgl.LwjglWindow::runLoop@37 (line 530)
  0x0000020ebd2d519c: c0f1 62ff 

  0x0000020ebd2d51a0: ;   {other}
  0x0000020ebd2d51a0: 0f1f 8400 | 1866 00ef | baf6 ffff | ff4c 8b5c | 2428 4c89 | 5c24 20c5 | fa10 4c24 | 38c5 f828 
  0x0000020ebd2d51c0: c1c5 fa11 | 4424 2c44 | 8b5c 243c | 4489 5c24 | 3444 8954 | 243c 6690 

  0x0000020ebd2d51d8: ;   {runtime_call UncommonTrapBlob}
  0x0000020ebd2d51d8: c5f8 77e8 

  0x0000020ebd2d51dc: ; ImmutableOopMap {[32]=Oop [48]=NarrowOop [60]=NarrowOop [72]=Oop }
                      ;*invokevirtual getTimePerFrame {reexecute=0 rethrow=0 return_oop=0}
                      ; - com.jme3.shader.UniformBindingManager::newFrame@19 (line 272)
                      ; - com.jme3.renderer.RenderManager::render@15 (line 1144)
                      ; - com.jme3.app.SimpleApplication::update@197 (line 272)
                      ; - com.jme3.system.lwjgl.LwjglWindow::runLoop@37 (line 530)
  0x0000020ebd2d51dc: 80f1 62ff 

  0x0000020ebd2d51e0: ;   {other}
  0x0000020ebd2d51e0: 0f1f 8400 | 5866 00f0 | baf6 ffff | ff4c 8b5c | 2428 4c89 | 5c24 20c5 | fa10 4c24 | 38c5 f828 
  0x0000020ebd2d5200: c1c5 fa11 | 4424 2c90 

  0x0000020ebd2d5208: ;   {runtime_call UncommonTrapBlob}
  0x0000020ebd2d5208: c5f8 77e8 

  0x0000020ebd2d520c: ; ImmutableOopMap {[32]=Oop [48]=NarrowOop [72]=Oop }
                      ;*invokevirtual size {reexecute=0 rethrow=0 return_oop=0}
                      ; - com.jme3.renderer.RenderManager::render@44 (line 1147)
                      ; - com.jme3.app.SimpleApplication::update@197 (line 272)
                      ; - com.jme3.system.lwjgl.LwjglWindow::runLoop@37 (line 530)
  0x0000020ebd2d520c: 50f1 62ff 

  0x0000020ebd2d5210: ;   {other}
  0x0000020ebd2d5210: 0f1f 8400 | 8866 00f1 | baf6 ffff | ff4c 8b5c | 2428 4c89 | 5c24 20c5 | fa10 4c24 | 38c5 f828 
  0x0000020ebd2d5230: c1c5 fa11 | 4424 2c90 

  0x0000020ebd2d5238: ;   {runtime_call UncommonTrapBlob}
  0x0000020ebd2d5238: c5f8 77e8 

  0x0000020ebd2d523c: ; ImmutableOopMap {[32]=Oop [48]=NarrowOop [72]=Oop }
                      ;*invokevirtual size {reexecute=0 rethrow=0 return_oop=0}
                      ; - com.jme3.renderer.RenderManager::render@114 (line 1155)
                      ; - com.jme3.app.SimpleApplication::update@197 (line 272)
                      ; - com.jme3.system.lwjgl.LwjglWindow::runLoop@37 (line 530)
  0x0000020ebd2d523c: 20f1 62ff 

  0x0000020ebd2d5240: ;   {other}
  0x0000020ebd2d5240: 0f1f 8400 | b866 00f2 | baf6 ffff | ff4c 8b5c | 2428 4c89 | 5c24 20c5 | fa10 4424 | 38c5 fa11 
  0x0000020ebd2d5260: 4424 2c44 | 8954 2430 

  0x0000020ebd2d5268: ;   {runtime_call UncommonTrapBlob}
  0x0000020ebd2d5268: c5f8 77e8 

  0x0000020ebd2d526c: ; ImmutableOopMap {[32]=Oop [48]=NarrowOop [72]=Oop }
                      ;*invokevirtual size {reexecute=0 rethrow=0 return_oop=0}
                      ; - com.jme3.renderer.RenderManager::render@184 (line 1163)
                      ; - com.jme3.app.SimpleApplication::update@197 (line 272)
                      ; - com.jme3.system.lwjgl.LwjglWindow::runLoop@37 (line 530)
  0x0000020ebd2d526c: f0f0 62ff 

  0x0000020ebd2d5270: ;   {other}
  0x0000020ebd2d5270: 0f1f 8400 | e866 00f3 | baf6 ffff | ff4c 8b44 | 2428 4c89 | 4424 20c5 | fa10 4424 | 38c5 fa11 
  0x0000020ebd2d5290: 4424 2c44 | 8954 2430 | 448b 5424 | 3c44 8954 | 2434 4489 | 5c24 3c90 

  0x0000020ebd2d52a8: ;   {runtime_call UncommonTrapBlob}
  0x0000020ebd2d52a8: c5f8 77e8 

  0x0000020ebd2d52ac: ; ImmutableOopMap {[32]=Oop [48]=NarrowOop [72]=Oop }
                      ;*invokevirtual get {reexecute=0 rethrow=0 return_oop=0}
                      ; - com.jme3.renderer.RenderManager::render@195 (line 1164)
                      ; - com.jme3.app.SimpleApplication::update@197 (line 272)
                      ; - com.jme3.system.lwjgl.LwjglWindow::runLoop@37 (line 530)
  0x0000020ebd2d52ac: b0f0 62ff 

  0x0000020ebd2d52b0: ;   {other}
  0x0000020ebd2d52b0: 0f1f 8400 | 2867 00f4 | baf6 ffff | ff48 8b6c | 2448 4c8b | 4424 284c | 8944 2420 | c5fa 104c 
  0x0000020ebd2d52d0: 2438 c5f8 | 28c1 c5fa | 1144 242c | 4489 5424 | 3044 8b44 | 243c 4489 | 4424 3444 | 895c 2438 
  0x0000020ebd2d52f0: 895c 2444 | 4489 4c24 | 4844 894c | 244c 6690 

  0x0000020ebd2d5300: ;   {runtime_call UncommonTrapBlob}
  0x0000020ebd2d5300: c5f8 77e8 

  0x0000020ebd2d5304: ; ImmutableOopMap {rbp=Oop [32]=Oop [48]=NarrowOop [68]=NarrowOop }
                      ;*aaload {reexecute=0 rethrow=0 return_oop=0}
                      ; - java.util.ArrayList::elementData@5 (line 412)
                      ; - java.util.ArrayList::get@11 (line 429)
                      ; - com.jme3.renderer.RenderManager::render@195 (line 1164)
                      ; - com.jme3.app.SimpleApplication::update@197 (line 272)
                      ; - com.jme3.system.lwjgl.LwjglWindow::runLoop@37 (line 530)
  0x0000020ebd2d5304: 58f0 62ff 

  0x0000020ebd2d5308: ;   {other}
  0x0000020ebd2d5308: 0f1f 8400 | 8067 00f5 | baf4 ffff | ff4c 8b5c | 2428 4c89 | 5c24 20c5 | fa10 4c24 | 38c5 f828 
  0x0000020ebd2d5328: c1c5 fa11 | 4424 2c44 | 8954 2430 | 4489 4c24 | 3866 6690 

  0x0000020ebd2d533c: ;   {runtime_call UncommonTrapBlob}
  0x0000020ebd2d533c: c5f8 77e8 

  0x0000020ebd2d5340: ; ImmutableOopMap {[32]=Oop [48]=NarrowOop [72]=Oop }
                      ;*checkcast {reexecute=0 rethrow=0 return_oop=0}
                      ; - com.jme3.renderer.RenderManager::render@198 (line 1164)
                      ; - com.jme3.app.SimpleApplication::update@197 (line 272)
                      ; - com.jme3.system.lwjgl.LwjglWindow::runLoop@37 (line 530)
  0x0000020ebd2d5340: 1cf0 62ff 

  0x0000020ebd2d5344: ;   {other}
  0x0000020ebd2d5344: 0f1f 8400 | bc67 00f6 | baf6 ffff | ff48 897c | 2420 6690 

  0x0000020ebd2d5358: ;   {runtime_call UncommonTrapBlob}
  0x0000020ebd2d5358: c5f8 77e8 

  0x0000020ebd2d535c: ; ImmutableOopMap {[32]=Oop [72]=Oop }
                      ;*invokevirtual postRender {reexecute=0 rethrow=0 return_oop=0}
                      ; - com.jme3.app.SimpleApplication::update@212 (line 274)
                      ; - com.jme3.system.lwjgl.LwjglWindow::runLoop@37 (line 530)
  0x0000020ebd2d535c: 00f0 62ff 

  0x0000020ebd2d5360: ;   {other}
  0x0000020ebd2d5360: 0f1f 8400 | d867 00f7 | baf6 ffff | ff48 897c | 2420 c5fa | 104c 2438 | c5fa 114c | 2428 8974 
  0x0000020ebd2d5380: 2430 4489 | 5c24 3890 

  0x0000020ebd2d5388: ;   {runtime_call UncommonTrapBlob}
  0x0000020ebd2d5388: c5f8 77e8 

  0x0000020ebd2d538c: ; ImmutableOopMap {[32]=Oop [48]=NarrowOop [56]=NarrowOop [72]=Oop }
                      ;*invokevirtual getArray {reexecute=0 rethrow=0 return_oop=0}
                      ; - com.jme3.app.state.AppStateManager::getStates@11 (line 127)
                      ; - com.jme3.app.state.AppStateManager::postRender@1 (line 378)
                      ; - com.jme3.app.SimpleApplication::update@212 (line 274)
                      ; - com.jme3.system.lwjgl.LwjglWindow::runLoop@37 (line 530)
  0x0000020ebd2d538c: d0ef 62ff 

  0x0000020ebd2d5390: ;   {other}
  0x0000020ebd2d5390: 0f1f 8400 | 0868 00f8 | baf6 ffff | ff4c 8b44 | 2428 4c89 | 4424 20c5 | fa10 4424 | 34c5 fa11 
  0x0000020ebd2d53b0: 4424 2c44 | 8954 2430 | 448b 5424 | 3c44 8954 | 2434 4489 | 5c24 3c90 

  0x0000020ebd2d53c8: ;   {runtime_call UncommonTrapBlob}
  0x0000020ebd2d53c8: c5f8 77e8 

  0x0000020ebd2d53cc: ; ImmutableOopMap {[32]=Oop [48]=NarrowOop [64]=Oop [72]=Oop }
                      ;*invokevirtual size {reexecute=0 rethrow=0 return_oop=0}
                      ; - com.jme3.renderer.RenderManager::render@184 (line 1163)
                      ; - com.jme3.app.SimpleApplication::update@197 (line 272)
                      ; - com.jme3.system.lwjgl.LwjglWindow::runLoop@37 (line 530)
  0x0000020ebd2d53cc: 90ef 62ff 

  0x0000020ebd2d53d0: ;   {other}
  0x0000020ebd2d53d0: 0f1f 8400 | 4868 00f9 | baf6 ffff | ff66 6690 

  0x0000020ebd2d53e0: ;   {runtime_call UncommonTrapBlob}
  0x0000020ebd2d53e0: c5f8 77e8 

  0x0000020ebd2d53e4: ; ImmutableOopMap {[72]=Oop }
                      ;*invokevirtual get {reexecute=0 rethrow=0 return_oop=0}
                      ; - com.jme3.system.lwjgl.LwjglWindow::runLoop@46 (line 535)
  0x0000020ebd2d53e4: 78ef 62ff 

  0x0000020ebd2d53e8: ;   {other}
  0x0000020ebd2d53e8: 0f1f 8400 | 6068 00fa | baf6 ffff | ff4c 8954 | 2428 6690 

  0x0000020ebd2d53fc: ;   {runtime_call UncommonTrapBlob}
  0x0000020ebd2d53fc: c5f8 77e8 

  0x0000020ebd2d5400: ; ImmutableOopMap {[40]=Oop [72]=Oop }
                      ;*invokevirtual deleteUnused {reexecute=0 rethrow=0 return_oop=0}
                      ; - com.jme3.renderer.opengl.GLRenderer::postFrame@5 (line 1117)
                      ; - com.jme3.system.lwjgl.LwjglWindow::runLoop@100 (line 549)
  0x0000020ebd2d5400: 5cef 62ff 

  0x0000020ebd2d5404: ;   {other}
  0x0000020ebd2d5404: 0f1f 8400 | 7c68 00fb | baf6 ffff | ff89 5c24 | 284c 8954 | 2430 6690 

  0x0000020ebd2d541c: ;   {runtime_call UncommonTrapBlob}
  0x0000020ebd2d541c: c5f8 77e8 

  0x0000020ebd2d5420: ; ImmutableOopMap {[40]=NarrowOop [48]=Oop [72]=Oop }
                      ;*invokevirtual isEmpty {reexecute=0 rethrow=0 return_oop=0}
                      ; - com.jme3.util.NativeObjectManager::deleteUnused@12 (line 175)
                      ; - com.jme3.renderer.opengl.GLRenderer::postFrame@5 (line 1117)
                      ; - com.jme3.system.lwjgl.LwjglWindow::runLoop@100 (line 549)
  0x0000020ebd2d5420: 3cef 62ff 

  0x0000020ebd2d5424: ;   {other}
  0x0000020ebd2d5424: 0f1f 8400 | 9c68 00fc | baf6 ffff | ff89 5c24 | 284c 8954 | 2430 6690 

  0x0000020ebd2d543c: ;   {runtime_call UncommonTrapBlob}
  0x0000020ebd2d543c: c5f8 77e8 

  0x0000020ebd2d5440: ; ImmutableOopMap {[40]=NarrowOop [48]=Oop [72]=Oop }
                      ;*invokevirtual poll {reexecute=0 rethrow=0 return_oop=0}
                      ; - com.jme3.util.NativeObjectManager::deleteUnused@54 (line 183)
                      ; - com.jme3.renderer.opengl.GLRenderer::postFrame@5 (line 1117)
                      ; - com.jme3.system.lwjgl.LwjglWindow::runLoop@100 (line 549)
  0x0000020ebd2d5440: 1cef 62ff 

  0x0000020ebd2d5444: ;   {other}
  0x0000020ebd2d5444: 0f1f 8400 | bc68 00fd | baf6 ffff | ff4c 8954 | 2420 6690 

  0x0000020ebd2d5458: ;   {runtime_call UncommonTrapBlob}
  0x0000020ebd2d5458: c5f8 77e8 

  0x0000020ebd2d545c: ; ImmutableOopMap {[32]=Oop [72]=Oop }
                      ;*invokevirtual isEmpty {reexecute=0 rethrow=0 return_oop=0}
                      ; - com.jme3.opencl.OpenCLObjectManager::deleteUnusedObjects@4 (line 83)
                      ; - com.jme3.renderer.opengl.GLRenderer::postFrame@11 (line 1118)
                      ; - com.jme3.system.lwjgl.LwjglWindow::runLoop@100 (line 549)
  0x0000020ebd2d545c: 00ef 62ff 

  0x0000020ebd2d5460: ;   {other}
  0x0000020ebd2d5460: 0f1f 8400 | d868 00fe | baf6 ffff | ff4c 8954 | 2428 6690 

  0x0000020ebd2d5474: ;   {runtime_call UncommonTrapBlob}
  0x0000020ebd2d5474: c5f8 77e8 

  0x0000020ebd2d5478: ; ImmutableOopMap {rbp=NarrowOop [40]=Oop [72]=Oop }
                      ;*invokevirtual isEmpty {reexecute=0 rethrow=0 return_oop=0}
                      ; - java.util.HashSet::isEmpty@4 (line 201)
                      ; - com.jme3.opencl.OpenCLObjectManager::deleteUnusedObjects@4 (line 83)
                      ; - com.jme3.renderer.opengl.GLRenderer::postFrame@11 (line 1118)
                      ; - com.jme3.system.lwjgl.LwjglWindow::runLoop@100 (line 549)
  0x0000020ebd2d5478: e4ee 62ff 

  0x0000020ebd2d547c: ;   {other}
  0x0000020ebd2d547c: 0f1f 8400 | f468 00ff | baf6 ffff | ff4c 8954 | 2420 6690 

  0x0000020ebd2d5490: ;   {runtime_call UncommonTrapBlob}
  0x0000020ebd2d5490: c5f8 77e8 

  0x0000020ebd2d5494: ; ImmutableOopMap {[32]=Oop [72]=Oop }
                      ;*getfield levelValue {reexecute=1 rethrow=0 return_oop=0}
                      ; - (reexecute) java.util.logging.Logger::isLoggable@4 (line 2036)
                      ; - java.util.logging.Logger::log@2 (line 1029)
                      ; - com.jme3.opencl.OpenCLObjectManager::deleteUnusedObjects@18 (line 84)
                      ; - com.jme3.renderer.opengl.GLRenderer::postFrame@11 (line 1118)
                      ; - com.jme3.system.lwjgl.LwjglWindow::runLoop@100 (line 549)
  0x0000020ebd2d5494: c8ee 62ff 

  0x0000020ebd2d5498: ;   {other}
  0x0000020ebd2d5498: 0f1f 8400 | 0000 0000 | baf6 ffff | ff4c 8954 | 2420 6690 

  0x0000020ebd2d54ac: ;   {runtime_call UncommonTrapBlob}
  0x0000020ebd2d54ac: c5f8 77e8 

  0x0000020ebd2d54b0: ; ImmutableOopMap {[32]=Oop [72]=Oop }
                      ;*invokeinterface resetStats {reexecute=0 rethrow=0 return_oop=0}
                      ; - com.jme3.renderer.opengl.GLRenderer::postFrame@18 (line 1119)
                      ; - com.jme3.system.lwjgl.LwjglWindow::runLoop@100 (line 549)
  0x0000020ebd2d54b0: acee 62ff 

  0x0000020ebd2d54b4: ;   {other}
  0x0000020ebd2d54b4: 0f1f 8400 | 0000 0000 | baf6 ffff | ff44 895c | 2420 6690 

  0x0000020ebd2d54c8: ;   {runtime_call UncommonTrapBlob}
  0x0000020ebd2d54c8: c5f8 77e8 

  0x0000020ebd2d54cc: ; ImmutableOopMap {[72]=Oop }
                      ;*invokevirtual getFrameRate {reexecute=0 rethrow=0 return_oop=0}
                      ; - com.jme3.system.lwjgl.LwjglWindow::runLoop@120 (line 553)
  0x0000020ebd2d54cc: 90ee 62ff 

  0x0000020ebd2d54d0: ;   {other}
  0x0000020ebd2d54d0: 0f1f 8400 | 0000 0000 | baf4 ffff | ff48 8b6c | 2448 48ff | 7424 5048 | 8f44 2428 | c5fa 1044 
  0x0000020ebd2d54f0: 2438 c5fa | 1144 2434 | 488b 7c24 | 4048 897c | 2438 4489 | 5424 4048 | 895c 2448 | 8974 2444 
  0x0000020ebd2d5510: 4489 4424 | 5044 895c | 2454 894c | 2458 4489 | 4c24 5c90 

  0x0000020ebd2d5524: ;   {runtime_call UncommonTrapBlob}
  0x0000020ebd2d5524: c5f8 77e8 

  0x0000020ebd2d5528: ; ImmutableOopMap {rbp=Oop [40]=Oop [64]=NarrowOop [72]=Oop [88]=NarrowOop [92]=NarrowOop }
                      ;*checkcast {reexecute=0 rethrow=0 return_oop=0}
                      ; - com.jme3.input.InputManager::invokeUpdateActions@36 (line 213)
                      ; - com.jme3.input.InputManager::update@106 (line 918)
                      ; - com.jme3.app.LegacyApplication::update@91 (line 724)
                      ; - com.jme3.app.SimpleApplication::update@20 (line 246)
                      ; - com.jme3.system.lwjgl.LwjglWindow::runLoop@37 (line 530)
  0x0000020ebd2d5528: 34ee 62ff 

  0x0000020ebd2d552c: ;   {other}
  0x0000020ebd2d552c: 0f1f 8400 | 0000 0000 | ba45 ffff | ff48 8b6c | 2448 48ff | 7424 5048 | 8f44 2420 | 4889 5c24 
  0x0000020ebd2d554c: 3844 895c | 2444 48ff | 7424 5848 | 8f44 2448 | 4489 5c24 | 5048 8944 | 24f8 8b44 | 2464 8944 
  0x0000020ebd2d556c: 2454 488b | 4424 f890 

  0x0000020ebd2d5574: ;   {runtime_call UncommonTrapBlob}
  0x0000020ebd2d5574: c5f8 77e8 

  0x0000020ebd2d5578: ; ImmutableOopMap {rbp=Oop [32]=Oop [56]=Oop [68]=NarrowOop [72]=Oop [80]=NarrowOop [84]=NarrowOop }
                      ;*ifnull {reexecute=1 rethrow=0 return_oop=0}
                      ; - (reexecute) java.lang.ThreadLocal::set@7 (line 264)
                      ; - java.lang.ThreadLocal::set@5 (line 251)
                      ; - com.jme3.audio.AudioContext::setAudioRenderer@4 (line 44)
                      ; - com.jme3.app.LegacyApplication::update@4 (line 712)
                      ; - com.jme3.app.SimpleApplication::update@20 (line 246)
                      ; - com.jme3.system.lwjgl.LwjglWindow::runLoop@37 (line 530)
  0x0000020ebd2d5578: e4ed 62ff 

  0x0000020ebd2d557c: ;   {other}
  0x0000020ebd2d557c: 0f1f 8400 | 0000 0000 | ba45 ffff | ff44 8954 | 2430 6690 

  0x0000020ebd2d5590: ;   {runtime_call UncommonTrapBlob}
  0x0000020ebd2d5590: c5f8 77e8 

  0x0000020ebd2d5594: ; ImmutableOopMap {[48]=NarrowOop [72]=Oop [80]=Oop }
                      ;*ifnull {reexecute=1 rethrow=0 return_oop=0}
                      ; - (reexecute) com.jme3.app.LegacyApplication::update@98 (line 727)
                      ; - com.jme3.app.SimpleApplication::update@20 (line 246)
                      ; - com.jme3.system.lwjgl.LwjglWindow::runLoop@37 (line 530)
  0x0000020ebd2d5594: c8ed 62ff 

  0x0000020ebd2d5598: ;   {other}
  0x0000020ebd2d5598: 0f1f 8400 | 0000 0000 | ba45 ffff | ff66 6690 

  0x0000020ebd2d55a8: ;   {runtime_call UncommonTrapBlob}
  0x0000020ebd2d55a8: c5f8 77e8 

  0x0000020ebd2d55ac: ; ImmutableOopMap {rbp=NarrowOop [72]=Oop }
                      ;*ifnull {reexecute=1 rethrow=0 return_oop=0}
                      ; - (reexecute) com.jme3.system.lwjgl.LwjglWindow::runLoop@93 (line 548)
  0x0000020ebd2d55ac: b0ed 62ff 

  0x0000020ebd2d55b0: ;   {other}
  0x0000020ebd2d55b0: 0f1f 8400 | 0000 0000 | baf6 ffff | ff48 8b6c | 2448 48ff | 7424 5048 | 8f44 2428 | c5fa 104c 
  0x0000020ebd2d55d0: 2438 c5fa | 114c 2434 | 488b 4c24 | 4048 894c | 2438 4489 | 5424 4044 | 8944 2448 | 4489 5c24 
  0x0000020ebd2d55f0: 4c89 5c24 | 5044 894c | 2454 6690 

  0x0000020ebd2d55fc: ;   {runtime_call UncommonTrapBlob}
  0x0000020ebd2d55fc: c5f8 77e8 

  0x0000020ebd2d5600: ; ImmutableOopMap {rbp=Oop [40]=Oop [64]=NarrowOop [80]=NarrowOop [84]=NarrowOop }
                      ;*aaload {reexecute=0 rethrow=0 return_oop=0}
                      ; - com.jme3.util.IntMap$IntMapIterator::next@78 (line 278)
                      ; - com.jme3.util.IntMap$IntMapIterator::next@1 (line 228)
                      ; - com.jme3.input.InputManager::invokeUpdateActions@18 (line 210)
                      ; - com.jme3.input.InputManager::update@106 (line 918)
                      ; - com.jme3.app.LegacyApplication::update@91 (line 724)
                      ; - com.jme3.app.SimpleApplication::update@20 (line 246)
                      ; - com.jme3.system.lwjgl.LwjglWindow::runLoop@37 (line 530)
  0x0000020ebd2d5600: 5ced 62ff 

  0x0000020ebd2d5604: ;   {other}
  0x0000020ebd2d5604: 0f1f 8400 | 0000 0000 | 488b e8eb | 0848 8be8 | eb03 488b | e8ba 9dff | ffff c5fa | 1044 2438 
  0x0000020ebd2d5624: c5fa 1144 | 2430 6690 

  0x0000020ebd2d562c: ;   {runtime_call UncommonTrapBlob}
  0x0000020ebd2d562c: c5f8 77e8 

  0x0000020ebd2d5630: ; ImmutableOopMap {rbp=Oop [40]=Oop [52]=NarrowOop [60]=NarrowOop [64]=NarrowOop [72]=Oop }
                      ;*astore_2 {reexecute=0 rethrow=0 return_oop=0}
                      ; - com.jme3.app.state.AppStateManager::getStates@20 (line 128)
                      ; - com.jme3.app.state.AppStateManager::render@1 (line 366)
                      ; - com.jme3.app.SimpleApplication::update@161 (line 269)
                      ; - com.jme3.system.lwjgl.LwjglWindow::runLoop@37 (line 530)
  0x0000020ebd2d5630: 2ced 62ff 

  0x0000020ebd2d5634: ;   {other}
  0x0000020ebd2d5634: 0f1f 8400 | 0000 0000 | 488b e8eb | 0848 8be8 | eb03 488b | e8ba 9dff | ffff c5fa | 1044 2438 
  0x0000020ebd2d5654: c5fa 1144 | 2430 6690 

  0x0000020ebd2d565c: ;   {runtime_call UncommonTrapBlob}
  0x0000020ebd2d565c: c5f8 77e8 

  0x0000020ebd2d5660: ; ImmutableOopMap {rbp=Oop [40]=Oop [52]=NarrowOop [60]=NarrowOop [72]=Oop }
                      ;*astore_2 {reexecute=0 rethrow=0 return_oop=0}
                      ; - com.jme3.app.state.AppStateManager::getStates@20 (line 128)
                      ; - com.jme3.app.state.AppStateManager::postRender@1 (line 378)
                      ; - com.jme3.app.SimpleApplication::update@212 (line 274)
                      ; - com.jme3.system.lwjgl.LwjglWindow::runLoop@37 (line 530)
  0x0000020ebd2d5660: fcec 62ff 

  0x0000020ebd2d5664: ;   {other}
  0x0000020ebd2d5664: 0f1f 8400 | 0000 0000 | baf4 ffff | ff48 ff74 | 2428 488f | 4424 20c5 | fa10 4424 | 30c5 fa11 
  0x0000020ebd2d5684: 4424 2c90 

  0x0000020ebd2d5688: ;   {runtime_call UncommonTrapBlob}
  0x0000020ebd2d5688: c5f8 77e8 

  0x0000020ebd2d568c: ; ImmutableOopMap {[32]=Oop [64]=Oop [72]=Oop }
                      ;*checkcast {reexecute=0 rethrow=0 return_oop=0}
                      ; - com.jme3.scene.Node::updateLogicalState@20 (line 241)
                      ; - com.jme3.app.SimpleApplication::update@109 (line 261)
                      ; - com.jme3.system.lwjgl.LwjglWindow::runLoop@37 (line 530)
  0x0000020ebd2d568c: d0ec 62ff 

  0x0000020ebd2d5690: ;   {other}
  0x0000020ebd2d5690: 0f1f 8400 | 0000 0000 | baf4 ffff | ff48 ff74 | 2428 488f | 4424 20c5 | fa10 4424 | 30c5 fa11 
  0x0000020ebd2d56b0: 4424 2c90 

  0x0000020ebd2d56b4: ;   {runtime_call UncommonTrapBlob}
  0x0000020ebd2d56b4: c5f8 77e8 

  0x0000020ebd2d56b8: ; ImmutableOopMap {[32]=Oop [64]=Oop [72]=Oop }
                      ;*checkcast {reexecute=0 rethrow=0 return_oop=0}
                      ; - com.jme3.scene.Node::updateLogicalState@20 (line 241)
                      ; - com.jme3.app.SimpleApplication::update@117 (line 262)
                      ; - com.jme3.system.lwjgl.LwjglWindow::runLoop@37 (line 530)
  0x0000020ebd2d56b8: a4ec 62ff 

  0x0000020ebd2d56bc: ;   {other}
  0x0000020ebd2d56bc: 0f1f 8400 | 0000 0000 | baf6 ffff | ff48 8b6c | 2448 4489 | 5424 30c5 | fa10 4c24 | 38c5 fa11 
  0x0000020ebd2d56dc: 4c24 3448 | 8944 2438 | 4c89 5c24 | 4044 8944 | 2448 6690 

  0x0000020ebd2d56f0: ;   {runtime_call UncommonTrapBlob}
  0x0000020ebd2d56f0: c5f8 77e8 

  0x0000020ebd2d56f4: ; ImmutableOopMap {rbp=Oop [48]=NarrowOop [64]=Oop [72]=NarrowOop [80]=Oop }
                      ;*invokeinterface poll {reexecute=0 rethrow=0 return_oop=0}
                      ; - com.jme3.input.lwjgl.GlfwMouseInput::update@122 (line 298)
                      ; - com.jme3.input.InputManager::update@59 (line 907)
                      ; - com.jme3.app.LegacyApplication::update@91 (line 724)
                      ; - com.jme3.app.SimpleApplication::update@20 (line 246)
                      ; - com.jme3.system.lwjgl.LwjglWindow::runLoop@37 (line 530)
  0x0000020ebd2d56f4: 68ec 62ff 

  0x0000020ebd2d56f8: ;   {other}
  0x0000020ebd2d56f8: 0f1f 8400 | 0000 0000 | baf6 ffff | ff48 8b6c | 2448 48ff | 7424 5048 | 8f44 2428 | 4489 5424 
  0x0000020ebd2d5718: 30c5 fa10 | 4c24 38c5 | fa11 4c24 | 3448 8944 | 2438 4c89 | 5c24 4044 | 8944 2448 | 4889 4c24 
  0x0000020ebd2d5738: 5889 7424 | 4c44 894c | 2464 4489 | 4c24 6890 

  0x0000020ebd2d5748: ;   {runtime_call UncommonTrapBlob}
  0x0000020ebd2d5748: c5f8 77e8 

  0x0000020ebd2d574c: ; ImmutableOopMap {rbp=Oop [40]=Oop [48]=NarrowOop [64]=Oop [72]=NarrowOop [76]=NarrowOop [88]=Oop }
                      ;*aaload {reexecute=0 rethrow=0 return_oop=0}
                      ; - java.util.ArrayDeque::elementAt@2 (line 259)
                      ; - java.util.ArrayDeque::pollFirst@12 (line 379)
                      ; - java.util.ArrayDeque::poll@1 (line 537)
                      ; - com.jme3.input.lwjgl.GlfwMouseInput::update@122 (line 298)
                      ; - com.jme3.input.InputManager::update@59 (line 907)
                      ; - com.jme3.app.LegacyApplication::update@91 (line 724)
                      ; - com.jme3.app.SimpleApplication::update@20 (line 246)
                      ; - com.jme3.system.lwjgl.LwjglWindow::runLoop@37 (line 530)
  0x0000020ebd2d574c: 10ec 62ff 

  0x0000020ebd2d5750: ;   {other}
  0x0000020ebd2d5750: 0f1f 8400 | 0000 0000 | baf6 ffff | ff48 8b6c | 2448 4489 | 5424 30c5 | fa10 4c24 | 38c5 fa11 
  0x0000020ebd2d5770: 4c24 3448 | 8944 2438 | 4c89 5c24 | 4044 8944 | 2448 6690 

  0x0000020ebd2d5784: ;   {runtime_call UncommonTrapBlob}
  0x0000020ebd2d5784: c5f8 77e8 

  0x0000020ebd2d5788: ; ImmutableOopMap {rbp=Oop [48]=NarrowOop [64]=Oop [72]=NarrowOop [80]=Oop }
                      ;*invokeinterface poll {reexecute=0 rethrow=0 return_oop=0}
                      ; - com.jme3.input.lwjgl.GlfwKeyInput::update@31 (line 161)
                      ; - com.jme3.input.InputManager::update@50 (line 906)
                      ; - com.jme3.app.LegacyApplication::update@91 (line 724)
                      ; - com.jme3.app.SimpleApplication::update@20 (line 246)
                      ; - com.jme3.system.lwjgl.LwjglWindow::runLoop@37 (line 530)
  0x0000020ebd2d5788: d4eb 62ff 

  0x0000020ebd2d578c: ;   {other}
  0x0000020ebd2d578c: 0f1f 8400 | 0000 0000 | baf4 ffff | ff48 8b6c | 2448 4489 | 5424 30c5 | fa10 4c24 | 38c5 fa11 
  0x0000020ebd2d57ac: 4c24 3448 | 8944 2438 | 4c89 5c24 | 4044 8944 | 2448 6690 

  0x0000020ebd2d57c0: ;   {runtime_call UncommonTrapBlob}
  0x0000020ebd2d57c0: c5f8 77e8 

  0x0000020ebd2d57c4: ; ImmutableOopMap {rbp=Oop [48]=NarrowOop [64]=Oop [72]=NarrowOop [80]=Oop }
                      ;*checkcast {reexecute=0 rethrow=0 return_oop=0}
                      ; - com.jme3.input.lwjgl.GlfwMouseInput::update@127 (line 298)
                      ; - com.jme3.input.InputManager::update@59 (line 907)
                      ; - com.jme3.app.LegacyApplication::update@91 (line 724)
                      ; - com.jme3.app.SimpleApplication::update@20 (line 246)
                      ; - com.jme3.system.lwjgl.LwjglWindow::runLoop@37 (line 530)
  0x0000020ebd2d57c4: 98eb 62ff 

  0x0000020ebd2d57c8: ;   {other}
  0x0000020ebd2d57c8: 0f1f 8400 | 0000 0000 | baf6 ffff | ff48 8b6c | 2448 4489 | 5424 30c5 | fa10 4424 | 38c5 fa11 
  0x0000020ebd2d57e8: 4424 3448 | 8944 2438 | 4c89 5c24 | 4048 894c | 2448 6690 

  0x0000020ebd2d57fc: ;   {runtime_call UncommonTrapBlob}
  0x0000020ebd2d57fc: c5f8 77e8 

  0x0000020ebd2d5800: ; ImmutableOopMap {rbp=Oop [48]=NarrowOop [64]=Oop [72]=Oop [80]=Oop }
                      ;*invokeinterface onMouseMotionEvent {reexecute=0 rethrow=0 return_oop=0}
                      ; - com.jme3.input.lwjgl.GlfwMouseInput::update@130 (line 298)
                      ; - com.jme3.input.InputManager::update@59 (line 907)
                      ; - com.jme3.app.LegacyApplication::update@91 (line 724)
                      ; - com.jme3.app.SimpleApplication::update@20 (line 246)
                      ; - com.jme3.system.lwjgl.LwjglWindow::runLoop@37 (line 530)
  0x0000020ebd2d5800: 5ceb 62ff 

  0x0000020ebd2d5804: ;   {other}
  0x0000020ebd2d5804: 0f1f 8400 | 0000 0000 | baf6 ffff | ff48 8b6c | 2448 48ff | 7424 5048 | 8f44 2428 | 4489 5424 
  0x0000020ebd2d5824: 30c5 fa10 | 4c24 38c5 | fa11 4c24 | 3448 8944 | 2438 4c89 | 5c24 4044 | 8944 2448 | 4889 4c24 
  0x0000020ebd2d5844: 5889 7c24 | 4c44 894c | 2464 4489 | 4c24 6890 

  0x0000020ebd2d5854: ;   {runtime_call UncommonTrapBlob}
  0x0000020ebd2d5854: c5f8 77e8 

  0x0000020ebd2d5858: ; ImmutableOopMap {rbp=Oop [40]=Oop [48]=NarrowOop [64]=Oop [72]=NarrowOop [76]=NarrowOop [88]=Oop }
                      ;*aaload {reexecute=0 rethrow=0 return_oop=0}
                      ; - java.util.ArrayDeque::elementAt@2 (line 259)
                      ; - java.util.ArrayDeque::pollFirst@12 (line 379)
                      ; - java.util.ArrayDeque::poll@1 (line 537)
                      ; - com.jme3.input.lwjgl.GlfwKeyInput::update@31 (line 161)
                      ; - com.jme3.input.InputManager::update@50 (line 906)
                      ; - com.jme3.app.LegacyApplication::update@91 (line 724)
                      ; - com.jme3.app.SimpleApplication::update@20 (line 246)
                      ; - com.jme3.system.lwjgl.LwjglWindow::runLoop@37 (line 530)
  0x0000020ebd2d5858: 04eb 62ff 

  0x0000020ebd2d585c: ;   {other}
  0x0000020ebd2d585c: 0f1f 8400 | 0000 0000 | baf4 ffff | ff48 8b6c | 2448 4489 | 5424 30c5 | fa10 4c24 | 38c5 fa11 
  0x0000020ebd2d587c: 4c24 3448 | 8944 2438 | 4c89 5c24 | 4044 8944 | 2448 6690 

  0x0000020ebd2d5890: ;   {runtime_call UncommonTrapBlob}
  0x0000020ebd2d5890: c5f8 77e8 

  0x0000020ebd2d5894: ; ImmutableOopMap {rbp=Oop [48]=NarrowOop [64]=Oop [72]=NarrowOop [80]=Oop }
                      ;*checkcast {reexecute=0 rethrow=0 return_oop=0}
                      ; - com.jme3.input.lwjgl.GlfwKeyInput::update@36 (line 161)
                      ; - com.jme3.input.InputManager::update@50 (line 906)
                      ; - com.jme3.app.LegacyApplication::update@91 (line 724)
                      ; - com.jme3.app.SimpleApplication::update@20 (line 246)
                      ; - com.jme3.system.lwjgl.LwjglWindow::runLoop@37 (line 530)
  0x0000020ebd2d5894: c8ea 62ff 

  0x0000020ebd2d5898: ;   {other}
  0x0000020ebd2d5898: 0f1f 8400 | 0000 0000 | baf6 ffff | ff48 8b6c | 2448 4489 | 5424 30c5 | fa10 4424 | 38c5 fa11 
  0x0000020ebd2d58b8: 4424 3448 | 8944 2438 | 4c89 5c24 | 404c 894c | 2448 6690 

  0x0000020ebd2d58cc: ;   {runtime_call UncommonTrapBlob}
  0x0000020ebd2d58cc: c5f8 77e8 

  0x0000020ebd2d58d0: ; ImmutableOopMap {rbp=Oop [48]=NarrowOop [64]=Oop [72]=Oop [80]=Oop }
                      ;*invokeinterface onKeyEvent {reexecute=0 rethrow=0 return_oop=0}
                      ; - com.jme3.input.lwjgl.GlfwKeyInput::update@39 (line 161)
                      ; - com.jme3.input.InputManager::update@50 (line 906)
                      ; - com.jme3.app.LegacyApplication::update@91 (line 724)
                      ; - com.jme3.app.SimpleApplication::update@20 (line 246)
                      ; - com.jme3.system.lwjgl.LwjglWindow::runLoop@37 (line 530)
  0x0000020ebd2d58d0: 8cea 62ff 

  0x0000020ebd2d58d4: ;   {other}
  0x0000020ebd2d58d4: 0f1f 8400 | 0000 0000 | baf6 ffff | ff48 8b6c | 2448 4489 | 5424 30c5 | fa10 4424 | 38c5 fa11 
  0x0000020ebd2d58f4: 4424 3448 | 8944 2438 | 4c89 5c24 | 4044 8944 | 2448 6690 

  0x0000020ebd2d5908: ;   {runtime_call UncommonTrapBlob}
  0x0000020ebd2d5908: c5f8 77e8 

  0x0000020ebd2d590c: ; ImmutableOopMap {rbp=Oop [48]=NarrowOop [64]=Oop [72]=NarrowOop [80]=Oop }
                      ;*invokeinterface poll {reexecute=0 rethrow=0 return_oop=0}
                      ; - com.jme3.input.lwjgl.GlfwMouseInput::update@158 (line 302)
                      ; - com.jme3.input.InputManager::update@59 (line 907)
                      ; - com.jme3.app.LegacyApplication::update@91 (line 724)
                      ; - com.jme3.app.SimpleApplication::update@20 (line 246)
                      ; - com.jme3.system.lwjgl.LwjglWindow::runLoop@37 (line 530)
  0x0000020ebd2d590c: 50ea 62ff 

  0x0000020ebd2d5910: ;   {other}
  0x0000020ebd2d5910: 0f1f 8400 | 0000 0000 | baf6 ffff | ff48 8b6c | 2448 48ff | 7424 5048 | 8f44 2428 | 4489 5424 
  0x0000020ebd2d5930: 30c5 fa10 | 4424 38c5 | fa11 4424 | 3448 8944 | 2438 4c89 | 5c24 4044 | 8944 2448 | 4889 4c24 
  0x0000020ebd2d5950: 5889 5c24 | 4c44 894c | 2464 4489 | 4c24 6890 

  0x0000020ebd2d5960: ;   {runtime_call UncommonTrapBlob}
  0x0000020ebd2d5960: c5f8 77e8 

  0x0000020ebd2d5964: ; ImmutableOopMap {rbp=Oop [40]=Oop [48]=NarrowOop [64]=Oop [72]=NarrowOop [76]=NarrowOop [88]=Oop }
                      ;*aaload {reexecute=0 rethrow=0 return_oop=0}
                      ; - java.util.ArrayDeque::elementAt@2 (line 259)
                      ; - java.util.ArrayDeque::pollFirst@12 (line 379)
                      ; - java.util.ArrayDeque::poll@1 (line 537)
                      ; - com.jme3.input.lwjgl.GlfwMouseInput::update@158 (line 302)
                      ; - com.jme3.input.InputManager::update@59 (line 907)
                      ; - com.jme3.app.LegacyApplication::update@91 (line 724)
                      ; - com.jme3.app.SimpleApplication::update@20 (line 246)
                      ; - com.jme3.system.lwjgl.LwjglWindow::runLoop@37 (line 530)
  0x0000020ebd2d5964: f8e9 62ff 

  0x0000020ebd2d5968: ;   {other}
  0x0000020ebd2d5968: 0f1f 8400 | 0000 0000 | baf4 ffff | ff48 8b6c | 2448 4489 | 5424 30c5 | fa10 4424 | 38c5 fa11 
  0x0000020ebd2d5988: 4424 3448 | 8944 2438 | 4c89 5c24 | 4044 8944 | 2448 6690 

  0x0000020ebd2d599c: ;   {runtime_call UncommonTrapBlob}
  0x0000020ebd2d599c: c5f8 77e8 

  0x0000020ebd2d59a0: ; ImmutableOopMap {rbp=Oop [48]=NarrowOop [64]=Oop [72]=NarrowOop [80]=Oop }
                      ;*checkcast {reexecute=0 rethrow=0 return_oop=0}
                      ; - com.jme3.input.lwjgl.GlfwMouseInput::update@163 (line 302)
                      ; - com.jme3.input.InputManager::update@59 (line 907)
                      ; - com.jme3.app.LegacyApplication::update@91 (line 724)
                      ; - com.jme3.app.SimpleApplication::update@20 (line 246)
                      ; - com.jme3.system.lwjgl.LwjglWindow::runLoop@37 (line 530)
  0x0000020ebd2d59a0: bce9 62ff 

  0x0000020ebd2d59a4: ;   {other}
  0x0000020ebd2d59a4: 0f1f 8400 | 0000 0000 | baf6 ffff | ff48 8b6c | 2448 4489 | 5424 30c5 | fa10 4c24 | 38c5 fa11 
  0x0000020ebd2d59c4: 4c24 3448 | 8944 2438 | 4c89 5c24 | 404c 894c | 2448 6690 

  0x0000020ebd2d59d8: ;   {runtime_call UncommonTrapBlob}
  0x0000020ebd2d59d8: c5f8 77e8 

  0x0000020ebd2d59dc: ; ImmutableOopMap {rbp=Oop [48]=NarrowOop [64]=Oop [72]=Oop [80]=Oop }
                      ;*invokeinterface onMouseButtonEvent {reexecute=0 rethrow=0 return_oop=0}
                      ; - com.jme3.input.lwjgl.GlfwMouseInput::update@166 (line 302)
                      ; - com.jme3.input.InputManager::update@59 (line 907)
                      ; - com.jme3.app.LegacyApplication::update@91 (line 724)
                      ; - com.jme3.app.SimpleApplication::update@20 (line 246)
                      ; - com.jme3.system.lwjgl.LwjglWindow::runLoop@37 (line 530)
  0x0000020ebd2d59dc: 80e9 62ff 

  0x0000020ebd2d59e0: ;   {other}
  0x0000020ebd2d59e0: 0f1f 8400 | 0000 0000 | baf6 ffff | ff44 8b44 | 243c 4489 | 4424 30c5 | fa10 4424 | 38c5 fa11 
  0x0000020ebd2d5a00: 4424 344c | 8b54 2440 | 4c89 5424 | 384c 895c | 2440 6690 

  0x0000020ebd2d5a14: ;   {runtime_call UncommonTrapBlob}
  0x0000020ebd2d5a14: c5f8 77e8 

  0x0000020ebd2d5a18: ; ImmutableOopMap {[48]=NarrowOop [64]=Oop [72]=Oop [80]=Oop }
                      ;*invokeinterface isEmpty {reexecute=0 rethrow=0 return_oop=0}
                      ; - com.jme3.input.lwjgl.GlfwKeyInput::update@15 (line 160)
                      ; - com.jme3.input.InputManager::update@50 (line 906)
                      ; - com.jme3.app.LegacyApplication::update@91 (line 724)
                      ; - com.jme3.app.SimpleApplication::update@20 (line 246)
                      ; - com.jme3.system.lwjgl.LwjglWindow::runLoop@37 (line 530)
  0x0000020ebd2d5a18: 44e9 62ff 

  0x0000020ebd2d5a1c: ;   {other}
  0x0000020ebd2d5a1c: 0f1f 8400 | 0000 0000 | baf6 ffff | ff44 8b54 | 243c 4489 | 5424 30c5 | fa10 4c24 | 38c5 fa11 
  0x0000020ebd2d5a3c: 4c24 344c | 8b54 2440 | 4c89 5424 | 384c 895c | 2440 6690 

  0x0000020ebd2d5a50: ;   {runtime_call UncommonTrapBlob}
  0x0000020ebd2d5a50: c5f8 77e8 

  0x0000020ebd2d5a54: ; ImmutableOopMap {[48]=NarrowOop [64]=Oop [72]=Oop [80]=Oop }
                      ;*invokeinterface isEmpty {reexecute=0 rethrow=0 return_oop=0}
                      ; - com.jme3.input.lwjgl.GlfwMouseInput::update@142 (line 301)
                      ; - com.jme3.input.InputManager::update@59 (line 907)
                      ; - com.jme3.app.LegacyApplication::update@91 (line 724)
                      ; - com.jme3.app.SimpleApplication::update@20 (line 246)
                      ; - com.jme3.system.lwjgl.LwjglWindow::runLoop@37 (line 530)
  0x0000020ebd2d5a54: 08e9 62ff 

  0x0000020ebd2d5a58: ;   {other}
  0x0000020ebd2d5a58: 0f1f 8400 | 0000 0000 | baf6 ffff | ff44 8b44 | 243c 4489 | 4424 30c5 | fa10 4424 | 38c5 fa11 
  0x0000020ebd2d5a78: 4424 344c | 8b54 2440 | 4c89 5424 | 3866 6690 

  0x0000020ebd2d5a88: ;   {runtime_call UncommonTrapBlob}
  0x0000020ebd2d5a88: c5f8 77e8 

  0x0000020ebd2d5a8c: ; ImmutableOopMap {[48]=NarrowOop [72]=Oop [80]=Oop [88]=Oop }
                      ;*invokeinterface isEmpty {reexecute=0 rethrow=0 return_oop=0}
                      ; - com.jme3.input.lwjgl.GlfwMouseInput::update@106 (line 297)
                      ; - com.jme3.input.InputManager::update@59 (line 907)
                      ; - com.jme3.app.LegacyApplication::update@91 (line 724)
                      ; - com.jme3.app.SimpleApplication::update@20 (line 246)
                      ; - com.jme3.system.lwjgl.LwjglWindow::runLoop@37 (line 530)
  0x0000020ebd2d5a8c: d0e8 62ff 

  0x0000020ebd2d5a90: ;   {other}
  0x0000020ebd2d5a90: 0f1f 8400 | 0000 0000 | ba9d ffff | ff48 8944 | 2440 6690 

  0x0000020ebd2d5aa4: ;   {runtime_call UncommonTrapBlob}
  0x0000020ebd2d5aa4: c5f8 77e8 

  0x0000020ebd2d5aa8: ; ImmutableOopMap {[40]=Oop [48]=NarrowOop [56]=Oop [64]=Oop [72]=Oop }
                      ;*astore_2 {reexecute=0 rethrow=0 return_oop=0}
                      ; - java.lang.ref.ReferenceQueue::poll@30 (line 195)
                      ; - com.jme3.util.NativeObjectManager::deleteUnused@54 (line 183)
                      ; - com.jme3.renderer.opengl.GLRenderer::postFrame@5 (line 1117)
                      ; - com.jme3.system.lwjgl.LwjglWindow::runLoop@100 (line 549)
  0x0000020ebd2d5aa8: b4e8 62ff 

  0x0000020ebd2d5aac: ;   {other}
  0x0000020ebd2d5aac: 0f1f 8400 | 0000 0000 | eb5f eb5d | eb5b eb59 | eb57 eb55 | eb00 488b | d0eb 51eb | 4ceb 4aeb 
  0x0000020ebd2d5acc: 48eb 46eb | 44eb 42eb | 40eb 3eeb | 3ceb 3aeb | 38eb 36eb | 34eb 32eb | 30eb 0048 | 8bd0 eb2c 
  0x0000020ebd2d5aec: eb27 eb25 | eb23 eb21 | 488b d0eb | 1feb 1aeb | 18eb 16eb | 14eb 12eb | 10eb 0eeb | 0ceb 0aeb 
  0x0000020ebd2d5b0c: 08eb 06eb | 04eb 02eb | 0048 8bd0 | c5f8 7748 | 81c4 d000 

  0x0000020ebd2d5b20: ;   {runtime_call _rethrow_Java}
  0x0000020ebd2d5b20: 0000 5de9 | 38fd 70ff 

  0x0000020ebd2d5b28: ;   {internal_word}
  0x0000020ebd2d5b28: 49ba 870e | 2dbd 0e02 | 0000 4d89 | 9760 0400 

  0x0000020ebd2d5b38: ;   {runtime_call SafepointBlob}
  0x0000020ebd2d5b38: 00e9 a2f8 | 62ff 4183 | 8718 0600 | 0008 49ff | 8750 0500 | 00e9 d3ad | ffff 4983 | ba9e 0000 
  0x0000020ebd2d5b58: 0000 74ea | 49c7 423e | 0000 0000 | f083 0424 | 0049 83ba | 9e00 0000 | 0075 0b48 | 33c0 f04d 
  0x0000020ebd2d5b78: 0fb1 7a3e | 74c8 33c0 | e9a0 adff | ff41 8387 | 1806 0000 | 0849 ff87 | 5005 0000 | e9bf a7ff 
  0x0000020ebd2d5b98: ff49 83ba | 9e00 0000 | 0074 ea49 | c742 3e00 | 0000 00f0 | 8304 2400 | 4983 ba9e | 0000 0000 
  0x0000020ebd2d5bb8: 750b 4833 | c0f0 4d0f | b17a 3e74 | c833 c0e9 | 8ca7 ffff | 4183 8718 | 0600 0008 | 49ff 8750 
  0x0000020ebd2d5bd8: 0500 00e9 | a1a3 ffff | 4983 ba9e | 0000 0000 | 74ea 49c7 | 423e 0000 | 0000 f083 | 0424 0049 
  0x0000020ebd2d5bf8: 83ba 9e00 | 0000 0075 | 0b48 33c0 | f04d 0fb1 | 7a3e 74c8 | 33c0 e96e | a3ff ff48 | 83ec 08c5 
  0x0000020ebd2d5c18: fb11 0424 

  0x0000020ebd2d5c1c: ;   {runtime_call StubRoutines (initial stubs)}
  0x0000020ebd2d5c1c: e891 b55d | ff58 e903 

  0x0000020ebd2d5c24: ;   {runtime_call StubRoutines (final stubs)}
  0x0000020ebd2d5c24: 9fff ffe8 | 141b 61ff | e95d 98ff | fff4 f4f4 | f4f4 f4f4 
[Stub Code]
  0x0000020ebd2d5c38: ;   {no_reloc}
  0x0000020ebd2d5c38: 48bb 0000 | 0000 0000 

  0x0000020ebd2d5c40: ;   {runtime_call nmethod}
  0x0000020ebd2d5c40: 0000 e9fb 

  0x0000020ebd2d5c44: ;   {static_stub}
  0x0000020ebd2d5c44: ffff ff48 | bb00 0000 | 0000 0000 

  0x0000020ebd2d5c50: ;   {runtime_call nmethod}
  0x0000020ebd2d5c50: 00e9 fbff 

  0x0000020ebd2d5c54: ;   {static_stub}
  0x0000020ebd2d5c54: ffff 48bb | 1811 401f | 0f02 0000 

  0x0000020ebd2d5c60: ;   {runtime_call I2C/C2I adapters}
  0x0000020ebd2d5c60: e9d2 5f64 

  0x0000020ebd2d5c64: ;   {static_stub}
  0x0000020ebd2d5c64: ff48 bb00 | 0000 0000 

  0x0000020ebd2d5c6c: ;   {runtime_call nmethod}
  0x0000020ebd2d5c6c: 0000 00e9 | fbff ffff 

  0x0000020ebd2d5c74: ;   {static_stub}
  0x0000020ebd2d5c74: 48bb 0000 | 0000 0000 

  0x0000020ebd2d5c7c: ;   {runtime_call nmethod}
  0x0000020ebd2d5c7c: 0000 e9fb 

  0x0000020ebd2d5c80: ;   {static_stub}
  0x0000020ebd2d5c80: ffff ff48 | bb00 0000 | 0000 0000 

  0x0000020ebd2d5c8c: ;   {runtime_call nmethod}
  0x0000020ebd2d5c8c: 00e9 fbff 

  0x0000020ebd2d5c90: ;   {static_stub}
  0x0000020ebd2d5c90: ffff 48bb | 0000 0000 | 0000 0000 

  0x0000020ebd2d5c9c: ;   {runtime_call nmethod}
  0x0000020ebd2d5c9c: e9fb ffff 

  0x0000020ebd2d5ca0: ;   {static_stub}
  0x0000020ebd2d5ca0: ff48 bb00 | 0000 0000 

  0x0000020ebd2d5ca8: ;   {runtime_call nmethod}
  0x0000020ebd2d5ca8: 0000 00e9 | fbff ffff 

  0x0000020ebd2d5cb0: ;   {static_stub}
  0x0000020ebd2d5cb0: 48bb 0000 | 0000 0000 

  0x0000020ebd2d5cb8: ;   {runtime_call nmethod}
  0x0000020ebd2d5cb8: 0000 e9fb 

  0x0000020ebd2d5cbc: ;   {static_stub}
  0x0000020ebd2d5cbc: ffff ff48 | bb00 0000 | 0000 0000 

  0x0000020ebd2d5cc8: ;   {runtime_call nmethod}
  0x0000020ebd2d5cc8: 00e9 fbff 

  0x0000020ebd2d5ccc: ;   {static_stub}
  0x0000020ebd2d5ccc: ffff 48bb | 0000 0000 | 0000 0000 

  0x0000020ebd2d5cd8: ;   {runtime_call nmethod}
  0x0000020ebd2d5cd8: e9fb ffff 

  0x0000020ebd2d5cdc: ;   {static_stub}
  0x0000020ebd2d5cdc: ff48 bb18 | d813 200f 

  0x0000020ebd2d5ce4: ;   {runtime_call I2C/C2I adapters}
  0x0000020ebd2d5ce4: 0200 00e9 | 4ae2 62ff 

  0x0000020ebd2d5cec: ;   {static_stub}
  0x0000020ebd2d5cec: 48bb 0000 | 0000 0000 

  0x0000020ebd2d5cf4: ;   {runtime_call nmethod}
  0x0000020ebd2d5cf4: 0000 e9fb 

  0x0000020ebd2d5cf8: ;   {static_stub}
  0x0000020ebd2d5cf8: ffff ff48 | bb00 0000 | 0000 0000 

  0x0000020ebd2d5d04: ;   {runtime_call nmethod}
  0x0000020ebd2d5d04: 00e9 fbff 

  0x0000020ebd2d5d08: ;   {static_stub}
  0x0000020ebd2d5d08: ffff 48bb | 0000 0000 | 0000 0000 

  0x0000020ebd2d5d14: ;   {runtime_call nmethod}
  0x0000020ebd2d5d14: e9fb ffff 

  0x0000020ebd2d5d18: ;   {static_stub}
  0x0000020ebd2d5d18: ff48 bb00 | 0000 0000 

  0x0000020ebd2d5d20: ;   {runtime_call nmethod}
  0x0000020ebd2d5d20: 0000 00e9 | fbff ffff 

  0x0000020ebd2d5d28: ;   {static_stub}
  0x0000020ebd2d5d28: 48bb 0000 | 0000 0000 

  0x0000020ebd2d5d30: ;   {runtime_call nmethod}
  0x0000020ebd2d5d30: 0000 e9fb 

  0x0000020ebd2d5d34: ;   {static_stub}
  0x0000020ebd2d5d34: ffff ff48 | bb00 0000 | 0000 0000 

  0x0000020ebd2d5d40: ;   {runtime_call nmethod}
  0x0000020ebd2d5d40: 00e9 fbff 

  0x0000020ebd2d5d44: ;   {static_stub}
  0x0000020ebd2d5d44: ffff 48bb | 0000 0000 | 0000 0000 

  0x0000020ebd2d5d50: ;   {runtime_call nmethod}
  0x0000020ebd2d5d50: e9fb ffff 

  0x0000020ebd2d5d54: ;   {static_stub}
  0x0000020ebd2d5d54: ff48 bb00 | 0000 0000 

  0x0000020ebd2d5d5c: ;   {runtime_call nmethod}
  0x0000020ebd2d5d5c: 0000 00e9 | fbff ffff 

  0x0000020ebd2d5d64: ;   {static_stub}
  0x0000020ebd2d5d64: 48bb 0000 | 0000 0000 

  0x0000020ebd2d5d6c: ;   {runtime_call nmethod}
  0x0000020ebd2d5d6c: 0000 e9fb 

  0x0000020ebd2d5d70: ;   {static_stub}
  0x0000020ebd2d5d70: ffff ff48 | bb00 0000 | 0000 0000 

  0x0000020ebd2d5d7c: ;   {runtime_call nmethod}
  0x0000020ebd2d5d7c: 00e9 fbff 

  0x0000020ebd2d5d80: ;   {static_stub}
  0x0000020ebd2d5d80: ffff 48bb | 0000 0000 | 0000 0000 

  0x0000020ebd2d5d8c: ;   {runtime_call nmethod}
  0x0000020ebd2d5d8c: e9fb ffff 

  0x0000020ebd2d5d90: ;   {static_stub}
  0x0000020ebd2d5d90: ff48 bb00 | 0000 0000 

  0x0000020ebd2d5d98: ;   {runtime_call nmethod}
  0x0000020ebd2d5d98: 0000 00e9 | fbff ffff 

  0x0000020ebd2d5da0: ;   {static_stub}
  0x0000020ebd2d5da0: 48bb 0000 | 0000 0000 

  0x0000020ebd2d5da8: ;   {runtime_call nmethod}
  0x0000020ebd2d5da8: 0000 e9fb 

  0x0000020ebd2d5dac: ;   {static_stub}
  0x0000020ebd2d5dac: ffff ff48 | bb00 0000 | 0000 0000 

  0x0000020ebd2d5db8: ;   {runtime_call nmethod}
  0x0000020ebd2d5db8: 00e9 fbff 

  0x0000020ebd2d5dbc: ;   {static_stub}
  0x0000020ebd2d5dbc: ffff 48bb | 0000 0000 | 0000 0000 

  0x0000020ebd2d5dc8: ;   {runtime_call nmethod}
  0x0000020ebd2d5dc8: e9fb ffff 

  0x0000020ebd2d5dcc: ;   {static_stub}
  0x0000020ebd2d5dcc: ff48 bb00 | 0000 0000 

  0x0000020ebd2d5dd4: ;   {runtime_call nmethod}
  0x0000020ebd2d5dd4: 0000 00e9 | fbff ffff 

  0x0000020ebd2d5ddc: ;   {static_stub}
  0x0000020ebd2d5ddc: 48bb 0000 | 0000 0000 

  0x0000020ebd2d5de4: ;   {runtime_call nmethod}
  0x0000020ebd2d5de4: 0000 e9fb 

  0x0000020ebd2d5de8: ;   {static_stub}
  0x0000020ebd2d5de8: ffff ff48 | bb00 0000 | 0000 0000 

  0x0000020ebd2d5df4: ;   {runtime_call nmethod}
  0x0000020ebd2d5df4: 00e9 fbff 

  0x0000020ebd2d5df8: ;   {static_stub}
  0x0000020ebd2d5df8: ffff 48bb | 0000 0000 | 0000 0000 

  0x0000020ebd2d5e04: ;   {runtime_call nmethod}
  0x0000020ebd2d5e04: e9fb ffff 

  0x0000020ebd2d5e08: ;   {static_stub}
  0x0000020ebd2d5e08: ff48 bb00 | 0000 0000 

  0x0000020ebd2d5e10: ;   {runtime_call nmethod}
  0x0000020ebd2d5e10: 0000 00e9 | fbff ffff 

  0x0000020ebd2d5e18: ;   {static_stub}
  0x0000020ebd2d5e18: 48bb 0000 | 0000 0000 

  0x0000020ebd2d5e20: ;   {runtime_call nmethod}
  0x0000020ebd2d5e20: 0000 e9fb 

  0x0000020ebd2d5e24: ;   {runtime_call ExceptionBlob}
  0x0000020ebd2d5e24: ffff ffe9 | b484 70ff 
[Deopt Handler Code]
  0x0000020ebd2d5e2c: e800 0000 | 0048 832c 

  0x0000020ebd2d5e34: ;   {runtime_call DeoptimizationBlob}
  0x0000020ebd2d5e34: 2405 e945 | e862 fff4 | f4f4 f4f4 
[/MachCode]


Compiled method (c1) 26963 4929 %     3       com.jme3.system.lwjgl.LwjglWindow::run @ 50 (95 bytes)
 total in heap  [0x0000020eb5b3fb08,0x0000020eb5b40f90] = 5256
 relocation     [0x0000020eb5b3fbe0,0x0000020eb5b3fd78] = 408
 main code      [0x0000020eb5b3fd80,0x0000020eb5b40dc8] = 4168
 stub code      [0x0000020eb5b40dc8,0x0000020eb5b40eb0] = 232
 oops           [0x0000020eb5b40eb0,0x0000020eb5b40ed8] = 40
 metadata       [0x0000020eb5b40ed8,0x0000020eb5b40f90] = 184
 immutable data [0x0000020f2ad63210,0x0000020f2ad63610] = 1024
 dependencies   [0x0000020f2ad63210,0x0000020f2ad63250] = 64
 nul chk table  [0x0000020f2ad63250,0x0000020f2ad63288] = 56
 scopes pcs     [0x0000020f2ad63288,0x0000020f2ad634e8] = 608
 scopes data    [0x0000020f2ad634e8,0x0000020f2ad63610] = 296

[Constant Pool (empty)]

[MachCode]
[Instructions begin]
  0x0000020eb5b3fd80: 6666 660f | 1f84 0000 | 0000 0066 | 6666 9066 | 6690 448b | 5208 443b 

  0x0000020eb5b3fd98: ;   {runtime_call ic_miss_stub}
  0x0000020eb5b3fd98: 5008 0f85 | 40e7 db06 
[Verified Entry Point]
  0x0000020eb5b3fda0: 8984 2400 | 80ff ff55 | 4881 eca0 | 0000 0090 | 4181 7f20 | 0500 0000 

  0x0000020eb5b3fdb8: ;   {runtime_call StubRoutines (final stubs)}
  0x0000020eb5b3fdb8: 7405 e881 | 79da 0648 | 8954 2470 

  0x0000020eb5b3fdc4: ;   {metadata(method data for {method} {0x0000020f1fb16f50} 'run' '()V' in 'com/jme3/system/lwjgl/LwjglWindow')}
  0x0000020eb5b3fdc4: 49b8 f028 | 6320 0f02 | 0000 458b | 88cc 0000 | 0041 83c1 | 0245 8988 | cc00 0000 | 4181 e1fe 
  0x0000020eb5b3fde4: 0700 0045 | 85c9 0f84 | c00d 0000 | 448b 4230 | 49c1 e003 

  0x0000020eb5b3fdf8: ;   {metadata(method data for {method} {0x0000020f1fb16f50} 'run' '()V' in 'com/jme3/system/lwjgl/LwjglWindow')}
  0x0000020eb5b3fdf8: 4d85 c049 | b8f0 2863 | 200f 0200 | 0041 b928 | 0100 0074 | 0641 b918 | 0100 004b | 8b3c 0848 
  0x0000020eb5b3fe18: 8d7f 014b | 893c 080f | 8485 0c00 

  0x0000020eb5b3fe24: ;   {metadata(method data for {method} {0x0000020f1fb16f50} 'run' '()V' in 'com/jme3/system/lwjgl/LwjglWindow')}
  0x0000020eb5b3fe24: 0049 b8f0 | 2863 200f | 0200 0049 | 8380 4801 

  0x0000020eb5b3fe34: ;   {metadata(method data for {method} {0x0000020f1fb426d8} 'getVersion' '()Ljava/lang/String;' in 'org/lwjgl/Version')}
  0x0000020eb5b3fe34: 0000 0149 | b880 f662 | 200f 0200 | 0045 8b88 | cc00 0000 | 4183 c102 | 4589 88cc | 0000 0041 
  0x0000020eb5b3fe54: 81e1 feff | 1f00 4585 | c90f 846e 

  0x0000020eb5b3fe60: ;   {oop(a 'java/util/logging/Logger'{0x0000000414800480})}
  0x0000020eb5b3fe60: 0d00 0048 | be80 0480 | 1404 0000 | 004c 8bc6 

  0x0000020eb5b3fe70: ;   {metadata(method data for {method} {0x0000020f1fb16f50} 'run' '()V' in 'com/jme3/system/lwjgl/LwjglWindow')}
  0x0000020eb5b3fe70: 49b9 f028 | 6320 0f02 | 0000 458b | 4008 49ba | 0000 00dd | 0e02 0000 | 4d03 c24d | 3b81 6001 
  0x0000020eb5b3fe90: 0000 750d | 4983 8168 | 0100 0001 | e960 0000 | 004d 3b81 | 7001 0000 | 750d 4983 | 8178 0100 
  0x0000020eb5b3feb0: 0001 e94a | 0000 0049 | 83b9 6001 | 0000 0075 | 174d 8981 | 6001 0000 | 49c7 8168 | 0100 0001 
  0x0000020eb5b3fed0: 0000 00e9 | 2900 0000 | 4983 b970 | 0100 0000 | 7517 4d89 | 8170 0100 | 0049 c781 | 7801 0000 
  0x0000020eb5b3fef0: 0100 0000 | e908 0000 | 0049 8381 | 5801 0000 

  0x0000020eb5b3ff00: ;   {oop(a 'java/util/logging/Level'{0x00000004049c0550})}
  0x0000020eb5b3ff00: 0149 b850 | 059c 0404 

  0x0000020eb5b3ff08: ;   {oop("Using LWJGL {0}"{0x00000004148004b8})}
  0x0000020eb5b3ff08: 0000 0049 | b9b8 0480 | 1404 0000 

  0x0000020eb5b3ff14: ;   {oop("3.2.3 build 13"{0x00000004148004d0})}
  0x0000020eb5b3ff14: 0048 bfd0 | 0480 1404 | 0000 0048 | 8bd6 0f1f 

  0x0000020eb5b3ff24: ;   {optimized virtual_call}
  0x0000020eb5b3ff24: 4400 00e8 

  0x0000020eb5b3ff28: ; ImmutableOopMap {[112]=Oop }
                      ;*invokevirtual log {reexecute=0 rethrow=0 return_oop=0}
                      ; - com.jme3.system.lwjgl.LwjglWindow::run@28 (line 623)
  0x0000020eb5b3ff28: b4e8 db06 

  0x0000020eb5b3ff2c: ;   {other}
  0x0000020eb5b3ff2c: 0f1f 8400 | 2404 0000 | 488b 5424 

  0x0000020eb5b3ff38: ;   {metadata(method data for {method} {0x0000020f1fb16f50} 'run' '()V' in 'com/jme3/system/lwjgl/LwjglWindow')}
  0x0000020eb5b3ff38: 7048 bef0 | 2863 200f | 0200 008b | 5208 49ba | 0000 00dd | 0e02 0000 | 4903 d248 | 3b96 9001 
  0x0000020eb5b3ff58: 0000 750d | 4883 8698 | 0100 0001 | e960 0000 | 0048 3b96 | a001 0000 | 750d 4883 | 86a8 0100 
  0x0000020eb5b3ff78: 0001 e94a | 0000 0048 | 83be 9001 | 0000 0075 | 1748 8996 | 9001 0000 | 48c7 8698 | 0100 0001 
  0x0000020eb5b3ff98: 0000 00e9 | 2900 0000 | 4883 bea0 | 0100 0000 | 7517 4889 | 96a0 0100 | 0048 c786 | a801 0000 
  0x0000020eb5b3ffb8: 0100 0000 | e908 0000 | 0048 8386 | 8801 0000 | 0148 8b54 

  0x0000020eb5b3ffcc: ;   {optimized virtual_call}
  0x0000020eb5b3ffcc: 2470 90e8 

  0x0000020eb5b3ffd0: ; ImmutableOopMap {[112]=Oop }
                      ;*invokevirtual initInThread {reexecute=0 rethrow=0 return_oop=0}
                      ; - com.jme3.system.lwjgl.LwjglWindow::run@32 (line 625)
  0x0000020eb5b3ffd0: 0ce8 db06 

  0x0000020eb5b3ffd4: ;   {other}
  0x0000020eb5b3ffd4: 0f1f 8400 | cc04 0001 

  0x0000020eb5b3ffdc: ;   {metadata(method data for {method} {0x0000020f1fb16f50} 'run' '()V' in 'com/jme3/system/lwjgl/LwjglWindow')}
  0x0000020eb5b3ffdc: 85c0 48ba | f028 6320 | 0f02 0000 | b9c8 0100 | 0074 05b9 | b801 0000 | 488b 340a | 488d 7601 
  0x0000020eb5b3fffc: 4889 340a | 0f84 cc09 | 0000 488b | 5424 700f | 1f44 0000 

  0x0000020eb5b40010: ; implicit exception: dispatches to 0x0000020eb5b40bf2
  0x0000020eb5b40010: 483b 0248 

  0x0000020eb5b40014: ;   {metadata(method data for {method} {0x0000020f1fb16f50} 'run' '()V' in 'com/jme3/system/lwjgl/LwjglWindow')}
  0x0000020eb5b40014: 8bf2 48bf | f028 6320 | 0f02 0000 | 8b76 0849 | ba00 0000 | dd0e 0200 | 0049 03f2 | 483b b710 
  0x0000020eb5b40034: 0200 0075 | 0d48 8387 | 1802 0000 | 01e9 6000 | 0000 483b | b720 0200 | 0075 0d48 | 8387 2802 
  0x0000020eb5b40054: 0000 01e9 | 4a00 0000 | 4883 bf10 | 0200 0000 | 7517 4889 | b710 0200 | 0048 c787 | 1802 0000 
  0x0000020eb5b40074: 0100 0000 | e929 0000 | 0048 83bf | 2002 0000 | 0075 1748 | 89b7 2002 | 0000 48c7 | 8728 0200 
  0x0000020eb5b40094: 0001 0000 | 00e9 0800 | 0000 4883 | 8708 0200 | 0001 488b | f248 8bd6 | 4889 b424 | 8000 0000 
  0x0000020eb5b400b4: ;   {optimized virtual_call}
  0x0000020eb5b400b4: 6666 90e8 

  0x0000020eb5b400b8: ; ImmutableOopMap {[128]=Oop }
                      ;*invokevirtual runLoop {reexecute=0 rethrow=0 return_oop=0}
                      ; - com.jme3.system.lwjgl.LwjglWindow::run@51 (line 632)
  0x0000020eb5b400b8: b4f3 7807 

  0x0000020eb5b400bc: ;   {other}
  0x0000020eb5b400bc: 0f1f 8400 | b405 0002 | 488b 9424 | 8000 0000 | 8b72 5048 | c1e6 0348 | 3b06 488b 

  0x0000020eb5b400d8: ;   {metadata(method data for {method} {0x0000020f1fb16f50} 'run' '()V' in 'com/jme3/system/lwjgl/LwjglWindow')}
  0x0000020eb5b400d8: fe48 bbf0 | 2863 200f | 0200 0048 | 8383 3802 

  0x0000020eb5b400e8: ;   {metadata(method data for {method} {0x0000020f1f235c58} 'get' '()Z' in 'java/util/concurrent/atomic/AtomicBoolean')}
  0x0000020eb5b400e8: 0000 0148 | bfc0 4550 | 200f 0200 | 008b 9fcc | 0000 0083 | c302 899f | cc00 0000 | 81e3 feff 
  0x0000020eb5b40108: 1f00 85db | 0f84 ea0a | 0000 8b76 

  0x0000020eb5b40114: ;   {metadata(method data for {method} {0x0000020f1f235c58} 'get' '()Z' in 'java/util/concurrent/atomic/AtomicBoolean')}
  0x0000020eb5b40114: 0c85 f648 | bec0 4550 | 200f 0200 | 00bf 1801 | 0000 7405 | bf28 0100 | 0048 8b1c | 3e48 8d5b 
  0x0000020eb5b40134: 0148 891c | 3e0f 841a 

  0x0000020eb5b4013c: ;   {metadata(method data for {method} {0x0000020f1f235c58} 'get' '()Z' in 'java/util/concurrent/atomic/AtomicBoolean')}
  0x0000020eb5b4013c: 0000 0048 | bec0 4550 | 200f 0200 | 00ff 8638 | 0100 00be | 0100 0000 | e905 0000 | 00be 0000 
  0x0000020eb5b4015c: 0000 83e6 

  0x0000020eb5b40160: ;   {metadata(method data for {method} {0x0000020f1fb16f50} 'run' '()V' in 'com/jme3/system/lwjgl/LwjglWindow')}
  0x0000020eb5b40160: 0185 f648 | bef0 2863 | 200f 0200 | 00bf 7802 | 0000 7505 | bf68 0200 | 0048 8b1c | 3e48 8d5b 
  0x0000020eb5b40180: 0148 891c | 3e0f 85b3 | 0300 0048 

  0x0000020eb5b4018c: ;   {metadata(method data for {method} {0x0000020f1fb16f50} 'run' '()V' in 'com/jme3/system/lwjgl/LwjglWindow')}
  0x0000020eb5b4018c: 8b72 4048 | bff0 2863 | 200f 0200 | 0048 8387 | a002 0000 | 0148 8994 | 2480 0000 | 0048 8bd6 
  0x0000020eb5b401ac: ;   {static_call}
  0x0000020eb5b401ac: 6666 90e8 

  0x0000020eb5b401b0: ; ImmutableOopMap {[128]=Oop }
                      ;*invokestatic glfwWindowShouldClose {reexecute=0 rethrow=0 return_oop=0}
                      ; - com.jme3.system.lwjgl.LwjglWindow::run@71 (line 638)
  0x0000020eb5b401b0: 6cf6 7407 

  0x0000020eb5b401b4: ;   {other}
  0x0000020eb5b401b4: 0f1f 8400 | ac06 0003 | 85c0 ba02 | 0000 0074 | 05ba 0000 

  0x0000020eb5b401c8: ;   {metadata(method data for {method} {0x0000020f1fb16f50} 'run' '()V' in 'com/jme3/system/lwjgl/LwjglWindow')}
  0x0000020eb5b401c8: 0000 48be | f028 6320 | 0f02 0000 | 8bbe d000 | 0000 03fa | 89be d000 | 0000 85d2 | 7505 bf02 
  0x0000020eb5b401e8: 0000 0081 | e7fe 3f00 | 0085 ff0f | 8424 0a00 | 004d 8b97 

  0x0000020eb5b401fc: ; ImmutableOopMap {[128]=Oop }
                      ;*ifeq {reexecute=1 rethrow=0 return_oop=0}
                      ; - (reexecute) com.jme3.system.lwjgl.LwjglWindow::run@74 (line 638)
  0x0000020eb5b401fc: 5004 0000 

  0x0000020eb5b40200: ;   {poll}
  0x0000020eb5b40200: 4185 0285 

  0x0000020eb5b40204: ;   {metadata(method data for {method} {0x0000020f1fb16f50} 'run' '()V' in 'com/jme3/system/lwjgl/LwjglWindow')}
  0x0000020eb5b40204: c048 baf0 | 2863 200f | 0200 00be | b002 0000 | 7405 bec0 | 0200 0048 | 8b3c 3248 | 8d7f 0148 
  0x0000020eb5b40224: 893c 3248 | 8b94 2480 | 0000 000f | 84db fdff | ff8b 7230 | 48c1 e603 | 4885 f60f | 8429 0000 
  0x0000020eb5b40244: ;   {metadata('com/jme3/app/LegacyApplication')}
  0x0000020eb5b40244: 0048 b900 | 1000 de0e | 0200 008b | 4608 49ba | 0000 00dd | 0e02 0000 | 4903 c248 | 3b48 380f 
  0x0000020eb5b40264: 85d5 0900 | 00e9 0000 | 0000 488b | fe48 3b06 

  0x0000020eb5b40274: ;   {metadata(method data for {method} {0x0000020f1fb16f50} 'run' '()V' in 'com/jme3/system/lwjgl/LwjglWindow')}
  0x0000020eb5b40274: 488b fe48 | bbf0 2863 | 200f 0200 | 008b 7f08 | 49ba 0000 | 00dd 0e02 | 0000 4903 | fa48 3bbb 
  0x0000020eb5b40294: d802 0000 | 750d 4883 | 83e0 0200 | 0001 e960 | 0000 0048 | 3bbb e802 | 0000 750d | 4883 83f0 
  0x0000020eb5b402b4: 0200 0001 | e94a 0000 | 0048 83bb | d802 0000 | 0075 1748 | 89bb d802 | 0000 48c7 | 83e0 0200 
  0x0000020eb5b402d4: 0001 0000 | 00e9 2900 | 0000 4883 | bbe8 0200 | 0000 7517 | 4889 bbe8 | 0200 0048 | c783 f002 
  0x0000020eb5b402f4: 0000 0100 | 0000 e908 | 0000 0048 | 8383 d002 

  0x0000020eb5b40304: ;   {metadata(method data for {method} {0x0000020f1f408e98} 'requestClose' '(Z)V' in 'com/jme3/app/LegacyApplication')}
  0x0000020eb5b40304: 0000 0148 | bf78 3b63 | 200f 0200 | 008b 9fcc | 0000 0083 | c302 899f | cc00 0000 | 81e3 feff 
  0x0000020eb5b40324: 1f00 85db | 0f84 1a09 | 0000 8b7e | 2c48 c1e7 | 0348 85ff | 0f84 2900 

  0x0000020eb5b4033c: ;   {metadata('com/jme3/system/lwjgl/LwjglWindow')}
  0x0000020eb5b4033c: 0000 49b8 | a0f7 01de | 0e02 0000 | 8b4f 0849 | ba00 0000 | dd0e 0200 | 0049 03ca | 4c3b 4140 
  0x0000020eb5b4035c: 0f85 0709 | 0000 e900 | 0000 0048 | 8bdf 483b | 0748 8bdf 

  0x0000020eb5b40370: ;   {metadata(method data for {method} {0x0000020f1f408e98} 'requestClose' '(Z)V' in 'com/jme3/app/LegacyApplication')}
  0x0000020eb5b40370: 48b8 783b | 6320 0f02 | 0000 8b5b | 0849 ba00 | 0000 dd0e | 0200 0049 | 03da 483b | 9820 0100 
  0x0000020eb5b40390: 0075 0d48 | 8380 2801 | 0000 01e9 | 6000 0000 | 483b 9830 | 0100 0075 | 0d48 8380 | 3801 0000 
  0x0000020eb5b403b0: 01e9 4a00 | 0000 4883 | b820 0100 | 0000 7517 | 4889 9820 | 0100 0048 | c780 2801 | 0000 0100 
  0x0000020eb5b403d0: 0000 e929 | 0000 0048 | 83b8 3001 | 0000 0075 | 1748 8998 | 3001 0000 | 48c7 8038 | 0100 0001 
  0x0000020eb5b403f0: 0000 00e9 | 0800 0000 | 4883 8018 | 0100 0001 

  0x0000020eb5b40400: ;   {metadata(method data for {method} {0x0000020f1fb17408} 'destroy' '(Z)V' in 'com/jme3/system/lwjgl/LwjglWindow')}
  0x0000020eb5b40400: 48bb 083d | 6320 0f02 | 0000 8b83 | cc00 0000 | 83c0 0289 | 83cc 0000 | 0025 feff | 1f00 85c0 
  0x0000020eb5b40420: 0f84 4d08 | 0000 8b5f | 5048 c1e3 | 0348 3b03 

  0x0000020eb5b40430: ;   {metadata(method data for {method} {0x0000020f1fb17408} 'destroy' '(Z)V' in 'com/jme3/system/lwjgl/LwjglWindow')}
  0x0000020eb5b40430: 488b c348 | b908 3d63 | 200f 0200 | 0048 8381 | 1801 0000 

  0x0000020eb5b40444: ;   {metadata(method data for {method} {0x0000020f1f2360f0} 'set' '(Z)V' in 'java/util/concurrent/atomic/AtomicBoolean')}
  0x0000020eb5b40444: 0148 b818 | 1451 200f | 0200 008b | 88cc 0000 | 0083 c102 | 8988 cc00 | 0000 81e1 | feff 1f00 
  0x0000020eb5b40464: 85c9 0f84 | 2d08 0000 

  0x0000020eb5b4046c: ;   {metadata(method data for {method} {0x0000020f1f2360f0} 'set' '(Z)V' in 'java/util/concurrent/atomic/AtomicBoolean')}
  0x0000020eb5b4046c: 48be 1814 | 5120 0f02 | 0000 ff86 | 2801 0000 

  0x0000020eb5b4047c: ;   {metadata(method data for {method} {0x0000020f1f2360f0} 'set' '(Z)V' in 'java/util/concurrent/atomic/AtomicBoolean')}
  0x0000020eb5b4047c: 48be 1814 | 5120 0f02 | 0000 ff86 | 3801 0000 | be01 0000 | 0089 730c | f083 4424 | c000 8b77 
  0x0000020eb5b4049c: 6c48 c1e6 

  0x0000020eb5b404a0: ;   {metadata(method data for {method} {0x0000020f1fb17408} 'destroy' '(Z)V' in 'com/jme3/system/lwjgl/LwjglWindow')}
  0x0000020eb5b404a0: 0348 bf08 | 3d63 200f | 0200 0048 | 8387 4801 | 0000 0149 | 8bbf 8803 | 0000 488b | 3f48 3bf7 
  0x0000020eb5b404c0: ;   {metadata(method data for {method} {0x0000020f1fb17408} 'destroy' '(Z)V' in 'com/jme3/system/lwjgl/LwjglWindow')}
  0x0000020eb5b404c0: 48be 083d | 6320 0f02 | 0000 bf68 | 0100 0074 | 05bf 5801 | 0000 488b | 1c3e 488d | 5b01 4889 
  0x0000020eb5b404e0: 1c3e 0f84 | 1000 0000 

  0x0000020eb5b404e8: ;   {metadata(method data for {method} {0x0000020f1fb17408} 'destroy' '(Z)V' in 'com/jme3/system/lwjgl/LwjglWindow')}
  0x0000020eb5b404e8: 48be 083d | 6320 0f02 | 0000 ff86 | 7801 0000 

  0x0000020eb5b404f8: ;   {metadata(method data for {method} {0x0000020f1fb16f50} 'run' '()V' in 'com/jme3/system/lwjgl/LwjglWindow')}
  0x0000020eb5b404f8: 48be f028 | 6320 0f02 | 0000 8bbe | d000 0000 | 83c7 0289 | bed0 0000 | 0081 e7fe | 3f00 0085 
  0x0000020eb5b40518: ff0f 849b | 0700 004d | 8b97 5004 

  0x0000020eb5b40524: ; ImmutableOopMap {rdx=Oop }
                      ;*goto {reexecute=1 rethrow=0 return_oop=0}
                      ; - (reexecute) com.jme3.system.lwjgl.LwjglWindow::run@87 (line 639)
                      ;   {poll}
  0x0000020eb5b40524: 0000 4185 

  0x0000020eb5b40528: ;   {metadata(method data for {method} {0x0000020f1fb16f50} 'run' '()V' in 'com/jme3/system/lwjgl/LwjglWindow')}
  0x0000020eb5b40528: 0248 bef0 | 2863 200f | 0200 00ff | 8600 0300 | 00e9 d2fa 

  0x0000020eb5b4053c: ;   {metadata(method data for {method} {0x0000020f1fb16f50} 'run' '()V' in 'com/jme3/system/lwjgl/LwjglWindow')}
  0x0000020eb5b4053c: ffff 48be | f028 6320 | 0f02 0000 | ff86 8802 | 0000 488b 

  0x0000020eb5b40550: ;   {metadata(method data for {method} {0x0000020f1fb16f50} 'run' '()V' in 'com/jme3/system/lwjgl/LwjglWindow')}
  0x0000020eb5b40550: f248 bff0 | 2863 200f | 0200 008b | 7608 49ba | 0000 00dd | 0e02 0000 | 4903 f248 | 3bb7 2003 
  0x0000020eb5b40570: 0000 750d | 4883 8728 | 0300 0001 | e960 0000 | 0048 3bb7 | 3003 0000 | 750d 4883 | 8738 0300 
  0x0000020eb5b40590: 0001 e94a | 0000 0048 | 83bf 2003 | 0000 0075 | 1748 89b7 | 2003 0000 | 48c7 8728 | 0300 0001 
  0x0000020eb5b405b0: 0000 00e9 | 2900 0000 | 4883 bf30 | 0300 0000 | 7517 4889 | b730 0300 | 0048 c787 | 3803 0000 
  0x0000020eb5b405d0: 0100 0000 | e908 0000 | 0048 8387 | 1803 0000 

  0x0000020eb5b405e0: ;   {metadata(method data for {method} {0x0000020f1fb16e40} 'deinitInThread' '()V' in 'com/jme3/system/lwjgl/LwjglWindow')}
  0x0000020eb5b405e0: 0148 be28 | 3063 200f | 0200 008b | becc 0000 | 0083 c702 | 89be cc00 | 0000 81e7 | feff 1f00 
  0x0000020eb5b40600: 85ff 0f84 | d306 0000 | 8b72 3048 | c1e6 0348 | 85f6 0f84 | 2900 0000 

  0x0000020eb5b40618: ;   {metadata('com/jme3/app/LegacyApplication')}
  0x0000020eb5b40618: 48b9 0010 | 00de 0e02 | 0000 8b46 | 0849 ba00 | 0000 dd0e | 0200 0049 | 03c2 483b | 4838 0f85 
  0x0000020eb5b40638: c006 0000 | e900 0000 | 0048 8bfe 

  0x0000020eb5b40644: ; implicit exception: dispatches to 0x0000020eb5b40d01
  0x0000020eb5b40644: 483b 0648 

  0x0000020eb5b40648: ;   {metadata(method data for {method} {0x0000020f1fb16e40} 'deinitInThread' '()V' in 'com/jme3/system/lwjgl/LwjglWindow')}
  0x0000020eb5b40648: 8bfe 48bb | 2830 6320 | 0f02 0000 | 8b7f 0849 | ba00 0000 | dd0e 0200 | 0049 03fa | 483b bb20 
  0x0000020eb5b40668: 0100 0075 | 0d48 8383 | 2801 0000 | 01e9 6000 | 0000 483b | bb30 0100 | 0075 0d48 | 8383 3801 
  0x0000020eb5b40688: 0000 01e9 | 4a00 0000 | 4883 bb20 | 0100 0000 | 7517 4889 | bb20 0100 | 0048 c783 | 2801 0000 
  0x0000020eb5b406a8: 0100 0000 | e929 0000 | 0048 83bb | 3001 0000 | 0075 1748 | 89bb 3001 | 0000 48c7 | 8338 0100 
  0x0000020eb5b406c8: 0001 0000 | 00e9 0800 | 0000 4883 | 8318 0100 | 0001 4889 | 9424 8000 | 0000 488b 

  0x0000020eb5b406e4: ;   {optimized virtual_call}
  0x0000020eb5b406e4: d666 90e8 

  0x0000020eb5b406e8: ; ImmutableOopMap {[128]=Oop }
                      ;*invokeinterface destroy {reexecute=0 rethrow=0 return_oop=0}
                      ; - com.jme3.system.lwjgl.LwjglWindow::deinitInThread@4 (line 607)
                      ; - com.jme3.system.lwjgl.LwjglWindow::run@91 (line 643)
  0x0000020eb5b406e8: f4e0 db06 

  0x0000020eb5b406ec: ;   {other}
  0x0000020eb5b406ec: 0f1f 8400 | e40b 0006 | 488b 9424 | 8000 0000 

  0x0000020eb5b406fc: ;   {metadata(method data for {method} {0x0000020f1fb16e40} 'deinitInThread' '()V' in 'com/jme3/system/lwjgl/LwjglWindow')}
  0x0000020eb5b406fc: 48be 2830 | 6320 0f02 | 0000 8b52 | 0849 ba00 | 0000 dd0e | 0200 0049 | 03d2 483b | 9650 0100 
  0x0000020eb5b4071c: 0075 0d48 | 8386 5801 | 0000 01e9 | 6000 0000 | 483b 9660 | 0100 0075 | 0d48 8386 | 6801 0000 
  0x0000020eb5b4073c: 01e9 4a00 | 0000 4883 | be50 0100 | 0000 7517 | 4889 9650 | 0100 0048 | c786 5801 | 0000 0100 
  0x0000020eb5b4075c: 0000 e929 | 0000 0048 | 83be 6001 | 0000 0075 | 1748 8996 | 6001 0000 | 48c7 8668 | 0100 0001 
  0x0000020eb5b4077c: 0000 00e9 | 0800 0000 | 4883 8648 | 0100 0001 | 488b 9424 | 8000 0000 

  0x0000020eb5b40794: ;   {optimized virtual_call}
  0x0000020eb5b40794: 6666 90e8 

  0x0000020eb5b40798: ; ImmutableOopMap {[128]=Oop }
                      ;*invokevirtual destroyContext {reexecute=0 rethrow=0 return_oop=0}
                      ; - com.jme3.system.lwjgl.LwjglWindow::deinitInThread@10 (line 609)
                      ; - com.jme3.system.lwjgl.LwjglWindow::run@91 (line 643)
  0x0000020eb5b40798: 44e0 db06 

  0x0000020eb5b4079c: ;   {other}
  0x0000020eb5b4079c: 0f1f 8400 | 940c 0007 | 488b 9424 | 8000 0000 

  0x0000020eb5b407ac: ;   {metadata(method data for {method} {0x0000020f1fb16e40} 'deinitInThread' '()V' in 'com/jme3/system/lwjgl/LwjglWindow')}
  0x0000020eb5b407ac: 48be 2830 | 6320 0f02 | 0000 4883 | 8678 0100 | 0001 488b | 9424 8000 

  0x0000020eb5b407c4: ;   {optimized virtual_call}
  0x0000020eb5b407c4: 0000 90e8 

  0x0000020eb5b407c8: ; ImmutableOopMap {[128]=Oop }
                      ;*invokespecial internalDestroy {reexecute=0 rethrow=0 return_oop=0}
                      ; - com.jme3.system.lwjgl.LwjglWindow::deinitInThread@14 (line 610)
                      ; - com.jme3.system.lwjgl.LwjglWindow::run@91 (line 643)
  0x0000020eb5b407c8: 14e0 db06 

  0x0000020eb5b407cc: ;   {other}
  0x0000020eb5b407cc: 0f1f 8400 | c40c 0008 

  0x0000020eb5b407d4: ;   {metadata(method data for {method} {0x0000020f1fb16e40} 'deinitInThread' '()V' in 'com/jme3/system/lwjgl/LwjglWindow')}
  0x0000020eb5b407d4: 48ba 2830 | 6320 0f02 | 0000 4883 | 8288 0100 

  0x0000020eb5b407e4: ;   {metadata(method data for {method} {0x0000020f1fc2d650} 'glfwTerminate' '()V' in 'org/lwjgl/glfw/GLFW')}
  0x0000020eb5b407e4: 0001 48ba | 183a 6320 | 0f02 0000 | 8bb2 cc00 | 0000 83c6 | 0289 b2cc | 0000 0081 | e6fe ff1f 
  0x0000020eb5b40804: 0085 f60f | 84f9 0400 

  0x0000020eb5b4080c: ;   {metadata(method data for {method} {0x0000020f1fc2d650} 'glfwTerminate' '()V' in 'org/lwjgl/glfw/GLFW')}
  0x0000020eb5b4080c: 0048 ba18 | 3a63 200f | 0200 0048 | 8382 1801 | 0000 0148 | ba60 22cd | c7fa 7f00 | 0066 0f1f 
  0x0000020eb5b4082c: ;   {static_call}
  0x0000020eb5b4082c: 4400 00e8 

  0x0000020eb5b40830: ; ImmutableOopMap {[128]=Oop }
                      ;*invokestatic invokeV {reexecute=0 rethrow=0 return_oop=0}
                      ; - org.lwjgl.glfw.GLFW::glfwTerminate@5 (line 855)
                      ; - com.jme3.system.lwjgl.LwjglWindow::deinitInThread@17 (line 611)
                      ; - com.jme3.system.lwjgl.LwjglWindow::run@91 (line 643)
  0x0000020eb5b40830: ace5 db06 

  0x0000020eb5b40834: ;   {other}
  0x0000020eb5b40834: 0f1f 8400 | 2c0d 0009 

  0x0000020eb5b4083c: ;   {oop(a 'java/util/logging/Logger'{0x0000000414800480})}
  0x0000020eb5b4083c: 48ba 8004 | 8014 0400 | 0000 4c8b 

  0x0000020eb5b40848: ;   {metadata(method data for {method} {0x0000020f1fb16e40} 'deinitInThread' '()V' in 'com/jme3/system/lwjgl/LwjglWindow')}
  0x0000020eb5b40848: c249 b928 | 3063 200f | 0200 0045 | 8b40 0849 | ba00 0000 | dd0e 0200 | 004d 03c2 | 4d3b 81a0 
  0x0000020eb5b40868: 0100 0075 | 0d49 8381 | a801 0000 | 01e9 6000 | 0000 4d3b | 81b0 0100 | 0075 0d49 | 8381 b801 
  0x0000020eb5b40888: 0000 01e9 | 4a00 0000 | 4983 b9a0 | 0100 0000 | 7517 4d89 | 81a0 0100 | 0049 c781 | a801 0000 
  0x0000020eb5b408a8: 0100 0000 | e929 0000 | 0049 83b9 | b001 0000 | 0075 174d | 8981 b001 | 0000 49c7 | 81b8 0100 
  0x0000020eb5b408c8: 0001 0000 | 00e9 0800 | 0000 4983 | 8198 0100 

  0x0000020eb5b408d8: ;   {metadata(method data for {method} {0x0000020edd3d02e8} 'fine' '(Ljava/lang/String;)V' in 'java/util/logging/Logger')}
  0x0000020eb5b408d8: 0001 49b8 | 8812 5120 | 0f02 0000 | 458b 88cc | 0000 0041 | 83c1 0245 | 8988 cc00 | 0000 4181 
  0x0000020eb5b408f8: e1fe ff1f | 0045 85c9 | 0f84 2104 | 0000 4c8b 

  0x0000020eb5b40908: ;   {metadata(method data for {method} {0x0000020edd3d02e8} 'fine' '(Ljava/lang/String;)V' in 'java/util/logging/Logger')}
  0x0000020eb5b40908: c249 b988 | 1251 200f | 0200 0045 | 8b40 0849 | ba00 0000 | dd0e 0200 | 004d 03c2 | 4d3b 8120 
  0x0000020eb5b40928: 0100 0075 | 0d49 8381 | 2801 0000 | 01e9 6000 | 0000 4d3b | 8130 0100 | 0075 0d49 | 8381 3801 
  0x0000020eb5b40948: 0000 01e9 | 4a00 0000 | 4983 b920 | 0100 0000 | 7517 4d89 | 8120 0100 | 0049 c781 | 2801 0000 
  0x0000020eb5b40968: 0100 0000 | e929 0000 | 0049 83b9 | 3001 0000 | 0075 174d | 8981 3001 | 0000 49c7 | 8138 0100 
  0x0000020eb5b40988: 0001 0000 | 00e9 0800 | 0000 4983 | 8118 0100 

  0x0000020eb5b40998: ;   {oop(a 'java/util/logging/Level'{0x00000004049c0550})}
  0x0000020eb5b40998: 0001 49b8 | 5005 9c04 | 0400 0000 

  0x0000020eb5b409a4: ;   {oop("Display destroyed."{0x00000004148004e8})}
  0x0000020eb5b409a4: 49b9 e804 | 8014 0400 

  0x0000020eb5b409ac: ;   {optimized virtual_call}
  0x0000020eb5b409ac: 0000 90e8 

  0x0000020eb5b409b0: ; ImmutableOopMap {[128]=Oop }
                      ;*invokevirtual log {reexecute=0 rethrow=0 return_oop=0}
                      ; - java.util.logging.Logger::fine@5 (line 1832)
                      ; - com.jme3.system.lwjgl.LwjglWindow::deinitInThread@25 (line 613)
                      ; - com.jme3.system.lwjgl.LwjglWindow::run@91 (line 643)
  0x0000020eb5b409b0: 2cde db06 

  0x0000020eb5b409b4: ;   {other}
  0x0000020eb5b409b4: 0f1f 8400 | ac0e 000a | 4881 c4a0 | 0000 005d 

  0x0000020eb5b409c4: ;   {poll_return}
  0x0000020eb5b409c4: 493b a748 | 0400 000f | 8777 0300 

  0x0000020eb5b409d0: ;   {oop(a 'java/util/logging/Logger'{0x0000000414800480})}
  0x0000020eb5b409d0: 00c3 48ba | 8004 8014 | 0400 0000 

  0x0000020eb5b409dc: ;   {metadata(method data for {method} {0x0000020f1fb16f50} 'run' '()V' in 'com/jme3/system/lwjgl/LwjglWindow')}
  0x0000020eb5b409dc: 4c8b c249 | b9f0 2863 | 200f 0200 | 0045 8b40 | 0849 ba00 | 0000 dd0e | 0200 004d | 03c2 4d3b 
  0x0000020eb5b409fc: 81e0 0100 | 0075 0d49 | 8381 e801 | 0000 01e9 | 6000 0000 | 4d3b 81f0 | 0100 0075 | 0d49 8381 
  0x0000020eb5b40a1c: f801 0000 | 01e9 4a00 | 0000 4983 | b9e0 0100 | 0000 7517 | 4d89 81e0 | 0100 0049 | c781 e801 
  0x0000020eb5b40a3c: 0000 0100 | 0000 e929 | 0000 0049 | 83b9 f001 | 0000 0075 | 174d 8981 | f001 0000 | 49c7 81f8 
  0x0000020eb5b40a5c: 0100 0001 | 0000 00e9 | 0800 0000 | 4983 81d8 | 0100 0001 

  0x0000020eb5b40a70: ;   {oop(a 'java/util/logging/Level'{0x00000004049c05f0})}
  0x0000020eb5b40a70: 49b8 f005 | 9c04 0400 

  0x0000020eb5b40a78: ;   {oop("Display initialization failed. Cannot continue."{0x0000000414800500})}
  0x0000020eb5b40a78: 0000 49b9 | 0005 8014 | 0400 0000 

  0x0000020eb5b40a84: ;   {optimized virtual_call}
  0x0000020eb5b40a84: 6666 90e8 

  0x0000020eb5b40a88: ; ImmutableOopMap {[112]=Oop }
                      ;*invokevirtual log {reexecute=0 rethrow=0 return_oop=0}
                      ; - com.jme3.system.lwjgl.LwjglWindow::run@46 (line 626)
  0x0000020eb5b40a88: 54dd db06 

  0x0000020eb5b40a8c: ;   {other}
  0x0000020eb5b40a8c: 0f1f 8400 | 840f 000b | 4881 c4a0 | 0000 005d 

  0x0000020eb5b40a9c: ;   {poll_return}
  0x0000020eb5b40a9c: 493b a748 | 0400 000f | 87b5 0200 | 00c3 660f | 1f44 0000 

  0x0000020eb5b40ab0: ;   {no_reloc}
  0x0000020eb5b40ab0: e9ce 0200 | 0000 0000 | 0000 498b | 87b8 0100 | 0048 8d78 | 2849 3bbf | c801 0000 | 0f87 bb02 
  0x0000020eb5b40ad0: 0000 4989 | bfb8 0100 | 0048 c700 | 0100 0000 | 488b ca49 | ba00 0000 | dd0e 0200 | 0049 2bca 
  0x0000020eb5b40af0: 8948 0848 | 33c9 8948 | 0c48 33c9 | 4889 4810 | 4889 4818 | 4889 4820 

  0x0000020eb5b40b08: ;   {metadata(method data for {method} {0x0000020f1fb16f50} 'run' '()V' in 'com/jme3/system/lwjgl/LwjglWindow')}
  0x0000020eb5b40b08: 4c8b c048 | baf0 2863 | 200f 0200 | 0048 8382 | 3801 0000 

  0x0000020eb5b40b1c: ;   {oop("SystemListener is not set on context!Must set with JmeContext.setSystemListener()."{0x0000000414800518})}
  0x0000020eb5b40b1c: 0149 b818 | 0580 1404 | 0000 0048 | 8bd0 4889 | 8424 8800 | 0000 0f1f 

  0x0000020eb5b40b34: ;   {optimized virtual_call}
  0x0000020eb5b40b34: 4400 00e8 

  0x0000020eb5b40b38: ; ImmutableOopMap {[112]=Oop [136]=Oop }
                      ;*invokespecial <init> {reexecute=0 rethrow=0 return_oop=0}
                      ; - com.jme3.system.lwjgl.LwjglWindow::run@13 (line 619)
  0x0000020eb5b40b38: a4dc db06 

  0x0000020eb5b40b3c: ;   {other}
  0x0000020eb5b40b3c: 0f1f 8400 | 3410 000c | 488b 8424 

  0x0000020eb5b40b48: ; ImmutableOopMap {rax=Oop [112]=Oop }
                      ;*athrow {reexecute=1 rethrow=0 return_oop=0}
                      ; - (reexecute) com.jme3.system.lwjgl.LwjglWindow::run@16 (line 619)
  0x0000020eb5b40b48: 8800 0000 

  0x0000020eb5b40b4c: ;   {section_word}
  0x0000020eb5b40b4c: 48ba 4c0b | b4b5 0e02 

  0x0000020eb5b40b54: ;   {runtime_call handle_exception_nofpu Runtime1 stub}
  0x0000020eb5b40b54: 0000 e805 | 56e9 0690 | 8984 2400 | 80ff ff55 | 4881 eca0 | 0000 0090 | 4181 7f20 | 0000 0000 
  0x0000020eb5b40b74: ;   {runtime_call StubRoutines (final stubs)}
  0x0000020eb5b40b74: 7405 e8c5 | 6bda 06b9 | 0000 0000 | 4863 c948 | 8b34 0a48 | 8bca 4889 

  0x0000020eb5b40b8c: ;   {runtime_call}
  0x0000020eb5b40b8c: 7424 7848 | b830 2d71 | 57f9 7f00 

  0x0000020eb5b40b98: ;   {other}
  0x0000020eb5b40b98: 00ff d00f | 1f84 0000 | 0000 0048 | 8b74 2478 | 488b d6e9 | 60f4 ffff 

  0x0000020eb5b40bb0: ;   {metadata({method} {0x0000020f1fb16f50} 'run' '()V' in 'com/jme3/system/lwjgl/LwjglWindow')}
  0x0000020eb5b40bb0: 49ba 486f | b11f 0f02 | 0000 4c89 | 5424 0848 | c704 24ff 

  0x0000020eb5b40bc4: ;   {runtime_call counter_overflow Runtime1 stub}
  0x0000020eb5b40bc4: ffff ffe8 

  0x0000020eb5b40bc8: ; ImmutableOopMap {rdx=Oop [112]=Oop }
                      ;*synchronization entry
                      ; - com.jme3.system.lwjgl.LwjglWindow::run@-1 (line 618)
  0x0000020eb5b40bc8: 9497 e906 | e91f f2ff 

  0x0000020eb5b40bd0: ;   {metadata({method} {0x0000020f1fb426d8} 'getVersion' '()Ljava/lang/String;' in 'org/lwjgl/Version')}
  0x0000020eb5b40bd0: ff49 bad0 | 26b4 1f0f | 0200 004c | 8954 2408 | 48c7 0424 | ffff ffff 

  0x0000020eb5b40be8: ;   {runtime_call counter_overflow Runtime1 stub}
  0x0000020eb5b40be8: e873 97e9 

  0x0000020eb5b40bec: ; ImmutableOopMap {[112]=Oop }
                      ;*synchronization entry
                      ; - org.lwjgl.Version::getVersion@-1 (line 36)
                      ; - com.jme3.system.lwjgl.LwjglWindow::run@25 (line 623)
  0x0000020eb5b40bec: 06e9 71f2 

  0x0000020eb5b40bf0: ;   {runtime_call throw_null_pointer_exception Runtime1 stub}
  0x0000020eb5b40bf0: ffff e8e9 

  0x0000020eb5b40bf4: ; ImmutableOopMap {rdx=Oop }
                      ;*invokevirtual runLoop {reexecute=0 rethrow=0 return_oop=0}
                      ; - com.jme3.system.lwjgl.LwjglWindow::run@51 (line 632)
                      ;   {runtime_call throw_null_pointer_exception Runtime1 stub}
  0x0000020eb5b40bf4: 26e9 06e8 

  0x0000020eb5b40bf8: ; ImmutableOopMap {rdx=Oop rsi=Oop }
                      ;*invokevirtual get {reexecute=0 rethrow=0 return_oop=0}
                      ; - com.jme3.system.lwjgl.LwjglWindow::run@58 (line 634)
  0x0000020eb5b40bf8: e426 e906 

  0x0000020eb5b40bfc: ;   {metadata({method} {0x0000020f1f235c58} 'get' '()Z' in 'java/util/concurrent/atomic/AtomicBoolean')}
  0x0000020eb5b40bfc: 49ba 505c | 231f 0f02 | 0000 4c89 | 5424 0848 | c704 24ff 

  0x0000020eb5b40c10: ;   {runtime_call counter_overflow Runtime1 stub}
  0x0000020eb5b40c10: ffff ffe8 

  0x0000020eb5b40c14: ; ImmutableOopMap {rdx=Oop rsi=Oop }
                      ;*synchronization entry
                      ; - java.util.concurrent.atomic.AtomicBoolean::get@-1 (line 88)
                      ; - com.jme3.system.lwjgl.LwjglWindow::run@58 (line 634)
  0x0000020eb5b40c14: 4897 e906 | e9f5 f4ff 

  0x0000020eb5b40c1c: ;   {metadata({method} {0x0000020f1fb16f50} 'run' '()V' in 'com/jme3/system/lwjgl/LwjglWindow')}
  0x0000020eb5b40c1c: ff49 ba48 | 6fb1 1f0f | 0200 004c | 8954 2408 | 48c7 0424 | 4a00 0000 

  0x0000020eb5b40c34: ;   {runtime_call counter_overflow Runtime1 stub}
  0x0000020eb5b40c34: e827 97e9 

  0x0000020eb5b40c38: ; ImmutableOopMap {[128]=Oop }
                      ;*ifeq {reexecute=1 rethrow=0 return_oop=0}
                      ; - (reexecute) com.jme3.system.lwjgl.LwjglWindow::run@74 (line 638)
  0x0000020eb5b40c38: 06e9 bbf5 

  0x0000020eb5b40c3c: ;   {runtime_call throw_incompatible_class_change_error Runtime1 stub}
  0x0000020eb5b40c3c: ffff e89d 

  0x0000020eb5b40c40: ; ImmutableOopMap {rdx=Oop rsi=Oop }
                      ;*invokeinterface requestClose {reexecute=0 rethrow=0 return_oop=0}
                      ; - com.jme3.system.lwjgl.LwjglWindow::run@82 (line 639)
                      ;   {runtime_call throw_null_pointer_exception Runtime1 stub}
  0x0000020eb5b40c40: 68e9 06e8 

  0x0000020eb5b40c44: ; ImmutableOopMap {rdx=Oop rsi=Oop }
                      ;*invokeinterface requestClose {reexecute=0 rethrow=0 return_oop=0}
                      ; - com.jme3.system.lwjgl.LwjglWindow::run@82 (line 639)
  0x0000020eb5b40c44: 9826 e906 

  0x0000020eb5b40c48: ;   {metadata({method} {0x0000020f1f408e98} 'requestClose' '(Z)V' in 'com/jme3/app/LegacyApplication')}
  0x0000020eb5b40c48: 49ba 908e | 401f 0f02 | 0000 4c89 | 5424 0848 | c704 24ff 

  0x0000020eb5b40c5c: ;   {runtime_call counter_overflow Runtime1 stub}
  0x0000020eb5b40c5c: ffff ffe8 

  0x0000020eb5b40c60: ; ImmutableOopMap {rdx=Oop rsi=Oop }
                      ;*synchronization entry
                      ; - com.jme3.app.LegacyApplication::requestClose@-1 (line 661)
                      ; - com.jme3.system.lwjgl.LwjglWindow::run@82 (line 639)
  0x0000020eb5b40c60: fc96 e906 | e9c5 f6ff 

  0x0000020eb5b40c68: ;   {runtime_call throw_incompatible_class_change_error Runtime1 stub}
  0x0000020eb5b40c68: ffe8 7268 

  0x0000020eb5b40c6c: ; ImmutableOopMap {rdx=Oop rsi=Oop rdi=Oop }
                      ;*invokeinterface destroy {reexecute=0 rethrow=0 return_oop=0}
                      ; - com.jme3.app.LegacyApplication::requestClose@5 (line 661)
                      ; - com.jme3.system.lwjgl.LwjglWindow::run@82 (line 639)
                      ;   {runtime_call throw_null_pointer_exception Runtime1 stub}
  0x0000020eb5b40c6c: e906 e86d 

  0x0000020eb5b40c70: ; ImmutableOopMap {rdx=Oop rsi=Oop rdi=Oop }
                      ;*invokeinterface destroy {reexecute=0 rethrow=0 return_oop=0}
                      ; - com.jme3.app.LegacyApplication::requestClose@5 (line 661)
                      ; - com.jme3.system.lwjgl.LwjglWindow::run@82 (line 639)
                      ;   {metadata({method} {0x0000020f1fb17408} 'destroy' '(Z)V' in 'com/jme3/system/lwjgl/LwjglWindow')}
  0x0000020eb5b40c70: 26e9 0649 | ba00 74b1 | 1f0f 0200 | 004c 8954 | 2408 48c7 | 0424 ffff 

  0x0000020eb5b40c88: ;   {runtime_call counter_overflow Runtime1 stub}
  0x0000020eb5b40c88: ffff e8d1 

  0x0000020eb5b40c8c: ; ImmutableOopMap {rdx=Oop rsi=Oop rdi=Oop }
                      ;*synchronization entry
                      ; - com.jme3.system.lwjgl.LwjglWindow::destroy@-1 (line 682)
                      ; - com.jme3.app.LegacyApplication::requestClose@5 (line 661)
                      ; - com.jme3.system.lwjgl.LwjglWindow::run@82 (line 639)
  0x0000020eb5b40c8c: 96e9 06e9 | 92f7 ffff 

  0x0000020eb5b40c94: ;   {runtime_call throw_null_pointer_exception Runtime1 stub}
  0x0000020eb5b40c94: e847 26e9 

  0x0000020eb5b40c98: ; ImmutableOopMap {rdx=Oop rsi=Oop rdi=Oop rbx=Oop }
                      ;*invokevirtual set {reexecute=0 rethrow=0 return_oop=0}
                      ; - com.jme3.system.lwjgl.LwjglWindow::destroy@5 (line 682)
                      ; - com.jme3.app.LegacyApplication::requestClose@5 (line 661)
                      ; - com.jme3.system.lwjgl.LwjglWindow::run@82 (line 639)
                      ;   {metadata({method} {0x0000020f1f2360f0} 'set' '(Z)V' in 'java/util/concurrent/atomic/AtomicBoolean')}
  0x0000020eb5b40c98: 0649 bae8 | 6023 1f0f | 0200 004c | 8954 2408 | 48c7 0424 | ffff ffff 

  0x0000020eb5b40cb0: ;   {runtime_call counter_overflow Runtime1 stub}
  0x0000020eb5b40cb0: e8ab 96e9 

  0x0000020eb5b40cb4: ; ImmutableOopMap {rdx=Oop rsi=Oop rdi=Oop rbx=Oop }
                      ;*synchronization entry
                      ; - java.util.concurrent.atomic.AtomicBoolean::set@-1 (line 153)
                      ; - com.jme3.system.lwjgl.LwjglWindow::destroy@5 (line 682)
                      ; - com.jme3.app.LegacyApplication::requestClose@5 (line 661)
                      ; - com.jme3.system.lwjgl.LwjglWindow::run@82 (line 639)
  0x0000020eb5b40cb4: 06e9 b2f7 

  0x0000020eb5b40cb8: ;   {metadata({method} {0x0000020f1fb16f50} 'run' '()V' in 'com/jme3/system/lwjgl/LwjglWindow')}
  0x0000020eb5b40cb8: ffff 49ba | 486f b11f | 0f02 0000 | 4c89 5424 | 0848 c704 | 2457 0000 

  0x0000020eb5b40cd0: ;   {runtime_call counter_overflow Runtime1 stub}
  0x0000020eb5b40cd0: 00e8 8a96 

  0x0000020eb5b40cd4: ; ImmutableOopMap {rdx=Oop }
                      ;*goto {reexecute=1 rethrow=0 return_oop=0}
                      ; - (reexecute) com.jme3.system.lwjgl.LwjglWindow::run@87 (line 639)
  0x0000020eb5b40cd4: e906 e944 

  0x0000020eb5b40cd8: ;   {metadata({method} {0x0000020f1fb16e40} 'deinitInThread' '()V' in 'com/jme3/system/lwjgl/LwjglWindow')}
  0x0000020eb5b40cd8: f8ff ff49 | ba38 6eb1 | 1f0f 0200 | 004c 8954 | 2408 48c7 | 0424 ffff 

  0x0000020eb5b40cf0: ;   {runtime_call counter_overflow Runtime1 stub}
  0x0000020eb5b40cf0: ffff e869 

  0x0000020eb5b40cf4: ; ImmutableOopMap {rdx=Oop }
                      ;*synchronization entry
                      ; - com.jme3.system.lwjgl.LwjglWindow::deinitInThread@-1 (line 607)
                      ; - com.jme3.system.lwjgl.LwjglWindow::run@91 (line 643)
  0x0000020eb5b40cf4: 96e9 06e9 | 0cf9 ffff 

  0x0000020eb5b40cfc: ;   {runtime_call throw_incompatible_class_change_error Runtime1 stub}
  0x0000020eb5b40cfc: e8df 67e9 

  0x0000020eb5b40d00: ; ImmutableOopMap {rdx=Oop rsi=Oop }
                      ;*invokeinterface destroy {reexecute=0 rethrow=0 return_oop=0}
                      ; - com.jme3.system.lwjgl.LwjglWindow::deinitInThread@4 (line 607)
                      ; - com.jme3.system.lwjgl.LwjglWindow::run@91 (line 643)
                      ;   {runtime_call throw_null_pointer_exception Runtime1 stub}
  0x0000020eb5b40d00: 06e8 da25 

  0x0000020eb5b40d04: ; ImmutableOopMap {rdx=Oop rsi=Oop }
                      ;*invokeinterface destroy {reexecute=0 rethrow=0 return_oop=0}
                      ; - com.jme3.system.lwjgl.LwjglWindow::deinitInThread@4 (line 607)
                      ; - com.jme3.system.lwjgl.LwjglWindow::run@91 (line 643)
                      ;   {metadata({method} {0x0000020f1fc2d650} 'glfwTerminate' '()V' in 'org/lwjgl/glfw/GLFW')}
  0x0000020eb5b40d04: e906 49ba | 48d6 c21f | 0f02 0000 | 4c89 5424 | 0848 c704 | 24ff ffff 

  0x0000020eb5b40d1c: ;   {runtime_call counter_overflow Runtime1 stub}
  0x0000020eb5b40d1c: ffe8 3e96 

  0x0000020eb5b40d20: ; ImmutableOopMap {[128]=Oop }
                      ;*synchronization entry
                      ; - org.lwjgl.glfw.GLFW::glfwTerminate@-1 (line 854)
                      ; - com.jme3.system.lwjgl.LwjglWindow::deinitInThread@17 (line 611)
                      ; - com.jme3.system.lwjgl.LwjglWindow::run@91 (line 643)
  0x0000020eb5b40d20: e906 e9e6 

  0x0000020eb5b40d24: ;   {metadata({method} {0x0000020edd3d02e8} 'fine' '(Ljava/lang/String;)V' in 'java/util/logging/Logger')}
  0x0000020eb5b40d24: faff ff49 | bae0 023d | dd0e 0200 | 004c 8954 | 2408 48c7 | 0424 ffff 

  0x0000020eb5b40d3c: ;   {runtime_call counter_overflow Runtime1 stub}
  0x0000020eb5b40d3c: ffff e81d 

  0x0000020eb5b40d40: ; ImmutableOopMap {rdx=Oop [128]=Oop }
                      ;*synchronization entry
                      ; - java.util.logging.Logger::fine@-1 (line 1832)
                      ; - com.jme3.system.lwjgl.LwjglWindow::deinitInThread@25 (line 613)
                      ; - com.jme3.system.lwjgl.LwjglWindow::run@91 (line 643)
  0x0000020eb5b40d40: 96e9 06e9 | befb ffff 

  0x0000020eb5b40d48: ;   {internal_word}
  0x0000020eb5b40d48: 49ba c409 | b4b5 0e02 | 0000 4d89 | 9760 0400 

  0x0000020eb5b40d58: ;   {runtime_call SafepointBlob}
  0x0000020eb5b40d58: 00e9 8246 

  0x0000020eb5b40d5c: ;   {internal_word}
  0x0000020eb5b40d5c: dc06 49ba | 9c0a b4b5 | 0e02 0000 | 4d89 9760 

  0x0000020eb5b40d6c: ;   {runtime_call SafepointBlob}
  0x0000020eb5b40d6c: 0400 00e9 | 6c46 dc06 

  0x0000020eb5b40d74: ;   {metadata(nullptr)}
  0x0000020eb5b40d74: 48ba 0000 | 0000 0000 | 0000 b800 

  0x0000020eb5b40d80: ;   {runtime_call load_klass_patching Runtime1 stub}
  0x0000020eb5b40d80: 0f05 0ae8 

  0x0000020eb5b40d84: ; ImmutableOopMap {[112]=Oop }
                      ;*new {reexecute=1 rethrow=0 return_oop=0}
                      ; - (reexecute) com.jme3.system.lwjgl.LwjglWindow::run@7 (line 619)
  0x0000020eb5b40d84: d880 e906 | e923 fdff | ff48 8bd2 

  0x0000020eb5b40d90: ;   {runtime_call fast_new_instance Runtime1 stub}
  0x0000020eb5b40d90: e8cb 32e9 

  0x0000020eb5b40d94: ; ImmutableOopMap {[112]=Oop }
                      ;*new {reexecute=0 rethrow=0 return_oop=0}
                      ; - com.jme3.system.lwjgl.LwjglWindow::run@7 (line 619)
  0x0000020eb5b40d94: 06e9 6efd | ffff 498b | 8700 0500 | 0049 c787 | 0005 0000 | 0000 0000 | 49c7 8708 | 0500 0000 
  0x0000020eb5b40db4: 0000 0048 | 81c4 a000 

  0x0000020eb5b40dbc: ;   {runtime_call unwind_exception Runtime1 stub}
  0x0000020eb5b40dbc: 0000 5de9 | 9c08 e906 | f4f4 f4f4 
[Stub Code]
  0x0000020eb5b40dc8: ;   {no_reloc}
  0x0000020eb5b40dc8: 0f1f 4400 

  0x0000020eb5b40dcc: ;   {static_stub}
  0x0000020eb5b40dcc: 0048 bb00 | 0000 0000 

  0x0000020eb5b40dd4: ;   {runtime_call nmethod}
  0x0000020eb5b40dd4: 0000 00e9 | fbff ffff 

  0x0000020eb5b40ddc: ;   {static_stub}
  0x0000020eb5b40ddc: 9048 bb00 | 0000 0000 

  0x0000020eb5b40de4: ;   {runtime_call nmethod}
  0x0000020eb5b40de4: 0000 00e9 | fbff ffff 

  0x0000020eb5b40dec: ;   {static_stub}
  0x0000020eb5b40dec: 9048 bb00 | 0000 0000 

  0x0000020eb5b40df4: ;   {runtime_call nmethod}
  0x0000020eb5b40df4: 0000 00e9 | fbff ffff 

  0x0000020eb5b40dfc: ;   {static_stub}
  0x0000020eb5b40dfc: 9048 bb00 | 0000 0000 

  0x0000020eb5b40e04: ;   {runtime_call nmethod}
  0x0000020eb5b40e04: 0000 00e9 | fbff ffff 

  0x0000020eb5b40e0c: ;   {static_stub}
  0x0000020eb5b40e0c: 9048 bb00 | 0000 0000 

  0x0000020eb5b40e14: ;   {runtime_call nmethod}
  0x0000020eb5b40e14: 0000 00e9 | fbff ffff 

  0x0000020eb5b40e1c: ;   {static_stub}
  0x0000020eb5b40e1c: 9048 bb00 | 0000 0000 

  0x0000020eb5b40e24: ;   {runtime_call nmethod}
  0x0000020eb5b40e24: 0000 00e9 | fbff ffff 

  0x0000020eb5b40e2c: ;   {static_stub}
  0x0000020eb5b40e2c: 9048 bb00 | 0000 0000 

  0x0000020eb5b40e34: ;   {runtime_call nmethod}
  0x0000020eb5b40e34: 0000 00e9 | fbff ffff 

  0x0000020eb5b40e3c: ;   {static_stub}
  0x0000020eb5b40e3c: 9048 bb00 | 0000 0000 

  0x0000020eb5b40e44: ;   {runtime_call nmethod}
  0x0000020eb5b40e44: 0000 00e9 | fbff ffff 

  0x0000020eb5b40e4c: ;   {static_stub}
  0x0000020eb5b40e4c: 48bb 0000 | 0000 0000 

  0x0000020eb5b40e54: ;   {runtime_call nmethod}
  0x0000020eb5b40e54: 0000 e9fb 

  0x0000020eb5b40e58: ;   {static_stub}
  0x0000020eb5b40e58: ffff ff48 | bb00 0000 | 0000 0000 

  0x0000020eb5b40e64: ;   {runtime_call nmethod}
  0x0000020eb5b40e64: 00e9 fbff 

  0x0000020eb5b40e68: ;   {static_stub}
  0x0000020eb5b40e68: ffff 48bb | 0000 0000 | 0000 0000 

  0x0000020eb5b40e74: ;   {runtime_call nmethod}
  0x0000020eb5b40e74: e9fb ffff 

  0x0000020eb5b40e78: ;   {runtime_call handle_exception_from_callee Runtime1 stub}
  0x0000020eb5b40e78: ffe8 e258 

  0x0000020eb5b40e7c: ;   {external_word}
  0x0000020eb5b40e7c: e906 48b9 | 40d5 d357 | f97f 0000 | 4883 e4f0 

  0x0000020eb5b40e8c: ;   {runtime_call}
  0x0000020eb5b40e8c: 48b8 704a | 9a57 f97f | 0000 ffd0 

  0x0000020eb5b40e98: ;   {section_word}
  0x0000020eb5b40e98: f449 ba99 | 0eb4 b50e | 0200 0041 

  0x0000020eb5b40ea4: ;   {runtime_call DeoptimizationBlob}
  0x0000020eb5b40ea4: 52e9 d637 | dc06 f4f4 | f4f4 f4f4 
[/MachCode]


---------------  P R O C E S S  ---------------

Threads class SMR info:
_java_thread_list=0x0000020f366fa760, length=19, elements={
0x0000020eaaa8e580, 0x0000020f1e0e6d20, 0x0000020f1e0e7c40, 0x0000020f1e0eb930,
0x0000020f1e0ec9a0, 0x0000020f1e0ef1b0, 0x0000020f1e0f8240, 0x0000020f1e1076d0,
0x0000020f1e10c3d0, 0x0000020f1e26d710, 0x0000020f1e27dfd0, 0x0000020f1e280880,
0x0000020f1e285e10, 0x0000020f1e33bdf0, 0x0000020f1ed6d760, 0x0000020f2402b2b0,
0x0000020f2402c660, 0x0000020f2e340490, 0x0000020f2e33dd30
}

Java Threads: ( => current thread )
=>0x0000020eaaa8e580 JavaThread "main"                              [_thread_in_native, id=38308, stack(0x0000003a17700000,0x0000003a17800000) (1024K)]
  0x0000020f1e0e6d20 JavaThread "Reference Handler"          daemon [_thread_blocked, id=27296, stack(0x0000003a17f00000,0x0000003a18000000) (1024K)]
  0x0000020f1e0e7c40 JavaThread "Finalizer"                  daemon [_thread_blocked, id=24608, stack(0x0000003a18000000,0x0000003a18100000) (1024K)]
  0x0000020f1e0eb930 JavaThread "Signal Dispatcher"          daemon [_thread_blocked, id=30368, stack(0x0000003a18100000,0x0000003a18200000) (1024K)]
  0x0000020f1e0ec9a0 JavaThread "Attach Listener"            daemon [_thread_blocked, id=36164, stack(0x0000003a18200000,0x0000003a18300000) (1024K)]
  0x0000020f1e0ef1b0 JavaThread "Service Thread"             daemon [_thread_blocked, id=39596, stack(0x0000003a18300000,0x0000003a18400000) (1024K)]
  0x0000020f1e0f8240 JavaThread "Monitor Deflation Thread"   daemon [_thread_blocked, id=43544, stack(0x0000003a18400000,0x0000003a18500000) (1024K)]
  0x0000020f1e1076d0 JavaThread "C2 CompilerThread0"         daemon [_thread_blocked, id=30496, stack(0x0000003a18500000,0x0000003a18600000) (1024K)]
  0x0000020f1e10c3d0 JavaThread "C1 CompilerThread0"         daemon [_thread_blocked, id=17748, stack(0x0000003a18600000,0x0000003a18700000) (1024K)]
  0x0000020f1e26d710 JavaThread "JDWP Transport Listener: dt_socket" daemon [_thread_blocked, id=7272, stack(0x0000003a18800000,0x0000003a18900000) (1024K)]
  0x0000020f1e27dfd0 JavaThread "JDWP Event Helper Thread"   daemon [_thread_blocked, id=5468, stack(0x0000003a18900000,0x0000003a18a00000) (1024K)]
  0x0000020f1e280880 JavaThread "JDWP Command Reader"        daemon [_thread_in_native, id=28096, stack(0x0000003a18a00000,0x0000003a18b00000) (1024K)]
  0x0000020f1e285e10 JavaThread "Notification Thread"        daemon [_thread_blocked, id=43396, stack(0x0000003a18b00000,0x0000003a18c00000) (1024K)]
  0x0000020f1e33bdf0 JavaThread "Common-Cleaner"             daemon [_thread_blocked, id=60356, stack(0x0000003a18c00000,0x0000003a18d00000) (1024K)]
  0x0000020f1ed6d760 JavaThread "Java2D Disposer"            daemon [_thread_blocked, id=31844, stack(0x0000003a18f00000,0x0000003a19000000) (1024K)]
  0x0000020f2402b2b0 JavaThread "TimerQueue"                 daemon [_thread_blocked, id=39732, stack(0x0000003a19bf0000,0x0000003a19cf0000) (1024K)]
  0x0000020f2402c660 JavaThread "Thread to free LWJGL byte buffers" daemon [_thread_blocked, id=6308, stack(0x0000003a1b6d0000,0x0000003a1b7d0000) (1024K)]
  0x0000020f2e340490 JavaThread "jME3 Audio Decoder"         daemon [_thread_blocked, id=56424, stack(0x0000003a1b5d0000,0x0000003a1b6d0000) (1024K)]
  0x0000020f2e33dd30 JavaThread "AWT-Shutdown"                      [_thread_blocked, id=41676, stack(0x0000003a19000000,0x0000003a19100000) (1024K)]
Total: 19

Other Threads:
  0x0000020ec575ee80 VMThread "VM Thread"                           [id=38484, stack(0x0000003a17e00000,0x0000003a17f00000) (1024K)]
  0x0000020eacdbf480 WorkerThread "GC Thread#0"                     [id=52724, stack(0x0000003a17800000,0x0000003a17900000) (1024K)]
  0x0000020f2b0c7db0 WorkerThread "GC Thread#1"                     [id=54528, stack(0x0000003a19ed0000,0x0000003a19fd0000) (1024K)]
  0x0000020f2b1dc310 WorkerThread "GC Thread#2"                     [id=33372, stack(0x0000003a19fd0000,0x0000003a1a0d0000) (1024K)]
  0x0000020f2b189ac0 WorkerThread "GC Thread#3"                     [id=59236, stack(0x0000003a1a0d0000,0x0000003a1a1d0000) (1024K)]
  0x0000020f2b188c00 WorkerThread "GC Thread#4"                     [id=27836, stack(0x0000003a1a1d0000,0x0000003a1a2d0000) (1024K)]
  0x0000020f2b189e70 WorkerThread "GC Thread#5"                     [id=61156, stack(0x0000003a1a2d0000,0x0000003a1a3d0000) (1024K)]
  0x0000020f2b188fb0 WorkerThread "GC Thread#6"                     [id=3520, stack(0x0000003a1a3d0000,0x0000003a1a4d0000) (1024K)]
  0x0000020f2b189360 WorkerThread "GC Thread#7"                     [id=3648, stack(0x0000003a1a4d0000,0x0000003a1a5d0000) (1024K)]
  0x0000020f2b1884a0 WorkerThread "GC Thread#8"                     [id=33432, stack(0x0000003a1a5d0000,0x0000003a1a6d0000) (1024K)]
  0x0000020f2b188850 WorkerThread "GC Thread#9"                     [id=19488, stack(0x0000003a1a6d0000,0x0000003a1a7d0000) (1024K)]
  0x0000020f2b189710 WorkerThread "GC Thread#10"                    [id=15280, stack(0x0000003a1a7d0000,0x0000003a1a8d0000) (1024K)]
  0x0000020f2b1614c0 WorkerThread "GC Thread#11"                    [id=48200, stack(0x0000003a1a8d0000,0x0000003a1a9d0000) (1024K)]
  0x0000020f2b161fd0 WorkerThread "GC Thread#12"                    [id=50880, stack(0x0000003a1a9d0000,0x0000003a1aad0000) (1024K)]
  0x0000020f2b162380 WorkerThread "GC Thread#13"                    [id=38412, stack(0x0000003a18d00000,0x0000003a18e00000) (1024K)]
  0x0000020f2b161c20 WorkerThread "GC Thread#14"                    [id=32184, stack(0x0000003a1aed0000,0x0000003a1afd0000) (1024K)]
  0x0000020f2b160d60 WorkerThread "GC Thread#15"                    [id=16424, stack(0x0000003a1afd0000,0x0000003a1b0d0000) (1024K)]
  0x0000020f2b1609b0 WorkerThread "GC Thread#16"                    [id=10816, stack(0x0000003a1b0d0000,0x0000003a1b1d0000) (1024K)]
  0x0000020f2b1639a0 WorkerThread "GC Thread#17"                    [id=56528, stack(0x0000003a1b1d0000,0x0000003a1b2d0000) (1024K)]
  0x0000020f2b1635f0 WorkerThread "GC Thread#18"                    [id=59092, stack(0x0000003a1b2d0000,0x0000003a1b3d0000) (1024K)]
  0x0000020f2b163d50 WorkerThread "GC Thread#19"                    [id=35212, stack(0x0000003a1b3d0000,0x0000003a1b4d0000) (1024K)]
  0x0000020ec55f0010 ConcurrentGCThread "G1 Main Marker"            terminated
  0x0000020ec55f0b20 WorkerThread "G1 Conc#0"                       [id=50824, stack(0x0000003a17a00000,0x0000003a17b00000) (1024K)]
  0x0000020f2b162e90 WorkerThread "G1 Conc#1"                       [id=50660, stack(0x0000003a1bdd0000,0x0000003a1bed0000) (1024K)]
  0x0000020f2b161870 WorkerThread "G1 Conc#2"                       [id=48276, stack(0x0000003a1bed0000,0x0000003a1bfd0000) (1024K)]
  0x0000020f2b162ae0 WorkerThread "G1 Conc#3"                       [id=38176, stack(0x0000003a1bfd0000,0x0000003a1c0d0000) (1024K)]
  0x0000020f2b160600 WorkerThread "G1 Conc#4"                       [id=39056, stack(0x0000003a1c0d0000,0x0000003a1c1d0000) (1024K)]
  0x0000020ec56ed0f0 ConcurrentGCThread "G1 Refine#0"               terminated
  0x0000020eaa9cdb60 ConcurrentGCThread "G1 Service"                terminated
Total: 29

Threads with active compile tasks:
Total: 0

VM state: not at safepoint (normal execution)

VM Mutex/Monitor currently owned by a thread: None

Heap address: 0x0000000404000000, size: 16320 MB, Compressed Oops mode: Zero based, Oop shift amount: 3

CDS archive(s) mapped at: [0x0000020edd000000-0x0000020eddd70000-0x0000020eddd70000), size 14090240, SharedBaseAddress: 0x0000020edd000000, ArchiveRelocationMode: 1.
Compressed class space mapped at: 0x0000020ede000000-0x0000020f1e000000, reserved size: 1073741824
Narrow klass base: 0x0000020edd000000, Narrow klass shift: 0, Narrow klass range: 0x41000000

GC Precious Log:
 CardTable entry size: 512
 Card Set container configuration: InlinePtr #cards 4 size 8 Array Of Cards #cards 64 size 144 Howl #buckets 8 coarsen threshold 14745 Howl Bitmap #cards 2048 size 272 coarsen threshold 1843 Card regions per heap region 1 cards per card region 16384
 CPUs: 28 total, 28 available
 Memory: 65277M
 Large Page Support: Disabled
 NUMA Support: Disabled
 Compressed Oops: Enabled (Zero based)
 Heap Region Size: 8M
 Heap Min Capacity: 8M
 Heap Initial Capacity: 1G
 Heap Max Capacity: 16320M
 Pre-touch: Disabled
 Parallel Workers: 20
 Concurrent Workers: 5
 Concurrent Refinement Workers: 20
 Periodic GC: Disabled

Heap:
 garbage-first heap   total reserved 16711680K, committed 548864K, used 214624K [0x0000000404000000, 0x0000000800000000)
  region size 8192K, 26 young (212992K), 2 survivors (16384K)
 Metaspace       used 23895K, committed 24192K, reserved 1114112K
  class space    used 2191K, committed 2304K, reserved 1048576K

Heap Regions: E=young(eden), S=young(survivor), O=old, HS=humongous(starts), HC=humongous(continues), CS=collection set, F=free, TAMS=top-at-mark-start, PB=parsable bottom
|   0|0x0000000404000000, 0x0000000404000000, 0x0000000404800000|  0%| F|  |TAMS 0x0000000404000000| PB 0x0000000404000000| Untracked |  0
|   1|0x0000000404800000, 0x0000000405000000, 0x0000000405000000|100%| O|  |TAMS 0x0000000404800000| PB 0x0000000404800000| Untracked |  0
|   2|0x0000000405000000, 0x0000000405000000, 0x0000000405800000|  0%| F|  |TAMS 0x0000000405000000| PB 0x0000000405000000| Untracked |  0
|   3|0x0000000405800000, 0x0000000405800000, 0x0000000406000000|  0%| F|  |TAMS 0x0000000405800000| PB 0x0000000405800000| Untracked |  0
|   4|0x0000000406000000, 0x0000000406000000, 0x0000000406800000|  0%| F|  |TAMS 0x0000000406000000| PB 0x0000000406000000| Untracked |  0
|   5|0x0000000406800000, 0x0000000406800000, 0x0000000407000000|  0%| F|  |TAMS 0x0000000406800000| PB 0x0000000406800000| Untracked |  0
|   6|0x0000000407000000, 0x0000000407000000, 0x0000000407800000|  0%| F|  |TAMS 0x0000000407000000| PB 0x0000000407000000| Untracked |  0
|   7|0x0000000407800000, 0x0000000407800000, 0x0000000408000000|  0%| F|  |TAMS 0x0000000407800000| PB 0x0000000407800000| Untracked |  0
|   8|0x0000000408000000, 0x0000000408000000, 0x0000000408800000|  0%| F|  |TAMS 0x0000000408000000| PB 0x0000000408000000| Untracked |  0
|   9|0x0000000408800000, 0x0000000408800000, 0x0000000409000000|  0%| F|  |TAMS 0x0000000408800000| PB 0x0000000408800000| Untracked |  0
|  10|0x0000000409000000, 0x0000000409000000, 0x0000000409800000|  0%| F|  |TAMS 0x0000000409000000| PB 0x0000000409000000| Untracked |  0
|  11|0x0000000409800000, 0x0000000409800000, 0x000000040a000000|  0%| F|  |TAMS 0x0000000409800000| PB 0x0000000409800000| Untracked |  0
|  12|0x000000040a000000, 0x000000040a000000, 0x000000040a800000|  0%| F|  |TAMS 0x000000040a000000| PB 0x000000040a000000| Untracked |  0
|  13|0x000000040a800000, 0x000000040a800000, 0x000000040b000000|  0%| F|  |TAMS 0x000000040a800000| PB 0x000000040a800000| Untracked |  0
|  14|0x000000040b000000, 0x000000040b000000, 0x000000040b800000|  0%| F|  |TAMS 0x000000040b000000| PB 0x000000040b000000| Untracked |  0
|  15|0x000000040b800000, 0x000000040b800000, 0x000000040c000000|  0%| F|  |TAMS 0x000000040b800000| PB 0x000000040b800000| Untracked |  0
|  16|0x000000040c000000, 0x000000040c000000, 0x000000040c800000|  0%| F|  |TAMS 0x000000040c000000| PB 0x000000040c000000| Untracked |  0
|  17|0x000000040c800000, 0x000000040c800000, 0x000000040d000000|  0%| F|  |TAMS 0x000000040c800000| PB 0x000000040c800000| Untracked |  0
|  18|0x000000040d000000, 0x000000040d000000, 0x000000040d800000|  0%| F|  |TAMS 0x000000040d000000| PB 0x000000040d000000| Untracked |  0
|  19|0x000000040d800000, 0x000000040d800000, 0x000000040e000000|  0%| F|  |TAMS 0x000000040d800000| PB 0x000000040d800000| Untracked |  0
|  20|0x000000040e000000, 0x000000040e000000, 0x000000040e800000|  0%| F|  |TAMS 0x000000040e000000| PB 0x000000040e000000| Untracked |  0
|  21|0x000000040e800000, 0x000000040e800000, 0x000000040f000000|  0%| F|  |TAMS 0x000000040e800000| PB 0x000000040e800000| Untracked |  0
|  22|0x000000040f000000, 0x000000040f000000, 0x000000040f800000|  0%| F|  |TAMS 0x000000040f000000| PB 0x000000040f000000| Untracked |  0
|  23|0x000000040f800000, 0x000000040f800000, 0x0000000410000000|  0%| F|  |TAMS 0x000000040f800000| PB 0x000000040f800000| Untracked |  0
|  24|0x0000000410000000, 0x0000000410000000, 0x0000000410800000|  0%| F|  |TAMS 0x0000000410000000| PB 0x0000000410000000| Untracked |  0
|  25|0x0000000410800000, 0x0000000410800000, 0x0000000411000000|  0%| F|  |TAMS 0x0000000410800000| PB 0x0000000410800000| Untracked |  0
|  26|0x0000000411000000, 0x0000000411000000, 0x0000000411800000|  0%| F|  |TAMS 0x0000000411000000| PB 0x0000000411000000| Untracked |  0
|  27|0x0000000411800000, 0x0000000411800000, 0x0000000412000000|  0%| F|  |TAMS 0x0000000411800000| PB 0x0000000411800000| Untracked |  0
|  28|0x0000000412000000, 0x0000000412000000, 0x0000000412800000|  0%| F|  |TAMS 0x0000000412000000| PB 0x0000000412000000| Untracked |  0
|  29|0x0000000412800000, 0x0000000412800000, 0x0000000413000000|  0%| F|  |TAMS 0x0000000412800000| PB 0x0000000412800000| Untracked |  0
|  30|0x0000000413000000, 0x0000000413000000, 0x0000000413800000|  0%| F|  |TAMS 0x0000000413000000| PB 0x0000000413000000| Untracked |  0
|  31|0x0000000413800000, 0x0000000413800000, 0x0000000414000000|  0%| F|  |TAMS 0x0000000413800000| PB 0x0000000413800000| Untracked |  0
|  32|0x0000000414000000, 0x000000041430d5a0, 0x0000000414800000| 38%| S|CS|TAMS 0x0000000414000000| PB 0x0000000414000000| Complete |  0
|  33|0x0000000414800000, 0x0000000415000000, 0x0000000415000000|100%| S|CS|TAMS 0x0000000414800000| PB 0x0000000414800000| Complete |  0
|  34|0x0000000415000000, 0x0000000415000000, 0x0000000415800000|  0%| F|  |TAMS 0x0000000415000000| PB 0x0000000415000000| Untracked |  0
|  35|0x0000000415800000, 0x0000000415800000, 0x0000000416000000|  0%| F|  |TAMS 0x0000000415800000| PB 0x0000000415800000| Untracked |  0
|  36|0x0000000416000000, 0x0000000416000000, 0x0000000416800000|  0%| F|  |TAMS 0x0000000416000000| PB 0x0000000416000000| Untracked |  0
|  37|0x0000000416800000, 0x0000000416800000, 0x0000000417000000|  0%| F|  |TAMS 0x0000000416800000| PB 0x0000000416800000| Untracked |  0
|  38|0x0000000417000000, 0x0000000417000000, 0x0000000417800000|  0%| F|  |TAMS 0x0000000417000000| PB 0x0000000417000000| Untracked |  0
|  39|0x0000000417800000, 0x0000000417800000, 0x0000000418000000|  0%| F|  |TAMS 0x0000000417800000| PB 0x0000000417800000| Untracked |  0
|  40|0x0000000418000000, 0x0000000418000000, 0x0000000418800000|  0%| F|  |TAMS 0x0000000418000000| PB 0x0000000418000000| Untracked |  0
|  41|0x0000000418800000, 0x0000000418800000, 0x0000000419000000|  0%| F|  |TAMS 0x0000000418800000| PB 0x0000000418800000| Untracked |  0
|  42|0x0000000419000000, 0x00000004196c2950, 0x0000000419800000| 84%| E|  |TAMS 0x0000000419000000| PB 0x0000000419000000| Complete |  0
|  43|0x0000000419800000, 0x000000041a000000, 0x000000041a000000|100%| E|CS|TAMS 0x0000000419800000| PB 0x0000000419800000| Complete |  0
|  44|0x000000041a000000, 0x000000041a800000, 0x000000041a800000|100%| E|CS|TAMS 0x000000041a000000| PB 0x000000041a000000| Complete |  0
|  45|0x000000041a800000, 0x000000041b000000, 0x000000041b000000|100%| E|CS|TAMS 0x000000041a800000| PB 0x000000041a800000| Complete |  0
|  46|0x000000041b000000, 0x000000041b800000, 0x000000041b800000|100%| E|CS|TAMS 0x000000041b000000| PB 0x000000041b000000| Complete |  0
|  47|0x000000041b800000, 0x000000041c000000, 0x000000041c000000|100%| E|CS|TAMS 0x000000041b800000| PB 0x000000041b800000| Complete |  0
|  48|0x000000041c000000, 0x000000041c800000, 0x000000041c800000|100%| E|CS|TAMS 0x000000041c000000| PB 0x000000041c000000| Complete |  0
|  49|0x000000041c800000, 0x000000041d000000, 0x000000041d000000|100%| E|CS|TAMS 0x000000041c800000| PB 0x000000041c800000| Complete |  0
|  50|0x000000041d000000, 0x000000041d800000, 0x000000041d800000|100%| E|CS|TAMS 0x000000041d000000| PB 0x000000041d000000| Complete |  0
|  51|0x000000041d800000, 0x000000041e000000, 0x000000041e000000|100%| E|CS|TAMS 0x000000041d800000| PB 0x000000041d800000| Complete |  0
|  52|0x000000041e000000, 0x000000041e800000, 0x000000041e800000|100%| E|CS|TAMS 0x000000041e000000| PB 0x000000041e000000| Complete |  0
|  53|0x000000041e800000, 0x000000041f000000, 0x000000041f000000|100%| E|CS|TAMS 0x000000041e800000| PB 0x000000041e800000| Complete |  0
|  54|0x000000041f000000, 0x000000041f800000, 0x000000041f800000|100%| E|CS|TAMS 0x000000041f000000| PB 0x000000041f000000| Complete |  0
|  55|0x000000041f800000, 0x0000000420000000, 0x0000000420000000|100%| E|CS|TAMS 0x000000041f800000| PB 0x000000041f800000| Complete |  0
|  56|0x0000000420000000, 0x0000000420800000, 0x0000000420800000|100%| E|CS|TAMS 0x0000000420000000| PB 0x0000000420000000| Complete |  0
|  57|0x0000000420800000, 0x0000000421000000, 0x0000000421000000|100%| E|CS|TAMS 0x0000000420800000| PB 0x0000000420800000| Complete |  0
|  58|0x0000000421000000, 0x0000000421800000, 0x0000000421800000|100%| E|CS|TAMS 0x0000000421000000| PB 0x0000000421000000| Complete |  0
|  59|0x0000000421800000, 0x0000000422000000, 0x0000000422000000|100%| E|CS|TAMS 0x0000000421800000| PB 0x0000000421800000| Complete |  0
|  60|0x0000000422000000, 0x0000000422800000, 0x0000000422800000|100%| E|CS|TAMS 0x0000000422000000| PB 0x0000000422000000| Complete |  0
|  61|0x0000000422800000, 0x0000000423000000, 0x0000000423000000|100%| E|CS|TAMS 0x0000000422800000| PB 0x0000000422800000| Complete |  0
|  62|0x0000000423000000, 0x0000000423800000, 0x0000000423800000|100%| E|CS|TAMS 0x0000000423000000| PB 0x0000000423000000| Complete |  0
|  63|0x0000000423800000, 0x0000000424000000, 0x0000000424000000|100%| E|CS|TAMS 0x0000000423800000| PB 0x0000000423800000| Complete |  0
|  64|0x0000000424000000, 0x0000000424800000, 0x0000000424800000|100%| E|CS|TAMS 0x0000000424000000| PB 0x0000000424000000| Complete |  0
|  65|0x0000000424800000, 0x0000000425000000, 0x0000000425000000|100%| E|CS|TAMS 0x0000000424800000| PB 0x0000000424800000| Complete |  0
|2039|0x00000007ff800000, 0x00000007ffe8ad88, 0x0000000800000000| 81%| O|  |TAMS 0x00000007ff800000| PB 0x00000007ff800000| Untracked |  0

Card table byte_map: [0x0000020ec7750000,0x0000020ec9730000] _byte_map_base: 0x0000020ec5730000

Marking Bits: (CMBitMap*) 0x0000020ec55ef950
 Bits: [0x0000020ec9730000, 0x0000020ed9630000)

Polling page: 0x0000020eac4f0000

Metaspace:

Usage:
  Non-class:     21.20 MB used.
      Class:      2.14 MB used.
       Both:     23.34 MB used.

Virtual space:
  Non-class space:       64.00 MB reserved,      21.38 MB ( 33%) committed,  1 nodes.
      Class space:        1.00 GB reserved,       2.25 MB ( <1%) committed,  1 nodes.
             Both:        1.06 GB reserved,      23.62 MB (  2%) committed. 

Chunk freelists:
   Non-Class:  9.78 MB
       Class:  13.63 MB
        Both:  23.41 MB

MaxMetaspaceSize: unlimited
CompressedClassSpaceSize: 1.00 GB
Initial GC threshold: 21.00 MB
Current GC threshold: 35.75 MB
CDS: on
 - commit_granule_bytes: 65536.
 - commit_granule_words: 8192.
 - virtual_space_node_default_size: 8388608.
 - enlarge_chunks_in_place: 1.
 - use_allocation_guard: 0.


Internal statistics:

num_allocs_failed_limit: 6.
num_arena_births: 232.
num_arena_deaths: 0.
num_vsnodes_births: 2.
num_vsnodes_deaths: 0.
num_space_committed: 377.
num_space_uncommitted: 0.
num_chunks_returned_to_freelist: 6.
num_chunks_taken_from_freelist: 642.
num_chunk_merges: 0.
num_chunk_splits: 447.
num_chunks_enlarged: 332.
num_inconsistent_stats: 0.

CodeHeap 'non-profiled nmethods': size=119232Kb used=3104Kb max_used=3104Kb free=116127Kb
 bounds [0x0000020ebcff0000, 0x0000020ebd300000, 0x0000020ec4460000]
CodeHeap 'profiled nmethods': size=119104Kb used=7063Kb max_used=7063Kb free=112041Kb
 bounds [0x0000020eb5460000, 0x0000020eb5b50000, 0x0000020ebc8b0000]
CodeHeap 'non-nmethods': size=7424Kb used=2427Kb max_used=4193Kb free=4996Kb
 bounds [0x0000020ebc8b0000, 0x0000020ebccd0000, 0x0000020ebcff0000]
CodeCache: size=245760Kb, used=12594Kb, max_used=14360Kb, free=233164Kb
 total_blobs=6044, nmethods=4720, adapters=1228, full_count=0
Compilation: enabled, stopped_count=0, restarted_count=0

Compilation events (20 events):
Event: 17.775 Thread 0x0000020f1e1076d0 4930       4       com.jme3.bullet.PhysicsSpace::addCollisionEvent_native (20 bytes)
Event: 17.782 Thread 0x0000020f1e1076d0 nmethod 4930 0x0000020ebd2f6b88 code [0x0000020ebd2f6d00, 0x0000020ebd2f7c50]
Event: 17.903 Thread 0x0000020f1e10c3d0 4931       3       com.jme3.system.lwjgl.LwjglWindow::run (95 bytes)
Event: 17.904 Thread 0x0000020f1e10c3d0 nmethod 4931 0x0000020eb5b41008 code [0x0000020eb5b41280, 0x0000020eb5b42328]
Event: 19.348 Thread 0x0000020f1e10c3d0 4932       3       com.jme3.input.event.KeyInputEvent::<init> (26 bytes)
Event: 19.348 Thread 0x0000020f1e10c3d0 nmethod 4932 0x0000020eb5b42488 code [0x0000020eb5b425a0, 0x0000020eb5b42780]
Event: 19.348 Thread 0x0000020f1e10c3d0 4933       3       com.jme3.input.InputManager::onKeyEvent (27 bytes)
Event: 19.348 Thread 0x0000020f1e10c3d0 nmethod 4933 0x0000020eb5b42808 code [0x0000020eb5b42980, 0x0000020eb5b42f40]
Event: 19.348 Thread 0x0000020f1e10c3d0 4934       3       com.jme3.input.InputManager::onKeyEventQueued (39 bytes)
Event: 19.348 Thread 0x0000020f1e10c3d0 nmethod 4934 0x0000020eb5b42f88 code [0x0000020eb5b430e0, 0x0000020eb5b43458]
Event: 19.442 Thread 0x0000020f1e1076d0 4935       4       java.util.concurrent.ConcurrentLinkedQueue::offer (120 bytes)
Event: 19.444 Thread 0x0000020f1e1076d0 nmethod 4935 0x0000020ebd2f7d88 code [0x0000020ebd2f7ea0, 0x0000020ebd2f8300]
Event: 25.458 Thread 0x0000020f1e10c3d0 4936       3       com.jme3.bullet.PhysicsSpace::addCollisionEvent_native (20 bytes)
Event: 25.458 Thread 0x0000020f1e10c3d0 nmethod 4936 0x0000020eb5b43508 code [0x0000020eb5b43640, 0x0000020eb5b43888]
Event: 26.710 Thread 0x0000020f1e10c3d0 4937   !   3       java.util.logging.LogManager$LoggerContext::findLogger (113 bytes)
Event: 26.710 Thread 0x0000020f1e10c3d0 nmethod 4937 0x0000020eb5b43908 code [0x0000020eb5b43b20, 0x0000020eb5b44b18]
Event: 26.710 Thread 0x0000020f1e10c3d0 4938       3       java.util.logging.LogManager::checkPermission (16 bytes)
Event: 26.710 Thread 0x0000020f1e10c3d0 nmethod 4938 0x0000020eb5b44b88 code [0x0000020eb5b44cc0, 0x0000020eb5b44eb0]
Event: 26.711 Thread 0x0000020f1e10c3d0 4939       3       java.util.logging.Logger::updateEffectiveLevel (126 bytes)
Event: 26.711 Thread 0x0000020f1e10c3d0 nmethod 4939 0x0000020eb5b44f08 code [0x0000020eb5b450c0, 0x0000020eb5b45b48]

GC Heap History (20 events):
Event: 2.203 GC heap before
{Heap before GC invocations=2 (full 2):
 garbage-first heap   total reserved 16711680K, committed 32768K, used 14876K [0x0000000404000000, 0x0000000800000000)
  region size 8192K, 1 young (8192K), 0 survivors (0K)
 Metaspace       used 13901K, committed 14144K, reserved 1114112K
  class space    used 1514K, committed 1600K, reserved 1048576K
}
Event: 2.204 GC heap after
{Heap after GC invocations=3 (full 2):
 garbage-first heap   total reserved 16711680K, committed 32768K, used 8064K [0x0000000404000000, 0x0000000800000000)
  region size 8192K, 1 young (8192K), 1 survivors (8192K)
 Metaspace       used 13901K, committed 14144K, reserved 1114112K
  class space    used 1514K, committed 1600K, reserved 1048576K
}
Event: 2.426 GC heap before
{Heap before GC invocations=3 (full 2):
 garbage-first heap   total reserved 16711680K, committed 32768K, used 8064K [0x0000000404000000, 0x0000000800000000)
  region size 8192K, 2 young (16384K), 1 survivors (8192K)
 Metaspace       used 16936K, committed 17152K, reserved 1114112K
  class space    used 1618K, committed 1728K, reserved 1048576K
}
Event: 2.427 GC heap after
{Heap after GC invocations=4 (full 2):
 garbage-first heap   total reserved 16711680K, committed 32768K, used 8672K [0x0000000404000000, 0x0000000800000000)
  region size 8192K, 1 young (8192K), 1 survivors (8192K)
 Metaspace       used 16936K, committed 17152K, reserved 1114112K
  class space    used 1618K, committed 1728K, reserved 1048576K
}
Event: 2.498 GC heap before
{Heap before GC invocations=4 (full 2):
 garbage-first heap   total reserved 16711680K, committed 32768K, used 16864K [0x0000000404000000, 0x0000000800000000)
  region size 8192K, 2 young (16384K), 1 survivors (8192K)
 Metaspace       used 19102K, committed 19328K, reserved 1114112K
  class space    used 1789K, committed 1856K, reserved 1048576K
}
Event: 2.499 GC heap after
{Heap after GC invocations=5 (full 2):
 garbage-first heap   total reserved 16711680K, committed 32768K, used 9321K [0x0000000404000000, 0x0000000800000000)
  region size 8192K, 1 young (8192K), 1 survivors (8192K)
 Metaspace       used 19102K, committed 19328K, reserved 1114112K
  class space    used 1789K, committed 1856K, reserved 1048576K
}
Event: 2.724 GC heap before
{Heap before GC invocations=5 (full 2):
 garbage-first heap   total reserved 16711680K, committed 32768K, used 9321K [0x0000000404000000, 0x0000000800000000)
  region size 8192K, 2 young (16384K), 1 survivors (8192K)
 Metaspace       used 21327K, committed 21504K, reserved 1114112K
  class space    used 2013K, committed 2112K, reserved 1048576K
}
Event: 2.725 GC heap after
{Heap after GC invocations=6 (full 2):
 garbage-first heap   total reserved 16711680K, committed 32768K, used 9744K [0x0000000404000000, 0x0000000800000000)
  region size 8192K, 1 young (8192K), 1 survivors (8192K)
 Metaspace       used 21327K, committed 21504K, reserved 1114112K
  class space    used 2013K, committed 2112K, reserved 1048576K
}
Event: 2.759 GC heap before
{Heap before GC invocations=7 (full 2):
 garbage-first heap   total reserved 16711680K, committed 32768K, used 17936K [0x0000000404000000, 0x0000000800000000)
  region size 8192K, 2 young (16384K), 1 survivors (8192K)
 Metaspace       used 22016K, committed 22336K, reserved 1114112K
  class space    used 2088K, committed 2240K, reserved 1048576K
}
Event: 2.760 GC heap after
{Heap after GC invocations=8 (full 2):
 garbage-first heap   total reserved 16711680K, committed 32768K, used 10410K [0x0000000404000000, 0x0000000800000000)
  region size 8192K, 1 young (8192K), 1 survivors (8192K)
 Metaspace       used 22016K, committed 22336K, reserved 1114112K
  class space    used 2088K, committed 2240K, reserved 1048576K
}
Event: 2.806 GC heap before
{Heap before GC invocations=8 (full 2):
 garbage-first heap   total reserved 16711680K, committed 32768K, used 18602K [0x0000000404000000, 0x0000000800000000)
  region size 8192K, 2 young (16384K), 1 survivors (8192K)
 Metaspace       used 22239K, committed 22528K, reserved 1114112K
  class space    used 2091K, committed 2240K, reserved 1048576K
}
Event: 2.809 GC heap after
{Heap after GC invocations=9 (full 2):
 garbage-first heap   total reserved 16711680K, committed 40960K, used 10474K [0x0000000404000000, 0x0000000800000000)
  region size 8192K, 1 young (8192K), 1 survivors (8192K)
 Metaspace       used 22239K, committed 22528K, reserved 1114112K
  class space    used 2091K, committed 2240K, reserved 1048576K
}
Event: 2.876 GC heap before
{Heap before GC invocations=9 (full 2):
 garbage-first heap   total reserved 16711680K, committed 40960K, used 18666K [0x0000000404000000, 0x0000000800000000)
  region size 8192K, 3 young (24576K), 1 survivors (8192K)
 Metaspace       used 22659K, committed 22912K, reserved 1114112K
  class space    used 2128K, committed 2240K, reserved 1048576K
}
Event: 2.879 GC heap after
{Heap after GC invocations=10 (full 2):
 garbage-first heap   total reserved 16711680K, committed 548864K, used 23083K [0x0000000404000000, 0x0000000800000000)
  region size 8192K, 1 young (8192K), 1 survivors (8192K)
 Metaspace       used 22659K, committed 22912K, reserved 1114112K
  class space    used 2128K, committed 2240K, reserved 1048576K
}
Event: 6.184 GC heap before
{Heap before GC invocations=10 (full 2):
 garbage-first heap   total reserved 16711680K, committed 548864K, used 162347K [0x0000000404000000, 0x0000000800000000)
  region size 8192K, 17 young (139264K), 1 survivors (8192K)
 Metaspace       used 23870K, committed 24192K, reserved 1114112K
  class space    used 2191K, committed 2304K, reserved 1048576K
}
Event: 6.187 GC heap after
{Heap after GC invocations=11 (full 2):
 garbage-first heap   total reserved 16711680K, committed 548864K, used 26391K [0x0000000404000000, 0x0000000800000000)
  region size 8192K, 2 young (16384K), 2 survivors (16384K)
 Metaspace       used 23870K, committed 24192K, reserved 1114112K
  class space    used 2191K, committed 2304K, reserved 1048576K
}
Event: 11.289 GC heap before
{Heap before GC invocations=11 (full 2):
 garbage-first heap   total reserved 16711680K, committed 548864K, used 190231K [0x0000000404000000, 0x0000000800000000)
  region size 8192K, 22 young (180224K), 2 survivors (16384K)
 Metaspace       used 23879K, committed 24192K, reserved 1114112K
  class space    used 2191K, committed 2304K, reserved 1048576K
}
Event: 11.293 GC heap after
{Heap after GC invocations=12 (full 2):
 garbage-first heap   total reserved 16711680K, committed 548864K, used 26250K [0x0000000404000000, 0x0000000800000000)
  region size 8192K, 2 young (16384K), 2 survivors (16384K)
 Metaspace       used 23879K, committed 24192K, reserved 1114112K
  class space    used 2191K, committed 2304K, reserved 1048576K
}
Event: 19.683 GC heap before
{Heap before GC invocations=12 (full 2):
 garbage-first heap   total reserved 16711680K, committed 548864K, used 272010K [0x0000000404000000, 0x0000000800000000)
  region size 8192K, 32 young (262144K), 2 survivors (16384K)
 Metaspace       used 23889K, committed 24192K, reserved 1114112K
  class space    used 2191K, committed 2304K, reserved 1048576K
}
Event: 19.685 GC heap after
{Heap after GC invocations=13 (full 2):
 garbage-first heap   total reserved 16711680K, committed 548864K, used 26208K [0x0000000404000000, 0x0000000800000000)
  region size 8192K, 2 young (16384K), 2 survivors (16384K)
 Metaspace       used 23889K, committed 24192K, reserved 1114112K
  class space    used 2191K, committed 2304K, reserved 1048576K
}

Dll operation events (14 events):
Event: 0.005 Loaded shared library E:\Program Files\jdk23\bin\java.dll
Event: 0.025 Loaded shared library E:\Program Files\jdk23\bin\jsvml.dll
Event: 0.090 Loaded shared library E:\Program Files\jdk23\bin\net.dll
Event: 0.091 Loaded shared library E:\Program Files\jdk23\bin\nio.dll
Event: 0.094 Loaded shared library E:\Program Files\jdk23\bin\zip.dll
Event: 0.115 Loaded shared library E:\Program Files\jdk23\bin\jimage.dll
Event: 0.152 Loaded shared library E:\Program Files\jdk23\bin\awt.dll
Event: 0.329 Loaded shared library E:\Program Files\jdk23\bin\prefs.dll
Event: 0.385 Loaded shared library E:\Program Files\jdk23\bin\freetype.dll
Event: 0.385 Loaded shared library E:\Program Files\jdk23\bin\fontmanager.dll
Event: 1.743 Loaded shared library E:\CSProject2024\bulletjme.dll
Event: 1.767 Loaded shared library C:\Users\Tsawke\AppData\Local\Temp\lwjglTsawke\3.2.3-build-13\lwjgl.dll
Event: 2.206 Loaded shared library C:\Users\Tsawke\AppData\Local\Temp\lwjglTsawke\3.2.3-build-13\lwjgl_opengl.dll
Event: 2.736 Loaded shared library E:\Program Files\jdk23\bin\javajpeg.dll

Deoptimization events (20 events):
Event: 12.258 Thread 0x0000020eaaa8e580 Uncommon trap: trap_request=0xffffff45 fr.pc=0x0000020ebd27ff80 relative=0x00000000000014e0
Event: 12.258 Thread 0x0000020eaaa8e580 Uncommon trap: reason=unstable_if action=reinterpret pc=0x0000020ebd27ff80 method=com.csproject.jMEMain.simpleUpdate(F)V @ 395 c2
Event: 12.258 Thread 0x0000020eaaa8e580 DEOPT PACKING pc=0x0000020ebd27ff80 sp=0x0000003a177ff0c0
Event: 12.258 Thread 0x0000020eaaa8e580 DEOPT UNPACKING pc=0x0000020ebc904402 sp=0x0000003a177ff078 mode 2
Event: 13.441 Thread 0x0000020eaaa8e580 Uncommon trap: trap_request=0xffffff45 fr.pc=0x0000020ebd2ee910 relative=0x0000000000000b50
Event: 13.441 Thread 0x0000020eaaa8e580 Uncommon trap: reason=unstable_if action=reinterpret pc=0x0000020ebd2ee910 method=com.csproject.jMEMain.simpleUpdate(F)V @ 420 c2
Event: 13.441 Thread 0x0000020eaaa8e580 DEOPT PACKING pc=0x0000020ebd2ee910 sp=0x0000003a177ff0c0
Event: 13.441 Thread 0x0000020eaaa8e580 DEOPT UNPACKING pc=0x0000020ebc904402 sp=0x0000003a177ff078 mode 2
Event: 14.658 Thread 0x0000020eaaa8e580 Uncommon trap: trap_request=0xffffff45 fr.pc=0x0000020ebd1b7108 relative=0x00000000000054c8
Event: 14.658 Thread 0x0000020eaaa8e580 Uncommon trap: reason=unstable_if action=reinterpret pc=0x0000020ebd1b7108 method=com.jme3.material.Material.render(Lcom/jme3/scene/Geometry;Lcom/jme3/light/LightList;Lcom/jme3/renderer/RenderManager;)V @ 4 c2
Event: 14.658 Thread 0x0000020eaaa8e580 DEOPT PACKING pc=0x0000020ebd1b7108 sp=0x0000003a177fece0
Event: 14.658 Thread 0x0000020eaaa8e580 DEOPT UNPACKING pc=0x0000020ebc904402 sp=0x0000003a177fed50 mode 2
Event: 25.258 Thread 0x0000020eaaa8e580 Uncommon trap: trap_request=0xffffff45 fr.pc=0x0000020ebd2f79b0 relative=0x0000000000000cb0
Event: 25.258 Thread 0x0000020eaaa8e580 Uncommon trap: reason=unstable_if action=reinterpret pc=0x0000020ebd2f79b0 method=java.util.ArrayDeque.addLast(Ljava/lang/Object;)V @ 42 c2
Event: 25.258 Thread 0x0000020eaaa8e580 DEOPT PACKING pc=0x0000020ebd2f79b0 sp=0x0000003a177fc3f0
Event: 25.259 Thread 0x0000020eaaa8e580 DEOPT UNPACKING pc=0x0000020ebc904402 sp=0x0000003a177fc328 mode 2
Event: 26.709 Thread 0x0000020eaaa8e580 Uncommon trap: trap_request=0xffffff45 fr.pc=0x0000020ebd2f34ac relative=0x000000000000166c
Event: 26.709 Thread 0x0000020eaaa8e580 Uncommon trap: reason=unstable_if action=reinterpret pc=0x0000020ebd2f34ac method=com.csproject.jMEMain.simpleUpdate(F)V @ 455 c2
Event: 26.709 Thread 0x0000020eaaa8e580 DEOPT PACKING pc=0x0000020ebd2f34ac sp=0x0000003a177ff070
Event: 26.709 Thread 0x0000020eaaa8e580 DEOPT UNPACKING pc=0x0000020ebc904402 sp=0x0000003a177ff028 mode 2

Classes loaded (20 events):
Event: 2.861 Loading class java/lang/Byte$ByteCache
Event: 2.861 Loading class java/lang/Byte$ByteCache done
Event: 2.942 Loading class java/io/ObjectOutput
Event: 2.942 Loading class java/io/ObjectOutput done
Event: 2.942 Loading class java/io/ObjectInput
Event: 2.942 Loading class java/io/ObjectInput done
Event: 2.957 Loading class java/nio/DirectFloatBufferRU
Event: 2.957 Loading class java/nio/DirectFloatBufferRU done
Event: 2.966 Loading class java/util/concurrent/ConcurrentLinkedQueue$Itr
Event: 2.966 Loading class java/util/concurrent/ConcurrentLinkedQueue$Itr done
Event: 2.968 Loading class java/util/JumboEnumSet$EnumSetIterator
Event: 2.968 Loading class java/util/JumboEnumSet$EnumSetIterator done
Event: 3.007 Loading class sun/awt/AppContext$PostShutdownEventRunnable
Event: 3.007 Loading class sun/awt/AppContext$PostShutdownEventRunnable done
Event: 3.007 Loading class sun/awt/AWTAutoShutdown$1
Event: 3.007 Loading class sun/awt/AWTAutoShutdown$1 done
Event: 3.020 Loading class java/util/concurrent/ConcurrentHashMap$TreeNode
Event: 3.020 Loading class java/util/concurrent/ConcurrentHashMap$TreeNode done
Event: 3.020 Loading class java/util/concurrent/ConcurrentHashMap$TreeBin
Event: 3.020 Loading class java/util/concurrent/ConcurrentHashMap$TreeBin done

Classes unloaded (0 events):
No events

Classes redefined (0 events):
No events

Internal exceptions (20 events):
Event: 1.784 Thread 0x0000020eaaa8e580 Exception <a 'sun/nio/fs/WindowsException'{0x0000000405f31408}> (0x0000000405f31408) 
thrown [s\open\src\hotspot\share\prims\jni.cpp, line 520]
Event: 2.203 Thread 0x0000020eaaa8e580 Exception <a 'java/lang/NoSuchMethodError'{0x0000000405ffe9f0}: 'void java.lang.System.load(java.lang.String, java.lang.Class)'> (0x0000000405ffe9f0) 
thrown [s\open\src\hotspot\share\interpreter\linkResolver.cpp, line 796]
Event: 2.204 Thread 0x0000020eaaa8e580 Exception <a 'java/lang/NoSuchMethodError'{0x0000000405801ba0}: 'void java.lang.System.loadLibrary(java.lang.String, java.lang.Class)'> (0x0000000405801ba0) 
thrown [s\open\src\hotspot\share\interpreter\linkResolver.cpp, line 796]
Event: 2.206 Thread 0x0000020eaaa8e580 Exception <a 'sun/nio/fs/WindowsException'{0x0000000405811810}> (0x0000000405811810) 
thrown [s\open\src\hotspot\share\prims\jni.cpp, line 520]
Event: 2.206 Thread 0x0000020eaaa8e580 Exception <a 'sun/nio/fs/WindowsException'{0x0000000405811bc8}> (0x0000000405811bc8) 
thrown [s\open\src\hotspot\share\prims\jni.cpp, line 520]
Event: 2.207 Thread 0x0000020eaaa8e580 Exception <a 'sun/nio/fs/WindowsException'{0x0000000405819ae0}> (0x0000000405819ae0) 
thrown [s\open\src\hotspot\share\prims\jni.cpp, line 520]
Event: 2.207 Thread 0x0000020eaaa8e580 Exception <a 'sun/nio/fs/WindowsException'{0x0000000405819dd0}> (0x0000000405819dd0) 
thrown [s\open\src\hotspot\share\prims\jni.cpp, line 520]
Event: 2.427 Thread 0x0000020eaaa8e580 Exception <a 'java/lang/NoSuchMethodError'{0x000000040580c4a0}: 'long java.lang.invoke.DelegatingMethodHandle$Holder.reinvoke_L(java.lang.Object, java.lang.Object)'> (0x000000040580c4a0) 
thrown [s\open\src\hotspot\share\interpreter\linkResolver.cpp, line 796]
Event: 2.428 Thread 0x0000020eaaa8e580 Exception <a 'java/lang/NoSuchMethodError'{0x0000000405812bc8}: 'long java.lang.invoke.Invokers$Holder.invokeExact_MT(java.lang.Object, java.lang.Object, java.lang.Object)'> (0x0000000405812bc8) 
thrown [s\open\src\hotspot\share\interpreter\linkResolver.cpp, line 796]
Event: 2.503 Thread 0x0000020eaaa8e580 Exception <a 'sun/nio/fs/WindowsException'{0x0000000405811718}> (0x0000000405811718) 
thrown [s\open\src\hotspot\share\prims\jni.cpp, line 520]
Event: 2.504 Thread 0x0000020eaaa8e580 Exception <a 'sun/nio/fs/WindowsException'{0x0000000405811aa8}> (0x0000000405811aa8) 
thrown [s\open\src\hotspot\share\prims\jni.cpp, line 520]
Event: 2.855 Thread 0x0000020eaaa8e580 Exception <a 'java/lang/NoSuchMethodError'{0x0000000405c4db10}: 'java.lang.Object java.lang.invoke.DirectMethodHandle$Holder.newInvokeSpecial(java.lang.Object, java.lang.Object, java.lang.Object, java.lang.Object, java.lang.Object, java.lang.Object)'> (0x0000000405c4db10) 
thrown [s\open\src\hotspot\share\interpreter\linkResolver.cpp, line 796]
Event: 2.961 Thread 0x0000020eaaa8e580 Exception <a 'java/lang/NoSuchMethodError'{0x0000000423d8c528}: 'void java.lang.invoke.DirectMethodHandle$Holder.invokeSpecial(java.lang.Object, java.lang.Object, int)'> (0x0000000423d8c528) 
thrown [s\open\src\hotspot\share\interpreter\linkResolver.cpp, line 796]
Event: 3.262 Thread 0x0000020eaaa8e580 Implicit null exception at 0x0000020ebd1f0313 to 0x0000020ebd1f1078
Event: 3.262 Thread 0x0000020eaaa8e580 Implicit null exception at 0x0000020ebd1f0313 to 0x0000020ebd1f1078
Event: 3.262 Thread 0x0000020eaaa8e580 Implicit null exception at 0x0000020ebd1f0313 to 0x0000020ebd1f1078
Event: 3.263 Thread 0x0000020eaaa8e580 Implicit null exception at 0x0000020ebd1f0313 to 0x0000020ebd1f1078
Event: 3.269 Thread 0x0000020eaaa8e580 Implicit null exception at 0x0000020ebd1f98eb to 0x0000020ebd1fae7c
Event: 3.662 Thread 0x0000020eaaa8e580 Implicit null exception at 0x0000020ebd1fbe66 to 0x0000020ebd2031f4
Event: 14.658 Thread 0x0000020eaaa8e580 Implicit null exception at 0x0000020ebd1b1c82 to 0x0000020ebd1b70e4

VM Operations (20 events):
Event: 2.731 Executing VM operation: G1PauseCleanup
Event: 2.731 Executing VM operation: G1PauseCleanup done
Event: 2.759 Executing VM operation: G1CollectForAllocation (G1 Evacuation Pause)
Event: 2.760 Executing VM operation: G1CollectForAllocation (G1 Evacuation Pause) done
Event: 2.768 Executing VM operation: HandshakeAllThreads (Deoptimize)
Event: 2.768 Executing VM operation: HandshakeAllThreads (Deoptimize) done
Event: 2.806 Executing VM operation: G1CollectForAllocation (G1 Evacuation Pause)
Event: 2.809 Executing VM operation: G1CollectForAllocation (G1 Evacuation Pause) done
Event: 2.876 Executing VM operation: G1CollectForAllocation (G1 Evacuation Pause)
Event: 2.879 Executing VM operation: G1CollectForAllocation (G1 Evacuation Pause) done
Event: 2.957 Executing VM operation: HandshakeAllThreads (Deoptimize)
Event: 2.957 Executing VM operation: HandshakeAllThreads (Deoptimize) done
Event: 2.957 Executing VM operation: HandshakeAllThreads (Deoptimize)
Event: 2.958 Executing VM operation: HandshakeAllThreads (Deoptimize) done
Event: 6.184 Executing VM operation: G1CollectForAllocation (G1 Evacuation Pause)
Event: 6.187 Executing VM operation: G1CollectForAllocation (G1 Evacuation Pause) done
Event: 11.289 Executing VM operation: G1CollectForAllocation (G1 Evacuation Pause)
Event: 11.293 Executing VM operation: G1CollectForAllocation (G1 Evacuation Pause) done
Event: 19.683 Executing VM operation: G1CollectForAllocation (G1 Evacuation Pause)
Event: 19.685 Executing VM operation: G1CollectForAllocation (G1 Evacuation Pause) done

Memory protections (0 events):
No events

Nmethod flushes (20 events):
Event: 1.715 Thread 0x0000020ec575ee80 flushing  nmethod 0x0000020eb5698488
Event: 1.715 Thread 0x0000020ec575ee80 flushing  nmethod 0x0000020eb569ec88
Event: 1.715 Thread 0x0000020ec575ee80 flushing  nmethod 0x0000020eb56b8f88
Event: 1.715 Thread 0x0000020ec575ee80 flushing  nmethod 0x0000020eb56bf908
Event: 1.715 Thread 0x0000020ec575ee80 flushing  nmethod 0x0000020eb56c0b08
Event: 1.715 Thread 0x0000020ec575ee80 flushing  nmethod 0x0000020eb56c7408
Event: 1.715 Thread 0x0000020ec575ee80 flushing  nmethod 0x0000020eb56c8a08
Event: 1.715 Thread 0x0000020ec575ee80 flushing  nmethod 0x0000020eb56d2908
Event: 1.715 Thread 0x0000020ec575ee80 flushing  nmethod 0x0000020eb56d3b88
Event: 1.715 Thread 0x0000020ec575ee80 flushing  nmethod 0x0000020eb56d6708
Event: 1.715 Thread 0x0000020ec575ee80 flushing  nmethod 0x0000020eb56d7508
Event: 1.715 Thread 0x0000020ec575ee80 flushing  nmethod 0x0000020eb56f0008
Event: 1.715 Thread 0x0000020ec575ee80 flushing  nmethod 0x0000020eb5760288
Event: 2.730 Thread 0x0000020ec575ee80 flushing  nmethod 0x0000020eb563fb88
Event: 2.730 Thread 0x0000020ec575ee80 flushing  nmethod 0x0000020ebd044388
Event: 2.730 Thread 0x0000020ec575ee80 flushing  nmethod 0x0000020ebd041088
Event: 2.730 Thread 0x0000020ec575ee80 flushing  nmethod 0x0000020eb5536a08
Event: 2.730 Thread 0x0000020ec575ee80 flushing  nmethod 0x0000020eb5493408
Event: 2.730 Thread 0x0000020ec575ee80 flushing  nmethod 0x0000020eb579f308
Event: 2.730 Thread 0x0000020ec575ee80 flushing  nmethod 0x0000020eb55f0808

Events (20 events):
Event: 4.695 Thread 0x0000020f1e10bd00 Thread exited: 0x0000020f1e10bd00
Event: 4.695 Thread 0x0000020f23dd8b00 Thread exited: 0x0000020f23dd8b00
Event: 5.014 Thread 0x0000020f23dd9f70 Thread exited: 0x0000020f23dd9f70
Event: 5.014 Thread 0x0000020f23dd98a0 Thread exited: 0x0000020f23dd98a0
Event: 5.056 Thread 0x0000020f1e1076d0 Thread added: 0x0000020f23dd8430
Event: 5.298 Thread 0x0000020f23dd8430 Thread exited: 0x0000020f23dd8430
Event: 5.496 Thread 0x0000020f2402ccf0 Thread exited: 0x0000020f2402ccf0
Event: 5.573 Thread 0x0000020f23dd91d0 Thread exited: 0x0000020f23dd91d0
Event: 6.524 Thread 0x0000020f1e10c3d0 Thread added: 0x0000020f23ddc180
Event: 7.046 Thread 0x0000020f23ddc180 Thread exited: 0x0000020f23ddc180
Event: 26.710 Thread 0x0000020eaaa8e580 Thread added: 0x0000020f2e344630
Event: 26.710 Thread 0x0000020eaaa8e580 Thread added: 0x0000020f2e33fe00
Event: 26.710 Thread 0x0000020eaaa8e580 Thread added: 0x0000020f2e343fa0
Event: 26.710 Thread 0x0000020f2e343fa0 Thread exited: 0x0000020f2e343fa0
Event: 26.710 Thread 0x0000020f2402d380 Thread exited: 0x0000020f2402d380
Event: 26.710 Thread 0x0000020f1ed751e0 Thread added: 0x0000020f2e33dd30
Event: 26.710 Thread 0x0000020f2e344630 Thread exited: 0x0000020f2e344630
Event: 26.723 Thread 0x0000020f1ed751e0 Thread exited: 0x0000020f1ed751e0
Event: 26.811 Thread 0x0000020f2e33fe00 Thread exited: 0x0000020f2e33fe00
Event: 26.811 Thread 0x0000020eaaa8e580 Before exit entered


Dynamic libraries:
0x00007ff7cbad0000 - 0x00007ff7cbae0000 	E:\Program Files\jdk23\bin\java.exe
0x00007ffb15530000 - 0x00007ffb15747000 	C:\Windows\SYSTEM32\ntdll.dll
0x00007ffb14830000 - 0x00007ffb148f4000 	C:\Windows\System32\KERNEL32.DLL
0x00007ffb12a00000 - 0x00007ffb12db9000 	C:\Windows\System32\KERNELBASE.dll
0x00007ffb12e80000 - 0x00007ffb12f91000 	C:\Windows\System32\ucrtbase.dll
0x00007ff957350000 - 0x00007ff95736b000 	E:\Program Files\jdk23\bin\VCRUNTIME140.dll
0x00007ff955fa0000 - 0x00007ff955fb7000 	E:\Program Files\jdk23\bin\jli.dll
0x00007ffb15220000 - 0x00007ffb153ce000 	C:\Windows\System32\USER32.dll
0x00007ffb12860000 - 0x00007ffb12886000 	C:\Windows\System32\win32u.dll
0x00007ffb05b80000 - 0x00007ffb05e12000 	C:\Windows\WinSxS\amd64_microsoft.windows.common-controls_6595b64144ccf1df_6.0.22621.4391_none_2715d37f73803e96\COMCTL32.dll
0x00007ffb153f0000 - 0x00007ffb15419000 	C:\Windows\System32\GDI32.dll
0x00007ffb14aa0000 - 0x00007ffb14b47000 	C:\Windows\System32\msvcrt.dll
0x00007ffb13040000 - 0x00007ffb1315b000 	C:\Windows\System32\gdi32full.dll
0x00007ffb12fa0000 - 0x00007ffb1303a000 	C:\Windows\System32\msvcp_win.dll
0x00007ffb13d00000 - 0x00007ffb13d31000 	C:\Windows\System32\IMM32.DLL
0x00007ffac7cb0000 - 0x00007ffac7cbc000 	E:\Program Files\jdk23\bin\vcruntime140_1.dll
0x00007ff956f80000 - 0x00007ff95700e000 	E:\Program Files\jdk23\bin\msvcp140.dll
0x00007ff957370000 - 0x00007ff9580bf000 	E:\Program Files\jdk23\bin\server\jvm.dll
0x00007ffb14b50000 - 0x00007ffb14c02000 	C:\Windows\System32\ADVAPI32.dll
0x00007ffb13d40000 - 0x00007ffb13de7000 	C:\Windows\System32\sechost.dll
0x00007ffb12830000 - 0x00007ffb12858000 	C:\Windows\System32\bcrypt.dll
0x00007ffb14980000 - 0x00007ffb14a94000 	C:\Windows\System32\RPCRT4.dll
0x00007ffb14900000 - 0x00007ffb14971000 	C:\Windows\System32\WS2_32.dll
0x00007ffb116c0000 - 0x00007ffb1170d000 	C:\Windows\SYSTEM32\POWRPROF.dll
0x00007ffb0b7e0000 - 0x00007ffb0b814000 	C:\Windows\SYSTEM32\WINMM.dll
0x00007ffb0a1c0000 - 0x00007ffb0a1ca000 	C:\Windows\SYSTEM32\VERSION.dll
0x00007ffb116a0000 - 0x00007ffb116b3000 	C:\Windows\SYSTEM32\UMPDC.dll
0x00007ffb11960000 - 0x00007ffb11978000 	C:\Windows\SYSTEM32\kernel.appcore.dll
0x00007ffac7890000 - 0x00007ffac789a000 	E:\Program Files\jdk23\bin\jimage.dll
0x00007ffb0fbd0000 - 0x00007ffb0fe02000 	C:\Windows\SYSTEM32\DBGHELP.DLL
0x00007ffb14090000 - 0x00007ffb1441f000 	C:\Windows\System32\combase.dll
0x00007ffb13df0000 - 0x00007ffb13ec7000 	C:\Windows\System32\OLEAUT32.dll
0x00007ffad49f0000 - 0x00007ffad4a22000 	C:\Windows\SYSTEM32\dbgcore.DLL
0x00007ffb131d0000 - 0x00007ffb1324b000 	C:\Windows\System32\bcryptPrimitives.dll
0x00007ffad28a0000 - 0x00007ffad28dc000 	E:\Program Files\jdk23\bin\jdwp.dll
0x00007ff9572f0000 - 0x00007ff95730e000 	E:\Program Files\jdk23\bin\java.dll
0x00007ffb13ee0000 - 0x00007ffb14085000 	C:\Windows\System32\ole32.dll
0x00007ffb13480000 - 0x00007ffb13cf6000 	C:\Windows\System32\SHELL32.dll
0x00007ffb10780000 - 0x00007ffb11083000 	C:\Windows\SYSTEM32\windows.storage.dll
0x00007ffb10640000 - 0x00007ffb1077f000 	C:\Windows\SYSTEM32\wintypes.dll
0x00007ffb144b0000 - 0x00007ffb145a9000 	C:\Windows\System32\SHCORE.dll
0x00007ffb13420000 - 0x00007ffb1347e000 	C:\Windows\System32\shlwapi.dll
0x00007ffb12760000 - 0x00007ffb1278b000 	C:\Windows\SYSTEM32\profapi.dll
0x00007ff9571e0000 - 0x00007ff9572b7000 	E:\Program Files\jdk23\bin\jsvml.dll
0x00007ffaed490000 - 0x00007ffaed49c000 	E:\Program Files\jdk23\bin\dt_socket.dll
0x00007ffb11360000 - 0x00007ffb1138d000 	C:\Windows\SYSTEM32\IPHLPAPI.DLL
0x00007ffb11de0000 - 0x00007ffb11e49000 	C:\Windows\system32\mswsock.dll
0x00007ffb113d0000 - 0x00007ffb114d2000 	C:\Windows\SYSTEM32\DNSAPI.dll
0x00007ffb14820000 - 0x00007ffb14829000 	C:\Windows\System32\NSI.dll
0x00007ffb0a0e0000 - 0x00007ffb0a0ea000 	C:\Windows\System32\rasadhlp.dll
0x00007ffb0aad0000 - 0x00007ffb0ab53000 	C:\Windows\System32\fwpuclnt.dll
0x00007ffac70c0000 - 0x00007ffac70d0000 	E:\Program Files\jdk23\bin\net.dll
0x00007ff9571c0000 - 0x00007ff9571d6000 	E:\Program Files\jdk23\bin\nio.dll
0x00007ff9571a0000 - 0x00007ff9571b7000 	E:\Program Files\jdk23\bin\zip.dll
0x00007ff957010000 - 0x00007ff95719e000 	E:\Program Files\jdk23\bin\awt.dll
0x00007ffb0dfd0000 - 0x00007ffb0e067000 	C:\Windows\SYSTEM32\apphelp.dll
0x00007ffb0f7f0000 - 0x00007ffb0f8a1000 	C:\Windows\system32\uxtheme.dll
0x00007ffb150c0000 - 0x00007ffb15220000 	C:\Windows\System32\MSCTF.dll
0x00007ffb0fa40000 - 0x00007ffb0fa6b000 	C:\Windows\system32\DWMAPI.DLL
0x00007ffabf7b0000 - 0x00007ffabf8b0000 	C:\Windows\system32\opengl32.dll
0x00007ffabf780000 - 0x00007ffabf7ad000 	C:\Windows\SYSTEM32\GLU32.dll
0x00007ffb0fab0000 - 0x00007ffb0fae7000 	C:\Windows\SYSTEM32\dxcore.dll
0x00007ffb12090000 - 0x00007ffb120a2000 	C:\Windows\SYSTEM32\msasn1.dll
0x00007ffb082f0000 - 0x00007ffb08322000 	C:\Windows\SYSTEM32\cryptnet.dll
0x00007ffb12890000 - 0x00007ffb129f6000 	C:\Windows\System32\CRYPT32.dll
0x00007ffb12050000 - 0x00007ffb1205c000 	C:\Windows\SYSTEM32\cryptbase.dll
0x00007ffb12100000 - 0x00007ffb12149000 	C:\Windows\SYSTEM32\wldp.dll
0x00007ffb077e0000 - 0x00007ffb07942000 	C:\Windows\SYSTEM32\drvstore.dll
0x00007ffb124f0000 - 0x00007ffb1251c000 	C:\Windows\SYSTEM32\devobj.dll
0x00007ffb12520000 - 0x00007ffb1256e000 	C:\Windows\SYSTEM32\cfgmgr32.dll
0x00007ffb13160000 - 0x00007ffb131cc000 	C:\Windows\System32\wintrust.dll
0x00007ffb150a0000 - 0x00007ffb150bf000 	C:\Windows\System32\imagehlp.dll
0x00007ffb12030000 - 0x00007ffb1204b000 	C:\Windows\SYSTEM32\CRYPTSP.dll
0x00007ffb118c0000 - 0x00007ffb118f5000 	C:\Windows\system32\rsaenh.dll
0x00007ffb00a80000 - 0x00007ffb03790000 	C:\Windows\System32\DriverStore\FileRepository\nv_dispi.inf_amd64_adf5a840df867035\nvgpucomp64.dll
0x00007ffb05760000 - 0x00007ffb05a5b000 	C:\Windows\system32\nvspcap64.dll
0x00007ffb11a70000 - 0x00007ffb11aa4000 	C:\Windows\SYSTEM32\ntmarta.dll
0x00007ffb11e70000 - 0x00007ffb11e96000 	C:\Windows\SYSTEM32\gpapi.dll
0x00007ffb054c0000 - 0x00007ffb05615000 	C:\Windows\System32\DriverStore\FileRepository\nv_dispi.inf_amd64_adf5a840df867035\nvppex.dll
0x00007ffaed480000 - 0x00007ffaed489000 	E:\Program Files\jdk23\bin\prefs.dll
0x00007ff955ef0000 - 0x00007ff955f77000 	E:\Program Files\jdk23\bin\freetype.dll
0x00007ff955b30000 - 0x00007ff955c07000 	E:\Program Files\jdk23\bin\fontmanager.dll
0x00007ffaefb50000 - 0x00007ffaefc95000 	C:\Windows\SYSTEM32\textinputframework.dll
0x00007ffb0da30000 - 0x00007ffb0db63000 	C:\Windows\SYSTEM32\CoreMessaging.dll
0x00007ffb09bf0000 - 0x00007ffb09f5d000 	C:\Windows\SYSTEM32\CoreUIComponents.dll
0x00007ffa44630000 - 0x00007ffa4488d000 	E:\CSProject2024\bulletjme.dll
0x00007ffac7ea0000 - 0x00007ffac7f04000 	C:\Users\Tsawke\AppData\Local\Temp\lwjglTsawke\3.2.3-build-13\lwjgl.dll
0x00007ffa43320000 - 0x00007ffa43573000 	C:\Users\Tsawke\AppData\Local\Temp\lwjglTsawke\3.2.3-build-13\jemalloc.dll
0x00007ffac7cd0000 - 0x00007ffac7d32000 	C:\Users\Tsawke\AppData\Local\Temp\lwjglTsawke\3.2.3-build-13\glfw.dll
0x00007ffa80090000 - 0x00007ffa800d6000 	C:\Windows\SYSTEM32\dinput8.dll
0x00007ffad3380000 - 0x00007ffad3391000 	C:\Windows\SYSTEM32\xinput1_4.dll
0x00007ffaed9c0000 - 0x00007ffaedbd3000 	C:\Windows\SYSTEM32\inputhost.dll
0x00007ffb11090000 - 0x00007ffb1109e000 	C:\Windows\SYSTEM32\HID.DLL
0x00007ffb14c20000 - 0x00007ffb15094000 	C:\Windows\System32\SETUPAPI.DLL
0x00007ffb145b0000 - 0x00007ffb14660000 	C:\Windows\System32\clbcatq.dll
0x00007ffb0e480000 - 0x00007ffb0e5c4000 	C:\Windows\System32\AppXDeploymentClient.dll
0x00007ffa5be40000 - 0x00007ffa5e478000 	C:\Windows\System32\DriverStore\FileRepository\nv_dispi.inf_amd64_adf5a840df867035\nvoglv64.dll
0x00007ffb11710000 - 0x00007ffb11724000 	C:\Windows\SYSTEM32\WTSAPI32.dll
0x00007ffb112e0000 - 0x00007ffb11346000 	C:\Windows\SYSTEM32\WINSTA.dll
0x00007ffac7300000 - 0x00007ffac7359000 	C:\Users\Tsawke\AppData\Local\Temp\lwjglTsawke\3.2.3-build-13\lwjgl_opengl.dll
0x00007ffa90f50000 - 0x00007ffa9105b000 	C:\Users\Tsawke\AppData\Local\Temp\lwjglTsawke\3.2.3-build-13\OpenAL.dll
0x00007ffb03d30000 - 0x00007ffb03dce000 	C:\Windows\System32\MMDevApi.dll
0x00007ffb04680000 - 0x00007ffb0486d000 	C:\Windows\SYSTEM32\AUDIOSES.DLL
0x00007ffb10320000 - 0x00007ffb10335000 	C:\Windows\SYSTEM32\resourcepolicyclient.dll
0x00007ffad2ea0000 - 0x00007ffad2ece000 	E:\Program Files\jdk23\bin\javajpeg.dll

dbghelp: loaded successfully - version: 4.0.5 - missing functions: none
symbol engine: initialized successfully - sym options: 0x614 - pdb path: .;E:\Program Files\jdk23\bin;C:\Windows\SYSTEM32;C:\Windows\WinSxS\amd64_microsoft.windows.common-controls_6595b64144ccf1df_6.0.22621.4391_none_2715d37f73803e96;E:\Program Files\jdk23\bin\server;C:\Windows\System32\DriverStore\FileRepository\nv_dispi.inf_amd64_adf5a840df867035;E:\CSProject2024;C:\Users\Tsawke\AppData\Local\Temp\lwjglTsawke\3.2.3-build-13

VM Arguments:
jvm_args: -agentlib:jdwp=transport=dt_socket,server=n,suspend=y,address=localhost:6485 -XX:+ShowCodeDetailsInExceptionMessages 
java_command: com.csproject.jMEMain
java_class_path (initial): E:\CSProject2024\csproject\target\classes;C:\Users\Tsawke\.m2\repository\com\formdev\flatlaf\3.5.2\flatlaf-3.5.2.jar;C:\Users\Tsawke\.m2\repository\org\apache\commons\commons-lang3\3.12.0\commons-lang3-3.12.0.jar;C:\Users\Tsawke\.m2\repository\com\h2database\h2\1.4.200\h2-1.4.200.jar;C:\Users\Tsawke\.m2\repository\junit\junit\4.12\junit-4.12.jar;C:\Users\Tsawke\.m2\repository\org\hamcrest\hamcrest-core\1.3\hamcrest-core-1.3.jar;C:\Users\Tsawke\.m2\repository\org\junit\jupiter\junit-jupiter\5.9.3\junit-jupiter-5.9.3.jar;C:\Users\Tsawke\.m2\repository\org\junit\jupiter\junit-jupiter-api\5.9.3\junit-jupiter-api-5.9.3.jar;C:\Users\Tsawke\.m2\repository\org\opentest4j\opentest4j\1.2.0\opentest4j-1.2.0.jar;C:\Users\Tsawke\.m2\repository\org\junit\platform\junit-platform-commons\1.9.3\junit-platform-commons-1.9.3.jar;C:\Users\Tsawke\.m2\repository\org\apiguardian\apiguardian-api\1.1.2\apiguardian-api-1.1.2.jar;C:\Users\Tsawke\.m2\repository\org\junit\jupiter\junit-jupiter-params\5.9.3\junit-jupiter-params-5.9.3.jar;C:\Users\Tsawke\.m2\repository\org\junit\jupiter\junit-jupiter-engine\5.9.3\junit-jupiter-engine-5.9.3.jar;C:\Users\Tsawke\.m2\repository\org\junit\platform\junit-platform-engine\1.9.3\junit-platform-engine-1.9.3.jar;C:\Users\Tsawke\.m2\repository\commons-codec\commons-codec\1.15\commons-codec-1.15.jar;C:\Users\Tsawke\.m2\repository\org\jmonkeyengine\jme3-core\3.3.0-stable\jme3-core-3.3.0-stable.jar;C:\Users\Tsawke\.m2\repository\org\jmonkeyengine\jme3-desktop\3.3.0-stable\jme3-desktop-3.3.0-stable.jar;C:\Users\Tsawke\.m2\repository\org\jmonkeyengine\jme3-lwjgl3\3.3.0-stable\jme3-lwjgl3-3.3.0-stable.jar;C:\Users\Tsawke\.m2\repository\org\lwjgl\lwjgl\3.2.3\lwjgl-3.2.3.jar;C:\Users\Tsawke\.m2\repository\org\lwjgl\lwjgl-glfw\3.2.3\lwjgl-glfw-3.2.3.jar;C:\Users\Tsawke\.m2\repository\org\lwjgl\lwjgl-jemalloc\3.2.3\lwjgl-jemalloc-3.2.3.jar;C:\Users\Tsawke\.m2\repository\org\lwjgl\lwjgl-openal\3.2.3\lwjgl-openal-3.2.3.jar;C:\Users\Tsawke\.m2\repository\org\lwjgl\lwjgl-opencl\3.2.3\lwjgl-opencl-3.2.3.jar;C:\Users\Tsawke\.m2\repository\org\lwjgl\lwjgl-opengl\3.2.3\lwjgl-opengl-3.2.3.jar;C:\Users\Tsawke\.m2\repository\org\lwjgl\lwjgl\3.2.3\lwjgl-3.2.3-natives-windows.jar;C:\Users\Tsawke\.m2\repository\org\lwjgl\lwjgl\3.2.3\lwjgl-3.2.3-natives-linux.jar;C:\Users\Tsawke\.m2\repository\org\lwjgl\lwjgl\3.2.3\lwjgl-3.2.3-natives-macos.jar;C:\Users\Tsawke\.m2\repository\org\lwjgl\lwjgl-glfw\3.2.3\lwjgl-glfw-3.2.3-natives-windows.jar;C:\Users\Tsawke\.m2\repository\org\lwjgl\lwjgl-glfw\3.2.3\lwjgl-glfw-3.2.3-natives-linux.jar;C:\Users\Tsawke\.m2\repository\org\lwjgl\lwjgl-glfw\3.2.3\lwjgl-glfw-3.2.3-natives-macos.jar;C:\Users\Tsawke\.m2\repository\org\lwjgl\lwjgl-jemalloc\3.2.3\lwjgl-jemalloc-3.2.3-natives-windows.jar;C:\Users\Tsawke\.m2\repository\org\lwjgl\lwjgl-jemalloc\3.2.3\lwjgl-jemalloc-3.2.3-natives-linux.jar;C:\Users\Tsawke\.m2\repository\org\lwjgl\lwjgl-jemalloc\3.2.3\lwjgl-jemalloc-3.2.3-natives-macos.jar;C:\Users\Tsawke\.m2\repository\org\lwjgl\lwjgl-opengl\3.2.3\lwjgl-opengl-3.2.3-natives-windows.jar;C:\Users\Tsawke\.m2\repository\org\lwjgl\lwjgl-opengl\3.2.3\lwjgl-opengl-3.2.3-natives-linux.jar;C:\Users\Tsawke\.m2\repository\org\lwjgl\lwjgl-opengl\3.2.3\lwjgl-opengl-3.2.3-natives-macos.jar;C:\Users\Tsawke\.m2\repository\org\lwjgl\lwjgl-openal\3.2.3\lwjgl-openal-3.2.3-natives-windows.jar;C:\Users\Tsawke\.m2\repository\org\lwjgl\lwjgl-openal\3.2.3\lwjgl-openal-3.2.3-natives-linux.jar;C:\Users\Tsawke\.m2\repository\org\lwjgl\lwjgl-openal\3.2.3\lwjgl-openal-3.2.3-natives-macos.jar;C:\Users\Tsawke\.m2\repository\org\jmonkeyengine\jme3-effects\3.3.0-stable\jme3-effects-3.3.0-stable.jar;C:\Users\Tsawke\.m2\repository\org\jmonkeyengine\jme3-blender\3.3.0-stable\jme3-blender-3.3.0-stable.jar;C:\Users\Tsawke\.m2\repository\org\ejml\core\0.27\core-0.27.jar;C:\Users\Tsawke\.m2\repository\org\ejml\dense64\0.27\dense64-0.27.jar;C:\Users\Tsawke\.m2\repository\org\ejml\simple\0.27\simple-0.27.jar;C:\Users\Tsawke\.m2\repository\org\ejml\denseC64\0.27\denseC64-0.27.jar;C:\Users\Tsawke\.m2\repository\org\jmonkeyengine\jme3-plugins\3.3.0-stable\jme3-plugins-3.3.0-stable.jar;C:\Users\Tsawke\.m2\repository\com\google\code\gson\gson\2.8.1\gson-2.8.1.jar;C:\Users\Tsawke\.m2\repository\org\jmonkeyengine\jme3-jogg\3.3.0-stable\jme3-jogg-3.3.0-stable.jar;C:\Users\Tsawke\.m2\repository\de\jarnbjo\j-ogg-all\1.0.0\j-ogg-all-1.0.0.jar;C:\Users\Tsawke\.m2\repository\org\jmonkeyengine\jme3-niftygui\3.3.0-stable\jme3-niftygui-3.3.0-stable.jar;C:\Users\Tsawke\.m2\repository\com\github\nifty-gui\nifty\1.4.3\nifty-1.4.3.jar;C:\Users\Tsawke\.m2\repository\xpp3\xpp3\1.1.4c\xpp3-1.1.4c.jar;C:\Users\Tsawke\.m2\repository\com\google\code\findbugs\jsr305\2.0.2\jsr305-2.0.2.jar;C:\Users\Tsawke\.m2\repository\com\github\nifty-gui\nifty-default-controls\1.4.3\nifty-default-controls-1.4.3.jar;C:\Users\Tsawke\.m2\repository\com\github\nifty-gui\nifty-style-black\1.4.3\nifty-style-black-1.4.3.jar;C:\Users\Tsawke\.m2\repository\org\jmonkeyengine\jme3-terrain\3.3.0-stable\jme3-terrain-3.3.0-stable.jar;C:\Users\Tsawke\.m2\repository\org\jmonkeyengine\jme3-networking\3.3.0-stable\jme3-networking-3.3.0-stable.jar;C:\Users\Tsawke\.m2\repository\org\jmonkeyengine\jme3-bullet\3.3.0-stable\jme3-bullet-3.3.0-stable.jar;C:\Users\Tsawke\.m2\repository\org\jmonkeyengine\jme3-bullet-native\3.3.0-stable\jme3-bullet-native-3.3.0-stable.jar;C:\Users\Tsawke\.m2\repository\org\jmonkeyengine\jme3-bullet-native-android\3.3.0-stable\jme3-bullet-native-android-3.3.0-stable.jar;C:\Users\Tsawke\.m2\repository\org\jmonkeyengine\jme3-jogl\3.3.0-stable\jme3-jogl-3.3.0-stable.jar;C:\Users\Tsawke\.m2\repository\org\jogamp\gluegen\gluegen-rt-main\2.3.2\gluegen-rt-main-2.3.2.jar;C:\Users\Tsawke\.m2\repository\org\jogamp\gluegen\gluegen-rt\2.3.2\gluegen-rt-2.3.2.jar;C:\Users\Tsawke\.m2\repository\org\jogamp\gluegen\gluegen-rt\2.3.2\gluegen-rt-2.3.2-natives-android-aarch64.jar;C:\Users\Tsawke\.m2\repository\org\jogamp\gluegen\gluegen-rt\2.3.2\gluegen-rt-2.3.2-natives-android-armv6.jar;C:\Users\Tsawke\.m2\repository\org\jogamp\gluegen\gluegen-rt\2.3.2\gluegen-rt-2.3.2-natives-linux-amd64.jar;C:\Users\Tsawke\.m2\repository\org\jogamp\gluegen\gluegen-rt\2.3.2\gluegen-rt-2.3.2-natives-linux-armv6.jar;C:\Users\Tsawke\.m2\repository\org\jogamp\gluegen\gluegen-rt\2.3.2\gluegen-rt-2.3.2-natives-linux-armv6hf.jar;C:\Users\Tsawke\.m2\repository\org\jogamp\gluegen\gluegen-rt\2.3.2\gluegen-rt-2.3.2-natives-linux-i586.jar;C:\Users\Tsawke\.m2\repository\org\jogamp\gluegen\gluegen-rt\2.3.2\gluegen-rt-2.3.2-natives-macosx-universal.jar;C:\Users\Tsawke\.m2\repository\org\jogamp\gluegen\gluegen-rt\2.3.2\gluegen-rt-2.3.2-natives-solaris-amd64.jar;C:\Users\Tsawke\.m2\repository\org\jogamp\gluegen\gluegen-rt\2.3.2\gluegen-rt-2.3.2-natives-solaris-i586.jar;C:\Users\Tsawke\.m2\repository\org\jogamp\gluegen\gluegen-rt\2.3.2\gluegen-rt-2.3.2-natives-windows-amd64.jar;C:\Users\Tsawke\.m2\repository\org\jogamp\gluegen\gluegen-rt\2.3.2\gluegen-rt-2.3.2-natives-windows-i586.jar;C:\Users\Tsawke\.m2\repository\org\jogamp\jogl\jogl-all-main\2.3.2\jogl-all-main-2.3.2.jar;C:\Users\Tsawke\.m2\repository\org\jogamp\jogl\jogl-all\2.3.2\jogl-all-2.3.2.jar;C:\Users\Tsawke\.m2\repository\org\jogamp\jogl\jogl-all\2.3.2\jogl-all-2.3.2-natives-android-aarch64.jar;C:\Users\Tsawke\.m2\repository\org\jogamp\jogl\jogl-all\2.3.2\jogl-all-2.3.2-natives-android-armv6.jar;C:\Users\Tsawke\.m2\repository\org\jogamp\jogl\jogl-all\2.3.2\jogl-all-2.3.2-natives-linux-amd64.jar;C:\Users\Tsawke\.m2\repository\org\jogamp\jogl\jogl-all\2.3.2\jogl-all-2.3.2-natives-linux-armv6.jar;C:\Users\Tsawke\.m2\repository\org\jogamp\jogl\jogl-all\2.3.2\jogl-all-2.3.2-natives-linux-armv6hf.jar;C:\Users\Tsawke\.m2\repository\org\jogamp\jogl\jogl-all\2.3.2\jogl-all-2.3.2-natives-linux-i586.jar;C:\Users\Tsawke\.m2\repository\org\jogamp\jogl\jogl-all\2.3.2\jogl-all-2.3.2-natives-macosx-universal.jar;C:\Users\Tsawke\.m2\repository\org\jogamp\jogl\jogl-all\2.3.2\jogl-all-2.3.2-natives-solaris-amd64.jar;C:\Users\Tsawke\.m2\repository\org\jogamp\jogl\jogl-all\2.3.2\jogl-all-2.3.2-natives-solaris-i586.jar;C:\Users\Tsawke\.m2\repository\org\jogamp\jogl\jogl-all\2.3.2\jogl-all-2.3.2-natives-windows-amd64.jar;C:\Users\Tsawke\.m2\repository\org\jogamp\jogl\jogl-all\2.3.2\jogl-all-2.3.2-natives-windows-i586.jar;C:\Users\Tsawke\.m2\repository\org\jogamp\joal\joal-main\2.3.2\joal-main-2.3.2.jar;C:\Users\Tsawke\.m2\repository\org\jogamp\joal\joal\2.3.2\joal-2.3.2.jar;C:\Users\Tsawke\.m2\repository\org\jogamp\joal\joal\2.3.2\joal-2.3.2-natives-android-aarch64.jar;C:\Users\Tsawke\.m2\repository\org\jogamp\joal\joal\2.3.2\joal-2.3.2-natives-android-armv6.jar;C:\Users\Tsawke\.m2\repository\org\jogamp\joal\joal\2.3.2\joal-2.3.2-natives-linux-amd64.jar;C:\Users\Tsawke\.m2\repository\org\jogamp\joal\joal\2.3.2\joal-2.3.2-natives-linux-armv6.jar;C:\Users\Tsawke\.m2\repository\org\jogamp\joal\joal\2.3.2\joal-2.3.2-natives-linux-armv6hf.jar;C:\Users\Tsawke\.m2\repository\org\jogamp\joal\joal\2.3.2\joal-2.3.2-natives-linux-i586.jar;C:\Users\Tsawke\.m2\repository\org\jogamp\joal\joal\2.3.2\joal-2.3.2-natives-macosx-universal.jar;C:\Users\Tsawke\.m2\repository\org\jogamp\joal\joal\2.3.2\joal-2.3.2-natives-solaris-amd64.jar;C:\Users\Tsawke\.m2\repository\org\jogamp\joal\joal\2.3.2\joal-2.3.2-natives-solaris-i586.jar;C:\Users\Tsawke\.m2\repository\org\jogamp\joal\joal\2.3.2\joal-2.3.2-natives-windows-amd64.jar;C:\Users\Tsawke\.m2\repository\org\jogamp\joal\joal\2.3.2\joal-2.3.2-natives-windows-i586.jar;C:\Users\Tsawke\.m2\repository\org\jogamp\jocl\jocl-main\2.3.2\jocl-main-2.3.2.jar;C:\Users\Tsawke\.m2\repository\org\jogamp\jocl\jocl\2.3.2\jocl-2.3.2.jar;C:\Users\Tsawke\.m2\repository\org\jogamp\jocl\jocl\2.3.2\jocl-2.3.2-natives-android-aarch64.jar;C:\Users\Tsawke\.m2\repository\org\jogamp\jocl\jocl\2.3.2\jocl-2.3.2-natives-android-armv6.jar;C:\Users\Tsawke\.m2\repository\org\jogamp\jocl\jocl\2.3.2\jocl-2.3.2-natives-linux-amd64.jar;C:\Users\Tsawke\.m2\repository\org\jogamp\jocl\jocl\2.3.2\jocl-2.3.2-natives-linux-armv6.jar;C:\Users\Tsawke\.m2\repository\org\jogamp\jocl\jocl\2.3.2\jocl-2.3.2-natives-linux-armv6hf.jar;C:\Users\Tsawke\.m2\repository\org\jogamp\jocl\jocl\2.3.2\jocl-2.3.2-natives-linux-i586.jar;C:\Users\Tsawke\.m2\repository\org\jogamp\jocl\jocl\2.3.2\jocl-2.3.2-natives-macosx-universal.jar;C:\Users\Tsawke\.m2\repository\org\jogamp\jocl\jocl\2.3.2\jocl-2.3.2-natives-solaris-amd64.jar;C:\Users\Tsawke\.m2\repository\org\jogamp\jocl\jocl\2.3.2\jocl-2.3.2-natives-solaris-i586.jar;C:\Users\Tsawke\.m2\repository\org\jogamp\jocl\jocl\2.3.2\jocl-2.3.2-natives-windows-amd64.jar;C:\Users\Tsawke\.m2\repository\org\jogamp\jocl\jocl\2.3.2\jocl-2.3.2-natives-windows-i586.jar;C:\Users\Tsawke\.m2\repository\org\jmonkeyengine\jme3-android\3.3.0-stable\jme3-android-3.3.0-stable.jar;C:\Users\Tsawke\.m2\repository\org\jmonkeyengine\jme3-android-native\3.3.0-stable\jme3-android-native-3.3.0-stable.jar;C:\Users\Tsawke\.m2\repository\org\jmonkeyengine\jme3-ios\3.3.0-stable\jme3-ios-3.3.0-stable.jar;C:\Users\Tsawke\.m2\repository\org\jmonkeyengine\jme3-vr\3.3.0-stable\jme3-vr-3.3.0-stable.jar;C:\Users\Tsawke\.m2\repository\net\java\dev\jna\jna\4.3.0\jna-4.3.0.jar;C:\Users\Tsawke\.m2\repository\com\nativelibs4java\jnaerator-runtime\0.12\jnaerator-runtime-0.12.jar;C:\Users\Tsawke\.m2\repository\com\nativelibs4java\ochafik-util\0.12\ochafik-util-0.12.jar;C:\Users\Tsawke\.m2\repository\org\lwjgl\lwjgl-ovr\3.2.3\lwjgl-ovr-3.2.3.jar;C:\Users\Tsawke\.m2\repository\org\lwjgl\lwjgl-openvr\3.2.3\lwjgl-openvr-3.2.3.jar;C:\Users\Tsawke\.m2\repository\org\lwjgl\lwjgl-openvr\3.2.3\lwjgl-openvr-3.2.3-natives-linux.jar;C:\Users\Tsawke\.m2\repository\org\lwjgl\lwjgl-openvr\3.2.3\lwjgl-openvr-3.2.3-natives-macos.jar;C:\Users\Tsawke\.m2\repository\org\lwjgl\lwjgl-ovr\3.2.3\lwjgl-ovr-3.2.3-natives-windows.jar;C:\Users\Tsawke\.m2\repository\org\lwjgl\lwjgl-openvr\3.2.3\lwjgl-openvr-3.2.3-natives-windows.jar
Launcher Type: SUN_STANDARD

[Global flags]
     intx CICompilerCount                          = 12                                        {product} {ergonomic}
     uint ConcGCThreads                            = 5                                         {product} {ergonomic}
     uint G1ConcRefinementThreads                  = 20                                        {product} {ergonomic}
   size_t G1HeapRegionSize                         = 8388608                                   {product} {ergonomic}
   size_t InitialHeapSize                          = 1073741824                                {product} {ergonomic}
   size_t MarkStackSize                            = 4194304                                   {product} {ergonomic}
   size_t MarkStackSizeMax                         = 536870912                                 {product} {ergonomic}
   size_t MaxHeapSize                              = 17112760320                               {product} {ergonomic}
   size_t MaxNewSize                               = 10267656192                               {product} {ergonomic}
   size_t MinHeapDeltaBytes                        = 8388608                                   {product} {ergonomic}
   size_t MinHeapSize                              = 8388608                                   {product} {ergonomic}
    uintx NonNMethodCodeHeapSize                   = 7602176                                {pd product} {ergonomic}
    uintx NonProfiledCodeHeapSize                  = 122093568                              {pd product} {ergonomic}
    uintx ProfiledCodeHeapSize                     = 121962496                              {pd product} {ergonomic}
    uintx ReservedCodeCacheSize                    = 251658240                              {pd product} {ergonomic}
     bool SegmentedCodeCache                       = true                                      {product} {ergonomic}
     bool ShowCodeDetailsInExceptionMessages       = true                                   {manageable} {command line}
   size_t SoftMaxHeapSize                          = 17112760320                            {manageable} {ergonomic}
     bool UseCompressedOops                        = true                           {product lp64_product} {ergonomic}
     bool UseG1GC                                  = true                                      {product} {ergonomic}
     bool UseLargePagesIndividualAllocation        = false                                  {pd product} {ergonomic}

Logging:
Log output configuration:
 #0: stdout all=warning uptime,level,tags foldmultilines=false
 #1: stderr all=off uptime,level,tags foldmultilines=false

Environment Variables:
JAVA_HOME=E:\Program Files\jdk23
CLASSPATH=.;E:\Program Files\jdk23\lib\dt.jar;E:\Program Files\jdk23\lib\tools.jar
PATH=C:\Program Files\Common Files\Oracle\Java\javapath;E:\Program Files\Python313\Scripts\;E:\Program Files\Python313\;C:\Program Files (x86)\Common Files\Intel\Shared Libraries\redist\intel64\compiler;E:\Program Files\python312\Scripts\;E:\Program Files\python312\;C:\Windows\system32;C:\Windows;C:\Windows\System32\Wbem;C:\Windows\System32\WindowsPowerShell\v1.0\;C:\Windows\System32\OpenSSH\;C:\Program Files (x86)\NVIDIA Corporation\PhysX\Common;C:\Program Files\dotnet\;E:\Program Files\Bandzip\Bandizip;%Python_HOME%;C:\Pro;ramData\chocolatey\bin;E:\Program Files\nodejs;E:\Program Files\nodejs\node_global;E:\Program Files\nodejs\node_cache;E:\Program Files\nodejs\;E:\Program Files\Git\cmd;E:\Program Files\微信web开发者工具\dll;C:\Program Files (x86)\Microsoft SQL Server\160\Tools\Binn\;C:\Program Files\Microsoft SQL Server\160\Tools\Binn\;C:\Program Files\Microsoft SQL Server\Client SDK\ODBC\170\Tools\Binn\;C:\Program Files\Microsoft SQL Server\160\DTS\Binn\;C:\Program Files (x86)\Windows Kits\8.1\Windows Performance Toolkit\;E:\Program Files\jdk23\bin;E:\Program Files\jdk23\jre\bin;E:\Program Files\apache-maven-3.9.9\bin;C:\Program Files\Common Files\Autodesk Shared\;C:\Program Files\NVIDIA Corporation\NVIDIA app\NvDLISR;C:\Users\Tsawke\AppData\Local\Microsoft\WindowsApps;C:\Users\Tsawke\AppData\Local\Programs\Microsoft VS Code\bin;E:\Program Files\nodejs\node_global;;E:\Program Files\IntelliJ IDEA 2024.1\bin;
USERNAME=Tsawke
LANG=en_US.UTF-8
OS=Windows_NT
PROCESSOR_IDENTIFIER=Intel64 Family 6 Model 183 Stepping 1, GenuineIntel
TMP=C:\Users\Tsawke\AppData\Local\Temp
TEMP=C:\Users\Tsawke\AppData\Local\Temp




Periodic native trim disabled

---------------  S Y S T E M  ---------------

OS:
 Windows 11 , 64 bit Build 22621 (10.0.22621.4391)
OS uptime: 1 days 5:00 hours

CPU: total 28 (initial active 28) (14 cores per cpu, 2 threads per core) family 6 model 183 stepping 1 microcode 0x123, cx8, cmov, fxsr, ht, mmx, 3dnowpref, sse, sse2, sse3, ssse3, sse4.1, sse4.2, popcnt, lzcnt, tsc, tscinvbit, avx, avx2, aes, erms, clmul, bmi1, bmi2, adx, sha, fma, vzeroupper, clflush, clflushopt, clwb, serialize, rdtscp, rdpid, fsrm, gfni, f16c, pku, cet_ibt, cet_ss
Processor Information for the first 28 processors :
  Max Mhz: 3400, Current Mhz: 3400, Mhz Limit: 3400

Memory: 4k page, system-wide physical 65277M (44701M free)
TotalPageFile size 69373M (AvailPageFile size 36446M)
current process WorkingSet (physical memory assigned to process): 523M, peak: 538M
current process commit charge ("private bytes"): 933M, peak: 1273M

vm_info: Java HotSpot(TM) 64-Bit Server VM (23.0.1+11-39) for windows-amd64 JRE (23.0.1+11-39), built on 2024-09-30T07:20:43Z with MS VC++ 17.6 (VS2022)

END.
